{
"type": "FeatureCollection",
"name": "facatativa",
"crs": { "type": "name", "properties": { "name": "urn:ogc:def:crs:OGC:1.3:CRS84" } },
"xy_coordinate_resolution": 1e-07,
"features": [
{ "type": "Feature", "properties": { "id": 0, "layer": "Area_de_proteccion_de_infraestructura_para_servicios_publicos", "clas_CIAF": "3a" }, "geometry": { "type": "Polygon", "coordinates": [ [ [ -74.3310364, 4.7644695 ], [ -74.3323688, 4.7693866 ], [ -74.3285389, 4.7670392 ], [ -74.3285283, 4.7669329 ], [ -74.3284964, 4.7668372 ], [ -74.3284486, 4.7667787 ], [ -74.3283476, 4.7667362 ], [ -74.3282253, 4.766715 ], [ -74.328127, 4.766693 ], [ -74.3280393, 4.7666771 ], [ -74.3279516, 4.7666412 ], [ -74.3278918, 4.7666033 ], [ -74.3278639, 4.7665655 ], [ -74.3278639, 4.7665296 ], [ -74.3278639, 4.7664818 ], [ -74.3278666, 4.766464 ], [ -74.328138, 4.766423 ], [ -74.3285416, 4.7664029 ], [ -74.3287433, 4.7663828 ], [ -74.3285416, 4.7654176 ], [ -74.3284407, 4.7650758 ], [ -74.3285248, 4.7646289 ], [ -74.3310364, 4.7644695 ] ] ] } },
{ "type": "Feature", "properties": { "id": 0, "layer": "Area_de_proteccion_de_infraestructura_para_servicios_publicos", "clas_CIAF": "3a" }, "geometry": { "type": "Polygon", "coordinates": [ [ [ -74.3395696, 4.7713848 ], [ -74.3395231, 4.7715469 ], [ -74.3394418, 4.7717091 ], [ -74.3393953, 4.7718713 ], [ -74.3394185, 4.7720913 ], [ -74.3392558, 4.7721377 ], [ -74.3391977, 4.7722767 ], [ -74.3391744, 4.7725778 ], [ -74.3392674, 4.7727979 ], [ -74.3393604, 4.7728443 ], [ -74.3395464, 4.773018 ], [ -74.3393255, 4.7732149 ], [ -74.3391628, 4.7733192 ], [ -74.3390814, 4.7735045 ], [ -74.3391279, 4.7736551 ], [ -74.3390582, 4.7739215 ], [ -74.3389652, 4.77413 ], [ -74.3389187, 4.774408 ], [ -74.3388954, 4.7747323 ], [ -74.3391395, 4.775242 ], [ -74.3392906, 4.77552 ], [ -74.3394882, 4.7758907 ], [ -74.3391047, 4.7759254 ], [ -74.3389419, 4.7759833 ], [ -74.3389303, 4.7761223 ], [ -74.3391279, 4.7763308 ], [ -74.3391977, 4.7764467 ], [ -74.3392209, 4.7767478 ], [ -74.3393836, 4.7770837 ], [ -74.3395812, 4.7774312 ], [ -74.3398021, 4.777744 ], [ -74.3396742, 4.7780567 ], [ -74.3394999, 4.7781842 ], [ -74.3392093, 4.7779409 ], [ -74.3325315, 4.770655 ], [ -74.3325431, 4.7703944 ], [ -74.3395696, 4.7713848 ] ] ] } },
{ "type": "Feature", "properties": { "id": 0, "layer": "Area_de_recreacion_ecoturistica", "clas_CIAF": "1a" }, "geometry": { "type": "Polygon", "coordinates": [ [ [ -74.3695197, 4.8797414 ], [ -74.3691719, 4.8800033 ], [ -74.3688319, 4.8800589 ], [ -74.368239, 4.880432 ], [ -74.3679386, 4.880678 ], [ -74.3677491, 4.881146 ], [ -74.3677493, 4.8817726 ], [ -74.3678681, 4.8822167 ], [ -74.3681373, 4.8829145 ], [ -74.3680109, 4.8831684 ], [ -74.3677342, 4.8834779 ], [ -74.3672362, 4.8838667 ], [ -74.3669383, 4.8841336 ], [ -74.3670064, 4.8840696 ], [ -74.3670119, 4.8840309 ], [ -74.3669565, 4.8840254 ], [ -74.3667791, 4.884053 ], [ -74.3666627, 4.8840585 ], [ -74.3663468, 4.8841137 ], [ -74.366114, 4.8841082 ], [ -74.3657482, 4.8840475 ], [ -74.3655653, 4.8839922 ], [ -74.3653159, 4.8838818 ], [ -74.3650277, 4.8837548 ], [ -74.3648005, 4.8836167 ], [ -74.3647118, 4.8835505 ], [ -74.3645289, 4.8834511 ], [ -74.3644679, 4.8834014 ], [ -74.3643016, 4.8832523 ], [ -74.3641631, 4.8830645 ], [ -74.3638194, 4.8826006 ], [ -74.3636421, 4.88233 ], [ -74.36357, 4.8821312 ], [ -74.3634869, 4.8819159 ], [ -74.3634315, 4.8815459 ], [ -74.3634038, 4.8813084 ], [ -74.3634093, 4.8810212 ], [ -74.3633927, 4.8808666 ], [ -74.3634148, 4.8806457 ], [ -74.3634259, 4.8804414 ], [ -74.3634481, 4.8802702 ], [ -74.3634204, 4.8802039 ], [ -74.3634958, 4.8796994 ], [ -74.3637193, 4.8791983 ], [ -74.3641477, 4.8787715 ], [ -74.3647064, 4.8784004 ], [ -74.3649857, 4.8781777 ], [ -74.3654886, 4.877955 ], [ -74.3661032, 4.8778437 ], [ -74.3665874, 4.8778437 ], [ -74.3675745, 4.8779922 ], [ -74.3679742, 4.8780878 ], [ -74.3680629, 4.8781762 ], [ -74.3683289, 4.8783529 ], [ -74.3686947, 4.878861 ], [ -74.3689053, 4.8791039 ], [ -74.3691049, 4.8793138 ], [ -74.3694042, 4.8795347 ], [ -74.3695197, 4.8797414 ] ] ] } },
{ "type": "Feature", "properties": { "id": 0, "layer": "Area_de_recreacion_ecoturistica", "clas_CIAF": "1a" }, "geometry": { "type": "Polygon", "coordinates": [ [ [ -74.3555992, 4.8472245 ], [ -74.3563814, 4.849507 ], [ -74.3568842, 4.8515855 ], [ -74.3568842, 4.8540165 ], [ -74.3564373, 4.8553712 ], [ -74.3560834, 4.856132 ], [ -74.3558599, 4.8565588 ], [ -74.3552826, 4.8567815 ], [ -74.3541837, 4.8568558 ], [ -74.3528614, 4.8561877 ], [ -74.3523027, 4.8555939 ], [ -74.3511666, 4.854332 ], [ -74.3501982, 4.8527175 ], [ -74.3488572, 4.8494885 ], [ -74.3484289, 4.8481895 ], [ -74.3480191, 4.8460553 ], [ -74.3480564, 4.8451646 ], [ -74.3482426, 4.8430861 ], [ -74.34882, 4.8416943 ], [ -74.3496767, 4.8410077 ], [ -74.3506079, 4.8410262 ], [ -74.3515391, 4.8414902 ], [ -74.3523772, 4.8421211 ], [ -74.3532525, 4.843049 ], [ -74.353625, 4.8434573 ], [ -74.3540347, 4.8441625 ], [ -74.3543327, 4.8446635 ], [ -74.3551894, 4.8462409 ], [ -74.3551336, 4.8462595 ], [ -74.3548542, 4.8464636 ], [ -74.3547611, 4.8466863 ], [ -74.3547611, 4.846909 ], [ -74.3546493, 4.8470946 ], [ -74.3545376, 4.8470946 ], [ -74.3543886, 4.8470946 ], [ -74.3541092, 4.8471688 ], [ -74.3539416, 4.8472245 ], [ -74.3534574, 4.8474286 ], [ -74.353178, 4.8475771 ], [ -74.3530104, 4.8477626 ], [ -74.3528614, 4.8479297 ], [ -74.3527497, 4.8480596 ], [ -74.3524889, 4.8483008 ], [ -74.3524144, 4.8485049 ], [ -74.3522468, 4.8488575 ], [ -74.3527124, 4.8488946 ], [ -74.3529732, 4.8489503 ], [ -74.3533829, 4.8492472 ], [ -74.3536436, 4.8492658 ], [ -74.3536995, 4.8490988 ], [ -74.3537926, 4.848839 ], [ -74.3539044, 4.8487276 ], [ -74.3541837, 4.8485792 ], [ -74.3544259, 4.8484678 ], [ -74.3546493, 4.8482451 ], [ -74.3547611, 4.8480781 ], [ -74.3548728, 4.8479111 ], [ -74.3551708, 4.8476327 ], [ -74.3555992, 4.8472245 ] ] ] } },
{ "type": "Feature", "properties": { "id": 0, "layer": "Area_de_recreacion_ecoturistica", "clas_CIAF": "1a" }, "geometry": { "type": "GeometryCollection", "geometries": [ { "type": "Polygon", "coordinates": [ [ [ -74.4021702, 4.8256858 ], [ -74.4021222, 4.8257005 ], [ -74.4021074, 4.8257042 ], [ -74.4020039, 4.8257631 ], [ -74.4012469, 4.8259015 ], [ -74.3997942, 4.8257902 ], [ -74.3983602, 4.8246581 ], [ -74.3979691, 4.8239715 ], [ -74.397739, 4.8230569 ], [ -74.3977686, 4.8227071 ], [ -74.3977649, 4.8224052 ], [ -74.3977908, 4.8220923 ], [ -74.3978092, 4.8218603 ], [ -74.3979423, 4.8216431 ], [ -74.3981787, 4.8212675 ], [ -74.3982231, 4.8211828 ], [ -74.398393, 4.8208846 ], [ -74.3987219, 4.8205569 ], [ -74.3988327, 4.8204612 ], [ -74.3989687, 4.8201879 ], [ -74.3992296, 4.820554 ], [ -74.3995035, 4.8207892 ], [ -74.3998296, 4.8210245 ], [ -74.4001556, 4.821299 ], [ -74.4003904, 4.8215473 ], [ -74.4006253, 4.8219657 ], [ -74.4007298, 4.8225542 ], [ -74.400816, 4.8230626 ], [ -74.4008606, 4.8233257 ], [ -74.4010433, 4.8238487 ], [ -74.4011348, 4.8241626 ], [ -74.401187, 4.824411 ], [ -74.4013566, 4.8246856 ], [ -74.4015393, 4.8249732 ], [ -74.402179, 4.8256866 ], [ -74.4021702, 4.8256858 ] ] ] }, { "type": "MultiLineString", "coordinates": [ [ [ -74.3989687, 4.8201879 ], [ -74.3988121, 4.8198349 ] ], [ [ -74.3988121, 4.8198349 ], [ -74.3986946, 4.8194426 ] ], [ [ -74.3986946, 4.8194426 ], [ -74.3985528, 4.8192597 ] ] ] } ] } },
{ "type": "Feature", "properties": { "id": 0, "layer": "Area_de_recreacion_ecoturistica", "clas_CIAF": "1a" }, "geometry": { "type": "Polygon", "coordinates": [ [ [ -74.3428789, 4.7970987 ], [ -74.3429534, 4.7972286 ], [ -74.342674, 4.7974142 ], [ -74.3424133, 4.7975627 ], [ -74.3419849, 4.7977669 ], [ -74.3422643, 4.7980081 ], [ -74.342674, 4.7983979 ], [ -74.3428603, 4.7989732 ], [ -74.3430465, 4.7994 ], [ -74.3433631, 4.7996413 ], [ -74.3437356, 4.7999382 ], [ -74.3441453, 4.8001609 ], [ -74.3443688, 4.8003094 ], [ -74.3446854, 4.8006435 ], [ -74.3448344, 4.8010518 ], [ -74.3449462, 4.8014972 ], [ -74.3449089, 4.8017199 ], [ -74.3444247, 4.8016456 ], [ -74.3439963, 4.80159 ], [ -74.3437356, 4.80159 ], [ -74.3433445, 4.8017013 ], [ -74.3431769, 4.8018498 ], [ -74.3429534, 4.8020911 ], [ -74.3427485, 4.8024622 ], [ -74.342823, 4.8026107 ], [ -74.3431024, 4.8028891 ], [ -74.3433817, 4.8034273 ], [ -74.3432886, 4.8035015 ], [ -74.34327, 4.803483 ], [ -74.3429348, 4.8034273 ], [ -74.3425437, 4.8032417 ], [ -74.3422084, 4.8030561 ], [ -74.3416683, 4.8026849 ], [ -74.3409792, 4.8022395 ], [ -74.3402343, 4.8017756 ], [ -74.3395638, 4.8012745 ], [ -74.3387257, 4.8007177 ], [ -74.3377572, 4.8001609 ], [ -74.3372358, 4.7995671 ], [ -74.3367143, 4.7990103 ], [ -74.3362859, 4.7986206 ], [ -74.3360625, 4.7978225 ], [ -74.3359321, 4.7974142 ], [ -74.3357831, 4.7970059 ], [ -74.33569, 4.7963749 ], [ -74.3357272, 4.7957811 ], [ -74.3358576, 4.7951315 ], [ -74.3359321, 4.7947974 ], [ -74.335988, 4.793257 ], [ -74.3360811, 4.7928859 ], [ -74.3360997, 4.792459 ], [ -74.3363604, 4.7915867 ], [ -74.3365839, 4.7913455 ], [ -74.3371054, 4.7912341 ], [ -74.3374034, 4.7913269 ], [ -74.3379807, 4.7914754 ], [ -74.338465, 4.7916981 ], [ -74.3389864, 4.7921435 ], [ -74.3392472, 4.7925147 ], [ -74.3392844, 4.7930529 ], [ -74.3394148, 4.7936468 ], [ -74.3398618, 4.7941107 ], [ -74.3410723, 4.79515 ], [ -74.3420967, 4.7960966 ], [ -74.3428789, 4.7970987 ] ] ] } },
{ "type": "Feature", "properties": { "id": 0, "layer": "Area_empresarial_industrial_y_tecnologica", "clas_CIAF": "1a" }, "geometry": { "type": "MultiPolygon", "coordinates": [ [ [ [ -74.3387909, 4.7783482 ], [ -74.338763, 4.7784039 ], [ -74.3386791, 4.7785709 ], [ -74.3385674, 4.7787658 ], [ -74.3385115, 4.7790163 ], [ -74.3384557, 4.7793922 ], [ -74.3383998, 4.7796427 ], [ -74.3383858, 4.7798097 ], [ -74.3383439, 4.7800881 ], [ -74.3381065, 4.780464 ], [ -74.337869, 4.7806867 ], [ -74.3376595, 4.7809094 ], [ -74.337422, 4.7811599 ], [ -74.3371007, 4.7815775 ], [ -74.3369052, 4.7818698 ], [ -74.3367376, 4.7822457 ], [ -74.3366258, 4.7825797 ], [ -74.3365001, 4.782886 ], [ -74.3361509, 4.7833035 ], [ -74.3358436, 4.7838882 ], [ -74.3355363, 4.7842501 ], [ -74.3351871, 4.7845145 ], [ -74.334782, 4.784612 ], [ -74.3342373, 4.784612 ], [ -74.333916, 4.7845424 ], [ -74.3337763, 4.7845145 ], [ -74.3335249, 4.7844588 ], [ -74.3332735, 4.784431 ], [ -74.3327287, 4.7843197 ], [ -74.3323376, 4.7843057 ], [ -74.3316672, 4.7839438 ], [ -74.3314437, 4.7838046 ], [ -74.3290412, 4.7828024 ], [ -74.3326449, 4.7710543 ], [ -74.3390163, 4.7781538 ], [ -74.3389585, 4.7782229 ], [ -74.3387909, 4.7783482 ] ] ], [ [ [ -74.3390163, 4.7781538 ], [ -74.3390283, 4.7781394 ], [ -74.3390283, 4.7781672 ], [ -74.3390163, 4.7781538 ] ] ] ] } },
{ "type": "Feature", "properties": { "id": 0, "layer": "Area_suceptible_de_actividad_minera", "clas_CIAF": "5b" }, "geometry": { "type": "Polygon", "coordinates": [ [ [ -74.3429012, 4.7732633 ], [ -74.3423461, 4.7747708 ], [ -74.3420068, 4.7757105 ], [ -74.3419348, 4.775855 ], [ -74.3416677, 4.776522 ], [ -74.3398021, 4.777744 ], [ -74.3395812, 4.7774312 ], [ -74.3393836, 4.7770837 ], [ -74.3392209, 4.7767478 ], [ -74.3391977, 4.7764467 ], [ -74.3391279, 4.7763308 ], [ -74.3389303, 4.7761223 ], [ -74.3389419, 4.7759833 ], [ -74.3391047, 4.7759254 ], [ -74.3394882, 4.7758907 ], [ -74.3392906, 4.77552 ], [ -74.3391395, 4.775242 ], [ -74.3388954, 4.7747323 ], [ -74.3389187, 4.774408 ], [ -74.3389652, 4.77413 ], [ -74.3390117, 4.7740258 ], [ -74.3390582, 4.7739215 ], [ -74.3391279, 4.7736551 ], [ -74.3390814, 4.7735045 ], [ -74.3391628, 4.7733192 ], [ -74.3393255, 4.7732149 ], [ -74.3395464, 4.773018 ], [ -74.3393604, 4.7728443 ], [ -74.3392674, 4.7727979 ], [ -74.3391744, 4.7725778 ], [ -74.3391977, 4.7722767 ], [ -74.3392558, 4.7721377 ], [ -74.3394185, 4.7720913 ], [ -74.3393953, 4.7718713 ], [ -74.3394418, 4.7717091 ], [ -74.3395231, 4.7715469 ], [ -74.3395696, 4.7713848 ], [ -74.3395638, 4.7712168 ], [ -74.3435355, 4.7715774 ], [ -74.3429012, 4.7732633 ] ] ] } },
{ "type": "Feature", "properties": { "id": 0, "layer": "Distrito_de_conservacion_de_suelos", "clas_CIAF": "3a" }, "geometry": { "type": "Polygon", "coordinates": [ [ [ -74.3598049, 4.7994821 ], [ -74.3599066, 4.7991984 ], [ -74.3602437, 4.799152 ], [ -74.3604064, 4.7992447 ], [ -74.3605227, 4.7993374 ], [ -74.3607435, 4.799569 ], [ -74.3608249, 4.7998007 ], [ -74.3609179, 4.8000092 ], [ -74.3609876, 4.8000671 ], [ -74.361255, 4.8005651 ], [ -74.3613712, 4.8006694 ], [ -74.3616618, 4.8010053 ], [ -74.3623476, 4.8014686 ], [ -74.3626265, 4.8017118 ], [ -74.3627777, 4.8016887 ], [ -74.3629055, 4.8015149 ], [ -74.3630101, 4.8014454 ], [ -74.3632891, 4.8014918 ], [ -74.3636378, 4.8015381 ], [ -74.3639749, 4.8015728 ], [ -74.3643352, 4.8020941 ], [ -74.3648699, 4.8026269 ], [ -74.3656022, 4.8035535 ], [ -74.3662996, 4.8038199 ], [ -74.3668575, 4.8032408 ], [ -74.3672295, 4.8034145 ], [ -74.3675433, 4.803623 ], [ -74.3681594, 4.8044106 ], [ -74.3686825, 4.8054068 ], [ -74.3687871, 4.8054878 ], [ -74.368973, 4.8055805 ], [ -74.3691706, 4.8056268 ], [ -74.369531, 4.8057195 ], [ -74.3697751, 4.8058237 ], [ -74.3700889, 4.8060786 ], [ -74.3703911, 4.8062639 ], [ -74.3711932, 4.8069473 ], [ -74.3721695, 4.8076886 ], [ -74.3723323, 4.8085399 ], [ -74.3723671, 4.8086963 ], [ -74.3729076, 4.8093275 ], [ -74.3732854, 4.8095418 ], [ -74.3738201, 4.8094376 ], [ -74.3738724, 4.8094028 ], [ -74.374163, 4.8093217 ], [ -74.3743025, 4.8093217 ], [ -74.374535, 4.809397 ], [ -74.3747674, 4.8095186 ], [ -74.3749418, 4.8097213 ], [ -74.3751103, 4.8100514 ], [ -74.3752208, 4.8102889 ], [ -74.3753544, 4.8105553 ], [ -74.375523, 4.8108217 ], [ -74.3758891, 4.811395 ], [ -74.3769294, 4.8108391 ], [ -74.3769934, 4.8110533 ], [ -74.3770282, 4.8112039 ], [ -74.377098, 4.8113545 ], [ -74.3772898, 4.811424 ], [ -74.3775687, 4.811424 ], [ -74.3779697, 4.8114877 ], [ -74.378086, 4.8116035 ], [ -74.3782371, 4.8116962 ], [ -74.3784405, 4.8118352 ], [ -74.3786207, 4.8119742 ], [ -74.3787137, 4.8122348 ], [ -74.3787078, 4.8124548 ], [ -74.3786439, 4.8127212 ], [ -74.3786497, 4.8127965 ], [ -74.3787369, 4.8129008 ], [ -74.3788589, 4.813005 ], [ -74.3789926, 4.8131035 ], [ -74.3790507, 4.8132888 ], [ -74.3790856, 4.8133757 ], [ -74.3793762, 4.8134915 ], [ -74.3794343, 4.8135147 ], [ -74.3795389, 4.8135726 ], [ -74.3796203, 4.8137637 ], [ -74.3797598, 4.8139027 ], [ -74.3798993, 4.8139143 ], [ -74.3800736, 4.8138274 ], [ -74.3802015, 4.8138505 ], [ -74.3803875, 4.8139143 ], [ -74.3808292, 4.8141691 ], [ -74.3810035, 4.8142617 ], [ -74.3812069, 4.8142849 ], [ -74.3814452, 4.8142907 ], [ -74.3816661, 4.814337 ], [ -74.3818578, 4.8143602 ], [ -74.381945, 4.8144528 ], [ -74.3819566, 4.8145687 ], [ -74.381852, 4.8146613 ], [ -74.3816893, 4.814725 ], [ -74.3815382, 4.8148177 ], [ -74.3816079, 4.8149393 ], [ -74.381759, 4.8150667 ], [ -74.3818637, 4.8151652 ], [ -74.3818869, 4.8152289 ], [ -74.3818346, 4.8153389 ], [ -74.3819043, 4.8156053 ], [ -74.3820264, 4.8156459 ], [ -74.3828459, 4.815669 ], [ -74.3827703, 4.8157559 ], [ -74.3826831, 4.8158833 ], [ -74.3826657, 4.8159933 ], [ -74.38275, 4.8162018 ], [ -74.3828081, 4.8162858 ], [ -74.382904, 4.8163929 ], [ -74.3829824, 4.8164479 ], [ -74.3830347, 4.8165435 ], [ -74.3830551, 4.8166506 ], [ -74.3831132, 4.8167607 ], [ -74.3832527, 4.8167867 ], [ -74.3834735, 4.8167549 ], [ -74.3835171, 4.8167896 ], [ -74.3835113, 4.8167896 ], [ -74.3835781, 4.8168562 ], [ -74.3836653, 4.8168562 ], [ -74.3837699, 4.816752 ], [ -74.3838135, 4.8166159 ], [ -74.3839181, 4.8165406 ], [ -74.3839501, 4.8165898 ], [ -74.3839704, 4.8166796 ], [ -74.3839821, 4.8168447 ], [ -74.3840634, 4.8169344 ], [ -74.3841709, 4.8169489 ], [ -74.3842681, 4.8169597 ], [ -74.3831335, 4.8192365 ], [ -74.3829476, 4.8193291 ], [ -74.3828313, 4.8192017 ], [ -74.38275, 4.8191496 ], [ -74.3826918, 4.819138 ], [ -74.3826279, 4.8191554 ], [ -74.3825291, 4.8193002 ], [ -74.3823664, 4.8193002 ], [ -74.3822792, 4.8192249 ], [ -74.3822501, 4.8191322 ], [ -74.3822036, 4.819109 ], [ -74.3820758, 4.819109 ], [ -74.3819828, 4.8190859 ], [ -74.381884, 4.8190395 ], [ -74.3818724, 4.8189469 ], [ -74.3818608, 4.8188484 ], [ -74.3818549, 4.8186921 ], [ -74.3818259, 4.8186631 ], [ -74.381791, 4.81864 ], [ -74.3816167, 4.8187326 ], [ -74.3815062, 4.8188079 ], [ -74.3814074, 4.8187905 ], [ -74.3813203, 4.81875 ], [ -74.381297, 4.8186631 ], [ -74.3812215, 4.8184952 ], [ -74.3810703, 4.8185068 ], [ -74.3809657, 4.818443 ], [ -74.3808262, 4.8182693 ], [ -74.3807274, 4.8181882 ], [ -74.3806403, 4.8178697 ], [ -74.3806519, 4.8177539 ], [ -74.3805938, 4.8177307 ], [ -74.3805008, 4.8177191 ], [ -74.3803381, 4.8178176 ], [ -74.3802857, 4.817806 ], [ -74.3802102, 4.8177886 ], [ -74.3801346, 4.8176612 ], [ -74.380094, 4.8175454 ], [ -74.3800765, 4.8174006 ], [ -74.3800358, 4.8172964 ], [ -74.3799893, 4.8172385 ], [ -74.3799312, 4.8172153 ], [ -74.3798964, 4.8171921 ], [ -74.3797569, 4.8171805 ], [ -74.3796406, 4.8173369 ], [ -74.3794779, 4.8174701 ], [ -74.3793152, 4.8174701 ], [ -74.379106, 4.817389 ], [ -74.3789897, 4.8174064 ], [ -74.3789083, 4.8174238 ], [ -74.3788037, 4.8174991 ], [ -74.3787107, 4.817667 ], [ -74.3786701, 4.8177133 ], [ -74.3785073, 4.8179508 ], [ -74.3784085, 4.8180203 ], [ -74.378362, 4.818055 ], [ -74.3781179, 4.8181129 ], [ -74.3779436, 4.8181187 ], [ -74.3778274, 4.8180377 ], [ -74.3776588, 4.8179102 ], [ -74.3771416, 4.8174991 ], [ -74.3769904, 4.817418 ], [ -74.3768858, 4.8173543 ], [ -74.376665, 4.8172558 ], [ -74.3765488, 4.81714 ], [ -74.3765313, 4.8170242 ], [ -74.3765836, 4.8169373 ], [ -74.3766301, 4.8167636 ], [ -74.376293, 4.8167867 ], [ -74.3761303, 4.816613 ], [ -74.3757932, 4.8160512 ], [ -74.3757118, 4.8159065 ], [ -74.3757409, 4.8156053 ], [ -74.3756828, 4.8155242 ], [ -74.375613, 4.8153852 ], [ -74.3756537, 4.8151768 ], [ -74.3756828, 4.8150841 ], [ -74.3757118, 4.8149741 ], [ -74.37577, 4.814864 ], [ -74.3758862, 4.8146787 ], [ -74.3760024, 4.8145397 ], [ -74.3761361, 4.8143891 ], [ -74.3762233, 4.8142328 ], [ -74.3761594, 4.8141054 ], [ -74.3761361, 4.8141054 ], [ -74.3759501, 4.8141633 ], [ -74.375613, 4.8143139 ], [ -74.3751423, 4.8143718 ], [ -74.3750842, 4.814337 ], [ -74.3750086, 4.8141922 ], [ -74.3749273, 4.8140185 ], [ -74.3747238, 4.8140185 ], [ -74.3745902, 4.8141749 ], [ -74.3745379, 4.8143139 ], [ -74.3742531, 4.8143891 ], [ -74.374131, 4.8143312 ], [ -74.3738753, 4.8141112 ], [ -74.3738695, 4.8138563 ], [ -74.3738637, 4.81381 ], [ -74.3737591, 4.81381 ], [ -74.3735208, 4.8137811 ], [ -74.3734278, 4.8136652 ], [ -74.3732883, 4.8135262 ], [ -74.3731895, 4.813422 ], [ -74.3730675, 4.8133409 ], [ -74.3730326, 4.8132193 ], [ -74.3730384, 4.8127618 ], [ -74.3730791, 4.8127097 ], [ -74.3732825, 4.8126633 ], [ -74.3734511, 4.8126923 ], [ -74.3735905, 4.8126633 ], [ -74.3735847, 4.8125301 ], [ -74.373515, 4.8123969 ], [ -74.3734452, 4.8122695 ], [ -74.3735034, 4.8121769 ], [ -74.3735382, 4.8121132 ], [ -74.3736603, 4.8120089 ], [ -74.373823, 4.8118525 ], [ -74.3738695, 4.811783 ], [ -74.3737881, 4.8116962 ], [ -74.3737881, 4.8116846 ], [ -74.3735034, 4.8115919 ], [ -74.373422, 4.8115224 ], [ -74.3733929, 4.8114356 ], [ -74.3733813, 4.8113777 ], [ -74.3731953, 4.8114182 ], [ -74.3730617, 4.8114414 ], [ -74.3726665, 4.8115166 ], [ -74.3725154, 4.8114993 ], [ -74.3723875, 4.811424 ], [ -74.3722596, 4.811285 ], [ -74.372062, 4.8113429 ], [ -74.3720504, 4.8113545 ], [ -74.3720039, 4.8114124 ], [ -74.3719342, 4.8116904 ], [ -74.3718877, 4.8119336 ], [ -74.3717889, 4.8121305 ], [ -74.3716436, 4.8122058 ], [ -74.3715332, 4.8121711 ], [ -74.3713065, 4.8119568 ], [ -74.3712658, 4.811951 ], [ -74.3711554, 4.8120031 ], [ -74.3709055, 4.8119684 ], [ -74.3694525, 4.8108564 ], [ -74.3694525, 4.8117599 ], [ -74.369406, 4.8118294 ], [ -74.3692782, 4.8118294 ], [ -74.3691619, 4.811783 ], [ -74.368976, 4.8115398 ], [ -74.36879, 4.8114935 ], [ -74.368697, 4.8116209 ], [ -74.3684994, 4.8118989 ], [ -74.3679415, 4.8121305 ], [ -74.3676741, 4.8123506 ], [ -74.3672324, 4.812339 ], [ -74.3670697, 4.8122811 ], [ -74.3663723, 4.8119684 ], [ -74.3659073, 4.811702 ], [ -74.3653843, 4.8113777 ], [ -74.3649658, 4.8113429 ], [ -74.3643033, 4.8112387 ], [ -74.3637569, 4.8108333 ], [ -74.3632804, 4.8108217 ], [ -74.3630247, 4.8107522 ], [ -74.3621413, 4.8100341 ], [ -74.3616879, 4.8096518 ], [ -74.3613857, 4.8091885 ], [ -74.3610719, 4.8086441 ], [ -74.3609789, 4.8084936 ], [ -74.3608278, 4.8081345 ], [ -74.3605488, 4.8077523 ], [ -74.3605023, 4.8075901 ], [ -74.359863, 4.80737 ], [ -74.3596189, 4.8071036 ], [ -74.3596887, 4.8063508 ], [ -74.3590145, 4.8058411 ], [ -74.3587239, 4.8056442 ], [ -74.3582008, 4.805262 ], [ -74.35798, 4.8049724 ], [ -74.3577824, 4.8044512 ], [ -74.3576197, 4.8040458 ], [ -74.3575151, 4.8038952 ], [ -74.3573756, 4.8036172 ], [ -74.3572361, 4.8034087 ], [ -74.3569804, 4.8029454 ], [ -74.3567595, 4.8027138 ], [ -74.3562248, 4.8023663 ], [ -74.3560621, 4.8022389 ], [ -74.3557134, 4.8013933 ], [ -74.3556785, 4.8012543 ], [ -74.3558645, 4.8010574 ], [ -74.3563178, 4.8009416 ], [ -74.356527, 4.8010574 ], [ -74.3570385, 4.8012196 ], [ -74.3574802, 4.8014744 ], [ -74.3582473, 4.8017292 ], [ -74.3589448, 4.8018682 ], [ -74.3594562, 4.801984 ], [ -74.3598049, 4.8016366 ], [ -74.3597352, 4.8014512 ], [ -74.3596189, 4.8008721 ], [ -74.3597352, 4.8005246 ], [ -74.3597584, 4.8002698 ], [ -74.3597817, 4.7997138 ], [ -74.3598049, 4.7994821 ] ] ] } },
{ "type": "Feature", "properties": { "id": 0, "layer": "Distrito_de_conservacion_de_suelos", "clas_CIAF": "3a" }, "geometry": { "type": "Polygon", "coordinates": [ [ [ -74.3555992, 4.8472245 ], [ -74.3551708, 4.8476327 ], [ -74.3548728, 4.8479111 ], [ -74.3547611, 4.8480781 ], [ -74.3546493, 4.8482451 ], [ -74.3544259, 4.8484678 ], [ -74.3541837, 4.8485792 ], [ -74.3539044, 4.8487276 ], [ -74.3537926, 4.848839 ], [ -74.3536995, 4.8490988 ], [ -74.3536436, 4.8492658 ], [ -74.3533829, 4.8492472 ], [ -74.3529732, 4.8489503 ], [ -74.3527124, 4.8488946 ], [ -74.3522468, 4.8488575 ], [ -74.3524144, 4.8485049 ], [ -74.3524889, 4.8483008 ], [ -74.3527497, 4.8480596 ], [ -74.3528614, 4.8479297 ], [ -74.3530104, 4.8477626 ], [ -74.353178, 4.8475771 ], [ -74.3534574, 4.8474286 ], [ -74.3539416, 4.8472245 ], [ -74.3541092, 4.8471688 ], [ -74.3543886, 4.8470946 ], [ -74.3545376, 4.8470946 ], [ -74.3546493, 4.8470946 ], [ -74.3547611, 4.846909 ], [ -74.3547611, 4.8466863 ], [ -74.3548542, 4.8464636 ], [ -74.3551336, 4.8462595 ], [ -74.3553792, 4.846119 ], [ -74.3554489, 4.8459163 ], [ -74.3556059, 4.8455631 ], [ -74.3557279, 4.8452156 ], [ -74.3557279, 4.8450766 ], [ -74.3556233, 4.8449376 ], [ -74.3551002, 4.8444164 ], [ -74.3549201, 4.8442543 ], [ -74.3546179, 4.8439821 ], [ -74.3544377, 4.8438663 ], [ -74.3543912, 4.8437273 ], [ -74.3543796, 4.843542 ], [ -74.3542459, 4.8434435 ], [ -74.3540483, 4.8433798 ], [ -74.3538914, 4.843293 ], [ -74.3537751, 4.8431308 ], [ -74.3537751, 4.8430266 ], [ -74.3534962, 4.8426907 ], [ -74.3533334, 4.8424764 ], [ -74.353287, 4.8423085 ], [ -74.3532056, 4.8417236 ], [ -74.3532346, 4.8414977 ], [ -74.3533334, 4.8412429 ], [ -74.3534439, 4.8410518 ], [ -74.3536182, 4.8405596 ], [ -74.35381, 4.8402005 ], [ -74.3539263, 4.8399283 ], [ -74.3540425, 4.8397314 ], [ -74.3541355, 4.8395925 ], [ -74.3542343, 4.8394824 ], [ -74.3543505, 4.8393666 ], [ -74.3544958, 4.8392913 ], [ -74.3546469, 4.8392566 ], [ -74.354769, 4.839216 ], [ -74.3547167, 4.8388512 ], [ -74.3547399, 4.8386138 ], [ -74.3548096, 4.8384227 ], [ -74.3549085, 4.8382316 ], [ -74.3549956, 4.8381331 ], [ -74.3552513, 4.8379536 ], [ -74.3553908, 4.8379362 ], [ -74.3555129, 4.8378493 ], [ -74.3557337, 4.8377451 ], [ -74.355879, 4.8376177 ], [ -74.3562161, 4.8374092 ], [ -74.3565764, 4.8371949 ], [ -74.3568554, 4.8370444 ], [ -74.3571867, 4.8368185 ], [ -74.3573145, 4.8367259 ], [ -74.3575819, 4.8366911 ], [ -74.3576516, 4.8364942 ], [ -74.3578085, 4.8363205 ], [ -74.3578783, 4.8362626 ], [ -74.3581921, 4.8360309 ], [ -74.3584827, 4.8358919 ], [ -74.3588024, 4.8356777 ], [ -74.3591918, 4.8354287 ], [ -74.3594591, 4.8352549 ], [ -74.3598369, 4.8350812 ], [ -74.3601798, 4.8349654 ], [ -74.3603774, 4.8348959 ], [ -74.360482, 4.8348669 ], [ -74.3606215, 4.8348611 ], [ -74.3606389, 4.8348727 ], [ -74.3607028, 4.8349422 ], [ -74.3607377, 4.8349827 ], [ -74.3608772, 4.8351101 ], [ -74.3610109, 4.8352549 ], [ -74.3610632, 4.8353302 ], [ -74.3611562, 4.8354344 ], [ -74.3611794, 4.8355097 ], [ -74.3612201, 4.8355618 ], [ -74.3613131, 4.8357182 ], [ -74.3612433, 4.8358862 ], [ -74.3611387, 4.8361236 ], [ -74.3610457, 4.8363552 ], [ -74.3610632, 4.8364711 ], [ -74.3608539, 4.8367201 ], [ -74.360761, 4.8368764 ], [ -74.3606215, 4.8371081 ], [ -74.3605285, 4.8372876 ], [ -74.3604122, 4.8373687 ], [ -74.3602088, 4.8373687 ], [ -74.3600519, 4.8373803 ], [ -74.3599996, 4.8374208 ], [ -74.3600345, 4.8375366 ], [ -74.3601042, 4.8376698 ], [ -74.3600577, 4.8380347 ], [ -74.3599357, 4.8382258 ], [ -74.3597148, 4.8383532 ], [ -74.3595637, 4.8386253 ], [ -74.3591685, 4.839106 ], [ -74.3589767, 4.8392971 ], [ -74.3584769, 4.8401137 ], [ -74.3583432, 4.8402179 ], [ -74.3581514, 4.8404669 ], [ -74.3580003, 4.8405712 ], [ -74.3579538, 4.8405943 ], [ -74.3577621, 4.8407796 ], [ -74.3578318, 4.8408607 ], [ -74.3578841, 4.8408665 ], [ -74.3579306, 4.8409592 ], [ -74.3577562, 4.8410518 ], [ -74.3575703, 4.8412024 ], [ -74.357332, 4.8414456 ], [ -74.3573436, 4.8417931 ], [ -74.3577911, 4.8417931 ], [ -74.357855, 4.8419494 ], [ -74.3580352, 4.8421174 ], [ -74.3581573, 4.8423085 ], [ -74.3583374, 4.8426675 ], [ -74.3584188, 4.842876 ], [ -74.3584188, 4.8430497 ], [ -74.358442, 4.8434377 ], [ -74.3583374, 4.8436636 ], [ -74.3582096, 4.8439358 ], [ -74.3581282, 4.844289 ], [ -74.3580933, 4.8445091 ], [ -74.3581049, 4.8447697 ], [ -74.3581921, 4.8450071 ], [ -74.3581108, 4.8453893 ], [ -74.357948, 4.845592 ], [ -74.357826, 4.8457426 ], [ -74.3575993, 4.8460727 ], [ -74.3574715, 4.8462638 ], [ -74.3565648, 4.84781 ], [ -74.3566055, 4.8474741 ], [ -74.3565648, 4.8472251 ], [ -74.3565067, 4.8469761 ], [ -74.3564021, 4.8467444 ], [ -74.35628, 4.8466981 ], [ -74.356065, 4.8467386 ], [ -74.3559197, 4.8468197 ], [ -74.3557047, 4.8470456 ], [ -74.3555992, 4.8472245 ] ] ] } },
{ "type": "Feature", "properties": { "id": 0, "layer": "Distrito_de_conservacion_de_suelos", "clas_CIAF": "3a" }, "geometry": { "type": "Polygon", "coordinates": [ [ [ -74.3467358, 4.7627621 ], [ -74.346376, 4.7638463 ], [ -74.345975, 4.7648892 ], [ -74.345019, 4.7674809 ], [ -74.3444947, 4.7689059 ], [ -74.3437442, 4.7710226 ], [ -74.3435355, 4.7715774 ], [ -74.3395638, 4.7712168 ], [ -74.339773, 4.7709156 ], [ -74.3397614, 4.7707766 ], [ -74.3397963, 4.7707303 ], [ -74.3398079, 4.7704986 ], [ -74.3399474, 4.7702438 ], [ -74.3400752, 4.7699426 ], [ -74.340238, 4.7696994 ], [ -74.3404472, 4.7692592 ], [ -74.3404239, 4.769097 ], [ -74.3405751, 4.768877 ], [ -74.3406448, 4.768599 ], [ -74.340947, 4.7684831 ], [ -74.3410168, 4.768402 ], [ -74.341319, 4.7682283 ], [ -74.3413655, 4.7682399 ], [ -74.3414236, 4.7683789 ], [ -74.3417258, 4.7682399 ], [ -74.3416677, 4.768043 ], [ -74.341749, 4.7676144 ], [ -74.3417142, 4.7674175 ], [ -74.3416677, 4.7672321 ], [ -74.3416212, 4.767012 ], [ -74.3417142, 4.7668846 ], [ -74.3415631, 4.7666993 ], [ -74.3415979, 4.7663749 ], [ -74.3417723, 4.765761 ], [ -74.3417839, 4.7657379 ], [ -74.3418537, 4.7656336 ], [ -74.3419002, 4.7655062 ], [ -74.3418653, 4.765205 ], [ -74.3420629, 4.7647417 ], [ -74.3420745, 4.7645679 ], [ -74.3420745, 4.7643594 ], [ -74.3419466, 4.7641393 ], [ -74.341935, 4.7637687 ], [ -74.342028, 4.7633169 ], [ -74.342028, 4.7632011 ], [ -74.3420861, 4.7630273 ], [ -74.3420978, 4.7630273 ], [ -74.3424372, 4.7630175 ], [ -74.3426906, 4.7629578 ], [ -74.3431246, 4.7628312 ], [ -74.3434847, 4.762831 ], [ -74.343954, 4.7630279 ], [ -74.3441088, 4.7630424 ], [ -74.3443032, 4.7630606 ], [ -74.344936, 4.7629509 ], [ -74.3452452, 4.7628868 ], [ -74.3453548, 4.7628048 ], [ -74.3454301, 4.7627722 ], [ -74.3455742, 4.7627675 ], [ -74.3460053, 4.7627534 ], [ -74.3462454, 4.7627314 ], [ -74.3464636, 4.7627095 ], [ -74.3467358, 4.7627621 ] ] ] } },
{ "type": "Feature", "properties": { "id": 0, "layer": "Distrito_de_conservacion_de_suelos", "clas_CIAF": "3a" }, "geometry": { "type": "Polygon", "coordinates": [ [ [ -74.3458441, 4.7800677 ], [ -74.3456668, 4.7802445 ], [ -74.3454598, 4.7802445 ], [ -74.3452012, 4.780134 ], [ -74.3448539, 4.7799646 ], [ -74.3445139, 4.7797805 ], [ -74.3441814, 4.7796774 ], [ -74.3437232, 4.7795448 ], [ -74.3434572, 4.779508 ], [ -74.3432872, 4.7795301 ], [ -74.3427952, 4.7797363 ], [ -74.3426557, 4.7798 ], [ -74.3424639, 4.7798695 ], [ -74.3422489, 4.7797711 ], [ -74.3419931, 4.7796089 ], [ -74.3417955, 4.7794641 ], [ -74.3415805, 4.7793019 ], [ -74.3414236, 4.7791803 ], [ -74.3413306, 4.7790471 ], [ -74.3414003, 4.7788849 ], [ -74.3415631, 4.7788791 ], [ -74.3416444, 4.7788965 ], [ -74.3416561, 4.7788849 ], [ -74.3416793, 4.7787517 ], [ -74.3416096, 4.7786707 ], [ -74.3415166, 4.7785201 ], [ -74.341412, 4.7784216 ], [ -74.3413655, 4.7782826 ], [ -74.3413364, 4.7781842 ], [ -74.3413306, 4.7780973 ], [ -74.341226, 4.7779988 ], [ -74.340918, 4.7778946 ], [ -74.3408889, 4.777883 ], [ -74.340668, 4.7777961 ], [ -74.3403949, 4.7777903 ], [ -74.3402322, 4.7777845 ], [ -74.3400171, 4.7778193 ], [ -74.3399009, 4.7777845 ], [ -74.3398021, 4.777744 ], [ -74.3416677, 4.776522 ], [ -74.3419348, 4.775855 ], [ -74.3421559, 4.7763598 ], [ -74.3427791, 4.7770007 ], [ -74.3434459, 4.777211 ], [ -74.3438711, 4.7775608 ], [ -74.344438, 4.7777793 ], [ -74.3447325, 4.7780416 ], [ -74.3449082, 4.7783305 ], [ -74.3450052, 4.7784899 ], [ -74.3452234, 4.7789709 ], [ -74.3454088, 4.7794192 ], [ -74.3458609, 4.779968 ], [ -74.3461116, 4.780306 ], [ -74.3462705, 4.780589 ], [ -74.3458441, 4.7800677 ] ] ] } },
{ "type": "Feature", "properties": { "id": 0, "layer": "Distrito_de_conservacion_de_suelos", "clas_CIAF": "3a" }, "geometry": { "type": "Polygon", "coordinates": [ [ [ -74.3424436, 4.7801301 ], [ -74.3426295, 4.7802923 ], [ -74.3427458, 4.7804545 ], [ -74.3428736, 4.7807093 ], [ -74.3429782, 4.780883 ], [ -74.343048, 4.7810915 ], [ -74.3393865, 4.780663 ], [ -74.3403571, 4.7813811 ], [ -74.3402467, 4.7816302 ], [ -74.3401711, 4.7817518 ], [ -74.3401246, 4.7819024 ], [ -74.3401828, 4.782163 ], [ -74.3402176, 4.7822904 ], [ -74.3402467, 4.7823541 ], [ -74.3405373, 4.7825974 ], [ -74.3408337, 4.7826958 ], [ -74.3411301, 4.7828059 ], [ -74.3412579, 4.7828522 ], [ -74.3415195, 4.7830607 ], [ -74.3417055, 4.7834082 ], [ -74.3417519, 4.7834661 ], [ -74.3419263, 4.7836746 ], [ -74.341996, 4.7837904 ], [ -74.3421355, 4.7840337 ], [ -74.3423099, 4.7841379 ], [ -74.3424726, 4.7843001 ], [ -74.3426586, 4.7844738 ], [ -74.3428794, 4.7846592 ], [ -74.3431817, 4.7849487 ], [ -74.3434141, 4.785053 ], [ -74.3435187, 4.7851109 ], [ -74.3437047, 4.7851341 ], [ -74.3437745, 4.7851572 ], [ -74.343821, 4.7851688 ], [ -74.3439372, 4.7852499 ], [ -74.3440534, 4.7855047 ], [ -74.3440534, 4.7859275 ], [ -74.3439663, 4.7860781 ], [ -74.3439023, 4.7862055 ], [ -74.3441929, 4.7869816 ], [ -74.3443324, 4.7872074 ], [ -74.3445126, 4.7874449 ], [ -74.3450124, 4.7878735 ], [ -74.3452158, 4.7880356 ], [ -74.3455994, 4.7883194 ], [ -74.3458086, 4.7884526 ], [ -74.3461399, 4.7886843 ], [ -74.3463258, 4.7888233 ], [ -74.3465351, 4.7891476 ], [ -74.3465932, 4.789275 ], [ -74.3467269, 4.7895588 ], [ -74.3468315, 4.7897499 ], [ -74.3468489, 4.789831 ], [ -74.3468257, 4.790138 ], [ -74.3469128, 4.7903407 ], [ -74.3469245, 4.7905549 ], [ -74.3468082, 4.7906186 ], [ -74.3465874, 4.7905202 ], [ -74.3464421, 4.7903812 ], [ -74.3462794, 4.790358 ], [ -74.3459888, 4.7903812 ], [ -74.3459248, 4.7903928 ], [ -74.3456924, 4.790526 ], [ -74.3455645, 4.7905955 ], [ -74.3455006, 4.7907113 ], [ -74.345518, 4.7908156 ], [ -74.3456865, 4.790943 ], [ -74.3457854, 4.7910646 ], [ -74.345919, 4.7911862 ], [ -74.3460585, 4.7912383 ], [ -74.3464479, 4.7911631 ], [ -74.3467908, 4.7911457 ], [ -74.3470349, 4.7911804 ], [ -74.3472034, 4.7911804 ], [ -74.3475115, 4.7913078 ], [ -74.3477556, 4.7915105 ], [ -74.3478253, 4.7916322 ], [ -74.3480055, 4.7916785 ], [ -74.3482786, 4.7917306 ], [ -74.3483484, 4.7917943 ], [ -74.3483716, 4.7919102 ], [ -74.3483251, 4.7920318 ], [ -74.3482786, 4.7921766 ], [ -74.3482961, 4.7922634 ], [ -74.3484878, 4.7924546 ], [ -74.3485111, 4.7924951 ], [ -74.348575, 4.7926746 ], [ -74.3485053, 4.792831 ], [ -74.3483716, 4.7929005 ], [ -74.3481217, 4.7929179 ], [ -74.3478776, 4.7928947 ], [ -74.3476916, 4.7929063 ], [ -74.3475754, 4.7929237 ], [ -74.3474824, 4.7929758 ], [ -74.347587, 4.793109 ], [ -74.3476916, 4.7931611 ], [ -74.3479241, 4.7932306 ], [ -74.3479938, 4.7932538 ], [ -74.3481159, 4.7933001 ], [ -74.3481856, 4.7933522 ], [ -74.3482379, 4.7933928 ], [ -74.3483309, 4.7934739 ], [ -74.3483774, 4.7936013 ], [ -74.3484065, 4.7936708 ], [ -74.3483658, 4.7937808 ], [ -74.3483309, 4.7938619 ], [ -74.3483425, 4.7939488 ], [ -74.3483832, 4.7939893 ], [ -74.3483949, 4.7942036 ], [ -74.3483251, 4.7942847 ], [ -74.3481682, 4.7943947 ], [ -74.3480578, 4.7944237 ], [ -74.3478195, 4.7944295 ], [ -74.3474824, 4.7943194 ], [ -74.3472848, 4.7942036 ], [ -74.3471628, 4.7941978 ], [ -74.345332, 4.7941573 ], [ -74.3448729, 4.7939719 ], [ -74.3446462, 4.7937634 ], [ -74.3443208, 4.7935839 ], [ -74.3441115, 4.7935028 ], [ -74.3438268, 4.7933638 ], [ -74.3436989, 4.7933638 ], [ -74.343542, 4.793358 ], [ -74.3428315, 4.793122 ], [ -74.3422796, 4.7924445 ], [ -74.3421173, 4.7920621 ], [ -74.3416745, 4.7915326 ], [ -74.3414383, 4.7911796 ], [ -74.3411136, 4.7909148 ], [ -74.3407741, 4.7904 ], [ -74.3404937, 4.7901352 ], [ -74.3401542, 4.7898705 ], [ -74.3396966, 4.7897234 ], [ -74.3396081, 4.789694 ], [ -74.3387224, 4.7892821 ], [ -74.3382649, 4.7892233 ], [ -74.3382542, 4.7891808 ], [ -74.3387406, 4.7887334 ], [ -74.3378373, 4.7876941 ], [ -74.3378746, 4.7874528 ], [ -74.3381539, 4.7870816 ], [ -74.338275, 4.7868218 ], [ -74.3385823, 4.786562 ], [ -74.3385078, 4.7863578 ], [ -74.3384333, 4.7861444 ], [ -74.3382936, 4.7857639 ], [ -74.338098, 4.7853092 ], [ -74.3375766, 4.7843256 ], [ -74.3374462, 4.7843256 ], [ -74.3372972, 4.7843442 ], [ -74.3371047, 4.7842346 ], [ -74.3370233, 4.784055 ], [ -74.3370524, 4.7837886 ], [ -74.3371047, 4.7836149 ], [ -74.3371744, 4.7834527 ], [ -74.3371977, 4.7833195 ], [ -74.3371337, 4.7832558 ], [ -74.3370349, 4.7831457 ], [ -74.3370814, 4.7829894 ], [ -74.3372209, 4.7828851 ], [ -74.3372093, 4.7827519 ], [ -74.337157, 4.7827288 ], [ -74.3371337, 4.7825955 ], [ -74.3371047, 4.7823465 ], [ -74.3371337, 4.7822886 ], [ -74.3372616, 4.7821148 ], [ -74.3373197, 4.7820222 ], [ -74.3374011, 4.7819353 ], [ -74.3374824, 4.7817847 ], [ -74.3375754, 4.7816399 ], [ -74.3376452, 4.7815415 ], [ -74.3377498, 4.7814025 ], [ -74.337773, 4.7813967 ], [ -74.337866, 4.7812751 ], [ -74.3379706, 4.7811419 ], [ -74.3381392, 4.7811129 ], [ -74.3383193, 4.7810376 ], [ -74.3382903, 4.7808754 ], [ -74.3383717, 4.7806785 ], [ -74.338453, 4.7804758 ], [ -74.3385634, 4.7802557 ], [ -74.338732, 4.7800646 ], [ -74.3387843, 4.7799546 ], [ -74.3388598, 4.7797635 ], [ -74.3389005, 4.7796592 ], [ -74.3389703, 4.7795202 ], [ -74.3390168, 4.7794565 ], [ -74.3390807, 4.7793523 ], [ -74.3389877, 4.7792364 ], [ -74.3389122, 4.779219 ], [ -74.3388657, 4.7789758 ], [ -74.3389063, 4.778831 ], [ -74.3390051, 4.7787094 ], [ -74.3391388, 4.7786225 ], [ -74.3392783, 4.7786225 ], [ -74.339348, 4.778663 ], [ -74.3394991, 4.7787789 ], [ -74.3398653, 4.77897 ], [ -74.340336, 4.7793059 ], [ -74.3411671, 4.7796592 ], [ -74.3424436, 4.7801301 ] ] ] } },
{ "type": "Feature", "properties": { "id": 0, "layer": "Distrito_de_manejo_integrado", "clas_CIAF": "3a" }, "geometry": { "type": "GeometryCollection", "geometries": [ { "type": "Polygon", "coordinates": [ [ [ -74.3808183, 4.7995702 ], [ -74.3818585, 4.800055 ], [ -74.3829834, 4.8005155 ], [ -74.3834572, 4.8006496 ], [ -74.3840961, 4.8008304 ], [ -74.387906, 4.8021631 ], [ -74.3883414, 4.8022842 ], [ -74.3887405, 4.8022841 ], [ -74.3889945, 4.8022961 ], [ -74.3892242, 4.8023445 ], [ -74.3906176, 4.8025855 ], [ -74.3910542, 4.8026571 ], [ -74.3921562, 4.8027521 ], [ -74.3925332, 4.8028094 ], [ -74.3930302, 4.8028851 ], [ -74.3935432, 4.8030561 ], [ -74.3942653, 4.8033791 ], [ -74.3946253, 4.8036683 ], [ -74.3946771, 4.8038128 ], [ -74.3948087, 4.8042364 ], [ -74.3949515, 4.8046647 ], [ -74.3951299, 4.805093 ], [ -74.3954512, 4.805557 ], [ -74.3955225, 4.8059853 ], [ -74.3951656, 4.8063065 ], [ -74.3948444, 4.8067348 ], [ -74.3945945, 4.8074487 ], [ -74.3947016, 4.8079126 ], [ -74.3949158, 4.8083766 ], [ -74.3952013, 4.8088763 ], [ -74.3950229, 4.8091262 ], [ -74.3950229, 4.8095188 ], [ -74.3950942, 4.8099471 ], [ -74.3950585, 4.8104111 ], [ -74.3948801, 4.8109108 ], [ -74.3947419, 4.8111526 ], [ -74.3946993, 4.8113039 ], [ -74.3947945, 4.8120415 ], [ -74.3948659, 4.8127316 ], [ -74.39508, 4.813731 ], [ -74.3953894, 4.8144686 ], [ -74.3954845, 4.8146874 ], [ -74.3951821, 4.8144081 ], [ -74.3949752, 4.8141136 ], [ -74.394517, 4.8140546 ], [ -74.3944357, 4.8140915 ], [ -74.3940958, 4.8141946 ], [ -74.393948, 4.8140105 ], [ -74.3939923, 4.8138043 ], [ -74.3942288, 4.8136055 ], [ -74.394251, 4.813576 ], [ -74.3941549, 4.8134876 ], [ -74.3939258, 4.8133772 ], [ -74.3938298, 4.8132962 ], [ -74.3939923, 4.8130384 ], [ -74.3941475, 4.8129427 ], [ -74.394214, 4.8128617 ], [ -74.3942658, 4.8126776 ], [ -74.3940958, 4.8125451 ], [ -74.3938593, 4.8123094 ], [ -74.393682, 4.8120885 ], [ -74.3935194, 4.8117424 ], [ -74.3933716, 4.8115215 ], [ -74.3932755, 4.8113742 ], [ -74.393172, 4.8112785 ], [ -74.3931499, 4.8110944 ], [ -74.3933568, 4.8102991 ], [ -74.3933716, 4.8097836 ], [ -74.3933864, 4.8094301 ], [ -74.3933125, 4.8089736 ], [ -74.3931203, 4.8086495 ], [ -74.3929577, 4.808355 ], [ -74.3927065, 4.8079132 ], [ -74.392603, 4.8078542 ], [ -74.3924109, 4.807545 ], [ -74.3922187, 4.8071915 ], [ -74.3920414, 4.806838 ], [ -74.3917753, 4.8064845 ], [ -74.3913467, 4.806028 ], [ -74.3897505, 4.8054094 ], [ -74.3893958, 4.8051885 ], [ -74.3886864, 4.8051296 ], [ -74.388036, 4.8051885 ], [ -74.3871197, 4.8048498 ], [ -74.3860555, 4.8044374 ], [ -74.3850653, 4.8041428 ], [ -74.3850505, 4.8041649 ], [ -74.3846441, 4.804106 ], [ -74.384415, 4.8039587 ], [ -74.3842302, 4.8037157 ], [ -74.3838386, 4.8036052 ], [ -74.3836169, 4.8034948 ], [ -74.3834912, 4.8032002 ], [ -74.3834764, 4.8028688 ], [ -74.3833804, 4.8027437 ], [ -74.3829887, 4.8029351 ], [ -74.3825305, 4.8029719 ], [ -74.382464, 4.8029057 ], [ -74.3820428, 4.8026995 ], [ -74.3817694, 4.802589 ], [ -74.3815698, 4.8021914 ], [ -74.3814959, 4.8020956 ], [ -74.381226, 4.8020307 ], [ -74.3811049, 4.8019287 ], [ -74.3810304, 4.8017616 ], [ -74.3810863, 4.8015389 ], [ -74.3810397, 4.8014183 ], [ -74.3809652, 4.801409 ], [ -74.3807604, 4.8014183 ], [ -74.38063, 4.8014276 ], [ -74.3805928, 4.8014276 ], [ -74.3806859, 4.801242 ], [ -74.380779, 4.8011028 ], [ -74.3808535, 4.8008337 ], [ -74.3808069, 4.8002398 ], [ -74.3808349, 4.8000914 ], [ -74.3808163, 4.8001192 ], [ -74.3807045, 4.7998594 ], [ -74.3806853, 4.7994854 ], [ -74.3808183, 4.7995702 ] ] ] }, { "type": "MultiLineString", "coordinates": [ [ [ -74.3954845, 4.8146874 ], [ -74.3956273, 4.8150159 ] ], [ [ -74.3956273, 4.8150159 ], [ -74.3960222, 4.81612 ] ] ] } ] } },
{ "type": "Feature", "properties": { "id": 0, "layer": "Distrito_de_manejo_integrado", "clas_CIAF": "3a" }, "geometry": { "type": "Polygon", "coordinates": [ [ [ -74.4125787, 4.8422068 ], [ -74.4116321, 4.8410841 ], [ -74.4104378, 4.8396685 ], [ -74.4107378, 4.8398514 ], [ -74.4109986, 4.8399952 ], [ -74.4112724, 4.8400212 ], [ -74.4115462, 4.840021 ], [ -74.4119764, 4.8399554 ], [ -74.4123152, 4.8397068 ], [ -74.4126801, 4.8393927 ], [ -74.4128495, 4.8391442 ], [ -74.4130841, 4.8391048 ], [ -74.413371, 4.8390655 ], [ -74.4136838, 4.8390522 ], [ -74.414127, 4.8389081 ], [ -74.4144268, 4.8386595 ], [ -74.4144918, 4.8383718 ], [ -74.4146481, 4.8380186 ], [ -74.4146609, 4.8375739 ], [ -74.4147651, 4.8372992 ], [ -74.4149866, 4.8370376 ], [ -74.4152343, 4.8370375 ], [ -74.4155342, 4.8370373 ], [ -74.415795, 4.8371941 ], [ -74.4160948, 4.8371547 ], [ -74.4163815, 4.8368015 ], [ -74.4164726, 4.8365399 ], [ -74.4164464, 4.8361868 ], [ -74.4164462, 4.8359514 ], [ -74.4165634, 4.8355459 ], [ -74.4166936, 4.835232 ], [ -74.4173975, 4.8349439 ], [ -74.417606, 4.8347869 ], [ -74.4177233, 4.8346429 ], [ -74.4178797, 4.8345775 ], [ -74.4181535, 4.8345773 ], [ -74.4184665, 4.8348257 ], [ -74.4188447, 4.835074 ], [ -74.4191968, 4.8352046 ], [ -74.4194315, 4.8353221 ], [ -74.4201356, 4.835518 ], [ -74.4205268, 4.8357008 ], [ -74.4208137, 4.8358576 ], [ -74.4210355, 4.8360668 ], [ -74.4210747, 4.8363152 ], [ -74.4208402, 4.8366946 ], [ -74.4206709, 4.837087 ], [ -74.4206843, 4.837754 ], [ -74.4206454, 4.8381333 ], [ -74.4206977, 4.8385125 ], [ -74.4207239, 4.8387479 ], [ -74.4206848, 4.8387871 ], [ -74.4203393, 4.8392232 ], [ -74.4202102, 4.8393399 ], [ -74.4200552, 4.8393529 ], [ -74.4198227, 4.8393401 ], [ -74.4195515, 4.8393273 ], [ -74.4193708, 4.8394439 ], [ -74.4192159, 4.8396772 ], [ -74.4188156, 4.8398329 ], [ -74.4182473, 4.8397943 ], [ -74.417692, 4.8398075 ], [ -74.4173939, 4.8399572 ], [ -74.4169947, 4.8401577 ], [ -74.4165945, 4.8404688 ], [ -74.4162331, 4.8409095 ], [ -74.4158587, 4.8412335 ], [ -74.4153163, 4.8413375 ], [ -74.413689, 4.8414419 ], [ -74.4125787, 4.8422068 ] ] ] } },
{ "type": "Feature", "properties": { "id": 0, "layer": "Hito_paisajistico_cerro_de_manjui", "clas_CIAF": "3a" }, "geometry": { "type": "Polygon", "coordinates": [ [ [ -74.3808163, 4.8001192 ], [ -74.3808349, 4.8000914 ], [ -74.3808069, 4.8002398 ], [ -74.3808535, 4.8008337 ], [ -74.380779, 4.8011028 ], [ -74.3806859, 4.801242 ], [ -74.3805928, 4.8014276 ], [ -74.38063, 4.8014276 ], [ -74.3807604, 4.8014183 ], [ -74.3809652, 4.801409 ], [ -74.3810397, 4.8014183 ], [ -74.3810863, 4.8015389 ], [ -74.3810304, 4.8017616 ], [ -74.3811049, 4.8019287 ], [ -74.381226, 4.8020307 ], [ -74.3814959, 4.8020956 ], [ -74.3814073, 4.8021177 ], [ -74.3812373, 4.8023828 ], [ -74.3810895, 4.8026406 ], [ -74.3809491, 4.8027952 ], [ -74.3805353, 4.8030308 ], [ -74.380284, 4.8032223 ], [ -74.3799293, 4.8033843 ], [ -74.3795746, 4.8034727 ], [ -74.379072, 4.8035758 ], [ -74.3784809, 4.8035831 ], [ -74.3781335, 4.8035979 ], [ -74.3778158, 4.8034948 ], [ -74.3773354, 4.8032591 ], [ -74.3771728, 4.8031708 ], [ -74.3769437, 4.8030235 ], [ -74.3767368, 4.8028247 ], [ -74.376589, 4.8026847 ], [ -74.3762417, 4.8023092 ], [ -74.376057, 4.8019483 ], [ -74.37585, 4.801477 ], [ -74.375754, 4.801072 ], [ -74.3756875, 4.8005934 ], [ -74.3756948, 4.8000042 ], [ -74.3757909, 4.7996139 ], [ -74.3759387, 4.7991058 ], [ -74.3761161, 4.7987303 ], [ -74.3764043, 4.7983179 ], [ -74.3766112, 4.7981191 ], [ -74.3769068, 4.7978834 ], [ -74.3771507, 4.7976772 ], [ -74.377498, 4.797552 ], [ -74.3778527, 4.7974416 ], [ -74.3783257, 4.7973458 ], [ -74.3786508, 4.797309 ], [ -74.379072, 4.7972133 ], [ -74.379196, 4.797391 ], [ -74.3794194, 4.797623 ], [ -74.3795964, 4.7977437 ], [ -74.379615, 4.798022 ], [ -74.379615, 4.7982262 ], [ -74.3795964, 4.7985138 ], [ -74.3796709, 4.7985881 ], [ -74.3801409, 4.799061 ], [ -74.3802739, 4.7991095 ], [ -74.3804916, 4.7991094 ], [ -74.3805279, 4.7991215 ], [ -74.3805401, 4.7993277 ], [ -74.3806853, 4.7994854 ], [ -74.3807045, 4.7998594 ], [ -74.3808163, 4.8001192 ] ] ] } },
{ "type": "Feature", "properties": { "id": 0, "layer": "parques_urbanos", "clas_CIAF": "1a" }, "geometry": { "type": "Polygon", "coordinates": [ [ [ -74.3467065, 4.8044429 ], [ -74.3467646, 4.8046629 ], [ -74.3469506, 4.8049062 ], [ -74.3471831, 4.8051262 ], [ -74.3473458, 4.8052768 ], [ -74.3474156, 4.8054158 ], [ -74.3466252, 4.805937 ], [ -74.3458929, 4.8051494 ], [ -74.3451838, 4.8047556 ], [ -74.3445678, 4.8045239 ], [ -74.3437192, 4.8042459 ], [ -74.3432311, 4.803968 ], [ -74.342987, 4.8038869 ], [ -74.3467065, 4.8044429 ] ] ] } },
{ "type": "Feature", "properties": { "id": 0, "layer": "parques_urbanos", "clas_CIAF": "1a" }, "geometry": { "type": "Polygon", "coordinates": [ [ [ -74.3506004, 4.8053926 ], [ -74.3516698, 4.8063888 ], [ -74.350891, 4.8067362 ], [ -74.3500658, 4.8060644 ], [ -74.3506004, 4.8053926 ] ] ] } },
{ "type": "Feature", "properties": { "id": 0, "layer": "parques_urbanos", "clas_CIAF": "1a" }, "geometry": { "type": "Polygon", "coordinates": [ [ [ -74.3488336, 4.8109408 ], [ -74.3488801, 4.8110682 ], [ -74.348915, 4.8114041 ], [ -74.3488685, 4.8115199 ], [ -74.3485314, 4.8115431 ], [ -74.3481014, 4.8114504 ], [ -74.347741, 4.8114157 ], [ -74.347555, 4.8114967 ], [ -74.3475202, 4.8116357 ], [ -74.3475318, 4.8118095 ], [ -74.3473342, 4.8118905 ], [ -74.347218, 4.8117747 ], [ -74.3472645, 4.8115778 ], [ -74.3474388, 4.8114041 ], [ -74.3476248, 4.8112998 ], [ -74.3478573, 4.8111724 ], [ -74.3488336, 4.8109408 ] ] ] } },
{ "type": "Feature", "properties": { "id": 0, "layer": "parques_urbanos", "clas_CIAF": "1a" }, "geometry": { "type": "Polygon", "coordinates": [ [ [ -74.3501122, 4.8173344 ], [ -74.3512514, 4.81862 ], [ -74.3500658, 4.8200099 ], [ -74.3492289, 4.8192571 ], [ -74.3501122, 4.8173344 ] ] ] } },
{ "type": "Feature", "properties": { "id": 0, "layer": "Santuario_de_flora_y_fauna", "clas_CIAF": "3a" }, "geometry": { "type": "Polygon", "coordinates": [ [ [ -74.3233416, 4.840523 ], [ -74.3233252, 4.8402864 ], [ -74.3233244, 4.8400492 ], [ -74.3233391, 4.8398125 ], [ -74.3233693, 4.8395773 ], [ -74.323415, 4.8393445 ], [ -74.3234758, 4.8391153 ], [ -74.3235515, 4.8388904 ], [ -74.3236418, 4.838671 ], [ -74.3237463, 4.8384579 ], [ -74.3238646, 4.8382521 ], [ -74.3239961, 4.8380545 ], [ -74.3241404, 4.8378658 ], [ -74.3242967, 4.837687 ], [ -74.3244644, 4.8375187 ], [ -74.3246428, 4.8373617 ], [ -74.3248311, 4.8372167 ], [ -74.3250285, 4.8370843 ], [ -74.3252342, 4.836965 ], [ -74.3254473, 4.8368593 ], [ -74.3256669, 4.8367678 ], [ -74.325892, 4.8366908 ], [ -74.3261216, 4.8366286 ], [ -74.3263549, 4.8365815 ], [ -74.3265908, 4.8365498 ], [ -74.3268282, 4.8365334 ], [ -74.3270662, 4.8365326 ], [ -74.3273038, 4.8365473 ], [ -74.3275398, 4.8365774 ], [ -74.3277734, 4.8366229 ], [ -74.3280035, 4.8366834 ], [ -74.3282292, 4.8367589 ], [ -74.3284494, 4.8368489 ], [ -74.3286632, 4.836953 ], [ -74.3288697, 4.8370709 ], [ -74.3290681, 4.837202 ], [ -74.3292574, 4.8373457 ], [ -74.3294369, 4.8375014 ], [ -74.3296058, 4.8376685 ], [ -74.3297633, 4.8378463 ], [ -74.3299089, 4.8380339 ], [ -74.3300418, 4.8382307 ], [ -74.3301615, 4.8384356 ], [ -74.3302675, 4.838648 ], [ -74.3303594, 4.8388667 ], [ -74.3304367, 4.839091 ], [ -74.3304991, 4.8393199 ], [ -74.3305463, 4.8395523 ], [ -74.3305782, 4.8397874 ], [ -74.3305946, 4.840024 ], [ -74.3305955, 4.8402611 ], [ -74.3305807, 4.8404978 ], [ -74.3305505, 4.840733 ], [ -74.3305049, 4.8409658 ], [ -74.3304441, 4.8411951 ], [ -74.3303683, 4.8414199 ], [ -74.330278, 4.8416393 ], [ -74.3301735, 4.8418524 ], [ -74.3300552, 4.8420582 ], [ -74.3299237, 4.8422558 ], [ -74.3297795, 4.8424445 ], [ -74.3296232, 4.8426233 ], [ -74.3294555, 4.8427916 ], [ -74.3292771, 4.8429486 ], [ -74.3290887, 4.8430936 ], [ -74.3288913, 4.8432261 ], [ -74.3286856, 4.8433454 ], [ -74.3284725, 4.843451 ], [ -74.328253, 4.8435425 ], [ -74.3280278, 4.8436195 ], [ -74.3277982, 4.8436817 ], [ -74.3275649, 4.8437288 ], [ -74.327329, 4.8437606 ], [ -74.3270916, 4.8437769 ], [ -74.3268536, 4.8437777 ], [ -74.326616, 4.8437631 ], [ -74.32638, 4.8437329 ], [ -74.3261464, 4.8436875 ], [ -74.3259163, 4.8436269 ], [ -74.3256906, 4.8435514 ], [ -74.3254704, 4.8434615 ], [ -74.3252566, 4.8433573 ], [ -74.3250501, 4.8432394 ], [ -74.3248517, 4.8431084 ], [ -74.3246624, 4.8429647 ], [ -74.3244829, 4.8428089 ], [ -74.324314, 4.8426418 ], [ -74.3241565, 4.8424641 ], [ -74.3240109, 4.8422764 ], [ -74.323878, 4.8420797 ], [ -74.3237583, 4.8418747 ], [ -74.3236523, 4.8416624 ], [ -74.3235604, 4.8414436 ], [ -74.3234831, 4.8412193 ], [ -74.3234207, 4.8409904 ], [ -74.3233735, 4.840758 ], [ -74.3233416, 4.840523 ] ] ] } },
{ "type": "Feature", "properties": { "id": 0, "layer": "Sistemas_de_areas_protegidas", "clas_CIAF": "3a" }, "geometry": { "type": "Polygon", "coordinates": [ [ [ -74.411678, 4.8489959 ], [ -74.4116571, 4.8490726 ], [ -74.4115296, 4.8489843 ], [ -74.4114797, 4.8489014 ], [ -74.4114298, 4.8487634 ], [ -74.4114742, 4.848675 ], [ -74.4113744, 4.8483436 ], [ -74.4111527, 4.8481448 ], [ -74.4109532, 4.8480896 ], [ -74.4107425, 4.8480012 ], [ -74.4104654, 4.8477582 ], [ -74.4103767, 4.8476809 ], [ -74.4102548, 4.8476699 ], [ -74.4101994, 4.8478356 ], [ -74.4102548, 4.8480123 ], [ -74.4102548, 4.8483326 ], [ -74.410155, 4.848675 ], [ -74.4099888, 4.8485645 ], [ -74.4098668, 4.8483657 ], [ -74.409756, 4.8481006 ], [ -74.4096451, 4.8479129 ], [ -74.4096008, 4.8475705 ], [ -74.40949, 4.8473385 ], [ -74.4094345, 4.8472612 ], [ -74.4092461, 4.8472722 ], [ -74.4091463, 4.8473275 ], [ -74.4090355, 4.8474048 ], [ -74.4086918, 4.8473054 ], [ -74.4086364, 4.847206 ], [ -74.4085699, 4.8468857 ], [ -74.4085699, 4.8467531 ], [ -74.4082817, 4.846731 ], [ -74.4081265, 4.846731 ], [ -74.4078937, 4.8467089 ], [ -74.4077829, 4.8465322 ], [ -74.4077053, 4.846245 ], [ -74.4077275, 4.8459799 ], [ -74.407672, 4.8457922 ], [ -74.4073949, 4.8455271 ], [ -74.4071067, 4.8450411 ], [ -74.4072065, 4.8448202 ], [ -74.4072951, 4.8445441 ], [ -74.407273, 4.8444005 ], [ -74.4072065, 4.844279 ], [ -74.4071178, 4.8441022 ], [ -74.4070069, 4.8441685 ], [ -74.4069183, 4.8441906 ], [ -74.4067298, 4.8441464 ], [ -74.4064194, 4.8441133 ], [ -74.4061756, 4.8441685 ], [ -74.405965, 4.8441464 ], [ -74.405843, 4.8439587 ], [ -74.4058098, 4.843793 ], [ -74.4057765, 4.8436052 ], [ -74.4055659, 4.8434174 ], [ -74.4053885, 4.8431413 ], [ -74.405322, 4.8429535 ], [ -74.4053664, 4.8428873 ], [ -74.4055548, 4.8426001 ], [ -74.4055992, 4.8423571 ], [ -74.4054772, 4.8421472 ], [ -74.4054994, 4.8418159 ], [ -74.4054329, 4.841595 ], [ -74.4053553, 4.8414514 ], [ -74.4052001, 4.8414293 ], [ -74.4049784, 4.8414735 ], [ -74.4048343, 4.8415839 ], [ -74.4046791, 4.841617 ], [ -74.4045793, 4.8415729 ], [ -74.404535, 4.8415176 ], [ -74.404402, 4.841109 ], [ -74.4043687, 4.841109 ], [ -74.4041138, 4.8410869 ], [ -74.4039475, 4.8409764 ], [ -74.4039032, 4.8408218 ], [ -74.4039475, 4.8406119 ], [ -74.404014, 4.8403358 ], [ -74.4039697, 4.840148 ], [ -74.4037701, 4.8398719 ], [ -74.4036815, 4.8396952 ], [ -74.4036925, 4.839408 ], [ -74.4036704, 4.8393527 ], [ -74.4034487, 4.8390877 ], [ -74.4032492, 4.8386569 ], [ -74.4032492, 4.8385796 ], [ -74.4033489, 4.8384581 ], [ -74.4035928, 4.8383918 ], [ -74.4038256, 4.8383145 ], [ -74.4038921, 4.8380936 ], [ -74.4037812, 4.837961 ], [ -74.4035928, 4.8377843 ], [ -74.4034265, 4.8375855 ], [ -74.4034708, 4.8373535 ], [ -74.4037147, 4.8371878 ], [ -74.4038256, 4.8371105 ], [ -74.4039142, 4.8370222 ], [ -74.4038921, 4.8367239 ], [ -74.4038477, 4.8365251 ], [ -74.4036925, 4.836249 ], [ -74.4036039, 4.8359728 ], [ -74.4036815, 4.8358293 ], [ -74.4035817, 4.8356857 ], [ -74.4033489, 4.8353543 ], [ -74.403227, 4.8351776 ], [ -74.4032602, 4.8347578 ], [ -74.4031826, 4.8345811 ], [ -74.4029499, 4.834316 ], [ -74.4027614, 4.8341283 ], [ -74.4026838, 4.8338411 ], [ -74.4026617, 4.8335649 ], [ -74.4025619, 4.8333551 ], [ -74.402318, 4.8331563 ], [ -74.4020852, 4.8329795 ], [ -74.4018192, 4.8327365 ], [ -74.4015088, 4.8325046 ], [ -74.401398, 4.8322616 ], [ -74.401531, 4.8319633 ], [ -74.4018303, 4.8319192 ], [ -74.4022515, 4.8320075 ], [ -74.402839, 4.832118 ], [ -74.4029388, 4.8321511 ], [ -74.4032824, 4.8322616 ], [ -74.4036371, 4.8321953 ], [ -74.4038976, 4.8319523 ], [ -74.4039697, 4.8319136 ], [ -74.4041637, 4.831632 ], [ -74.4042856, 4.8313779 ], [ -74.4043355, 4.8310134 ], [ -74.4044574, 4.8307539 ], [ -74.4046597, 4.8303258 ], [ -74.4047622, 4.8302375 ], [ -74.404851, 4.8302121 ], [ -74.4049576, 4.8302943 ], [ -74.4052315, 4.8306211 ], [ -74.4054794, 4.8309479 ], [ -74.4057142, 4.8312617 ], [ -74.4058447, 4.8315363 ], [ -74.4058188, 4.8317848 ], [ -74.405858, 4.8320201 ], [ -74.4060276, 4.8322293 ], [ -74.4062232, 4.8323731 ], [ -74.4067579, 4.832739 ], [ -74.4069927, 4.8330266 ], [ -74.4071493, 4.8332881 ], [ -74.4072668, 4.8335496 ], [ -74.407293, 4.8338634 ], [ -74.4072149, 4.8341119 ], [ -74.4070324, 4.834269 ], [ -74.4069803, 4.8343867 ], [ -74.4068501, 4.8347529 ], [ -74.4068243, 4.8351453 ], [ -74.4068244, 4.835433 ], [ -74.406955, 4.8358907 ], [ -74.407229, 4.8364529 ], [ -74.4075291, 4.8367797 ], [ -74.4077508, 4.8369627 ], [ -74.4078942, 4.837028 ], [ -74.4081029, 4.8371194 ], [ -74.4083637, 4.8372239 ], [ -74.4086245, 4.8373023 ], [ -74.408794, 4.8373937 ], [ -74.4089896, 4.8375767 ], [ -74.4090941, 4.8379036 ], [ -74.4092507, 4.8381651 ], [ -74.4094595, 4.8386097 ], [ -74.4096291, 4.8388842 ], [ -74.40989, 4.8392241 ], [ -74.41019, 4.8394724 ], [ -74.4104378, 4.8396685 ], [ -74.4116321, 4.8410841 ], [ -74.4125787, 4.8422068 ], [ -74.4121914, 4.8426086 ], [ -74.4117912, 4.842855 ], [ -74.4110038, 4.84384 ], [ -74.4107199, 4.8443195 ], [ -74.4106168, 4.844747 ], [ -74.4107591, 4.8452522 ], [ -74.4110048, 4.8458869 ], [ -74.4112763, 4.846392 ], [ -74.4118714, 4.848348 ], [ -74.411678, 4.8489959 ] ] ] } },
{ "type": "Feature", "properties": { "id": 0, "layer": "Sistemas_de_areas_protegidas", "clas_CIAF": "3a" }, "geometry": { "type": "Polygon", "coordinates": [ [ [ -74.3752895, 4.7943077 ], [ -74.3751332, 4.7944223 ], [ -74.3751406, 4.7944959 ], [ -74.3751997, 4.794599 ], [ -74.3753475, 4.7947831 ], [ -74.3755027, 4.794982 ], [ -74.3760274, 4.7952618 ], [ -74.3763082, 4.7954238 ], [ -74.3766112, 4.7955343 ], [ -74.3769955, 4.7955932 ], [ -74.3772172, 4.7957699 ], [ -74.3774758, 4.7960129 ], [ -74.3778527, 4.7962633 ], [ -74.3780892, 4.7964548 ], [ -74.3783331, 4.7966021 ], [ -74.3789908, 4.7969408 ], [ -74.379072, 4.7972133 ], [ -74.3786508, 4.797309 ], [ -74.3783257, 4.7973458 ], [ -74.3778527, 4.7974416 ], [ -74.377498, 4.797552 ], [ -74.3771507, 4.7976772 ], [ -74.3769068, 4.7978834 ], [ -74.3766112, 4.7981191 ], [ -74.3764043, 4.7983179 ], [ -74.3761161, 4.7987303 ], [ -74.3759387, 4.7991058 ], [ -74.3757909, 4.7996139 ], [ -74.3756948, 4.8000042 ], [ -74.3756875, 4.8005934 ], [ -74.375754, 4.801072 ], [ -74.37585, 4.801477 ], [ -74.376057, 4.8019483 ], [ -74.3762417, 4.8023092 ], [ -74.376589, 4.8026847 ], [ -74.3767368, 4.8028247 ], [ -74.3769437, 4.8030235 ], [ -74.3771728, 4.8031708 ], [ -74.3773354, 4.8032591 ], [ -74.3778158, 4.8034948 ], [ -74.3781335, 4.8035979 ], [ -74.3784809, 4.8035831 ], [ -74.379072, 4.8035758 ], [ -74.3795746, 4.8034727 ], [ -74.3799293, 4.8033843 ], [ -74.380284, 4.8032223 ], [ -74.3805353, 4.8030308 ], [ -74.3809491, 4.8027952 ], [ -74.3810895, 4.8026406 ], [ -74.3812373, 4.8023828 ], [ -74.3814073, 4.8021177 ], [ -74.3814959, 4.8020956 ], [ -74.3815698, 4.8021914 ], [ -74.3817694, 4.802589 ], [ -74.3820428, 4.8026995 ], [ -74.382464, 4.8029057 ], [ -74.3825305, 4.8029719 ], [ -74.3829887, 4.8029351 ], [ -74.3833804, 4.8027437 ], [ -74.3834764, 4.8028688 ], [ -74.3834912, 4.8032002 ], [ -74.3836169, 4.8034948 ], [ -74.3838386, 4.8036052 ], [ -74.3842302, 4.8037157 ], [ -74.384415, 4.8039587 ], [ -74.3846441, 4.804106 ], [ -74.3850505, 4.8041649 ], [ -74.3850653, 4.8041428 ], [ -74.3860555, 4.8044374 ], [ -74.3871197, 4.8048498 ], [ -74.388036, 4.8051885 ], [ -74.3886864, 4.8051296 ], [ -74.3893958, 4.8051885 ], [ -74.3897505, 4.8054094 ], [ -74.3913467, 4.806028 ], [ -74.3917753, 4.8064845 ], [ -74.3920414, 4.806838 ], [ -74.3922187, 4.8071915 ], [ -74.3924109, 4.807545 ], [ -74.392603, 4.8078542 ], [ -74.3927065, 4.8079132 ], [ -74.3929577, 4.808355 ], [ -74.3931203, 4.8086495 ], [ -74.3933125, 4.8089736 ], [ -74.3933864, 4.8094301 ], [ -74.3933716, 4.8097836 ], [ -74.3933568, 4.8102991 ], [ -74.3931499, 4.8110944 ], [ -74.393172, 4.8112785 ], [ -74.3932755, 4.8113742 ], [ -74.3933716, 4.8115215 ], [ -74.3935194, 4.8117424 ], [ -74.393682, 4.8120885 ], [ -74.3938593, 4.8123094 ], [ -74.3940958, 4.8125451 ], [ -74.3942658, 4.8126776 ], [ -74.394214, 4.8128617 ], [ -74.3941475, 4.8129427 ], [ -74.3939923, 4.8130384 ], [ -74.3938298, 4.8132962 ], [ -74.3939258, 4.8133772 ], [ -74.3941549, 4.8134876 ], [ -74.394251, 4.813576 ], [ -74.3942288, 4.8136055 ], [ -74.3939923, 4.8138043 ], [ -74.393948, 4.8140105 ], [ -74.3940958, 4.8141946 ], [ -74.3944357, 4.8140915 ], [ -74.394517, 4.8140546 ], [ -74.3949752, 4.8141136 ], [ -74.3951821, 4.8144081 ], [ -74.3954845, 4.8146874 ], [ -74.3956273, 4.8150159 ], [ -74.3960222, 4.81612 ], [ -74.3961677, 4.8162982 ], [ -74.3965069, 4.8167138 ], [ -74.3972248, 4.8174594 ], [ -74.3974696, 4.8177137 ], [ -74.3976973, 4.8181524 ], [ -74.3979949, 4.8185734 ], [ -74.3981267, 4.8187407 ], [ -74.3982575, 4.8189068 ], [ -74.3985376, 4.8192401 ], [ -74.3986946, 4.8194426 ], [ -74.3988121, 4.8198349 ], [ -74.3989687, 4.8201879 ], [ -74.3988327, 4.8204612 ], [ -74.3987219, 4.8205569 ], [ -74.398393, 4.8208846 ], [ -74.3982231, 4.8211828 ], [ -74.3981787, 4.8212675 ], [ -74.3979423, 4.8216431 ], [ -74.3978092, 4.8218603 ], [ -74.3977908, 4.8220923 ], [ -74.3977649, 4.8224052 ], [ -74.3977686, 4.8227071 ], [ -74.397739, 4.8230569 ], [ -74.3976356, 4.8229281 ], [ -74.3975099, 4.8226593 ], [ -74.3973548, 4.8224163 ], [ -74.3972845, 4.8222579 ], [ -74.3971774, 4.8219597 ], [ -74.3970481, 4.8218272 ], [ -74.3968596, 4.8217278 ], [ -74.3966712, 4.8217093 ], [ -74.3964051, 4.8216909 ], [ -74.3962093, 4.8216431 ], [ -74.3960024, 4.8215437 ], [ -74.3958842, 4.8215363 ], [ -74.3957844, 4.8215842 ], [ -74.3956588, 4.8215363 ], [ -74.3955516, 4.8214627 ], [ -74.3955368, 4.8213375 ], [ -74.3954629, 4.8211939 ], [ -74.3953632, 4.8210908 ], [ -74.3952449, 4.8210208 ], [ -74.3950084, 4.8207999 ], [ -74.3948717, 4.8205569 ], [ -74.3948089, 4.8205495 ], [ -74.3946944, 4.8206526 ], [ -74.3946131, 4.8208183 ], [ -74.3945872, 4.8209914 ], [ -74.3945281, 4.8211423 ], [ -74.3944394, 4.8212417 ], [ -74.3943027, 4.8212859 ], [ -74.3942288, 4.8211681 ], [ -74.3941697, 4.8209877 ], [ -74.3941069, 4.820903 ], [ -74.3940219, 4.8209141 ], [ -74.3934907, 4.8213264 ], [ -74.3934168, 4.8213669 ], [ -74.3933762, 4.8213007 ], [ -74.3933392, 4.8212012 ], [ -74.3932764, 4.8211681 ], [ -74.393221, 4.8212602 ], [ -74.3930141, 4.8213927 ], [ -74.392918, 4.8212381 ], [ -74.3929291, 4.8210687 ], [ -74.3929697, 4.8208699 ], [ -74.3928811, 4.8208183 ], [ -74.3927776, 4.8208478 ], [ -74.3925448, 4.8209177 ], [ -74.3924377, 4.8209214 ], [ -74.3923786, 4.8207484 ], [ -74.3923859, 4.8205238 ], [ -74.3924266, 4.820255 ], [ -74.3925337, 4.8202255 ], [ -74.3926815, 4.8201998 ], [ -74.3927887, 4.8201224 ], [ -74.3927111, 4.8199899 ], [ -74.3926483, 4.8198905 ], [ -74.3926778, 4.819769 ], [ -74.3926003, 4.8195996 ], [ -74.3926076, 4.8194781 ], [ -74.392482, 4.8194155 ], [ -74.392397, 4.819375 ], [ -74.3923194, 4.819294 ], [ -74.3923157, 4.8192093 ], [ -74.392301, 4.8189737 ], [ -74.3922271, 4.8188706 ], [ -74.392094, 4.818797 ], [ -74.3920608, 4.8188411 ], [ -74.3920349, 4.8189663 ], [ -74.3920164, 4.8190142 ], [ -74.3919684, 4.8189663 ], [ -74.3919167, 4.8188706 ], [ -74.3918576, 4.818797 ], [ -74.3917984, 4.8187786 ], [ -74.3917763, 4.8187786 ], [ -74.3917911, 4.8189995 ], [ -74.3918132, 4.8191247 ], [ -74.3917984, 4.8192646 ], [ -74.3917245, 4.8193529 ], [ -74.3916433, 4.8194781 ], [ -74.3916211, 4.8195738 ], [ -74.3915176, 4.8197064 ], [ -74.3914807, 4.8197432 ], [ -74.3913772, 4.8198389 ], [ -74.3913255, 4.8198905 ], [ -74.3912738, 4.819942 ], [ -74.3910816, 4.8199126 ], [ -74.3909856, 4.8198095 ], [ -74.3908599, 4.8197432 ], [ -74.3907343, 4.81978 ], [ -74.3906604, 4.8198095 ], [ -74.3905422, 4.8197874 ], [ -74.3905274, 4.8197064 ], [ -74.3905274, 4.8196917 ], [ -74.3905569, 4.8195518 ], [ -74.3905865, 4.8195444 ], [ -74.3907269, 4.8194192 ], [ -74.3906973, 4.8193677 ], [ -74.3906826, 4.819375 ], [ -74.3906826, 4.8193014 ], [ -74.3906087, 4.8193161 ], [ -74.3904165, 4.8193824 ], [ -74.390387, 4.8192867 ], [ -74.3903426, 4.8192425 ], [ -74.3903278, 4.8192498 ], [ -74.3900766, 4.8194045 ], [ -74.3900618, 4.8193087 ], [ -74.3900249, 4.8191983 ], [ -74.3900027, 4.8191909 ], [ -74.3899436, 4.8191909 ], [ -74.3898844, 4.819294 ], [ -74.3898032, 4.8194118 ], [ -74.3897514, 4.819294 ], [ -74.3896775, 4.8190657 ], [ -74.3896258, 4.8189995 ], [ -74.3895593, 4.8189995 ], [ -74.3895076, 4.8190584 ], [ -74.3894706, 4.8192351 ], [ -74.3894706, 4.8193529 ], [ -74.3893598, 4.819456 ], [ -74.3892711, 4.8193824 ], [ -74.3893006, 4.8190657 ], [ -74.3890346, 4.8189995 ], [ -74.3889755, 4.8188522 ], [ -74.3889977, 4.8187933 ], [ -74.3889977, 4.8187344 ], [ -74.3889459, 4.8186681 ], [ -74.3889016, 4.8186902 ], [ -74.3887686, 4.8186386 ], [ -74.3886503, 4.8184914 ], [ -74.3886208, 4.8185135 ], [ -74.3885247, 4.8186828 ], [ -74.388473, 4.8188227 ], [ -74.3883991, 4.8188227 ], [ -74.38834, 4.8186976 ], [ -74.3883473, 4.8185061 ], [ -74.3883326, 4.8183367 ], [ -74.3882143, 4.8183294 ], [ -74.3881478, 4.8183367 ], [ -74.388037, 4.8184545 ], [ -74.3879852, 4.8185797 ], [ -74.3879409, 4.8186755 ], [ -74.3878227, 4.8188006 ], [ -74.3877414, 4.8185945 ], [ -74.3876822, 4.818565 ], [ -74.3875492, 4.8185576 ], [ -74.3874901, 4.8184693 ], [ -74.3874901, 4.8183294 ], [ -74.3875418, 4.8182263 ], [ -74.3875714, 4.8180937 ], [ -74.3875862, 4.8180495 ], [ -74.387394, 4.8180937 ], [ -74.3873201, 4.8179685 ], [ -74.3873054, 4.8179685 ], [ -74.387165, 4.8181894 ], [ -74.387128, 4.8182999 ], [ -74.3870837, 4.8182999 ], [ -74.3870172, 4.8182115 ], [ -74.3868324, 4.8181968 ], [ -74.3867068, 4.8181821 ], [ -74.386559, 4.8181305 ], [ -74.3865516, 4.8181232 ], [ -74.3863225, 4.8179906 ], [ -74.3863003, 4.8179833 ], [ -74.3862264, 4.8175782 ], [ -74.3861821, 4.8175267 ], [ -74.3860417, 4.8174972 ], [ -74.38599, 4.8175046 ], [ -74.3859013, 4.8175193 ], [ -74.3858791, 4.8174236 ], [ -74.3858569, 4.8173794 ], [ -74.3858495, 4.8172911 ], [ -74.3858348, 4.8172395 ], [ -74.3858348, 4.8172027 ], [ -74.385517, 4.8172616 ], [ -74.3853101, 4.8173794 ], [ -74.3851179, 4.817188 ], [ -74.3849554, 4.8168934 ], [ -74.3849258, 4.8168934 ], [ -74.3848371, 4.8169376 ], [ -74.3848002, 4.8170039 ], [ -74.3847706, 4.8171364 ], [ -74.3847189, 4.81735 ], [ -74.3846228, 4.8171438 ], [ -74.384475, 4.8171143 ], [ -74.3843937, 4.817107 ], [ -74.3842681, 4.8169597 ], [ -74.3845489, 4.8162601 ], [ -74.3845933, 4.8161791 ], [ -74.3844455, 4.8160318 ], [ -74.3841351, 4.8158772 ], [ -74.3838986, 4.8157888 ], [ -74.3837656, 4.8157447 ], [ -74.3835956, 4.8155753 ], [ -74.3835661, 4.8155532 ], [ -74.3834404, 4.8153691 ], [ -74.383337, 4.8152881 ], [ -74.3833, 4.8151114 ], [ -74.3834256, 4.8149862 ], [ -74.3836547, 4.815023 ], [ -74.383869, 4.8151408 ], [ -74.384076, 4.8150451 ], [ -74.3842977, 4.8149273 ], [ -74.3844455, 4.8147137 ], [ -74.3843568, 4.8146033 ], [ -74.3840981, 4.8144486 ], [ -74.3838025, 4.8143087 ], [ -74.3836326, 4.814132 ], [ -74.3837286, 4.8139331 ], [ -74.3839873, 4.8139994 ], [ -74.3841794, 4.8140878 ], [ -74.384209, 4.8139552 ], [ -74.3841055, 4.8137343 ], [ -74.3844085, 4.8136018 ], [ -74.3846524, 4.8135134 ], [ -74.3849258, 4.8134766 ], [ -74.3852288, 4.8134398 ], [ -74.3852436, 4.8132262 ], [ -74.3851475, 4.8130716 ], [ -74.3849775, 4.8130053 ], [ -74.3848593, 4.8128801 ], [ -74.3848076, 4.8125782 ], [ -74.3847484, 4.8125046 ], [ -74.3845563, 4.8122689 ], [ -74.3846524, 4.8120554 ], [ -74.3848667, 4.8119007 ], [ -74.3850071, 4.8117166 ], [ -74.3852362, 4.8114368 ], [ -74.3852436, 4.8111643 ], [ -74.3853988, 4.8110686 ], [ -74.3854874, 4.8108992 ], [ -74.3855983, 4.8106562 ], [ -74.3854874, 4.8103764 ], [ -74.3855909, 4.8101186 ], [ -74.3857165, 4.810045 ], [ -74.3857978, 4.8097873 ], [ -74.3856944, 4.8096253 ], [ -74.3855761, 4.8095001 ], [ -74.3855318, 4.8093086 ], [ -74.3855835, 4.8091908 ], [ -74.3857904, 4.8091024 ], [ -74.3859234, 4.8090214 ], [ -74.3860269, 4.8088741 ], [ -74.3859752, 4.8088152 ], [ -74.3858717, 4.8087711 ], [ -74.3857683, 4.8087563 ], [ -74.3855909, 4.8087637 ], [ -74.3854209, 4.808668 ], [ -74.3853692, 4.8085796 ], [ -74.3853544, 4.8084691 ], [ -74.3853766, 4.8083439 ], [ -74.3854948, 4.8081746 ], [ -74.3854579, 4.807961 ], [ -74.3853988, 4.8078432 ], [ -74.3853322, 4.8077033 ], [ -74.3852657, 4.8076444 ], [ -74.3851032, 4.8076076 ], [ -74.3848113, 4.8075265 ], [ -74.3845933, 4.8074235 ], [ -74.3844381, 4.8073645 ], [ -74.3840205, 4.8073461 ], [ -74.383858, 4.8072209 ], [ -74.3837508, 4.8071105 ], [ -74.3835143, 4.8070332 ], [ -74.3834589, 4.8070332 ], [ -74.3832668, 4.8070589 ], [ -74.3832409, 4.8070626 ], [ -74.3830488, 4.8070626 ], [ -74.3828825, 4.8070516 ], [ -74.3826608, 4.8070589 ], [ -74.3824908, 4.8071436 ], [ -74.3824576, 4.8072062 ], [ -74.3823393, 4.8072246 ], [ -74.382162, 4.8071989 ], [ -74.3819883, 4.8070773 ], [ -74.3819477, 4.8069853 ], [ -74.3818405, 4.8068601 ], [ -74.3816631, 4.806838 ], [ -74.3816003, 4.8068196 ], [ -74.3815117, 4.806757 ], [ -74.3814636, 4.8066061 ], [ -74.3814599, 4.8065692 ], [ -74.3814414, 4.806422 ], [ -74.3813971, 4.8063373 ], [ -74.3813639, 4.8063446 ], [ -74.3812826, 4.8064183 ], [ -74.3810793, 4.8064993 ], [ -74.3810239, 4.8064698 ], [ -74.3810165, 4.8063815 ], [ -74.3809944, 4.8062194 ], [ -74.3809537, 4.8062194 ], [ -74.3808429, 4.8062158 ], [ -74.3808059, 4.8061753 ], [ -74.3808096, 4.8060906 ], [ -74.3808022, 4.8060243 ], [ -74.3807505, 4.8059359 ], [ -74.3807172, 4.8059249 ], [ -74.3806433, 4.8059617 ], [ -74.3806138, 4.8061605 ], [ -74.3804623, 4.806352 ], [ -74.3801778, 4.8063005 ], [ -74.380126, 4.8062194 ], [ -74.379993, 4.806028 ], [ -74.3799413, 4.8058071 ], [ -74.37986, 4.8055272 ], [ -74.379775, 4.8054131 ], [ -74.3796826, 4.8053689 ], [ -74.3795829, 4.8053247 ], [ -74.379509, 4.8053026 ], [ -74.3795053, 4.8051959 ], [ -74.379509, 4.8049418 ], [ -74.3794203, 4.8045478 ], [ -74.3792429, 4.8044852 ], [ -74.3790582, 4.8044042 ], [ -74.3790102, 4.8043011 ], [ -74.3788993, 4.8042054 ], [ -74.3787663, 4.8042754 ], [ -74.378648, 4.8043453 ], [ -74.3785372, 4.8043527 ], [ -74.3784079, 4.8042459 ], [ -74.3783451, 4.8041612 ], [ -74.3781012, 4.8041354 ], [ -74.3779091, 4.8042054 ], [ -74.3778241, 4.8043085 ], [ -74.3777797, 4.8044079 ], [ -74.3775506, 4.8044374 ], [ -74.3772218, 4.8044042 ], [ -74.3770888, 4.8043527 ], [ -74.3767932, 4.8042643 ], [ -74.3766749, 4.8041759 ], [ -74.3765604, 4.8040066 ], [ -74.3765419, 4.8038703 ], [ -74.3765456, 4.8037746 ], [ -74.37642, 4.8035831 ], [ -74.3763535, 4.8035647 ], [ -74.3760911, 4.8035537 ], [ -74.37608, 4.8034138 ], [ -74.3754408, 4.8034616 ], [ -74.3753263, 4.8034101 ], [ -74.3752672, 4.803307 ], [ -74.3752339, 4.8032923 ], [ -74.3751711, 4.8032665 ], [ -74.3750639, 4.8033512 ], [ -74.3749531, 4.8033696 ], [ -74.3748903, 4.8033512 ], [ -74.374857, 4.8033144 ], [ -74.374724, 4.8032481 ], [ -74.3746464, 4.8031376 ], [ -74.3746058, 4.8030677 ], [ -74.3745651, 4.8029093 ], [ -74.3744986, 4.8026958 ], [ -74.3744912, 4.8026553 ], [ -74.3743914, 4.8026921 ], [ -74.374251, 4.802821 ], [ -74.3741661, 4.8029425 ], [ -74.3739296, 4.8029314 ], [ -74.3737781, 4.8029388 ], [ -74.3731278, 4.8037967 ], [ -74.3722521, 4.8030714 ], [ -74.3722188, 4.8031155 ], [ -74.3718013, 4.8030971 ], [ -74.3716867, 4.8027915 ], [ -74.3716683, 4.8026111 ], [ -74.3716054, 4.8025816 ], [ -74.3712064, 4.8026479 ], [ -74.3711103, 4.8024859 ], [ -74.3710881, 4.8024123 ], [ -74.3709256, 4.8024859 ], [ -74.3704009, 4.8023165 ], [ -74.37029, 4.8021545 ], [ -74.3700831, 4.8022061 ], [ -74.3695732, 4.8021987 ], [ -74.3693219, 4.801941 ], [ -74.3691594, 4.801779 ], [ -74.3689672, 4.8015212 ], [ -74.3689968, 4.8012488 ], [ -74.3690337, 4.801153 ], [ -74.3693515, 4.8006523 ], [ -74.3693441, 4.8005124 ], [ -74.3692702, 4.8001442 ], [ -74.3690929, 4.7998717 ], [ -74.3687086, 4.7997612 ], [ -74.3682874, 4.7995182 ], [ -74.3681248, 4.7993636 ], [ -74.3680287, 4.7991353 ], [ -74.36794, 4.7991353 ], [ -74.3676518, 4.7992899 ], [ -74.3674375, 4.7994078 ], [ -74.3671124, 4.7992531 ], [ -74.366765, 4.7990985 ], [ -74.3664694, 4.798907 ], [ -74.366196, 4.7986934 ], [ -74.3659891, 4.7985388 ], [ -74.3658413, 4.7984062 ], [ -74.3657083, 4.7981338 ], [ -74.3656565, 4.7979276 ], [ -74.3657304, 4.797714 ], [ -74.3659669, 4.7975373 ], [ -74.3662773, 4.7974342 ], [ -74.3665655, 4.79739 ], [ -74.3667724, 4.7972796 ], [ -74.3667576, 4.7971323 ], [ -74.3668168, 4.7967493 ], [ -74.3671271, 4.7964106 ], [ -74.3673784, 4.7962191 ], [ -74.3679548, 4.7961308 ], [ -74.368073, 4.7962044 ], [ -74.3682208, 4.79644 ], [ -74.368413, 4.796499 ], [ -74.3684869, 4.796278 ], [ -74.3684425, 4.7960571 ], [ -74.3683686, 4.7958657 ], [ -74.3682356, 4.7955416 ], [ -74.3681322, 4.7954091 ], [ -74.3678809, 4.7952471 ], [ -74.3675114, 4.7954091 ], [ -74.3671124, 4.7955122 ], [ -74.3670089, 4.7955711 ], [ -74.3664768, 4.7957773 ], [ -74.3660482, 4.7959393 ], [ -74.365457, 4.7958509 ], [ -74.3644372, 4.7959835 ], [ -74.3639495, 4.7961013 ], [ -74.3634913, 4.796278 ], [ -74.3630922, 4.796278 ], [ -74.3626932, 4.796337 ], [ -74.3621168, 4.796661 ], [ -74.3619098, 4.7969703 ], [ -74.3617325, 4.7972648 ], [ -74.3616438, 4.797471 ], [ -74.3615108, 4.7977656 ], [ -74.3615551, 4.7974268 ], [ -74.3615403, 4.7972059 ], [ -74.3615403, 4.7968083 ], [ -74.361496, 4.7963075 ], [ -74.3616142, 4.7959393 ], [ -74.3617177, 4.79563 ], [ -74.3615699, 4.7952618 ], [ -74.3615995, 4.7949378 ], [ -74.3616438, 4.7948494 ], [ -74.3617473, 4.7946432 ], [ -74.3618951, 4.7944665 ], [ -74.3619246, 4.7944517 ], [ -74.3618655, 4.7943339 ], [ -74.3616881, 4.7943045 ], [ -74.3614812, 4.7940983 ], [ -74.3611265, 4.7938332 ], [ -74.3609787, 4.7937743 ], [ -74.3608605, 4.793406 ], [ -74.3609491, 4.7931262 ], [ -74.3605649, 4.7929642 ], [ -74.3603875, 4.7927875 ], [ -74.3605058, 4.7925371 ], [ -74.3605058, 4.7923014 ], [ -74.3601806, 4.7920216 ], [ -74.3595598, 4.7917565 ], [ -74.3587913, 4.7915503 ], [ -74.3583775, 4.7913588 ], [ -74.3583036, 4.7912705 ], [ -74.3582297, 4.7913146 ], [ -74.3579045, 4.7913441 ], [ -74.3576532, 4.7912115 ], [ -74.3575498, 4.7913294 ], [ -74.3573872, 4.7915208 ], [ -74.3570325, 4.7913441 ], [ -74.3563378, 4.7911821 ], [ -74.3560866, 4.7910054 ], [ -74.3558058, 4.7908139 ], [ -74.3557614, 4.7908875 ], [ -74.3555841, 4.7910054 ], [ -74.3553624, 4.7911232 ], [ -74.3551407, 4.7911379 ], [ -74.3549337, 4.7911232 ], [ -74.3546973, 4.791079 ], [ -74.3545199, 4.7909906 ], [ -74.3540322, 4.7905193 ], [ -74.3537661, 4.7900038 ], [ -74.3530863, 4.7893411 ], [ -74.3527352, 4.7889655 ], [ -74.3526096, 4.7888661 ], [ -74.3522881, 4.7884721 ], [ -74.3522253, 4.7883064 ], [ -74.3520554, 4.7878461 ], [ -74.3519962, 4.7876804 ], [ -74.3519815, 4.7875479 ], [ -74.3520332, 4.7873859 ], [ -74.3520923, 4.7873159 ], [ -74.3522623, 4.7872791 ], [ -74.3524988, 4.7872681 ], [ -74.3527241, 4.7872496 ], [ -74.3528516, 4.7872938 ], [ -74.3530475, 4.7873399 ], [ -74.3531583, 4.7873877 ], [ -74.3535352, 4.7875994 ], [ -74.3537144, 4.7876804 ], [ -74.3537883, 4.7876841 ], [ -74.3538677, 4.7876473 ], [ -74.3538788, 4.7875939 ], [ -74.35384, 4.787535 ], [ -74.3538252, 4.7875129 ], [ -74.3531602, 4.7870932 ], [ -74.3526946, 4.786747 ], [ -74.352532, 4.7865408 ], [ -74.3520664, 4.7861211 ], [ -74.3515418, 4.7859296 ], [ -74.3511575, 4.785613 ], [ -74.3507436, 4.7853405 ], [ -74.350485, 4.785149 ], [ -74.3501598, 4.7849428 ], [ -74.3498495, 4.7846924 ], [ -74.3496647, 4.7844789 ], [ -74.3494947, 4.7843095 ], [ -74.34931, 4.7841401 ], [ -74.3478837, 4.7835657 ], [ -74.3477877, 4.7834332 ], [ -74.3477655, 4.7833669 ], [ -74.3477064, 4.7831386 ], [ -74.3476177, 4.7830134 ], [ -74.347529, 4.7829177 ], [ -74.3474403, 4.7829029 ], [ -74.3472999, 4.7828956 ], [ -74.3472778, 4.7828146 ], [ -74.3472556, 4.7827262 ], [ -74.3472113, 4.782601 ], [ -74.3470856, 4.7825642 ], [ -74.3469452, 4.7825495 ], [ -74.34679, 4.7825126 ], [ -74.3467309, 4.782439 ], [ -74.3466422, 4.7823433 ], [ -74.3465462, 4.7821739 ], [ -74.346524, 4.7821076 ], [ -74.3443587, 4.7813933 ], [ -74.344137, 4.7811723 ], [ -74.3440188, 4.7812239 ], [ -74.3438341, 4.7812533 ], [ -74.3435385, 4.7811797 ], [ -74.3434941, 4.7810472 ], [ -74.3436419, 4.7808483 ], [ -74.3437084, 4.7806348 ], [ -74.3437528, 4.7804212 ], [ -74.3437454, 4.7801561 ], [ -74.3436271, 4.7798983 ], [ -74.3434793, 4.7797952 ], [ -74.3432872, 4.7795301 ], [ -74.3434572, 4.779508 ], [ -74.3437232, 4.7795448 ], [ -74.3441814, 4.7796774 ], [ -74.3445139, 4.7797805 ], [ -74.3448539, 4.7799646 ], [ -74.3452012, 4.780134 ], [ -74.3454598, 4.7802445 ], [ -74.3456668, 4.7802445 ], [ -74.3458441, 4.7800677 ], [ -74.3462705, 4.780589 ], [ -74.3464667, 4.780567 ], [ -74.3466083, 4.7803701 ], [ -74.346739, 4.7801404 ], [ -74.3469461, 4.7799982 ], [ -74.3470224, 4.7799435 ], [ -74.3471532, 4.7799981 ], [ -74.3472513, 4.7800746 ], [ -74.3472949, 4.7799434 ], [ -74.347491, 4.7796918 ], [ -74.347698, 4.7794183 ], [ -74.3479257, 4.7791329 ], [ -74.3480679, 4.7791704 ], [ -74.3482102, 4.7792304 ], [ -74.3483674, 4.7792378 ], [ -74.3485695, 4.7792152 ], [ -74.3487416, 4.7792001 ], [ -74.3489138, 4.7792226 ], [ -74.3490411, 4.7792826 ], [ -74.3491384, 4.7793351 ], [ -74.3492358, 4.7794252 ], [ -74.349438, 4.7797405 ], [ -74.349483, 4.7799733 ], [ -74.3495729, 4.7802661 ], [ -74.349573, 4.7804989 ], [ -74.3495806, 4.7806716 ], [ -74.349648, 4.7807993 ], [ -74.3497753, 4.7809119 ], [ -74.3499625, 4.7809794 ], [ -74.350187, 4.7809943 ], [ -74.350479, 4.7809792 ], [ -74.3506511, 4.7810242 ], [ -74.3508982, 4.7810766 ], [ -74.3513324, 4.7811816 ], [ -74.3517591, 4.7812114 ], [ -74.3520136, 4.7812113 ], [ -74.3522981, 4.7812863 ], [ -74.3528595, 4.7814138 ], [ -74.3536231, 4.7816538 ], [ -74.3541996, 4.7818037 ], [ -74.3550755, 4.7820361 ], [ -74.3556819, 4.7822687 ], [ -74.3561985, 4.7825013 ], [ -74.3568274, 4.7828239 ], [ -74.3575461, 4.7831315 ], [ -74.3581855, 4.7832996 ], [ -74.3584759, 4.7835786 ], [ -74.3588147, 4.7840394 ], [ -74.3598187, 4.7848761 ], [ -74.3606413, 4.7855308 ], [ -74.3610526, 4.7858582 ], [ -74.3613913, 4.7861856 ], [ -74.3615729, 4.7865373 ], [ -74.3617302, 4.7868769 ], [ -74.3620327, 4.7873135 ], [ -74.3624197, 4.7874832 ], [ -74.3626979, 4.7875437 ], [ -74.3631213, 4.7878469 ], [ -74.3635931, 4.7882955 ], [ -74.3640165, 4.7886835 ], [ -74.3642463, 4.7887684 ], [ -74.3644277, 4.7887926 ], [ -74.3649114, 4.788756 ], [ -74.365383, 4.7886708 ], [ -74.3656007, 4.7886344 ], [ -74.3659514, 4.7887191 ], [ -74.3661691, 4.7887797 ], [ -74.3663505, 4.7887675 ], [ -74.366556, 4.7887189 ], [ -74.3667737, 4.7886217 ], [ -74.3671606, 4.7885852 ], [ -74.3673541, 4.7885608 ], [ -74.3676685, 4.7884394 ], [ -74.3678982, 4.7883058 ], [ -74.3680554, 4.7882936 ], [ -74.3685029, 4.788439 ], [ -74.3687932, 4.7887301 ], [ -74.3690111, 4.7891667 ], [ -74.3692652, 4.7895184 ], [ -74.3696402, 4.7899307 ], [ -74.3699306, 4.7901975 ], [ -74.3701846, 4.7904278 ], [ -74.3703903, 4.7906461 ], [ -74.3704388, 4.7908523 ], [ -74.3704873, 4.7911556 ], [ -74.3706809, 4.7915437 ], [ -74.3710439, 4.7919682 ], [ -74.3712738, 4.7923199 ], [ -74.3715037, 4.7926716 ], [ -74.3715159, 4.7929627 ], [ -74.3714919, 4.793266 ], [ -74.3715524, 4.7934601 ], [ -74.3716733, 4.7934722 ], [ -74.3721329, 4.7936175 ], [ -74.3723265, 4.793763 ], [ -74.3725442, 4.79386 ], [ -74.3728103, 4.7938963 ], [ -74.3730279, 4.7938355 ], [ -74.373173, 4.7936656 ], [ -74.3734389, 4.7935199 ], [ -74.3735961, 4.7934713 ], [ -74.373705, 4.7934713 ], [ -74.3738017, 4.7935076 ], [ -74.3738865, 4.7936896 ], [ -74.373947, 4.7938715 ], [ -74.3740559, 4.7939928 ], [ -74.3742736, 4.7939927 ], [ -74.3745154, 4.7939683 ], [ -74.374721, 4.7939682 ], [ -74.3749629, 4.7939924 ], [ -74.3752895, 4.7943077 ] ] ] } },
{ "type": "Feature", "properties": { "id": 0, "layer": "Sistemas_de_areas_protegidas", "clas_CIAF": "3a" }, "geometry": { "type": "Polygon", "coordinates": [ [ [ -74.281954, 4.8691125 ], [ -74.2821609, 4.8689014 ], [ -74.2823826, 4.868759 ], [ -74.2824073, 4.8687541 ], [ -74.2825748, 4.8686854 ], [ -74.2827866, 4.868705 ], [ -74.2830133, 4.8687296 ], [ -74.2830724, 4.8687394 ], [ -74.2832793, 4.868759 ], [ -74.2834419, 4.8687639 ], [ -74.2835946, 4.8687345 ], [ -74.283703, 4.868548 ], [ -74.2838557, 4.8683712 ], [ -74.2839395, 4.868224 ], [ -74.2840035, 4.8681013 ], [ -74.2840478, 4.8680473 ], [ -74.2841513, 4.8679883 ], [ -74.2843139, 4.8679147 ], [ -74.2844223, 4.8678951 ], [ -74.2845109, 4.8679049 ], [ -74.2845898, 4.8679294 ], [ -74.2846637, 4.8679687 ], [ -74.2847425, 4.8680816 ], [ -74.2847868, 4.8681111 ], [ -74.28491, 4.8681062 ], [ -74.2850085, 4.8680129 ], [ -74.285112, 4.8678951 ], [ -74.2851317, 4.8678902 ], [ -74.2852401, 4.8679049 ], [ -74.285378, 4.8679638 ], [ -74.2853977, 4.8679687 ], [ -74.2854864, 4.8680669 ], [ -74.2854963, 4.8681062 ], [ -74.2857032, 4.8681013 ], [ -74.2857919, 4.8680718 ], [ -74.2858707, 4.8679098 ], [ -74.28592, 4.8677576 ], [ -74.2859544, 4.8676693 ], [ -74.2859889, 4.8675858 ], [ -74.2860185, 4.8675269 ], [ -74.286053, 4.8674975 ], [ -74.28625, 4.8674778 ], [ -74.2863141, 4.8674876 ], [ -74.2863831, 4.867522 ], [ -74.2864373, 4.8675907 ], [ -74.286452, 4.8676545 ], [ -74.286452, 4.8677576 ], [ -74.2864422, 4.8678607 ], [ -74.2864373, 4.8679393 ], [ -74.2864865, 4.8680374 ], [ -74.2865259, 4.8681062 ], [ -74.2865998, 4.8682142 ], [ -74.286723, 4.8683369 ], [ -74.2868314, 4.8684252 ], [ -74.2868757, 4.8684596 ], [ -74.2869398, 4.8685038 ], [ -74.287058, 4.8685872 ], [ -74.2871516, 4.8686363 ], [ -74.2872896, 4.8687099 ], [ -74.2874078, 4.8687541 ], [ -74.2874768, 4.8687738 ], [ -74.2875852, 4.8687983 ], [ -74.2876295, 4.8688523 ], [ -74.2876147, 4.8689947 ], [ -74.287531, 4.8690634 ], [ -74.2873438, 4.8690634 ], [ -74.2871319, 4.8690879 ], [ -74.2869348, 4.8691419 ], [ -74.2869151, 4.8692057 ], [ -74.2868117, 4.8693923 ], [ -74.2867427, 4.8695886 ], [ -74.2866836, 4.8697261 ], [ -74.2866442, 4.8698832 ], [ -74.2866245, 4.8700059 ], [ -74.286654, 4.8700059 ], [ -74.2868314, 4.8700108 ], [ -74.2870728, 4.8700108 ], [ -74.2871713, 4.8700206 ], [ -74.2874029, 4.8701237 ], [ -74.2875063, 4.8702268 ], [ -74.2876196, 4.8703348 ], [ -74.2877576, 4.870374 ], [ -74.2878216, 4.8703937 ], [ -74.2878463, 4.8704477 ], [ -74.2878315, 4.8705753 ], [ -74.2877921, 4.8707275 ], [ -74.2877625, 4.8708306 ], [ -74.2877921, 4.8709533 ], [ -74.2878118, 4.8711447 ], [ -74.287866, 4.8712527 ], [ -74.2879891, 4.8713067 ], [ -74.288265, 4.8712724 ], [ -74.2884227, 4.8712724 ], [ -74.2885459, 4.8712969 ], [ -74.2886, 4.8713804 ], [ -74.288605, 4.8715129 ], [ -74.2886296, 4.8717191 ], [ -74.2886444, 4.8718958 ], [ -74.2886542, 4.871994 ], [ -74.2886395, 4.8721118 ], [ -74.2885508, 4.8721805 ], [ -74.2884769, 4.8722443 ], [ -74.2884325, 4.8723081 ], [ -74.2884375, 4.8723965 ], [ -74.2884769, 4.8724456 ], [ -74.2885163, 4.8724554 ], [ -74.288669, 4.8724701 ], [ -74.2887577, 4.8724898 ], [ -74.2889104, 4.8725339 ], [ -74.2890188, 4.8726419 ], [ -74.2891026, 4.8727499 ], [ -74.2892011, 4.8728775 ], [ -74.2893193, 4.8730837 ], [ -74.2893834, 4.8731721 ], [ -74.2895164, 4.8730248 ], [ -74.2896199, 4.872907 ], [ -74.2897677, 4.8728137 ], [ -74.289881, 4.872799 ], [ -74.2901224, 4.8728432 ], [ -74.2903096, 4.8728677 ], [ -74.2903983, 4.8729266 ], [ -74.2905066, 4.8729659 ], [ -74.2905707, 4.8729315 ], [ -74.2907727, 4.8728923 ], [ -74.2909008, 4.8728923 ], [ -74.2910781, 4.8729365 ], [ -74.2912456, 4.8730003 ], [ -74.2913048, 4.8730444 ], [ -74.2915412, 4.8730494 ], [ -74.2916348, 4.8731966 ], [ -74.291694, 4.8733292 ], [ -74.2917629, 4.8734813 ], [ -74.2918368, 4.8736139 ], [ -74.2919304, 4.8737022 ], [ -74.2920733, 4.8738299 ], [ -74.2921521, 4.8738937 ], [ -74.2925142, 4.8738961 ], [ -74.2925635, 4.873847 ], [ -74.292667, 4.8737292 ], [ -74.2926661, 4.8735871 ], [ -74.2925442, 4.8733551 ], [ -74.292353, 4.8730431 ], [ -74.2924417, 4.8730348 ], [ -74.2925913, 4.8730569 ], [ -74.2928407, 4.8731729 ], [ -74.2930929, 4.8732253 ], [ -74.2933271, 4.8732138 ], [ -74.2935094, 4.8730911 ], [ -74.2935242, 4.8730518 ], [ -74.2935488, 4.8728751 ], [ -74.2937065, 4.8726198 ], [ -74.2936917, 4.8724284 ], [ -74.2937311, 4.872178 ], [ -74.2937459, 4.872021 ], [ -74.2938247, 4.871427 ], [ -74.2938297, 4.8713828 ], [ -74.2938543, 4.8706514 ], [ -74.2939085, 4.8705385 ], [ -74.2940415, 4.8703569 ], [ -74.2941105, 4.8702685 ], [ -74.2942041, 4.8701605 ], [ -74.2943272, 4.8700083 ], [ -74.2944406, 4.8699053 ], [ -74.2945489, 4.8698463 ], [ -74.2947312, 4.8698071 ], [ -74.2949381, 4.869812 ], [ -74.295485, 4.8696353 ], [ -74.2955293, 4.8696156 ], [ -74.2956673, 4.8695322 ], [ -74.2957215, 4.8694389 ], [ -74.2956722, 4.8692475 ], [ -74.2956229, 4.8691002 ], [ -74.2957313, 4.8690069 ], [ -74.2958003, 4.8689628 ], [ -74.2958644, 4.8689382 ], [ -74.2960319, 4.8689382 ], [ -74.2962338, 4.8689186 ], [ -74.2966871, 4.8689431 ], [ -74.2968349, 4.8689628 ], [ -74.2970615, 4.8689922 ], [ -74.2972192, 4.8691051 ], [ -74.2973473, 4.86911 ], [ -74.2974606, 4.8691591 ], [ -74.2975887, 4.8693064 ], [ -74.2977118, 4.869434 ], [ -74.297766, 4.8694487 ], [ -74.2979976, 4.8693947 ], [ -74.2981749, 4.8692916 ], [ -74.2983572, 4.8691689 ], [ -74.2984853, 4.8690707 ], [ -74.2985444, 4.8690118 ], [ -74.2986085, 4.8688548 ], [ -74.2986479, 4.868732 ], [ -74.2987169, 4.868629 ], [ -74.2987514, 4.8685897 ], [ -74.2988203, 4.8685406 ], [ -74.2989583, 4.8684719 ], [ -74.2990765, 4.8683933 ], [ -74.299175, 4.8683442 ], [ -74.2993179, 4.8682461 ], [ -74.2993672, 4.8681872 ], [ -74.2993524, 4.8680301 ], [ -74.2993179, 4.8679368 ], [ -74.2994263, 4.8678975 ], [ -74.2996086, 4.867819 ], [ -74.2997022, 4.8677061 ], [ -74.2998155, 4.8675294 ], [ -74.2999436, 4.8675048 ], [ -74.3000717, 4.8674312 ], [ -74.3002934, 4.8673085 ], [ -74.3004412, 4.867279 ], [ -74.3006087, 4.8671907 ], [ -74.300722, 4.8670925 ], [ -74.3007663, 4.8669698 ], [ -74.3007319, 4.8667734 ], [ -74.3007417, 4.8666065 ], [ -74.3008008, 4.8665378 ], [ -74.3008994, 4.8664494 ], [ -74.3009831, 4.8663856 ], [ -74.3010816, 4.8663905 ], [ -74.3012344, 4.8664985 ], [ -74.3012541, 4.8665083 ], [ -74.3013772, 4.8665083 ], [ -74.3016531, 4.8664494 ], [ -74.3017024, 4.8663758 ], [ -74.3018453, 4.8663758 ], [ -74.3019044, 4.8664641 ], [ -74.3020423, 4.866474 ], [ -74.3021606, 4.8664101 ], [ -74.3022443, 4.8663512 ], [ -74.3023232, 4.8663856 ], [ -74.3023576, 4.8664298 ], [ -74.3024266, 4.8665427 ], [ -74.3025301, 4.8666801 ], [ -74.3025547, 4.8666949 ], [ -74.3026286, 4.8667243 ], [ -74.3027271, 4.8667783 ], [ -74.3028897, 4.8667832 ], [ -74.3029784, 4.8667636 ], [ -74.3030671, 4.8667243 ], [ -74.3032149, 4.8666949 ], [ -74.3034169, 4.8665869 ], [ -74.3035253, 4.8664789 ], [ -74.3035942, 4.8663856 ], [ -74.3036386, 4.8662727 ], [ -74.3036829, 4.8662334 ], [ -74.3036928, 4.8662236 ], [ -74.3037765, 4.8661991 ], [ -74.3039145, 4.8661893 ], [ -74.3039489, 4.8661843 ], [ -74.3041509, 4.8661794 ], [ -74.3043037, 4.866204 ], [ -74.3043874, 4.8662432 ], [ -74.3046042, 4.8662334 ], [ -74.3045845, 4.8661254 ], [ -74.3045057, 4.8659684 ], [ -74.3044318, 4.8657867 ], [ -74.3043677, 4.8657376 ], [ -74.3043381, 4.8655315 ], [ -74.3042692, 4.8654382 ], [ -74.3042248, 4.8653351 ], [ -74.304215, 4.8652124 ], [ -74.3043283, 4.8650602 ], [ -74.3044318, 4.8649129 ], [ -74.3044465, 4.8647706 ], [ -74.304348, 4.8646822 ], [ -74.3042593, 4.8646331 ], [ -74.3041706, 4.8645497 ], [ -74.3041608, 4.8645301 ], [ -74.3041608, 4.8641864 ], [ -74.3041903, 4.8639753 ], [ -74.3042544, 4.863833 ], [ -74.3043381, 4.8636955 ], [ -74.3044219, 4.8635385 ], [ -74.3045057, 4.8633666 ], [ -74.3045451, 4.8632439 ], [ -74.3045943, 4.8628758 ], [ -74.3045401, 4.8626549 ], [ -74.3044859, 4.8625714 ], [ -74.304412, 4.8624929 ], [ -74.3042889, 4.8623849 ], [ -74.3042051, 4.8622965 ], [ -74.304146, 4.862218 ], [ -74.3041164, 4.8621345 ], [ -74.3041608, 4.8620609 ], [ -74.3042889, 4.8620216 ], [ -74.3043677, 4.8620216 ], [ -74.3044367, 4.8619774 ], [ -74.304614, 4.8619038 ], [ -74.3047323, 4.8619332 ], [ -74.3048653, 4.8619038 ], [ -74.3049392, 4.8618547 ], [ -74.3049983, 4.8617074 ], [ -74.3051166, 4.8616976 ], [ -74.3051905, 4.8617467 ], [ -74.3053383, 4.8618547 ], [ -74.3055353, 4.8619283 ], [ -74.3056683, 4.8619382 ], [ -74.3057669, 4.8618203 ], [ -74.3057866, 4.861678 ], [ -74.3059492, 4.8615994 ], [ -74.3061364, 4.8615553 ], [ -74.3064467, 4.8613344 ], [ -74.3065601, 4.8612313 ], [ -74.3066093, 4.8610742 ], [ -74.3066783, 4.8609367 ], [ -74.3067029, 4.8608778 ], [ -74.3067965, 4.8607944 ], [ -74.3068655, 4.8607404 ], [ -74.3069936, 4.8607011 ], [ -74.3071266, 4.8607404 ], [ -74.3071365, 4.8607404 ], [ -74.3072793, 4.8607355 ], [ -74.3074468, 4.8606029 ], [ -74.3076439, 4.860436 ], [ -74.3077671, 4.8603379 ], [ -74.3078311, 4.8602937 ], [ -74.3081883, 4.8601857 ], [ -74.3082425, 4.8600826 ], [ -74.3082277, 4.8600114 ], [ -74.3082179, 4.8597954 ], [ -74.3082622, 4.8596727 ], [ -74.3083213, 4.8595892 ], [ -74.3083952, 4.8594763 ], [ -74.3084593, 4.8593438 ], [ -74.3084691, 4.8592603 ], [ -74.3085282, 4.8591769 ], [ -74.308612, 4.8591131 ], [ -74.3086514, 4.8590493 ], [ -74.3085726, 4.8589413 ], [ -74.3085282, 4.858902 ], [ -74.3084297, 4.8587204 ], [ -74.3083903, 4.8584553 ], [ -74.3083903, 4.8583866 ], [ -74.3083854, 4.8583277 ], [ -74.3083312, 4.8582589 ], [ -74.3082425, 4.8581902 ], [ -74.3081735, 4.8581706 ], [ -74.3080504, 4.8581215 ], [ -74.3080307, 4.8580282 ], [ -74.3080307, 4.8579055 ], [ -74.3079617, 4.8578122 ], [ -74.3078287, 4.8576797 ], [ -74.3077548, 4.8576404 ], [ -74.3076809, 4.8576404 ], [ -74.3074542, 4.8577533 ], [ -74.307405, 4.8578319 ], [ -74.3072621, 4.8578564 ], [ -74.3071537, 4.8577484 ], [ -74.3071439, 4.8576895 ], [ -74.3072621, 4.8574048 ], [ -74.3073606, 4.8572477 ], [ -74.3074838, 4.8571888 ], [ -74.3076759, 4.8571888 ], [ -74.3077498, 4.8571593 ], [ -74.3078829, 4.857017 ], [ -74.3080208, 4.8568746 ], [ -74.3081046, 4.8568599 ], [ -74.3082277, 4.8568697 ], [ -74.3083312, 4.8568893 ], [ -74.3084051, 4.8569482 ], [ -74.308543, 4.8569581 ], [ -74.3086218, 4.8570121 ], [ -74.3087795, 4.857071 ], [ -74.3089569, 4.8570072 ], [ -74.3089963, 4.856909 ], [ -74.309085, 4.8569875 ], [ -74.309149, 4.8570268 ], [ -74.3092869, 4.8569335 ], [ -74.3095136, 4.8568206 ], [ -74.3095333, 4.8566243 ], [ -74.3095185, 4.8565948 ], [ -74.3095579, 4.8563837 ], [ -74.3095924, 4.8562266 ], [ -74.3096515, 4.8560597 ], [ -74.3096269, 4.8559419 ], [ -74.3096515, 4.8557996 ], [ -74.3097402, 4.8556326 ], [ -74.3097698, 4.8555197 ], [ -74.3098239, 4.8553872 ], [ -74.3098781, 4.8551172 ], [ -74.3099668, 4.8549209 ], [ -74.3099915, 4.8548472 ], [ -74.3101639, 4.8547539 ], [ -74.3102723, 4.8546754 ], [ -74.3102526, 4.8544398 ], [ -74.3102378, 4.8544103 ], [ -74.3102821, 4.8541943 ], [ -74.3105728, 4.8541158 ], [ -74.3106664, 4.8539342 ], [ -74.3107649, 4.8536838 ], [ -74.3109324, 4.8535856 ], [ -74.3111147, 4.8534531 ], [ -74.311164, 4.8533451 ], [ -74.3111196, 4.8532665 ], [ -74.3110457, 4.8532224 ], [ -74.3109226, 4.8531634 ], [ -74.3108635, 4.8530653 ], [ -74.3108438, 4.8529327 ], [ -74.3108142, 4.8528591 ], [ -74.3108043, 4.8525449 ], [ -74.3108438, 4.8523584 ], [ -74.3108782, 4.8522307 ], [ -74.3109177, 4.8521031 ], [ -74.311031, 4.8519607 ], [ -74.3110802, 4.8519068 ], [ -74.3113167, 4.8516564 ], [ -74.3113955, 4.8514993 ], [ -74.3112625, 4.8514748 ], [ -74.3111344, 4.8514748 ], [ -74.3110605, 4.8514748 ], [ -74.3110359, 4.851406 ], [ -74.3110999, 4.8512784 ], [ -74.3110753, 4.8512195 ], [ -74.3109965, 4.851141 ], [ -74.3110063, 4.8510035 ], [ -74.3110802, 4.8508808 ], [ -74.3111369, 4.8507875 ], [ -74.3112108, 4.8507286 ], [ -74.3113315, 4.8506942 ], [ -74.3113093, 4.8505666 ], [ -74.3112256, 4.8504537 ], [ -74.3112502, 4.8503334 ], [ -74.3112601, 4.8502352 ], [ -74.311297, 4.8501665 ], [ -74.311398, 4.8500462 ], [ -74.3114891, 4.849953 ], [ -74.3116049, 4.8499014 ], [ -74.3117527, 4.8498303 ], [ -74.3118463, 4.8497026 ], [ -74.3118611, 4.8496339 ], [ -74.3118833, 4.8496093 ], [ -74.3118783, 4.8494915 ], [ -74.3119325, 4.849359 ], [ -74.3120409, 4.8492903 ], [ -74.3120951, 4.8492363 ], [ -74.3121148, 4.8491283 ], [ -74.3120557, 4.8490546 ], [ -74.311972, 4.8489466 ], [ -74.3118882, 4.8488288 ], [ -74.3117995, 4.8487454 ], [ -74.3117995, 4.8486668 ], [ -74.311834, 4.8486128 ], [ -74.3119325, 4.8485146 ], [ -74.3119867, 4.848495 ], [ -74.3120163, 4.8484165 ], [ -74.3119966, 4.8483526 ], [ -74.3119769, 4.8483036 ], [ -74.3119473, 4.8482201 ], [ -74.3119178, 4.8481808 ], [ -74.3119128, 4.8480827 ], [ -74.3120064, 4.8480139 ], [ -74.3120705, 4.8479059 ], [ -74.3121333, 4.8477955 ], [ -74.3122417, 4.8477243 ], [ -74.3123464, 4.8476126 ], [ -74.3124215, 4.8474899 ], [ -74.3125102, 4.8473377 ], [ -74.3125102, 4.8472273 ], [ -74.3124314, 4.8470726 ], [ -74.3123575, 4.846999 ], [ -74.3123673, 4.8466554 ], [ -74.3123525, 4.8463682 ], [ -74.3123427, 4.8462725 ], [ -74.31219, 4.8462455 ], [ -74.3120323, 4.8462896 ], [ -74.3119091, 4.8462749 ], [ -74.3118352, 4.8462185 ], [ -74.3117884, 4.8461375 ], [ -74.3117761, 4.8461006 ], [ -74.3117293, 4.8458331 ], [ -74.3117022, 4.8457521 ], [ -74.3117712, 4.8455876 ], [ -74.3118525, 4.8455116 ], [ -74.3123304, 4.8450477 ], [ -74.312525, 4.8449151 ], [ -74.3125348, 4.8444463 ], [ -74.3129388, 4.8441714 ], [ -74.3130767, 4.8439849 ], [ -74.3130669, 4.843894 ], [ -74.3130817, 4.8438106 ], [ -74.3131112, 4.8436928 ], [ -74.3132541, 4.8434866 ], [ -74.313259, 4.8434866 ], [ -74.3133329, 4.8433982 ], [ -74.3137024, 4.8429564 ], [ -74.3138108, 4.8427699 ], [ -74.3139093, 4.8425882 ], [ -74.3139291, 4.8424606 ], [ -74.3139832, 4.8423428 ], [ -74.3140128, 4.8422741 ], [ -74.3140621, 4.8421661 ], [ -74.3140769, 4.842063 ], [ -74.314131, 4.8419353 ], [ -74.3141409, 4.841793 ], [ -74.3142049, 4.8415917 ], [ -74.3142247, 4.8415033 ], [ -74.3142912, 4.8414714 ], [ -74.3143281, 4.8414322 ], [ -74.3143306, 4.8413634 ], [ -74.3143256, 4.8412922 ], [ -74.3143355, 4.841226 ], [ -74.3143601, 4.8411941 ], [ -74.3143798, 4.8411597 ], [ -74.3143946, 4.8411278 ], [ -74.3144291, 4.8410762 ], [ -74.3144907, 4.8409462 ], [ -74.3145005, 4.8408676 ], [ -74.3145498, 4.8407891 ], [ -74.314641, 4.8407449 ], [ -74.3150794, 4.84074 ], [ -74.3150917, 4.8407572 ], [ -74.3151164, 4.8407915 ], [ -74.3151312, 4.8408112 ], [ -74.3151262, 4.8408112 ], [ -74.3151509, 4.8408308 ], [ -74.3151755, 4.8408799 ], [ -74.3151952, 4.840929 ], [ -74.3152248, 4.8409952 ], [ -74.3152321, 4.8410836 ], [ -74.3152543, 4.8411769 ], [ -74.3152716, 4.8412432 ], [ -74.3152888, 4.8413634 ], [ -74.3153011, 4.8414518 ], [ -74.3152765, 4.8415377 ], [ -74.315274, 4.8415966 ], [ -74.3152716, 4.8416629 ], [ -74.315274, 4.8417169 ], [ -74.3153479, 4.8417831 ], [ -74.3154009, 4.8418789 ], [ -74.3154452, 4.8419513 ], [ -74.3154637, 4.8420311 ], [ -74.3155327, 4.8421182 ], [ -74.3156029, 4.8422194 ], [ -74.3156916, 4.8423716 ], [ -74.3157408, 4.8424379 ], [ -74.3157753, 4.8425901 ], [ -74.3157827, 4.8426711 ], [ -74.3157408, 4.8427643 ], [ -74.3156891, 4.8428625 ], [ -74.3155906, 4.8430932 ], [ -74.3153689, 4.8432602 ], [ -74.3152285, 4.8433191 ], [ -74.3151693, 4.8433608 ], [ -74.3150757, 4.843432 ], [ -74.3151275, 4.8435498 ], [ -74.3152112, 4.8436161 ], [ -74.3152605, 4.8436922 ], [ -74.315327, 4.8437977 ], [ -74.3153319, 4.8442837 ], [ -74.3152703, 4.8443475 ], [ -74.3152087, 4.8444187 ], [ -74.3151373, 4.8445291 ], [ -74.3151472, 4.844917 ], [ -74.3151964, 4.8449219 ], [ -74.3152014, 4.8454815 ], [ -74.3152679, 4.845506 ], [ -74.3152457, 4.8458202 ], [ -74.315189, 4.845992 ], [ -74.315125, 4.8461491 ], [ -74.3151004, 4.8462448 ], [ -74.3151078, 4.8463725 ], [ -74.3150659, 4.8464927 ], [ -74.3149402, 4.8467603 ], [ -74.3148614, 4.8468781 ], [ -74.3148171, 4.8469812 ], [ -74.3147013, 4.8471137 ], [ -74.3146052, 4.847207 ], [ -74.314487, 4.8472978 ], [ -74.3144156, 4.8473641 ], [ -74.3142801, 4.847477 ], [ -74.3142505, 4.8475212 ], [ -74.3142579, 4.8477961 ], [ -74.3142973, 4.8478059 ], [ -74.3143072, 4.8481029 ], [ -74.3143761, 4.8481765 ], [ -74.3143441, 4.8485913 ], [ -74.3144082, 4.8486012 ], [ -74.3144082, 4.8492099 ], [ -74.3144673, 4.8493473 ], [ -74.3145215, 4.8495339 ], [ -74.3145905, 4.8497302 ], [ -74.3147136, 4.8497744 ], [ -74.3148171, 4.8497695 ], [ -74.3150585, 4.8497646 ], [ -74.3151028, 4.8497744 ], [ -74.3151718, 4.8498235 ], [ -74.3154181, 4.849794 ], [ -74.3155265, 4.8496762 ], [ -74.3156398, 4.8493228 ], [ -74.3156349, 4.8492344 ], [ -74.3156349, 4.8490577 ], [ -74.3156645, 4.8490184 ], [ -74.3157728, 4.848881 ], [ -74.3158911, 4.8486797 ], [ -74.3159748, 4.8485373 ], [ -74.3160438, 4.8483557 ], [ -74.3160537, 4.8482134 ], [ -74.316098, 4.8481594 ], [ -74.3160832, 4.8480955 ], [ -74.3161423, 4.8480514 ], [ -74.3161842, 4.8479777 ], [ -74.3161891, 4.8478182 ], [ -74.3161941, 4.8477126 ], [ -74.3162483, 4.8476365 ], [ -74.3162409, 4.8475703 ], [ -74.3162507, 4.8474647 ], [ -74.3163148, 4.8473788 ], [ -74.3164207, 4.8472831 ], [ -74.3164626, 4.8472316 ], [ -74.3165439, 4.8471677 ], [ -74.3165783, 4.8471358 ], [ -74.3166547, 4.8469984 ], [ -74.3167089, 4.8467578 ], [ -74.3167261, 4.8467308 ], [ -74.3167631, 4.8466842 ], [ -74.3167976, 4.8466498 ], [ -74.3169183, 4.8465467 ], [ -74.3170365, 4.8465247 ], [ -74.3171203, 4.8464657 ], [ -74.3172237, 4.846424 ], [ -74.3172779, 4.8464117 ], [ -74.317374, 4.846316 ], [ -74.3173691, 4.846235 ], [ -74.3174183, 4.8461123 ], [ -74.317438, 4.8460411 ], [ -74.3175316, 4.8458914 ], [ -74.3176105, 4.8457883 ], [ -74.3177558, 4.8457269 ], [ -74.3179061, 4.8456852 ], [ -74.3179923, 4.8456533 ], [ -74.3179677, 4.8455502 ], [ -74.3179553, 4.8454299 ], [ -74.3180071, 4.8452876 ], [ -74.3180884, 4.8451796 ], [ -74.3181056, 4.8451477 ], [ -74.3182115, 4.8449783 ], [ -74.3182214, 4.8448801 ], [ -74.318315, 4.8447623 ], [ -74.318315, 4.8447181 ], [ -74.3183593, 4.8446752 ], [ -74.3183938, 4.8446433 ], [ -74.318464, 4.8446212 ], [ -74.3185318, 4.8446015 ], [ -74.3185712, 4.8445721 ], [ -74.3185761, 4.8444935 ], [ -74.3185527, 4.8444273 ], [ -74.3185256, 4.844388 ], [ -74.3185219, 4.8440646 ], [ -74.3185847, 4.8439008 ], [ -74.3186586, 4.8437977 ], [ -74.3187547, 4.8436652 ], [ -74.3189136, 4.843621 ], [ -74.319017, 4.8436247 ], [ -74.3190503, 4.8434516 ], [ -74.319054, 4.8433522 ], [ -74.3189875, 4.8432675 ], [ -74.3190133, 4.8431571 ], [ -74.3190096, 4.8430834 ], [ -74.3190761, 4.8429951 ], [ -74.3191131, 4.8428754 ], [ -74.3191907, 4.8427926 ], [ -74.3193015, 4.8426932 ], [ -74.3193385, 4.8426527 ], [ -74.3194456, 4.8424281 ], [ -74.3194937, 4.8423802 ], [ -74.3195491, 4.8422734 ], [ -74.3196248, 4.8421777 ], [ -74.3196951, 4.8421206 ], [ -74.3197449, 4.8421317 ], [ -74.3198004, 4.8421998 ], [ -74.3199426, 4.8422201 ], [ -74.3199907, 4.8422201 ], [ -74.3202253, 4.8420102 ], [ -74.3203398, 4.8419274 ], [ -74.3204913, 4.8418298 ], [ -74.3205061, 4.8418243 ], [ -74.32075, 4.8416862 ], [ -74.3209181, 4.8416623 ], [ -74.3209273, 4.8418795 ], [ -74.3210825, 4.8420617 ], [ -74.3211435, 4.8420986 ], [ -74.3213116, 4.8421206 ], [ -74.3214853, 4.8421262 ], [ -74.3215388, 4.842128 ], [ -74.3217033, 4.8420176 ], [ -74.3218511, 4.842012 ], [ -74.3219361, 4.8419789 ], [ -74.3219619, 4.8418408 ], [ -74.321973, 4.8417617 ], [ -74.3222206, 4.8414874 ], [ -74.3222945, 4.8413898 ], [ -74.3222945, 4.8413033 ], [ -74.3222557, 4.8412149 ], [ -74.3219416, 4.8412131 ], [ -74.3218511, 4.8412057 ], [ -74.3217679, 4.8411928 ], [ -74.3217458, 4.8411247 ], [ -74.3217291, 4.8408836 ], [ -74.3216109, 4.8408062 ], [ -74.3215739, 4.8407216 ], [ -74.321718, 4.8405412 ], [ -74.3218917, 4.8404565 ], [ -74.3219508, 4.8403902 ], [ -74.3219582, 4.8403681 ], [ -74.3220063, 4.8402319 ], [ -74.3219915, 4.8401288 ], [ -74.3218658, 4.8400773 ], [ -74.3217883, 4.8401546 ], [ -74.3217809, 4.8401803 ], [ -74.32167, 4.8401214 ], [ -74.3215481, 4.8400515 ], [ -74.3214668, 4.8400147 ], [ -74.3213412, 4.8401067 ], [ -74.3211601, 4.8401362 ], [ -74.3210419, 4.8401619 ], [ -74.3208054, 4.8399337 ], [ -74.3208571, 4.8397238 ], [ -74.3209273, 4.8396023 ], [ -74.321101, 4.8393777 ], [ -74.3211195, 4.839363 ], [ -74.3214409, 4.8391494 ], [ -74.3214779, 4.8390574 ], [ -74.3214742, 4.8388659 ], [ -74.3213744, 4.8386819 ], [ -74.3212451, 4.8385567 ], [ -74.321282, 4.8384499 ], [ -74.3213486, 4.8383284 ], [ -74.3213227, 4.8381369 ], [ -74.3212783, 4.8380081 ], [ -74.3212081, 4.8379308 ], [ -74.3211638, 4.8378203 ], [ -74.3213079, 4.8377283 ], [ -74.321452, 4.8376841 ], [ -74.321537, 4.837592 ], [ -74.3215629, 4.8374963 ], [ -74.3217328, 4.8372312 ], [ -74.3219545, 4.8371355 ], [ -74.3221947, 4.8369882 ], [ -74.3223277, 4.836944 ], [ -74.3224053, 4.8369183 ], [ -74.3225864, 4.8368594 ], [ -74.322675, 4.8368446 ], [ -74.3228081, 4.8368446 ], [ -74.3228524, 4.8367563 ], [ -74.3228118, 4.8366679 ], [ -74.3227637, 4.8366053 ], [ -74.322712, 4.8365795 ], [ -74.3225494, 4.8365133 ], [ -74.322494, 4.8364912 ], [ -74.3224607, 4.836458 ], [ -74.3224349, 4.836296 ], [ -74.3224312, 4.8361525 ], [ -74.3224238, 4.8360494 ], [ -74.3224099, 4.8359923 ], [ -74.3223767, 4.8359444 ], [ -74.3223841, 4.8358119 ], [ -74.3224099, 4.8356683 ], [ -74.3224284, 4.8356094 ], [ -74.322458, 4.835602 ], [ -74.3230381, 4.8353038 ], [ -74.3231729, 4.8352394 ], [ -74.3233355, 4.8350295 ], [ -74.3234648, 4.834897 ], [ -74.3235277, 4.8349043 ], [ -74.3235794, 4.8349117 ], [ -74.3236718, 4.8349522 ], [ -74.3237789, 4.8350037 ], [ -74.3238824, 4.8350185 ], [ -74.3239674, 4.8350148 ], [ -74.3239711, 4.8350148 ], [ -74.3240708, 4.8350553 ], [ -74.3241336, 4.8350884 ], [ -74.3241595, 4.835151 ], [ -74.324178, 4.8352173 ], [ -74.3241484, 4.8352946 ], [ -74.3241078, 4.8353977 ], [ -74.3240523, 4.8355008 ], [ -74.324056, 4.8355818 ], [ -74.3242075, 4.8356039 ], [ -74.3242888, 4.8356039 ], [ -74.3244145, 4.8355891 ], [ -74.3244699, 4.8355339 ], [ -74.3245105, 4.8355339 ], [ -74.3245955, 4.8355486 ], [ -74.3246472, 4.8355634 ], [ -74.3247027, 4.8355965 ], [ -74.3247137, 4.8358653 ], [ -74.3247544, 4.83588 ], [ -74.3247895, 4.8358818 ], [ -74.3248301, 4.8358726 ], [ -74.3248782, 4.8358377 ], [ -74.3249336, 4.8357806 ], [ -74.3249447, 4.8357714 ], [ -74.3250777, 4.8357106 ], [ -74.3252218, 4.8356591 ], [ -74.3253696, 4.8356775 ], [ -74.3254066, 4.8356959 ], [ -74.3254638, 4.8357677 ], [ -74.3255137, 4.8358929 ], [ -74.3255266, 4.8359297 ], [ -74.3256172, 4.8360052 ], [ -74.3256246, 4.8360089 ], [ -74.32568, 4.8359776 ], [ -74.3257539, 4.8359407 ], [ -74.325776, 4.8358984 ], [ -74.3258278, 4.8358469 ], [ -74.3258887, 4.8357548 ], [ -74.3259811, 4.8356775 ], [ -74.3259885, 4.8356775 ], [ -74.3263432, 4.8356628 ], [ -74.326358, 4.8354271 ], [ -74.326394, 4.8353981 ], [ -74.3264301, 4.8353595 ], [ -74.3264952, 4.8352684 ], [ -74.3265617, 4.8351786 ], [ -74.3265797, 4.8351041 ], [ -74.3265769, 4.8350447 ], [ -74.3265686, 4.8349895 ], [ -74.3265464, 4.8349577 ], [ -74.3265049, 4.8349287 ], [ -74.3264384, 4.8348887 ], [ -74.3263234, 4.8348804 ], [ -74.3262707, 4.8348804 ], [ -74.3261959, 4.8348583 ], [ -74.3261599, 4.8348086 ], [ -74.3261419, 4.8347782 ], [ -74.3261446, 4.834636 ], [ -74.326146, 4.834549 ], [ -74.3261709, 4.8344897 ], [ -74.3262416, 4.8344551 ], [ -74.3263289, 4.8344054 ], [ -74.3264093, 4.8343668 ], [ -74.3265007, 4.8342991 ], [ -74.3265354, 4.8342453 ], [ -74.3265478, 4.83419 ], [ -74.3265603, 4.8341086 ], [ -74.3265631, 4.833994 ], [ -74.3265243, 4.8339111 ], [ -74.3263968, 4.8338628 ], [ -74.3262652, 4.833849 ], [ -74.3262014, 4.8338435 ], [ -74.3259964, 4.8338159 ], [ -74.3259382, 4.8337468 ], [ -74.3258827, 4.8336281 ], [ -74.3258606, 4.8334983 ], [ -74.3258606, 4.8334403 ], [ -74.3258661, 4.8332222 ], [ -74.325855, 4.8330979 ], [ -74.3259354, 4.8329433 ], [ -74.3259631, 4.8329129 ], [ -74.3260268, 4.8328466 ], [ -74.326074, 4.8327886 ], [ -74.3261183, 4.83275 ], [ -74.3266753, 4.8327251 ], [ -74.3266975, 4.8326837 ], [ -74.326703, 4.8326395 ], [ -74.3267723, 4.8325871 ], [ -74.3267501, 4.8325263 ], [ -74.3266559, 4.8324766 ], [ -74.3266254, 4.8324656 ], [ -74.326606, 4.8324656 ], [ -74.3265423, 4.8324241 ], [ -74.3264758, 4.8324076 ], [ -74.3264065, 4.8324131 ], [ -74.3263899, 4.8323993 ], [ -74.3263345, 4.832275 ], [ -74.3262735, 4.832217 ], [ -74.3262402, 4.8321977 ], [ -74.3261737, 4.8321618 ], [ -74.3261294, 4.8321314 ], [ -74.32611, 4.8320734 ], [ -74.3261515, 4.8320127 ], [ -74.3261737, 4.831974 ], [ -74.3262153, 4.8319161 ], [ -74.3262236, 4.831847 ], [ -74.3262236, 4.8318166 ], [ -74.326243, 4.831731 ], [ -74.3262458, 4.8313721 ], [ -74.326279, 4.8313168 ], [ -74.326279, 4.8312809 ], [ -74.3262846, 4.8311898 ], [ -74.3262901, 4.8311401 ], [ -74.3262818, 4.8306762 ], [ -74.3263372, 4.8305906 ], [ -74.3264037, 4.8304746 ], [ -74.3264093, 4.830447 ], [ -74.326498, 4.8303062 ], [ -74.32657, 4.8302454 ], [ -74.326606, 4.8302288 ], [ -74.326703, 4.8301515 ], [ -74.3267917, 4.8301101 ], [ -74.3268499, 4.830088 ], [ -74.3269497, 4.8300604 ], [ -74.3273016, 4.8300604 ], [ -74.3273515, 4.8301018 ], [ -74.3274208, 4.8301073 ], [ -74.3274873, 4.8301543 ], [ -74.3276231, 4.8301598 ], [ -74.3276286, 4.8300411 ], [ -74.327684, 4.8299527 ], [ -74.327939, 4.8297346 ], [ -74.328011, 4.8296821 ], [ -74.3282466, 4.829602 ], [ -74.3283491, 4.8295578 ], [ -74.3284544, 4.8294943 ], [ -74.3284628, 4.829486 ], [ -74.3285902, 4.8293204 ], [ -74.3286734, 4.8290028 ], [ -74.3287565, 4.8287267 ], [ -74.3288064, 4.8285665 ], [ -74.3288729, 4.8283401 ], [ -74.3288951, 4.8282683 ], [ -74.3289339, 4.828213 ], [ -74.3291057, 4.8280363 ], [ -74.329211, 4.8279535 ], [ -74.3292609, 4.8279148 ], [ -74.3293662, 4.8278375 ], [ -74.3294493, 4.8276387 ], [ -74.3294826, 4.827473 ], [ -74.3295602, 4.8273294 ], [ -74.3296655, 4.8272134 ], [ -74.3297652, 4.8271527 ], [ -74.3298484, 4.8271085 ], [ -74.329937, 4.8270974 ], [ -74.3300146, 4.8270974 ], [ -74.3301366, 4.8270698 ], [ -74.3302474, 4.8270256 ], [ -74.3303361, 4.8270256 ], [ -74.3305412, 4.8269925 ], [ -74.3307074, 4.8269317 ], [ -74.3307352, 4.8268599 ], [ -74.3308516, 4.8267274 ], [ -74.3309735, 4.8265507 ], [ -74.3310954, 4.8264402 ], [ -74.3312451, 4.8263574 ], [ -74.3313227, 4.8262248 ], [ -74.3314335, 4.8260591 ], [ -74.3315056, 4.8258714 ], [ -74.3315111, 4.8257388 ], [ -74.3314834, 4.8256118 ], [ -74.3314612, 4.8255234 ], [ -74.3314612, 4.8254682 ], [ -74.3315166, 4.8253798 ], [ -74.3315388, 4.825308 ], [ -74.3315388, 4.8252086 ], [ -74.3315499, 4.8250871 ], [ -74.3316275, 4.8249325 ], [ -74.3317162, 4.8246287 ], [ -74.3317383, 4.8245625 ], [ -74.3317716, 4.8244575 ], [ -74.3318464, 4.8243167 ], [ -74.3318935, 4.8241621 ], [ -74.33196, 4.8239964 ], [ -74.3319739, 4.8239135 ], [ -74.3320016, 4.8238114 ], [ -74.332021, 4.8237202 ], [ -74.3321429, 4.82348 ], [ -74.3322649, 4.8233309 ], [ -74.3323591, 4.8232094 ], [ -74.3324367, 4.8230326 ], [ -74.3325586, 4.8229001 ], [ -74.3326251, 4.8227455 ], [ -74.3326695, 4.8226681 ], [ -74.332736, 4.8225522 ], [ -74.3328413, 4.8223589 ], [ -74.3329244, 4.8222539 ], [ -74.3329577, 4.8221932 ], [ -74.3330186, 4.8221435 ], [ -74.3330574, 4.8221324 ], [ -74.333124, 4.8220772 ], [ -74.3332182, 4.822033 ], [ -74.3333069, 4.8219778 ], [ -74.3333623, 4.8218839 ], [ -74.3334343, 4.8217624 ], [ -74.3334787, 4.8216961 ], [ -74.3335452, 4.8216409 ], [ -74.3336893, 4.8215967 ], [ -74.3337669, 4.8216243 ], [ -74.3338278, 4.821663 ], [ -74.3338556, 4.8217679 ], [ -74.3341327, 4.8218673 ], [ -74.334953, 4.8220772 ], [ -74.3369261, 4.8225301 ], [ -74.338478, 4.8229167 ], [ -74.3392207, 4.8230713 ], [ -74.3396641, 4.8231155 ], [ -74.3401629, 4.8233143 ], [ -74.3411716, 4.8236236 ], [ -74.3421027, 4.8238445 ], [ -74.3420473, 4.8239439 ], [ -74.3419143, 4.8241427 ], [ -74.341881, 4.8242532 ], [ -74.3419143, 4.8243747 ], [ -74.342003, 4.8245625 ], [ -74.3421471, 4.8249159 ], [ -74.3423799, 4.8252473 ], [ -74.3425295, 4.8253964 ], [ -74.3426348, 4.8255787 ], [ -74.3426902, 4.8257278 ], [ -74.3427235, 4.8258272 ], [ -74.3427623, 4.8259266 ], [ -74.3428454, 4.8260647 ], [ -74.342923, 4.8262138 ], [ -74.3429895, 4.8264071 ], [ -74.3429784, 4.8268102 ], [ -74.3430228, 4.8268213 ], [ -74.3430283, 4.8268876 ], [ -74.3433664, 4.826871 ], [ -74.343444, 4.8269594 ], [ -74.3435271, 4.8270974 ], [ -74.3436435, 4.8272742 ], [ -74.343699, 4.8274178 ], [ -74.343699, 4.8275006 ], [ -74.343638, 4.8276773 ], [ -74.3435327, 4.8277933 ], [ -74.3435161, 4.8278043 ], [ -74.3434662, 4.8279093 ], [ -74.3434994, 4.827959 ], [ -74.3435105, 4.8281965 ], [ -74.3434274, 4.8283566 ], [ -74.3432722, 4.8283898 ], [ -74.3431558, 4.8283566 ], [ -74.3430061, 4.8284339 ], [ -74.3429674, 4.8285113 ], [ -74.3430339, 4.8285665 ], [ -74.3430782, 4.8285941 ], [ -74.3433553, 4.8287874 ], [ -74.3434994, 4.8288537 ], [ -74.3436214, 4.8289586 ], [ -74.3437655, 4.8290525 ], [ -74.3439207, 4.8291519 ], [ -74.343965, 4.8291795 ], [ -74.3441645, 4.8293065 ], [ -74.3442532, 4.829417 ], [ -74.344353, 4.8295219 ], [ -74.3443308, 4.8296131 ], [ -74.3444139, 4.8297125 ], [ -74.3444306, 4.829787 ], [ -74.3444056, 4.8298561 ], [ -74.3443003, 4.8299527 ], [ -74.3441978, 4.8300659 ], [ -74.3441673, 4.8301432 ], [ -74.3441701, 4.8302868 ], [ -74.3441978, 4.8304083 ], [ -74.3442089, 4.8304663 ], [ -74.3444167, 4.8306348 ], [ -74.3445857, 4.8307811 ], [ -74.3446467, 4.8308364 ], [ -74.3447493, 4.8309109 ], [ -74.3447991, 4.8309744 ], [ -74.3449377, 4.8311097 ], [ -74.3449543, 4.8312726 ], [ -74.344946, 4.8315598 ], [ -74.3448989, 4.8318028 ], [ -74.3448407, 4.8319271 ], [ -74.3448352, 4.8321756 ], [ -74.3448629, 4.8323827 ], [ -74.3448684, 4.8325291 ], [ -74.3448462, 4.8326312 ], [ -74.3447271, 4.8328328 ], [ -74.3446744, 4.8328687 ], [ -74.3444195, 4.8330455 ], [ -74.3442698, 4.8331338 ], [ -74.3440814, 4.8331421 ], [ -74.3439899, 4.8331559 ], [ -74.3440149, 4.8332305 ], [ -74.3442643, 4.8334707 ], [ -74.3444167, 4.833606 ], [ -74.3444971, 4.8336806 ], [ -74.3445996, 4.8337938 ], [ -74.3447215, 4.8339705 ], [ -74.3447437, 4.8340616 ], [ -74.3447077, 4.8343681 ], [ -74.3446606, 4.8345587 ], [ -74.3445968, 4.8347685 ], [ -74.344522, 4.8349066 ], [ -74.3444001, 4.8350502 ], [ -74.3443197, 4.8350751 ], [ -74.3441562, 4.8349867 ], [ -74.3439678, 4.8348459 ], [ -74.3438708, 4.8347906 ], [ -74.3435798, 4.83481 ], [ -74.3434135, 4.8348017 ], [ -74.3433415, 4.8349204 ], [ -74.343275, 4.8350143 ], [ -74.3432029, 4.8350861 ], [ -74.3431669, 4.835249 ], [ -74.3430006, 4.835238 ], [ -74.3429784, 4.8352242 ], [ -74.3424464, 4.8350198 ], [ -74.3422579, 4.8349259 ], [ -74.3416482, 4.8346222 ], [ -74.3415097, 4.8345559 ], [ -74.34136, 4.8344841 ], [ -74.3411494, 4.8343571 ], [ -74.3405675, 4.8341528 ], [ -74.3403735, 4.8340423 ], [ -74.340174, 4.8339263 ], [ -74.3400021, 4.8338214 ], [ -74.3396918, 4.8337109 ], [ -74.3395477, 4.8336447 ], [ -74.3393758, 4.8335563 ], [ -74.3392761, 4.8335453 ], [ -74.3392539, 4.833606 ], [ -74.339265, 4.8337275 ], [ -74.3392761, 4.8338656 ], [ -74.3394202, 4.8339981 ], [ -74.3396419, 4.8340092 ], [ -74.3397139, 4.8340644 ], [ -74.3397361, 4.8341749 ], [ -74.339725, 4.834335 ], [ -74.3396751, 4.8344455 ], [ -74.3396197, 4.8345338 ], [ -74.3394867, 4.834705 ], [ -74.3393814, 4.8347603 ], [ -74.3392428, 4.8347492 ], [ -74.3391209, 4.8347934 ], [ -74.339132, 4.8348818 ], [ -74.3391264, 4.8349977 ], [ -74.3388604, 4.8350751 ], [ -74.3387495, 4.835064 ], [ -74.3386609, 4.835064 ], [ -74.33855, 4.8351303 ], [ -74.3385556, 4.8352187 ], [ -74.3386553, 4.8353567 ], [ -74.3387606, 4.8355003 ], [ -74.3387828, 4.8355334 ], [ -74.3388271, 4.8356991 ], [ -74.3388382, 4.8358262 ], [ -74.3386997, 4.8360029 ], [ -74.3385888, 4.8361575 ], [ -74.3385112, 4.8362238 ], [ -74.3385223, 4.8363895 ], [ -74.3385611, 4.8364999 ], [ -74.3386387, 4.8365772 ], [ -74.3386221, 4.8369749 ], [ -74.3385334, 4.8371737 ], [ -74.338417, 4.8372952 ], [ -74.3384447, 4.8374056 ], [ -74.3384225, 4.8376818 ], [ -74.3382729, 4.8378088 ], [ -74.3381565, 4.8378309 ], [ -74.3381288, 4.8380076 ], [ -74.3381288, 4.838107 ], [ -74.3381177, 4.8383832 ], [ -74.3381676, 4.8385212 ], [ -74.3381787, 4.8386703 ], [ -74.3381011, 4.8388084 ], [ -74.3379902, 4.8389851 ], [ -74.3377297, 4.8391287 ], [ -74.3375247, 4.8392447 ], [ -74.3373584, 4.8392613 ], [ -74.3372309, 4.839322 ], [ -74.3371145, 4.8395816 ], [ -74.3370646, 4.8397197 ], [ -74.3368928, 4.8399074 ], [ -74.3367376, 4.84004 ], [ -74.3366379, 4.8401173 ], [ -74.3365547, 4.8403216 ], [ -74.3366711, 4.8404266 ], [ -74.3366988, 4.8407966 ], [ -74.3365326, 4.8410285 ], [ -74.3365049, 4.8412053 ], [ -74.3366878, 4.8412605 ], [ -74.3368873, 4.8412494 ], [ -74.3369316, 4.8412329 ], [ -74.3370979, 4.8411832 ], [ -74.3371589, 4.8412053 ], [ -74.3371977, 4.8413047 ], [ -74.3371256, 4.8414317 ], [ -74.3371921, 4.8415477 ], [ -74.3372365, 4.8415918 ], [ -74.3373141, 4.8417354 ], [ -74.3371921, 4.8419122 ], [ -74.3368485, 4.8421938 ], [ -74.3368817, 4.8423429 ], [ -74.3369815, 4.8424865 ], [ -74.3371201, 4.8426688 ], [ -74.3369981, 4.8428455 ], [ -74.3370092, 4.8428842 ], [ -74.3370314, 4.8430388 ], [ -74.3370646, 4.8431216 ], [ -74.3370369, 4.8432266 ], [ -74.3370646, 4.8433204 ], [ -74.3369649, 4.8434254 ], [ -74.3368707, 4.8434143 ], [ -74.3367376, 4.8433646 ], [ -74.3365824, 4.8432763 ], [ -74.3364051, 4.8431382 ], [ -74.3362721, 4.843083 ], [ -74.3361557, 4.8431051 ], [ -74.3360725, 4.8431769 ], [ -74.3360615, 4.8432597 ], [ -74.3362887, 4.8434419 ], [ -74.3363718, 4.8434806 ], [ -74.3364827, 4.8435414 ], [ -74.3366157, 4.8435966 ], [ -74.3366268, 4.8436131 ], [ -74.3367376, 4.8436629 ], [ -74.3369316, 4.8437457 ], [ -74.3370757, 4.8438285 ], [ -74.3371755, 4.8438341 ], [ -74.3372642, 4.8438838 ], [ -74.3373196, 4.84395 ], [ -74.3373307, 4.8440991 ], [ -74.3373085, 4.8444305 ], [ -74.3372697, 4.8446514 ], [ -74.3371755, 4.844806 ], [ -74.3369593, 4.8448281 ], [ -74.3369039, 4.8447177 ], [ -74.3368429, 4.844552 ], [ -74.3367321, 4.8443642 ], [ -74.3366212, 4.8442538 ], [ -74.3364328, 4.8442041 ], [ -74.3363774, 4.8442262 ], [ -74.3363718, 4.8443642 ], [ -74.3365603, 4.8445244 ], [ -74.3366323, 4.8446293 ], [ -74.3366988, 4.8447177 ], [ -74.3367266, 4.8449165 ], [ -74.3366933, 4.8451153 ], [ -74.3366379, 4.8452368 ], [ -74.3365714, 4.8453362 ], [ -74.3365215, 4.8454577 ], [ -74.3365326, 4.845524 ], [ -74.336649, 4.8457228 ], [ -74.3366933, 4.8457559 ], [ -74.336721, 4.8459824 ], [ -74.3368097, 4.8461591 ], [ -74.3368873, 4.8462751 ], [ -74.3369815, 4.8464352 ], [ -74.3370314, 4.8465733 ], [ -74.3370868, 4.8467887 ], [ -74.3370979, 4.8470703 ], [ -74.3370536, 4.8473354 ], [ -74.3369538, 4.847363 ], [ -74.3365658, 4.8472194 ], [ -74.3357788, 4.8469875 ], [ -74.3352356, 4.846866 ], [ -74.3345096, 4.8466285 ], [ -74.3338168, 4.8464573 ], [ -74.3332514, 4.8462916 ], [ -74.3312672, 4.8457118 ], [ -74.3308238, 4.8455903 ], [ -74.3297708, 4.8452644 ], [ -74.3293994, 4.8451981 ], [ -74.3290669, 4.8450877 ], [ -74.3289893, 4.8450711 ], [ -74.3289671, 4.8451816 ], [ -74.3289117, 4.8452479 ], [ -74.3287953, 4.8453638 ], [ -74.3288341, 4.8454908 ], [ -74.3289505, 4.8456621 ], [ -74.3290835, 4.8458222 ], [ -74.3292553, 4.8459989 ], [ -74.3294161, 4.8461701 ], [ -74.3295768, 4.8462861 ], [ -74.3297708, 4.8464187 ], [ -74.3299592, 4.8464849 ], [ -74.3300146, 4.8467058 ], [ -74.3299758, 4.8468605 ], [ -74.3298705, 4.8469488 ], [ -74.3295047, 4.8469267 ], [ -74.329405, 4.846866 ], [ -74.3292997, 4.8466396 ], [ -74.3291999, 4.8464242 ], [ -74.3290835, 4.8463855 ], [ -74.3289505, 4.8464021 ], [ -74.3286235, 4.8464628 ], [ -74.3282743, 4.8464463 ], [ -74.3280859, 4.8462806 ], [ -74.3279528, 4.8462419 ], [ -74.3277145, 4.846391 ], [ -74.3275316, 4.8464628 ], [ -74.3273044, 4.8465015 ], [ -74.3271824, 4.8464407 ], [ -74.3269497, 4.8463137 ], [ -74.3267723, 4.8463579 ], [ -74.3266448, 4.8463966 ], [ -74.3265506, 4.8463192 ], [ -74.3264675, 4.8463524 ], [ -74.3263067, 4.8464187 ], [ -74.3261793, 4.8464739 ], [ -74.3261017, 4.8465733 ], [ -74.3260795, 4.8467776 ], [ -74.3260795, 4.8469046 ], [ -74.3260961, 4.8470206 ], [ -74.3260462, 4.8470317 ], [ -74.3260352, 4.8470924 ], [ -74.3260074, 4.8471587 ], [ -74.3259631, 4.8473244 ], [ -74.3259576, 4.84749 ], [ -74.3259964, 4.847606 ], [ -74.3260961, 4.8476944 ], [ -74.3262679, 4.8478269 ], [ -74.3262735, 4.847849 ], [ -74.3263455, 4.847965 ], [ -74.3263732, 4.8480589 ], [ -74.3263954, 4.8481804 ], [ -74.3264231, 4.848219 ], [ -74.3264786, 4.8482853 ], [ -74.3265063, 4.8483571 ], [ -74.3265395, 4.8484675 ], [ -74.3265783, 4.8486774 ], [ -74.3265894, 4.8487492 ], [ -74.3265395, 4.8488983 ], [ -74.3264508, 4.8490309 ], [ -74.3258966, 4.8490861 ], [ -74.3254975, 4.8491192 ], [ -74.3253202, 4.8492518 ], [ -74.3252648, 4.8493401 ], [ -74.3252592, 4.8495058 ], [ -74.325298, 4.8496218 ], [ -74.3253867, 4.8498372 ], [ -74.3253811, 4.8499587 ], [ -74.3253091, 4.8502845 ], [ -74.3252869, 4.8505551 ], [ -74.3252869, 4.8506987 ], [ -74.3251982, 4.8508423 ], [ -74.3251872, 4.8509693 ], [ -74.3251927, 4.8510797 ], [ -74.3251428, 4.851389 ], [ -74.3250874, 4.8514663 ], [ -74.3249655, 4.8515878 ], [ -74.3248602, 4.851632 ], [ -74.3247271, 4.8516265 ], [ -74.3246274, 4.8516099 ], [ -74.3244168, 4.8515823 ], [ -74.3242616, 4.8515271 ], [ -74.3241286, 4.8515381 ], [ -74.324062, 4.8515768 ], [ -74.3240399, 4.8517204 ], [ -74.3240454, 4.8518142 ], [ -74.3241008, 4.8519578 ], [ -74.3241895, 4.8520517 ], [ -74.3242727, 4.8521401 ], [ -74.3243059, 4.8521843 ], [ -74.3243503, 4.8522616 ], [ -74.3243669, 4.852372 ], [ -74.3244445, 4.8527531 ], [ -74.3245442, 4.8528525 ], [ -74.3246107, 4.8529795 ], [ -74.3247161, 4.8531341 ], [ -74.3248214, 4.8533109 ], [ -74.324899, 4.8534213 ], [ -74.3249433, 4.8535097 ], [ -74.3248934, 4.8536864 ], [ -74.324838, 4.8537527 ], [ -74.3248103, 4.8538576 ], [ -74.3249073, 4.8539736 ], [ -74.3249294, 4.8540523 ], [ -74.3249793, 4.854102 ], [ -74.3250791, 4.8541434 ], [ -74.3252176, 4.8541931 ], [ -74.3252509, 4.8542124 ], [ -74.3253285, 4.8542677 ], [ -74.3253451, 4.8543229 ], [ -74.3253534, 4.8544389 ], [ -74.3253507, 4.8545217 ], [ -74.3253146, 4.854599 ], [ -74.3252093, 4.8547095 ], [ -74.3250763, 4.8547454 ], [ -74.3250015, 4.8547895 ], [ -74.3250126, 4.8549718 ], [ -74.3250652, 4.8550077 ], [ -74.3250735, 4.8550988 ], [ -74.3250237, 4.8552286 ], [ -74.3249682, 4.85527 ], [ -74.3248768, 4.8554274 ], [ -74.3248574, 4.8554937 ], [ -74.3249378, 4.8555572 ], [ -74.325068, 4.8555793 ], [ -74.3251788, 4.8556179 ], [ -74.3252648, 4.8556621 ], [ -74.325262, 4.8558305 ], [ -74.3252897, 4.8560404 ], [ -74.3253756, 4.8560625 ], [ -74.3254532, 4.8561232 ], [ -74.3255557, 4.8561895 ], [ -74.3256333, 4.8562558 ], [ -74.3257082, 4.8564021 ], [ -74.3257525, 4.8564767 ], [ -74.3260074, 4.8565871 ], [ -74.3260462, 4.8566009 ], [ -74.3261543, 4.8566644 ], [ -74.3262596, 4.8567197 ], [ -74.3263566, 4.8568356 ], [ -74.3264204, 4.8569406 ], [ -74.3264869, 4.8570262 ], [ -74.3265284, 4.8571753 ], [ -74.3265229, 4.8572747 ], [ -74.3264786, 4.8573879 ], [ -74.3263732, 4.8574818 ], [ -74.3262541, 4.8575342 ], [ -74.3262097, 4.857584 ], [ -74.3261987, 4.8576916 ], [ -74.3261737, 4.8578187 ], [ -74.3261349, 4.8579319 ], [ -74.3260601, 4.857965 ], [ -74.3258994, 4.8579429 ], [ -74.3257553, 4.8578352 ], [ -74.3256056, 4.8577552 ], [ -74.3253978, 4.8576475 ], [ -74.3254005, 4.8575895 ], [ -74.3253784, 4.8574238 ], [ -74.3252786, 4.8572995 ], [ -74.3252121, 4.8571421 ], [ -74.3251705, 4.8571145 ], [ -74.3249045, 4.8570041 ], [ -74.3246689, 4.8570124 ], [ -74.3245054, 4.8570731 ], [ -74.3243586, 4.8571173 ], [ -74.324062, 4.8570207 ], [ -74.3237267, 4.8570897 ], [ -74.3230893, 4.8572195 ], [ -74.3228538, 4.8571725 ], [ -74.3225018, 4.8572416 ], [ -74.3223605, 4.857341 ], [ -74.3222441, 4.8574625 ], [ -74.3221582, 4.8575177 ], [ -74.3220917, 4.8576502 ], [ -74.322125, 4.8577331 ], [ -74.3221665, 4.8579236 ], [ -74.3219919, 4.8580755 ], [ -74.3220197, 4.8582163 ], [ -74.3221028, 4.8583212 ], [ -74.322197, 4.8585007 ], [ -74.3222247, 4.8586305 ], [ -74.3221554, 4.8588541 ], [ -74.3219282, 4.8589011 ], [ -74.3216871, 4.8589563 ], [ -74.3217093, 4.8590419 ], [ -74.3217758, 4.859133 ], [ -74.3219171, 4.8593456 ], [ -74.3219171, 4.8594202 ], [ -74.3218229, 4.8596687 ], [ -74.3216871, 4.8598565 ], [ -74.3214682, 4.8599531 ], [ -74.3213656, 4.8599476 ], [ -74.320756, 4.8599007 ], [ -74.3206895, 4.8599062 ], [ -74.3205786, 4.8599062 ], [ -74.3205897, 4.8600304 ], [ -74.3204927, 4.8602679 ], [ -74.3204705, 4.8603314 ], [ -74.3204317, 4.8603922 ], [ -74.3199828, 4.860544 ], [ -74.3197223, 4.8605219 ], [ -74.3195449, 4.8604225 ], [ -74.3195034, 4.8601878 ], [ -74.3194147, 4.8600801 ], [ -74.3193038, 4.8599255 ], [ -74.3192567, 4.8598344 ], [ -74.3191487, 4.8597267 ], [ -74.3191514, 4.8594092 ], [ -74.3190323, 4.8593125 ], [ -74.3189131, 4.8592628 ], [ -74.3187995, 4.8591882 ], [ -74.3187939, 4.8591855 ], [ -74.3186055, 4.8590088 ], [ -74.3184725, 4.8588265 ], [ -74.3183949, 4.8586995 ], [ -74.3183505, 4.8585394 ], [ -74.3183062, 4.8584372 ], [ -74.3182148, 4.858404 ], [ -74.3181288, 4.8584151 ], [ -74.318079, 4.8584455 ], [ -74.3180429, 4.8585283 ], [ -74.3180402, 4.8585752 ], [ -74.318018, 4.8586967 ], [ -74.318018, 4.8588155 ], [ -74.3179958, 4.8589397 ], [ -74.3179127, 4.8590171 ], [ -74.3178129, 4.8590806 ], [ -74.3175469, 4.8592573 ], [ -74.3174887, 4.8593042 ], [ -74.3174416, 4.8594589 ], [ -74.3174083, 4.8595914 ], [ -74.317497, 4.8597488 ], [ -74.3175026, 4.8598703 ], [ -74.3175081, 4.8600028 ], [ -74.3175413, 4.8601354 ], [ -74.3176189, 4.8602569 ], [ -74.3176744, 4.8603287 ], [ -74.3177298, 4.8603839 ], [ -74.3178074, 4.8605054 ], [ -74.3178739, 4.860649 ], [ -74.3178961, 4.8607981 ], [ -74.3178684, 4.8610411 ], [ -74.3178794, 4.8610908 ], [ -74.3179293, 4.861146 ], [ -74.3180014, 4.8612454 ], [ -74.3181233, 4.8614 ], [ -74.3182231, 4.8614442 ], [ -74.3183672, 4.8615326 ], [ -74.318442, 4.8615464 ], [ -74.3185251, 4.8615933 ], [ -74.3185806, 4.861643 ], [ -74.3186637, 4.8617258 ], [ -74.3187357, 4.8617949 ], [ -74.3187635, 4.8618308 ], [ -74.3187745, 4.8619329 ], [ -74.3187025, 4.8620931 ], [ -74.3186914, 4.8621649 ], [ -74.3187441, 4.8622367 ], [ -74.3192069, 4.8622091 ], [ -74.3194313, 4.8622947 ], [ -74.3195422, 4.8624521 ], [ -74.3199939, 4.8629159 ], [ -74.320102, 4.8630706 ], [ -74.3202045, 4.8632335 ], [ -74.320271, 4.8634254 ], [ -74.3203403, 4.8636145 ], [ -74.3203569, 4.8637388 ], [ -74.320368, 4.8639183 ], [ -74.3203652, 4.863979 ], [ -74.320368, 4.8640315 ], [ -74.3206562, 4.8640287 ], [ -74.3207671, 4.8641254 ], [ -74.3209361, 4.864269 ], [ -74.3211301, 4.8643905 ], [ -74.3212797, 4.8645064 ], [ -74.3213795, 4.8645782 ], [ -74.3214183, 4.8646279 ], [ -74.3214183, 4.8647715 ], [ -74.3213712, 4.8648543 ], [ -74.3212853, 4.8649179 ], [ -74.3211938, 4.8649814 ], [ -74.3211661, 4.8650283 ], [ -74.3211606, 4.8650752 ], [ -74.3211772, 4.8651415 ], [ -74.3212326, 4.8651912 ], [ -74.3212825, 4.8652271 ], [ -74.3213601, 4.8652602 ], [ -74.3214211, 4.8653127 ], [ -74.3214931, 4.8653955 ], [ -74.3215485, 4.8654618 ], [ -74.3216261, 4.8655198 ], [ -74.3217508, 4.8655336 ], [ -74.3218451, 4.8655336 ], [ -74.3219282, 4.8655253 ], [ -74.3220363, 4.8653458 ], [ -74.3221804, 4.8652244 ], [ -74.3222829, 4.8652023 ], [ -74.3223661, 4.8652216 ], [ -74.3224104, 4.8652796 ], [ -74.3224298, 4.8653928 ], [ -74.3223882, 4.8655088 ], [ -74.3222829, 4.8656026 ], [ -74.3222663, 4.8656385 ], [ -74.3222829, 4.8657352 ], [ -74.3223882, 4.8658042 ], [ -74.3227014, 4.8658166 ], [ -74.3227568, 4.8658525 ], [ -74.3228399, 4.8658912 ], [ -74.3229231, 4.8659381 ], [ -74.3229591, 4.8659519 ], [ -74.3230034, 4.8660044 ], [ -74.3230118, 4.8661231 ], [ -74.3229674, 4.8661922 ], [ -74.3229009, 4.8662778 ], [ -74.3228704, 4.8663164 ], [ -74.3228676, 4.866402 ], [ -74.3228843, 4.8664379 ], [ -74.322948, 4.8664987 ], [ -74.3230783, 4.8665428 ], [ -74.3230949, 4.8665539 ], [ -74.3231559, 4.8665787 ], [ -74.3231891, 4.8666478 ], [ -74.323178, 4.8667665 ], [ -74.3231309, 4.8668355 ], [ -74.3230395, 4.866899 ], [ -74.3230007, 4.8669543 ], [ -74.3230007, 4.8670316 ], [ -74.323045, 4.8670813 ], [ -74.3231669, 4.8671089 ], [ -74.3231891, 4.8671034 ], [ -74.3232445, 4.8670785 ], [ -74.3232667, 4.8670537 ], [ -74.3233665, 4.8670537 ], [ -74.3233859, 4.8670537 ], [ -74.3234413, 4.8669957 ], [ -74.3238736, 4.8670012 ], [ -74.3239041, 4.8670426 ], [ -74.3239761, 4.8670509 ], [ -74.3240343, 4.8670647 ], [ -74.3240454, 4.8670868 ], [ -74.3240537, 4.867131 ], [ -74.3240426, 4.8671669 ], [ -74.3240371, 4.8672193 ], [ -74.3240482, 4.8672939 ], [ -74.324051, 4.8674154 ], [ -74.3241175, 4.8674789 ], [ -74.3250458, 4.8674568 ], [ -74.3250791, 4.8673988 ], [ -74.3251595, 4.8673546 ], [ -74.3254005, 4.8673105 ], [ -74.3255557, 4.8672497 ], [ -74.3256943, 4.8672442 ], [ -74.3258301, 4.8672884 ], [ -74.3258107, 4.867327 ], [ -74.325747, 4.8674264 ], [ -74.3256888, 4.8674817 ], [ -74.3256638, 4.8675038 ], [ -74.3256694, 4.8680394 ], [ -74.3256777, 4.8681609 ], [ -74.3256333, 4.8683073 ], [ -74.3256278, 4.8683211 ], [ -74.325625, 4.8685972 ], [ -74.3256749, 4.8687215 ], [ -74.3257608, 4.8689258 ], [ -74.325819, 4.8690169 ], [ -74.3259797, 4.8691329 ], [ -74.3261349, 4.8692461 ], [ -74.3262707, 4.8693593 ], [ -74.3263538, 4.8694532 ], [ -74.326437, 4.8695471 ], [ -74.3265118, 4.8696189 ], [ -74.3265922, 4.8697072 ], [ -74.3266171, 4.8699502 ], [ -74.3267113, 4.8701076 ], [ -74.3268776, 4.8702484 ], [ -74.3270383, 4.8703064 ], [ -74.3272157, 4.8704058 ], [ -74.3273487, 4.8705052 ], [ -74.3273875, 4.8705604 ], [ -74.3274263, 4.8707316 ], [ -74.3272628, 4.8708531 ], [ -74.3271824, 4.8708807 ], [ -74.3268804, 4.8708145 ], [ -74.3267834, 4.8707979 ], [ -74.326498, 4.8708062 ], [ -74.3263151, 4.8708062 ], [ -74.3262846, 4.8708034 ], [ -74.3262929, 4.8708918 ], [ -74.3263899, 4.870958 ], [ -74.3265811, 4.8710298 ], [ -74.3267557, 4.8712038 ], [ -74.3269857, 4.8713419 ], [ -74.3271159, 4.8713943 ], [ -74.3273044, 4.8713998 ], [ -74.3275067, 4.8714744 ], [ -74.3275704, 4.8715075 ], [ -74.3276452, 4.8715959 ], [ -74.3276397, 4.8717422 ], [ -74.327587, 4.8718085 ], [ -74.3274346, 4.8719507 ], [ -74.3273293, 4.8720225 ], [ -74.3273293, 4.8721053 ], [ -74.3273515, 4.8722434 ], [ -74.3271963, 4.8723925 ], [ -74.3270799, 4.8724974 ], [ -74.3270023, 4.8725968 ], [ -74.3269247, 4.8727791 ], [ -74.3269691, 4.8729116 ], [ -74.3270855, 4.8729668 ], [ -74.3273016, 4.873011 ], [ -74.3274235, 4.8730331 ], [ -74.3275011, 4.8730497 ], [ -74.3276009, 4.8730994 ], [ -74.327745, 4.8731656 ], [ -74.3278614, 4.8733479 ], [ -74.3279334, 4.8736019 ], [ -74.3280609, 4.8737179 ], [ -74.3283602, 4.8736682 ], [ -74.3286207, 4.8736903 ], [ -74.3287593, 4.8737455 ], [ -74.3291528, 4.8737455 ], [ -74.3293856, 4.8737565 ], [ -74.3295851, 4.8737952 ], [ -74.3296017, 4.8737952 ], [ -74.3297181, 4.8739443 ], [ -74.3298567, 4.8741321 ], [ -74.3300673, 4.8742425 ], [ -74.3301948, 4.8743088 ], [ -74.3303056, 4.8743861 ], [ -74.3305273, 4.8745352 ], [ -74.3306382, 4.8747174 ], [ -74.3306936, 4.8747947 ], [ -74.3308155, 4.8749328 ], [ -74.3308044, 4.8750101 ], [ -74.330749, 4.875115 ], [ -74.3306603, 4.87522 ], [ -74.3305883, 4.8753028 ], [ -74.3304165, 4.8753967 ], [ -74.3303888, 4.8753967 ], [ -74.3298788, 4.8753967 ], [ -74.3297347, 4.8754077 ], [ -74.3293689, 4.8754353 ], [ -74.3291029, 4.8754353 ], [ -74.3289754, 4.8754409 ], [ -74.3288369, 4.8754133 ], [ -74.3287205, 4.875347 ], [ -74.3284988, 4.8752034 ], [ -74.328338, 4.8750433 ], [ -74.3283159, 4.8750377 ], [ -74.3282882, 4.8750377 ], [ -74.3282327, 4.8750377 ], [ -74.3282106, 4.8750488 ], [ -74.3280609, 4.8753359 ], [ -74.3279002, 4.8756397 ], [ -74.3278392, 4.8758164 ], [ -74.3278226, 4.8760815 ], [ -74.3278448, 4.8763521 ], [ -74.3278392, 4.8764128 ], [ -74.3278337, 4.8765509 ], [ -74.3278337, 4.8766834 ], [ -74.3278725, 4.8767773 ], [ -74.3279944, 4.8768159 ], [ -74.3281219, 4.8768712 ], [ -74.3280997, 4.8769319 ], [ -74.3280997, 4.8770037 ], [ -74.328133, 4.8770424 ], [ -74.3281551, 4.8770534 ], [ -74.3283658, 4.8772136 ], [ -74.3284544, 4.8773406 ], [ -74.3285653, 4.877451 ], [ -74.3285708, 4.8775283 ], [ -74.3286263, 4.877683 ], [ -74.3286706, 4.8778707 ], [ -74.3287149, 4.8779867 ], [ -74.3287537, 4.8781524 ], [ -74.3290586, 4.8781468 ], [ -74.3291195, 4.8781579 ], [ -74.3291362, 4.87818 ], [ -74.3291389, 4.8782269 ], [ -74.32915, 4.8783705 ], [ -74.32915, 4.8784589 ], [ -74.3291583, 4.8785251 ], [ -74.3291888, 4.8785693 ], [ -74.3292498, 4.8786328 ], [ -74.3292692, 4.8787101 ], [ -74.3292941, 4.8788095 ], [ -74.3293246, 4.8788565 ], [ -74.3293135, 4.8790083 ], [ -74.3293024, 4.8790636 ], [ -74.3292415, 4.8791519 ], [ -74.3292027, 4.8791906 ], [ -74.3291362, 4.8792127 ], [ -74.3290503, 4.8792292 ], [ -74.3289643, 4.8792347 ], [ -74.3289255, 4.8792403 ], [ -74.3289006, 4.8792458 ], [ -74.328981, 4.8793949 ], [ -74.3290558, 4.8795026 ], [ -74.3290669, 4.8795937 ], [ -74.3291334, 4.8796931 ], [ -74.3291472, 4.8797649 ], [ -74.329175, 4.8799168 ], [ -74.329186, 4.880041 ], [ -74.3291195, 4.8802205 ], [ -74.3289449, 4.8803613 ], [ -74.3288202, 4.8804221 ], [ -74.3287565, 4.8804552 ], [ -74.3285708, 4.8805435 ], [ -74.3284877, 4.8806181 ], [ -74.3284101, 4.8806844 ], [ -74.3283491, 4.8807313 ], [ -74.3281718, 4.8808003 ], [ -74.3280637, 4.8808556 ], [ -74.3280138, 4.8808887 ], [ -74.3278863, 4.8809715 ], [ -74.3278697, 4.8809853 ], [ -74.3278115, 4.881035 ], [ -74.3278697, 4.8810958 ], [ -74.3279279, 4.8811427 ], [ -74.3280194, 4.881162 ], [ -74.3281745, 4.8811041 ], [ -74.3282023, 4.8811041 ], [ -74.3283519, 4.881082 ], [ -74.3284156, 4.8810626 ], [ -74.3286623, 4.8810516 ], [ -74.328823, 4.8810295 ], [ -74.3289948, 4.8810433 ], [ -74.3289921, 4.8811648 ], [ -74.3290447, 4.8812808 ], [ -74.3290392, 4.8814244 ], [ -74.329017, 4.8815459 ], [ -74.3290475, 4.8816894 ], [ -74.3290946, 4.8817281 ], [ -74.3291999, 4.8816176 ], [ -74.3292747, 4.8815624 ], [ -74.3293579, 4.8815762 ], [ -74.3293579, 4.8815127 ], [ -74.3292692, 4.8813581 ], [ -74.3292332, 4.8812835 ], [ -74.3291999, 4.8811924 ], [ -74.3292609, 4.881024 ], [ -74.3293357, 4.8809632 ], [ -74.3293551, 4.8809605 ], [ -74.3294521, 4.880966 ], [ -74.3295047, 4.8809826 ], [ -74.3296682, 4.8810571 ], [ -74.3297431, 4.8810875 ], [ -74.3298816, 4.8811455 ], [ -74.3300534, 4.8812421 ], [ -74.3302724, 4.8815127 ], [ -74.3304303, 4.8817143 ], [ -74.3305162, 4.8817419 ], [ -74.3306271, 4.8817502 ], [ -74.3306964, 4.8817474 ], [ -74.330907, 4.8817723 ], [ -74.3310123, 4.8818247 ], [ -74.3312007, 4.8819214 ], [ -74.3313171, 4.8820014 ], [ -74.3314391, 4.8820926 ], [ -74.3316497, 4.8822969 ], [ -74.3317688, 4.8823632 ], [ -74.3319684, 4.8824488 ], [ -74.3323785, 4.8824736 ], [ -74.3324921, 4.8824681 ], [ -74.3327471, 4.8824322 ], [ -74.3330297, 4.8824322 ], [ -74.3330297, 4.8824708 ], [ -74.332869, 4.8826752 ], [ -74.3327304, 4.8827635 ], [ -74.3325309, 4.8828519 ], [ -74.3323148, 4.8826586 ], [ -74.3321319, 4.8826586 ], [ -74.3316607, 4.8827856 ], [ -74.3314391, 4.8828408 ], [ -74.3313836, 4.882874 ], [ -74.3312506, 4.8830452 ], [ -74.3312007, 4.8831832 ], [ -74.3311564, 4.8833323 ], [ -74.3311231, 4.8834593 ], [ -74.3310622, 4.8836858 ], [ -74.3310289, 4.8838183 ], [ -74.3309125, 4.8840778 ], [ -74.330774, 4.8843043 ], [ -74.3304802, 4.8845086 ], [ -74.3302086, 4.8845583 ], [ -74.3299648, 4.8845914 ], [ -74.3299315, 4.8847792 ], [ -74.3300534, 4.8850222 ], [ -74.330253, 4.8854971 ], [ -74.330386, 4.8857842 ], [ -74.3305744, 4.8863254 ], [ -74.3307185, 4.886712 ], [ -74.3308959, 4.8867562 ], [ -74.3312949, 4.8869439 ], [ -74.3313615, 4.8870654 ], [ -74.3314058, 4.8872311 ], [ -74.3314501, 4.8873415 ], [ -74.3314501, 4.8875293 ], [ -74.3314169, 4.887695 ], [ -74.3315277, 4.8878606 ], [ -74.3315832, 4.8879932 ], [ -74.3317383, 4.8881699 ], [ -74.3318049, 4.8882693 ], [ -74.3318935, 4.888457 ], [ -74.3320044, 4.8886338 ], [ -74.3321041, 4.8887332 ], [ -74.3322372, 4.8888767 ], [ -74.332481, 4.8890645 ], [ -74.3325143, 4.8891087 ], [ -74.3326473, 4.8892633 ], [ -74.332736, 4.8893516 ], [ -74.3330464, 4.8896057 ], [ -74.3330796, 4.8896388 ], [ -74.333135, 4.8897272 ], [ -74.3332459, 4.8898928 ], [ -74.3332681, 4.8899812 ], [ -74.3333124, 4.8900475 ], [ -74.3333235, 4.8901248 ], [ -74.3333235, 4.8902463 ], [ -74.3333124, 4.8903898 ], [ -74.3334454, 4.8904892 ], [ -74.3335119, 4.8905113 ], [ -74.3336449, 4.8904782 ], [ -74.3336449, 4.8904147 ], [ -74.3336962, 4.8904244 ], [ -74.3337503, 4.8904644 ], [ -74.3337461, 4.8904727 ], [ -74.3337683, 4.8905403 ], [ -74.3337655, 4.8905914 ], [ -74.3337586, 4.8906604 ], [ -74.333735, 4.8907364 ], [ -74.3336976, 4.8908151 ], [ -74.3336713, 4.8908565 ], [ -74.3336574, 4.891007 ], [ -74.3336505, 4.8910994 ], [ -74.3336505, 4.8911768 ], [ -74.3336477, 4.8912292 ], [ -74.3337031, 4.8912927 ], [ -74.3337987, 4.8914598 ], [ -74.3339151, 4.8916558 ], [ -74.3340454, 4.8918657 ], [ -74.3340676, 4.8920148 ], [ -74.334098, 4.8920976 ], [ -74.3341507, 4.892313 ], [ -74.3341895, 4.8924676 ], [ -74.3341618, 4.8925532 ], [ -74.3341452, 4.8926001 ], [ -74.3341313, 4.8928044 ], [ -74.3341147, 4.8930861 ], [ -74.3341368, 4.8932738 ], [ -74.3341923, 4.8933622 ], [ -74.3342699, 4.8935223 ], [ -74.3343364, 4.8936714 ], [ -74.3345304, 4.8937488 ], [ -74.3347798, 4.8937488 ], [ -74.3349183, 4.8937377 ], [ -74.3350791, 4.8936107 ], [ -74.3352232, 4.8935279 ], [ -74.3353229, 4.8935168 ], [ -74.3353451, 4.8935168 ], [ -74.3355003, 4.8933953 ], [ -74.3356555, 4.8933512 ], [ -74.3357663, 4.8932738 ], [ -74.335988, 4.8930861 ], [ -74.3359991, 4.8929867 ], [ -74.336121, 4.8929535 ], [ -74.3363317, 4.8929756 ], [ -74.3364425, 4.8929315 ], [ -74.3365423, 4.8928873 ], [ -74.3365977, 4.892821 ], [ -74.3366088, 4.8927768 ], [ -74.3366199, 4.8926443 ], [ -74.336642, 4.8924676 ], [ -74.3367196, 4.8924234 ], [ -74.336775, 4.8924234 ], [ -74.3368194, 4.8924013 ], [ -74.3368637, 4.8923792 ], [ -74.3369136, 4.8923682 ], [ -74.3370078, 4.8923019 ], [ -74.3370328, 4.8922771 ], [ -74.3371298, 4.8922136 ], [ -74.3372129, 4.892197 ], [ -74.3372988, 4.8922163 ], [ -74.337393, 4.8922136 ], [ -74.3374429, 4.8922136 ], [ -74.3375759, 4.8922163 ], [ -74.3376203, 4.892208 ], [ -74.3377865, 4.8921915 ], [ -74.3377533, 4.8921086 ], [ -74.3377173, 4.8920341 ], [ -74.3376896, 4.892001 ], [ -74.3376618, 4.8919292 ], [ -74.3377062, 4.8918601 ], [ -74.3377422, 4.8918463 ], [ -74.3377671, 4.8918408 ], [ -74.3378531, 4.8918187 ], [ -74.3379944, 4.8917635 ], [ -74.337975, 4.8917331 ], [ -74.3379528, 4.8916972 ], [ -74.3378697, 4.8916227 ], [ -74.3377838, 4.8915481 ], [ -74.3377893, 4.8914543 ], [ -74.3378725, 4.8913714 ], [ -74.3379057, 4.8913631 ], [ -74.3379223, 4.8913521 ], [ -74.3380082, 4.8913162 ], [ -74.3380692, 4.8912969 ], [ -74.3381163, 4.8912803 ], [ -74.3381967, 4.8912361 ], [ -74.3382854, 4.8911975 ], [ -74.3383546, 4.8911588 ], [ -74.3384073, 4.8911367 ], [ -74.3385126, 4.8910898 ], [ -74.3386151, 4.8910318 ], [ -74.3386844, 4.8909655 ], [ -74.3387288, 4.8909076 ], [ -74.3388313, 4.8908358 ], [ -74.3389283, 4.8907943 ], [ -74.3390253, 4.8907667 ], [ -74.3391001, 4.8907695 ], [ -74.3392331, 4.890775 ], [ -74.3393578, 4.8907557 ], [ -74.3394936, 4.8907143 ], [ -74.3395823, 4.8906839 ], [ -74.3395795, 4.890659 ], [ -74.3395518, 4.8906149 ], [ -74.3394881, 4.8905707 ], [ -74.3393828, 4.8905596 ], [ -74.3392304, 4.8905376 ], [ -74.3392969, 4.8904133 ], [ -74.339416, 4.8903608 ], [ -74.33961, 4.8902808 ], [ -74.339671, 4.8902366 ], [ -74.3396821, 4.8902173 ], [ -74.3396488, 4.89014 ], [ -74.3394659, 4.8901096 ], [ -74.3393551, 4.8900461 ], [ -74.339283, 4.8899522 ], [ -74.3395407, 4.8897672 ], [ -74.3396737, 4.8897092 ], [ -74.3396737, 4.8895877 ], [ -74.3395851, 4.8895325 ], [ -74.3393523, 4.8895104 ], [ -74.3392636, 4.8893668 ], [ -74.3393634, 4.8892122 ], [ -74.3395851, 4.8890465 ], [ -74.3396959, 4.888914 ], [ -74.3396737, 4.8887042 ], [ -74.339707, 4.8885054 ], [ -74.3398622, 4.8883839 ], [ -74.339962, 4.8883618 ], [ -74.3402169, 4.8882955 ], [ -74.3402169, 4.8882072 ], [ -74.3402169, 4.8880746 ], [ -74.3402502, 4.8879089 ], [ -74.3404164, 4.8879089 ], [ -74.340494, 4.887931 ], [ -74.3405495, 4.8879421 ], [ -74.3406271, 4.8879973 ], [ -74.3406769, 4.8879807 ], [ -74.3407656, 4.8879145 ], [ -74.3408377, 4.8878427 ], [ -74.340943, 4.8876991 ], [ -74.3410206, 4.8875997 ], [ -74.3411203, 4.8875445 ], [ -74.3412201, 4.8874506 ], [ -74.3412533, 4.8874285 ], [ -74.3413864, 4.8873733 ], [ -74.3416746, 4.8873954 ], [ -74.3417078, 4.8873181 ], [ -74.3418131, 4.8872131 ], [ -74.3418298, 4.8872021 ], [ -74.3421568, 4.8871469 ], [ -74.3421789, 4.8871248 ], [ -74.3422233, 4.8870806 ], [ -74.3422953, 4.8869646 ], [ -74.342323, 4.8868873 ], [ -74.3423563, 4.886799 ], [ -74.3423785, 4.8867106 ], [ -74.3424283, 4.8866057 ], [ -74.3424616, 4.886556 ], [ -74.3424893, 4.8865339 ], [ -74.3425558, 4.8865118 ], [ -74.3426888, 4.8865063 ], [ -74.3427609, 4.8865284 ], [ -74.342844, 4.8865615 ], [ -74.3429105, 4.8866112 ], [ -74.3429327, 4.8866278 ], [ -74.3429549, 4.8867272 ], [ -74.3429549, 4.8868211 ], [ -74.3429604, 4.8869425 ], [ -74.3429604, 4.8870806 ], [ -74.3429715, 4.8871579 ], [ -74.3429992, 4.8871911 ], [ -74.3430436, 4.8872518 ], [ -74.3431322, 4.8873402 ], [ -74.3431988, 4.8873622 ], [ -74.3431988, 4.8873125 ], [ -74.3432098, 4.8872187 ], [ -74.3432098, 4.8871082 ], [ -74.3432043, 4.8869425 ], [ -74.3431988, 4.8868597 ], [ -74.3432542, 4.8867824 ], [ -74.3432653, 4.8867603 ], [ -74.3434204, 4.8866499 ], [ -74.3435313, 4.886672 ], [ -74.3436532, 4.886672 ], [ -74.3438916, 4.8867106 ], [ -74.3439359, 4.8867161 ], [ -74.344019, 4.886672 ], [ -74.3441853, 4.8866223 ], [ -74.3442463, 4.8866057 ], [ -74.3444236, 4.8865008 ], [ -74.3445179, 4.8864345 ], [ -74.34454, 4.8863627 ], [ -74.3444735, 4.8862854 ], [ -74.3443128, 4.8862081 ], [ -74.3442629, 4.8861473 ], [ -74.3442906, 4.8860369 ], [ -74.3443239, 4.8859817 ], [ -74.3442241, 4.8858823 ], [ -74.3440966, 4.8858105 ], [ -74.3439692, 4.8856558 ], [ -74.343814, 4.8855344 ], [ -74.343692, 4.8855123 ], [ -74.3435424, 4.885435 ], [ -74.343365, 4.8853411 ], [ -74.3433318, 4.8853245 ], [ -74.3432486, 4.8852306 ], [ -74.3431489, 4.8851312 ], [ -74.3429937, 4.8850815 ], [ -74.3429105, 4.8851257 ], [ -74.3428496, 4.8851865 ], [ -74.3426999, 4.8852141 ], [ -74.3425392, 4.8851368 ], [ -74.3424727, 4.885076 ], [ -74.3424283, 4.8850263 ], [ -74.3422621, 4.8848827 ], [ -74.3420958, 4.8847612 ], [ -74.3418575, 4.8845956 ], [ -74.3416967, 4.8845017 ], [ -74.3416247, 4.8844409 ], [ -74.3414529, 4.8842642 ], [ -74.3413254, 4.8841262 ], [ -74.3411868, 4.8840323 ], [ -74.341076, 4.8839495 ], [ -74.3409319, 4.8838666 ], [ -74.3407712, 4.8838003 ], [ -74.3405938, 4.8837727 ], [ -74.3405107, 4.8837286 ], [ -74.340422, 4.8836292 ], [ -74.3404275, 4.883458 ], [ -74.3404829, 4.8833641 ], [ -74.3404829, 4.8832426 ], [ -74.3404497, 4.8831487 ], [ -74.3402612, 4.8830051 ], [ -74.340034, 4.8829554 ], [ -74.3399176, 4.8829223 ], [ -74.3398179, 4.8828229 ], [ -74.339768, 4.8827511 ], [ -74.3397458, 4.8826241 ], [ -74.3397901, 4.8824695 ], [ -74.339901, 4.8823148 ], [ -74.3399342, 4.8822872 ], [ -74.3399952, 4.8822651 ], [ -74.3401282, 4.8821823 ], [ -74.3402169, 4.8821216 ], [ -74.3403167, 4.8820663 ], [ -74.3404774, 4.8819669 ], [ -74.3404996, 4.8819172 ], [ -74.3404829, 4.8817847 ], [ -74.3404164, 4.881619 ], [ -74.3403555, 4.8815196 ], [ -74.3402723, 4.8813429 ], [ -74.3402779, 4.8812877 ], [ -74.3403388, 4.8812104 ], [ -74.3405384, 4.8811883 ], [ -74.3405883, 4.8811386 ], [ -74.340688, 4.8810337 ], [ -74.3407268, 4.8809563 ], [ -74.3407102, 4.8808072 ], [ -74.3407213, 4.880625 ], [ -74.3407878, 4.8802937 ], [ -74.34081, 4.8801777 ], [ -74.3409208, 4.8800175 ], [ -74.3409818, 4.880001 ], [ -74.3412035, 4.8799789 ], [ -74.3412312, 4.8799789 ], [ -74.3413975, 4.8800396 ], [ -74.3414196, 4.8801501 ], [ -74.3414307, 4.8802716 ], [ -74.3414806, 4.8803986 ], [ -74.341536, 4.8804814 ], [ -74.3416579, 4.8805643 ], [ -74.3417799, 4.8806526 ], [ -74.3419184, 4.8806802 ], [ -74.3419683, 4.8807023 ], [ -74.3421291, 4.8807686 ], [ -74.3422732, 4.8807354 ], [ -74.3423286, 4.8807078 ], [ -74.3424505, 4.8806747 ], [ -74.3425503, 4.8807354 ], [ -74.3427276, 4.8808735 ], [ -74.3427886, 4.8808956 ], [ -74.3429549, 4.8809398 ], [ -74.3430546, 4.8809066 ], [ -74.3431766, 4.8808569 ], [ -74.3432819, 4.8808238 ], [ -74.3435701, 4.8807299 ], [ -74.3437973, 4.880741 ], [ -74.3438528, 4.880625 ], [ -74.3439414, 4.8804262 ], [ -74.3439359, 4.8803102 ], [ -74.3440301, 4.8802108 ], [ -74.3442075, 4.8801666 ], [ -74.3442795, 4.8801335 ], [ -74.344346, 4.8800507 ], [ -74.3444569, 4.879885 ], [ -74.3445511, 4.8796641 ], [ -74.3445733, 4.8796199 ], [ -74.344601, 4.8795978 ], [ -74.3447118, 4.8794984 ], [ -74.3447673, 4.8794543 ], [ -74.3448837, 4.8793604 ], [ -74.3449502, 4.8792775 ], [ -74.345, 4.8791671 ], [ -74.3450333, 4.8790677 ], [ -74.3450666, 4.8788578 ], [ -74.3450887, 4.8787253 ], [ -74.3451552, 4.8785652 ], [ -74.3452384, 4.8784658 ], [ -74.3452661, 4.878394 ], [ -74.3455044, 4.8783387 ], [ -74.3455709, 4.8783222 ], [ -74.3458092, 4.8782669 ], [ -74.34597, 4.8782946 ], [ -74.3459755, 4.8782283 ], [ -74.3460697, 4.8778638 ], [ -74.3461917, 4.877654 ], [ -74.3463192, 4.8774275 ], [ -74.3463524, 4.8773226 ], [ -74.3465242, 4.8770796 ], [ -74.3466739, 4.8768753 ], [ -74.3467847, 4.876682 ], [ -74.3469898, 4.8765771 ], [ -74.3471006, 4.8764943 ], [ -74.3472614, 4.8763175 ], [ -74.3472946, 4.8761519 ], [ -74.3473611, 4.8760138 ], [ -74.3474775, 4.875931 ], [ -74.347544, 4.8757322 ], [ -74.3477048, 4.8755444 ], [ -74.3477879, 4.8754119 ], [ -74.3477657, 4.8753456 ], [ -74.3479043, 4.8750805 ], [ -74.3478877, 4.8750529 ], [ -74.3479542, 4.8749922 ], [ -74.3480096, 4.8749867 ], [ -74.3480872, 4.8749425 ], [ -74.3482036, 4.8749259 ], [ -74.3482701, 4.8749259 ], [ -74.3483477, 4.8749038 ], [ -74.3484918, 4.8748817 ], [ -74.3485694, 4.8747878 ], [ -74.3486248, 4.8746664 ], [ -74.3486248, 4.8745559 ], [ -74.3486581, 4.8744068 ], [ -74.3487246, 4.8743019 ], [ -74.3488022, 4.8742356 ], [ -74.3489795, 4.8741914 ], [ -74.3493232, 4.874092 ], [ -74.3493786, 4.8740755 ], [ -74.3494839, 4.8739871 ], [ -74.3496557, 4.8738932 ], [ -74.349761, 4.873838 ], [ -74.3499439, 4.8737662 ], [ -74.3500548, 4.8737165 ], [ -74.3501767, 4.8736668 ], [ -74.3501989, 4.8736613 ], [ -74.3502654, 4.8736778 ], [ -74.3503485, 4.873722 ], [ -74.3503651, 4.8737441 ], [ -74.3504427, 4.8738214 ], [ -74.3505037, 4.8738711 ], [ -74.3505425, 4.8738932 ], [ -74.3506035, 4.8739043 ], [ -74.3506589, 4.8737607 ], [ -74.350609, 4.8736778 ], [ -74.3506478, 4.8734349 ], [ -74.3507365, 4.8734459 ], [ -74.350875, 4.8733907 ], [ -74.3509402, 4.8731173 ], [ -74.3510178, 4.8729019 ], [ -74.3510621, 4.8728357 ], [ -74.3512062, 4.8727031 ], [ -74.3512949, 4.8726479 ], [ -74.3513947, 4.8726369 ], [ -74.351439, 4.8726369 ], [ -74.3514889, 4.872543 ], [ -74.3515055, 4.8724381 ], [ -74.3514667, 4.8723718 ], [ -74.3514667, 4.8722724 ], [ -74.3515776, 4.8721178 ], [ -74.3516884, 4.8720184 ], [ -74.3517605, 4.8719742 ], [ -74.3519323, 4.8719024 ], [ -74.3520597, 4.871814 ], [ -74.3521651, 4.8716925 ], [ -74.3521595, 4.8716097 ], [ -74.3521817, 4.871433 ], [ -74.3522759, 4.8711789 ], [ -74.3523424, 4.8711127 ], [ -74.3523978, 4.8711016 ], [ -74.3524643, 4.8711016 ], [ -74.3525807, 4.8710851 ], [ -74.3526306, 4.8711292 ], [ -74.3527027, 4.8711955 ], [ -74.3528135, 4.8712618 ], [ -74.3529077, 4.8713225 ], [ -74.3529521, 4.8713501 ], [ -74.3530463, 4.8714385 ], [ -74.3531793, 4.8714937 ], [ -74.353268, 4.8715379 ], [ -74.3534842, 4.8716263 ], [ -74.3535063, 4.8716263 ], [ -74.3535839, 4.8715931 ], [ -74.353595, 4.8715379 ], [ -74.3535285, 4.8714495 ], [ -74.3534454, 4.8713115 ], [ -74.3534564, 4.8712839 ], [ -74.3535728, 4.8712176 ], [ -74.3536615, 4.87119 ], [ -74.3537114, 4.8711292 ], [ -74.3537945, 4.8710519 ], [ -74.3538001, 4.8710354 ], [ -74.3540218, 4.8707206 ], [ -74.3540938, 4.8706377 ], [ -74.3542324, 4.870577 ], [ -74.3543322, 4.8705549 ], [ -74.3543931, 4.8705549 ], [ -74.3544929, 4.8706433 ], [ -74.3546037, 4.8708642 ], [ -74.3546425, 4.870936 ], [ -74.3546813, 4.8710022 ], [ -74.354709, 4.8710961 ], [ -74.3547478, 4.871201 ], [ -74.3547755, 4.871317 ], [ -74.354831, 4.8714827 ], [ -74.3548864, 4.8716428 ], [ -74.354964, 4.8717809 ], [ -74.3549585, 4.8718637 ], [ -74.3549806, 4.8720018 ], [ -74.355025, 4.8720736 ], [ -74.3551912, 4.872173 ], [ -74.3552799, 4.8722172 ], [ -74.3555238, 4.8722613 ], [ -74.3556291, 4.872311 ], [ -74.3557067, 4.8723828 ], [ -74.3557455, 4.8725485 ], [ -74.3556845, 4.8726755 ], [ -74.3556014, 4.8727915 ], [ -74.3555626, 4.8729406 ], [ -74.3555349, 4.873051 ], [ -74.3554905, 4.8731891 ], [ -74.3554961, 4.8733493 ], [ -74.3555072, 4.8734266 ], [ -74.3556623, 4.8735812 ], [ -74.3557455, 4.8736033 ], [ -74.3558009, 4.8736419 ], [ -74.3558286, 4.8738021 ], [ -74.3558231, 4.8739567 ], [ -74.355884, 4.8740672 ], [ -74.3560226, 4.8741611 ], [ -74.3561279, 4.8742715 ], [ -74.3563108, 4.8743488 ], [ -74.3563939, 4.8743819 ], [ -74.3566434, 4.8744206 ], [ -74.3567043, 4.8744151 ], [ -74.3568263, 4.8741003 ], [ -74.3568484, 4.874034 ], [ -74.3570092, 4.8738739 ], [ -74.3572031, 4.8737303 ], [ -74.3572807, 4.8736254 ], [ -74.3574027, 4.8735315 ], [ -74.3575135, 4.8735039 ], [ -74.3576465, 4.8735757 ], [ -74.3576964, 4.8736309 ], [ -74.3577962, 4.8737303 ], [ -74.3578904, 4.873791 ], [ -74.3580511, 4.8738297 ], [ -74.3581343, 4.8738463 ], [ -74.3581509, 4.8737413 ], [ -74.3580234, 4.8734597 ], [ -74.3580622, 4.8733493 ], [ -74.3581675, 4.8732554 ], [ -74.3582396, 4.8731725 ], [ -74.3581675, 4.8730124 ], [ -74.3580789, 4.8728578 ], [ -74.3578849, 4.8727528 ], [ -74.3577629, 4.8725651 ], [ -74.3578738, 4.8723994 ], [ -74.3579292, 4.8723552 ], [ -74.3581176, 4.8720184 ], [ -74.3582008, 4.8719521 ], [ -74.3583449, 4.8719189 ], [ -74.3584225, 4.8719742 ], [ -74.3585222, 4.8719438 ], [ -74.3585333, 4.8718472 ], [ -74.3586331, 4.8718306 ], [ -74.3587661, 4.8718499 ], [ -74.3588132, 4.8718554 ], [ -74.3589074, 4.8718389 ], [ -74.3590987, 4.8718554 ], [ -74.3591208, 4.8718775 ], [ -74.3591541, 4.8719134 ], [ -74.3592622, 4.8720681 ], [ -74.3592483, 4.8721398 ], [ -74.3592428, 4.8721675 ], [ -74.3592982, 4.8723359 ], [ -74.3593702, 4.8724077 ], [ -74.3594201, 4.8724463 ], [ -74.3595199, 4.8725347 ], [ -74.3595476, 4.8726231 ], [ -74.3595698, 4.8727666 ], [ -74.3595919, 4.872844 ], [ -74.3596197, 4.8728937 ], [ -74.3596529, 4.8729268 ], [ -74.3597083, 4.872982 ], [ -74.359797, 4.8730483 ], [ -74.359797, 4.8731256 ], [ -74.3598136, 4.8732526 ], [ -74.3598801, 4.8732747 ], [ -74.3599245, 4.8732637 ], [ -74.3599245, 4.8731366 ], [ -74.3599079, 4.8730759 ], [ -74.3599079, 4.8729986 ], [ -74.3598746, 4.8729323 ], [ -74.3598746, 4.8728937 ], [ -74.3598635, 4.8727666 ], [ -74.3598635, 4.8727556 ], [ -74.3598746, 4.8725954 ], [ -74.3598746, 4.8725237 ], [ -74.359858, 4.8723745 ], [ -74.3598746, 4.8723304 ], [ -74.3598303, 4.8722475 ], [ -74.3597582, 4.8721592 ], [ -74.3597416, 4.8721371 ], [ -74.3597859, 4.8720708 ], [ -74.3598857, 4.8720432 ], [ -74.3600686, 4.8720266 ], [ -74.3601351, 4.8720156 ], [ -74.3602072, 4.8719548 ], [ -74.3602127, 4.871861 ], [ -74.3601905, 4.8717174 ], [ -74.3602182, 4.8716235 ], [ -74.3602792, 4.8715793 ], [ -74.3602847, 4.8714799 ], [ -74.3603069, 4.8713805 ], [ -74.3604233, 4.8713971 ], [ -74.3604621, 4.8714136 ], [ -74.3606505, 4.8714136 ], [ -74.3607503, 4.8713805 ], [ -74.3608722, 4.8712977 ], [ -74.3609886, 4.8712977 ], [ -74.3611438, 4.8712701 ], [ -74.3611438, 4.8711651 ], [ -74.3612103, 4.8709608 ], [ -74.3612048, 4.8708062 ], [ -74.3612048, 4.8707068 ], [ -74.3612491, 4.8705742 ], [ -74.3613101, 4.8705135 ], [ -74.3614542, 4.8704527 ], [ -74.3615373, 4.8703975 ], [ -74.3618089, 4.8702429 ], [ -74.3619031, 4.8701601 ], [ -74.3619807, 4.8700662 ], [ -74.3619752, 4.8699944 ], [ -74.3619766, 4.8699461 ], [ -74.3618851, 4.8698467 ], [ -74.3618075, 4.8697666 ], [ -74.3616939, 4.8696975 ], [ -74.3615526, 4.8696368 ], [ -74.3614778, 4.8696478 ], [ -74.3613253, 4.8696037 ], [ -74.3612006, 4.8695181 ], [ -74.360893, 4.869449 ], [ -74.3607877, 4.8693662 ], [ -74.3607268, 4.8693165 ], [ -74.3604884, 4.8692033 ], [ -74.3603887, 4.869137 ], [ -74.3603055, 4.8690763 ], [ -74.3602501, 4.8689934 ], [ -74.3601337, 4.8689216 ], [ -74.3600284, 4.8688609 ], [ -74.359973, 4.8687946 ], [ -74.3600118, 4.8687118 ], [ -74.3601005, 4.8686234 ], [ -74.3601448, 4.8686069 ], [ -74.3602834, 4.8684854 ], [ -74.3603111, 4.8683142 ], [ -74.3603111, 4.8682258 ], [ -74.3603, 4.8681098 ], [ -74.3603277, 4.868016 ], [ -74.3603776, 4.8679828 ], [ -74.3605051, 4.8679442 ], [ -74.3607378, 4.8678779 ], [ -74.3608044, 4.8678613 ], [ -74.3609651, 4.8678724 ], [ -74.3610482, 4.8678834 ], [ -74.3611535, 4.867911 ], [ -74.3613143, 4.8679331 ], [ -74.3613974, 4.8679276 ], [ -74.3615027, 4.8679166 ], [ -74.3616523, 4.8678006 ], [ -74.3617466, 4.8678061 ], [ -74.3618131, 4.8678889 ], [ -74.3618242, 4.8679773 ], [ -74.3617909, 4.8681098 ], [ -74.3615637, 4.8682203 ], [ -74.3614473, 4.8682258 ], [ -74.3613364, 4.8682148 ], [ -74.3612921, 4.8682645 ], [ -74.3613143, 4.8683639 ], [ -74.3614417, 4.8684467 ], [ -74.3615082, 4.8684743 ], [ -74.3616025, 4.8685903 ], [ -74.361669, 4.8686124 ], [ -74.3617466, 4.868513 ], [ -74.3617743, 4.868397 ], [ -74.3619128, 4.8683087 ], [ -74.3620791, 4.868281 ], [ -74.3622454, 4.8682424 ], [ -74.3624615, 4.8681982 ], [ -74.3624837, 4.8681927 ], [ -74.3627276, 4.8680933 ], [ -74.3628606, 4.8680601 ], [ -74.3630768, 4.868016 ], [ -74.3631599, 4.8679221 ], [ -74.3631987, 4.8677895 ], [ -74.3633594, 4.8677509 ], [ -74.3634148, 4.8677509 ], [ -74.3634592, 4.867773 ], [ -74.3635035, 4.8677398 ], [ -74.3635035, 4.8675963 ], [ -74.3634814, 4.8674471 ], [ -74.3635423, 4.8673091 ], [ -74.3637474, 4.8672207 ], [ -74.3639746, 4.8671986 ], [ -74.3641354, 4.8672152 ], [ -74.3643016, 4.8672704 ], [ -74.3644125, 4.8673312 ], [ -74.3644402, 4.8674195 ], [ -74.3644014, 4.8675466 ], [ -74.3643016, 4.8676183 ], [ -74.3641742, 4.8677288 ], [ -74.3641409, 4.8678172 ], [ -74.364224, 4.8678613 ], [ -74.3644125, 4.8678834 ], [ -74.3645289, 4.8678834 ], [ -74.3646286, 4.8679773 ], [ -74.364612, 4.8680822 ], [ -74.3645843, 4.8681872 ], [ -74.364612, 4.8682589 ], [ -74.3646785, 4.8682866 ], [ -74.3647007, 4.8683804 ], [ -74.3646841, 4.8684191 ], [ -74.3646342, 4.8685019 ], [ -74.3646342, 4.8685682 ], [ -74.3646397, 4.8685903 ], [ -74.3646231, 4.8686566 ], [ -74.3646896, 4.8687007 ], [ -74.3647229, 4.8687063 ], [ -74.3648005, 4.8687781 ], [ -74.3648559, 4.8688609 ], [ -74.364745, 4.8689548 ], [ -74.3646286, 4.8689934 ], [ -74.3645511, 4.8690376 ], [ -74.3644402, 4.8690818 ], [ -74.3644125, 4.8691039 ], [ -74.3643515, 4.8692309 ], [ -74.3643294, 4.8693469 ], [ -74.3643294, 4.869496 ], [ -74.3643349, 4.8696175 ], [ -74.3643515, 4.8697666 ], [ -74.3643238, 4.8700151 ], [ -74.3642684, 4.87012 ], [ -74.3642407, 4.8701697 ], [ -74.3642351, 4.8702581 ], [ -74.3642407, 4.87049 ], [ -74.3642296, 4.8706391 ], [ -74.364213, 4.8707772 ], [ -74.3641963, 4.8708766 ], [ -74.363958, 4.8709429 ], [ -74.3637529, 4.8709373 ], [ -74.3636698, 4.8709097 ], [ -74.3634758, 4.8708269 ], [ -74.3633317, 4.8708214 ], [ -74.3632042, 4.87086 ], [ -74.3632319, 4.8708932 ], [ -74.3631987, 4.8709815 ], [ -74.3631211, 4.8710644 ], [ -74.3630712, 4.8711527 ], [ -74.3630712, 4.8712411 ], [ -74.3631544, 4.8713294 ], [ -74.3631156, 4.8714178 ], [ -74.3630047, 4.871473 ], [ -74.3629382, 4.8715061 ], [ -74.3629327, 4.871589 ], [ -74.3629382, 4.871705 ], [ -74.3627886, 4.8717988 ], [ -74.3626611, 4.8718375 ], [ -74.3625502, 4.8718375 ], [ -74.3624782, 4.8718761 ], [ -74.3624117, 4.87197 ], [ -74.362517, 4.8720805 ], [ -74.362589, 4.8721799 ], [ -74.3626278, 4.8722351 ], [ -74.3626112, 4.872456 ], [ -74.3625225, 4.8725388 ], [ -74.3623119, 4.8726603 ], [ -74.3622398, 4.8727266 ], [ -74.3621789, 4.8728702 ], [ -74.3621789, 4.8729751 ], [ -74.3622066, 4.8730966 ], [ -74.3621844, 4.8731574 ], [ -74.3621124, 4.8732788 ], [ -74.3620237, 4.8732899 ], [ -74.3619904, 4.8732899 ], [ -74.3619516, 4.8734777 ], [ -74.3619406, 4.8735881 ], [ -74.361874, 4.8736985 ], [ -74.3617909, 4.8738477 ], [ -74.3617798, 4.8739912 ], [ -74.3617965, 4.8741127 ], [ -74.3618408, 4.8741956 ], [ -74.3619461, 4.8742397 ], [ -74.3622011, 4.8742784 ], [ -74.3622343, 4.8742839 ], [ -74.36219, 4.8744165 ], [ -74.3621512, 4.8744386 ], [ -74.3620569, 4.8745214 ], [ -74.3620348, 4.8745711 ], [ -74.3620348, 4.8747036 ], [ -74.3620126, 4.8748141 ], [ -74.3619683, 4.8749135 ], [ -74.3618242, 4.8751344 ], [ -74.3617189, 4.8752338 ], [ -74.361608, 4.8752669 ], [ -74.3614639, 4.8751675 ], [ -74.3613641, 4.8750902 ], [ -74.3612865, 4.8750736 ], [ -74.3612367, 4.8750847 ], [ -74.3612588, 4.8752117 ], [ -74.3613586, 4.8753277 ], [ -74.3614251, 4.8755265 ], [ -74.3614085, 4.8756148 ], [ -74.3613475, 4.8756977 ], [ -74.3612644, 4.8757529 ], [ -74.3610926, 4.8758081 ], [ -74.3608653, 4.8758744 ], [ -74.3607656, 4.8759075 ], [ -74.3607212, 4.8760842 ], [ -74.3606602, 4.8762223 ], [ -74.360699, 4.8764653 ], [ -74.3607766, 4.8765426 ], [ -74.3608819, 4.8766696 ], [ -74.3608819, 4.8767193 ], [ -74.3609928, 4.8768353 ], [ -74.3613253, 4.8770838 ], [ -74.3615082, 4.8771666 ], [ -74.3616357, 4.8772108 ], [ -74.3617466, 4.8773047 ], [ -74.3619239, 4.8774262 ], [ -74.361996, 4.8775697 ], [ -74.3621013, 4.8778072 ], [ -74.3621678, 4.8779287 ], [ -74.3621013, 4.878249 ], [ -74.3619184, 4.8783042 ], [ -74.3617299, 4.8781938 ], [ -74.3616302, 4.8780447 ], [ -74.3614584, 4.8779895 ], [ -74.3612145, 4.8779177 ], [ -74.3610704, 4.8778845 ], [ -74.3609983, 4.8778072 ], [ -74.3608154, 4.87752 ], [ -74.3607157, 4.8774317 ], [ -74.3606325, 4.8772992 ], [ -74.3605494, 4.8770672 ], [ -74.3602224, 4.876885 ], [ -74.3601393, 4.876885 ], [ -74.3598289, 4.8769236 ], [ -74.3597069, 4.8769512 ], [ -74.359646, 4.8769512 ], [ -74.3596571, 4.8771224 ], [ -74.3596626, 4.8772329 ], [ -74.3596626, 4.8774317 ], [ -74.3596515, 4.8776415 ], [ -74.359646, 4.8778072 ], [ -74.3597347, 4.8779729 ], [ -74.3597901, 4.8780447 ], [ -74.3599508, 4.878122 ], [ -74.360106, 4.8782048 ], [ -74.360239, 4.8783374 ], [ -74.3602778, 4.8784423 ], [ -74.3605217, 4.8786245 ], [ -74.3605771, 4.8787018 ], [ -74.3607268, 4.8789172 ], [ -74.3608542, 4.8792099 ], [ -74.3608154, 4.87937 ], [ -74.3608487, 4.8794694 ], [ -74.3609374, 4.8796186 ], [ -74.3608265, 4.8798063 ], [ -74.3607766, 4.8798947 ], [ -74.3607434, 4.8800438 ], [ -74.360699, 4.8802039 ], [ -74.3607489, 4.8804524 ], [ -74.3607656, 4.8806457 ], [ -74.3607877, 4.880723 ], [ -74.3609651, 4.8808556 ], [ -74.3612533, 4.8808666 ], [ -74.3619184, 4.8805574 ], [ -74.3621401, 4.8804359 ], [ -74.3625613, 4.8803199 ], [ -74.3626722, 4.8803144 ], [ -74.3630712, 4.8801266 ], [ -74.3632486, 4.8801156 ], [ -74.3634204, 4.8802039 ], [ -74.3634481, 4.8802702 ], [ -74.3634259, 4.8804414 ], [ -74.3634148, 4.8806457 ], [ -74.3633927, 4.8808666 ], [ -74.3634093, 4.8810212 ], [ -74.3634038, 4.8813084 ], [ -74.3634315, 4.8815459 ], [ -74.3634869, 4.8819159 ], [ -74.36357, 4.8821312 ], [ -74.3636421, 4.88233 ], [ -74.3638194, 4.8826006 ], [ -74.3641631, 4.8830645 ], [ -74.3643016, 4.8832523 ], [ -74.3644679, 4.8834014 ], [ -74.3645289, 4.8834511 ], [ -74.3647118, 4.8835505 ], [ -74.3648005, 4.8836167 ], [ -74.3650277, 4.8837548 ], [ -74.3653159, 4.8838818 ], [ -74.3655653, 4.8839922 ], [ -74.3657482, 4.8840475 ], [ -74.366114, 4.8841082 ], [ -74.3663468, 4.8841137 ], [ -74.3666627, 4.8840585 ], [ -74.3667791, 4.884053 ], [ -74.3669565, 4.8840254 ], [ -74.3670119, 4.8840309 ], [ -74.3670064, 4.8840696 ], [ -74.3669066, 4.8841634 ], [ -74.3668512, 4.8842131 ], [ -74.3667292, 4.884296 ], [ -74.3666572, 4.8843899 ], [ -74.3665962, 4.8844727 ], [ -74.3664965, 4.8846052 ], [ -74.3664133, 4.8847875 ], [ -74.3664133, 4.8848261 ], [ -74.3664521, 4.8850746 ], [ -74.3664355, 4.8851795 ], [ -74.3664078, 4.8852127 ], [ -74.3663634, 4.88529 ], [ -74.3663302, 4.8854391 ], [ -74.366236, 4.8855716 ], [ -74.3662138, 4.88566 ], [ -74.3661473, 4.8857925 ], [ -74.3661085, 4.885914 ], [ -74.3660364, 4.8860189 ], [ -74.3659644, 4.8861239 ], [ -74.3659367, 4.8861625 ], [ -74.3657815, 4.8862343 ], [ -74.3656817, 4.886284 ], [ -74.3655431, 4.8863475 ], [ -74.3654988, 4.8863641 ], [ -74.3654607, 4.8863751 ], [ -74.3654316, 4.8863862 ], [ -74.3654108, 4.8863945 ], [ -74.3653803, 4.8864027 ], [ -74.365354, 4.8864062 ], [ -74.3653457, 4.8864096 ], [ -74.3652806, 4.8864345 ], [ -74.365266, 4.8864414 ], [ -74.3652529, 4.8864448 ], [ -74.3652362, 4.8864504 ], [ -74.3652155, 4.8864559 ], [ -74.3651864, 4.8864607 ], [ -74.3651725, 4.8864662 ], [ -74.3651455, 4.8864773 ], [ -74.3651289, 4.8864821 ], [ -74.3651212, 4.8864849 ], [ -74.3650658, 4.8864911 ], [ -74.3649709, 4.8864952 ], [ -74.3649009, 4.8865015 ], [ -74.3648732, 4.8865028 ], [ -74.3646771, 4.8865166 ], [ -74.3646273, 4.8865256 ], [ -74.3643294, 4.8865484 ], [ -74.3642213, 4.8865539 ], [ -74.364152, 4.8865512 ], [ -74.3639871, 4.8865539 ], [ -74.3638804, 4.8865581 ], [ -74.3637155, 4.8865567 ], [ -74.3634162, 4.8865636 ], [ -74.3632971, 4.8865636 ], [ -74.3631072, 4.886565 ], [ -74.3629534, 4.8865539 ], [ -74.362729, 4.8865387 ], [ -74.3624366, 4.8865208 ], [ -74.3623632, 4.8865153 ], [ -74.3620278, 4.8864628 ], [ -74.3618352, 4.8864352 ], [ -74.3617175, 4.8864186 ], [ -74.3614196, 4.8863786 ], [ -74.3613115, 4.8863648 ], [ -74.3612824, 4.8863579 ], [ -74.3607739, 4.8864048 ], [ -74.3605217, 4.8867072 ], [ -74.3604386, 4.8868314 ], [ -74.3603194, 4.8869957 ], [ -74.3601226, 4.8873698 ], [ -74.3600797, 4.887443 ], [ -74.36007, 4.8874844 ], [ -74.3599508, 4.8879373 ], [ -74.3598372, 4.8881581 ], [ -74.3597236, 4.8883708 ], [ -74.3596585, 4.8884329 ], [ -74.3594534, 4.8887049 ], [ -74.3592511, 4.8887228 ], [ -74.3590516, 4.8887546 ], [ -74.3590363, 4.8887573 ], [ -74.3588631, 4.8887176 ], [ -74.3586854, 4.888679 ], [ -74.3584675, 4.8886282 ], [ -74.3582697, 4.8885841 ], [ -74.3581381, 4.8885554 ], [ -74.3580806, 4.8885426 ], [ -74.3580096, 4.8885147 ], [ -74.3579729, 4.8884985 ], [ -74.3578038, 4.8884394 ], [ -74.3576763, 4.8883842 ], [ -74.3573078, 4.8882462 ], [ -74.3571969, 4.888202 ], [ -74.357111, 4.8881578 ], [ -74.3569336, 4.888075 ], [ -74.3568228, 4.8880474 ], [ -74.3564542, 4.8879618 ], [ -74.3562963, 4.8879452 ], [ -74.3558529, 4.8879369 ], [ -74.3556727, 4.8879369 ], [ -74.3554566, 4.8879314 ], [ -74.3551157, 4.8881053 ], [ -74.3547638, 4.8881661 ], [ -74.3546418, 4.8881965 ], [ -74.3545144, 4.8882351 ], [ -74.354434, 4.888271 ], [ -74.3543952, 4.8882986 ], [ -74.3543564, 4.8883262 ], [ -74.3543509, 4.8883373 ], [ -74.3543342, 4.8883897 ], [ -74.3543176, 4.8884643 ], [ -74.3543176, 4.8884891 ], [ -74.3543204, 4.8885278 ], [ -74.3543509, 4.8886244 ], [ -74.3543564, 4.8886769 ], [ -74.354373, 4.88871 ], [ -74.3543897, 4.8887238 ], [ -74.3544229, 4.8887514 ], [ -74.3544423, 4.8887708 ], [ -74.3544673, 4.8887901 ], [ -74.354495, 4.8888122 ], [ -74.354531, 4.8888343 ], [ -74.3545809, 4.8888647 ], [ -74.354628, 4.8888895 ], [ -74.3546834, 4.8889199 ], [ -74.3546973, 4.8889282 ], [ -74.3547832, 4.8889502 ], [ -74.3548746, 4.8889779 ], [ -74.3549882, 4.8889999 ], [ -74.3550603, 4.889022 ], [ -74.3551462, 4.8890331 ], [ -74.3553042, 4.8890441 ], [ -74.3554178, 4.8890607 ], [ -74.3555203, 4.8890524 ], [ -74.3556977, 4.8890717 ], [ -74.3559332, 4.889149 ], [ -74.3559831, 4.8891711 ], [ -74.356094, 4.8892705 ], [ -74.3561826, 4.8893423 ], [ -74.3562298, 4.8894086 ], [ -74.3563517, 4.8896571 ], [ -74.356518, 4.889994 ], [ -74.3565651, 4.8901265 ], [ -74.3566066, 4.8902369 ], [ -74.3566482, 4.8904689 ], [ -74.3566482, 4.8905628 ], [ -74.3566427, 4.8906898 ], [ -74.3566343, 4.8907726 ], [ -74.3566316, 4.8908416 ], [ -74.3566177, 4.8909162 ], [ -74.3565845, 4.8910211 ], [ -74.3565595, 4.8911095 ], [ -74.3565457, 4.8911564 ], [ -74.3564681, 4.8912613 ], [ -74.3564016, 4.8913524 ], [ -74.3563628, 4.8914353 ], [ -74.3563461, 4.8914877 ], [ -74.3563406, 4.8915706 ], [ -74.3563101, 4.8916672 ], [ -74.3562741, 4.8917445 ], [ -74.3562298, 4.8917942 ], [ -74.3561854, 4.8918329 ], [ -74.3558584, 4.8922636 ], [ -74.3557697, 4.8924845 ], [ -74.3557032, 4.8929042 ], [ -74.3556367, 4.8932134 ], [ -74.3557919, 4.8933681 ], [ -74.356191, 4.8935006 ], [ -74.356457, 4.893611 ], [ -74.3569447, 4.8938319 ], [ -74.3570556, 4.8939203 ], [ -74.3566787, 4.8942958 ], [ -74.3561466, 4.8946492 ], [ -74.3558362, 4.8949143 ], [ -74.3556367, 4.8952677 ], [ -74.3553928, 4.8956874 ], [ -74.3552598, 4.8960187 ], [ -74.3552377, 4.8961954 ], [ -74.3552377, 4.8965047 ], [ -74.3553042, 4.8966814 ], [ -74.3553928, 4.8968581 ], [ -74.3555259, 4.8970348 ], [ -74.3557254, 4.8972557 ], [ -74.3559249, 4.8974766 ], [ -74.3561466, 4.8978079 ], [ -74.3561466, 4.8981614 ], [ -74.3560801, 4.8982718 ], [ -74.3557697, 4.8985148 ], [ -74.3553928, 4.8986252 ], [ -74.3548164, 4.8987136 ], [ -74.3536525, 4.898824 ], [ -74.3533643, 4.8988572 ], [ -74.3531592, 4.8988406 ], [ -74.3530539, 4.8987964 ], [ -74.3528821, 4.898697 ], [ -74.3527325, 4.8986197 ], [ -74.3524332, 4.8984872 ], [ -74.3522059, 4.8982773 ], [ -74.3520785, 4.8981558 ], [ -74.3520119, 4.898084 ], [ -74.3517847, 4.8979349 ], [ -74.3516739, 4.8977638 ], [ -74.3515741, 4.8976478 ], [ -74.3514522, 4.8974932 ], [ -74.3513468, 4.8973441 ], [ -74.3512803, 4.8972502 ], [ -74.3511252, 4.8969686 ], [ -74.3510753, 4.8968084 ], [ -74.3510531, 4.8967532 ], [ -74.3510143, 4.8966593 ], [ -74.3509589, 4.8964495 ], [ -74.3508591, 4.8963169 ], [ -74.3507871, 4.896212 ], [ -74.3507039, 4.8960905 ], [ -74.3506319, 4.8960243 ], [ -74.3505709, 4.8960022 ], [ -74.3501829, 4.8957758 ], [ -74.3501386, 4.8957481 ], [ -74.3499889, 4.8956487 ], [ -74.3499114, 4.8956156 ], [ -74.3491243, 4.8955328 ], [ -74.3486033, 4.8954113 ], [ -74.3478496, 4.8954168 ], [ -74.3474006, 4.8953892 ], [ -74.346597, 4.8953726 ], [ -74.3456935, 4.8954555 ], [ -74.34438, 4.895472 ], [ -74.3440752, 4.8954444 ], [ -74.3424512, 4.8954886 ], [ -74.3420799, 4.8955383 ], [ -74.3417695, 4.8955328 ], [ -74.3414702, 4.8955549 ], [ -74.3411654, 4.8955328 ], [ -74.3404282, 4.8954941 ], [ -74.3399959, 4.8954776 ], [ -74.339159, 4.8953726 ], [ -74.3390149, 4.8953395 ], [ -74.3388763, 4.8953064 ], [ -74.3386269, 4.8952732 ], [ -74.3384551, 4.8951573 ], [ -74.3383221, 4.8950634 ], [ -74.3376348, 4.8946879 ], [ -74.3366261, 4.8944449 ], [ -74.3355342, 4.8946327 ], [ -74.3348691, 4.8947486 ], [ -74.334132, 4.8942295 ], [ -74.3339214, 4.8934399 ], [ -74.3337385, 4.8930312 ], [ -74.3329736, 4.8925342 ], [ -74.3325746, 4.8914905 ], [ -74.3315547, 4.8907947 ], [ -74.3313802, 4.8904137 ], [ -74.3313192, 4.8902756 ], [ -74.3312915, 4.8900271 ], [ -74.3312638, 4.8899443 ], [ -74.3312582, 4.8898449 ], [ -74.3312471, 4.8897675 ], [ -74.3312139, 4.8896737 ], [ -74.3311751, 4.8895743 ], [ -74.3311529, 4.8894583 ], [ -74.3311363, 4.8893258 ], [ -74.3310698, 4.8892374 ], [ -74.3310476, 4.8891767 ], [ -74.3306763, 4.8890165 ], [ -74.3299447, 4.8890773 ], [ -74.3298504, 4.8890717 ], [ -74.3298116, 4.8890883 ], [ -74.3296343, 4.8893147 ], [ -74.3294957, 4.8894528 ], [ -74.3294292, 4.8895301 ], [ -74.3294625, 4.8897068 ], [ -74.3294736, 4.8898835 ], [ -74.3294791, 4.8900271 ], [ -74.3294846, 4.8900989 ], [ -74.3294902, 4.8902646 ], [ -74.3295401, 4.8904137 ], [ -74.3295789, 4.8905462 ], [ -74.3296177, 4.8906511 ], [ -74.3296398, 4.8908333 ], [ -74.3296675, 4.8909493 ], [ -74.3296731, 4.8910598 ], [ -74.3296509, 4.8912862 ], [ -74.3296675, 4.8914795 ], [ -74.3296509, 4.891612 ], [ -74.329601, 4.8918218 ], [ -74.3295678, 4.8919268 ], [ -74.3295179, 4.8920538 ], [ -74.3294846, 4.8921642 ], [ -74.3294237, 4.892247 ], [ -74.3293239, 4.8922967 ], [ -74.3292131, 4.8923299 ], [ -74.3289359, 4.8921697 ], [ -74.3286533, 4.8919157 ], [ -74.3283983, 4.8917003 ], [ -74.3281046, 4.8914297 ], [ -74.3277166, 4.8910542 ], [ -74.3271291, 4.8904744 ], [ -74.32673, 4.8900657 ], [ -74.3256271, 4.8890607 ], [ -74.3250341, 4.888525 ], [ -74.323787, 4.8873156 ], [ -74.3225122, 4.8860842 ], [ -74.3224956, 4.8859295 ], [ -74.3225621, 4.8857528 ], [ -74.3226619, 4.8856093 ], [ -74.3227616, 4.8854436 ], [ -74.3229168, 4.8852669 ], [ -74.3230499, 4.8851122 ], [ -74.3233824, 4.884792 ], [ -74.3234933, 4.8846815 ], [ -74.3238369, 4.8844385 ], [ -74.323848, 4.8843943 ], [ -74.3244687, 4.8838421 ], [ -74.3247126, 4.8834445 ], [ -74.3247458, 4.8832015 ], [ -74.3246017, 4.8827708 ], [ -74.3245574, 4.8825057 ], [ -74.3244687, 4.8822627 ], [ -74.3244466, 4.8819645 ], [ -74.324502, 4.8816774 ], [ -74.3244798, 4.8813129 ], [ -74.3244798, 4.8808821 ], [ -74.3244576, 4.8806612 ], [ -74.3244022, 4.8804735 ], [ -74.3243246, 4.880363 ], [ -74.3239921, 4.8803078 ], [ -74.3237482, 4.8801642 ], [ -74.32346, 4.8800206 ], [ -74.3232383, 4.8799544 ], [ -74.3230388, 4.8797998 ], [ -74.3227727, 4.8795899 ], [ -74.322673, 4.8795236 ], [ -74.3223515, 4.8795678 ], [ -74.3220966, 4.8795789 ], [ -74.3216532, 4.8795015 ], [ -74.3215091, 4.879369 ], [ -74.3209326, 4.8790156 ], [ -74.3206666, 4.8789051 ], [ -74.3203562, 4.8785517 ], [ -74.3201678, 4.8783087 ], [ -74.3199461, 4.8780326 ], [ -74.3198574, 4.8779001 ], [ -74.3196246, 4.8776902 ], [ -74.319281, 4.8776571 ], [ -74.3189928, 4.8774693 ], [ -74.3188154, 4.8772042 ], [ -74.3186713, 4.8769833 ], [ -74.3181392, 4.8765857 ], [ -74.3179619, 4.8763427 ], [ -74.3176958, 4.8760666 ], [ -74.317452, 4.8759783 ], [ -74.3170086, 4.8757684 ], [ -74.3168091, 4.8756911 ], [ -74.3167869, 4.8757021 ], [ -74.3161661, 4.8755917 ], [ -74.3159999, 4.8754923 ], [ -74.3158668, 4.8753045 ], [ -74.315756, 4.8751499 ], [ -74.3157449, 4.8748959 ], [ -74.3157892, 4.874686 ], [ -74.315889, 4.8744651 ], [ -74.3158114, 4.8743326 ], [ -74.315756, 4.8742001 ], [ -74.3155786, 4.8738024 ], [ -74.3153902, 4.8736478 ], [ -74.3152461, 4.873449 ], [ -74.3150466, 4.8733165 ], [ -74.3145921, 4.8731066 ], [ -74.3143815, 4.8729962 ], [ -74.3129515, 4.8728857 ], [ -74.3127187, 4.8729851 ], [ -74.3125414, 4.8731177 ], [ -74.3122753, 4.8733054 ], [ -74.3120869, 4.8734932 ], [ -74.3119095, 4.8736809 ], [ -74.3115216, 4.8740675 ], [ -74.3112999, 4.8743878 ], [ -74.3112112, 4.8745535 ], [ -74.3110782, 4.8747633 ], [ -74.3109784, 4.8750284 ], [ -74.3109008, 4.875161 ], [ -74.3107567, 4.8753377 ], [ -74.3105904, 4.8754923 ], [ -74.31028, 4.8755144 ], [ -74.3101027, 4.8754481 ], [ -74.3098588, 4.8752051 ], [ -74.3096925, 4.8749069 ], [ -74.3094043, 4.8743547 ], [ -74.3091826, 4.873946 ], [ -74.3090607, 4.8738245 ], [ -74.3087392, 4.8736147 ], [ -74.3085065, 4.8735042 ], [ -74.3083734, 4.873438 ], [ -74.3082515, 4.8732944 ], [ -74.3080741, 4.8730956 ], [ -74.3079744, 4.8727532 ], [ -74.3079522, 4.8725765 ], [ -74.3078857, 4.8722009 ], [ -74.3076197, 4.8716929 ], [ -74.3070765, 4.8714388 ], [ -74.3068216, 4.8712842 ], [ -74.3066664, 4.8712069 ], [ -74.3058793, 4.8709418 ], [ -74.3055135, 4.8708645 ], [ -74.3053362, 4.8707982 ], [ -74.3050591, 4.8707099 ], [ -74.3043053, 4.8704558 ], [ -74.3040171, 4.8703012 ], [ -74.3034296, 4.8701245 ], [ -74.3028975, 4.8698705 ], [ -74.3024208, 4.86976 ], [ -74.3021881, 4.8697158 ], [ -74.3017336, 4.8695833 ], [ -74.3014454, 4.8695391 ], [ -74.3005364, 4.869274 ], [ -74.3002039, 4.8691857 ], [ -74.299694, 4.8693845 ], [ -74.2991286, 4.8696275 ], [ -74.2990621, 4.8696606 ], [ -74.2966345, 4.8706657 ], [ -74.2962798, 4.8704779 ], [ -74.2960027, 4.8708314 ], [ -74.2958032, 4.8710302 ], [ -74.2955815, 4.8712732 ], [ -74.2955482, 4.8714057 ], [ -74.2953819, 4.8715935 ], [ -74.2952157, 4.8717923 ], [ -74.2950605, 4.871958 ], [ -74.2945284, 4.872223 ], [ -74.2941792, 4.8726593 ], [ -74.2939686, 4.8728912 ], [ -74.2937691, 4.8731121 ], [ -74.2936527, 4.8732005 ], [ -74.2933201, 4.8732833 ], [ -74.2927049, 4.8738687 ], [ -74.29245, 4.8740399 ], [ -74.2923225, 4.8740178 ], [ -74.2919844, 4.874178 ], [ -74.2917904, 4.8742608 ], [ -74.2915521, 4.8743547 ], [ -74.2910699, 4.8744707 ], [ -74.2907928, 4.8745535 ], [ -74.2903937, 4.8746805 ], [ -74.2898894, 4.8748627 ], [ -74.2895568, 4.8749953 ], [ -74.2891799, 4.8749732 ], [ -74.2887587, 4.8749621 ], [ -74.2886368, 4.874929 ], [ -74.2871403, 4.8752051 ], [ -74.2859819, 4.8760059 ], [ -74.2849714, 4.8757054 ], [ -74.2850601, 4.8756044 ], [ -74.2851399, 4.8754694 ], [ -74.2852282, 4.8753386 ], [ -74.2853123, 4.8752205 ], [ -74.2853879, 4.8751066 ], [ -74.2854342, 4.8750306 ], [ -74.2855098, 4.874845 ], [ -74.2855728, 4.8746973 ], [ -74.2856821, 4.8744611 ], [ -74.2858208, 4.874132 ], [ -74.2858459, 4.8739211 ], [ -74.2858375, 4.8737018 ], [ -74.28577, 4.873204 ], [ -74.2856521, 4.8727738 ], [ -74.2854501, 4.872293 ], [ -74.2853071, 4.8721075 ], [ -74.2848107, 4.8716521 ], [ -74.2842723, 4.8711629 ], [ -74.2840283, 4.8709774 ], [ -74.2835993, 4.8706232 ], [ -74.2833217, 4.8705136 ], [ -74.2830777, 4.8703703 ], [ -74.2827917, 4.8701341 ], [ -74.2825982, 4.8698473 ], [ -74.282371, 4.8696449 ], [ -74.2819294, 4.8692768 ], [ -74.281954, 4.8691125 ] ], [ [ -74.3242967, 4.837687 ], [ -74.3241404, 4.8378658 ], [ -74.3239961, 4.8380545 ], [ -74.3238646, 4.8382521 ], [ -74.3237463, 4.8384579 ], [ -74.3236418, 4.838671 ], [ -74.3235515, 4.8388904 ], [ -74.3234758, 4.8391153 ], [ -74.323415, 4.8393445 ], [ -74.3233693, 4.8395773 ], [ -74.3233391, 4.8398125 ], [ -74.3233244, 4.8400492 ], [ -74.3233252, 4.8402864 ], [ -74.3233416, 4.840523 ], [ -74.3233735, 4.840758 ], [ -74.3234207, 4.8409904 ], [ -74.3234831, 4.8412193 ], [ -74.3235604, 4.8414436 ], [ -74.3236523, 4.8416624 ], [ -74.3237583, 4.8418747 ], [ -74.323878, 4.8420797 ], [ -74.3240109, 4.8422764 ], [ -74.3241565, 4.8424641 ], [ -74.324314, 4.8426418 ], [ -74.3244829, 4.8428089 ], [ -74.3246624, 4.8429647 ], [ -74.3248517, 4.8431084 ], [ -74.3250501, 4.8432394 ], [ -74.3252566, 4.8433573 ], [ -74.3254704, 4.8434615 ], [ -74.3256906, 4.8435514 ], [ -74.3259163, 4.8436269 ], [ -74.3261464, 4.8436875 ], [ -74.32638, 4.8437329 ], [ -74.326616, 4.8437631 ], [ -74.3268536, 4.8437777 ], [ -74.3270916, 4.8437769 ], [ -74.327329, 4.8437606 ], [ -74.3275649, 4.8437288 ], [ -74.3277982, 4.8436817 ], [ -74.3280278, 4.8436195 ], [ -74.328253, 4.8435425 ], [ -74.3284725, 4.843451 ], [ -74.3286856, 4.8433454 ], [ -74.3288913, 4.8432261 ], [ -74.3290887, 4.8430936 ], [ -74.3292771, 4.8429486 ], [ -74.3294555, 4.8427916 ], [ -74.3296232, 4.8426233 ], [ -74.3297795, 4.8424445 ], [ -74.3299237, 4.8422558 ], [ -74.3300552, 4.8420582 ], [ -74.3301735, 4.8418524 ], [ -74.330278, 4.8416393 ], [ -74.3303683, 4.8414199 ], [ -74.3304441, 4.8411951 ], [ -74.3305049, 4.8409658 ], [ -74.3305505, 4.840733 ], [ -74.3305807, 4.8404978 ], [ -74.3305955, 4.8402611 ], [ -74.3305946, 4.840024 ], [ -74.3305782, 4.8397874 ], [ -74.3305463, 4.8395523 ], [ -74.3304991, 4.8393199 ], [ -74.3304367, 4.839091 ], [ -74.3303594, 4.8388667 ], [ -74.3302675, 4.838648 ], [ -74.3301615, 4.8384356 ], [ -74.3300418, 4.8382307 ], [ -74.3299089, 4.8380339 ], [ -74.3297633, 4.8378463 ], [ -74.3296058, 4.8376685 ], [ -74.3294369, 4.8375014 ], [ -74.3292574, 4.8373457 ], [ -74.3290681, 4.837202 ], [ -74.3288697, 4.8370709 ], [ -74.3286632, 4.836953 ], [ -74.3284494, 4.8368489 ], [ -74.3282292, 4.8367589 ], [ -74.3280035, 4.8366834 ], [ -74.3277734, 4.8366229 ], [ -74.3275398, 4.8365774 ], [ -74.3273038, 4.8365473 ], [ -74.3270662, 4.8365326 ], [ -74.3268282, 4.8365334 ], [ -74.3265908, 4.8365498 ], [ -74.3263549, 4.8365815 ], [ -74.3261216, 4.8366286 ], [ -74.325892, 4.8366908 ], [ -74.3256669, 4.8367678 ], [ -74.3254473, 4.8368593 ], [ -74.3252342, 4.836965 ], [ -74.3250285, 4.8370843 ], [ -74.3248311, 4.8372167 ], [ -74.3246428, 4.8373617 ], [ -74.3244644, 4.8375187 ], [ -74.3242967, 4.837687 ] ] ] } },
{ "type": "Feature", "properties": { "id": 0, "layer": "Sistemas_de_areas_protegidas", "clas_CIAF": "3a" }, "geometry": { "type": "Polygon", "coordinates": [ [ [ -74.3731833, 4.8721895 ], [ -74.3730195, 4.8725143 ], [ -74.3728537, 4.8731727 ], [ -74.3727056, 4.8734703 ], [ -74.3726246, 4.8736328 ], [ -74.3723955, 4.8741167 ], [ -74.3720716, 4.8746245 ], [ -74.3718424, 4.8749339 ], [ -74.3712443, 4.8753377 ], [ -74.3703562, 4.8758388 ], [ -74.3699768, 4.8760848 ], [ -74.3697001, 4.8763149 ], [ -74.3697557, 4.8767908 ], [ -74.3698666, 4.8773063 ], [ -74.3699573, 4.8777762 ], [ -74.3700013, 4.8780042 ], [ -74.3698988, 4.8786943 ], [ -74.3696935, 4.8792971 ], [ -74.3695197, 4.8797414 ], [ -74.3694042, 4.8795347 ], [ -74.3691049, 4.8793138 ], [ -74.3689053, 4.8791039 ], [ -74.3686947, 4.878861 ], [ -74.3683289, 4.8783529 ], [ -74.3680629, 4.8781762 ], [ -74.3679742, 4.8780878 ], [ -74.3680629, 4.877878 ], [ -74.3680185, 4.8776571 ], [ -74.3679077, 4.877392 ], [ -74.3678634, 4.8772374 ], [ -74.3678412, 4.8770386 ], [ -74.3677414, 4.8768287 ], [ -74.3676527, 4.8766741 ], [ -74.3675419, 4.8765747 ], [ -74.3673978, 4.8764532 ], [ -74.3670431, 4.8761992 ], [ -74.3669766, 4.876166 ], [ -74.3669101, 4.8761439 ], [ -74.3667105, 4.8760777 ], [ -74.3664112, 4.8757684 ], [ -74.3660122, 4.875658 ], [ -74.3658792, 4.8756138 ], [ -74.365591, 4.8754813 ], [ -74.365602, 4.8753156 ], [ -74.3656575, 4.875183 ], [ -74.3658127, 4.8750615 ], [ -74.3659678, 4.874918 ], [ -74.3660898, 4.8748296 ], [ -74.366123, 4.8746971 ], [ -74.3662228, 4.8745756 ], [ -74.3662893, 4.8744762 ], [ -74.3664888, 4.8743436 ], [ -74.3668103, 4.8742442 ], [ -74.367165, 4.8742553 ], [ -74.367553, 4.8741117 ], [ -74.3676306, 4.8740896 ], [ -74.3679188, 4.8740344 ], [ -74.3681405, 4.8739902 ], [ -74.3685285, 4.8739018 ], [ -74.3687945, 4.8737803 ], [ -74.369127, 4.8736147 ], [ -74.3692268, 4.8735484 ], [ -74.369515, 4.87346 ], [ -74.3698143, 4.873438 ], [ -74.3702688, 4.8735374 ], [ -74.3704461, 4.8736699 ], [ -74.3707676, 4.8737141 ], [ -74.3708009, 4.8736478 ], [ -74.3707233, 4.8730845 ], [ -74.370823, 4.8730403 ], [ -74.3710336, 4.8731729 ], [ -74.3711223, 4.8733717 ], [ -74.3714438, 4.8733386 ], [ -74.3716101, 4.8730293 ], [ -74.3716987, 4.8730293 ], [ -74.3719648, 4.8729741 ], [ -74.3722086, 4.8726427 ], [ -74.3724525, 4.8725433 ], [ -74.3725301, 4.8723997 ], [ -74.3727518, 4.8722009 ], [ -74.3731833, 4.8721895 ] ] ] } },
{ "type": "Feature", "properties": { "id": 0, "layer": "Sistemas_de_areas_protegidas", "clas_CIAF": "3a" }, "geometry": { "type": "Polygon", "coordinates": [ [ [ -74.3906176, 4.8025855 ], [ -74.3902309, 4.8030014 ], [ -74.389684, 4.8033401 ], [ -74.3892258, 4.8035316 ], [ -74.3887233, 4.8035905 ], [ -74.387807, 4.8034727 ], [ -74.3874522, 4.8034432 ], [ -74.3864029, 4.8033549 ], [ -74.3856343, 4.803237 ], [ -74.384851, 4.8030014 ], [ -74.384245, 4.8027068 ], [ -74.3838459, 4.8023534 ], [ -74.3834764, 4.8020735 ], [ -74.3831365, 4.8011751 ], [ -74.3829444, 4.8009837 ], [ -74.3825749, 4.8008069 ], [ -74.3824271, 4.8007186 ], [ -74.3822202, 4.8004976 ], [ -74.3822349, 4.8002914 ], [ -74.3822497, 4.8002914 ], [ -74.382357, 4.8002591 ], [ -74.3829834, 4.8005155 ], [ -74.3840961, 4.8008304 ], [ -74.384813, 4.8010812 ], [ -74.387906, 4.8021631 ], [ -74.3883414, 4.8022842 ], [ -74.3887405, 4.8022841 ], [ -74.3889945, 4.8022961 ], [ -74.3892242, 4.8023445 ], [ -74.3906176, 4.8025855 ] ] ] } },
{ "type": "Feature", "properties": { "id": 0, "layer": "Sistemas_de_areas_protegidas", "clas_CIAF": "3a" }, "geometry": { "type": "Polygon", "coordinates": [ [ [ -74.3739571, 4.8712861 ], [ -74.3743369, 4.8711738 ], [ -74.3744921, 4.8710744 ], [ -74.3746695, 4.8710412 ], [ -74.3750796, 4.8710191 ], [ -74.3751461, 4.8707982 ], [ -74.3749577, 4.8706326 ], [ -74.3747914, 4.8705111 ], [ -74.3749466, 4.8703564 ], [ -74.3751572, 4.8700914 ], [ -74.3756117, 4.8698926 ], [ -74.3756893, 4.8696275 ], [ -74.3757336, 4.8696164 ], [ -74.3758667, 4.8696496 ], [ -74.3759553, 4.8697158 ], [ -74.3761327, 4.8697932 ], [ -74.376299, 4.86976 ], [ -74.3763766, 4.8696827 ], [ -74.3765096, 4.8696827 ], [ -74.3766315, 4.8697379 ], [ -74.3767645, 4.869992 ], [ -74.3768421, 4.8702239 ], [ -74.3769308, 4.8703564 ], [ -74.3770306, 4.8704448 ], [ -74.3772744, 4.8703564 ], [ -74.3772079, 4.870235 ], [ -74.3773077, 4.8699146 ], [ -74.3773742, 4.8697158 ], [ -74.3774075, 4.8696827 ], [ -74.3774185, 4.8696496 ], [ -74.3775737, 4.8696496 ], [ -74.3777068, 4.8696938 ], [ -74.3779285, 4.8698263 ], [ -74.3780836, 4.8698926 ], [ -74.3783164, 4.8696275 ], [ -74.3783053, 4.8694618 ], [ -74.3783497, 4.8693072 ], [ -74.3783608, 4.8691636 ], [ -74.3783164, 4.869009 ], [ -74.3783608, 4.8689869 ], [ -74.378649, 4.8688322 ], [ -74.379181, 4.8686114 ], [ -74.379303, 4.8685451 ], [ -74.3795912, 4.8683463 ], [ -74.379702, 4.8682137 ], [ -74.3797575, 4.868037 ], [ -74.3798905, 4.8678934 ], [ -74.3800235, 4.8677278 ], [ -74.3800789, 4.8675842 ], [ -74.3801011, 4.8673743 ], [ -74.3801454, 4.8671755 ], [ -74.3801344, 4.8670209 ], [ -74.3802895, 4.8667006 ], [ -74.380611, 4.8664245 ], [ -74.3810766, 4.866071 ], [ -74.3811209, 4.8660268 ], [ -74.3812318, 4.8659164 ], [ -74.3815421, 4.8658059 ], [ -74.3821296, 4.8659053 ], [ -74.3822405, 4.8660047 ], [ -74.3823402, 4.8661042 ], [ -74.3824622, 4.8661373 ], [ -74.3825176, 4.8661373 ], [ -74.3825619, 4.8660821 ], [ -74.3825619, 4.8659606 ], [ -74.3825619, 4.8658059 ], [ -74.3824844, 4.8656513 ], [ -74.38244, 4.8654415 ], [ -74.3824178, 4.8653697 ], [ -74.3823707, 4.8653089 ], [ -74.3823596, 4.8652813 ], [ -74.3823402, 4.865262 ], [ -74.3823042, 4.8651129 ], [ -74.3822405, 4.8650328 ], [ -74.3821712, 4.8649306 ], [ -74.3820964, 4.8648147 ], [ -74.3821379, 4.8647705 ], [ -74.3821934, 4.8646849 ], [ -74.3822516, 4.8645744 ], [ -74.3822876, 4.8645109 ], [ -74.3822266, 4.8644529 ], [ -74.3821767, 4.8644281 ], [ -74.382041, 4.8643701 ], [ -74.3819772, 4.8642817 ], [ -74.3819329, 4.864221 ], [ -74.3819689, 4.8641271 ], [ -74.3820132, 4.8640084 ], [ -74.3820908, 4.8639228 ], [ -74.3821102, 4.8638896 ], [ -74.3822349, 4.8637488 ], [ -74.3823375, 4.8636549 ], [ -74.3824899, 4.8635472 ], [ -74.3825786, 4.8634837 ], [ -74.3827365, 4.863423 ], [ -74.3829499, 4.8633871 ], [ -74.3831356, 4.8633788 ], [ -74.383252, 4.8633954 ], [ -74.3833102, 4.8634092 ], [ -74.3834349, 4.8634147 ], [ -74.3835097, 4.8634037 ], [ -74.3835568, 4.8632822 ], [ -74.3835152, 4.86318 ], [ -74.3834238, 4.8631027 ], [ -74.383324, 4.8630226 ], [ -74.383252, 4.8629122 ], [ -74.3832492, 4.8626636 ], [ -74.3833129, 4.8625532 ], [ -74.3833961, 4.8624704 ], [ -74.3834737, 4.8624013 ], [ -74.3835707, 4.8623157 ], [ -74.3838118, 4.8622633 ], [ -74.3839891, 4.8622412 ], [ -74.3841332, 4.8621528 ], [ -74.3842829, 4.8620672 ], [ -74.3844408, 4.8619871 ], [ -74.3845406, 4.8618767 ], [ -74.384693, 4.8618353 ], [ -74.3847374, 4.8618932 ], [ -74.3848898, 4.8619512 ], [ -74.3850311, 4.8620203 ], [ -74.3852389, 4.8620286 ], [ -74.3853637, 4.861965 ], [ -74.3855161, 4.8619015 ], [ -74.3856269, 4.8618629 ], [ -74.3858015, 4.8618656 ], [ -74.3858902, 4.8619457 ], [ -74.3859595, 4.8619899 ], [ -74.386098, 4.8620092 ], [ -74.3864278, 4.8619788 ], [ -74.3865525, 4.8619347 ], [ -74.386777, 4.8618021 ], [ -74.3868352, 4.8616447 ], [ -74.3868435, 4.8614818 ], [ -74.3868657, 4.8612664 ], [ -74.3868047, 4.8611229 ], [ -74.3866828, 4.8610014 ], [ -74.3865276, 4.860797 ], [ -74.3864167, 4.86067 ], [ -74.3864389, 4.8603828 ], [ -74.3864278, 4.8602448 ], [ -74.3864832, 4.8601012 ], [ -74.3865331, 4.8600294 ], [ -74.3866052, 4.8600294 ], [ -74.3866883, 4.8600294 ], [ -74.3869045, 4.8600184 ], [ -74.387043, 4.8600404 ], [ -74.3871095, 4.8600515 ], [ -74.3874088, 4.8600322 ], [ -74.3874448, 4.8599769 ], [ -74.3875169, 4.8599631 ], [ -74.3875612, 4.8599769 ], [ -74.387661, 4.8599907 ], [ -74.3876721, 4.8600184 ], [ -74.3878273, 4.8600128 ], [ -74.3878688, 4.8600073 ], [ -74.3880185, 4.8599466 ], [ -74.388121, 4.8598748 ], [ -74.3881792, 4.8598416 ], [ -74.3881875, 4.859745 ], [ -74.3881681, 4.8596594 ], [ -74.3881044, 4.8595683 ], [ -74.388049, 4.859502 ], [ -74.3880046, 4.8594219 ], [ -74.3879603, 4.8593198 ], [ -74.3879381, 4.8592065 ], [ -74.3879658, 4.8591292 ], [ -74.3880046, 4.8589083 ], [ -74.3880573, 4.8588255 ], [ -74.3881321, 4.8588062 ], [ -74.3881986, 4.8588172 ], [ -74.3882734, 4.8588172 ], [ -74.3883538, 4.858831 ], [ -74.3884148, 4.8588365 ], [ -74.3884536, 4.8588641 ], [ -74.3884951, 4.8589194 ], [ -74.3885312, 4.8589525 ], [ -74.3886171, 4.8590133 ], [ -74.3888055, 4.8589442 ], [ -74.3888997, 4.8588476 ], [ -74.3889358, 4.8588089 ], [ -74.389199, 4.8588089 ], [ -74.3892461, 4.8588448 ], [ -74.3892905, 4.8588973 ], [ -74.3894595, 4.8589553 ], [ -74.3896119, 4.8589194 ], [ -74.3896369, 4.8588973 ], [ -74.3897505, 4.8587979 ], [ -74.3898891, 4.8586626 ], [ -74.3900304, 4.8585024 ], [ -74.3902826, 4.858334 ], [ -74.3904101, 4.858287 ], [ -74.3904156, 4.8582843 ], [ -74.3910946, 4.8582815 ], [ -74.3911555, 4.858334 ], [ -74.3912885, 4.8584058 ], [ -74.3913828, 4.8584582 ], [ -74.3914687, 4.8585659 ], [ -74.3914493, 4.8586515 ], [ -74.3913911, 4.8587813 ], [ -74.3913495, 4.8588752 ], [ -74.3912885, 4.8591099 ], [ -74.3913162, 4.8592701 ], [ -74.39138, 4.8593557 ], [ -74.3915435, 4.8594551 ], [ -74.3917652, 4.8594827 ], [ -74.3918733, 4.8594219 ], [ -74.3919453, 4.8593833 ], [ -74.3922224, 4.8592562 ], [ -74.3925578, 4.8591983 ], [ -74.3927351, 4.8592148 ], [ -74.3929402, 4.8593087 ], [ -74.3929845, 4.8593363 ], [ -74.3930538, 4.8594109 ], [ -74.3930981, 4.859502 ], [ -74.3931009, 4.8596373 ], [ -74.3930843, 4.859687 ], [ -74.3929873, 4.8597312 ], [ -74.3927878, 4.8597671 ], [ -74.3926215, 4.8598195 ], [ -74.3925827, 4.8599051 ], [ -74.3925882, 4.8600404 ], [ -74.3926575, 4.8601371 ], [ -74.3927019, 4.8601564 ], [ -74.3930178, 4.8603138 ], [ -74.3932478, 4.8604684 ], [ -74.3932838, 4.8605596 ], [ -74.3931924, 4.8609655 ], [ -74.3932284, 4.8611201 ], [ -74.3932783, 4.8612637 ], [ -74.3933947, 4.8615564 ], [ -74.3935138, 4.8617082 ], [ -74.3936025, 4.861827 ], [ -74.3937244, 4.8619816 ], [ -74.3937993, 4.8620396 ], [ -74.3938824, 4.8621445 ], [ -74.394129, 4.8621721 ], [ -74.3943535, 4.8622025 ], [ -74.3944671, 4.8624897 ], [ -74.3945087, 4.8626057 ], [ -74.3945281, 4.8627189 ], [ -74.3944838, 4.8629039 ], [ -74.3945115, 4.8629619 ], [ -74.3945974, 4.8630143 ], [ -74.3946583, 4.862995 ], [ -74.3946999, 4.8629122 ], [ -74.394711, 4.862763 ], [ -74.3947387, 4.8626112 ], [ -74.3948246, 4.862567 ], [ -74.3949576, 4.8625808 ], [ -74.3950629, 4.8626277 ], [ -74.3951461, 4.8626913 ], [ -74.3952348, 4.8627133 ], [ -74.3952819, 4.8627106 ], [ -74.3953428, 4.8627575 ], [ -74.3952514, 4.8628459 ], [ -74.3952265, 4.8629619 ], [ -74.3953428, 4.8629978 ], [ -74.395401, 4.8630088 ], [ -74.3954509, 4.8630254 ], [ -74.395559, 4.8630613 ], [ -74.39562, 4.8631275 ], [ -74.3955756, 4.8632297 ], [ -74.3955479, 4.8632739 ], [ -74.3955507, 4.8633512 ], [ -74.3956643, 4.8633595 ], [ -74.3957752, 4.8632766 ], [ -74.3959553, 4.8632269 ], [ -74.3960634, 4.8632104 ], [ -74.3961077, 4.8632214 ], [ -74.3961659, 4.8632711 ], [ -74.3963128, 4.8633816 ], [ -74.3964319, 4.8634423 ], [ -74.3964292, 4.8635003 ], [ -74.396407, 4.8636052 ], [ -74.3964208, 4.8637322 ], [ -74.3966758, 4.8637792 ], [ -74.3967229, 4.8637819 ], [ -74.3968088, 4.8639366 ], [ -74.396892, 4.8640691 ], [ -74.3969224, 4.8642348 ], [ -74.3969945, 4.8643121 ], [ -74.3971829, 4.864348 ], [ -74.3972494, 4.864359 ], [ -74.3972799, 4.864522 ], [ -74.3973464, 4.8647152 ], [ -74.3973714, 4.8648147 ], [ -74.3974074, 4.8649693 ], [ -74.3974268, 4.8651377 ], [ -74.3974739, 4.8651957 ], [ -74.3976291, 4.8652095 ], [ -74.3977206, 4.8651874 ], [ -74.3977649, 4.8651294 ], [ -74.3978065, 4.8651046 ], [ -74.3979755, 4.8651267 ], [ -74.3980974, 4.8651294 ], [ -74.3982609, 4.8651543 ], [ -74.3984743, 4.8651791 ], [ -74.3988013, 4.8651929 ], [ -74.3990009, 4.8653144 ], [ -74.3991616, 4.8653641 ], [ -74.3992835, 4.8654525 ], [ -74.3994609, 4.8655961 ], [ -74.3999985, 4.8656347 ], [ -74.4001869, 4.8656513 ], [ -74.4002313, 4.8657397 ], [ -74.4004142, 4.8659164 ], [ -74.4005029, 4.8659992 ], [ -74.4008742, 4.8661815 ], [ -74.4010627, 4.8662533 ], [ -74.4011569, 4.866303 ], [ -74.401301, 4.8664079 ], [ -74.4013509, 4.8664355 ], [ -74.4014395, 4.8665018 ], [ -74.4014451, 4.8665128 ], [ -74.4016003, 4.8666509 ], [ -74.4016668, 4.8667171 ], [ -74.4017333, 4.8667448 ], [ -74.4018774, 4.8667613 ], [ -74.4019772, 4.8667392 ], [ -74.402016, 4.8667392 ], [ -74.4021157, 4.8667448 ], [ -74.4021379, 4.8667668 ], [ -74.402149, 4.8668166 ], [ -74.4020825, 4.8669325 ], [ -74.4019938, 4.8670209 ], [ -74.4019162, 4.8672694 ], [ -74.401894, 4.8673412 ], [ -74.4018386, 4.867424 ], [ -74.4017167, 4.867413 ], [ -74.4016169, 4.8673136 ], [ -74.4014007, 4.8670872 ], [ -74.4013065, 4.8669933 ], [ -74.4011402, 4.8668939 ], [ -74.4009629, 4.8668497 ], [ -74.4003366, 4.8668773 ], [ -74.4001204, 4.8667945 ], [ -74.3997823, 4.8667779 ], [ -74.3995717, 4.8668 ], [ -74.39935, 4.8667503 ], [ -74.3991782, 4.8667061 ], [ -74.3990286, 4.8666951 ], [ -74.3984189, 4.8667448 ], [ -74.3983856, 4.8668497 ], [ -74.3984799, 4.8669657 ], [ -74.398563, 4.8670927 ], [ -74.3986683, 4.8672583 ], [ -74.398951, 4.8675676 ], [ -74.3989842, 4.8677001 ], [ -74.3989953, 4.8678879 ], [ -74.3990009, 4.8681199 ], [ -74.3989676, 4.8682248 ], [ -74.3988568, 4.8683297 ], [ -74.3988568, 4.8684015 ], [ -74.3990341, 4.8683463 ], [ -74.3990895, 4.8683463 ], [ -74.3991893, 4.8684346 ], [ -74.3995496, 4.8682303 ], [ -74.3996272, 4.8680812 ], [ -74.3997214, 4.8679928 ], [ -74.3999265, 4.8679818 ], [ -74.4001315, 4.8680536 ], [ -74.4003033, 4.8680978 ], [ -74.4004696, 4.8681364 ], [ -74.4005472, 4.8681861 ], [ -74.4006193, 4.8682634 ], [ -74.4006636, 4.8683187 ], [ -74.4007301, 4.8685672 ], [ -74.4008188, 4.8685672 ], [ -74.4009573, 4.8684512 ], [ -74.4010349, 4.8684512 ], [ -74.4012289, 4.8685119 ], [ -74.4014617, 4.8686224 ], [ -74.4015559, 4.8687715 ], [ -74.4015836, 4.8689151 ], [ -74.4016003, 4.8690366 ], [ -74.4017998, 4.8690697 ], [ -74.401894, 4.8691415 ], [ -74.4020548, 4.8692354 ], [ -74.4021933, 4.8693514 ], [ -74.4022321, 4.8694673 ], [ -74.4022099, 4.8695226 ], [ -74.4021213, 4.8695336 ], [ -74.4019716, 4.869517 ], [ -74.4017887, 4.8694618 ], [ -74.4016612, 4.8696054 ], [ -74.4016557, 4.8697932 ], [ -74.401689, 4.8698429 ], [ -74.4017, 4.8699644 ], [ -74.4016169, 4.8700638 ], [ -74.4015448, 4.870257 ], [ -74.4015448, 4.8703454 ], [ -74.4015836, 4.8704669 ], [ -74.4015836, 4.8704724 ], [ -74.4017832, 4.8703841 ], [ -74.4019661, 4.8702294 ], [ -74.4020991, 4.8701135 ], [ -74.4020935, 4.8701079 ], [ -74.4021545, 4.8701135 ], [ -74.4022432, 4.8701024 ], [ -74.4025092, 4.8700914 ], [ -74.4026423, 4.8699975 ], [ -74.4026977, 4.8699809 ], [ -74.4030247, 4.8699975 ], [ -74.4032353, 4.8700141 ], [ -74.4034736, 4.8699588 ], [ -74.4035401, 4.8699091 ], [ -74.40359, 4.8698649 ], [ -74.4037507, 4.8698649 ], [ -74.4037951, 4.8698042 ], [ -74.4040057, 4.8696661 ], [ -74.404172, 4.8695446 ], [ -74.4042717, 4.8695446 ], [ -74.4043715, 4.8695999 ], [ -74.4043937, 4.8696882 ], [ -74.4044602, 4.8697379 ], [ -74.4047068, 4.8696661 ], [ -74.4047816, 4.869622 ], [ -74.404959, 4.869622 ], [ -74.4050421, 4.8697241 ], [ -74.4051114, 4.8697821 ], [ -74.4051918, 4.8698291 ], [ -74.4053691, 4.8698539 ], [ -74.4055493, 4.8698815 ], [ -74.4056379, 4.8699671 ], [ -74.4057239, 4.870119 ], [ -74.4056823, 4.8702322 ], [ -74.4056546, 4.8703509 ], [ -74.4056435, 4.8704945 ], [ -74.4056573, 4.8705746 ], [ -74.4058957, 4.870558 ], [ -74.4059844, 4.8705884 ], [ -74.4062171, 4.8706298 ], [ -74.4063529, 4.870627 ], [ -74.4064388, 4.870627 ], [ -74.4066273, 4.8707099 ], [ -74.406788, 4.8708783 ], [ -74.4068129, 4.8708921 ], [ -74.4068517, 4.8709335 ], [ -74.4070042, 4.8710909 ], [ -74.4070873, 4.8712621 ], [ -74.4071483, 4.8713698 ], [ -74.4072591, 4.8714775 ], [ -74.4073727, 4.8715162 ], [ -74.4075196, 4.8715438 ], [ -74.4077746, 4.8715962 ], [ -74.4080184, 4.8716294 ], [ -74.4081127, 4.8716735 ], [ -74.4084009, 4.8718503 ], [ -74.4085782, 4.8718503 ], [ -74.4087777, 4.8718503 ], [ -74.4088609, 4.8718282 ], [ -74.4090826, 4.8717509 ], [ -74.4092489, 4.8717343 ], [ -74.4094262, 4.8718227 ], [ -74.4095648, 4.8718944 ], [ -74.4098419, 4.8719552 ], [ -74.4102354, 4.8719607 ], [ -74.4107176, 4.8719497 ], [ -74.4108395, 4.8719497 ], [ -74.4109726, 4.8720159 ], [ -74.4112663, 4.8720988 ], [ -74.4113661, 4.8721761 ], [ -74.4115213, 4.8723141 ], [ -74.4116155, 4.8724412 ], [ -74.4117208, 4.8725571 ], [ -74.4117485, 4.8727615 ], [ -74.4117707, 4.8729824 ], [ -74.4117263, 4.8732364 ], [ -74.411682, 4.8733137 ], [ -74.4115767, 4.8733965 ], [ -74.4113328, 4.8735843 ], [ -74.4111222, 4.8736837 ], [ -74.4109338, 4.8738052 ], [ -74.4108229, 4.8738936 ], [ -74.410834, 4.8740813 ], [ -74.410834, 4.8741476 ], [ -74.4108063, 4.8743298 ], [ -74.4107398, 4.8744182 ], [ -74.4106899, 4.8744513 ], [ -74.4105236, 4.8745176 ], [ -74.4103352, 4.8745839 ], [ -74.4102077, 4.874617 ], [ -74.410119, 4.8746059 ], [ -74.4098585, 4.8746059 ], [ -74.4096978, 4.874628 ], [ -74.409598, 4.8746501 ], [ -74.4094595, 4.8746998 ], [ -74.4093874, 4.8747827 ], [ -74.4094151, 4.8748765 ], [ -74.409526, 4.8749594 ], [ -74.4097588, 4.8749594 ], [ -74.4099084, 4.8749318 ], [ -74.4101356, 4.8748931 ], [ -74.4104294, 4.8748986 ], [ -74.4106012, 4.8748545 ], [ -74.4108673, 4.8746391 ], [ -74.4111333, 4.8744845 ], [ -74.4114936, 4.8742967 ], [ -74.4117596, 4.874131 ], [ -74.4122806, 4.8737168 ], [ -74.4126963, 4.8733689 ], [ -74.4129401, 4.8731204 ], [ -74.4130122, 4.8730155 ], [ -74.4131175, 4.8728277 ], [ -74.4132339, 4.8728222 ], [ -74.4133558, 4.8728719 ], [ -74.4135941, 4.8729216 ], [ -74.413777, 4.8728222 ], [ -74.4137549, 4.8725185 ], [ -74.413644, 4.8721761 ], [ -74.413511, 4.8718779 ], [ -74.41345, 4.871795 ], [ -74.4133891, 4.8717067 ], [ -74.4134223, 4.8713974 ], [ -74.4136551, 4.8712207 ], [ -74.413766, 4.8711986 ], [ -74.4139489, 4.8711268 ], [ -74.4136828, 4.8707071 ], [ -74.4134057, 4.8702764 ], [ -74.4131175, 4.8699671 ], [ -74.412918, 4.8697352 ], [ -74.4128847, 4.8695032 ], [ -74.4131618, 4.869194 ], [ -74.4144255, 4.8679901 ], [ -74.4148689, 4.8675925 ], [ -74.4148578, 4.8673936 ], [ -74.4151349, 4.8670402 ], [ -74.4151017, 4.8666978 ], [ -74.4150241, 4.8662008 ], [ -74.4148467, 4.8655933 ], [ -74.4148578, 4.865262 ], [ -74.4151239, 4.8648864 ], [ -74.4154786, 4.864544 ], [ -74.4154342, 4.8642679 ], [ -74.4154914, 4.863549 ], [ -74.4156745, 4.863635 ], [ -74.4159943, 4.8638097 ], [ -74.4163528, 4.864101 ], [ -74.4167502, 4.8645089 ], [ -74.4171179, 4.8647363 ], [ -74.4175351, 4.8649944 ], [ -74.4181067, 4.8653147 ], [ -74.418746, 4.8656728 ], [ -74.4190079, 4.8658195 ], [ -74.4199478, 4.8664506 ], [ -74.4204136, 4.8670339 ], [ -74.4204086, 4.867183 ], [ -74.4203797, 4.8680531 ], [ -74.4200187, 4.8694351 ], [ -74.4198641, 4.8701434 ], [ -74.4197613, 4.8712836 ], [ -74.4199859, 4.8726135 ], [ -74.4199693, 4.8738572 ], [ -74.4198492, 4.8746519 ], [ -74.4196084, 4.8753775 ], [ -74.4193161, 4.8763277 ], [ -74.4184728, 4.8773127 ], [ -74.4175258, 4.877676 ], [ -74.4164753, 4.8775901 ], [ -74.4155282, 4.8777461 ], [ -74.4149772, 4.8779709 ], [ -74.4146673, 4.8781956 ], [ -74.4145298, 4.8786966 ], [ -74.4146333, 4.8790593 ], [ -74.4148574, 4.8793874 ], [ -74.4148575, 4.879612 ], [ -74.4147715, 4.8798884 ], [ -74.4145994, 4.8800612 ], [ -74.4142033, 4.8801651 ], [ -74.4134457, 4.8804245 ], [ -74.4127397, 4.8804594 ], [ -74.4114653, 4.8804774 ], [ -74.4103977, 4.8806852 ], [ -74.409623, 4.8811865 ], [ -74.4089516, 4.8817396 ], [ -74.4080388, 4.8816018 ], [ -74.4062304, 4.8812227 ], [ -74.4056103, 4.8809985 ], [ -74.404818, 4.880757 ], [ -74.4039912, 4.8804983 ], [ -74.4035434, 4.8802912 ], [ -74.4034056, 4.8803259 ], [ -74.4029555, 4.8804897 ], [ -74.4023109, 4.8803494 ], [ -74.4016558, 4.8800628 ], [ -74.4010934, 4.8799362 ], [ -74.4004185, 4.8796404 ], [ -74.3993921, 4.879232 ], [ -74.3984079, 4.8786967 ], [ -74.3976908, 4.8783304 ], [ -74.3969314, 4.8778514 ], [ -74.3960457, 4.8776121 ], [ -74.3947945, 4.8773448 ], [ -74.3937681, 4.8771055 ], [ -74.393023, 4.876979 ], [ -74.3923341, 4.8766268 ], [ -74.3916731, 4.8760772 ], [ -74.3907872, 4.8754854 ], [ -74.389353, 4.8748093 ], [ -74.3884391, 4.8742739 ], [ -74.3879188, 4.873978 ], [ -74.3875921, 4.8737261 ], [ -74.3873704, 4.8735552 ], [ -74.3868219, 4.8729633 ], [ -74.386428, 4.8724559 ], [ -74.3860342, 4.871892 ], [ -74.3854998, 4.8714693 ], [ -74.3848391, 4.8714837 ], [ -74.3842769, 4.8716531 ], [ -74.3833491, 4.8716959 ], [ -74.3818566, 4.8715453 ], [ -74.3815325, 4.8715184 ], [ -74.380657, 4.8714456 ], [ -74.3800572, 4.8713205 ], [ -74.3793325, 4.8713209 ], [ -74.3786326, 4.8711708 ], [ -74.3781577, 4.8709705 ], [ -74.3775829, 4.8709206 ], [ -74.3769172, 4.8712674 ], [ -74.3766644, 4.8716958 ], [ -74.3764905, 4.8718148 ], [ -74.3762375, 4.8718308 ], [ -74.3757156, 4.8718548 ], [ -74.3753439, 4.8718074 ], [ -74.3749959, 4.871641 ], [ -74.3745926, 4.8714667 ], [ -74.3740944, 4.8712766 ], [ -74.3739571, 4.8712861 ] ] ] } },
{ "type": "Feature", "properties": { "id": 0, "layer": "Sistemas_de_areas_protegidas", "clas_CIAF": "3a" }, "geometry": { "type": "Polygon", "coordinates": [ [ [ -74.403209, 4.8269864 ], [ -74.4025545, 4.8269818 ], [ -74.4024067, 4.8268603 ], [ -74.4024289, 4.826621 ], [ -74.4024732, 4.8264811 ], [ -74.4024215, 4.8263412 ], [ -74.4022589, 4.8261644 ], [ -74.4021148, 4.8260061 ], [ -74.4019929, 4.8258699 ], [ -74.402015, 4.8258441 ], [ -74.4020039, 4.8257631 ], [ -74.4021074, 4.8257042 ], [ -74.4021222, 4.8257005 ], [ -74.4021702, 4.8256858 ], [ -74.402179, 4.8256866 ], [ -74.402348, 4.8258098 ], [ -74.4025436, 4.825862 ], [ -74.4027391, 4.8258881 ], [ -74.4029087, 4.8260711 ], [ -74.4028828, 4.8263196 ], [ -74.4028698, 4.8264765 ], [ -74.4029481, 4.8266465 ], [ -74.403209, 4.8269864 ] ] ] } },
{ "type": "Feature", "properties": { "id": 0, "layer": "suelo_suburbano", "clas_CIAF": "1a" }, "geometry": { "type": "Polygon", "coordinates": [ [ [ -74.2714551, 4.8417674 ], [ -74.272199, 4.8430646 ], [ -74.2741983, 4.8419527 ], [ -74.274454, 4.8421843 ], [ -74.274547, 4.8423697 ], [ -74.2746632, 4.8426245 ], [ -74.274733, 4.8429256 ], [ -74.274826, 4.8429951 ], [ -74.2750817, 4.8431804 ], [ -74.2753607, 4.8432962 ], [ -74.2755466, 4.8435047 ], [ -74.2757326, 4.8439217 ], [ -74.2758488, 4.8441996 ], [ -74.2758256, 4.8445934 ], [ -74.2757791, 4.8448482 ], [ -74.2757559, 4.8451262 ], [ -74.2757791, 4.8452883 ], [ -74.2758488, 4.8454737 ], [ -74.2759418, 4.8457748 ], [ -74.2762441, 4.846516 ], [ -74.2762905, 4.8469098 ], [ -74.2764068, 4.8473268 ], [ -74.276523, 4.8476511 ], [ -74.276802, 4.8481375 ], [ -74.277081, 4.8484155 ], [ -74.2773832, 4.8488556 ], [ -74.2777319, 4.8491568 ], [ -74.2781968, 4.8494347 ], [ -74.2793824, 4.8500602 ], [ -74.2795452, 4.8501991 ], [ -74.2802426, 4.8508477 ], [ -74.2804286, 4.8511257 ], [ -74.2808703, 4.8516353 ], [ -74.2811957, 4.8520986 ], [ -74.2809865, 4.8529556 ], [ -74.2809865, 4.853141 ], [ -74.2809865, 4.8535116 ], [ -74.280754, 4.8538359 ], [ -74.2803588, 4.8543455 ], [ -74.2801961, 4.8544613 ], [ -74.2800334, 4.8546003 ], [ -74.2798706, 4.8547393 ], [ -74.2797311, 4.8547393 ], [ -74.2795452, 4.8547393 ], [ -74.2793824, 4.8547393 ], [ -74.2785804, 4.8551099 ], [ -74.2781387, 4.8553763 ], [ -74.2778016, 4.8554342 ], [ -74.2774762, 4.8553763 ], [ -74.2768369, 4.855052 ], [ -74.2763487, 4.8545887 ], [ -74.2760232, 4.8542528 ], [ -74.273745, 4.8553763 ], [ -74.2735997, 4.8534363 ], [ -74.2733905, 4.8532915 ], [ -74.2732626, 4.8531699 ], [ -74.2731754, 4.8528977 ], [ -74.2731231, 4.8527761 ], [ -74.2729894, 4.8526082 ], [ -74.2728732, 4.8524982 ], [ -74.2726117, 4.8523071 ], [ -74.2726117, 4.8523071 ], [ -74.2724722, 4.8521912 ], [ -74.2723385, 4.8519828 ], [ -74.272263, 4.8515658 ], [ -74.2722455, 4.851201 ], [ -74.2721758, 4.8509693 ], [ -74.2720421, 4.8508767 ], [ -74.2719259, 4.8506508 ], [ -74.2718561, 4.8503729 ], [ -74.2714202, 4.8499385 ], [ -74.2710483, 4.8496606 ], [ -74.2706415, 4.8493884 ], [ -74.2704904, 4.8492494 ], [ -74.2702986, 4.8489309 ], [ -74.2698569, 4.8484097 ], [ -74.2695605, 4.8481549 ], [ -74.2692234, 4.8478364 ], [ -74.2689037, 4.8475179 ], [ -74.2689502, 4.8473036 ], [ -74.2688224, 4.8464929 ], [ -74.2687875, 4.8461223 ], [ -74.268741, 4.8460238 ], [ -74.2684504, 4.8453926 ], [ -74.2684911, 4.8447787 ], [ -74.268462, 4.8441301 ], [ -74.2684388, 4.8436668 ], [ -74.268433, 4.843412 ], [ -74.2714551, 4.8417674 ], [ -74.2714551, 4.8417674 ] ] ] } },
{ "type": "Feature", "properties": { "id": 0, "layer": "zona_de_expansion", "clas_CIAF": "1a" }, "geometry": { "type": "Polygon", "coordinates": [ [ [ -74.3446724, 4.8064479 ], [ -74.3445048, 4.8065963 ], [ -74.3444675, 4.8067262 ], [ -74.3443092, 4.807218 ], [ -74.3441323, 4.8074964 ], [ -74.3440298, 4.8076727 ], [ -74.3436574, 4.8081738 ], [ -74.3435177, 4.8083037 ], [ -74.3433687, 4.8084707 ], [ -74.3432383, 4.8086656 ], [ -74.3427634, 4.8094451 ], [ -74.3427075, 4.8095935 ], [ -74.3426051, 4.8099554 ], [ -74.3425585, 4.8101874 ], [ -74.342512, 4.8104287 ], [ -74.3425027, 4.8105586 ], [ -74.342498, 4.810823 ], [ -74.3456362, 4.8113891 ], [ -74.3446863, 4.8135047 ], [ -74.3446305, 4.8140986 ], [ -74.3438442, 4.8143011 ], [ -74.3437557, 4.8143011 ], [ -74.3435638, 4.8143452 ], [ -74.34318, 4.8143452 ], [ -74.3429291, 4.8143011 ], [ -74.3427077, 4.8142128 ], [ -74.3424125, 4.8141981 ], [ -74.3419844, 4.8142275 ], [ -74.3414826, 4.8141834 ], [ -74.3410398, 4.8142128 ], [ -74.3407298, 4.8142128 ], [ -74.3402723, 4.814051 ], [ -74.3396081, 4.8138745 ], [ -74.3390767, 4.8135804 ], [ -74.3388848, 4.813345 ], [ -74.3386782, 4.8130362 ], [ -74.3383239, 4.8123449 ], [ -74.3382058, 4.8120507 ], [ -74.3379549, 4.8115507 ], [ -74.3377188, 4.8112124 ], [ -74.3373055, 4.8104917 ], [ -74.3371874, 4.8102563 ], [ -74.3371874, 4.8099769 ], [ -74.3392243, 4.810374 ], [ -74.3399623, 4.8091679 ], [ -74.3426339, 4.8050349 ], [ -74.3429439, 4.8052849 ], [ -74.3430029, 4.805432 ], [ -74.3430767, 4.8056379 ], [ -74.3433719, 4.805785 ], [ -74.3435343, 4.8059174 ], [ -74.3437999, 4.8061086 ], [ -74.3439623, 4.8062263 ], [ -74.344169, 4.8063881 ], [ -74.3442132, 4.8064028 ], [ -74.3446724, 4.8064479 ] ] ] } },
{ "type": "Feature", "properties": { "id": 0, "layer": "zona_de_expansion", "clas_CIAF": "1a" }, "geometry": { "type": "Polygon", "coordinates": [ [ [ -74.3642494, 4.8211152 ], [ -74.3629882, 4.8222655 ], [ -74.3624429, 4.8213503 ], [ -74.3627285, 4.8211833 ], [ -74.3629023, 4.8210224 ], [ -74.3635169, 4.8204966 ], [ -74.3637652, 4.8202987 ], [ -74.3639204, 4.8201131 ], [ -74.3640011, 4.820311 ], [ -74.3640446, 4.820509 ], [ -74.3641129, 4.8208121 ], [ -74.3641687, 4.8210101 ], [ -74.3642494, 4.8211152 ] ] ] } },
{ "type": "Feature", "properties": { "id": 0, "layer": "zona_de_expansion", "clas_CIAF": "1a" }, "geometry": { "type": "Polygon", "coordinates": [ [ [ -74.3649136, 4.8222225 ], [ -74.3647254, 4.823127 ], [ -74.3643933, 4.8240977 ], [ -74.3639173, 4.8244397 ], [ -74.3578951, 4.8272636 ], [ -74.3574966, 4.8279034 ], [ -74.3565224, 4.8294808 ], [ -74.356301, 4.8295911 ], [ -74.3559357, 4.8297125 ], [ -74.3557364, 4.8297897 ], [ -74.3553158, 4.829922 ], [ -74.3551719, 4.8299662 ], [ -74.3548065, 4.8300544 ], [ -74.3545741, 4.8300323 ], [ -74.3544191, 4.8300103 ], [ -74.3537327, 4.8297566 ], [ -74.353151, 4.8294741 ], [ -74.3541846, 4.8276647 ], [ -74.3545944, 4.8280451 ], [ -74.3558701, 4.8257625 ], [ -74.3569969, 4.8237304 ], [ -74.3573042, 4.8233221 ], [ -74.3590735, 4.8242686 ], [ -74.359744, 4.8238696 ], [ -74.3598743, 4.8239716 ], [ -74.3599023, 4.8239902 ], [ -74.3599954, 4.8238788 ], [ -74.360163, 4.8235541 ], [ -74.3603679, 4.82322 ], [ -74.3612709, 4.8239075 ], [ -74.3648161, 4.8221701 ], [ -74.3649136, 4.8222225 ] ] ] } },
{ "type": "Feature", "properties": { "id": 0, "layer": "zona_de_expansion", "clas_CIAF": "1a" }, "geometry": { "type": "Polygon", "coordinates": [ [ [ -74.3541456, 4.8299419 ], [ -74.3534134, 4.8311233 ], [ -74.3503331, 4.8292933 ], [ -74.3508794, 4.8280887 ], [ -74.3516983, 4.828639 ], [ -74.353151, 4.8294741 ], [ -74.3537327, 4.8297566 ], [ -74.3538209, 4.8297892 ], [ -74.3541456, 4.8299419 ] ] ] } },
{ "type": "Feature", "properties": { "id": 0, "layer": "zona_de_expascion", "clas_CIAF": "1a" }, "geometry": { "type": "GeometryCollection", "geometries": [ { "type": "Polygon", "coordinates": [ [ [ -74.3449462, 4.8014972 ], [ -74.3448344, 4.8010518 ], [ -74.3446854, 4.8006435 ], [ -74.3443688, 4.8003094 ], [ -74.3441453, 4.8001609 ], [ -74.3439405, 4.8000496 ], [ -74.3437356, 4.7999382 ], [ -74.3433631, 4.7996413 ], [ -74.3430465, 4.7994 ], [ -74.3428603, 4.7989732 ], [ -74.342674, 4.7983979 ], [ -74.3422643, 4.7980081 ], [ -74.3419849, 4.7977669 ], [ -74.3424133, 4.7975627 ], [ -74.342674, 4.7974142 ], [ -74.3429534, 4.7972286 ], [ -74.3428789, 4.7970987 ], [ -74.3420967, 4.7960966 ], [ -74.3410723, 4.79515 ], [ -74.3398618, 4.7941107 ], [ -74.3394148, 4.7936468 ], [ -74.3392844, 4.7930529 ], [ -74.3392472, 4.7925147 ], [ -74.3389864, 4.7921435 ], [ -74.338465, 4.7916981 ], [ -74.3379807, 4.7914754 ], [ -74.3374034, 4.7913269 ], [ -74.3371054, 4.7912341 ], [ -74.3365839, 4.7913455 ], [ -74.3363604, 4.7915867 ], [ -74.3361767, 4.7922014 ], [ -74.3361776, 4.7921367 ], [ -74.3361911, 4.7911557 ], [ -74.336383, 4.7906114 ], [ -74.3364637, 4.7903126 ], [ -74.3388244, 4.7918513 ], [ -74.3399698, 4.7927422 ], [ -74.3394949, 4.7931969 ], [ -74.3395507, 4.7932897 ], [ -74.3397649, 4.7934845 ], [ -74.3404447, 4.7942269 ], [ -74.3408014, 4.7945052 ], [ -74.3412176, 4.7948301 ], [ -74.3430707, 4.796621 ], [ -74.3432476, 4.7968344 ], [ -74.3433221, 4.7968715 ], [ -74.3436667, 4.7969458 ], [ -74.3438063, 4.7970478 ], [ -74.3439833, 4.7972334 ], [ -74.344095, 4.7973262 ], [ -74.3440298, 4.7976046 ], [ -74.3439647, 4.7977438 ], [ -74.3438063, 4.7978923 ], [ -74.3435829, 4.7980686 ], [ -74.3433966, 4.7982727 ], [ -74.3430521, 4.7985882 ], [ -74.3430986, 4.7986253 ], [ -74.3434432, 4.7990336 ], [ -74.3436946, 4.7992656 ], [ -74.3440019, 4.7994419 ], [ -74.3441788, 4.7995626 ], [ -74.3443558, 4.7997482 ], [ -74.3449238, 4.8001565 ], [ -74.3451845, 4.8009545 ], [ -74.3451846, 4.8009548 ], [ -74.3452311, 4.8012236 ], [ -74.3453615, 4.8017061 ], [ -74.3451938, 4.8017339 ], [ -74.3449089, 4.8017199 ], [ -74.3449462, 4.8014972 ] ] ] }, { "type": "LineString", "coordinates": [ [ -74.3361053, 4.7900789 ], [ -74.3356583, 4.7927607 ] ] } ] } },
{ "type": "Feature", "properties": { "id": 0, "layer": "zona_de_expansion", "clas_CIAF": "1a" }, "geometry": { "type": "GeometryCollection", "geometries": [ { "type": "Polygon", "coordinates": [ [ [ -74.3354441, 4.7916565 ], [ -74.3346929, 4.7916337 ], [ -74.3328627, 4.7876476 ], [ -74.3351425, 4.7893374 ], [ -74.3357421, 4.7907563 ], [ -74.3354441, 4.7916565 ] ] ] }, { "type": "LineString", "coordinates": [ [ -74.3351425, 4.7893374 ], [ -74.3342522, 4.7872301 ] ] } ] } },
{ "type": "Feature", "properties": { "id": 0, "layer": "zona_de_expansion", "clas_CIAF": "1a" }, "geometry": { "type": "Polygon", "coordinates": [ [ [ -74.3486765, 4.8029309 ], [ -74.3466838, 4.8001472 ], [ -74.3463206, 4.7994141 ], [ -74.3458643, 4.7983841 ], [ -74.3451193, 4.7973355 ], [ -74.3445979, 4.796955 ], [ -74.3439181, 4.796324 ], [ -74.3426051, 4.7945888 ], [ -74.3420091, 4.7941155 ], [ -74.3411943, 4.7933036 ], [ -74.3408641, 4.7929745 ], [ -74.3408637, 4.7929742 ], [ -74.3408637, 4.7928071 ], [ -74.3404633, 4.7919812 ], [ -74.3403888, 4.7917585 ], [ -74.3402398, 4.791341 ], [ -74.3399512, 4.7907842 ], [ -74.339951, 4.790784 ], [ -74.3398617, 4.7906987 ], [ -74.3397277, 4.7905708 ], [ -74.3395414, 4.7904501 ], [ -74.3389454, 4.7899769 ], [ -74.3385357, 4.789782 ], [ -74.3380142, 4.7894015 ], [ -74.3382542, 4.7891808 ], [ -74.3382546, 4.7891822 ], [ -74.3382649, 4.7892233 ], [ -74.3387224, 4.7892821 ], [ -74.3396081, 4.789694 ], [ -74.3396966, 4.7897234 ], [ -74.3401542, 4.7898705 ], [ -74.3404937, 4.7901352 ], [ -74.3407741, 4.7904 ], [ -74.3411136, 4.7909148 ], [ -74.3414383, 4.7911796 ], [ -74.3416745, 4.7915326 ], [ -74.3421173, 4.7920621 ], [ -74.3422796, 4.7924445 ], [ -74.3428315, 4.793122 ], [ -74.3451184, 4.7952341 ], [ -74.3472538, 4.7971512 ], [ -74.3472243, 4.7974748 ], [ -74.3472833, 4.798019 ], [ -74.3473719, 4.7984309 ], [ -74.3475195, 4.7989604 ], [ -74.3476524, 4.7993575 ], [ -74.3479476, 4.799784 ], [ -74.3483608, 4.8002253 ], [ -74.3485675, 4.80049 ], [ -74.3487741, 4.8009166 ], [ -74.3487741, 4.8010489 ], [ -74.3487151, 4.8015932 ], [ -74.3487298, 4.8017844 ], [ -74.3488332, 4.8022109 ], [ -74.3491284, 4.8024315 ], [ -74.3486765, 4.8029309 ] ] ] } },
{ "type": "Feature", "properties": { "id": 0, "layer": "Zona_rural", "clas_CIAF": "2b" }, "geometry": { "type": "MultiPolygon", "coordinates": [ [ [ [ -74.4154342, 4.8642679 ], [ -74.4154786, 4.864544 ], [ -74.4151239, 4.8648864 ], [ -74.4148578, 4.865262 ], [ -74.4148467, 4.8655933 ], [ -74.4150241, 4.8662008 ], [ -74.4151017, 4.8666978 ], [ -74.4151349, 4.8670402 ], [ -74.4148578, 4.8673936 ], [ -74.4148689, 4.8675925 ], [ -74.4144255, 4.8679901 ], [ -74.4131618, 4.869194 ], [ -74.4128847, 4.8695032 ], [ -74.412918, 4.8697352 ], [ -74.4131175, 4.8699671 ], [ -74.4134057, 4.8702764 ], [ -74.4136828, 4.8707071 ], [ -74.4139489, 4.8711268 ], [ -74.413766, 4.8711986 ], [ -74.4136551, 4.8712207 ], [ -74.4134223, 4.8713974 ], [ -74.4133891, 4.8717067 ], [ -74.41345, 4.871795 ], [ -74.413511, 4.8718779 ], [ -74.413644, 4.8721761 ], [ -74.4137549, 4.8725185 ], [ -74.413777, 4.8728222 ], [ -74.4135941, 4.8729216 ], [ -74.4133558, 4.8728719 ], [ -74.4132339, 4.8728222 ], [ -74.4131175, 4.8728277 ], [ -74.4130122, 4.8730155 ], [ -74.4129401, 4.8731204 ], [ -74.4126963, 4.8733689 ], [ -74.4122806, 4.8737168 ], [ -74.4117596, 4.874131 ], [ -74.4114936, 4.8742967 ], [ -74.4111333, 4.8744845 ], [ -74.4108673, 4.8746391 ], [ -74.4106012, 4.8748545 ], [ -74.4104294, 4.8748986 ], [ -74.4101356, 4.8748931 ], [ -74.4099084, 4.8749318 ], [ -74.4097588, 4.8749594 ], [ -74.409526, 4.8749594 ], [ -74.4094151, 4.8748765 ], [ -74.4093874, 4.8747827 ], [ -74.4094595, 4.8746998 ], [ -74.409598, 4.8746501 ], [ -74.4096978, 4.874628 ], [ -74.4098585, 4.8746059 ], [ -74.410119, 4.8746059 ], [ -74.4102077, 4.874617 ], [ -74.4103352, 4.8745839 ], [ -74.4105236, 4.8745176 ], [ -74.4106899, 4.8744513 ], [ -74.4107398, 4.8744182 ], [ -74.4108063, 4.8743298 ], [ -74.410834, 4.8741476 ], [ -74.410834, 4.8740813 ], [ -74.4108229, 4.8738936 ], [ -74.4109338, 4.8738052 ], [ -74.4111222, 4.8736837 ], [ -74.4113328, 4.8735843 ], [ -74.4115767, 4.8733965 ], [ -74.411682, 4.8733137 ], [ -74.4117263, 4.8732364 ], [ -74.4117707, 4.8729824 ], [ -74.4117485, 4.8727615 ], [ -74.4117208, 4.8725571 ], [ -74.4116155, 4.8724412 ], [ -74.4115213, 4.8723141 ], [ -74.4113661, 4.8721761 ], [ -74.4112663, 4.8720988 ], [ -74.4109726, 4.8720159 ], [ -74.4108395, 4.8719497 ], [ -74.4107176, 4.8719497 ], [ -74.4102354, 4.8719607 ], [ -74.4098419, 4.8719552 ], [ -74.4095648, 4.8718944 ], [ -74.4094262, 4.8718227 ], [ -74.4092489, 4.8717343 ], [ -74.4090826, 4.8717509 ], [ -74.4088609, 4.8718282 ], [ -74.4087777, 4.8718503 ], [ -74.4085782, 4.8718503 ], [ -74.4084009, 4.8718503 ], [ -74.4081127, 4.8716735 ], [ -74.4080184, 4.8716294 ], [ -74.4077746, 4.8715962 ], [ -74.4075196, 4.8715438 ], [ -74.4073727, 4.8715162 ], [ -74.4072591, 4.8714775 ], [ -74.4071483, 4.8713698 ], [ -74.4070873, 4.8712621 ], [ -74.4070042, 4.8710909 ], [ -74.4068517, 4.8709335 ], [ -74.4068129, 4.8708921 ], [ -74.406788, 4.8708783 ], [ -74.4066273, 4.8707099 ], [ -74.4064388, 4.870627 ], [ -74.4063529, 4.870627 ], [ -74.4062171, 4.8706298 ], [ -74.4059844, 4.8705884 ], [ -74.4058957, 4.870558 ], [ -74.4056573, 4.8705746 ], [ -74.4056435, 4.8704945 ], [ -74.4056546, 4.8703509 ], [ -74.4056823, 4.8702322 ], [ -74.4057239, 4.870119 ], [ -74.4056379, 4.8699671 ], [ -74.4055493, 4.8698815 ], [ -74.4053691, 4.8698539 ], [ -74.4051918, 4.8698291 ], [ -74.4051114, 4.8697821 ], [ -74.4050421, 4.8697241 ], [ -74.404959, 4.869622 ], [ -74.4047816, 4.869622 ], [ -74.4047068, 4.8696661 ], [ -74.4044602, 4.8697379 ], [ -74.4043937, 4.8696882 ], [ -74.4043715, 4.8695999 ], [ -74.4042717, 4.8695446 ], [ -74.404172, 4.8695446 ], [ -74.4040057, 4.8696661 ], [ -74.4037951, 4.8698042 ], [ -74.4037507, 4.8698649 ], [ -74.40359, 4.8698649 ], [ -74.4035401, 4.8699091 ], [ -74.4034736, 4.8699588 ], [ -74.4032353, 4.8700141 ], [ -74.4030247, 4.8699975 ], [ -74.4026977, 4.8699809 ], [ -74.4026423, 4.8699975 ], [ -74.4025092, 4.8700914 ], [ -74.4022432, 4.8701024 ], [ -74.4021545, 4.8701135 ], [ -74.4020935, 4.8701079 ], [ -74.4020991, 4.8701135 ], [ -74.4019661, 4.8702294 ], [ -74.4017832, 4.8703841 ], [ -74.4015836, 4.8704724 ], [ -74.4015836, 4.8704669 ], [ -74.4015448, 4.8703454 ], [ -74.4015448, 4.870257 ], [ -74.4016169, 4.8700638 ], [ -74.4017, 4.8699644 ], [ -74.401689, 4.8698429 ], [ -74.4016557, 4.8697932 ], [ -74.4016612, 4.8696054 ], [ -74.4017887, 4.8694618 ], [ -74.4019716, 4.869517 ], [ -74.4021213, 4.8695336 ], [ -74.4022099, 4.8695226 ], [ -74.4022321, 4.8694673 ], [ -74.4021933, 4.8693514 ], [ -74.4020548, 4.8692354 ], [ -74.401894, 4.8691415 ], [ -74.4017998, 4.8690697 ], [ -74.4016003, 4.8690366 ], [ -74.4015836, 4.8689151 ], [ -74.4015559, 4.8687715 ], [ -74.4014617, 4.8686224 ], [ -74.4012289, 4.8685119 ], [ -74.4010349, 4.8684512 ], [ -74.4009573, 4.8684512 ], [ -74.4008188, 4.8685672 ], [ -74.4007301, 4.8685672 ], [ -74.4006636, 4.8683187 ], [ -74.4006193, 4.8682634 ], [ -74.4005472, 4.8681861 ], [ -74.4004696, 4.8681364 ], [ -74.4003033, 4.8680978 ], [ -74.4001315, 4.8680536 ], [ -74.3999265, 4.8679818 ], [ -74.3997214, 4.8679928 ], [ -74.3996272, 4.8680812 ], [ -74.3995496, 4.8682303 ], [ -74.3991893, 4.8684346 ], [ -74.3990895, 4.8683463 ], [ -74.3990341, 4.8683463 ], [ -74.3988568, 4.8684015 ], [ -74.3988568, 4.8683297 ], [ -74.3989676, 4.8682248 ], [ -74.3990009, 4.8681199 ], [ -74.3989953, 4.8678879 ], [ -74.3989842, 4.8677001 ], [ -74.398951, 4.8675676 ], [ -74.3986683, 4.8672583 ], [ -74.398563, 4.8670927 ], [ -74.3984799, 4.8669657 ], [ -74.3983856, 4.8668497 ], [ -74.3984189, 4.8667448 ], [ -74.3990286, 4.8666951 ], [ -74.3991782, 4.8667061 ], [ -74.39935, 4.8667503 ], [ -74.3995717, 4.8668 ], [ -74.3997823, 4.8667779 ], [ -74.4001204, 4.8667945 ], [ -74.4003366, 4.8668773 ], [ -74.4009629, 4.8668497 ], [ -74.4011402, 4.8668939 ], [ -74.4013065, 4.8669933 ], [ -74.4014007, 4.8670872 ], [ -74.4016169, 4.8673136 ], [ -74.4017167, 4.867413 ], [ -74.4018386, 4.867424 ], [ -74.401894, 4.8673412 ], [ -74.4019162, 4.8672694 ], [ -74.4019938, 4.8670209 ], [ -74.4020825, 4.8669325 ], [ -74.402149, 4.8668166 ], [ -74.4021379, 4.8667668 ], [ -74.4021157, 4.8667448 ], [ -74.402016, 4.8667392 ], [ -74.4019772, 4.8667392 ], [ -74.4018774, 4.8667613 ], [ -74.4017333, 4.8667448 ], [ -74.4016668, 4.8667171 ], [ -74.4016003, 4.8666509 ], [ -74.4014451, 4.8665128 ], [ -74.4014395, 4.8665018 ], [ -74.4013509, 4.8664355 ], [ -74.401301, 4.8664079 ], [ -74.4011569, 4.866303 ], [ -74.4010627, 4.8662533 ], [ -74.4008742, 4.8661815 ], [ -74.4005029, 4.8659992 ], [ -74.4004142, 4.8659164 ], [ -74.4002313, 4.8657397 ], [ -74.4001869, 4.8656513 ], [ -74.3999985, 4.8656347 ], [ -74.3994609, 4.8655961 ], [ -74.3992835, 4.8654525 ], [ -74.3991616, 4.8653641 ], [ -74.3990009, 4.8653144 ], [ -74.3988013, 4.8651929 ], [ -74.3984743, 4.8651791 ], [ -74.3982609, 4.8651543 ], [ -74.3980974, 4.8651294 ], [ -74.3979755, 4.8651267 ], [ -74.3978065, 4.8651046 ], [ -74.3977649, 4.8651294 ], [ -74.3977206, 4.8651874 ], [ -74.3976291, 4.8652095 ], [ -74.3974739, 4.8651957 ], [ -74.3974268, 4.8651377 ], [ -74.3974074, 4.8649693 ], [ -74.3973714, 4.8648147 ], [ -74.3973464, 4.8647152 ], [ -74.3972799, 4.864522 ], [ -74.3972494, 4.864359 ], [ -74.3971829, 4.864348 ], [ -74.3969945, 4.8643121 ], [ -74.3969224, 4.8642348 ], [ -74.396892, 4.8640691 ], [ -74.3968088, 4.8639366 ], [ -74.3967229, 4.8637819 ], [ -74.3966758, 4.8637792 ], [ -74.3964208, 4.8637322 ], [ -74.396407, 4.8636052 ], [ -74.3964292, 4.8635003 ], [ -74.3964319, 4.8634423 ], [ -74.3963128, 4.8633816 ], [ -74.3961659, 4.8632711 ], [ -74.3961077, 4.8632214 ], [ -74.3960634, 4.8632104 ], [ -74.3959553, 4.8632269 ], [ -74.3957752, 4.8632766 ], [ -74.3956643, 4.8633595 ], [ -74.3955507, 4.8633512 ], [ -74.3955479, 4.8632739 ], [ -74.3955756, 4.8632297 ], [ -74.39562, 4.8631275 ], [ -74.395559, 4.8630613 ], [ -74.3954509, 4.8630254 ], [ -74.395401, 4.8630088 ], [ -74.3953428, 4.8629978 ], [ -74.3952265, 4.8629619 ], [ -74.3952514, 4.8628459 ], [ -74.3953428, 4.8627575 ], [ -74.3952819, 4.8627106 ], [ -74.3952348, 4.8627133 ], [ -74.3951461, 4.8626913 ], [ -74.3950629, 4.8626277 ], [ -74.3949576, 4.8625808 ], [ -74.3948246, 4.862567 ], [ -74.3947387, 4.8626112 ], [ -74.394711, 4.862763 ], [ -74.3946999, 4.8629122 ], [ -74.3946583, 4.862995 ], [ -74.3945974, 4.8630143 ], [ -74.3945115, 4.8629619 ], [ -74.3944838, 4.8629039 ], [ -74.3945281, 4.8627189 ], [ -74.3945087, 4.8626057 ], [ -74.3944671, 4.8624897 ], [ -74.3943535, 4.8622025 ], [ -74.394129, 4.8621721 ], [ -74.3938824, 4.8621445 ], [ -74.3937993, 4.8620396 ], [ -74.3937244, 4.8619816 ], [ -74.3936025, 4.861827 ], [ -74.3935138, 4.8617082 ], [ -74.3933947, 4.8615564 ], [ -74.3932783, 4.8612637 ], [ -74.3932284, 4.8611201 ], [ -74.3931924, 4.8609655 ], [ -74.3932838, 4.8605596 ], [ -74.3932478, 4.8604684 ], [ -74.3930178, 4.8603138 ], [ -74.3927019, 4.8601564 ], [ -74.3926575, 4.8601371 ], [ -74.3925882, 4.8600404 ], [ -74.3925827, 4.8599051 ], [ -74.3926215, 4.8598195 ], [ -74.3927878, 4.8597671 ], [ -74.3929873, 4.8597312 ], [ -74.3930843, 4.859687 ], [ -74.3931009, 4.8596373 ], [ -74.3930981, 4.859502 ], [ -74.3930538, 4.8594109 ], [ -74.3929845, 4.8593363 ], [ -74.3929402, 4.8593087 ], [ -74.3927351, 4.8592148 ], [ -74.3925578, 4.8591983 ], [ -74.3922224, 4.8592562 ], [ -74.3919453, 4.8593833 ], [ -74.3918733, 4.8594219 ], [ -74.3917652, 4.8594827 ], [ -74.3915435, 4.8594551 ], [ -74.39138, 4.8593557 ], [ -74.3913162, 4.8592701 ], [ -74.3912885, 4.8591099 ], [ -74.3913495, 4.8588752 ], [ -74.3913911, 4.8587813 ], [ -74.3914493, 4.8586515 ], [ -74.3914687, 4.8585659 ], [ -74.3913828, 4.8584582 ], [ -74.3912885, 4.8584058 ], [ -74.3911555, 4.858334 ], [ -74.3910946, 4.8582815 ], [ -74.3904156, 4.8582843 ], [ -74.3904101, 4.858287 ], [ -74.3902826, 4.858334 ], [ -74.3900304, 4.8585024 ], [ -74.3898891, 4.8586626 ], [ -74.3897505, 4.8587979 ], [ -74.3896369, 4.8588973 ], [ -74.3896119, 4.8589194 ], [ -74.3894595, 4.8589553 ], [ -74.3892905, 4.8588973 ], [ -74.3892461, 4.8588448 ], [ -74.389199, 4.8588089 ], [ -74.3889358, 4.8588089 ], [ -74.3888997, 4.8588476 ], [ -74.3888055, 4.8589442 ], [ -74.3886171, 4.8590133 ], [ -74.3885312, 4.8589525 ], [ -74.3884951, 4.8589194 ], [ -74.3884536, 4.8588641 ], [ -74.3884148, 4.8588365 ], [ -74.3883538, 4.858831 ], [ -74.3882734, 4.8588172 ], [ -74.3881986, 4.8588172 ], [ -74.3881321, 4.8588062 ], [ -74.3880573, 4.8588255 ], [ -74.3880046, 4.8589083 ], [ -74.3879658, 4.8591292 ], [ -74.3879381, 4.8592065 ], [ -74.3879603, 4.8593198 ], [ -74.3880046, 4.8594219 ], [ -74.388049, 4.859502 ], [ -74.3881044, 4.8595683 ], [ -74.3881681, 4.8596594 ], [ -74.3881875, 4.859745 ], [ -74.3881792, 4.8598416 ], [ -74.388121, 4.8598748 ], [ -74.3880185, 4.8599466 ], [ -74.3878688, 4.8600073 ], [ -74.3878273, 4.8600128 ], [ -74.3876721, 4.8600184 ], [ -74.387661, 4.8599907 ], [ -74.3875612, 4.8599769 ], [ -74.3875169, 4.8599631 ], [ -74.3874448, 4.8599769 ], [ -74.3874088, 4.8600322 ], [ -74.3871095, 4.8600515 ], [ -74.387043, 4.8600404 ], [ -74.3869045, 4.8600184 ], [ -74.3866883, 4.8600294 ], [ -74.3866052, 4.8600294 ], [ -74.3865331, 4.8600294 ], [ -74.3864832, 4.8601012 ], [ -74.3864278, 4.8602448 ], [ -74.3864389, 4.8603828 ], [ -74.3864167, 4.86067 ], [ -74.3865276, 4.860797 ], [ -74.3866828, 4.8610014 ], [ -74.3868047, 4.8611229 ], [ -74.3868657, 4.8612664 ], [ -74.3868435, 4.8614818 ], [ -74.3868352, 4.8616447 ], [ -74.386777, 4.8618021 ], [ -74.3865525, 4.8619347 ], [ -74.3864278, 4.8619788 ], [ -74.386098, 4.8620092 ], [ -74.3859595, 4.8619899 ], [ -74.3858902, 4.8619457 ], [ -74.3858015, 4.8618656 ], [ -74.3856269, 4.8618629 ], [ -74.3855161, 4.8619015 ], [ -74.3853637, 4.861965 ], [ -74.3852389, 4.8620286 ], [ -74.3850311, 4.8620203 ], [ -74.3848898, 4.8619512 ], [ -74.3847374, 4.8618932 ], [ -74.384693, 4.8618353 ], [ -74.3845406, 4.8618767 ], [ -74.3844408, 4.8619871 ], [ -74.3842829, 4.8620672 ], [ -74.3841332, 4.8621528 ], [ -74.3839891, 4.8622412 ], [ -74.3838118, 4.8622633 ], [ -74.3835707, 4.8623157 ], [ -74.3834737, 4.8624013 ], [ -74.3833961, 4.8624704 ], [ -74.3833129, 4.8625532 ], [ -74.3832492, 4.8626636 ], [ -74.383252, 4.8629122 ], [ -74.383324, 4.8630226 ], [ -74.3834238, 4.8631027 ], [ -74.3835152, 4.86318 ], [ -74.3835568, 4.8632822 ], [ -74.3835097, 4.8634037 ], [ -74.3834349, 4.8634147 ], [ -74.3833102, 4.8634092 ], [ -74.383252, 4.8633954 ], [ -74.3831356, 4.8633788 ], [ -74.3829499, 4.8633871 ], [ -74.3827365, 4.863423 ], [ -74.3825786, 4.8634837 ], [ -74.3824899, 4.8635472 ], [ -74.3823375, 4.8636549 ], [ -74.3822349, 4.8637488 ], [ -74.3821102, 4.8638896 ], [ -74.3820908, 4.8639228 ], [ -74.3820132, 4.8640084 ], [ -74.3819689, 4.8641271 ], [ -74.3819329, 4.864221 ], [ -74.3819772, 4.8642817 ], [ -74.382041, 4.8643701 ], [ -74.3821767, 4.8644281 ], [ -74.3822266, 4.8644529 ], [ -74.3822876, 4.8645109 ], [ -74.3822516, 4.8645744 ], [ -74.3821934, 4.8646849 ], [ -74.3821379, 4.8647705 ], [ -74.3820964, 4.8648147 ], [ -74.3821712, 4.8649306 ], [ -74.3822405, 4.8650328 ], [ -74.3823042, 4.8651129 ], [ -74.3823402, 4.865262 ], [ -74.3823596, 4.8652813 ], [ -74.3823707, 4.8653089 ], [ -74.3824178, 4.8653697 ], [ -74.38244, 4.8654415 ], [ -74.3824844, 4.8656513 ], [ -74.3825619, 4.8658059 ], [ -74.3825619, 4.8659606 ], [ -74.3825619, 4.8660821 ], [ -74.3825176, 4.8661373 ], [ -74.3824622, 4.8661373 ], [ -74.3823402, 4.8661042 ], [ -74.3822405, 4.8660047 ], [ -74.3821296, 4.8659053 ], [ -74.3815421, 4.8658059 ], [ -74.3812318, 4.8659164 ], [ -74.3811209, 4.8660268 ], [ -74.3810766, 4.866071 ], [ -74.380611, 4.8664245 ], [ -74.3802895, 4.8667006 ], [ -74.3801344, 4.8670209 ], [ -74.3801454, 4.8671755 ], [ -74.3801011, 4.8673743 ], [ -74.3800789, 4.8675842 ], [ -74.3800235, 4.8677278 ], [ -74.3798905, 4.8678934 ], [ -74.3797575, 4.868037 ], [ -74.379702, 4.8682137 ], [ -74.3795912, 4.8683463 ], [ -74.379303, 4.8685451 ], [ -74.379181, 4.8686114 ], [ -74.378649, 4.8688322 ], [ -74.3783608, 4.8689869 ], [ -74.3783164, 4.869009 ], [ -74.3783608, 4.8691636 ], [ -74.3783497, 4.8693072 ], [ -74.3783053, 4.8694618 ], [ -74.3783164, 4.8696275 ], [ -74.3780836, 4.8698926 ], [ -74.3779285, 4.8698263 ], [ -74.3777068, 4.8696938 ], [ -74.3775737, 4.8696496 ], [ -74.3774185, 4.8696496 ], [ -74.3774075, 4.8696827 ], [ -74.3773742, 4.8697158 ], [ -74.3773077, 4.8699146 ], [ -74.3772079, 4.870235 ], [ -74.3772744, 4.8703564 ], [ -74.3770306, 4.8704448 ], [ -74.3769308, 4.8703564 ], [ -74.3768421, 4.8702239 ], [ -74.3767645, 4.869992 ], [ -74.3766315, 4.8697379 ], [ -74.3765096, 4.8696827 ], [ -74.3763766, 4.8696827 ], [ -74.376299, 4.86976 ], [ -74.3761327, 4.8697932 ], [ -74.3759553, 4.8697158 ], [ -74.3758667, 4.8696496 ], [ -74.3757336, 4.8696164 ], [ -74.3756893, 4.8696275 ], [ -74.3756117, 4.8698926 ], [ -74.3751572, 4.8700914 ], [ -74.3749466, 4.8703564 ], [ -74.3747914, 4.8705111 ], [ -74.3749577, 4.8706326 ], [ -74.3751461, 4.8707982 ], [ -74.3750796, 4.8710191 ], [ -74.3746695, 4.8710412 ], [ -74.3744921, 4.8710744 ], [ -74.3743369, 4.8711738 ], [ -74.3739571, 4.8712861 ], [ -74.3736358, 4.8713085 ], [ -74.3735093, 4.8714989 ], [ -74.3733276, 4.8719035 ], [ -74.3731833, 4.8721895 ], [ -74.3727518, 4.8722009 ], [ -74.3725301, 4.8723997 ], [ -74.3724525, 4.8725433 ], [ -74.3722086, 4.8726427 ], [ -74.3719648, 4.8729741 ], [ -74.3716987, 4.8730293 ], [ -74.3716101, 4.8730293 ], [ -74.3714438, 4.8733386 ], [ -74.3711223, 4.8733717 ], [ -74.3710336, 4.8731729 ], [ -74.370823, 4.8730403 ], [ -74.3707233, 4.8730845 ], [ -74.3708009, 4.8736478 ], [ -74.3707676, 4.8737141 ], [ -74.3704461, 4.8736699 ], [ -74.3702688, 4.8735374 ], [ -74.3698143, 4.873438 ], [ -74.369515, 4.87346 ], [ -74.3692268, 4.8735484 ], [ -74.369127, 4.8736147 ], [ -74.3687945, 4.8737803 ], [ -74.3685285, 4.8739018 ], [ -74.3681405, 4.8739902 ], [ -74.3679188, 4.8740344 ], [ -74.3676306, 4.8740896 ], [ -74.367553, 4.8741117 ], [ -74.367165, 4.8742553 ], [ -74.3668103, 4.8742442 ], [ -74.3664888, 4.8743436 ], [ -74.3662893, 4.8744762 ], [ -74.3662228, 4.8745756 ], [ -74.366123, 4.8746971 ], [ -74.3660898, 4.8748296 ], [ -74.3659678, 4.874918 ], [ -74.3658127, 4.8750615 ], [ -74.3656575, 4.875183 ], [ -74.365602, 4.8753156 ], [ -74.365591, 4.8754813 ], [ -74.3658792, 4.8756138 ], [ -74.3660122, 4.875658 ], [ -74.3664112, 4.8757684 ], [ -74.3667105, 4.8760777 ], [ -74.3669101, 4.8761439 ], [ -74.3669766, 4.876166 ], [ -74.3670431, 4.8761992 ], [ -74.3673978, 4.8764532 ], [ -74.3675419, 4.8765747 ], [ -74.3676527, 4.8766741 ], [ -74.3677414, 4.8768287 ], [ -74.3678412, 4.8770386 ], [ -74.3678634, 4.8772374 ], [ -74.3679077, 4.877392 ], [ -74.3680185, 4.8776571 ], [ -74.3680629, 4.877878 ], [ -74.3679742, 4.8780878 ], [ -74.3680629, 4.8781762 ], [ -74.3683289, 4.8783529 ], [ -74.3686947, 4.878861 ], [ -74.3689053, 4.8791039 ], [ -74.3691049, 4.8793138 ], [ -74.3694042, 4.8795347 ], [ -74.3695197, 4.8797414 ], [ -74.3691719, 4.8800033 ], [ -74.3688319, 4.8800589 ], [ -74.368239, 4.880432 ], [ -74.3679386, 4.880678 ], [ -74.3677491, 4.881146 ], [ -74.3677493, 4.8817726 ], [ -74.3678681, 4.8822167 ], [ -74.3681373, 4.8829145 ], [ -74.3680109, 4.8831684 ], [ -74.3677342, 4.8834779 ], [ -74.3672362, 4.8838667 ], [ -74.3669383, 4.8841336 ], [ -74.3670064, 4.8840696 ], [ -74.3670119, 4.8840309 ], [ -74.3669565, 4.8840254 ], [ -74.3667791, 4.884053 ], [ -74.3666627, 4.8840585 ], [ -74.3663468, 4.8841137 ], [ -74.366114, 4.8841082 ], [ -74.3657482, 4.8840475 ], [ -74.3655653, 4.8839922 ], [ -74.3653159, 4.8838818 ], [ -74.3650277, 4.8837548 ], [ -74.3648005, 4.8836167 ], [ -74.3647118, 4.8835505 ], [ -74.3645289, 4.8834511 ], [ -74.3644679, 4.8834014 ], [ -74.3643016, 4.8832523 ], [ -74.3641631, 4.8830645 ], [ -74.3638194, 4.8826006 ], [ -74.3636421, 4.88233 ], [ -74.36357, 4.8821312 ], [ -74.3634869, 4.8819159 ], [ -74.3634315, 4.8815459 ], [ -74.3634038, 4.8813084 ], [ -74.3634093, 4.8810212 ], [ -74.3633927, 4.8808666 ], [ -74.3634148, 4.8806457 ], [ -74.3634259, 4.8804414 ], [ -74.3634481, 4.8802702 ], [ -74.3634204, 4.8802039 ], [ -74.3632486, 4.8801156 ], [ -74.3630712, 4.8801266 ], [ -74.3626722, 4.8803144 ], [ -74.3625613, 4.8803199 ], [ -74.3621401, 4.8804359 ], [ -74.3619184, 4.8805574 ], [ -74.3612533, 4.8808666 ], [ -74.3609651, 4.8808556 ], [ -74.3607877, 4.880723 ], [ -74.3607656, 4.8806457 ], [ -74.3607489, 4.8804524 ], [ -74.360699, 4.8802039 ], [ -74.3607434, 4.8800438 ], [ -74.3607766, 4.8798947 ], [ -74.3608265, 4.8798063 ], [ -74.3609374, 4.8796186 ], [ -74.3608487, 4.8794694 ], [ -74.3608154, 4.87937 ], [ -74.3608542, 4.8792099 ], [ -74.3607268, 4.8789172 ], [ -74.3605771, 4.8787018 ], [ -74.3605217, 4.8786245 ], [ -74.3602778, 4.8784423 ], [ -74.360239, 4.8783374 ], [ -74.360106, 4.8782048 ], [ -74.3599508, 4.878122 ], [ -74.3597901, 4.8780447 ], [ -74.3597347, 4.8779729 ], [ -74.359646, 4.8778072 ], [ -74.3596515, 4.8776415 ], [ -74.3596626, 4.8774317 ], [ -74.3596626, 4.8772329 ], [ -74.3596571, 4.8771224 ], [ -74.359646, 4.8769512 ], [ -74.3597069, 4.8769512 ], [ -74.3598289, 4.8769236 ], [ -74.3601393, 4.876885 ], [ -74.3602224, 4.876885 ], [ -74.3605494, 4.8770672 ], [ -74.3606325, 4.8772992 ], [ -74.3607157, 4.8774317 ], [ -74.3608154, 4.87752 ], [ -74.3609983, 4.8778072 ], [ -74.3610704, 4.8778845 ], [ -74.3612145, 4.8779177 ], [ -74.3614584, 4.8779895 ], [ -74.3616302, 4.8780447 ], [ -74.3617299, 4.8781938 ], [ -74.3619184, 4.8783042 ], [ -74.3621013, 4.878249 ], [ -74.3621678, 4.8779287 ], [ -74.3621013, 4.8778072 ], [ -74.361996, 4.8775697 ], [ -74.3619239, 4.8774262 ], [ -74.3617466, 4.8773047 ], [ -74.3616357, 4.8772108 ], [ -74.3615082, 4.8771666 ], [ -74.3613253, 4.8770838 ], [ -74.3609928, 4.8768353 ], [ -74.3608819, 4.8767193 ], [ -74.3608819, 4.8766696 ], [ -74.3607766, 4.8765426 ], [ -74.360699, 4.8764653 ], [ -74.3606602, 4.8762223 ], [ -74.3607212, 4.8760842 ], [ -74.3607656, 4.8759075 ], [ -74.3608653, 4.8758744 ], [ -74.3610926, 4.8758081 ], [ -74.3612644, 4.8757529 ], [ -74.3613475, 4.8756977 ], [ -74.3614085, 4.8756148 ], [ -74.3614251, 4.8755265 ], [ -74.3613586, 4.8753277 ], [ -74.3612588, 4.8752117 ], [ -74.3612367, 4.8750847 ], [ -74.3612865, 4.8750736 ], [ -74.3613641, 4.8750902 ], [ -74.3614639, 4.8751675 ], [ -74.361608, 4.8752669 ], [ -74.3617189, 4.8752338 ], [ -74.3618242, 4.8751344 ], [ -74.3619683, 4.8749135 ], [ -74.3620126, 4.8748141 ], [ -74.3620348, 4.8747036 ], [ -74.3620348, 4.8745711 ], [ -74.3620569, 4.8745214 ], [ -74.3621512, 4.8744386 ], [ -74.36219, 4.8744165 ], [ -74.3622343, 4.8742839 ], [ -74.3622011, 4.8742784 ], [ -74.3619461, 4.8742397 ], [ -74.3618408, 4.8741956 ], [ -74.3617965, 4.8741127 ], [ -74.3617798, 4.8739912 ], [ -74.3617909, 4.8738477 ], [ -74.361874, 4.8736985 ], [ -74.3619406, 4.8735881 ], [ -74.3619516, 4.8734777 ], [ -74.3619904, 4.8732899 ], [ -74.3620237, 4.8732899 ], [ -74.3621124, 4.8732788 ], [ -74.3621844, 4.8731574 ], [ -74.3622066, 4.8730966 ], [ -74.3621789, 4.8729751 ], [ -74.3621789, 4.8728702 ], [ -74.3622398, 4.8727266 ], [ -74.3623119, 4.8726603 ], [ -74.3625225, 4.8725388 ], [ -74.3626112, 4.872456 ], [ -74.3626278, 4.8722351 ], [ -74.362589, 4.8721799 ], [ -74.362517, 4.8720805 ], [ -74.3624117, 4.87197 ], [ -74.3624782, 4.8718761 ], [ -74.3625502, 4.8718375 ], [ -74.3626611, 4.8718375 ], [ -74.3627886, 4.8717988 ], [ -74.3629382, 4.871705 ], [ -74.3629327, 4.871589 ], [ -74.3629382, 4.8715061 ], [ -74.3630047, 4.871473 ], [ -74.3631156, 4.8714178 ], [ -74.3631544, 4.8713294 ], [ -74.3630712, 4.8712411 ], [ -74.3630712, 4.8711527 ], [ -74.3631211, 4.8710644 ], [ -74.3631987, 4.8709815 ], [ -74.3632319, 4.8708932 ], [ -74.3632042, 4.87086 ], [ -74.3633317, 4.8708214 ], [ -74.3634758, 4.8708269 ], [ -74.3636698, 4.8709097 ], [ -74.3637529, 4.8709373 ], [ -74.363958, 4.8709429 ], [ -74.3641963, 4.8708766 ], [ -74.364213, 4.8707772 ], [ -74.3642296, 4.8706391 ], [ -74.3642407, 4.87049 ], [ -74.3642351, 4.8702581 ], [ -74.3642407, 4.8701697 ], [ -74.3642684, 4.87012 ], [ -74.3643238, 4.8700151 ], [ -74.3643515, 4.8697666 ], [ -74.3643349, 4.8696175 ], [ -74.3643294, 4.869496 ], [ -74.3643294, 4.8693469 ], [ -74.3643515, 4.8692309 ], [ -74.3644125, 4.8691039 ], [ -74.3644402, 4.8690818 ], [ -74.3645511, 4.8690376 ], [ -74.3646286, 4.8689934 ], [ -74.364745, 4.8689548 ], [ -74.3648559, 4.8688609 ], [ -74.3648005, 4.8687781 ], [ -74.3647229, 4.8687063 ], [ -74.3646896, 4.8687007 ], [ -74.3646231, 4.8686566 ], [ -74.3646397, 4.8685903 ], [ -74.3646342, 4.8685682 ], [ -74.3646342, 4.8685019 ], [ -74.3646841, 4.8684191 ], [ -74.3647007, 4.8683804 ], [ -74.3646785, 4.8682866 ], [ -74.364612, 4.8682589 ], [ -74.3645843, 4.8681872 ], [ -74.364612, 4.8680822 ], [ -74.3646286, 4.8679773 ], [ -74.3645289, 4.8678834 ], [ -74.3644125, 4.8678834 ], [ -74.364224, 4.8678613 ], [ -74.3641409, 4.8678172 ], [ -74.3641742, 4.8677288 ], [ -74.3643016, 4.8676183 ], [ -74.3644014, 4.8675466 ], [ -74.3644402, 4.8674195 ], [ -74.3644125, 4.8673312 ], [ -74.3643016, 4.8672704 ], [ -74.3641354, 4.8672152 ], [ -74.3639746, 4.8671986 ], [ -74.3637474, 4.8672207 ], [ -74.3635423, 4.8673091 ], [ -74.3634814, 4.8674471 ], [ -74.3635035, 4.8675963 ], [ -74.3635035, 4.8677398 ], [ -74.3634592, 4.867773 ], [ -74.3634148, 4.8677509 ], [ -74.3633594, 4.8677509 ], [ -74.3631987, 4.8677895 ], [ -74.3631599, 4.8679221 ], [ -74.3630768, 4.868016 ], [ -74.3628606, 4.8680601 ], [ -74.3627276, 4.8680933 ], [ -74.3624837, 4.8681927 ], [ -74.3624615, 4.8681982 ], [ -74.3622454, 4.8682424 ], [ -74.3620791, 4.868281 ], [ -74.3619128, 4.8683087 ], [ -74.3617743, 4.868397 ], [ -74.3617466, 4.868513 ], [ -74.361669, 4.8686124 ], [ -74.3616025, 4.8685903 ], [ -74.3615082, 4.8684743 ], [ -74.3614417, 4.8684467 ], [ -74.3613143, 4.8683639 ], [ -74.3612921, 4.8682645 ], [ -74.3613364, 4.8682148 ], [ -74.3614473, 4.8682258 ], [ -74.3615637, 4.8682203 ], [ -74.3617909, 4.8681098 ], [ -74.3618242, 4.8679773 ], [ -74.3618131, 4.8678889 ], [ -74.3617466, 4.8678061 ], [ -74.3616523, 4.8678006 ], [ -74.3615027, 4.8679166 ], [ -74.3613974, 4.8679276 ], [ -74.3613143, 4.8679331 ], [ -74.3611535, 4.867911 ], [ -74.3610482, 4.8678834 ], [ -74.3609651, 4.8678724 ], [ -74.3608044, 4.8678613 ], [ -74.3607378, 4.8678779 ], [ -74.3605051, 4.8679442 ], [ -74.3603776, 4.8679828 ], [ -74.3603277, 4.868016 ], [ -74.3603, 4.8681098 ], [ -74.3603111, 4.8682258 ], [ -74.3603111, 4.8683142 ], [ -74.3602834, 4.8684854 ], [ -74.3601448, 4.8686069 ], [ -74.3601005, 4.8686234 ], [ -74.3600118, 4.8687118 ], [ -74.359973, 4.8687946 ], [ -74.3600284, 4.8688609 ], [ -74.3601337, 4.8689216 ], [ -74.3602501, 4.8689934 ], [ -74.3603055, 4.8690763 ], [ -74.3603887, 4.869137 ], [ -74.3604884, 4.8692033 ], [ -74.3607268, 4.8693165 ], [ -74.3607877, 4.8693662 ], [ -74.360893, 4.869449 ], [ -74.3612006, 4.8695181 ], [ -74.3613253, 4.8696037 ], [ -74.3614778, 4.8696478 ], [ -74.3615526, 4.8696368 ], [ -74.3616939, 4.8696975 ], [ -74.3618075, 4.8697666 ], [ -74.3618851, 4.8698467 ], [ -74.3619766, 4.8699461 ], [ -74.3619752, 4.8699944 ], [ -74.3619807, 4.8700662 ], [ -74.3619031, 4.8701601 ], [ -74.3618089, 4.8702429 ], [ -74.3615373, 4.8703975 ], [ -74.3614542, 4.8704527 ], [ -74.3613101, 4.8705135 ], [ -74.3612491, 4.8705742 ], [ -74.3612048, 4.8707068 ], [ -74.3612048, 4.8708062 ], [ -74.3612103, 4.8709608 ], [ -74.3611438, 4.8711651 ], [ -74.3611438, 4.8712701 ], [ -74.3609886, 4.8712977 ], [ -74.3608722, 4.8712977 ], [ -74.3607503, 4.8713805 ], [ -74.3606505, 4.8714136 ], [ -74.3604621, 4.8714136 ], [ -74.3604233, 4.8713971 ], [ -74.3603069, 4.8713805 ], [ -74.3602847, 4.8714799 ], [ -74.3602792, 4.8715793 ], [ -74.3602182, 4.8716235 ], [ -74.3601905, 4.8717174 ], [ -74.3602127, 4.871861 ], [ -74.3602072, 4.8719548 ], [ -74.3601351, 4.8720156 ], [ -74.3600686, 4.8720266 ], [ -74.3598857, 4.8720432 ], [ -74.3597859, 4.8720708 ], [ -74.3597416, 4.8721371 ], [ -74.3597582, 4.8721592 ], [ -74.3598303, 4.8722475 ], [ -74.3598746, 4.8723304 ], [ -74.359858, 4.8723745 ], [ -74.3598746, 4.8725237 ], [ -74.3598746, 4.8725954 ], [ -74.3598635, 4.8727556 ], [ -74.3598635, 4.8727666 ], [ -74.3598746, 4.8728937 ], [ -74.3598746, 4.8729323 ], [ -74.3599079, 4.8729986 ], [ -74.3599079, 4.8730759 ], [ -74.3599245, 4.8731366 ], [ -74.3599245, 4.8732637 ], [ -74.3598801, 4.8732747 ], [ -74.3598136, 4.8732526 ], [ -74.359797, 4.8731256 ], [ -74.359797, 4.8730483 ], [ -74.3597083, 4.872982 ], [ -74.3596529, 4.8729268 ], [ -74.3596197, 4.8728937 ], [ -74.3595919, 4.872844 ], [ -74.3595698, 4.8727666 ], [ -74.3595476, 4.8726231 ], [ -74.3595199, 4.8725347 ], [ -74.3594201, 4.8724463 ], [ -74.3593702, 4.8724077 ], [ -74.3592982, 4.8723359 ], [ -74.3592428, 4.8721675 ], [ -74.3592483, 4.8721398 ], [ -74.3592622, 4.8720681 ], [ -74.3591541, 4.8719134 ], [ -74.3591208, 4.8718775 ], [ -74.3590987, 4.8718554 ], [ -74.3589074, 4.8718389 ], [ -74.3588132, 4.8718554 ], [ -74.3587661, 4.8718499 ], [ -74.3586331, 4.8718306 ], [ -74.3585333, 4.8718472 ], [ -74.3585222, 4.8719438 ], [ -74.3584225, 4.8719742 ], [ -74.3583449, 4.8719189 ], [ -74.3582008, 4.8719521 ], [ -74.3581176, 4.8720184 ], [ -74.3579292, 4.8723552 ], [ -74.3578738, 4.8723994 ], [ -74.3577629, 4.8725651 ], [ -74.3578849, 4.8727528 ], [ -74.3580789, 4.8728578 ], [ -74.3581675, 4.8730124 ], [ -74.3582396, 4.8731725 ], [ -74.3581675, 4.8732554 ], [ -74.3580622, 4.8733493 ], [ -74.3580234, 4.8734597 ], [ -74.3581509, 4.8737413 ], [ -74.3581343, 4.8738463 ], [ -74.3580511, 4.8738297 ], [ -74.3578904, 4.873791 ], [ -74.3577962, 4.8737303 ], [ -74.3576964, 4.8736309 ], [ -74.3576465, 4.8735757 ], [ -74.3575135, 4.8735039 ], [ -74.3574027, 4.8735315 ], [ -74.3572807, 4.8736254 ], [ -74.3572031, 4.8737303 ], [ -74.3570092, 4.8738739 ], [ -74.3568484, 4.874034 ], [ -74.3568263, 4.8741003 ], [ -74.3567043, 4.8744151 ], [ -74.3566434, 4.8744206 ], [ -74.3563939, 4.8743819 ], [ -74.3563108, 4.8743488 ], [ -74.3561279, 4.8742715 ], [ -74.3560226, 4.8741611 ], [ -74.355884, 4.8740672 ], [ -74.3558231, 4.8739567 ], [ -74.3558286, 4.8738021 ], [ -74.3558009, 4.8736419 ], [ -74.3557455, 4.8736033 ], [ -74.3556623, 4.8735812 ], [ -74.3555072, 4.8734266 ], [ -74.3554961, 4.8733493 ], [ -74.3554905, 4.8731891 ], [ -74.3555349, 4.873051 ], [ -74.3555626, 4.8729406 ], [ -74.3556014, 4.8727915 ], [ -74.3556845, 4.8726755 ], [ -74.3557455, 4.8725485 ], [ -74.3557067, 4.8723828 ], [ -74.3556291, 4.872311 ], [ -74.3555238, 4.8722613 ], [ -74.3552799, 4.8722172 ], [ -74.3551912, 4.872173 ], [ -74.355025, 4.8720736 ], [ -74.3549806, 4.8720018 ], [ -74.3549585, 4.8718637 ], [ -74.354964, 4.8717809 ], [ -74.3548864, 4.8716428 ], [ -74.354831, 4.8714827 ], [ -74.3547755, 4.871317 ], [ -74.3547478, 4.871201 ], [ -74.354709, 4.8710961 ], [ -74.3546813, 4.8710022 ], [ -74.3546425, 4.870936 ], [ -74.3546037, 4.8708642 ], [ -74.3544929, 4.8706433 ], [ -74.3543931, 4.8705549 ], [ -74.3543322, 4.8705549 ], [ -74.3542324, 4.870577 ], [ -74.3540938, 4.8706377 ], [ -74.3540218, 4.8707206 ], [ -74.3538001, 4.8710354 ], [ -74.3537945, 4.8710519 ], [ -74.3537114, 4.8711292 ], [ -74.3536615, 4.87119 ], [ -74.3535728, 4.8712176 ], [ -74.3534564, 4.8712839 ], [ -74.3534454, 4.8713115 ], [ -74.3535285, 4.8714495 ], [ -74.353595, 4.8715379 ], [ -74.3535839, 4.8715931 ], [ -74.3535063, 4.8716263 ], [ -74.3534842, 4.8716263 ], [ -74.353268, 4.8715379 ], [ -74.3531793, 4.8714937 ], [ -74.3530463, 4.8714385 ], [ -74.3529521, 4.8713501 ], [ -74.3529077, 4.8713225 ], [ -74.3528135, 4.8712618 ], [ -74.3527027, 4.8711955 ], [ -74.3526306, 4.8711292 ], [ -74.3525807, 4.8710851 ], [ -74.3524643, 4.8711016 ], [ -74.3523978, 4.8711016 ], [ -74.3523424, 4.8711127 ], [ -74.3522759, 4.8711789 ], [ -74.3521817, 4.871433 ], [ -74.3521595, 4.8716097 ], [ -74.3521651, 4.8716925 ], [ -74.3520597, 4.871814 ], [ -74.3519323, 4.8719024 ], [ -74.3517605, 4.8719742 ], [ -74.3516884, 4.8720184 ], [ -74.3515776, 4.8721178 ], [ -74.3514667, 4.8722724 ], [ -74.3514667, 4.8723718 ], [ -74.3515055, 4.8724381 ], [ -74.3514889, 4.872543 ], [ -74.351439, 4.8726369 ], [ -74.3513947, 4.8726369 ], [ -74.3512949, 4.8726479 ], [ -74.3512062, 4.8727031 ], [ -74.3510621, 4.8728357 ], [ -74.3510178, 4.8729019 ], [ -74.3509402, 4.8731173 ], [ -74.350875, 4.8733907 ], [ -74.3507365, 4.8734459 ], [ -74.3506478, 4.8734349 ], [ -74.350609, 4.8736778 ], [ -74.3506589, 4.8737607 ], [ -74.3506035, 4.8739043 ], [ -74.3505425, 4.8738932 ], [ -74.3505037, 4.8738711 ], [ -74.3504427, 4.8738214 ], [ -74.3503651, 4.8737441 ], [ -74.3503485, 4.873722 ], [ -74.3502654, 4.8736778 ], [ -74.3501989, 4.8736613 ], [ -74.3501767, 4.8736668 ], [ -74.3500548, 4.8737165 ], [ -74.3499439, 4.8737662 ], [ -74.349761, 4.873838 ], [ -74.3496557, 4.8738932 ], [ -74.3494839, 4.8739871 ], [ -74.3493786, 4.8740755 ], [ -74.3493232, 4.874092 ], [ -74.3489795, 4.8741914 ], [ -74.3488022, 4.8742356 ], [ -74.3487246, 4.8743019 ], [ -74.3486581, 4.8744068 ], [ -74.3486248, 4.8745559 ], [ -74.3486248, 4.8746664 ], [ -74.3485694, 4.8747878 ], [ -74.3484918, 4.8748817 ], [ -74.3483477, 4.8749038 ], [ -74.3482701, 4.8749259 ], [ -74.3482036, 4.8749259 ], [ -74.3480872, 4.8749425 ], [ -74.3480096, 4.8749867 ], [ -74.3479542, 4.8749922 ], [ -74.3478877, 4.8750529 ], [ -74.3479043, 4.8750805 ], [ -74.3477657, 4.8753456 ], [ -74.3477879, 4.8754119 ], [ -74.3477048, 4.8755444 ], [ -74.347544, 4.8757322 ], [ -74.3474775, 4.875931 ], [ -74.3473611, 4.8760138 ], [ -74.3472946, 4.8761519 ], [ -74.3472614, 4.8763175 ], [ -74.3471006, 4.8764943 ], [ -74.3469898, 4.8765771 ], [ -74.3467847, 4.876682 ], [ -74.3466739, 4.8768753 ], [ -74.3465242, 4.8770796 ], [ -74.3463524, 4.8773226 ], [ -74.3463192, 4.8774275 ], [ -74.3461917, 4.877654 ], [ -74.3460697, 4.8778638 ], [ -74.3459755, 4.8782283 ], [ -74.34597, 4.8782946 ], [ -74.3458092, 4.8782669 ], [ -74.3455709, 4.8783222 ], [ -74.3455044, 4.8783387 ], [ -74.3452661, 4.878394 ], [ -74.3452384, 4.8784658 ], [ -74.3451552, 4.8785652 ], [ -74.3450887, 4.8787253 ], [ -74.3450666, 4.8788578 ], [ -74.3450333, 4.8790677 ], [ -74.345, 4.8791671 ], [ -74.3449502, 4.8792775 ], [ -74.3448837, 4.8793604 ], [ -74.3447673, 4.8794543 ], [ -74.3447118, 4.8794984 ], [ -74.344601, 4.8795978 ], [ -74.3445733, 4.8796199 ], [ -74.3445511, 4.8796641 ], [ -74.3444569, 4.879885 ], [ -74.344346, 4.8800507 ], [ -74.3442795, 4.8801335 ], [ -74.3442075, 4.8801666 ], [ -74.3440301, 4.8802108 ], [ -74.3439359, 4.8803102 ], [ -74.3439414, 4.8804262 ], [ -74.3438528, 4.880625 ], [ -74.3437973, 4.880741 ], [ -74.3435701, 4.8807299 ], [ -74.3432819, 4.8808238 ], [ -74.3431766, 4.8808569 ], [ -74.3430546, 4.8809066 ], [ -74.3429549, 4.8809398 ], [ -74.3427886, 4.8808956 ], [ -74.3427276, 4.8808735 ], [ -74.3425503, 4.8807354 ], [ -74.3424505, 4.8806747 ], [ -74.3423286, 4.8807078 ], [ -74.3422732, 4.8807354 ], [ -74.3421291, 4.8807686 ], [ -74.3419683, 4.8807023 ], [ -74.3419184, 4.8806802 ], [ -74.3417799, 4.8806526 ], [ -74.3416579, 4.8805643 ], [ -74.341536, 4.8804814 ], [ -74.3414806, 4.8803986 ], [ -74.3414307, 4.8802716 ], [ -74.3414196, 4.8801501 ], [ -74.3413975, 4.8800396 ], [ -74.3412312, 4.8799789 ], [ -74.3412035, 4.8799789 ], [ -74.3409818, 4.880001 ], [ -74.3409208, 4.8800175 ], [ -74.34081, 4.8801777 ], [ -74.3407878, 4.8802937 ], [ -74.3407213, 4.880625 ], [ -74.3407102, 4.8808072 ], [ -74.3407268, 4.8809563 ], [ -74.340688, 4.8810337 ], [ -74.3405883, 4.8811386 ], [ -74.3405384, 4.8811883 ], [ -74.3403388, 4.8812104 ], [ -74.3402779, 4.8812877 ], [ -74.3402723, 4.8813429 ], [ -74.3403555, 4.8815196 ], [ -74.3404164, 4.881619 ], [ -74.3404829, 4.8817847 ], [ -74.3404996, 4.8819172 ], [ -74.3404774, 4.8819669 ], [ -74.3403167, 4.8820663 ], [ -74.3402169, 4.8821216 ], [ -74.3401282, 4.8821823 ], [ -74.3399952, 4.8822651 ], [ -74.3399342, 4.8822872 ], [ -74.339901, 4.8823148 ], [ -74.3397901, 4.8824695 ], [ -74.3397458, 4.8826241 ], [ -74.339768, 4.8827511 ], [ -74.3398179, 4.8828229 ], [ -74.3399176, 4.8829223 ], [ -74.340034, 4.8829554 ], [ -74.3402612, 4.8830051 ], [ -74.3404497, 4.8831487 ], [ -74.3404829, 4.8832426 ], [ -74.3404829, 4.8833641 ], [ -74.3404275, 4.883458 ], [ -74.340422, 4.8836292 ], [ -74.3405107, 4.8837286 ], [ -74.3405938, 4.8837727 ], [ -74.3407712, 4.8838003 ], [ -74.3409319, 4.8838666 ], [ -74.341076, 4.8839495 ], [ -74.3411868, 4.8840323 ], [ -74.3413254, 4.8841262 ], [ -74.3414529, 4.8842642 ], [ -74.3416247, 4.8844409 ], [ -74.3416967, 4.8845017 ], [ -74.3418575, 4.8845956 ], [ -74.3420958, 4.8847612 ], [ -74.3422621, 4.8848827 ], [ -74.3424283, 4.8850263 ], [ -74.3424727, 4.885076 ], [ -74.3425392, 4.8851368 ], [ -74.3426999, 4.8852141 ], [ -74.3428496, 4.8851865 ], [ -74.3429105, 4.8851257 ], [ -74.3429937, 4.8850815 ], [ -74.3431489, 4.8851312 ], [ -74.3432486, 4.8852306 ], [ -74.3433318, 4.8853245 ], [ -74.343365, 4.8853411 ], [ -74.3435424, 4.885435 ], [ -74.343692, 4.8855123 ], [ -74.343814, 4.8855344 ], [ -74.3439692, 4.8856558 ], [ -74.3440966, 4.8858105 ], [ -74.3442241, 4.8858823 ], [ -74.3443239, 4.8859817 ], [ -74.3442906, 4.8860369 ], [ -74.3442629, 4.8861473 ], [ -74.3443128, 4.8862081 ], [ -74.3444735, 4.8862854 ], [ -74.34454, 4.8863627 ], [ -74.3445179, 4.8864345 ], [ -74.3444236, 4.8865008 ], [ -74.3442463, 4.8866057 ], [ -74.3441853, 4.8866223 ], [ -74.344019, 4.886672 ], [ -74.3439359, 4.8867161 ], [ -74.3438916, 4.8867106 ], [ -74.3436532, 4.886672 ], [ -74.3435313, 4.886672 ], [ -74.3434204, 4.8866499 ], [ -74.3432653, 4.8867603 ], [ -74.3432542, 4.8867824 ], [ -74.3431988, 4.8868597 ], [ -74.3432043, 4.8869425 ], [ -74.3432098, 4.8871082 ], [ -74.3432098, 4.8872187 ], [ -74.3431988, 4.8873125 ], [ -74.3431988, 4.8873622 ], [ -74.3431322, 4.8873402 ], [ -74.3430436, 4.8872518 ], [ -74.3429992, 4.8871911 ], [ -74.3429715, 4.8871579 ], [ -74.3429604, 4.8870806 ], [ -74.3429604, 4.8869425 ], [ -74.3429549, 4.8868211 ], [ -74.3429549, 4.8867272 ], [ -74.3429327, 4.8866278 ], [ -74.3429105, 4.8866112 ], [ -74.342844, 4.8865615 ], [ -74.3427609, 4.8865284 ], [ -74.3426888, 4.8865063 ], [ -74.3425558, 4.8865118 ], [ -74.3424893, 4.8865339 ], [ -74.3424616, 4.886556 ], [ -74.3424283, 4.8866057 ], [ -74.3423785, 4.8867106 ], [ -74.3423563, 4.886799 ], [ -74.342323, 4.8868873 ], [ -74.3422953, 4.8869646 ], [ -74.3422233, 4.8870806 ], [ -74.3421789, 4.8871248 ], [ -74.3421568, 4.8871469 ], [ -74.3418298, 4.8872021 ], [ -74.3418131, 4.8872131 ], [ -74.3417078, 4.8873181 ], [ -74.3416746, 4.8873954 ], [ -74.3413864, 4.8873733 ], [ -74.3412533, 4.8874285 ], [ -74.3412201, 4.8874506 ], [ -74.3411203, 4.8875445 ], [ -74.3410206, 4.8875997 ], [ -74.340943, 4.8876991 ], [ -74.3408377, 4.8878427 ], [ -74.3407656, 4.8879145 ], [ -74.3406769, 4.8879807 ], [ -74.3406271, 4.8879973 ], [ -74.3405495, 4.8879421 ], [ -74.340494, 4.887931 ], [ -74.3404164, 4.8879089 ], [ -74.3402502, 4.8879089 ], [ -74.3402169, 4.8880746 ], [ -74.3402169, 4.8882072 ], [ -74.3402169, 4.8882955 ], [ -74.339962, 4.8883618 ], [ -74.3398622, 4.8883839 ], [ -74.339707, 4.8885054 ], [ -74.3396737, 4.8887042 ], [ -74.3396959, 4.888914 ], [ -74.3395851, 4.8890465 ], [ -74.3393634, 4.8892122 ], [ -74.3392636, 4.8893668 ], [ -74.3393523, 4.8895104 ], [ -74.3395851, 4.8895325 ], [ -74.3396737, 4.8895877 ], [ -74.3396737, 4.8897092 ], [ -74.3395407, 4.8897672 ], [ -74.339283, 4.8899522 ], [ -74.3393551, 4.8900461 ], [ -74.3394659, 4.8901096 ], [ -74.3396488, 4.89014 ], [ -74.3396821, 4.8902173 ], [ -74.339671, 4.8902366 ], [ -74.33961, 4.8902808 ], [ -74.339416, 4.8903608 ], [ -74.3392969, 4.8904133 ], [ -74.3392304, 4.8905376 ], [ -74.3393828, 4.8905596 ], [ -74.3394881, 4.8905707 ], [ -74.3395518, 4.8906149 ], [ -74.3395795, 4.890659 ], [ -74.3395823, 4.8906839 ], [ -74.3394936, 4.8907143 ], [ -74.3393578, 4.8907557 ], [ -74.3392331, 4.890775 ], [ -74.3391001, 4.8907695 ], [ -74.3390253, 4.8907667 ], [ -74.3389283, 4.8907943 ], [ -74.3388313, 4.8908358 ], [ -74.3387288, 4.8909076 ], [ -74.3386844, 4.8909655 ], [ -74.3386151, 4.8910318 ], [ -74.3385126, 4.8910898 ], [ -74.3384073, 4.8911367 ], [ -74.3383546, 4.8911588 ], [ -74.3382854, 4.8911975 ], [ -74.3381967, 4.8912361 ], [ -74.3381163, 4.8912803 ], [ -74.3380692, 4.8912969 ], [ -74.3380082, 4.8913162 ], [ -74.3379223, 4.8913521 ], [ -74.3379057, 4.8913631 ], [ -74.3378725, 4.8913714 ], [ -74.3377893, 4.8914543 ], [ -74.3377838, 4.8915481 ], [ -74.3378697, 4.8916227 ], [ -74.3379528, 4.8916972 ], [ -74.337975, 4.8917331 ], [ -74.3379944, 4.8917635 ], [ -74.3378531, 4.8918187 ], [ -74.3377671, 4.8918408 ], [ -74.3377422, 4.8918463 ], [ -74.3377062, 4.8918601 ], [ -74.3376618, 4.8919292 ], [ -74.3376896, 4.892001 ], [ -74.3377173, 4.8920341 ], [ -74.3377533, 4.8921086 ], [ -74.3377865, 4.8921915 ], [ -74.3376203, 4.892208 ], [ -74.3375759, 4.8922163 ], [ -74.3374429, 4.8922136 ], [ -74.337393, 4.8922136 ], [ -74.3372988, 4.8922163 ], [ -74.3372129, 4.892197 ], [ -74.3371298, 4.8922136 ], [ -74.3370328, 4.8922771 ], [ -74.3370078, 4.8923019 ], [ -74.3369136, 4.8923682 ], [ -74.3368637, 4.8923792 ], [ -74.3368194, 4.8924013 ], [ -74.336775, 4.8924234 ], [ -74.3367196, 4.8924234 ], [ -74.336642, 4.8924676 ], [ -74.3366199, 4.8926443 ], [ -74.3366088, 4.8927768 ], [ -74.3365977, 4.892821 ], [ -74.3365423, 4.8928873 ], [ -74.3364425, 4.8929315 ], [ -74.3363317, 4.8929756 ], [ -74.336121, 4.8929535 ], [ -74.3359991, 4.8929867 ], [ -74.335988, 4.8930861 ], [ -74.3357663, 4.8932738 ], [ -74.3356555, 4.8933512 ], [ -74.3355003, 4.8933953 ], [ -74.3353451, 4.8935168 ], [ -74.3353229, 4.8935168 ], [ -74.3352232, 4.8935279 ], [ -74.3350791, 4.8936107 ], [ -74.3349183, 4.8937377 ], [ -74.3347798, 4.8937488 ], [ -74.3345304, 4.8937488 ], [ -74.3343364, 4.8936714 ], [ -74.3342699, 4.8935223 ], [ -74.3341923, 4.8933622 ], [ -74.3341368, 4.8932738 ], [ -74.3341147, 4.8930861 ], [ -74.3341313, 4.8928044 ], [ -74.3341452, 4.8926001 ], [ -74.3341618, 4.8925532 ], [ -74.3341895, 4.8924676 ], [ -74.3341507, 4.892313 ], [ -74.334098, 4.8920976 ], [ -74.3340676, 4.8920148 ], [ -74.3340454, 4.8918657 ], [ -74.3339151, 4.8916558 ], [ -74.3337987, 4.8914598 ], [ -74.3337031, 4.8912927 ], [ -74.3336477, 4.8912292 ], [ -74.3336505, 4.8911768 ], [ -74.3336505, 4.8910994 ], [ -74.3336574, 4.891007 ], [ -74.3336713, 4.8908565 ], [ -74.3336976, 4.8908151 ], [ -74.333735, 4.8907364 ], [ -74.3337586, 4.8906604 ], [ -74.3337655, 4.8905914 ], [ -74.3337683, 4.8905403 ], [ -74.3337461, 4.8904727 ], [ -74.3337503, 4.8904644 ], [ -74.3336962, 4.8904244 ], [ -74.3336449, 4.8904147 ], [ -74.3336449, 4.8904782 ], [ -74.3335119, 4.8905113 ], [ -74.3334454, 4.8904892 ], [ -74.3333124, 4.8903898 ], [ -74.3333235, 4.8902463 ], [ -74.3333235, 4.8901248 ], [ -74.3333124, 4.8900475 ], [ -74.3332681, 4.8899812 ], [ -74.3332459, 4.8898928 ], [ -74.333135, 4.8897272 ], [ -74.3330796, 4.8896388 ], [ -74.3330464, 4.8896057 ], [ -74.332736, 4.8893516 ], [ -74.3326473, 4.8892633 ], [ -74.3325143, 4.8891087 ], [ -74.332481, 4.8890645 ], [ -74.3322372, 4.8888767 ], [ -74.3321041, 4.8887332 ], [ -74.3320044, 4.8886338 ], [ -74.3318935, 4.888457 ], [ -74.3318049, 4.8882693 ], [ -74.3317383, 4.8881699 ], [ -74.3315832, 4.8879932 ], [ -74.3315277, 4.8878606 ], [ -74.3314169, 4.887695 ], [ -74.3314501, 4.8875293 ], [ -74.3314501, 4.8873415 ], [ -74.3314058, 4.8872311 ], [ -74.3313615, 4.8870654 ], [ -74.3312949, 4.8869439 ], [ -74.3308959, 4.8867562 ], [ -74.3307185, 4.886712 ], [ -74.3305744, 4.8863254 ], [ -74.330386, 4.8857842 ], [ -74.330253, 4.8854971 ], [ -74.3300534, 4.8850222 ], [ -74.3299315, 4.8847792 ], [ -74.3299648, 4.8845914 ], [ -74.3302086, 4.8845583 ], [ -74.3304802, 4.8845086 ], [ -74.330774, 4.8843043 ], [ -74.3309125, 4.8840778 ], [ -74.3310289, 4.8838183 ], [ -74.3310622, 4.8836858 ], [ -74.3311231, 4.8834593 ], [ -74.3311564, 4.8833323 ], [ -74.3312007, 4.8831832 ], [ -74.3312506, 4.8830452 ], [ -74.3313836, 4.882874 ], [ -74.3314391, 4.8828408 ], [ -74.3316607, 4.8827856 ], [ -74.3321319, 4.8826586 ], [ -74.3323148, 4.8826586 ], [ -74.3325309, 4.8828519 ], [ -74.3327304, 4.8827635 ], [ -74.332869, 4.8826752 ], [ -74.3330297, 4.8824708 ], [ -74.3330297, 4.8824322 ], [ -74.3327471, 4.8824322 ], [ -74.3324921, 4.8824681 ], [ -74.3323785, 4.8824736 ], [ -74.3319684, 4.8824488 ], [ -74.3317688, 4.8823632 ], [ -74.3316497, 4.8822969 ], [ -74.3314391, 4.8820926 ], [ -74.3313171, 4.8820014 ], [ -74.3312007, 4.8819214 ], [ -74.3310123, 4.8818247 ], [ -74.330907, 4.8817723 ], [ -74.3306964, 4.8817474 ], [ -74.3306271, 4.8817502 ], [ -74.3305162, 4.8817419 ], [ -74.3304303, 4.8817143 ], [ -74.3302724, 4.8815127 ], [ -74.3300534, 4.8812421 ], [ -74.3298816, 4.8811455 ], [ -74.3297431, 4.8810875 ], [ -74.3296682, 4.8810571 ], [ -74.3295047, 4.8809826 ], [ -74.3294521, 4.880966 ], [ -74.3293551, 4.8809605 ], [ -74.3293357, 4.8809632 ], [ -74.3292609, 4.881024 ], [ -74.3291999, 4.8811924 ], [ -74.3292332, 4.8812835 ], [ -74.3292692, 4.8813581 ], [ -74.3293579, 4.8815127 ], [ -74.3293579, 4.8815762 ], [ -74.3292747, 4.8815624 ], [ -74.3291999, 4.8816176 ], [ -74.3290946, 4.8817281 ], [ -74.3290475, 4.8816894 ], [ -74.329017, 4.8815459 ], [ -74.3290392, 4.8814244 ], [ -74.3290447, 4.8812808 ], [ -74.3289921, 4.8811648 ], [ -74.3289948, 4.8810433 ], [ -74.328823, 4.8810295 ], [ -74.3286623, 4.8810516 ], [ -74.3284156, 4.8810626 ], [ -74.3283519, 4.881082 ], [ -74.3282023, 4.8811041 ], [ -74.3281745, 4.8811041 ], [ -74.3280194, 4.881162 ], [ -74.3279279, 4.8811427 ], [ -74.3278697, 4.8810958 ], [ -74.3278115, 4.881035 ], [ -74.3278697, 4.8809853 ], [ -74.3278863, 4.8809715 ], [ -74.3280138, 4.8808887 ], [ -74.3280637, 4.8808556 ], [ -74.3281718, 4.8808003 ], [ -74.3283491, 4.8807313 ], [ -74.3284101, 4.8806844 ], [ -74.3284877, 4.8806181 ], [ -74.3285708, 4.8805435 ], [ -74.3287565, 4.8804552 ], [ -74.3288202, 4.8804221 ], [ -74.3289449, 4.8803613 ], [ -74.3291195, 4.8802205 ], [ -74.329186, 4.880041 ], [ -74.329175, 4.8799168 ], [ -74.3291472, 4.8797649 ], [ -74.3291334, 4.8796931 ], [ -74.3290669, 4.8795937 ], [ -74.3290558, 4.8795026 ], [ -74.328981, 4.8793949 ], [ -74.3289006, 4.8792458 ], [ -74.3289255, 4.8792403 ], [ -74.3289643, 4.8792347 ], [ -74.3290503, 4.8792292 ], [ -74.3291362, 4.8792127 ], [ -74.3292027, 4.8791906 ], [ -74.3292415, 4.8791519 ], [ -74.3293024, 4.8790636 ], [ -74.3293135, 4.8790083 ], [ -74.3293246, 4.8788565 ], [ -74.3292941, 4.8788095 ], [ -74.3292692, 4.8787101 ], [ -74.3292498, 4.8786328 ], [ -74.3291888, 4.8785693 ], [ -74.3291583, 4.8785251 ], [ -74.32915, 4.8784589 ], [ -74.32915, 4.8783705 ], [ -74.3291389, 4.8782269 ], [ -74.3291362, 4.87818 ], [ -74.3291195, 4.8781579 ], [ -74.3290586, 4.8781468 ], [ -74.3287537, 4.8781524 ], [ -74.3287149, 4.8779867 ], [ -74.3286706, 4.8778707 ], [ -74.3286263, 4.877683 ], [ -74.3285708, 4.8775283 ], [ -74.3285653, 4.877451 ], [ -74.3284544, 4.8773406 ], [ -74.3283658, 4.8772136 ], [ -74.3281551, 4.8770534 ], [ -74.328133, 4.8770424 ], [ -74.3280997, 4.8770037 ], [ -74.3280997, 4.8769319 ], [ -74.3281219, 4.8768712 ], [ -74.3279944, 4.8768159 ], [ -74.3278725, 4.8767773 ], [ -74.3278337, 4.8766834 ], [ -74.3278337, 4.8765509 ], [ -74.3278392, 4.8764128 ], [ -74.3278448, 4.8763521 ], [ -74.3278226, 4.8760815 ], [ -74.3278392, 4.8758164 ], [ -74.3279002, 4.8756397 ], [ -74.3280609, 4.8753359 ], [ -74.3282106, 4.8750488 ], [ -74.3282327, 4.8750377 ], [ -74.3282882, 4.8750377 ], [ -74.3283159, 4.8750377 ], [ -74.328338, 4.8750433 ], [ -74.3284988, 4.8752034 ], [ -74.3287205, 4.875347 ], [ -74.3288369, 4.8754133 ], [ -74.3289754, 4.8754409 ], [ -74.3291029, 4.8754353 ], [ -74.3293689, 4.8754353 ], [ -74.3297347, 4.8754077 ], [ -74.3298788, 4.8753967 ], [ -74.3303888, 4.8753967 ], [ -74.3304165, 4.8753967 ], [ -74.3305883, 4.8753028 ], [ -74.3306603, 4.87522 ], [ -74.330749, 4.875115 ], [ -74.3308044, 4.8750101 ], [ -74.3308155, 4.8749328 ], [ -74.3306936, 4.8747947 ], [ -74.3306382, 4.8747174 ], [ -74.3305273, 4.8745352 ], [ -74.3303056, 4.8743861 ], [ -74.3301948, 4.8743088 ], [ -74.3300673, 4.8742425 ], [ -74.3298567, 4.8741321 ], [ -74.3297181, 4.8739443 ], [ -74.3296017, 4.8737952 ], [ -74.3295851, 4.8737952 ], [ -74.3293856, 4.8737565 ], [ -74.3291528, 4.8737455 ], [ -74.3287593, 4.8737455 ], [ -74.3286207, 4.8736903 ], [ -74.3283602, 4.8736682 ], [ -74.3280609, 4.8737179 ], [ -74.3279334, 4.8736019 ], [ -74.3278614, 4.8733479 ], [ -74.327745, 4.8731656 ], [ -74.3276009, 4.8730994 ], [ -74.3275011, 4.8730497 ], [ -74.3274235, 4.8730331 ], [ -74.3273016, 4.873011 ], [ -74.3270855, 4.8729668 ], [ -74.3269691, 4.8729116 ], [ -74.3269247, 4.8727791 ], [ -74.3270023, 4.8725968 ], [ -74.3270799, 4.8724974 ], [ -74.3271963, 4.8723925 ], [ -74.3273515, 4.8722434 ], [ -74.3273293, 4.8721053 ], [ -74.3273293, 4.8720225 ], [ -74.3274346, 4.8719507 ], [ -74.327587, 4.8718085 ], [ -74.3276397, 4.8717422 ], [ -74.3276452, 4.8715959 ], [ -74.3275704, 4.8715075 ], [ -74.3275067, 4.8714744 ], [ -74.3273044, 4.8713998 ], [ -74.3271159, 4.8713943 ], [ -74.3269857, 4.8713419 ], [ -74.3267557, 4.8712038 ], [ -74.3265811, 4.8710298 ], [ -74.3263899, 4.870958 ], [ -74.3262929, 4.8708918 ], [ -74.3262846, 4.8708034 ], [ -74.3263151, 4.8708062 ], [ -74.326498, 4.8708062 ], [ -74.3267834, 4.8707979 ], [ -74.3268804, 4.8708145 ], [ -74.3271824, 4.8708807 ], [ -74.3272628, 4.8708531 ], [ -74.3274263, 4.8707316 ], [ -74.3273875, 4.8705604 ], [ -74.3273487, 4.8705052 ], [ -74.3272157, 4.8704058 ], [ -74.3270383, 4.8703064 ], [ -74.3268776, 4.8702484 ], [ -74.3267113, 4.8701076 ], [ -74.3266171, 4.8699502 ], [ -74.3265922, 4.8697072 ], [ -74.3265118, 4.8696189 ], [ -74.326437, 4.8695471 ], [ -74.3263538, 4.8694532 ], [ -74.3262707, 4.8693593 ], [ -74.3261349, 4.8692461 ], [ -74.3259797, 4.8691329 ], [ -74.325819, 4.8690169 ], [ -74.3257608, 4.8689258 ], [ -74.3256749, 4.8687215 ], [ -74.325625, 4.8685972 ], [ -74.3256278, 4.8683211 ], [ -74.3256333, 4.8683073 ], [ -74.3256777, 4.8681609 ], [ -74.3256694, 4.8680394 ], [ -74.3256638, 4.8675038 ], [ -74.3256888, 4.8674817 ], [ -74.325747, 4.8674264 ], [ -74.3258107, 4.867327 ], [ -74.3258301, 4.8672884 ], [ -74.3256943, 4.8672442 ], [ -74.3255557, 4.8672497 ], [ -74.3254005, 4.8673105 ], [ -74.3251595, 4.8673546 ], [ -74.3250791, 4.8673988 ], [ -74.3250458, 4.8674568 ], [ -74.3241175, 4.8674789 ], [ -74.324051, 4.8674154 ], [ -74.3240482, 4.8672939 ], [ -74.3240371, 4.8672193 ], [ -74.3240426, 4.8671669 ], [ -74.3240537, 4.867131 ], [ -74.3240454, 4.8670868 ], [ -74.3240343, 4.8670647 ], [ -74.3239761, 4.8670509 ], [ -74.3239041, 4.8670426 ], [ -74.3238736, 4.8670012 ], [ -74.3234413, 4.8669957 ], [ -74.3233859, 4.8670537 ], [ -74.3233665, 4.8670537 ], [ -74.3232667, 4.8670537 ], [ -74.3232445, 4.8670785 ], [ -74.3231891, 4.8671034 ], [ -74.3231669, 4.8671089 ], [ -74.323045, 4.8670813 ], [ -74.3230007, 4.8670316 ], [ -74.3230007, 4.8669543 ], [ -74.3230395, 4.866899 ], [ -74.3231309, 4.8668355 ], [ -74.323178, 4.8667665 ], [ -74.3231891, 4.8666478 ], [ -74.3231559, 4.8665787 ], [ -74.3230949, 4.8665539 ], [ -74.3230783, 4.8665428 ], [ -74.322948, 4.8664987 ], [ -74.3228843, 4.8664379 ], [ -74.3228676, 4.866402 ], [ -74.3228704, 4.8663164 ], [ -74.3229009, 4.8662778 ], [ -74.3229674, 4.8661922 ], [ -74.3230118, 4.8661231 ], [ -74.3230034, 4.8660044 ], [ -74.3229591, 4.8659519 ], [ -74.3229231, 4.8659381 ], [ -74.3228399, 4.8658912 ], [ -74.3227568, 4.8658525 ], [ -74.3227014, 4.8658166 ], [ -74.3223882, 4.8658042 ], [ -74.3222829, 4.8657352 ], [ -74.3222663, 4.8656385 ], [ -74.3222829, 4.8656026 ], [ -74.3223882, 4.8655088 ], [ -74.3224298, 4.8653928 ], [ -74.3224104, 4.8652796 ], [ -74.3223661, 4.8652216 ], [ -74.3222829, 4.8652023 ], [ -74.3221804, 4.8652244 ], [ -74.3220363, 4.8653458 ], [ -74.3219282, 4.8655253 ], [ -74.3218451, 4.8655336 ], [ -74.3217508, 4.8655336 ], [ -74.3216261, 4.8655198 ], [ -74.3215485, 4.8654618 ], [ -74.3214931, 4.8653955 ], [ -74.3214211, 4.8653127 ], [ -74.3213601, 4.8652602 ], [ -74.3212825, 4.8652271 ], [ -74.3212326, 4.8651912 ], [ -74.3211772, 4.8651415 ], [ -74.3211606, 4.8650752 ], [ -74.3211661, 4.8650283 ], [ -74.3211938, 4.8649814 ], [ -74.3212853, 4.8649179 ], [ -74.3213712, 4.8648543 ], [ -74.3214183, 4.8647715 ], [ -74.3214183, 4.8646279 ], [ -74.3213795, 4.8645782 ], [ -74.3212797, 4.8645064 ], [ -74.3211301, 4.8643905 ], [ -74.3209361, 4.864269 ], [ -74.3207671, 4.8641254 ], [ -74.3206562, 4.8640287 ], [ -74.320368, 4.8640315 ], [ -74.3203652, 4.863979 ], [ -74.320368, 4.8639183 ], [ -74.3203569, 4.8637388 ], [ -74.3203403, 4.8636145 ], [ -74.320271, 4.8634254 ], [ -74.3202045, 4.8632335 ], [ -74.320102, 4.8630706 ], [ -74.3199939, 4.8629159 ], [ -74.3195422, 4.8624521 ], [ -74.3194313, 4.8622947 ], [ -74.3192069, 4.8622091 ], [ -74.3187441, 4.8622367 ], [ -74.3186914, 4.8621649 ], [ -74.3187025, 4.8620931 ], [ -74.3187745, 4.8619329 ], [ -74.3187635, 4.8618308 ], [ -74.3187357, 4.8617949 ], [ -74.3186637, 4.8617258 ], [ -74.3185806, 4.861643 ], [ -74.3185251, 4.8615933 ], [ -74.318442, 4.8615464 ], [ -74.3183672, 4.8615326 ], [ -74.3182231, 4.8614442 ], [ -74.3181233, 4.8614 ], [ -74.3180014, 4.8612454 ], [ -74.3179293, 4.861146 ], [ -74.3178794, 4.8610908 ], [ -74.3178684, 4.8610411 ], [ -74.3178961, 4.8607981 ], [ -74.3178739, 4.860649 ], [ -74.3178074, 4.8605054 ], [ -74.3177298, 4.8603839 ], [ -74.3176744, 4.8603287 ], [ -74.3176189, 4.8602569 ], [ -74.3175413, 4.8601354 ], [ -74.3175081, 4.8600028 ], [ -74.3175026, 4.8598703 ], [ -74.317497, 4.8597488 ], [ -74.3174083, 4.8595914 ], [ -74.3174416, 4.8594589 ], [ -74.3174887, 4.8593042 ], [ -74.3175469, 4.8592573 ], [ -74.3178129, 4.8590806 ], [ -74.3179127, 4.8590171 ], [ -74.3179958, 4.8589397 ], [ -74.318018, 4.8588155 ], [ -74.318018, 4.8586967 ], [ -74.3180402, 4.8585752 ], [ -74.3180429, 4.8585283 ], [ -74.318079, 4.8584455 ], [ -74.3181288, 4.8584151 ], [ -74.3182148, 4.858404 ], [ -74.3183062, 4.8584372 ], [ -74.3183505, 4.8585394 ], [ -74.3183949, 4.8586995 ], [ -74.3184725, 4.8588265 ], [ -74.3186055, 4.8590088 ], [ -74.3187939, 4.8591855 ], [ -74.3187995, 4.8591882 ], [ -74.3189131, 4.8592628 ], [ -74.3190323, 4.8593125 ], [ -74.3191514, 4.8594092 ], [ -74.3191487, 4.8597267 ], [ -74.3192567, 4.8598344 ], [ -74.3193038, 4.8599255 ], [ -74.3194147, 4.8600801 ], [ -74.3195034, 4.8601878 ], [ -74.3195449, 4.8604225 ], [ -74.3197223, 4.8605219 ], [ -74.3199828, 4.860544 ], [ -74.3204317, 4.8603922 ], [ -74.3204705, 4.8603314 ], [ -74.3204927, 4.8602679 ], [ -74.3205897, 4.8600304 ], [ -74.3205786, 4.8599062 ], [ -74.3206895, 4.8599062 ], [ -74.320756, 4.8599007 ], [ -74.3213656, 4.8599476 ], [ -74.3214682, 4.8599531 ], [ -74.3216871, 4.8598565 ], [ -74.3218229, 4.8596687 ], [ -74.3219171, 4.8594202 ], [ -74.3219171, 4.8593456 ], [ -74.3217758, 4.859133 ], [ -74.3217093, 4.8590419 ], [ -74.3216871, 4.8589563 ], [ -74.3219282, 4.8589011 ], [ -74.3221554, 4.8588541 ], [ -74.3222247, 4.8586305 ], [ -74.322197, 4.8585007 ], [ -74.3221028, 4.8583212 ], [ -74.3220197, 4.8582163 ], [ -74.3219919, 4.8580755 ], [ -74.3221665, 4.8579236 ], [ -74.322125, 4.8577331 ], [ -74.3220917, 4.8576502 ], [ -74.3221582, 4.8575177 ], [ -74.3222441, 4.8574625 ], [ -74.3223605, 4.857341 ], [ -74.3225018, 4.8572416 ], [ -74.3228538, 4.8571725 ], [ -74.3230893, 4.8572195 ], [ -74.3237267, 4.8570897 ], [ -74.324062, 4.8570207 ], [ -74.3243586, 4.8571173 ], [ -74.3245054, 4.8570731 ], [ -74.3246689, 4.8570124 ], [ -74.3249045, 4.8570041 ], [ -74.3251705, 4.8571145 ], [ -74.3252121, 4.8571421 ], [ -74.3252786, 4.8572995 ], [ -74.3253784, 4.8574238 ], [ -74.3254005, 4.8575895 ], [ -74.3253978, 4.8576475 ], [ -74.3256056, 4.8577552 ], [ -74.3257553, 4.8578352 ], [ -74.3258994, 4.8579429 ], [ -74.3260601, 4.857965 ], [ -74.3261349, 4.8579319 ], [ -74.3261737, 4.8578187 ], [ -74.3261987, 4.8576916 ], [ -74.3262097, 4.857584 ], [ -74.3262541, 4.8575342 ], [ -74.3263732, 4.8574818 ], [ -74.3264786, 4.8573879 ], [ -74.3265229, 4.8572747 ], [ -74.3265284, 4.8571753 ], [ -74.3264869, 4.8570262 ], [ -74.3264204, 4.8569406 ], [ -74.3263566, 4.8568356 ], [ -74.3262596, 4.8567197 ], [ -74.3261543, 4.8566644 ], [ -74.3260462, 4.8566009 ], [ -74.3260074, 4.8565871 ], [ -74.3257525, 4.8564767 ], [ -74.3257082, 4.8564021 ], [ -74.3256333, 4.8562558 ], [ -74.3255557, 4.8561895 ], [ -74.3254532, 4.8561232 ], [ -74.3253756, 4.8560625 ], [ -74.3252897, 4.8560404 ], [ -74.325262, 4.8558305 ], [ -74.3252648, 4.8556621 ], [ -74.3251788, 4.8556179 ], [ -74.325068, 4.8555793 ], [ -74.3249378, 4.8555572 ], [ -74.3248574, 4.8554937 ], [ -74.3248768, 4.8554274 ], [ -74.3249682, 4.85527 ], [ -74.3250237, 4.8552286 ], [ -74.3250735, 4.8550988 ], [ -74.3250652, 4.8550077 ], [ -74.3250126, 4.8549718 ], [ -74.3250015, 4.8547895 ], [ -74.3250763, 4.8547454 ], [ -74.3252093, 4.8547095 ], [ -74.3253146, 4.854599 ], [ -74.3253507, 4.8545217 ], [ -74.3253534, 4.8544389 ], [ -74.3253451, 4.8543229 ], [ -74.3253285, 4.8542677 ], [ -74.3252509, 4.8542124 ], [ -74.3252176, 4.8541931 ], [ -74.3250791, 4.8541434 ], [ -74.3249793, 4.854102 ], [ -74.3249294, 4.8540523 ], [ -74.3249073, 4.8539736 ], [ -74.3248103, 4.8538576 ], [ -74.324838, 4.8537527 ], [ -74.3248934, 4.8536864 ], [ -74.3249433, 4.8535097 ], [ -74.324899, 4.8534213 ], [ -74.3248214, 4.8533109 ], [ -74.3247161, 4.8531341 ], [ -74.3246107, 4.8529795 ], [ -74.3245442, 4.8528525 ], [ -74.3244445, 4.8527531 ], [ -74.3243669, 4.852372 ], [ -74.3243503, 4.8522616 ], [ -74.3243059, 4.8521843 ], [ -74.3242727, 4.8521401 ], [ -74.3241895, 4.8520517 ], [ -74.3241008, 4.8519578 ], [ -74.3240454, 4.8518142 ], [ -74.3240399, 4.8517204 ], [ -74.324062, 4.8515768 ], [ -74.3241286, 4.8515381 ], [ -74.3242616, 4.8515271 ], [ -74.3244168, 4.8515823 ], [ -74.3246274, 4.8516099 ], [ -74.3247271, 4.8516265 ], [ -74.3248602, 4.851632 ], [ -74.3249655, 4.8515878 ], [ -74.3250874, 4.8514663 ], [ -74.3251428, 4.851389 ], [ -74.3251927, 4.8510797 ], [ -74.3251872, 4.8509693 ], [ -74.3251982, 4.8508423 ], [ -74.3252869, 4.8506987 ], [ -74.3252869, 4.8505551 ], [ -74.3253091, 4.8502845 ], [ -74.3253811, 4.8499587 ], [ -74.3253867, 4.8498372 ], [ -74.325298, 4.8496218 ], [ -74.3252592, 4.8495058 ], [ -74.3252648, 4.8493401 ], [ -74.3253202, 4.8492518 ], [ -74.3254975, 4.8491192 ], [ -74.3258966, 4.8490861 ], [ -74.3264508, 4.8490309 ], [ -74.3265395, 4.8488983 ], [ -74.3265894, 4.8487492 ], [ -74.3265783, 4.8486774 ], [ -74.3265395, 4.8484675 ], [ -74.3265063, 4.8483571 ], [ -74.3264786, 4.8482853 ], [ -74.3264231, 4.848219 ], [ -74.3263954, 4.8481804 ], [ -74.3263732, 4.8480589 ], [ -74.3263455, 4.847965 ], [ -74.3262735, 4.847849 ], [ -74.3262679, 4.8478269 ], [ -74.3260961, 4.8476944 ], [ -74.3259964, 4.847606 ], [ -74.3259576, 4.84749 ], [ -74.3259631, 4.8473244 ], [ -74.3260074, 4.8471587 ], [ -74.3260352, 4.8470924 ], [ -74.3260462, 4.8470317 ], [ -74.3260961, 4.8470206 ], [ -74.3260795, 4.8469046 ], [ -74.3260795, 4.8467776 ], [ -74.3261017, 4.8465733 ], [ -74.3261793, 4.8464739 ], [ -74.3263067, 4.8464187 ], [ -74.3264675, 4.8463524 ], [ -74.3265506, 4.8463192 ], [ -74.3266448, 4.8463966 ], [ -74.3267723, 4.8463579 ], [ -74.3269497, 4.8463137 ], [ -74.3271824, 4.8464407 ], [ -74.3273044, 4.8465015 ], [ -74.3275316, 4.8464628 ], [ -74.3277145, 4.846391 ], [ -74.3279528, 4.8462419 ], [ -74.3280859, 4.8462806 ], [ -74.3282743, 4.8464463 ], [ -74.3286235, 4.8464628 ], [ -74.3289505, 4.8464021 ], [ -74.3290835, 4.8463855 ], [ -74.3291999, 4.8464242 ], [ -74.3292997, 4.8466396 ], [ -74.329405, 4.846866 ], [ -74.3295047, 4.8469267 ], [ -74.3298705, 4.8469488 ], [ -74.3299758, 4.8468605 ], [ -74.3300146, 4.8467058 ], [ -74.3299592, 4.8464849 ], [ -74.3297708, 4.8464187 ], [ -74.3295768, 4.8462861 ], [ -74.3294161, 4.8461701 ], [ -74.3292553, 4.8459989 ], [ -74.3290835, 4.8458222 ], [ -74.3289505, 4.8456621 ], [ -74.3288341, 4.8454908 ], [ -74.3287953, 4.8453638 ], [ -74.3289117, 4.8452479 ], [ -74.3289671, 4.8451816 ], [ -74.3289893, 4.8450711 ], [ -74.3290669, 4.8450877 ], [ -74.3293994, 4.8451981 ], [ -74.3297708, 4.8452644 ], [ -74.3308238, 4.8455903 ], [ -74.3312672, 4.8457118 ], [ -74.3332514, 4.8462916 ], [ -74.3338168, 4.8464573 ], [ -74.3345096, 4.8466285 ], [ -74.3352356, 4.846866 ], [ -74.3357788, 4.8469875 ], [ -74.3365658, 4.8472194 ], [ -74.3369538, 4.847363 ], [ -74.3370536, 4.8473354 ], [ -74.3370979, 4.8470703 ], [ -74.3370868, 4.8467887 ], [ -74.3370314, 4.8465733 ], [ -74.3369815, 4.8464352 ], [ -74.3368873, 4.8462751 ], [ -74.3368097, 4.8461591 ], [ -74.336721, 4.8459824 ], [ -74.3366933, 4.8457559 ], [ -74.336649, 4.8457228 ], [ -74.3365326, 4.845524 ], [ -74.3365215, 4.8454577 ], [ -74.3365714, 4.8453362 ], [ -74.3366379, 4.8452368 ], [ -74.3366933, 4.8451153 ], [ -74.3367266, 4.8449165 ], [ -74.3366988, 4.8447177 ], [ -74.3366323, 4.8446293 ], [ -74.3365603, 4.8445244 ], [ -74.3363718, 4.8443642 ], [ -74.3363774, 4.8442262 ], [ -74.3364328, 4.8442041 ], [ -74.3366212, 4.8442538 ], [ -74.3367321, 4.8443642 ], [ -74.3368429, 4.844552 ], [ -74.3369039, 4.8447177 ], [ -74.3369593, 4.8448281 ], [ -74.3371755, 4.844806 ], [ -74.3372697, 4.8446514 ], [ -74.3373085, 4.8444305 ], [ -74.3373307, 4.8440991 ], [ -74.3373196, 4.84395 ], [ -74.3372642, 4.8438838 ], [ -74.3371755, 4.8438341 ], [ -74.3370757, 4.8438285 ], [ -74.3369316, 4.8437457 ], [ -74.3367376, 4.8436629 ], [ -74.3366268, 4.8436131 ], [ -74.3366157, 4.8435966 ], [ -74.3364827, 4.8435414 ], [ -74.3363718, 4.8434806 ], [ -74.3362887, 4.8434419 ], [ -74.3360615, 4.8432597 ], [ -74.3360725, 4.8431769 ], [ -74.3361557, 4.8431051 ], [ -74.3362721, 4.843083 ], [ -74.3364051, 4.8431382 ], [ -74.3365824, 4.8432763 ], [ -74.3367376, 4.8433646 ], [ -74.3368707, 4.8434143 ], [ -74.3369649, 4.8434254 ], [ -74.3370646, 4.8433204 ], [ -74.3370369, 4.8432266 ], [ -74.3370646, 4.8431216 ], [ -74.3370314, 4.8430388 ], [ -74.3370092, 4.8428842 ], [ -74.3369981, 4.8428455 ], [ -74.3371201, 4.8426688 ], [ -74.3369815, 4.8424865 ], [ -74.3368817, 4.8423429 ], [ -74.3368485, 4.8421938 ], [ -74.3371921, 4.8419122 ], [ -74.3373141, 4.8417354 ], [ -74.3372365, 4.8415918 ], [ -74.3371921, 4.8415477 ], [ -74.3371256, 4.8414317 ], [ -74.3371977, 4.8413047 ], [ -74.3371589, 4.8412053 ], [ -74.3370979, 4.8411832 ], [ -74.3369316, 4.8412329 ], [ -74.3368873, 4.8412494 ], [ -74.3366878, 4.8412605 ], [ -74.3365049, 4.8412053 ], [ -74.3365326, 4.8410285 ], [ -74.3366988, 4.8407966 ], [ -74.3366711, 4.8404266 ], [ -74.3365547, 4.8403216 ], [ -74.3366379, 4.8401173 ], [ -74.3367376, 4.84004 ], [ -74.3368928, 4.8399074 ], [ -74.3370646, 4.8397197 ], [ -74.3371145, 4.8395816 ], [ -74.3372309, 4.839322 ], [ -74.3373584, 4.8392613 ], [ -74.3375247, 4.8392447 ], [ -74.3377297, 4.8391287 ], [ -74.3379902, 4.8389851 ], [ -74.3381011, 4.8388084 ], [ -74.3381787, 4.8386703 ], [ -74.3381676, 4.8385212 ], [ -74.3381177, 4.8383832 ], [ -74.3381288, 4.838107 ], [ -74.3381288, 4.8380076 ], [ -74.3381565, 4.8378309 ], [ -74.3382729, 4.8378088 ], [ -74.3384225, 4.8376818 ], [ -74.3384447, 4.8374056 ], [ -74.338417, 4.8372952 ], [ -74.3385334, 4.8371737 ], [ -74.3386221, 4.8369749 ], [ -74.3386387, 4.8365772 ], [ -74.3385611, 4.8364999 ], [ -74.3385223, 4.8363895 ], [ -74.3385112, 4.8362238 ], [ -74.3385888, 4.8361575 ], [ -74.3386997, 4.8360029 ], [ -74.3388382, 4.8358262 ], [ -74.3388271, 4.8356991 ], [ -74.3387828, 4.8355334 ], [ -74.3387606, 4.8355003 ], [ -74.3386553, 4.8353567 ], [ -74.3385556, 4.8352187 ], [ -74.33855, 4.8351303 ], [ -74.3386609, 4.835064 ], [ -74.3387495, 4.835064 ], [ -74.3388604, 4.8350751 ], [ -74.3391264, 4.8349977 ], [ -74.339132, 4.8348818 ], [ -74.3391209, 4.8347934 ], [ -74.3392428, 4.8347492 ], [ -74.3393814, 4.8347603 ], [ -74.3394867, 4.834705 ], [ -74.3396197, 4.8345338 ], [ -74.3396751, 4.8344455 ], [ -74.339725, 4.834335 ], [ -74.3397361, 4.8341749 ], [ -74.3397139, 4.8340644 ], [ -74.3396419, 4.8340092 ], [ -74.3394202, 4.8339981 ], [ -74.3392761, 4.8338656 ], [ -74.339265, 4.8337275 ], [ -74.3392539, 4.833606 ], [ -74.3392761, 4.8335453 ], [ -74.3393758, 4.8335563 ], [ -74.3395477, 4.8336447 ], [ -74.3396918, 4.8337109 ], [ -74.3400021, 4.8338214 ], [ -74.340174, 4.8339263 ], [ -74.3403735, 4.8340423 ], [ -74.3405675, 4.8341528 ], [ -74.3411494, 4.8343571 ], [ -74.34136, 4.8344841 ], [ -74.3415097, 4.8345559 ], [ -74.3416482, 4.8346222 ], [ -74.3422579, 4.8349259 ], [ -74.3424464, 4.8350198 ], [ -74.3429784, 4.8352242 ], [ -74.3430006, 4.835238 ], [ -74.3431669, 4.835249 ], [ -74.3432029, 4.8350861 ], [ -74.343275, 4.8350143 ], [ -74.3433415, 4.8349204 ], [ -74.3434135, 4.8348017 ], [ -74.3435798, 4.83481 ], [ -74.3438708, 4.8347906 ], [ -74.3439678, 4.8348459 ], [ -74.3441562, 4.8349867 ], [ -74.3443197, 4.8350751 ], [ -74.3444001, 4.8350502 ], [ -74.344522, 4.8349066 ], [ -74.3445968, 4.8347685 ], [ -74.3446606, 4.8345587 ], [ -74.3447077, 4.8343681 ], [ -74.3447437, 4.8340616 ], [ -74.3447215, 4.8339705 ], [ -74.3445996, 4.8337938 ], [ -74.3444971, 4.8336806 ], [ -74.3444167, 4.833606 ], [ -74.3442643, 4.8334707 ], [ -74.3440149, 4.8332305 ], [ -74.3439899, 4.8331559 ], [ -74.3440814, 4.8331421 ], [ -74.3442698, 4.8331338 ], [ -74.3444195, 4.8330455 ], [ -74.3446744, 4.8328687 ], [ -74.3447271, 4.8328328 ], [ -74.3448462, 4.8326312 ], [ -74.3448684, 4.8325291 ], [ -74.3448629, 4.8323827 ], [ -74.3448352, 4.8321756 ], [ -74.3448407, 4.8319271 ], [ -74.3448989, 4.8318028 ], [ -74.344946, 4.8315598 ], [ -74.3449543, 4.8312726 ], [ -74.3449377, 4.8311097 ], [ -74.3447991, 4.8309744 ], [ -74.3447493, 4.8309109 ], [ -74.3446467, 4.8308364 ], [ -74.3445857, 4.8307811 ], [ -74.3444167, 4.8306348 ], [ -74.3442089, 4.8304663 ], [ -74.3441978, 4.8304083 ], [ -74.3441701, 4.8302868 ], [ -74.3441673, 4.8301432 ], [ -74.3441978, 4.8300659 ], [ -74.3443003, 4.8299527 ], [ -74.3444056, 4.8298561 ], [ -74.3444306, 4.829787 ], [ -74.3444139, 4.8297125 ], [ -74.3443308, 4.8296131 ], [ -74.344353, 4.8295219 ], [ -74.3442532, 4.829417 ], [ -74.3441645, 4.8293065 ], [ -74.343965, 4.8291795 ], [ -74.3439207, 4.8291519 ], [ -74.3437655, 4.8290525 ], [ -74.3436214, 4.8289586 ], [ -74.3434994, 4.8288537 ], [ -74.3433553, 4.8287874 ], [ -74.3430782, 4.8285941 ], [ -74.3430339, 4.8285665 ], [ -74.3429674, 4.8285113 ], [ -74.3430061, 4.8284339 ], [ -74.3431558, 4.8283566 ], [ -74.3432722, 4.8283898 ], [ -74.3434274, 4.8283566 ], [ -74.3435105, 4.8281965 ], [ -74.3434994, 4.827959 ], [ -74.3434662, 4.8279093 ], [ -74.3435161, 4.8278043 ], [ -74.3435327, 4.8277933 ], [ -74.343638, 4.8276773 ], [ -74.343699, 4.8275006 ], [ -74.343699, 4.8274178 ], [ -74.3436435, 4.8272742 ], [ -74.3435271, 4.8270974 ], [ -74.343444, 4.8269594 ], [ -74.3433664, 4.826871 ], [ -74.3430283, 4.8268876 ], [ -74.3430228, 4.8268213 ], [ -74.3429784, 4.8268102 ], [ -74.3429895, 4.8264071 ], [ -74.342923, 4.8262138 ], [ -74.3428454, 4.8260647 ], [ -74.3427623, 4.8259266 ], [ -74.3427235, 4.8258272 ], [ -74.3426902, 4.8257278 ], [ -74.3426348, 4.8255787 ], [ -74.3425295, 4.8253964 ], [ -74.3423799, 4.8252473 ], [ -74.3421471, 4.8249159 ], [ -74.342003, 4.8245625 ], [ -74.3419143, 4.8243747 ], [ -74.341881, 4.8242532 ], [ -74.3419143, 4.8241427 ], [ -74.3420473, 4.8239439 ], [ -74.3421027, 4.8238445 ], [ -74.3411716, 4.8236236 ], [ -74.3401629, 4.8233143 ], [ -74.3396641, 4.8231155 ], [ -74.3392207, 4.8230713 ], [ -74.338478, 4.8229167 ], [ -74.3369261, 4.8225301 ], [ -74.334953, 4.8220772 ], [ -74.3341327, 4.8218673 ], [ -74.3338556, 4.8217679 ], [ -74.3338278, 4.821663 ], [ -74.3337669, 4.8216243 ], [ -74.3336893, 4.8215967 ], [ -74.3335452, 4.8216409 ], [ -74.3334787, 4.8216961 ], [ -74.3334343, 4.8217624 ], [ -74.3333623, 4.8218839 ], [ -74.3333069, 4.8219778 ], [ -74.3332182, 4.822033 ], [ -74.333124, 4.8220772 ], [ -74.3330574, 4.8221324 ], [ -74.3330186, 4.8221435 ], [ -74.3329577, 4.8221932 ], [ -74.3329244, 4.8222539 ], [ -74.3328413, 4.8223589 ], [ -74.332736, 4.8225522 ], [ -74.3326695, 4.8226681 ], [ -74.3326251, 4.8227455 ], [ -74.3325586, 4.8229001 ], [ -74.3324367, 4.8230326 ], [ -74.3323591, 4.8232094 ], [ -74.3322649, 4.8233309 ], [ -74.3321429, 4.82348 ], [ -74.332021, 4.8237202 ], [ -74.3320016, 4.8238114 ], [ -74.3319739, 4.8239135 ], [ -74.33196, 4.8239964 ], [ -74.3318935, 4.8241621 ], [ -74.3318464, 4.8243167 ], [ -74.3317716, 4.8244575 ], [ -74.3317383, 4.8245625 ], [ -74.3317162, 4.8246287 ], [ -74.3316275, 4.8249325 ], [ -74.3315499, 4.8250871 ], [ -74.3315388, 4.8252086 ], [ -74.3315388, 4.825308 ], [ -74.3315166, 4.8253798 ], [ -74.3314612, 4.8254682 ], [ -74.3314612, 4.8255234 ], [ -74.3314834, 4.8256118 ], [ -74.3315111, 4.8257388 ], [ -74.3315056, 4.8258714 ], [ -74.3314335, 4.8260591 ], [ -74.3313227, 4.8262248 ], [ -74.3312451, 4.8263574 ], [ -74.3310954, 4.8264402 ], [ -74.3309735, 4.8265507 ], [ -74.3308516, 4.8267274 ], [ -74.3307352, 4.8268599 ], [ -74.3307074, 4.8269317 ], [ -74.3305412, 4.8269925 ], [ -74.3303361, 4.8270256 ], [ -74.3302474, 4.8270256 ], [ -74.3301366, 4.8270698 ], [ -74.3300146, 4.8270974 ], [ -74.329937, 4.8270974 ], [ -74.3298484, 4.8271085 ], [ -74.3297652, 4.8271527 ], [ -74.3296655, 4.8272134 ], [ -74.3295602, 4.8273294 ], [ -74.3294826, 4.827473 ], [ -74.3294493, 4.8276387 ], [ -74.3293662, 4.8278375 ], [ -74.3292609, 4.8279148 ], [ -74.329211, 4.8279535 ], [ -74.3291057, 4.8280363 ], [ -74.3289339, 4.828213 ], [ -74.3288951, 4.8282683 ], [ -74.3288729, 4.8283401 ], [ -74.3288064, 4.8285665 ], [ -74.3287565, 4.8287267 ], [ -74.3286734, 4.8290028 ], [ -74.3285902, 4.8293204 ], [ -74.3284628, 4.829486 ], [ -74.3284544, 4.8294943 ], [ -74.3283491, 4.8295578 ], [ -74.3282466, 4.829602 ], [ -74.328011, 4.8296821 ], [ -74.327939, 4.8297346 ], [ -74.327684, 4.8299527 ], [ -74.3276286, 4.8300411 ], [ -74.3276231, 4.8301598 ], [ -74.3274873, 4.8301543 ], [ -74.3274208, 4.8301073 ], [ -74.3273515, 4.8301018 ], [ -74.3273016, 4.8300604 ], [ -74.3269497, 4.8300604 ], [ -74.3268499, 4.830088 ], [ -74.3267917, 4.8301101 ], [ -74.326703, 4.8301515 ], [ -74.326606, 4.8302288 ], [ -74.32657, 4.8302454 ], [ -74.326498, 4.8303062 ], [ -74.3264093, 4.830447 ], [ -74.3264037, 4.8304746 ], [ -74.3263372, 4.8305906 ], [ -74.3262818, 4.8306762 ], [ -74.3262901, 4.8311401 ], [ -74.3262846, 4.8311898 ], [ -74.326279, 4.8312809 ], [ -74.326279, 4.8313168 ], [ -74.3262458, 4.8313721 ], [ -74.326243, 4.831731 ], [ -74.3262236, 4.8318166 ], [ -74.3262236, 4.831847 ], [ -74.3262153, 4.8319161 ], [ -74.3261737, 4.831974 ], [ -74.3261515, 4.8320127 ], [ -74.32611, 4.8320734 ], [ -74.3261294, 4.8321314 ], [ -74.3261737, 4.8321618 ], [ -74.3262402, 4.8321977 ], [ -74.3262735, 4.832217 ], [ -74.3263345, 4.832275 ], [ -74.3263899, 4.8323993 ], [ -74.3264065, 4.8324131 ], [ -74.3264758, 4.8324076 ], [ -74.3265423, 4.8324241 ], [ -74.326606, 4.8324656 ], [ -74.3266254, 4.8324656 ], [ -74.3266559, 4.8324766 ], [ -74.3267501, 4.8325263 ], [ -74.3267723, 4.8325871 ], [ -74.326703, 4.8326395 ], [ -74.3266975, 4.8326837 ], [ -74.3266753, 4.8327251 ], [ -74.3261183, 4.83275 ], [ -74.326074, 4.8327886 ], [ -74.3260268, 4.8328466 ], [ -74.3259631, 4.8329129 ], [ -74.3259354, 4.8329433 ], [ -74.325855, 4.8330979 ], [ -74.3258661, 4.8332222 ], [ -74.3258606, 4.8334403 ], [ -74.3258606, 4.8334983 ], [ -74.3258827, 4.8336281 ], [ -74.3259382, 4.8337468 ], [ -74.3259964, 4.8338159 ], [ -74.3262014, 4.8338435 ], [ -74.3262652, 4.833849 ], [ -74.3263968, 4.8338628 ], [ -74.3265243, 4.8339111 ], [ -74.3265631, 4.833994 ], [ -74.3265603, 4.8341086 ], [ -74.3265478, 4.83419 ], [ -74.3265354, 4.8342453 ], [ -74.3265007, 4.8342991 ], [ -74.3264093, 4.8343668 ], [ -74.3263289, 4.8344054 ], [ -74.3262416, 4.8344551 ], [ -74.3261709, 4.8344897 ], [ -74.326146, 4.834549 ], [ -74.3261446, 4.834636 ], [ -74.3261419, 4.8347782 ], [ -74.3261599, 4.8348086 ], [ -74.3261959, 4.8348583 ], [ -74.3262707, 4.8348804 ], [ -74.3263234, 4.8348804 ], [ -74.3264384, 4.8348887 ], [ -74.3265049, 4.8349287 ], [ -74.3265464, 4.8349577 ], [ -74.3265686, 4.8349895 ], [ -74.3265769, 4.8350447 ], [ -74.3265797, 4.8351041 ], [ -74.3265617, 4.8351786 ], [ -74.3264952, 4.8352684 ], [ -74.3264301, 4.8353595 ], [ -74.326394, 4.8353981 ], [ -74.326358, 4.8354271 ], [ -74.3263432, 4.8356628 ], [ -74.3259885, 4.8356775 ], [ -74.3259811, 4.8356775 ], [ -74.3258887, 4.8357548 ], [ -74.3258278, 4.8358469 ], [ -74.325776, 4.8358984 ], [ -74.3257539, 4.8359407 ], [ -74.32568, 4.8359776 ], [ -74.3256246, 4.8360089 ], [ -74.3256172, 4.8360052 ], [ -74.3255266, 4.8359297 ], [ -74.3255137, 4.8358929 ], [ -74.3254638, 4.8357677 ], [ -74.3254066, 4.8356959 ], [ -74.3253696, 4.8356775 ], [ -74.3252218, 4.8356591 ], [ -74.3250777, 4.8357106 ], [ -74.3249447, 4.8357714 ], [ -74.3249336, 4.8357806 ], [ -74.3248782, 4.8358377 ], [ -74.3248301, 4.8358726 ], [ -74.3247895, 4.8358818 ], [ -74.3247544, 4.83588 ], [ -74.3247137, 4.8358653 ], [ -74.3247027, 4.8355965 ], [ -74.3246472, 4.8355634 ], [ -74.3245955, 4.8355486 ], [ -74.3245105, 4.8355339 ], [ -74.3244699, 4.8355339 ], [ -74.3244145, 4.8355891 ], [ -74.3242888, 4.8356039 ], [ -74.3242075, 4.8356039 ], [ -74.324056, 4.8355818 ], [ -74.3240523, 4.8355008 ], [ -74.3241078, 4.8353977 ], [ -74.3241484, 4.8352946 ], [ -74.324178, 4.8352173 ], [ -74.3241595, 4.835151 ], [ -74.3241336, 4.8350884 ], [ -74.3240708, 4.8350553 ], [ -74.3239711, 4.8350148 ], [ -74.3239674, 4.8350148 ], [ -74.3238824, 4.8350185 ], [ -74.3237789, 4.8350037 ], [ -74.3236718, 4.8349522 ], [ -74.3235794, 4.8349117 ], [ -74.3235277, 4.8349043 ], [ -74.3234648, 4.834897 ], [ -74.3233355, 4.8350295 ], [ -74.3231729, 4.8352394 ], [ -74.3230381, 4.8353038 ], [ -74.322458, 4.835602 ], [ -74.3224284, 4.8356094 ], [ -74.3224099, 4.8356683 ], [ -74.3223841, 4.8358119 ], [ -74.3223767, 4.8359444 ], [ -74.3224099, 4.8359923 ], [ -74.3224238, 4.8360494 ], [ -74.3224312, 4.8361525 ], [ -74.3224349, 4.836296 ], [ -74.3224607, 4.836458 ], [ -74.322494, 4.8364912 ], [ -74.3225494, 4.8365133 ], [ -74.322712, 4.8365795 ], [ -74.3227637, 4.8366053 ], [ -74.3228118, 4.8366679 ], [ -74.3228524, 4.8367563 ], [ -74.3228081, 4.8368446 ], [ -74.322675, 4.8368446 ], [ -74.3225864, 4.8368594 ], [ -74.3224053, 4.8369183 ], [ -74.3223277, 4.836944 ], [ -74.3221947, 4.8369882 ], [ -74.3219545, 4.8371355 ], [ -74.3217328, 4.8372312 ], [ -74.3215629, 4.8374963 ], [ -74.321537, 4.837592 ], [ -74.321452, 4.8376841 ], [ -74.3213079, 4.8377283 ], [ -74.3211638, 4.8378203 ], [ -74.3212081, 4.8379308 ], [ -74.3212783, 4.8380081 ], [ -74.3213227, 4.8381369 ], [ -74.3213486, 4.8383284 ], [ -74.321282, 4.8384499 ], [ -74.3212451, 4.8385567 ], [ -74.3213744, 4.8386819 ], [ -74.3214742, 4.8388659 ], [ -74.3214779, 4.8390574 ], [ -74.3214409, 4.8391494 ], [ -74.3211195, 4.839363 ], [ -74.321101, 4.8393777 ], [ -74.3209273, 4.8396023 ], [ -74.3208571, 4.8397238 ], [ -74.3208054, 4.8399337 ], [ -74.3210419, 4.8401619 ], [ -74.3211601, 4.8401362 ], [ -74.3213412, 4.8401067 ], [ -74.3214668, 4.8400147 ], [ -74.3215481, 4.8400515 ], [ -74.32167, 4.8401214 ], [ -74.3217809, 4.8401803 ], [ -74.3217883, 4.8401546 ], [ -74.3218658, 4.8400773 ], [ -74.3219915, 4.8401288 ], [ -74.3220063, 4.8402319 ], [ -74.3219582, 4.8403681 ], [ -74.3219508, 4.8403902 ], [ -74.3218917, 4.8404565 ], [ -74.321718, 4.8405412 ], [ -74.3215739, 4.8407216 ], [ -74.3216109, 4.8408062 ], [ -74.3217291, 4.8408836 ], [ -74.3217458, 4.8411247 ], [ -74.3217679, 4.8411928 ], [ -74.3218511, 4.8412057 ], [ -74.3219416, 4.8412131 ], [ -74.3222557, 4.8412149 ], [ -74.3222945, 4.8413033 ], [ -74.3222945, 4.8413898 ], [ -74.3222206, 4.8414874 ], [ -74.321973, 4.8417617 ], [ -74.3219619, 4.8418408 ], [ -74.3219361, 4.8419789 ], [ -74.3218511, 4.842012 ], [ -74.3217033, 4.8420176 ], [ -74.3215388, 4.842128 ], [ -74.3214853, 4.8421262 ], [ -74.3213116, 4.8421206 ], [ -74.3211435, 4.8420986 ], [ -74.3210825, 4.8420617 ], [ -74.3209273, 4.8418795 ], [ -74.3209181, 4.8416623 ], [ -74.32075, 4.8416862 ], [ -74.3205061, 4.8418243 ], [ -74.3204913, 4.8418298 ], [ -74.3203398, 4.8419274 ], [ -74.3202253, 4.8420102 ], [ -74.3199907, 4.8422201 ], [ -74.3199426, 4.8422201 ], [ -74.3198004, 4.8421998 ], [ -74.3197449, 4.8421317 ], [ -74.3196951, 4.8421206 ], [ -74.3196248, 4.8421777 ], [ -74.3195491, 4.8422734 ], [ -74.3194937, 4.8423802 ], [ -74.3194456, 4.8424281 ], [ -74.3193385, 4.8426527 ], [ -74.3193015, 4.8426932 ], [ -74.3191907, 4.8427926 ], [ -74.3191131, 4.8428754 ], [ -74.3190761, 4.8429951 ], [ -74.3190096, 4.8430834 ], [ -74.3190133, 4.8431571 ], [ -74.3189875, 4.8432675 ], [ -74.319054, 4.8433522 ], [ -74.3190503, 4.8434516 ], [ -74.319017, 4.8436247 ], [ -74.3189136, 4.843621 ], [ -74.3187547, 4.8436652 ], [ -74.3186586, 4.8437977 ], [ -74.3185847, 4.8439008 ], [ -74.3185219, 4.8440646 ], [ -74.3185256, 4.844388 ], [ -74.3185527, 4.8444273 ], [ -74.3185761, 4.8444935 ], [ -74.3185712, 4.8445721 ], [ -74.3185318, 4.8446015 ], [ -74.318464, 4.8446212 ], [ -74.3183938, 4.8446433 ], [ -74.3183593, 4.8446752 ], [ -74.318315, 4.8447181 ], [ -74.318315, 4.8447623 ], [ -74.3182214, 4.8448801 ], [ -74.3182115, 4.8449783 ], [ -74.3181056, 4.8451477 ], [ -74.3180884, 4.8451796 ], [ -74.3180071, 4.8452876 ], [ -74.3179553, 4.8454299 ], [ -74.3179677, 4.8455502 ], [ -74.3179923, 4.8456533 ], [ -74.3179061, 4.8456852 ], [ -74.3177558, 4.8457269 ], [ -74.3176105, 4.8457883 ], [ -74.3175316, 4.8458914 ], [ -74.317438, 4.8460411 ], [ -74.3174183, 4.8461123 ], [ -74.3173691, 4.846235 ], [ -74.317374, 4.846316 ], [ -74.3172779, 4.8464117 ], [ -74.3172237, 4.846424 ], [ -74.3171203, 4.8464657 ], [ -74.3170365, 4.8465247 ], [ -74.3169183, 4.8465467 ], [ -74.3167976, 4.8466498 ], [ -74.3167631, 4.8466842 ], [ -74.3167261, 4.8467308 ], [ -74.3167089, 4.8467578 ], [ -74.3166547, 4.8469984 ], [ -74.3165783, 4.8471358 ], [ -74.3165439, 4.8471677 ], [ -74.3164626, 4.8472316 ], [ -74.3164207, 4.8472831 ], [ -74.3163148, 4.8473788 ], [ -74.3162507, 4.8474647 ], [ -74.3162409, 4.8475703 ], [ -74.3162483, 4.8476365 ], [ -74.3161941, 4.8477126 ], [ -74.3161891, 4.8478182 ], [ -74.3161842, 4.8479777 ], [ -74.3161423, 4.8480514 ], [ -74.3160832, 4.8480955 ], [ -74.316098, 4.8481594 ], [ -74.3160537, 4.8482134 ], [ -74.3160438, 4.8483557 ], [ -74.3159748, 4.8485373 ], [ -74.3158911, 4.8486797 ], [ -74.3157728, 4.848881 ], [ -74.3156645, 4.8490184 ], [ -74.3156349, 4.8490577 ], [ -74.3156349, 4.8492344 ], [ -74.3156398, 4.8493228 ], [ -74.3155265, 4.8496762 ], [ -74.3154181, 4.849794 ], [ -74.3151718, 4.8498235 ], [ -74.3151028, 4.8497744 ], [ -74.3150585, 4.8497646 ], [ -74.3148171, 4.8497695 ], [ -74.3147136, 4.8497744 ], [ -74.3145905, 4.8497302 ], [ -74.3145215, 4.8495339 ], [ -74.3144673, 4.8493473 ], [ -74.3144082, 4.8492099 ], [ -74.3144082, 4.8486012 ], [ -74.3143441, 4.8485913 ], [ -74.3143761, 4.8481765 ], [ -74.3143072, 4.8481029 ], [ -74.3142973, 4.8478059 ], [ -74.3142579, 4.8477961 ], [ -74.3142505, 4.8475212 ], [ -74.3142801, 4.847477 ], [ -74.3144156, 4.8473641 ], [ -74.314487, 4.8472978 ], [ -74.3146052, 4.847207 ], [ -74.3147013, 4.8471137 ], [ -74.3148171, 4.8469812 ], [ -74.3148614, 4.8468781 ], [ -74.3149402, 4.8467603 ], [ -74.3150659, 4.8464927 ], [ -74.3151078, 4.8463725 ], [ -74.3151004, 4.8462448 ], [ -74.315125, 4.8461491 ], [ -74.315189, 4.845992 ], [ -74.3152457, 4.8458202 ], [ -74.3152679, 4.845506 ], [ -74.3152014, 4.8454815 ], [ -74.3151964, 4.8449219 ], [ -74.3151472, 4.844917 ], [ -74.3151373, 4.8445291 ], [ -74.3152087, 4.8444187 ], [ -74.3152703, 4.8443475 ], [ -74.3153319, 4.8442837 ], [ -74.315327, 4.8437977 ], [ -74.3152605, 4.8436922 ], [ -74.3152112, 4.8436161 ], [ -74.3151275, 4.8435498 ], [ -74.3150757, 4.843432 ], [ -74.3151693, 4.8433608 ], [ -74.3152285, 4.8433191 ], [ -74.3153689, 4.8432602 ], [ -74.3155906, 4.8430932 ], [ -74.3156891, 4.8428625 ], [ -74.3157408, 4.8427643 ], [ -74.3157827, 4.8426711 ], [ -74.3157753, 4.8425901 ], [ -74.3157408, 4.8424379 ], [ -74.3156916, 4.8423716 ], [ -74.3156029, 4.8422194 ], [ -74.3155327, 4.8421182 ], [ -74.3154637, 4.8420311 ], [ -74.3154452, 4.8419513 ], [ -74.3154009, 4.8418789 ], [ -74.3153479, 4.8417831 ], [ -74.315274, 4.8417169 ], [ -74.3152716, 4.8416629 ], [ -74.315274, 4.8415966 ], [ -74.3152765, 4.8415377 ], [ -74.3153011, 4.8414518 ], [ -74.3152888, 4.8413634 ], [ -74.3152716, 4.8412432 ], [ -74.3152543, 4.8411769 ], [ -74.3152321, 4.8410836 ], [ -74.3152248, 4.8409952 ], [ -74.3151952, 4.840929 ], [ -74.3151755, 4.8408799 ], [ -74.3151509, 4.8408308 ], [ -74.3151262, 4.8408112 ], [ -74.3151312, 4.8408112 ], [ -74.3151164, 4.8407915 ], [ -74.3150917, 4.8407572 ], [ -74.3150794, 4.84074 ], [ -74.314641, 4.8407449 ], [ -74.3145498, 4.8407891 ], [ -74.3145005, 4.8408676 ], [ -74.3144907, 4.8409462 ], [ -74.3144291, 4.8410762 ], [ -74.3143946, 4.8411278 ], [ -74.3143798, 4.8411597 ], [ -74.3143601, 4.8411941 ], [ -74.3143355, 4.841226 ], [ -74.3143256, 4.8412922 ], [ -74.3143306, 4.8413634 ], [ -74.3143281, 4.8414322 ], [ -74.3142912, 4.8414714 ], [ -74.3142247, 4.8415033 ], [ -74.3142049, 4.8415917 ], [ -74.3141409, 4.841793 ], [ -74.314131, 4.8419353 ], [ -74.3140769, 4.842063 ], [ -74.3140621, 4.8421661 ], [ -74.3140128, 4.8422741 ], [ -74.3139832, 4.8423428 ], [ -74.3139291, 4.8424606 ], [ -74.3139093, 4.8425882 ], [ -74.3138108, 4.8427699 ], [ -74.3137024, 4.8429564 ], [ -74.3133329, 4.8433982 ], [ -74.313259, 4.8434866 ], [ -74.3132541, 4.8434866 ], [ -74.3131112, 4.8436928 ], [ -74.3130817, 4.8438106 ], [ -74.3130669, 4.843894 ], [ -74.3130767, 4.8439849 ], [ -74.3129388, 4.8441714 ], [ -74.3125348, 4.8444463 ], [ -74.312525, 4.8449151 ], [ -74.3123304, 4.8450477 ], [ -74.3118525, 4.8455116 ], [ -74.3117712, 4.8455876 ], [ -74.3117022, 4.8457521 ], [ -74.3117293, 4.8458331 ], [ -74.3117761, 4.8461006 ], [ -74.3117884, 4.8461375 ], [ -74.3118352, 4.8462185 ], [ -74.3119091, 4.8462749 ], [ -74.3120323, 4.8462896 ], [ -74.31219, 4.8462455 ], [ -74.3123427, 4.8462725 ], [ -74.3123525, 4.8463682 ], [ -74.3123673, 4.8466554 ], [ -74.3123575, 4.846999 ], [ -74.3124314, 4.8470726 ], [ -74.3125102, 4.8472273 ], [ -74.3125102, 4.8473377 ], [ -74.3124215, 4.8474899 ], [ -74.3123464, 4.8476126 ], [ -74.3122417, 4.8477243 ], [ -74.3121333, 4.8477955 ], [ -74.3120705, 4.8479059 ], [ -74.3120064, 4.8480139 ], [ -74.3119128, 4.8480827 ], [ -74.3119178, 4.8481808 ], [ -74.3119473, 4.8482201 ], [ -74.3119769, 4.8483036 ], [ -74.3119966, 4.8483526 ], [ -74.3120163, 4.8484165 ], [ -74.3119867, 4.848495 ], [ -74.3119325, 4.8485146 ], [ -74.311834, 4.8486128 ], [ -74.3117995, 4.8486668 ], [ -74.3117995, 4.8487454 ], [ -74.3118882, 4.8488288 ], [ -74.311972, 4.8489466 ], [ -74.3120557, 4.8490546 ], [ -74.3121148, 4.8491283 ], [ -74.3120951, 4.8492363 ], [ -74.3120409, 4.8492903 ], [ -74.3119325, 4.849359 ], [ -74.3118783, 4.8494915 ], [ -74.3118833, 4.8496093 ], [ -74.3118611, 4.8496339 ], [ -74.3118463, 4.8497026 ], [ -74.3117527, 4.8498303 ], [ -74.3116049, 4.8499014 ], [ -74.3114891, 4.849953 ], [ -74.311398, 4.8500462 ], [ -74.311297, 4.8501665 ], [ -74.3112601, 4.8502352 ], [ -74.3112502, 4.8503334 ], [ -74.3112256, 4.8504537 ], [ -74.3113093, 4.8505666 ], [ -74.3113315, 4.8506942 ], [ -74.3112108, 4.8507286 ], [ -74.3111369, 4.8507875 ], [ -74.3110802, 4.8508808 ], [ -74.3110063, 4.8510035 ], [ -74.3109965, 4.851141 ], [ -74.3110753, 4.8512195 ], [ -74.3110999, 4.8512784 ], [ -74.3110359, 4.851406 ], [ -74.3110605, 4.8514748 ], [ -74.3111344, 4.8514748 ], [ -74.3112625, 4.8514748 ], [ -74.3113955, 4.8514993 ], [ -74.3113167, 4.8516564 ], [ -74.3110802, 4.8519068 ], [ -74.311031, 4.8519607 ], [ -74.3109177, 4.8521031 ], [ -74.3108782, 4.8522307 ], [ -74.3108438, 4.8523584 ], [ -74.3108043, 4.8525449 ], [ -74.3108142, 4.8528591 ], [ -74.3108438, 4.8529327 ], [ -74.3108635, 4.8530653 ], [ -74.3109226, 4.8531634 ], [ -74.3110457, 4.8532224 ], [ -74.3111196, 4.8532665 ], [ -74.311164, 4.8533451 ], [ -74.3111147, 4.8534531 ], [ -74.3109324, 4.8535856 ], [ -74.3107649, 4.8536838 ], [ -74.3106664, 4.8539342 ], [ -74.3105728, 4.8541158 ], [ -74.3102821, 4.8541943 ], [ -74.3102378, 4.8544103 ], [ -74.3102526, 4.8544398 ], [ -74.3102723, 4.8546754 ], [ -74.3101639, 4.8547539 ], [ -74.3099915, 4.8548472 ], [ -74.3099668, 4.8549209 ], [ -74.3098781, 4.8551172 ], [ -74.3098239, 4.8553872 ], [ -74.3097698, 4.8555197 ], [ -74.3097402, 4.8556326 ], [ -74.3096515, 4.8557996 ], [ -74.3096269, 4.8559419 ], [ -74.3096515, 4.8560597 ], [ -74.3095924, 4.8562266 ], [ -74.3095579, 4.8563837 ], [ -74.3095185, 4.8565948 ], [ -74.3095333, 4.8566243 ], [ -74.3095136, 4.8568206 ], [ -74.3092869, 4.8569335 ], [ -74.309149, 4.8570268 ], [ -74.309085, 4.8569875 ], [ -74.3089963, 4.856909 ], [ -74.3089569, 4.8570072 ], [ -74.3087795, 4.857071 ], [ -74.3086218, 4.8570121 ], [ -74.308543, 4.8569581 ], [ -74.3084051, 4.8569482 ], [ -74.3083312, 4.8568893 ], [ -74.3082277, 4.8568697 ], [ -74.3081046, 4.8568599 ], [ -74.3080208, 4.8568746 ], [ -74.3078829, 4.857017 ], [ -74.3077498, 4.8571593 ], [ -74.3076759, 4.8571888 ], [ -74.3074838, 4.8571888 ], [ -74.3073606, 4.8572477 ], [ -74.3072621, 4.8574048 ], [ -74.3071439, 4.8576895 ], [ -74.3071537, 4.8577484 ], [ -74.3072621, 4.8578564 ], [ -74.307405, 4.8578319 ], [ -74.3074542, 4.8577533 ], [ -74.3076809, 4.8576404 ], [ -74.3077548, 4.8576404 ], [ -74.3078287, 4.8576797 ], [ -74.3079617, 4.8578122 ], [ -74.3080307, 4.8579055 ], [ -74.3080307, 4.8580282 ], [ -74.3080504, 4.8581215 ], [ -74.3081735, 4.8581706 ], [ -74.3082425, 4.8581902 ], [ -74.3083312, 4.8582589 ], [ -74.3083854, 4.8583277 ], [ -74.3083903, 4.8583866 ], [ -74.3083903, 4.8584553 ], [ -74.3084297, 4.8587204 ], [ -74.3085282, 4.858902 ], [ -74.3085726, 4.8589413 ], [ -74.3086514, 4.8590493 ], [ -74.308612, 4.8591131 ], [ -74.3085282, 4.8591769 ], [ -74.3084691, 4.8592603 ], [ -74.3084593, 4.8593438 ], [ -74.3083952, 4.8594763 ], [ -74.3083213, 4.8595892 ], [ -74.3082622, 4.8596727 ], [ -74.3082179, 4.8597954 ], [ -74.3082277, 4.8600114 ], [ -74.3082425, 4.8600826 ], [ -74.3081883, 4.8601857 ], [ -74.3078311, 4.8602937 ], [ -74.3077671, 4.8603379 ], [ -74.3076439, 4.860436 ], [ -74.3074468, 4.8606029 ], [ -74.3072793, 4.8607355 ], [ -74.3071365, 4.8607404 ], [ -74.3071266, 4.8607404 ], [ -74.3069936, 4.8607011 ], [ -74.3068655, 4.8607404 ], [ -74.3067965, 4.8607944 ], [ -74.3067029, 4.8608778 ], [ -74.3066783, 4.8609367 ], [ -74.3066093, 4.8610742 ], [ -74.3065601, 4.8612313 ], [ -74.3064467, 4.8613344 ], [ -74.3061364, 4.8615553 ], [ -74.3059492, 4.8615994 ], [ -74.3057866, 4.861678 ], [ -74.3057669, 4.8618203 ], [ -74.3056683, 4.8619382 ], [ -74.3055353, 4.8619283 ], [ -74.3053383, 4.8618547 ], [ -74.3051905, 4.8617467 ], [ -74.3051166, 4.8616976 ], [ -74.3049983, 4.8617074 ], [ -74.3049392, 4.8618547 ], [ -74.3048653, 4.8619038 ], [ -74.3047323, 4.8619332 ], [ -74.304614, 4.8619038 ], [ -74.3044367, 4.8619774 ], [ -74.3043677, 4.8620216 ], [ -74.3042889, 4.8620216 ], [ -74.3041608, 4.8620609 ], [ -74.3041164, 4.8621345 ], [ -74.304146, 4.862218 ], [ -74.3042051, 4.8622965 ], [ -74.3042889, 4.8623849 ], [ -74.304412, 4.8624929 ], [ -74.3044859, 4.8625714 ], [ -74.3045401, 4.8626549 ], [ -74.3045943, 4.8628758 ], [ -74.3045451, 4.8632439 ], [ -74.3045057, 4.8633666 ], [ -74.3044219, 4.8635385 ], [ -74.3043381, 4.8636955 ], [ -74.3042544, 4.863833 ], [ -74.3041903, 4.8639753 ], [ -74.3041608, 4.8641864 ], [ -74.3041608, 4.8645301 ], [ -74.3041706, 4.8645497 ], [ -74.3042593, 4.8646331 ], [ -74.304348, 4.8646822 ], [ -74.3044465, 4.8647706 ], [ -74.3044318, 4.8649129 ], [ -74.3043283, 4.8650602 ], [ -74.304215, 4.8652124 ], [ -74.3042248, 4.8653351 ], [ -74.3042692, 4.8654382 ], [ -74.3043381, 4.8655315 ], [ -74.3043677, 4.8657376 ], [ -74.3044318, 4.8657867 ], [ -74.3045057, 4.8659684 ], [ -74.3045845, 4.8661254 ], [ -74.3046042, 4.8662334 ], [ -74.3043874, 4.8662432 ], [ -74.3043037, 4.866204 ], [ -74.3041509, 4.8661794 ], [ -74.3039489, 4.8661843 ], [ -74.3039145, 4.8661893 ], [ -74.3037765, 4.8661991 ], [ -74.3036928, 4.8662236 ], [ -74.3036829, 4.8662334 ], [ -74.3036386, 4.8662727 ], [ -74.3035942, 4.8663856 ], [ -74.3035253, 4.8664789 ], [ -74.3034169, 4.8665869 ], [ -74.3032149, 4.8666949 ], [ -74.3030671, 4.8667243 ], [ -74.3029784, 4.8667636 ], [ -74.3028897, 4.8667832 ], [ -74.3027271, 4.8667783 ], [ -74.3026286, 4.8667243 ], [ -74.3025547, 4.8666949 ], [ -74.3025301, 4.8666801 ], [ -74.3024266, 4.8665427 ], [ -74.3023576, 4.8664298 ], [ -74.3023232, 4.8663856 ], [ -74.3022443, 4.8663512 ], [ -74.3021606, 4.8664101 ], [ -74.3020423, 4.866474 ], [ -74.3019044, 4.8664641 ], [ -74.3018453, 4.8663758 ], [ -74.3017024, 4.8663758 ], [ -74.3016531, 4.8664494 ], [ -74.3013772, 4.8665083 ], [ -74.3012541, 4.8665083 ], [ -74.3012344, 4.8664985 ], [ -74.3010816, 4.8663905 ], [ -74.3009831, 4.8663856 ], [ -74.3008994, 4.8664494 ], [ -74.3008008, 4.8665378 ], [ -74.3007417, 4.8666065 ], [ -74.3007319, 4.8667734 ], [ -74.3007663, 4.8669698 ], [ -74.300722, 4.8670925 ], [ -74.3006087, 4.8671907 ], [ -74.3004412, 4.867279 ], [ -74.3002934, 4.8673085 ], [ -74.3000717, 4.8674312 ], [ -74.2999436, 4.8675048 ], [ -74.2998155, 4.8675294 ], [ -74.2997022, 4.8677061 ], [ -74.2996086, 4.867819 ], [ -74.2994263, 4.8678975 ], [ -74.2993179, 4.8679368 ], [ -74.2993524, 4.8680301 ], [ -74.2993672, 4.8681872 ], [ -74.2993179, 4.8682461 ], [ -74.299175, 4.8683442 ], [ -74.2990765, 4.8683933 ], [ -74.2989583, 4.8684719 ], [ -74.2988203, 4.8685406 ], [ -74.2987514, 4.8685897 ], [ -74.2987169, 4.868629 ], [ -74.2986479, 4.868732 ], [ -74.2986085, 4.8688548 ], [ -74.2985444, 4.8690118 ], [ -74.2984853, 4.8690707 ], [ -74.2983572, 4.8691689 ], [ -74.2981749, 4.8692916 ], [ -74.2979976, 4.8693947 ], [ -74.297766, 4.8694487 ], [ -74.2977118, 4.869434 ], [ -74.2975887, 4.8693064 ], [ -74.2974606, 4.8691591 ], [ -74.2973473, 4.86911 ], [ -74.2972192, 4.8691051 ], [ -74.2970615, 4.8689922 ], [ -74.2968349, 4.8689628 ], [ -74.2966871, 4.8689431 ], [ -74.2962338, 4.8689186 ], [ -74.2960319, 4.8689382 ], [ -74.2958644, 4.8689382 ], [ -74.2958003, 4.8689628 ], [ -74.2957313, 4.8690069 ], [ -74.2956229, 4.8691002 ], [ -74.2956722, 4.8692475 ], [ -74.2957215, 4.8694389 ], [ -74.2956673, 4.8695322 ], [ -74.2955293, 4.8696156 ], [ -74.295485, 4.8696353 ], [ -74.2949381, 4.869812 ], [ -74.2947312, 4.8698071 ], [ -74.2945489, 4.8698463 ], [ -74.2944406, 4.8699053 ], [ -74.2943272, 4.8700083 ], [ -74.2942041, 4.8701605 ], [ -74.2941105, 4.8702685 ], [ -74.2940415, 4.8703569 ], [ -74.2939085, 4.8705385 ], [ -74.2938543, 4.8706514 ], [ -74.2938297, 4.8713828 ], [ -74.2938247, 4.871427 ], [ -74.2937459, 4.872021 ], [ -74.2937311, 4.872178 ], [ -74.2936917, 4.8724284 ], [ -74.2937065, 4.8726198 ], [ -74.2935488, 4.8728751 ], [ -74.2935242, 4.8730518 ], [ -74.2935094, 4.8730911 ], [ -74.2933271, 4.8732138 ], [ -74.2930929, 4.8732253 ], [ -74.2928407, 4.8731729 ], [ -74.2925913, 4.8730569 ], [ -74.2924417, 4.8730348 ], [ -74.292353, 4.8730431 ], [ -74.2925442, 4.8733551 ], [ -74.2926661, 4.8735871 ], [ -74.292667, 4.8737292 ], [ -74.2925635, 4.873847 ], [ -74.2925142, 4.8738961 ], [ -74.2921521, 4.8738937 ], [ -74.2920733, 4.8738299 ], [ -74.2919304, 4.8737022 ], [ -74.2918368, 4.8736139 ], [ -74.2917629, 4.8734813 ], [ -74.291694, 4.8733292 ], [ -74.2916348, 4.8731966 ], [ -74.2915412, 4.8730494 ], [ -74.2913048, 4.8730444 ], [ -74.2912456, 4.8730003 ], [ -74.2910781, 4.8729365 ], [ -74.2909008, 4.8728923 ], [ -74.2907727, 4.8728923 ], [ -74.2905707, 4.8729315 ], [ -74.2905066, 4.8729659 ], [ -74.2903983, 4.8729266 ], [ -74.2903096, 4.8728677 ], [ -74.2901224, 4.8728432 ], [ -74.289881, 4.872799 ], [ -74.2897677, 4.8728137 ], [ -74.2896199, 4.872907 ], [ -74.2895164, 4.8730248 ], [ -74.2893834, 4.8731721 ], [ -74.2893193, 4.8730837 ], [ -74.2892011, 4.8728775 ], [ -74.2891026, 4.8727499 ], [ -74.2890188, 4.8726419 ], [ -74.2889104, 4.8725339 ], [ -74.2887577, 4.8724898 ], [ -74.288669, 4.8724701 ], [ -74.2885163, 4.8724554 ], [ -74.2884769, 4.8724456 ], [ -74.2884375, 4.8723965 ], [ -74.2884325, 4.8723081 ], [ -74.2884769, 4.8722443 ], [ -74.2885508, 4.8721805 ], [ -74.2886395, 4.8721118 ], [ -74.2886542, 4.871994 ], [ -74.2886444, 4.8718958 ], [ -74.2886296, 4.8717191 ], [ -74.288605, 4.8715129 ], [ -74.2886, 4.8713804 ], [ -74.2885459, 4.8712969 ], [ -74.2884227, 4.8712724 ], [ -74.288265, 4.8712724 ], [ -74.2879891, 4.8713067 ], [ -74.287866, 4.8712527 ], [ -74.2878118, 4.8711447 ], [ -74.2877921, 4.8709533 ], [ -74.2877625, 4.8708306 ], [ -74.2877921, 4.8707275 ], [ -74.2878315, 4.8705753 ], [ -74.2878463, 4.8704477 ], [ -74.2878216, 4.8703937 ], [ -74.2877576, 4.870374 ], [ -74.2876196, 4.8703348 ], [ -74.2875063, 4.8702268 ], [ -74.2874029, 4.8701237 ], [ -74.2871713, 4.8700206 ], [ -74.2870728, 4.8700108 ], [ -74.2868314, 4.8700108 ], [ -74.286654, 4.8700059 ], [ -74.2866245, 4.8700059 ], [ -74.2866442, 4.8698832 ], [ -74.2866836, 4.8697261 ], [ -74.2867427, 4.8695886 ], [ -74.2868117, 4.8693923 ], [ -74.2869151, 4.8692057 ], [ -74.2869348, 4.8691419 ], [ -74.2871319, 4.8690879 ], [ -74.2873438, 4.8690634 ], [ -74.287531, 4.8690634 ], [ -74.2876147, 4.8689947 ], [ -74.2876295, 4.8688523 ], [ -74.2875852, 4.8687983 ], [ -74.2874768, 4.8687738 ], [ -74.2874078, 4.8687541 ], [ -74.2872896, 4.8687099 ], [ -74.2871516, 4.8686363 ], [ -74.287058, 4.8685872 ], [ -74.2869398, 4.8685038 ], [ -74.2868757, 4.8684596 ], [ -74.2868314, 4.8684252 ], [ -74.286723, 4.8683369 ], [ -74.2865998, 4.8682142 ], [ -74.2865259, 4.8681062 ], [ -74.2864865, 4.8680374 ], [ -74.2864373, 4.8679393 ], [ -74.2864422, 4.8678607 ], [ -74.286452, 4.8677576 ], [ -74.286452, 4.8676545 ], [ -74.2864373, 4.8675907 ], [ -74.2863831, 4.867522 ], [ -74.2863141, 4.8674876 ], [ -74.28625, 4.8674778 ], [ -74.286053, 4.8674975 ], [ -74.2860185, 4.8675269 ], [ -74.2859889, 4.8675858 ], [ -74.2859544, 4.8676693 ], [ -74.28592, 4.8677576 ], [ -74.2858707, 4.8679098 ], [ -74.2857919, 4.8680718 ], [ -74.2857032, 4.8681013 ], [ -74.2854963, 4.8681062 ], [ -74.2854864, 4.8680669 ], [ -74.2853977, 4.8679687 ], [ -74.285378, 4.8679638 ], [ -74.2852401, 4.8679049 ], [ -74.2851317, 4.8678902 ], [ -74.285112, 4.8678951 ], [ -74.2850085, 4.8680129 ], [ -74.28491, 4.8681062 ], [ -74.2847868, 4.8681111 ], [ -74.2847425, 4.8680816 ], [ -74.2846637, 4.8679687 ], [ -74.2845898, 4.8679294 ], [ -74.2845109, 4.8679049 ], [ -74.2844223, 4.8678951 ], [ -74.2843139, 4.8679147 ], [ -74.2841513, 4.8679883 ], [ -74.2840478, 4.8680473 ], [ -74.2840035, 4.8681013 ], [ -74.2839395, 4.868224 ], [ -74.2838557, 4.8683712 ], [ -74.283703, 4.868548 ], [ -74.2835946, 4.8687345 ], [ -74.2834419, 4.8687639 ], [ -74.2832793, 4.868759 ], [ -74.2830724, 4.8687394 ], [ -74.2830133, 4.8687296 ], [ -74.2827866, 4.868705 ], [ -74.2825748, 4.8686854 ], [ -74.2824073, 4.8687541 ], [ -74.2823826, 4.868759 ], [ -74.2821609, 4.8689014 ], [ -74.281954, 4.8691125 ], [ -74.2819294, 4.8692768 ], [ -74.2818734, 4.8692301 ], [ -74.2818714, 4.8692702 ], [ -74.2817494, 4.8693862 ], [ -74.2817053, 4.8694179 ], [ -74.2816885, 4.8694495 ], [ -74.2816738, 4.8694727 ], [ -74.2816296, 4.8695234 ], [ -74.2815897, 4.869536 ], [ -74.2815308, 4.8695445 ], [ -74.2815035, 4.8695508 ], [ -74.2814446, 4.8695825 ], [ -74.2814173, 4.8696078 ], [ -74.2813605, 4.8697175 ], [ -74.2813344, 4.8700729 ], [ -74.281348, 4.8701151 ], [ -74.2813297, 4.8702076 ], [ -74.2813233, 4.8702294 ], [ -74.2806329, 4.8692549 ], [ -74.280268, 4.8687396 ], [ -74.2801961, 4.8686402 ], [ -74.2801504, 4.868577 ], [ -74.2800508, 4.8684395 ], [ -74.2799228, 4.8682626 ], [ -74.2798741, 4.8681952 ], [ -74.2794732, 4.8676412 ], [ -74.2793107, 4.8674166 ], [ -74.279245, 4.8673258 ], [ -74.2789601, 4.8669215 ], [ -74.2788405, 4.8667493 ], [ -74.2786157, 4.866429 ], [ -74.2785516, 4.8663376 ], [ -74.2782373, 4.8658897 ], [ -74.2777038, 4.8651292 ], [ -74.2771958, 4.8644053 ], [ -74.2767682, 4.8637959 ], [ -74.2766475, 4.8636235 ], [ -74.2762663, 4.8630792 ], [ -74.2762441, 4.8630476 ], [ -74.2762371, 4.8630218 ], [ -74.2762203, 4.86296 ], [ -74.2761298, 4.8628203 ], [ -74.2759517, 4.8625769 ], [ -74.2763159, 4.862547 ], [ -74.2760907, 4.8619326 ], [ -74.2758336, 4.8614265 ], [ -74.2754716, 4.8609568 ], [ -74.275003, 4.8605801 ], [ -74.2746773, 4.8603915 ], [ -74.2738834, 4.8596233 ], [ -74.2732636, 4.8589822 ], [ -74.2732592, 4.8589734 ], [ -74.2732425, 4.8589242 ], [ -74.2731709, 4.8587089 ], [ -74.2730915, 4.8585099 ], [ -74.2730908, 4.8585089 ], [ -74.2729185, 4.8575802 ], [ -74.2729132, 4.8572365 ], [ -74.2729238, 4.8568189 ], [ -74.2729396, 4.8564277 ], [ -74.2729502, 4.8560418 ], [ -74.272929, 4.855862 ], [ -74.2728286, 4.8554867 ], [ -74.2728127, 4.8551748 ], [ -74.272781, 4.8545457 ], [ -74.2727355, 4.8542482 ], [ -74.2727017, 4.8541228 ], [ -74.2725431, 4.8538214 ], [ -74.2723166, 4.8535131 ], [ -74.2715667, 4.8525114 ], [ -74.2713605, 4.8523158 ], [ -74.2712283, 4.8521413 ], [ -74.2711649, 4.8520144 ], [ -74.2711332, 4.8519034 ], [ -74.2711332, 4.8517818 ], [ -74.2711702, 4.8515651 ], [ -74.271175, 4.851469 ], [ -74.2711385, 4.8512902 ], [ -74.2710486, 4.8510734 ], [ -74.27089, 4.8507668 ], [ -74.2707367, 4.8506135 ], [ -74.2704565, 4.850439 ], [ -74.2700759, 4.8501166 ], [ -74.2698856, 4.8499262 ], [ -74.26969, 4.8497042 ], [ -74.2695155, 4.8494134 ], [ -74.2692723, 4.8490857 ], [ -74.2690344, 4.8489112 ], [ -74.2685481, 4.8484619 ], [ -74.2682626, 4.8480971 ], [ -74.2681093, 4.8478856 ], [ -74.267993, 4.8475209 ], [ -74.2679348, 4.8471614 ], [ -74.2678873, 4.8467807 ], [ -74.2678873, 4.8465429 ], [ -74.267845, 4.8462944 ], [ -74.2677657, 4.8460935 ], [ -74.2676441, 4.845845 ], [ -74.2675701, 4.845697 ], [ -74.2675225, 4.8454908 ], [ -74.2674485, 4.8451895 ], [ -74.2673639, 4.8448882 ], [ -74.2673269, 4.8446926 ], [ -74.2672793, 4.8443912 ], [ -74.2672053, 4.843963 ], [ -74.267126, 4.843778 ], [ -74.2669568, 4.8435983 ], [ -74.2667718, 4.8434978 ], [ -74.2665233, 4.8433868 ], [ -74.2663013, 4.8432493 ], [ -74.2661797, 4.8431383 ], [ -74.2660581, 4.8429956 ], [ -74.266, 4.8428053 ], [ -74.2659947, 4.8426308 ], [ -74.2660422, 4.8424352 ], [ -74.2661321, 4.8422978 ], [ -74.2662114, 4.8421603 ], [ -74.2662273, 4.8420546 ], [ -74.2662379, 4.841859 ], [ -74.2662749, 4.8418061 ], [ -74.2662801, 4.8416845 ], [ -74.2662801, 4.8415788 ], [ -74.266259, 4.8414413 ], [ -74.2662061, 4.8412933 ], [ -74.2661797, 4.8411823 ], [ -74.2661797, 4.8410819 ], [ -74.2661797, 4.8409656 ], [ -74.2662273, 4.8408228 ], [ -74.2662696, 4.8407329 ], [ -74.2663277, 4.8405585 ], [ -74.2663383, 4.8404422 ], [ -74.2663489, 4.8402677 ], [ -74.2663806, 4.8400721 ], [ -74.2663912, 4.839866 ], [ -74.266407, 4.8396968 ], [ -74.2663806, 4.8394906 ], [ -74.2663224, 4.8392686 ], [ -74.2662643, 4.8390624 ], [ -74.266148, 4.8388404 ], [ -74.266111, 4.8387452 ], [ -74.2660951, 4.8386448 ], [ -74.2661163, 4.8385179 ], [ -74.266185, 4.8383646 ], [ -74.2661956, 4.8382588 ], [ -74.2661638, 4.8380104 ], [ -74.2661057, 4.8377672 ], [ -74.266074, 4.8376033 ], [ -74.266074, 4.8374659 ], [ -74.266111, 4.8372808 ], [ -74.2661215, 4.8371698 ], [ -74.2661163, 4.8371011 ], [ -74.2660793, 4.8370112 ], [ -74.265963, 4.8369108 ], [ -74.2658995, 4.8368632 ], [ -74.2658466, 4.836805 ], [ -74.2658308, 4.836731 ], [ -74.2658361, 4.8366517 ], [ -74.2658889, 4.8365724 ], [ -74.2659418, 4.8364879 ], [ -74.2659418, 4.8364138 ], [ -74.2658995, 4.8363081 ], [ -74.2657726, 4.8362341 ], [ -74.2656669, 4.8361389 ], [ -74.2655982, 4.8360491 ], [ -74.2655929, 4.8359962 ], [ -74.2655876, 4.835864 ], [ -74.2656563, 4.8356949 ], [ -74.2657621, 4.8355151 ], [ -74.2657885, 4.8353988 ], [ -74.2657885, 4.8352349 ], [ -74.2657356, 4.8351028 ], [ -74.2656722, 4.8350605 ], [ -74.2656299, 4.8350023 ], [ -74.2656246, 4.8349548 ], [ -74.2656246, 4.8348543 ], [ -74.2656088, 4.834775 ], [ -74.2654925, 4.8346746 ], [ -74.2653867, 4.8345688 ], [ -74.265318, 4.8344843 ], [ -74.265281, 4.8343891 ], [ -74.2652757, 4.8341988 ], [ -74.2652704, 4.8339292 ], [ -74.2651858, 4.8337071 ], [ -74.2651012, 4.8335644 ], [ -74.2650484, 4.8334798 ], [ -74.2650378, 4.8334005 ], [ -74.2650378, 4.8332472 ], [ -74.2650642, 4.833152 ], [ -74.2651065, 4.8330146 ], [ -74.2651435, 4.8329194 ], [ -74.2651911, 4.8328296 ], [ -74.2651911, 4.8327344 ], [ -74.2651594, 4.8325811 ], [ -74.2650907, 4.8324595 ], [ -74.2650801, 4.8323591 ], [ -74.2650907, 4.8322428 ], [ -74.265133, 4.8321159 ], [ -74.2651541, 4.831989 ], [ -74.2651435, 4.8318886 ], [ -74.2650748, 4.8317458 ], [ -74.2649691, 4.8315608 ], [ -74.2648898, 4.8314181 ], [ -74.2648316, 4.831233 ], [ -74.2648369, 4.8310586 ], [ -74.2648475, 4.8307202 ], [ -74.2648686, 4.8305511 ], [ -74.2648739, 4.8303449 ], [ -74.2648634, 4.830218 ], [ -74.2647788, 4.8301229 ], [ -74.264599, 4.8299325 ], [ -74.2644986, 4.8298057 ], [ -74.2644034, 4.8295731 ], [ -74.2642977, 4.8293722 ], [ -74.2642131, 4.8292294 ], [ -74.2641655, 4.8291026 ], [ -74.2641338, 4.8288911 ], [ -74.2640704, 4.8286743 ], [ -74.2639276, 4.8284576 ], [ -74.2638008, 4.8283096 ], [ -74.2636792, 4.828225 ], [ -74.2635206, 4.828188 ], [ -74.2634043, 4.828188 ], [ -74.2632404, 4.828188 ], [ -74.2631505, 4.8281563 ], [ -74.2630501, 4.8280505 ], [ -74.2629232, 4.8278444 ], [ -74.2628125, 4.8277659 ], [ -74.262813, 4.8277625 ], [ -74.2628154, 4.8277489 ], [ -74.262818, 4.8277354 ], [ -74.2628209, 4.8277219 ], [ -74.262824, 4.8277085 ], [ -74.2628273, 4.8276951 ], [ -74.2628309, 4.8276818 ], [ -74.2628347, 4.8276686 ], [ -74.2628387, 4.8276554 ], [ -74.262843, 4.8276423 ], [ -74.2628475, 4.8276293 ], [ -74.2628522, 4.8276163 ], [ -74.2628571, 4.8276035 ], [ -74.2628623, 4.8275907 ], [ -74.2628677, 4.827578 ], [ -74.2628733, 4.8275654 ], [ -74.2628791, 4.8275529 ], [ -74.2628852, 4.8275406 ], [ -74.2628914, 4.8275283 ], [ -74.2628979, 4.8275161 ], [ -74.2629046, 4.8275041 ], [ -74.2629115, 4.8274921 ], [ -74.2629186, 4.8274803 ], [ -74.2629259, 4.8274686 ], [ -74.2629334, 4.827457 ], [ -74.2629411, 4.8274456 ], [ -74.262949, 4.8274343 ], [ -74.2629571, 4.8274231 ], [ -74.2629654, 4.8274121 ], [ -74.2629739, 4.8274013 ], [ -74.2629825, 4.8273905 ], [ -74.2629914, 4.82738 ], [ -74.2630004, 4.8273695 ], [ -74.2630097, 4.8273593 ], [ -74.2630191, 4.8273492 ], [ -74.2630286, 4.8273393 ], [ -74.2630384, 4.8273295 ], [ -74.2630483, 4.8273199 ], [ -74.2630584, 4.8273105 ], [ -74.2630686, 4.8273012 ], [ -74.263079, 4.8272922 ], [ -74.2630896, 4.8272833 ], [ -74.2631003, 4.8272746 ], [ -74.2631112, 4.8272661 ], [ -74.2631222, 4.8272577 ], [ -74.2631333, 4.8272496 ], [ -74.2631446, 4.8272417 ], [ -74.2631561, 4.8272339 ], [ -74.2631676, 4.8272264 ], [ -74.2631793, 4.8272191 ], [ -74.2631912, 4.8272119 ], [ -74.2632031, 4.827205 ], [ -74.2632152, 4.8271983 ], [ -74.2632273, 4.8271918 ], [ -74.2632396, 4.8271855 ], [ -74.263252, 4.8271794 ], [ -74.2632645, 4.8271735 ], [ -74.2632771, 4.8271678 ], [ -74.2632898, 4.8271624 ], [ -74.2633026, 4.8271572 ], [ -74.2633155, 4.8271522 ], [ -74.2633285, 4.8271474 ], [ -74.2633415, 4.8271429 ], [ -74.2633547, 4.8271386 ], [ -74.2633679, 4.8271345 ], [ -74.263387, 4.8271283 ], [ -74.2634063, 4.8271225 ], [ -74.2634256, 4.827117 ], [ -74.2634451, 4.8271119 ], [ -74.2634646, 4.827107 ], [ -74.2634843, 4.8271026 ], [ -74.2635039, 4.8270984 ], [ -74.2635237, 4.8270946 ], [ -74.2635435, 4.8270911 ], [ -74.2635634, 4.827088 ], [ -74.2635834, 4.8270852 ], [ -74.2636033, 4.8270828 ], [ -74.2636234, 4.8270807 ], [ -74.2636434, 4.827079 ], [ -74.2636635, 4.8270776 ], [ -74.2636836, 4.8270765 ], [ -74.2637037, 4.8270758 ], [ -74.2637238, 4.8270755 ], [ -74.263744, 4.8270755 ], [ -74.2637641, 4.8270758 ], [ -74.2637842, 4.8270765 ], [ -74.2638043, 4.8270775 ], [ -74.2638244, 4.8270789 ], [ -74.2638445, 4.8270806 ], [ -74.2638645, 4.8270827 ], [ -74.2638845, 4.8270851 ], [ -74.2639044, 4.8270878 ], [ -74.2639243, 4.8270909 ], [ -74.2639441, 4.8270944 ], [ -74.2639639, 4.8270982 ], [ -74.2639836, 4.8271023 ], [ -74.2640032, 4.8271067 ], [ -74.2640228, 4.8271115 ], [ -74.2640422, 4.8271167 ], [ -74.2640616, 4.8271221 ], [ -74.2640809, 4.827128 ], [ -74.2641, 4.8271341 ], [ -74.2641191, 4.8271405 ], [ -74.264138, 4.8271473 ], [ -74.2641568, 4.8271545 ], [ -74.2641755, 4.8271619 ], [ -74.2641941, 4.8271697 ], [ -74.2642125, 4.8271777 ], [ -74.2642308, 4.8271861 ], [ -74.2642489, 4.8271948 ], [ -74.2642669, 4.8272039 ], [ -74.2642847, 4.8272132 ], [ -74.2643024, 4.8272228 ], [ -74.2643199, 4.8272328 ], [ -74.2643372, 4.827243 ], [ -74.2643543, 4.8272535 ], [ -74.2643713, 4.8272644 ], [ -74.264388, 4.8272755 ], [ -74.2644046, 4.8272869 ], [ -74.2644209, 4.8272986 ], [ -74.2644371, 4.8273106 ], [ -74.264453, 4.8273228 ], [ -74.2644687, 4.8273353 ], [ -74.2644842, 4.8273481 ], [ -74.2644995, 4.8273612 ], [ -74.2645146, 4.8273745 ], [ -74.2645294, 4.8273881 ], [ -74.264544, 4.8274019 ], [ -74.2645583, 4.827416 ], [ -74.26457, 4.8274151 ], [ -74.2645817, 4.827414 ], [ -74.2645934, 4.8274128 ], [ -74.2646051, 4.8274113 ], [ -74.2646167, 4.8274096 ], [ -74.2646283, 4.8274078 ], [ -74.2646398, 4.8274057 ], [ -74.2646514, 4.8274034 ], [ -74.2646628, 4.827401 ], [ -74.2646743, 4.8273983 ], [ -74.2646857, 4.8273954 ], [ -74.264697, 4.8273923 ], [ -74.2647083, 4.8273891 ], [ -74.2647195, 4.8273856 ], [ -74.2647307, 4.827382 ], [ -74.2647418, 4.8273781 ], [ -74.2647528, 4.8273741 ], [ -74.2647637, 4.8273699 ], [ -74.2647746, 4.8273655 ], [ -74.2647854, 4.8273609 ], [ -74.2647961, 4.8273561 ], [ -74.2648068, 4.8273511 ], [ -74.2648173, 4.8273459 ], [ -74.2648277, 4.8273406 ], [ -74.2648381, 4.8273351 ], [ -74.2648484, 4.8273294 ], [ -74.2648585, 4.8273235 ], [ -74.2648686, 4.8273175 ], [ -74.2648785, 4.8273112 ], [ -74.2648884, 4.8273048 ], [ -74.2648981, 4.8272983 ], [ -74.2649077, 4.8272915 ], [ -74.2649172, 4.8272846 ], [ -74.2649265, 4.8272776 ], [ -74.2649358, 4.8272704 ], [ -74.2649449, 4.827263 ], [ -74.2649539, 4.8272554 ], [ -74.2649627, 4.8272477 ], [ -74.2649714, 4.8272399 ], [ -74.26498, 4.8272319 ], [ -74.2649885, 4.8272238 ], [ -74.2649967, 4.8272155 ], [ -74.2650049, 4.827207 ], [ -74.2650129, 4.8271985 ], [ -74.2650207, 4.8271898 ], [ -74.2650284, 4.8271809 ], [ -74.265036, 4.827172 ], [ -74.2650434, 4.8271629 ], [ -74.2650506, 4.8271536 ], [ -74.2650576, 4.8271443 ], [ -74.2650645, 4.8271348 ], [ -74.2650713, 4.8271252 ], [ -74.2650778, 4.8271155 ], [ -74.2650842, 4.8271057 ], [ -74.2650904, 4.8270957 ], [ -74.2650965, 4.8270857 ], [ -74.2651023, 4.8270756 ], [ -74.265108, 4.8270653 ], [ -74.2651135, 4.827055 ], [ -74.2651189, 4.8270446 ], [ -74.265124, 4.827034 ], [ -74.265129, 4.8270234 ], [ -74.2651337, 4.8270127 ], [ -74.2651383, 4.827002 ], [ -74.2651427, 4.8269911 ], [ -74.2651469, 4.8269802 ], [ -74.2651509, 4.8269692 ], [ -74.2651548, 4.8269581 ], [ -74.2651584, 4.826947 ], [ -74.2651618, 4.8269358 ], [ -74.2651651, 4.8269246 ], [ -74.2651681, 4.8269133 ], [ -74.265171, 4.8269019 ], [ -74.2651736, 4.8268905 ], [ -74.265176, 4.8268791 ], [ -74.2651783, 4.8268676 ], [ -74.2651803, 4.826856 ], [ -74.2651822, 4.8268445 ], [ -74.2651838, 4.8268329 ], [ -74.2651637, 4.8267746 ], [ -74.2651446, 4.8267159 ], [ -74.2651265, 4.8266569 ], [ -74.2651095, 4.8265976 ], [ -74.2650934, 4.826538 ], [ -74.2650784, 4.8264782 ], [ -74.2650644, 4.8264181 ], [ -74.2650515, 4.8263578 ], [ -74.2650395, 4.8262972 ], [ -74.2650287, 4.8262365 ], [ -74.2650189, 4.8261756 ], [ -74.2650101, 4.8261146 ], [ -74.2650024, 4.8260534 ], [ -74.2649957, 4.825992 ], [ -74.2649901, 4.8259306 ], [ -74.2649855, 4.8258691 ], [ -74.264982, 4.8258075 ], [ -74.2615854, 4.8195867 ], [ -74.2615777, 4.8192197 ], [ -74.2615753, 4.8188527 ], [ -74.2615781, 4.8184857 ], [ -74.2615757, 4.818475 ], [ -74.2615735, 4.8184643 ], [ -74.2615714, 4.8184536 ], [ -74.2615695, 4.8184428 ], [ -74.2615678, 4.818432 ], [ -74.2615664, 4.8184212 ], [ -74.261565, 4.8184103 ], [ -74.2615639, 4.8183994 ], [ -74.261563, 4.8183885 ], [ -74.2615623, 4.8183776 ], [ -74.2615617, 4.8183667 ], [ -74.2615613, 4.8183557 ], [ -74.2615612, 4.8183448 ], [ -74.2615612, 4.8183339 ], [ -74.2615614, 4.8183229 ], [ -74.2615618, 4.818312 ], [ -74.2615624, 4.8183011 ], [ -74.2615632, 4.8182902 ], [ -74.2615641, 4.8182793 ], [ -74.2615653, 4.8182684 ], [ -74.2615666, 4.8182575 ], [ -74.2615682, 4.8182467 ], [ -74.2615699, 4.8182359 ], [ -74.2615718, 4.8182251 ], [ -74.2615739, 4.8182144 ], [ -74.2615762, 4.8182037 ], [ -74.2615786, 4.818193 ], [ -74.2615813, 4.8181824 ], [ -74.2615841, 4.8181719 ], [ -74.2615871, 4.8181613 ], [ -74.2615903, 4.8181509 ], [ -74.2615937, 4.8181405 ], [ -74.2615972, 4.8181301 ], [ -74.261601, 4.8181198 ], [ -74.2616049, 4.8181096 ], [ -74.261609, 4.8180995 ], [ -74.2616132, 4.8180894 ], [ -74.2616177, 4.8180794 ], [ -74.2616223, 4.8180695 ], [ -74.2616271, 4.8180596 ], [ -74.261632, 4.8180498 ], [ -74.2616372, 4.8180402 ], [ -74.2616425, 4.8180306 ], [ -74.2616479, 4.8180211 ], [ -74.2616535, 4.8180117 ], [ -74.2616593, 4.8180024 ], [ -74.2616653, 4.8179932 ], [ -74.2616714, 4.8179841 ], [ -74.2616776, 4.8179751 ], [ -74.261684, 4.8179662 ], [ -74.2616906, 4.8179575 ], [ -74.2616973, 4.8179488 ], [ -74.2617042, 4.8179403 ], [ -74.2617112, 4.8179319 ], [ -74.2617183, 4.8179236 ], [ -74.2617256, 4.8179154 ], [ -74.2617331, 4.8179074 ], [ -74.2617407, 4.8178995 ], [ -74.2617484, 4.8178917 ], [ -74.2617562, 4.817884 ], [ -74.2617642, 4.8178765 ], [ -74.2617723, 4.8178691 ], [ -74.2617805, 4.8178619 ], [ -74.2617889, 4.8178548 ], [ -74.2617974, 4.8178479 ], [ -74.261806, 4.8178411 ], [ -74.2618147, 4.8178344 ], [ -74.2618235, 4.8178279 ], [ -74.2618325, 4.8178216 ], [ -74.2618415, 4.8178154 ], [ -74.2618507, 4.8178094 ], [ -74.2618599, 4.8178035 ], [ -74.2618693, 4.8177978 ], [ -74.2618788, 4.8177922 ], [ -74.2618883, 4.8177869 ], [ -74.261898, 4.8177816 ], [ -74.2619077, 4.8177766 ], [ -74.2619175, 4.8177717 ], [ -74.2619274, 4.817767 ], [ -74.2619374, 4.8177624 ], [ -74.2619475, 4.8177581 ], [ -74.2619576, 4.8177539 ], [ -74.2619678, 4.8177498 ], [ -74.2619781, 4.817746 ], [ -74.2619884, 4.8177423 ], [ -74.2619988, 4.8177388 ], [ -74.2620093, 4.8177355 ], [ -74.2620198, 4.8177324 ], [ -74.2620304, 4.8177294 ], [ -74.262041, 4.8177267 ], [ -74.2620517, 4.8177241 ], [ -74.2620624, 4.8177217 ], [ -74.2620756, 4.817722 ], [ -74.2620889, 4.817722 ], [ -74.2621022, 4.8177219 ], [ -74.2621155, 4.8177215 ], [ -74.2621287, 4.8177209 ], [ -74.262142, 4.81772 ], [ -74.2621552, 4.817719 ], [ -74.2621684, 4.8177177 ], [ -74.2621816, 4.8177161 ], [ -74.2621948, 4.8177144 ], [ -74.2622079, 4.8177124 ], [ -74.262221, 4.8177101 ], [ -74.262234, 4.8177077 ], [ -74.262247, 4.817705 ], [ -74.26226, 4.8177021 ], [ -74.2622729, 4.817699 ], [ -74.2622857, 4.8176957 ], [ -74.2622985, 4.8176921 ], [ -74.2623112, 4.8176883 ], [ -74.2623239, 4.8176843 ], [ -74.2623364, 4.8176801 ], [ -74.2623489, 4.8176757 ], [ -74.2623614, 4.817671 ], [ -74.2623737, 4.8176661 ], [ -74.262386, 4.817661 ], [ -74.2623981, 4.8176557 ], [ -74.2624102, 4.8176502 ], [ -74.2624222, 4.8176445 ], [ -74.262434, 4.8176386 ], [ -74.2624458, 4.8176325 ], [ -74.2624575, 4.8176261 ], [ -74.262469, 4.8176196 ], [ -74.2624804, 4.8176129 ], [ -74.2624917, 4.817606 ], [ -74.2625029, 4.8175988 ], [ -74.262514, 4.8175915 ], [ -74.2625249, 4.817584 ], [ -74.2625357, 4.8175763 ], [ -74.2625464, 4.8175684 ], [ -74.2625569, 4.8175604 ], [ -74.2625673, 4.8175521 ], [ -74.2625775, 4.8175437 ], [ -74.2625876, 4.8175351 ], [ -74.2625975, 4.8175263 ], [ -74.2626073, 4.8175174 ], [ -74.262617, 4.8175083 ], [ -74.2626264, 4.817499 ], [ -74.2626357, 4.8174896 ], [ -74.2626448, 4.81748 ], [ -74.2626538, 4.8174702 ], [ -74.2626626, 4.8174603 ], [ -74.2626712, 4.8174502 ], [ -74.2626797, 4.81744 ], [ -74.2626879, 4.8174297 ], [ -74.262696, 4.8174192 ], [ -74.2627039, 4.8174086 ], [ -74.2627116, 4.8173978 ], [ -74.2627191, 4.8173869 ], [ -74.2627265, 4.8173759 ], [ -74.2627336, 4.8173647 ], [ -74.2627405, 4.8173534 ], [ -74.2627473, 4.817342 ], [ -74.2627538, 4.8173305 ], [ -74.2627602, 4.8173189 ], [ -74.2627663, 4.8173072 ], [ -74.2627722, 4.8172953 ], [ -74.2627779, 4.8172834 ], [ -74.2627835, 4.8172714 ], [ -74.2627888, 4.8172592 ], [ -74.2628161, 4.8172551 ], [ -74.2628435, 4.8172514 ], [ -74.2628709, 4.8172482 ], [ -74.2628984, 4.8172454 ], [ -74.262926, 4.8172431 ], [ -74.2629536, 4.8172413 ], [ -74.2629812, 4.81724 ], [ -74.2630088, 4.8172392 ], [ -74.2630365, 4.8172388 ], [ -74.2630641, 4.8172389 ], [ -74.2630918, 4.8172395 ], [ -74.2631194, 4.8172405 ], [ -74.263147, 4.817242 ], [ -74.2631746, 4.817244 ], [ -74.2632021, 4.8172465 ], [ -74.2632296, 4.8172495 ], [ -74.263257, 4.8172529 ], [ -74.2632844, 4.8172568 ], [ -74.2633117, 4.8172611 ], [ -74.2633389, 4.817266 ], [ -74.263366, 4.8172712 ], [ -74.2633931, 4.817277 ], [ -74.26342, 4.8172832 ], [ -74.2634468, 4.8172899 ], [ -74.2634735, 4.8172971 ], [ -74.2635001, 4.8173047 ], [ -74.2635265, 4.8173127 ], [ -74.2635528, 4.8173212 ], [ -74.2635789, 4.8173302 ], [ -74.2636049, 4.8173396 ], [ -74.2636307, 4.8173495 ], [ -74.2636564, 4.8173598 ], [ -74.2636723, 4.8173475 ], [ -74.263688, 4.8173349 ], [ -74.2637034, 4.817322 ], [ -74.2637187, 4.8173089 ], [ -74.2637337, 4.8172956 ], [ -74.2637485, 4.817282 ], [ -74.263763, 4.8172681 ], [ -74.2637774, 4.817254 ], [ -74.2637914, 4.8172396 ], [ -74.2638053, 4.817225 ], [ -74.2638188, 4.8172102 ], [ -74.2638321, 4.8171952 ], [ -74.2638452, 4.8171799 ], [ -74.263858, 4.8171644 ], [ -74.2638705, 4.8171487 ], [ -74.2638828, 4.8171328 ], [ -74.2638947, 4.8171167 ], [ -74.2639065, 4.8171003 ], [ -74.2639179, 4.8170838 ], [ -74.263929, 4.8170671 ], [ -74.2639399, 4.8170502 ], [ -74.2639504, 4.8170331 ], [ -74.2639607, 4.8170158 ], [ -74.2639706, 4.8169984 ], [ -74.2639803, 4.8169808 ], [ -74.2639897, 4.8169631 ], [ -74.2639987, 4.8169451 ], [ -74.2640075, 4.8169271 ], [ -74.2640159, 4.8169089 ], [ -74.2640241, 4.8168905 ], [ -74.2640319, 4.816872 ], [ -74.2640394, 4.8168534 ], [ -74.2640465, 4.8168346 ], [ -74.2640534, 4.8168158 ], [ -74.2640599, 4.8167968 ], [ -74.2640924, 4.8167812 ], [ -74.2641251, 4.8167662 ], [ -74.264158, 4.8167518 ], [ -74.2641912, 4.8167379 ], [ -74.2642246, 4.8167245 ], [ -74.2642583, 4.8167117 ], [ -74.2642921, 4.8166995 ], [ -74.2643262, 4.8166879 ], [ -74.2643604, 4.8166768 ], [ -74.2643948, 4.8166664 ], [ -74.2644294, 4.8166565 ], [ -74.2644642, 4.8166472 ], [ -74.2644991, 4.8166384 ], [ -74.2645342, 4.8166303 ], [ -74.2645694, 4.8166228 ], [ -74.2646047, 4.8166158 ], [ -74.264712, 4.8164988 ], [ -74.2648211, 4.8163835 ], [ -74.2649318, 4.8162697 ], [ -74.2650443, 4.8161577 ], [ -74.2651584, 4.8160473 ], [ -74.2652742, 4.8159386 ], [ -74.2653916, 4.8158317 ], [ -74.2653997, 4.815824 ], [ -74.2654077, 4.8158162 ], [ -74.2654155, 4.8158082 ], [ -74.2654231, 4.8158001 ], [ -74.2654307, 4.8157919 ], [ -74.265438, 4.8157836 ], [ -74.2654453, 4.8157751 ], [ -74.2654524, 4.8157665 ], [ -74.2654593, 4.8157578 ], [ -74.2654661, 4.8157489 ], [ -74.2654727, 4.8157399 ], [ -74.2654792, 4.8157309 ], [ -74.2654855, 4.8157217 ], [ -74.2654917, 4.8157124 ], [ -74.2654976, 4.815703 ], [ -74.2655035, 4.8156935 ], [ -74.2655091, 4.8156839 ], [ -74.2655146, 4.8156742 ], [ -74.2655199, 4.8156644 ], [ -74.2655251, 4.8156545 ], [ -74.2655301, 4.8156446 ], [ -74.2655349, 4.8156345 ], [ -74.2655395, 4.8156244 ], [ -74.265544, 4.8156142 ], [ -74.2655482, 4.8156039 ], [ -74.2655523, 4.8155935 ], [ -74.2655562, 4.8155831 ], [ -74.26556, 4.8155726 ], [ -74.2655635, 4.8155621 ], [ -74.2655669, 4.8155514 ], [ -74.26557, 4.8155408 ], [ -74.265573, 4.81553 ], [ -74.2655758, 4.8155193 ], [ -74.2655784, 4.8155084 ], [ -74.2655809, 4.8154976 ], [ -74.2655831, 4.8154867 ], [ -74.2655852, 4.8154757 ], [ -74.265587, 4.8154648 ], [ -74.2655887, 4.8154537 ], [ -74.2655901, 4.8154427 ], [ -74.2655914, 4.8154317 ], [ -74.2655925, 4.8154206 ], [ -74.2655934, 4.8154095 ], [ -74.2655822, 4.8153969 ], [ -74.2655712, 4.8153842 ], [ -74.2655604, 4.8153713 ], [ -74.2655498, 4.8153582 ], [ -74.2655395, 4.8153449 ], [ -74.2655294, 4.8153315 ], [ -74.2655196, 4.8153179 ], [ -74.2655099, 4.8153041 ], [ -74.2655006, 4.8152901 ], [ -74.2654914, 4.815276 ], [ -74.2654825, 4.8152617 ], [ -74.2654739, 4.8152473 ], [ -74.2654655, 4.8152327 ], [ -74.2654574, 4.815218 ], [ -74.2654495, 4.8152032 ], [ -74.2654419, 4.8151882 ], [ -74.2654345, 4.8151731 ], [ -74.2654274, 4.8151579 ], [ -74.2654206, 4.8151425 ], [ -74.265414, 4.815127 ], [ -74.2654077, 4.8151114 ], [ -74.2654017, 4.8150958 ], [ -74.2653959, 4.81508 ], [ -74.2653904, 4.8150641 ], [ -74.2653852, 4.8150481 ], [ -74.2653803, 4.8150321 ], [ -74.2653756, 4.8150159 ], [ -74.2653713, 4.8149997 ], [ -74.2653672, 4.8149834 ], [ -74.2653634, 4.814967 ], [ -74.2653599, 4.8149506 ], [ -74.2653566, 4.8149341 ], [ -74.2653537, 4.8149176 ], [ -74.265351, 4.814901 ], [ -74.2653487, 4.8148844 ], [ -74.2653466, 4.8148677 ], [ -74.2653448, 4.814851 ], [ -74.2653433, 4.8148343 ], [ -74.2653421, 4.8148175 ], [ -74.2653411, 4.8148007 ], [ -74.2653405, 4.8147839 ], [ -74.2653402, 4.8147671 ], [ -74.2653401, 4.8147504 ], [ -74.2653404, 4.8147336 ], [ -74.2653409, 4.8147168 ], [ -74.2653417, 4.8147 ], [ -74.2653428, 4.8146832 ], [ -74.2653442, 4.8146665 ], [ -74.2653459, 4.8146498 ], [ -74.2653479, 4.8146331 ], [ -74.2653502, 4.8146165 ], [ -74.2653527, 4.8145999 ], [ -74.2653556, 4.8145833 ], [ -74.2653587, 4.8145668 ], [ -74.2653621, 4.8145503 ], [ -74.2653658, 4.814534 ], [ -74.2653698, 4.8145176 ], [ -74.2653741, 4.8145014 ], [ -74.2653786, 4.8144852 ], [ -74.2653835, 4.8144691 ], [ -74.2653886, 4.8144531 ], [ -74.265394, 4.8144372 ], [ -74.2653996, 4.8144214 ], [ -74.2654056, 4.8144057 ], [ -74.2654118, 4.81439 ], [ -74.2654182, 4.8143745 ], [ -74.265425, 4.8143591 ], [ -74.265432, 4.8143439 ], [ -74.2654463, 4.8142907 ], [ -74.2654597, 4.8142373 ], [ -74.2654722, 4.8141837 ], [ -74.2654838, 4.8141299 ], [ -74.2654945, 4.8140759 ], [ -74.2655044, 4.8140217 ], [ -74.2655133, 4.8139674 ], [ -74.2655214, 4.8139129 ], [ -74.2655285, 4.8138583 ], [ -74.2655348, 4.8138036 ], [ -74.2655401, 4.8137489 ], [ -74.2655445, 4.813694 ], [ -74.2655481, 4.8136391 ], [ -74.2655507, 4.8135841 ], [ -74.2655524, 4.8135291 ], [ -74.2655532, 4.813474 ], [ -74.2655531, 4.813419 ], [ -74.2655364, 4.8133779 ], [ -74.2655191, 4.8133372 ], [ -74.265501, 4.8132968 ], [ -74.2654823, 4.8132567 ], [ -74.2654628, 4.8132169 ], [ -74.2654427, 4.8131775 ], [ -74.2654219, 4.8131384 ], [ -74.2654004, 4.8130997 ], [ -74.2653782, 4.8130614 ], [ -74.2653553, 4.8130235 ], [ -74.2653318, 4.8129859 ], [ -74.2653077, 4.8129488 ], [ -74.2652829, 4.8129121 ], [ -74.2652575, 4.8128758 ], [ -74.2652314, 4.81284 ], [ -74.2652047, 4.8128047 ], [ -74.2651774, 4.8127698 ], [ -74.2651495, 4.8127354 ], [ -74.2651287, 4.8127414 ], [ -74.2651078, 4.8127471 ], [ -74.2650867, 4.8127525 ], [ -74.2650656, 4.8127575 ], [ -74.2650444, 4.8127621 ], [ -74.2650232, 4.8127663 ], [ -74.2650018, 4.8127702 ], [ -74.2649804, 4.8127737 ], [ -74.264959, 4.8127769 ], [ -74.2649375, 4.8127797 ], [ -74.2649159, 4.8127821 ], [ -74.2648943, 4.8127841 ], [ -74.2648727, 4.8127858 ], [ -74.264851, 4.8127871 ], [ -74.2648294, 4.812788 ], [ -74.2648077, 4.8127886 ], [ -74.264786, 4.8127888 ], [ -74.2647643, 4.8127886 ], [ -74.2647426, 4.812788 ], [ -74.2647209, 4.812787 ], [ -74.2646993, 4.8127857 ], [ -74.2646777, 4.812784 ], [ -74.2646561, 4.812782 ], [ -74.2646345, 4.8127796 ], [ -74.264613, 4.8127768 ], [ -74.2645916, 4.8127736 ], [ -74.2645702, 4.81277 ], [ -74.2645488, 4.8127661 ], [ -74.2645276, 4.8127619 ], [ -74.2645064, 4.8127572 ], [ -74.2644853, 4.8127522 ], [ -74.2644643, 4.8127469 ], [ -74.2644433, 4.8127411 ], [ -74.2644225, 4.8127351 ], [ -74.2644018, 4.8127286 ], [ -74.2643812, 4.8127218 ], [ -74.2643608, 4.8127147 ], [ -74.2643404, 4.8127072 ], [ -74.2643202, 4.8126993 ], [ -74.2643001, 4.8126911 ], [ -74.2642802, 4.8126826 ], [ -74.2642604, 4.8126737 ], [ -74.2642408, 4.8126645 ], [ -74.2642213, 4.8126549 ], [ -74.2642103, 4.8126515 ], [ -74.2641994, 4.8126479 ], [ -74.2641885, 4.8126441 ], [ -74.2641777, 4.8126401 ], [ -74.264167, 4.812636 ], [ -74.2641563, 4.8126316 ], [ -74.2641457, 4.8126271 ], [ -74.2641352, 4.8126224 ], [ -74.2641248, 4.8126175 ], [ -74.2641145, 4.8126124 ], [ -74.2641042, 4.8126071 ], [ -74.2640941, 4.8126017 ], [ -74.264084, 4.8125961 ], [ -74.2640741, 4.8125903 ], [ -74.2640642, 4.8125844 ], [ -74.2640545, 4.8125783 ], [ -74.2640448, 4.812572 ], [ -74.2640353, 4.8125656 ], [ -74.2640259, 4.8125589 ], [ -74.2640166, 4.8125522 ], [ -74.2640074, 4.8125453 ], [ -74.2639983, 4.8125382 ], [ -74.2639894, 4.8125309 ], [ -74.2639805, 4.8125235 ], [ -74.2639719, 4.812516 ], [ -74.2639633, 4.8125083 ], [ -74.2639549, 4.8125005 ], [ -74.2639466, 4.8124925 ], [ -74.2639385, 4.8124843 ], [ -74.2639305, 4.8124761 ], [ -74.2639226, 4.8124677 ], [ -74.2639149, 4.8124592 ], [ -74.2639073, 4.8124505 ], [ -74.2638999, 4.8124417 ], [ -74.2638927, 4.8124328 ], [ -74.2638856, 4.8124237 ], [ -74.2638786, 4.8124146 ], [ -74.2638719, 4.8124053 ], [ -74.2638652, 4.8123959 ], [ -74.2638588, 4.8123864 ], [ -74.2638525, 4.8123768 ], [ -74.2638464, 4.812367 ], [ -74.2638404, 4.8123572 ], [ -74.2638346, 4.8123473 ], [ -74.263829, 4.8123372 ], [ -74.2638236, 4.8123271 ], [ -74.2638183, 4.8123169 ], [ -74.2638133, 4.8123066 ], [ -74.2638084, 4.8122962 ], [ -74.2638036, 4.8122857 ], [ -74.2637991, 4.8122752 ], [ -74.2637948, 4.8122645 ], [ -74.2637906, 4.8122538 ], [ -74.2637866, 4.8122431 ], [ -74.2637828, 4.8122322 ], [ -74.2637792, 4.8122213 ], [ -74.2637758, 4.8122103 ], [ -74.2637726, 4.8121993 ], [ -74.2637695, 4.8121883 ], [ -74.2637667, 4.8121771 ], [ -74.263764, 4.8121659 ], [ -74.2637616, 4.8121547 ], [ -74.2637593, 4.8121435 ], [ -74.2637573, 4.8121322 ], [ -74.263761, 4.8120958 ], [ -74.2637653, 4.8120594 ], [ -74.2637703, 4.8120231 ], [ -74.2637758, 4.811987 ], [ -74.263782, 4.8119509 ], [ -74.2637889, 4.8119149 ], [ -74.2637963, 4.8118791 ], [ -74.2638044, 4.8118434 ], [ -74.263813, 4.8118078 ], [ -74.2638223, 4.8117724 ], [ -74.2638322, 4.8117371 ], [ -74.2638427, 4.811702 ], [ -74.2638538, 4.8116671 ], [ -74.2638654, 4.8116324 ], [ -74.2638777, 4.8115979 ], [ -74.2638906, 4.8115637 ], [ -74.2639041, 4.8115296 ], [ -74.2639181, 4.8114958 ], [ -74.2639327, 4.8114622 ], [ -74.2639479, 4.8114289 ], [ -74.2639637, 4.8113958 ], [ -74.26398, 4.811363 ], [ -74.2639969, 4.8113305 ], [ -74.2640144, 4.8112983 ], [ -74.2640324, 4.8112664 ], [ -74.2640509, 4.8112348 ], [ -74.26407, 4.8112035 ], [ -74.2640897, 4.8111726 ], [ -74.2641098, 4.811142 ], [ -74.2641305, 4.8111117 ], [ -74.2641517, 4.8110819 ], [ -74.2641734, 4.8110523 ], [ -74.2641956, 4.8110232 ], [ -74.2642183, 4.8109944 ], [ -74.2642415, 4.810966 ], [ -74.2642549, 4.8109498 ], [ -74.2642686, 4.8109338 ], [ -74.2642826, 4.8109181 ], [ -74.2642968, 4.8109026 ], [ -74.2643113, 4.8108873 ], [ -74.2643261, 4.8108723 ], [ -74.2643411, 4.8108575 ], [ -74.2643563, 4.810843 ], [ -74.2643718, 4.8108288 ], [ -74.2643875, 4.8108148 ], [ -74.2644035, 4.8108011 ], [ -74.2644197, 4.8107876 ], [ -74.2644361, 4.8107745 ], [ -74.2644528, 4.8107616 ], [ -74.2644697, 4.810749 ], [ -74.2644867, 4.8107366 ], [ -74.264504, 4.8107246 ], [ -74.2645215, 4.8107129 ], [ -74.2645392, 4.8107014 ], [ -74.2645571, 4.8106903 ], [ -74.2645751, 4.8106795 ], [ -74.2645934, 4.8106689 ], [ -74.2646118, 4.8106587 ], [ -74.2646304, 4.8106488 ], [ -74.2646492, 4.8106392 ], [ -74.2646681, 4.81063 ], [ -74.2646872, 4.810621 ], [ -74.2647064, 4.8106124 ], [ -74.2647258, 4.8106041 ], [ -74.2648192, 4.8105615 ], [ -74.2649119, 4.8105174 ], [ -74.2650039, 4.8104718 ], [ -74.2650952, 4.8104248 ], [ -74.2651856, 4.8103762 ], [ -74.2652753, 4.8103263 ], [ -74.2653642, 4.8102749 ], [ -74.2654522, 4.8102221 ], [ -74.2654475, 4.8102095 ], [ -74.2654426, 4.810197 ], [ -74.2654375, 4.8101845 ], [ -74.2654321, 4.8101722 ], [ -74.2654266, 4.8101599 ], [ -74.2654208, 4.8101478 ], [ -74.2654148, 4.8101357 ], [ -74.2654086, 4.8101238 ], [ -74.2654022, 4.8101119 ], [ -74.2653956, 4.8101002 ], [ -74.2653888, 4.8100886 ], [ -74.2653818, 4.8100771 ], [ -74.2653746, 4.8100658 ], [ -74.2653672, 4.8100545 ], [ -74.2653596, 4.8100434 ], [ -74.2653518, 4.8100324 ], [ -74.2653438, 4.8100216 ], [ -74.2653356, 4.8100109 ], [ -74.2653272, 4.8100004 ], [ -74.2653187, 4.80999 ], [ -74.26531, 4.8099797 ], [ -74.2653011, 4.8099696 ], [ -74.265292, 4.8099597 ], [ -74.2652827, 4.8099499 ], [ -74.2652733, 4.8099403 ], [ -74.2652637, 4.8099308 ], [ -74.265254, 4.8099215 ], [ -74.2652441, 4.8099124 ], [ -74.265234, 4.8099034 ], [ -74.2652238, 4.8098947 ], [ -74.2652134, 4.8098861 ], [ -74.2652029, 4.8098777 ], [ -74.2651922, 4.8098695 ], [ -74.2651814, 4.8098614 ], [ -74.2651704, 4.8098536 ], [ -74.2651593, 4.8098459 ], [ -74.2651481, 4.8098384 ], [ -74.2651368, 4.8098312 ], [ -74.2651253, 4.8098241 ], [ -74.2651137, 4.8098172 ], [ -74.265102, 4.8098106 ], [ -74.2650901, 4.8098041 ], [ -74.2650782, 4.8097979 ], [ -74.2650661, 4.8097918 ], [ -74.265054, 4.809786 ], [ -74.2650417, 4.8097804 ], [ -74.2650294, 4.8097749 ], [ -74.2650169, 4.8097697 ], [ -74.2650044, 4.8097648 ], [ -74.2649918, 4.80976 ], [ -74.2649791, 4.8097555 ], [ -74.2649663, 4.8097512 ], [ -74.2649535, 4.8097471 ], [ -74.2649405, 4.8097432 ], [ -74.2649276, 4.8097395 ], [ -74.2649159, 4.8097617 ], [ -74.2649039, 4.8097836 ], [ -74.2648916, 4.8098054 ], [ -74.2648788, 4.8098269 ], [ -74.2648657, 4.8098482 ], [ -74.2648522, 4.8098692 ], [ -74.2648383, 4.8098901 ], [ -74.2648241, 4.8099106 ], [ -74.2648095, 4.809931 ], [ -74.2647946, 4.8099511 ], [ -74.2647794, 4.8099709 ], [ -74.2647638, 4.8099905 ], [ -74.2647478, 4.8100098 ], [ -74.2647315, 4.8100288 ], [ -74.2647149, 4.8100475 ], [ -74.264698, 4.8100659 ], [ -74.2646808, 4.8100841 ], [ -74.2646632, 4.8101019 ], [ -74.2646454, 4.8101195 ], [ -74.2646272, 4.8101367 ], [ -74.2646088, 4.8101536 ], [ -74.26459, 4.8101702 ], [ -74.264571, 4.8101865 ], [ -74.2645517, 4.8102025 ], [ -74.2645321, 4.8102181 ], [ -74.2645123, 4.8102334 ], [ -74.2644922, 4.8102483 ], [ -74.2644718, 4.8102629 ], [ -74.2644512, 4.8102771 ], [ -74.2644303, 4.810291 ], [ -74.2644092, 4.8103045 ], [ -74.2643879, 4.8103176 ], [ -74.2643664, 4.8103304 ], [ -74.2643446, 4.8103428 ], [ -74.2643226, 4.8103549 ], [ -74.2643004, 4.8103665 ], [ -74.264278, 4.8103778 ], [ -74.2642555, 4.8103887 ], [ -74.2642327, 4.8103991 ], [ -74.2642098, 4.8104092 ], [ -74.2641867, 4.8104189 ], [ -74.2641634, 4.8104283 ], [ -74.2641399, 4.8104372 ], [ -74.2641164, 4.8104457 ], [ -74.2640926, 4.8104537 ], [ -74.2640688, 4.8104614 ], [ -74.2640448, 4.8104687 ], [ -74.2640207, 4.8104756 ], [ -74.2639964, 4.810482 ], [ -74.2639721, 4.810488 ], [ -74.2639477, 4.8104936 ], [ -74.2639231, 4.8104988 ], [ -74.2638985, 4.8105036 ], [ -74.263879, 4.8105 ], [ -74.2638595, 4.8104961 ], [ -74.2638401, 4.8104918 ], [ -74.2638208, 4.8104872 ], [ -74.2638015, 4.8104823 ], [ -74.2637824, 4.810477 ], [ -74.2637633, 4.8104714 ], [ -74.2637443, 4.8104655 ], [ -74.2637255, 4.8104593 ], [ -74.2637068, 4.8104527 ], [ -74.2636881, 4.8104458 ], [ -74.2636696, 4.8104386 ], [ -74.2636513, 4.8104311 ], [ -74.263633, 4.8104232 ], [ -74.2636149, 4.810415 ], [ -74.263597, 4.8104065 ], [ -74.2635792, 4.8103977 ], [ -74.2635615, 4.8103886 ], [ -74.263544, 4.8103792 ], [ -74.2635267, 4.8103695 ], [ -74.2635096, 4.8103595 ], [ -74.2634926, 4.8103492 ], [ -74.2634758, 4.8103386 ], [ -74.2634592, 4.8103278 ], [ -74.2634428, 4.8103166 ], [ -74.2634266, 4.8103051 ], [ -74.2634106, 4.8102934 ], [ -74.2633948, 4.8102814 ], [ -74.2633792, 4.8102691 ], [ -74.2633638, 4.8102566 ], [ -74.2633487, 4.8102438 ], [ -74.2633338, 4.8102307 ], [ -74.2633191, 4.8102174 ], [ -74.2633046, 4.8102038 ], [ -74.2632904, 4.81019 ], [ -74.2632764, 4.8101759 ], [ -74.2632627, 4.8101616 ], [ -74.2632492, 4.810147 ], [ -74.263236, 4.8101323 ], [ -74.263223, 4.8101172 ], [ -74.2632103, 4.810102 ], [ -74.2631979, 4.8100866 ], [ -74.2631857, 4.8100709 ], [ -74.2631739, 4.810055 ], [ -74.2631623, 4.810039 ], [ -74.2631509, 4.8100227 ], [ -74.2631399, 4.8100062 ], [ -74.2631292, 4.8099896 ], [ -74.2631187, 4.8099727 ], [ -74.2631085, 4.8099557 ], [ -74.2630987, 4.8099385 ], [ -74.2630891, 4.8099212 ], [ -74.2630799, 4.8099037 ], [ -74.2630709, 4.809886 ], [ -74.2630623, 4.8098682 ], [ -74.263054, 4.8098502 ], [ -74.263046, 4.8098321 ], [ -74.2630383, 4.8098138 ], [ -74.2630309, 4.8097954 ], [ -74.2630238, 4.8097769 ], [ -74.2630171, 4.8097583 ], [ -74.2630107, 4.8097395 ], [ -74.2630001, 4.8097317 ], [ -74.2629896, 4.8097236 ], [ -74.2629793, 4.8097154 ], [ -74.2629691, 4.809707 ], [ -74.2629591, 4.8096985 ], [ -74.2629492, 4.8096897 ], [ -74.2629395, 4.8096808 ], [ -74.2629299, 4.8096717 ], [ -74.2629205, 4.8096625 ], [ -74.2629112, 4.8096531 ], [ -74.2629021, 4.8096435 ], [ -74.2628932, 4.8096338 ], [ -74.2628845, 4.8096239 ], [ -74.2628759, 4.8096139 ], [ -74.2628675, 4.8096037 ], [ -74.2628593, 4.8095934 ], [ -74.2628512, 4.8095829 ], [ -74.2628434, 4.8095723 ], [ -74.2628357, 4.8095616 ], [ -74.2628282, 4.8095507 ], [ -74.2628209, 4.8095397 ], [ -74.2628138, 4.8095286 ], [ -74.2628069, 4.8095174 ], [ -74.2628002, 4.809506 ], [ -74.2627937, 4.8094946 ], [ -74.2627874, 4.809483 ], [ -74.2627813, 4.8094713 ], [ -74.2627754, 4.8094595 ], [ -74.2627697, 4.8094476 ], [ -74.2627642, 4.8094357 ], [ -74.262759, 4.8094236 ], [ -74.2627539, 4.8094114 ], [ -74.262749, 4.8093992 ], [ -74.2627444, 4.8093868 ], [ -74.26274, 4.8093744 ], [ -74.2627358, 4.8093619 ], [ -74.2627318, 4.8093494 ], [ -74.262728, 4.8093367 ], [ -74.2627245, 4.809324 ], [ -74.2627212, 4.8093113 ], [ -74.2627181, 4.8092985 ], [ -74.2627152, 4.8092856 ], [ -74.2627125, 4.8092727 ], [ -74.2627101, 4.8092598 ], [ -74.2627079, 4.8092468 ], [ -74.2627059, 4.8092338 ], [ -74.2627042, 4.8092207 ], [ -74.2627027, 4.8092076 ], [ -74.2627014, 4.8091945 ], [ -74.2627003, 4.8091814 ], [ -74.2626995, 4.8091682 ], [ -74.2626989, 4.8091551 ], [ -74.2626985, 4.8091419 ], [ -74.2626984, 4.8091287 ], [ -74.2626985, 4.8091156 ], [ -74.2626988, 4.8091024 ], [ -74.2626993, 4.8090892 ], [ -74.2627001, 4.8090761 ], [ -74.2627011, 4.8090629 ], [ -74.2627023, 4.8090498 ], [ -74.2627038, 4.8090367 ], [ -74.2627055, 4.8090237 ], [ -74.2627074, 4.8090106 ], [ -74.2627096, 4.8089976 ], [ -74.2627119, 4.8089847 ], [ -74.2627145, 4.8089718 ], [ -74.2627173, 4.8089589 ], [ -74.2627204, 4.8089461 ], [ -74.2627237, 4.8089333 ], [ -74.2627271, 4.8089206 ], [ -74.2627309, 4.808908 ], [ -74.2627348, 4.8088954 ], [ -74.2627389, 4.8088829 ], [ -74.2627433, 4.8088705 ], [ -74.2627479, 4.8088581 ], [ -74.2627527, 4.8088458 ], [ -74.2627577, 4.8088336 ], [ -74.2627629, 4.8088215 ], [ -74.2627684, 4.8088095 ], [ -74.262774, 4.8087976 ], [ -74.2627798, 4.8087858 ], [ -74.2627859, 4.8087741 ], [ -74.2627922, 4.8087625 ], [ -74.2627986, 4.808751 ], [ -74.2628053, 4.8087396 ], [ -74.2628121, 4.8087283 ], [ -74.2628192, 4.8087172 ], [ -74.2628264, 4.8087062 ], [ -74.2628339, 4.8086953 ], [ -74.2628415, 4.8086845 ], [ -74.2628493, 4.8086739 ], [ -74.2628324, 4.8086541 ], [ -74.2628159, 4.8086341 ], [ -74.2627998, 4.8086138 ], [ -74.262784, 4.8085932 ], [ -74.2627685, 4.8085723 ], [ -74.2627534, 4.8085512 ], [ -74.2627387, 4.8085298 ], [ -74.2627243, 4.8085082 ], [ -74.2627103, 4.8084864 ], [ -74.2626967, 4.8084643 ], [ -74.2626835, 4.8084419 ], [ -74.2626706, 4.8084194 ], [ -74.2626582, 4.8083966 ], [ -74.2626461, 4.8083736 ], [ -74.2626345, 4.8083505 ], [ -74.2626232, 4.8083271 ], [ -74.2626123, 4.8083035 ], [ -74.2626019, 4.8082798 ], [ -74.2625918, 4.8082559 ], [ -74.2625822, 4.8082318 ], [ -74.262573, 4.8082075 ], [ -74.2625642, 4.8081831 ], [ -74.2625558, 4.8081586 ], [ -74.2625479, 4.8081339 ], [ -74.2625403, 4.8081091 ], [ -74.2625332, 4.8080841 ], [ -74.2625266, 4.8080591 ], [ -74.2625203, 4.8080339 ], [ -74.2625145, 4.8080086 ], [ -74.2625091, 4.8079832 ], [ -74.2625042, 4.8079578 ], [ -74.2624997, 4.8079322 ], [ -74.2624956, 4.8079066 ], [ -74.262492, 4.807881 ], [ -74.2624888, 4.8078552 ], [ -74.2624861, 4.8078294 ], [ -74.2624883, 4.8078106 ], [ -74.2624908, 4.8077918 ], [ -74.2624937, 4.8077731 ], [ -74.2624969, 4.8077544 ], [ -74.2625004, 4.8077357 ], [ -74.2625042, 4.8077172 ], [ -74.2625084, 4.8076987 ], [ -74.2625128, 4.8076802 ], [ -74.2625176, 4.8076619 ], [ -74.2625227, 4.8076436 ], [ -74.2625282, 4.8076254 ], [ -74.2625339, 4.8076074 ], [ -74.26254, 4.8075894 ], [ -74.2625463, 4.8075715 ], [ -74.262553, 4.8075538 ], [ -74.26256, 4.8075361 ], [ -74.2625673, 4.8075186 ], [ -74.2625749, 4.8075012 ], [ -74.2625827, 4.807484 ], [ -74.2625909, 4.8074669 ], [ -74.2625994, 4.8074499 ], [ -74.2626082, 4.8074331 ], [ -74.2626173, 4.8074164 ], [ -74.2626266, 4.8073999 ], [ -74.2626363, 4.8073835 ], [ -74.2626462, 4.8073674 ], [ -74.2626564, 4.8073514 ], [ -74.2626669, 4.8073355 ], [ -74.2626776, 4.8073199 ], [ -74.2626886, 4.8073044 ], [ -74.2626999, 4.8072892 ], [ -74.2627115, 4.8072741 ], [ -74.2627233, 4.8072592 ], [ -74.2627354, 4.8072446 ], [ -74.2627477, 4.8072301 ], [ -74.2627602, 4.8072159 ], [ -74.2627731, 4.8072019 ], [ -74.2627861, 4.8071881 ], [ -74.2627994, 4.8071745 ], [ -74.2628129, 4.8071612 ], [ -74.2628267, 4.8071481 ], [ -74.2628407, 4.8071352 ], [ -74.2628549, 4.8071226 ], [ -74.2628693, 4.8071102 ], [ -74.2628839, 4.8070981 ], [ -74.2628988, 4.8070862 ], [ -74.2629138, 4.8070746 ], [ -74.2629291, 4.8070633 ], [ -74.2629445, 4.8070522 ], [ -74.2629601, 4.8070414 ], [ -74.2629759, 4.8070308 ], [ -74.2629919, 4.8070206 ], [ -74.2630081, 4.8070106 ], [ -74.2630244, 4.8070009 ], [ -74.263041, 4.8069914 ], [ -74.2630576, 4.8069823 ], [ -74.2630744, 4.8069734 ], [ -74.2630914, 4.8069649 ], [ -74.2630858, 4.8069494 ], [ -74.2630804, 4.8069338 ], [ -74.2630753, 4.8069181 ], [ -74.2630705, 4.8069023 ], [ -74.2630659, 4.8068865 ], [ -74.2630616, 4.8068706 ], [ -74.2630576, 4.8068546 ], [ -74.2630539, 4.8068385 ], [ -74.2630505, 4.8068224 ], [ -74.2630473, 4.8068062 ], [ -74.2630444, 4.80679 ], [ -74.2630418, 4.8067737 ], [ -74.2630395, 4.8067573 ], [ -74.2630375, 4.806741 ], [ -74.2630358, 4.8067246 ], [ -74.2630343, 4.8067082 ], [ -74.2630332, 4.8066917 ], [ -74.2630323, 4.8066753 ], [ -74.2630317, 4.8066588 ], [ -74.2630314, 4.8066423 ], [ -74.2630314, 4.8066258 ], [ -74.2630317, 4.8066093 ], [ -74.2630322, 4.8065929 ], [ -74.2630331, 4.8065764 ], [ -74.2630342, 4.8065599 ], [ -74.2630356, 4.8065435 ], [ -74.2630373, 4.8065271 ], [ -74.2630393, 4.8065108 ], [ -74.2630416, 4.8064944 ], [ -74.2630442, 4.8064781 ], [ -74.263047, 4.8064619 ], [ -74.2630502, 4.8064457 ], [ -74.2630536, 4.8064296 ], [ -74.2630573, 4.8064135 ], [ -74.2630613, 4.8063975 ], [ -74.2630655, 4.8063816 ], [ -74.26307, 4.8063657 ], [ -74.2630748, 4.80635 ], [ -74.2630799, 4.8063343 ], [ -74.2630853, 4.8063187 ], [ -74.2630909, 4.8063032 ], [ -74.2630968, 4.8062878 ], [ -74.263103, 4.8062725 ], [ -74.2631094, 4.8062573 ], [ -74.2631161, 4.8062422 ], [ -74.263123, 4.8062272 ], [ -74.2631303, 4.8062124 ], [ -74.2631377, 4.8061977 ], [ -74.2631455, 4.8061831 ], [ -74.2631534, 4.8061687 ], [ -74.2631617, 4.8061544 ], [ -74.2631701, 4.8061402 ], [ -74.2631789, 4.8061262 ], [ -74.2631878, 4.8061124 ], [ -74.2631971, 4.8060987 ], [ -74.2632065, 4.8060851 ], [ -74.2632162, 4.8060718 ], [ -74.2632261, 4.8060586 ], [ -74.2632362, 4.8060455 ], [ -74.2632466, 4.8060327 ], [ -74.2632572, 4.80602 ], [ -74.263268, 4.8060075 ], [ -74.263279, 4.8059953 ], [ -74.2632903, 4.8059832 ], [ -74.2633017, 4.8059713 ], [ -74.2633134, 4.8059595 ], [ -74.2633348, 4.8059544 ], [ -74.2633563, 4.8059497 ], [ -74.263378, 4.8059453 ], [ -74.2633996, 4.8059413 ], [ -74.2634214, 4.8059376 ], [ -74.2634432, 4.8059344 ], [ -74.2634651, 4.8059315 ], [ -74.263487, 4.805929 ], [ -74.2635089, 4.8059269 ], [ -74.2635309, 4.8059251 ], [ -74.2635529, 4.8059238 ], [ -74.263575, 4.8059228 ], [ -74.263597, 4.8059222 ], [ -74.2636191, 4.805922 ], [ -74.2636411, 4.8059222 ], [ -74.2636632, 4.8059227 ], [ -74.2636852, 4.8059236 ], [ -74.2637072, 4.805925 ], [ -74.2637292, 4.8059266 ], [ -74.2637512, 4.8059287 ], [ -74.2637731, 4.8059312 ], [ -74.263795, 4.805934 ], [ -74.2638168, 4.8059372 ], [ -74.2638385, 4.8059408 ], [ -74.2638602, 4.8059448 ], [ -74.2638819, 4.8059491 ], [ -74.2639034, 4.8059538 ], [ -74.2639249, 4.8059589 ], [ -74.2639462, 4.8059643 ], [ -74.2639675, 4.8059702 ], [ -74.2639887, 4.8059764 ], [ -74.2640097, 4.8059829 ], [ -74.2640306, 4.8059898 ], [ -74.2640514, 4.8059971 ], [ -74.2640721, 4.8060048 ], [ -74.2640927, 4.8060127 ], [ -74.2641131, 4.8060211 ], [ -74.2641333, 4.8060298 ], [ -74.2641534, 4.8060389 ], [ -74.2641734, 4.8060483 ], [ -74.2641931, 4.806058 ], [ -74.2642127, 4.8060681 ], [ -74.2642321, 4.8060785 ], [ -74.2642514, 4.8060892 ], [ -74.2642704, 4.8061003 ], [ -74.2642893, 4.8061117 ], [ -74.2643079, 4.8061235 ], [ -74.2643264, 4.8061355 ], [ -74.2643446, 4.8061479 ], [ -74.2643626, 4.8061606 ], [ -74.2643768, 4.806127 ], [ -74.2643905, 4.8060932 ], [ -74.2644036, 4.8060591 ], [ -74.2644161, 4.8060249 ], [ -74.2644281, 4.8059904 ], [ -74.2644394, 4.8059557 ], [ -74.2644501, 4.8059208 ], [ -74.2644603, 4.8058858 ], [ -74.2644698, 4.8058506 ], [ -74.2644788, 4.8058152 ], [ -74.2644871, 4.8057797 ], [ -74.2644948, 4.8057441 ], [ -74.2645019, 4.8057083 ], [ -74.2645084, 4.8056724 ], [ -74.2645143, 4.8056364 ], [ -74.2645196, 4.8056003 ], [ -74.2645242, 4.8055641 ], [ -74.2645283, 4.8055279 ], [ -74.2645317, 4.8054916 ], [ -74.2645345, 4.8054552 ], [ -74.2645366, 4.8054188 ], [ -74.2645382, 4.8053824 ], [ -74.2645391, 4.8053459 ], [ -74.2645394, 4.8053094 ], [ -74.2645391, 4.805273 ], [ -74.2645381, 4.8052365 ], [ -74.2645365, 4.8052001 ], [ -74.2645343, 4.8051637 ], [ -74.2645315, 4.8051273 ], [ -74.2645281, 4.805091 ], [ -74.264524, 4.8050548 ], [ -74.2645686, 4.8049186 ], [ -74.2646156, 4.8047833 ], [ -74.2646649, 4.8046487 ], [ -74.2647165, 4.8045151 ], [ -74.2647704, 4.8043823 ], [ -74.2648267, 4.8042505 ], [ -74.2648304, 4.8042386 ], [ -74.2648343, 4.8042267 ], [ -74.2648385, 4.8042149 ], [ -74.2648428, 4.8042032 ], [ -74.2648474, 4.8041915 ], [ -74.2648521, 4.8041799 ], [ -74.2648571, 4.8041685 ], [ -74.2648622, 4.8041571 ], [ -74.2648676, 4.8041458 ], [ -74.2648731, 4.8041345 ], [ -74.2648789, 4.8041234 ], [ -74.2648848, 4.8041124 ], [ -74.2648909, 4.8041015 ], [ -74.2648973, 4.8040907 ], [ -74.2649038, 4.80408 ], [ -74.2649105, 4.8040694 ], [ -74.2649173, 4.804059 ], [ -74.2649244, 4.8040487 ], [ -74.2649316, 4.8040384 ], [ -74.2649391, 4.8040284 ], [ -74.2649467, 4.8040184 ], [ -74.2649544, 4.8040086 ], [ -74.2649624, 4.8039989 ], [ -74.2649705, 4.8039894 ], [ -74.2649787, 4.80398 ], [ -74.2649872, 4.8039707 ], [ -74.2649958, 4.8039616 ], [ -74.2650045, 4.8039526 ], [ -74.2650134, 4.8039438 ], [ -74.2650225, 4.8039352 ], [ -74.2650317, 4.8039267 ], [ -74.2650411, 4.8039184 ], [ -74.2650506, 4.8039102 ], [ -74.2650602, 4.8039022 ], [ -74.26507, 4.8038944 ], [ -74.2650799, 4.8038867 ], [ -74.26509, 4.8038793 ], [ -74.2651001, 4.8038719 ], [ -74.2651104, 4.8038648 ], [ -74.2651209, 4.8038579 ], [ -74.2651314, 4.8038511 ], [ -74.2651421, 4.8038445 ], [ -74.2651529, 4.8038381 ], [ -74.2651638, 4.8038319 ], [ -74.2651748, 4.8038259 ], [ -74.2651859, 4.8038201 ], [ -74.2651971, 4.8038144 ], [ -74.2652084, 4.803809 ], [ -74.2652197, 4.8038038 ], [ -74.2652312, 4.8037987 ], [ -74.2652428, 4.8037939 ], [ -74.2652544, 4.8037892 ], [ -74.2652662, 4.8037848 ], [ -74.265278, 4.8037806 ], [ -74.2652899, 4.8037765 ], [ -74.2653018, 4.8037727 ], [ -74.2653138, 4.8037691 ], [ -74.2653259, 4.8037657 ], [ -74.265338, 4.8037625 ], [ -74.2653502, 4.8037595 ], [ -74.2653624, 4.8037568 ], [ -74.2653747, 4.8037542 ], [ -74.265387, 4.8037519 ], [ -74.2653994, 4.8037498 ], [ -74.2654118, 4.8037478 ], [ -74.265424, 4.8037389 ], [ -74.2654363, 4.8037302 ], [ -74.2654487, 4.8037216 ], [ -74.2654613, 4.8037133 ], [ -74.2654741, 4.8037052 ], [ -74.265487, 4.8036974 ], [ -74.2655, 4.8036897 ], [ -74.2655131, 4.8036823 ], [ -74.2655264, 4.8036751 ], [ -74.2655398, 4.8036681 ], [ -74.2655533, 4.8036614 ], [ -74.2655669, 4.8036549 ], [ -74.2655807, 4.8036486 ], [ -74.2655945, 4.8036426 ], [ -74.2656085, 4.8036368 ], [ -74.2656225, 4.8036313 ], [ -74.2656366, 4.803626 ], [ -74.2656509, 4.8036209 ], [ -74.2656652, 4.8036161 ], [ -74.2656796, 4.8036115 ], [ -74.2656941, 4.8036072 ], [ -74.2657086, 4.8036031 ], [ -74.2657232, 4.8035993 ], [ -74.2657379, 4.8035957 ], [ -74.2657526, 4.8035924 ], [ -74.2657674, 4.8035893 ], [ -74.2657823, 4.8035865 ], [ -74.2657972, 4.8035839 ], [ -74.2658121, 4.8035816 ], [ -74.2658271, 4.8035796 ], [ -74.2658421, 4.8035778 ], [ -74.2658571, 4.8035763 ], [ -74.2658721, 4.803575 ], [ -74.2658872, 4.803574 ], [ -74.2659023, 4.8035732 ], [ -74.2659174, 4.8035727 ], [ -74.2659325, 4.8035725 ], [ -74.2659476, 4.8035725 ], [ -74.2659627, 4.8035728 ], [ -74.2659778, 4.8035733 ], [ -74.2659929, 4.8035741 ], [ -74.266008, 4.8035752 ], [ -74.266023, 4.8035765 ], [ -74.2660381, 4.8035781 ], [ -74.2660531, 4.8035799 ], [ -74.266068, 4.803582 ], [ -74.266083, 4.8035844 ], [ -74.2660978, 4.803587 ], [ -74.2661054, 4.8035848 ], [ -74.2661129, 4.8035824 ], [ -74.2661204, 4.8035799 ], [ -74.2661278, 4.8035773 ], [ -74.2661352, 4.8035746 ], [ -74.2661426, 4.8035717 ], [ -74.2661499, 4.8035687 ], [ -74.2661571, 4.8035656 ], [ -74.2661643, 4.8035623 ], [ -74.2661714, 4.8035589 ], [ -74.2661785, 4.8035554 ], [ -74.2661855, 4.8035518 ], [ -74.2661924, 4.8035481 ], [ -74.2661993, 4.8035442 ], [ -74.2662061, 4.8035403 ], [ -74.2662128, 4.8035362 ], [ -74.2662195, 4.803532 ], [ -74.2662261, 4.8035276 ], [ -74.2662326, 4.8035232 ], [ -74.266239, 4.8035187 ], [ -74.2662453, 4.803514 ], [ -74.2662516, 4.8035092 ], [ -74.2662578, 4.8035044 ], [ -74.2662639, 4.8034994 ], [ -74.2662699, 4.8034943 ], [ -74.2662758, 4.8034891 ], [ -74.2662817, 4.8034838 ], [ -74.2662874, 4.8034784 ], [ -74.2662931, 4.803473 ], [ -74.2662986, 4.8034674 ], [ -74.2663041, 4.8034617 ], [ -74.2663094, 4.8034559 ], [ -74.2663147, 4.8034501 ], [ -74.2663198, 4.8034441 ], [ -74.2663249, 4.8034381 ], [ -74.2663298, 4.8034319 ], [ -74.2663346, 4.8034257 ], [ -74.2663394, 4.8034194 ], [ -74.266344, 4.8034131 ], [ -74.2663485, 4.8034066 ], [ -74.2663529, 4.8034001 ], [ -74.2663571, 4.8033935 ], [ -74.2663613, 4.8033868 ], [ -74.2663653, 4.8033801 ], [ -74.2663693, 4.8033732 ], [ -74.2663731, 4.8033664 ], [ -74.2663768, 4.8033594 ], [ -74.2663803, 4.8033524 ], [ -74.2663838, 4.8033453 ], [ -74.2663871, 4.8033382 ], [ -74.2663903, 4.803331 ], [ -74.2663933, 4.8033238 ], [ -74.2663963, 4.8033165 ], [ -74.2663991, 4.8033092 ], [ -74.2664018, 4.8033018 ], [ -74.2664043, 4.8032943 ], [ -74.2664068, 4.8032869 ], [ -74.2664091, 4.8032793 ], [ -74.2664112, 4.8032718 ], [ -74.2664133, 4.8032642 ], [ -74.2664152, 4.8032566 ], [ -74.2664169, 4.8032489 ], [ -74.2664186, 4.8032412 ], [ -74.2664201, 4.8032335 ], [ -74.2664214, 4.8032258 ], [ -74.2664227, 4.803218 ], [ -74.2664238, 4.8032102 ], [ -74.2664247, 4.8032024 ], [ -74.2664256, 4.8031946 ], [ -74.2664263, 4.8031868 ], [ -74.2664268, 4.8031789 ], [ -74.2664272, 4.8031711 ], [ -74.2664275, 4.8031632 ], [ -74.2664277, 4.8031554 ], [ -74.2664277, 4.8031475 ], [ -74.2664275, 4.8031397 ], [ -74.2664273, 4.8031318 ], [ -74.2664269, 4.803124 ], [ -74.2664263, 4.8031161 ], [ -74.2664257, 4.8031083 ], [ -74.2664249, 4.8031005 ], [ -74.2664239, 4.8030927 ], [ -74.2664228, 4.8030849 ], [ -74.2664216, 4.8030771 ], [ -74.2664203, 4.8030694 ], [ -74.2664188, 4.8030617 ], [ -74.2664172, 4.803054 ], [ -74.2664154, 4.8030463 ], [ -74.2664135, 4.8030387 ], [ -74.2664115, 4.8030311 ], [ -74.2664094, 4.8030235 ], [ -74.2664071, 4.803016 ], [ -74.2664047, 4.8030085 ], [ -74.2664021, 4.8030011 ], [ -74.2663994, 4.8029937 ], [ -74.2663967, 4.8029863 ], [ -74.2663937, 4.8029791 ], [ -74.2663907, 4.8029718 ], [ -74.2663875, 4.8029646 ], [ -74.2663842, 4.8029575 ], [ -74.2663808, 4.8029504 ], [ -74.2663772, 4.8029434 ], [ -74.2663736, 4.8029364 ], [ -74.2663698, 4.8029295 ], [ -74.2663659, 4.8029227 ], [ -74.2663618, 4.802916 ], [ -74.2663577, 4.8029093 ], [ -74.2663534, 4.8029027 ], [ -74.2663491, 4.8028961 ], [ -74.2663446, 4.8028897 ], [ -74.26634, 4.8028833 ], [ -74.2663521, 4.8028603 ], [ -74.2663647, 4.8028374 ], [ -74.2663777, 4.8028149 ], [ -74.266391, 4.8027925 ], [ -74.2664048, 4.8027704 ], [ -74.2664189, 4.8027485 ], [ -74.2664334, 4.8027269 ], [ -74.2664483, 4.8027055 ], [ -74.2664635, 4.8026844 ], [ -74.2664792, 4.8026635 ], [ -74.2664951, 4.8026429 ], [ -74.2665115, 4.8026226 ], [ -74.2665281, 4.8026026 ], [ -74.2665452, 4.8025829 ], [ -74.2665625, 4.8025634 ], [ -74.2665802, 4.8025443 ], [ -74.2665982, 4.8025255 ], [ -74.2666166, 4.802507 ], [ -74.2666353, 4.8024888 ], [ -74.2666542, 4.8024709 ], [ -74.2666735, 4.8024534 ], [ -74.2666931, 4.8024362 ], [ -74.266713, 4.8024193 ], [ -74.2667332, 4.8024028 ], [ -74.2667537, 4.8023866 ], [ -74.2667744, 4.8023708 ], [ -74.2667954, 4.8023554 ], [ -74.2668167, 4.8023403 ], [ -74.2668382, 4.8023256 ], [ -74.26686, 4.8023112 ], [ -74.266882, 4.8022973 ], [ -74.2669043, 4.8022837 ], [ -74.2669268, 4.8022705 ], [ -74.2669495, 4.8022577 ], [ -74.2669725, 4.8022453 ], [ -74.2669957, 4.8022333 ], [ -74.267019, 4.8022217 ], [ -74.2670426, 4.8022104 ], [ -74.2670663, 4.8021996 ], [ -74.2670565, 4.8021772 ], [ -74.2670471, 4.8021546 ], [ -74.2670381, 4.8021318 ], [ -74.2670295, 4.8021088 ], [ -74.2670213, 4.8020857 ], [ -74.2670135, 4.8020625 ], [ -74.2670061, 4.8020391 ], [ -74.2669991, 4.8020156 ], [ -74.2669926, 4.801992 ], [ -74.2669864, 4.8019683 ], [ -74.2669806, 4.8019445 ], [ -74.2669753, 4.8019206 ], [ -74.2669704, 4.8018966 ], [ -74.2669659, 4.8018725 ], [ -74.2669619, 4.8018483 ], [ -74.2669582, 4.8018241 ], [ -74.266955, 4.8017998 ], [ -74.2669522, 4.8017755 ], [ -74.2669498, 4.8017511 ], [ -74.2669479, 4.8017267 ], [ -74.2669464, 4.8017022 ], [ -74.2669453, 4.8016778 ], [ -74.2669447, 4.8016533 ], [ -74.2669444, 4.8016288 ], [ -74.2669446, 4.8016043 ], [ -74.2669453, 4.8015798 ], [ -74.2669463, 4.8015553 ], [ -74.2669478, 4.8015309 ], [ -74.2669497, 4.8015064 ], [ -74.2669521, 4.8014821 ], [ -74.2669548, 4.8014577 ], [ -74.266958, 4.8014334 ], [ -74.2669617, 4.8014092 ], [ -74.2669657, 4.801385 ], [ -74.2669702, 4.8013609 ], [ -74.266975, 4.8013369 ], [ -74.2669803, 4.801313 ], [ -74.2669861, 4.8012892 ], [ -74.2669922, 4.8012655 ], [ -74.2669987, 4.8012419 ], [ -74.2670057, 4.8012184 ], [ -74.2670131, 4.801195 ], [ -74.2670209, 4.8011718 ], [ -74.267029, 4.8011487 ], [ -74.2670376, 4.8011257 ], [ -74.2670466, 4.8011029 ], [ -74.267056, 4.8010803 ], [ -74.2670658, 4.8010578 ], [ -74.267076, 4.8010355 ], [ -74.2670865, 4.8010134 ], [ -74.2671402, 4.8009728 ], [ -74.2671945, 4.800933 ], [ -74.2672495, 4.8008942 ], [ -74.2673052, 4.8008564 ], [ -74.2673614, 4.8008194 ], [ -74.2674183, 4.8007835 ], [ -74.2674758, 4.8007484 ], [ -74.2675339, 4.8007144 ], [ -74.2675925, 4.8006813 ], [ -74.2676517, 4.8006492 ], [ -74.2677114, 4.8006181 ], [ -74.2677717, 4.800588 ], [ -74.2678324, 4.8005589 ], [ -74.2678936, 4.8005308 ], [ -74.2678989, 4.8005318 ], [ -74.2679042, 4.8005327 ], [ -74.2679095, 4.8005336 ], [ -74.2679148, 4.8005343 ], [ -74.2679202, 4.8005349 ], [ -74.2679255, 4.8005355 ], [ -74.2679309, 4.800536 ], [ -74.2679362, 4.8005363 ], [ -74.2679416, 4.8005366 ], [ -74.267947, 4.8005368 ], [ -74.2679523, 4.8005368 ], [ -74.2679577, 4.8005368 ], [ -74.2679631, 4.8005367 ], [ -74.2679685, 4.8005365 ], [ -74.2679738, 4.8005362 ], [ -74.2679792, 4.8005359 ], [ -74.2679846, 4.8005354 ], [ -74.2679899, 4.8005348 ], [ -74.2679952, 4.8005342 ], [ -74.2680006, 4.8005334 ], [ -74.2680059, 4.8005326 ], [ -74.2680112, 4.8005316 ], [ -74.2680164, 4.8005306 ], [ -74.2680217, 4.8005295 ], [ -74.2680269, 4.8005282 ], [ -74.2680321, 4.8005269 ], [ -74.2680373, 4.8005255 ], [ -74.2680425, 4.8005241 ], [ -74.2680476, 4.8005225 ], [ -74.2680527, 4.8005208 ], [ -74.2680578, 4.8005191 ], [ -74.2680629, 4.8005172 ], [ -74.2680679, 4.8005153 ], [ -74.2680729, 4.8005133 ], [ -74.2680778, 4.8005112 ], [ -74.2680827, 4.800509 ], [ -74.2680876, 4.8005067 ], [ -74.2680924, 4.8005044 ], [ -74.2680972, 4.8005019 ], [ -74.2681019, 4.8004994 ], [ -74.2681066, 4.8004968 ], [ -74.2681113, 4.8004941 ], [ -74.2681159, 4.8004914 ], [ -74.2681205, 4.8004885 ], [ -74.268125, 4.8004856 ], [ -74.2681294, 4.8004826 ], [ -74.2681338, 4.8004795 ], [ -74.2681382, 4.8004764 ], [ -74.2681424, 4.8004731 ], [ -74.2681467, 4.8004698 ], [ -74.2681508, 4.8004665 ], [ -74.268155, 4.800463 ], [ -74.268159, 4.8004595 ], [ -74.268163, 4.8004559 ], [ -74.2681669, 4.8004522 ], [ -74.2681708, 4.8004485 ], [ -74.2681746, 4.8004447 ], [ -74.2681783, 4.8004409 ], [ -74.268182, 4.8004369 ], [ -74.2681856, 4.800433 ], [ -74.2681891, 4.8004289 ], [ -74.2681925, 4.8004248 ], [ -74.2681959, 4.8004206 ], [ -74.2681992, 4.8004164 ], [ -74.2682025, 4.8004121 ], [ -74.2682056, 4.8004078 ], [ -74.2682087, 4.8004034 ], [ -74.2682117, 4.800399 ], [ -74.2682146, 4.8003945 ], [ -74.2682175, 4.8003899 ], [ -74.2682202, 4.8003853 ], [ -74.2682229, 4.8003807 ], [ -74.2682255, 4.800376 ], [ -74.268228, 4.8003713 ], [ -74.2682305, 4.8003665 ], [ -74.2682328, 4.8003617 ], [ -74.2682351, 4.8003568 ], [ -74.2682373, 4.8003519 ], [ -74.2682394, 4.800347 ], [ -74.2682414, 4.800342 ], [ -74.2682433, 4.800337 ], [ -74.2682451, 4.800332 ], [ -74.2682469, 4.8003269 ], [ -74.2682485, 4.8003218 ], [ -74.2682501, 4.8003167 ], [ -74.2682516, 4.8003115 ], [ -74.268253, 4.8003064 ], [ -74.2682543, 4.8003012 ], [ -74.2682555, 4.8002959 ], [ -74.2682566, 4.8002907 ], [ -74.2682576, 4.8002854 ], [ -74.2682585, 4.8002802 ], [ -74.2682594, 4.8002749 ], [ -74.2682601, 4.8002696 ], [ -74.2682608, 4.8002642 ], [ -74.2682613, 4.8002589 ], [ -74.2682618, 4.8002536 ], [ -74.2682622, 4.8002482 ], [ -74.2682624, 4.8002429 ], [ -74.2682626, 4.8002375 ], [ -74.2682627, 4.8002322 ], [ -74.2682627, 4.8002268 ], [ -74.2682626, 4.8002215 ], [ -74.2682624, 4.8002161 ], [ -74.2682621, 4.8002108 ], [ -74.2682618, 4.8002054 ], [ -74.2682613, 4.8002001 ], [ -74.2682607, 4.8001948 ], [ -74.2682601, 4.8001894 ], [ -74.2682593, 4.8001841 ], [ -74.2682585, 4.8001788 ], [ -74.2682575, 4.8001736 ], [ -74.2682565, 4.8001683 ], [ -74.2682554, 4.8001631 ], [ -74.2682542, 4.8001579 ], [ -74.2682529, 4.8001527 ], [ -74.2682515, 4.8001475 ], [ -74.26825, 4.8001423 ], [ -74.2682484, 4.8001372 ], [ -74.2682467, 4.8001321 ], [ -74.268245, 4.8001271 ], [ -74.2682432, 4.800122 ], [ -74.2682412, 4.800117 ], [ -74.2682392, 4.8001121 ], [ -74.2682371, 4.8001071 ], [ -74.2682349, 4.8001022 ], [ -74.2682327, 4.8000974 ], [ -74.2682303, 4.8000926 ], [ -74.2682279, 4.8000878 ], [ -74.2682253, 4.8000831 ], [ -74.2682227, 4.8000784 ], [ -74.26822, 4.8000737 ], [ -74.2682173, 4.8000692 ], [ -74.2682144, 4.8000646 ], [ -74.2682115, 4.8000601 ], [ -74.2682085, 4.8000557 ], [ -74.2682054, 4.8000513 ], [ -74.2682022, 4.800047 ], [ -74.268199, 4.8000427 ], [ -74.2681957, 4.8000385 ], [ -74.2681923, 4.8000343 ], [ -74.2681888, 4.8000302 ], [ -74.2681853, 4.8000261 ], [ -74.2681817, 4.8000222 ], [ -74.2681781, 4.8000183 ], [ -74.2681743, 4.8000144 ], [ -74.2681705, 4.8000106 ], [ -74.2681667, 4.8000069 ], [ -74.2681627, 4.8000032 ], [ -74.2681587, 4.7999997 ], [ -74.2681547, 4.7999961 ], [ -74.2681506, 4.7999927 ], [ -74.2681464, 4.7999893 ], [ -74.2681421, 4.799986 ], [ -74.2681378, 4.7999828 ], [ -74.2681335, 4.7999797 ], [ -74.2681291, 4.7999766 ], [ -74.2681246, 4.7999736 ], [ -74.2681201, 4.7999707 ], [ -74.2681156, 4.7999678 ], [ -74.2681101, 4.799959 ], [ -74.2681047, 4.7999502 ], [ -74.2680995, 4.7999412 ], [ -74.2680945, 4.7999321 ], [ -74.2680897, 4.799923 ], [ -74.2680849, 4.7999137 ], [ -74.2680804, 4.7999044 ], [ -74.268076, 4.799895 ], [ -74.2680718, 4.7998856 ], [ -74.2680677, 4.799876 ], [ -74.2680639, 4.7998664 ], [ -74.2680601, 4.7998568 ], [ -74.2680566, 4.799847 ], [ -74.2680532, 4.7998372 ], [ -74.26805, 4.7998274 ], [ -74.268047, 4.7998175 ], [ -74.2680441, 4.7998075 ], [ -74.2680415, 4.7997975 ], [ -74.2680389, 4.7997875 ], [ -74.2680366, 4.7997774 ], [ -74.2680345, 4.7997673 ], [ -74.2680325, 4.7997571 ], [ -74.2680307, 4.7997469 ], [ -74.2680291, 4.7997367 ], [ -74.2680276, 4.7997264 ], [ -74.2680264, 4.7997161 ], [ -74.2680253, 4.7997058 ], [ -74.2680244, 4.7996955 ], [ -74.2680236, 4.7996852 ], [ -74.2680231, 4.7996748 ], [ -74.2680227, 4.7996645 ], [ -74.2680226, 4.7996541 ], [ -74.2680226, 4.7996438 ], [ -74.2680228, 4.7996334 ], [ -74.2680231, 4.7996231 ], [ -74.2680237, 4.7996127 ], [ -74.2680244, 4.7996024 ], [ -74.2680253, 4.7995921 ], [ -74.2680264, 4.7995818 ], [ -74.2680276, 4.7995715 ], [ -74.2680291, 4.7995613 ], [ -74.2680307, 4.799551 ], [ -74.2680325, 4.7995408 ], [ -74.2680345, 4.7995307 ], [ -74.2680367, 4.7995206 ], [ -74.268039, 4.7995105 ], [ -74.2680415, 4.7995004 ], [ -74.2680442, 4.7994904 ], [ -74.268047, 4.7994805 ], [ -74.2680501, 4.7994706 ], [ -74.2680533, 4.7994607 ], [ -74.2680567, 4.7994509 ], [ -74.2680602, 4.7994412 ], [ -74.2680639, 4.7994315 ], [ -74.2680678, 4.7994219 ], [ -74.2680719, 4.7994124 ], [ -74.2680761, 4.7994029 ], [ -74.2680805, 4.7993935 ], [ -74.268085, 4.7993842 ], [ -74.2680897, 4.799375 ], [ -74.2680946, 4.7993658 ], [ -74.2680996, 4.7993568 ], [ -74.2681048, 4.7993478 ], [ -74.2681102, 4.7993389 ], [ -74.2681157, 4.7993301 ], [ -74.2681213, 4.7993215 ], [ -74.2681271, 4.7993129 ], [ -74.2681331, 4.7993044 ], [ -74.2681392, 4.799296 ], [ -74.2681454, 4.7992877 ], [ -74.2681518, 4.7992795 ], [ -74.2681583, 4.7992715 ], [ -74.268165, 4.7992636 ], [ -74.2681718, 4.7992557 ], [ -74.2681788, 4.799248 ], [ -74.2681858, 4.7992404 ], [ -74.268193, 4.799233 ], [ -74.2682004, 4.7992257 ], [ -74.2682078, 4.7992184 ], [ -74.2682154, 4.7992114 ], [ -74.2682231, 4.7992044 ], [ -74.268231, 4.7991976 ], [ -74.2682389, 4.799191 ], [ -74.268247, 4.7991844 ], [ -74.2682552, 4.799178 ], [ -74.2682635, 4.7991718 ], [ -74.2682719, 4.7991657 ], [ -74.2682804, 4.7991597 ], [ -74.268289, 4.7991539 ], [ -74.2682977, 4.7991483 ], [ -74.2683065, 4.7991428 ], [ -74.2683154, 4.7991374 ], [ -74.2683244, 4.7991322 ], [ -74.2683334, 4.7991272 ], [ -74.2683426, 4.7991223 ], [ -74.2683518, 4.7991176 ], [ -74.2683612, 4.799113 ], [ -74.2683706, 4.7991087 ], [ -74.2683801, 4.7991044 ], [ -74.2683896, 4.7991004 ], [ -74.2683993, 4.7990965 ], [ -74.2684089, 4.7990927 ], [ -74.2684187, 4.7990892 ], [ -74.2684285, 4.7990858 ], [ -74.2684384, 4.7990825 ], [ -74.2684483, 4.7990795 ], [ -74.2684583, 4.7990766 ], [ -74.2684683, 4.7990739 ], [ -74.2684784, 4.7990714 ], [ -74.2684885, 4.799069 ], [ -74.2684987, 4.7990669 ], [ -74.2685089, 4.7990649 ], [ -74.2685191, 4.799063 ], [ -74.2685257, 4.7990456 ], [ -74.2685326, 4.7990283 ], [ -74.2685398, 4.7990111 ], [ -74.2685473, 4.798994 ], [ -74.268555, 4.7989771 ], [ -74.2685631, 4.7989603 ], [ -74.2685715, 4.7989436 ], [ -74.2685801, 4.7989271 ], [ -74.2685891, 4.7989108 ], [ -74.2685983, 4.7988946 ], [ -74.2686078, 4.7988785 ], [ -74.2686176, 4.7988627 ], [ -74.2686276, 4.7988469 ], [ -74.2686379, 4.7988314 ], [ -74.2686485, 4.7988161 ], [ -74.2686594, 4.7988009 ], [ -74.2686705, 4.798786 ], [ -74.2686819, 4.7987712 ], [ -74.2686935, 4.7987566 ], [ -74.2687054, 4.7987422 ], [ -74.2687176, 4.7987281 ], [ -74.2687299, 4.7987141 ], [ -74.2687426, 4.7987004 ], [ -74.2687554, 4.7986869 ], [ -74.2687685, 4.7986736 ], [ -74.2687818, 4.7986605 ], [ -74.2687954, 4.7986477 ], [ -74.2688091, 4.7986351 ], [ -74.2688231, 4.7986227 ], [ -74.2688373, 4.7986106 ], [ -74.2688517, 4.7985987 ], [ -74.2688663, 4.7985871 ], [ -74.2688812, 4.7985758 ], [ -74.2688962, 4.7985647 ], [ -74.2689114, 4.7985538 ], [ -74.2689267, 4.7985432 ], [ -74.2689423, 4.7985329 ], [ -74.2689581, 4.7985229 ], [ -74.268974, 4.7985131 ], [ -74.2689901, 4.7985036 ], [ -74.2690063, 4.7984944 ], [ -74.2690227, 4.7984855 ], [ -74.2690393, 4.7984768 ], [ -74.269056, 4.7984685 ], [ -74.2690728, 4.7984604 ], [ -74.2690898, 4.7984526 ], [ -74.2691069, 4.7984452 ], [ -74.2691242, 4.798438 ], [ -74.2691415, 4.7984311 ], [ -74.269159, 4.7984245 ], [ -74.2691766, 4.7984182 ], [ -74.2691943, 4.7984123 ], [ -74.2692121, 4.7984066 ], [ -74.26923, 4.7984012 ], [ -74.269248, 4.7983962 ], [ -74.2692661, 4.7983914 ], [ -74.2692842, 4.798387 ], [ -74.2693025, 4.7983829 ], [ -74.2693208, 4.7983791 ], [ -74.2693391, 4.7983756 ], [ -74.2693575, 4.7983725 ], [ -74.269376, 4.7983696 ], [ -74.2693945, 4.7983671 ], [ -74.2694131, 4.7983649 ], [ -74.2694317, 4.798363 ], [ -74.2694503, 4.7983615 ], [ -74.269469, 4.7983602 ], [ -74.2694876, 4.7983593 ], [ -74.2694714, 4.798283 ], [ -74.2694539, 4.7982069 ], [ -74.269435, 4.7981311 ], [ -74.2694149, 4.7980557 ], [ -74.2693935, 4.7979807 ], [ -74.2693707, 4.797906 ], [ -74.2693468, 4.7978317 ], [ -74.2693215, 4.7977578 ], [ -74.269295, 4.7976844 ], [ -74.2692673, 4.7976114 ], [ -74.2692382, 4.7975389 ], [ -74.269208, 4.7974669 ], [ -74.2691765, 4.7973955 ], [ -74.2691438, 4.7973245 ], [ -74.2691099, 4.7972542 ], [ -74.2690748, 4.7971844 ], [ -74.2690386, 4.7971153 ], [ -74.2690011, 4.7970467 ], [ -74.2689625, 4.7969788 ], [ -74.2689227, 4.7969116 ], [ -74.2689352, 4.7968991 ], [ -74.2689475, 4.7968864 ], [ -74.2689595, 4.7968734 ], [ -74.2689714, 4.7968603 ], [ -74.268983, 4.7968469 ], [ -74.2689944, 4.7968334 ], [ -74.2690055, 4.7968197 ], [ -74.2690164, 4.7968057 ], [ -74.2690271, 4.7967916 ], [ -74.2690375, 4.7967773 ], [ -74.2690476, 4.7967628 ], [ -74.2690575, 4.7967482 ], [ -74.2690672, 4.7967334 ], [ -74.2690766, 4.7967184 ], [ -74.2690857, 4.7967032 ], [ -74.2690946, 4.7966879 ], [ -74.2691031, 4.7966725 ], [ -74.2691115, 4.7966569 ], [ -74.2691195, 4.7966411 ], [ -74.2691273, 4.7966253 ], [ -74.2691348, 4.7966093 ], [ -74.269142, 4.7965931 ], [ -74.269149, 4.7965769 ], [ -74.2691556, 4.7965605 ], [ -74.269162, 4.796544 ], [ -74.269168, 4.7965274 ], [ -74.2691738, 4.7965107 ], [ -74.2691793, 4.7964939 ], [ -74.2691845, 4.796477 ], [ -74.2691895, 4.7964601 ], [ -74.2691941, 4.796443 ], [ -74.2691984, 4.7964259 ], [ -74.2692024, 4.7964087 ], [ -74.2692061, 4.7963914 ], [ -74.2692095, 4.7963741 ], [ -74.2692127, 4.7963567 ], [ -74.2692155, 4.7963392 ], [ -74.269218, 4.7963217 ], [ -74.2692202, 4.7963042 ], [ -74.2692221, 4.7962867 ], [ -74.2692237, 4.7962691 ], [ -74.2692249, 4.7962514 ], [ -74.2692259, 4.7962338 ], [ -74.2692266, 4.7962162 ], [ -74.269227, 4.7961985 ], [ -74.269227, 4.7961808 ], [ -74.2692268, 4.7961632 ], [ -74.2692262, 4.7961455 ], [ -74.2692253, 4.7961279 ], [ -74.2692242, 4.7961102 ], [ -74.2692227, 4.7960926 ], [ -74.2692209, 4.7960751 ], [ -74.2692188, 4.7960575 ], [ -74.2692164, 4.79604 ], [ -74.2692137, 4.7960226 ], [ -74.2692107, 4.7960051 ], [ -74.2692074, 4.7959878 ], [ -74.2692038, 4.7959705 ], [ -74.2691999, 4.7959533 ], [ -74.2691957, 4.7959361 ], [ -74.2691912, 4.795919 ], [ -74.2691864, 4.795902 ], [ -74.2691813, 4.7958851 ], [ -74.2691759, 4.7958683 ], [ -74.2691702, 4.7958515 ], [ -74.2691643, 4.7958349 ], [ -74.269158, 4.7958184 ], [ -74.2691514, 4.795802 ], [ -74.2691446, 4.7957857 ], [ -74.2691251, 4.795782 ], [ -74.2691056, 4.795778 ], [ -74.2690862, 4.7957737 ], [ -74.2690669, 4.795769 ], [ -74.2690476, 4.795764 ], [ -74.2690285, 4.7957587 ], [ -74.2690094, 4.795753 ], [ -74.2689905, 4.795747 ], [ -74.2689716, 4.7957407 ], [ -74.2689529, 4.7957341 ], [ -74.2689343, 4.7957271 ], [ -74.2689158, 4.7957198 ], [ -74.2688974, 4.7957122 ], [ -74.2688792, 4.7957043 ], [ -74.2688611, 4.7956961 ], [ -74.2688431, 4.7956876 ], [ -74.2688253, 4.7956787 ], [ -74.2688077, 4.7956696 ], [ -74.2687902, 4.7956601 ], [ -74.2687729, 4.7956503 ], [ -74.2687558, 4.7956403 ], [ -74.2687388, 4.7956299 ], [ -74.2687221, 4.7956193 ], [ -74.2687055, 4.7956084 ], [ -74.2686891, 4.7955971 ], [ -74.2686729, 4.7955857 ], [ -74.2686569, 4.7955739 ], [ -74.2686411, 4.7955618 ], [ -74.2686255, 4.7955495 ], [ -74.2686102, 4.7955369 ], [ -74.2685951, 4.7955241 ], [ -74.2685801, 4.795511 ], [ -74.2685655, 4.7954976 ], [ -74.268551, 4.795484 ], [ -74.2685368, 4.7954701 ], [ -74.2685229, 4.795456 ], [ -74.2685091, 4.7954417 ], [ -74.2684957, 4.7954271 ], [ -74.2684825, 4.7954123 ], [ -74.2684695, 4.7953972 ], [ -74.2684568, 4.795382 ], [ -74.2684444, 4.7953665 ], [ -74.2684323, 4.7953508 ], [ -74.2684204, 4.7953349 ], [ -74.2684088, 4.7953188 ], [ -74.2683975, 4.7953025 ], [ -74.2683865, 4.795286 ], [ -74.2683757, 4.7952693 ], [ -74.2683653, 4.7952525 ], [ -74.2683551, 4.7952354 ], [ -74.2683453, 4.7952182 ], [ -74.2683357, 4.7952009 ], [ -74.2683265, 4.7951833 ], [ -74.2683175, 4.7951656 ], [ -74.2683089, 4.7951478 ], [ -74.2683006, 4.7951298 ], [ -74.2682926, 4.7951116 ], [ -74.2682849, 4.7950934 ], [ -74.2682775, 4.795075 ], [ -74.2682705, 4.7950564 ], [ -74.2682637, 4.7950378 ], [ -74.2682573, 4.795019 ], [ -74.2682513, 4.7950002 ], [ -74.2682455, 4.7949812 ], [ -74.2682401, 4.7949621 ], [ -74.268235, 4.794943 ], [ -74.2682303, 4.7949237 ], [ -74.2682259, 4.7949044 ], [ -74.2682218, 4.794885 ], [ -74.2682181, 4.7948655 ], [ -74.2682147, 4.794846 ], [ -74.2682116, 4.7948264 ], [ -74.2682089, 4.7948068 ], [ -74.2682065, 4.7947871 ], [ -74.2682045, 4.7947674 ], [ -74.2682028, 4.7947477 ], [ -74.2682014, 4.7947279 ], [ -74.2682004, 4.7947081 ], [ -74.2681998, 4.7946883 ], [ -74.2681995, 4.7946685 ], [ -74.2681995, 4.7946487 ], [ -74.2681999, 4.7946289 ], [ -74.2682006, 4.7946091 ], [ -74.2682017, 4.7945893 ], [ -74.2682031, 4.7945695 ], [ -74.2682048, 4.7945498 ], [ -74.2682069, 4.7945301 ], [ -74.2682094, 4.7945104 ], [ -74.2682122, 4.7944908 ], [ -74.2682153, 4.7944712 ], [ -74.2682187, 4.7944517 ], [ -74.2682225, 4.7944323 ], [ -74.2682267, 4.7944129 ], [ -74.2682312, 4.7943936 ], [ -74.268236, 4.7943744 ], [ -74.2682411, 4.7943552 ], [ -74.2682466, 4.7943362 ], [ -74.2682524, 4.7943172 ], [ -74.2682585, 4.7942984 ], [ -74.268265, 4.7942796 ], [ -74.2682718, 4.794261 ], [ -74.2682789, 4.7942425 ], [ -74.2682863, 4.7942241 ], [ -74.2682941, 4.7942059 ], [ -74.2683021, 4.7941878 ], [ -74.2683105, 4.7941698 ], [ -74.2683192, 4.794152 ], [ -74.2683282, 4.7941343 ], [ -74.2683375, 4.7941168 ], [ -74.2683982, 4.7940937 ], [ -74.2684585, 4.7940697 ], [ -74.2685184, 4.7940446 ], [ -74.2685778, 4.7940185 ], [ -74.2686368, 4.7939915 ], [ -74.2686954, 4.7939635 ], [ -74.2687534, 4.7939344 ], [ -74.268811, 4.7939045 ], [ -74.268868, 4.7938735 ], [ -74.2689246, 4.7938417 ], [ -74.2689805, 4.7938088 ], [ -74.269036, 4.7937751 ], [ -74.2690908, 4.7937404 ], [ -74.2691451, 4.7937048 ], [ -74.2691987, 4.7936683 ], [ -74.2692517, 4.793631 ], [ -74.2693041, 4.7935927 ], [ -74.2693558, 4.7935536 ], [ -74.2694069, 4.7935136 ], [ -74.2694184, 4.7935166 ], [ -74.26943, 4.7935195 ], [ -74.2694416, 4.7935221 ], [ -74.2694532, 4.7935245 ], [ -74.2694649, 4.7935267 ], [ -74.2694766, 4.7935288 ], [ -74.2694884, 4.7935306 ], [ -74.2695002, 4.7935322 ], [ -74.269512, 4.7935336 ], [ -74.2695238, 4.7935348 ], [ -74.2695357, 4.7935358 ], [ -74.2695475, 4.7935366 ], [ -74.2695594, 4.7935372 ], [ -74.2695713, 4.7935376 ], [ -74.2695832, 4.7935378 ], [ -74.2695951, 4.7935377 ], [ -74.269607, 4.7935375 ], [ -74.2696189, 4.7935371 ], [ -74.2696308, 4.7935364 ], [ -74.2696426, 4.7935356 ], [ -74.2696545, 4.7935345 ], [ -74.2696663, 4.7935333 ], [ -74.2696781, 4.7935318 ], [ -74.2696899, 4.7935301 ], [ -74.2697016, 4.7935282 ], [ -74.2697134, 4.7935262 ], [ -74.269725, 4.7935239 ], [ -74.2697367, 4.7935214 ], [ -74.2697482, 4.7935187 ], [ -74.2697598, 4.7935158 ], [ -74.2697713, 4.7935127 ], [ -74.2697827, 4.7935095 ], [ -74.2697941, 4.793506 ], [ -74.2698054, 4.7935023 ], [ -74.2698166, 4.7934984 ], [ -74.2698278, 4.7934944 ], [ -74.2698389, 4.7934901 ], [ -74.2698499, 4.7934856 ], [ -74.2698609, 4.793481 ], [ -74.2698717, 4.7934762 ], [ -74.2698825, 4.7934712 ], [ -74.2698932, 4.7934659 ], [ -74.2699038, 4.7934606 ], [ -74.2699143, 4.793455 ], [ -74.2699247, 4.7934492 ], [ -74.269935, 4.7934433 ], [ -74.2699452, 4.7934372 ], [ -74.2699553, 4.7934309 ], [ -74.2699653, 4.7934244 ], [ -74.2699751, 4.7934178 ], [ -74.2699849, 4.793411 ], [ -74.2699945, 4.793404 ], [ -74.270004, 4.7933969 ], [ -74.2700134, 4.7933896 ], [ -74.2700226, 4.7933821 ], [ -74.2700317, 4.7933745 ], [ -74.2700407, 4.7933667 ], [ -74.2700496, 4.7933588 ], [ -74.2700583, 4.7933507 ], [ -74.2700668, 4.7933425 ], [ -74.2700752, 4.7933341 ], [ -74.2700835, 4.7933256 ], [ -74.2700916, 4.7933169 ], [ -74.2700996, 4.7933081 ], [ -74.2701074, 4.7932992 ], [ -74.270115, 4.7932901 ], [ -74.2701225, 4.7932809 ], [ -74.2701299, 4.7932716 ], [ -74.270137, 4.7932621 ], [ -74.270144, 4.7932525 ], [ -74.2701509, 4.7932428 ], [ -74.2701575, 4.793233 ], [ -74.270164, 4.7932231 ], [ -74.2701703, 4.793213 ], [ -74.2701765, 4.7932029 ], [ -74.2701825, 4.7931926 ], [ -74.2701882, 4.7931822 ], [ -74.2701938, 4.7931718 ], [ -74.2701862, 4.793155 ], [ -74.2701788, 4.7931381 ], [ -74.2701718, 4.7931211 ], [ -74.270165, 4.7931039 ], [ -74.2701586, 4.7930867 ], [ -74.2701524, 4.7930693 ], [ -74.2701466, 4.7930518 ], [ -74.270141, 4.7930343 ], [ -74.2701358, 4.7930166 ], [ -74.2701309, 4.7929989 ], [ -74.2701263, 4.792981 ], [ -74.2701219, 4.7929631 ], [ -74.2701179, 4.7929451 ], [ -74.2701143, 4.7929271 ], [ -74.2701109, 4.792909 ], [ -74.2701078, 4.7928908 ], [ -74.2701051, 4.7928726 ], [ -74.2701027, 4.7928543 ], [ -74.2701006, 4.792836 ], [ -74.2700988, 4.7928177 ], [ -74.2700974, 4.7927993 ], [ -74.2700962, 4.792781 ], [ -74.2700954, 4.7927626 ], [ -74.2700949, 4.7927441 ], [ -74.2700947, 4.7927257 ], [ -74.2700949, 4.7927073 ], [ -74.2700953, 4.7926889 ], [ -74.2700961, 4.7926705 ], [ -74.2700972, 4.7926521 ], [ -74.2700987, 4.7926337 ], [ -74.2701004, 4.7926154 ], [ -74.2701025, 4.7925971 ], [ -74.2701048, 4.7925788 ], [ -74.2701075, 4.7925606 ], [ -74.2701106, 4.7925425 ], [ -74.2701139, 4.7925243 ], [ -74.2701175, 4.7925063 ], [ -74.2701215, 4.7924883 ], [ -74.2701258, 4.7924704 ], [ -74.2701304, 4.7924525 ], [ -74.2701353, 4.7924348 ], [ -74.2701405, 4.7924171 ], [ -74.270146, 4.7923995 ], [ -74.2701518, 4.792382 ], [ -74.2701579, 4.7923647 ], [ -74.2701643, 4.7923474 ], [ -74.2701711, 4.7923302 ], [ -74.2701781, 4.7923132 ], [ -74.2701854, 4.7922963 ], [ -74.270193, 4.7922795 ], [ -74.2702009, 4.7922628 ], [ -74.2702091, 4.7922463 ], [ -74.2702176, 4.79223 ], [ -74.2702263, 4.7922137 ], [ -74.2702354, 4.7921977 ], [ -74.2702447, 4.7921818 ], [ -74.2702543, 4.792166 ], [ -74.2702642, 4.7921505 ], [ -74.2702743, 4.7921351 ], [ -74.2702847, 4.7921198 ], [ -74.2702954, 4.7921048 ], [ -74.2703063, 4.7920899 ], [ -74.2703175, 4.7920753 ], [ -74.2703289, 4.7920608 ], [ -74.2703406, 4.7920465 ], [ -74.2703525, 4.7920325 ], [ -74.2703647, 4.7920186 ], [ -74.2703771, 4.792005 ], [ -74.2703898, 4.7919916 ], [ -74.2704027, 4.7919784 ], [ -74.2704158, 4.7919654 ], [ -74.2704135, 4.7919542 ], [ -74.2704113, 4.7919431 ], [ -74.2704094, 4.7919318 ], [ -74.2704077, 4.7919206 ], [ -74.2704061, 4.7919093 ], [ -74.2704048, 4.791898 ], [ -74.2704037, 4.7918867 ], [ -74.2704027, 4.7918754 ], [ -74.270402, 4.791864 ], [ -74.2704014, 4.7918527 ], [ -74.2704011, 4.7918413 ], [ -74.2704009, 4.7918299 ], [ -74.270401, 4.7918185 ], [ -74.2704012, 4.7918072 ], [ -74.2704017, 4.7917958 ], [ -74.2704023, 4.7917844 ], [ -74.2704032, 4.7917731 ], [ -74.2704042, 4.7917618 ], [ -74.2704054, 4.7917505 ], [ -74.2704069, 4.7917392 ], [ -74.2704085, 4.7917279 ], [ -74.2704104, 4.7917167 ], [ -74.2704124, 4.7917055 ], [ -74.2704146, 4.7916943 ], [ -74.270417, 4.7916832 ], [ -74.2704196, 4.7916721 ], [ -74.2704224, 4.7916611 ], [ -74.2704254, 4.7916501 ], [ -74.2704286, 4.7916392 ], [ -74.270432, 4.7916284 ], [ -74.2704356, 4.7916175 ], [ -74.2704393, 4.7916068 ], [ -74.2704433, 4.7915961 ], [ -74.2704474, 4.7915855 ], [ -74.2704517, 4.791575 ], [ -74.2704562, 4.7915645 ], [ -74.2704609, 4.7915542 ], [ -74.2704658, 4.7915439 ], [ -74.2704708, 4.7915337 ], [ -74.270476, 4.7915235 ], [ -74.2704814, 4.7915135 ], [ -74.270487, 4.7915036 ], [ -74.2704927, 4.7914938 ], [ -74.2704987, 4.791484 ], [ -74.2705047, 4.7914744 ], [ -74.270511, 4.7914649 ], [ -74.2705174, 4.7914555 ], [ -74.270524, 4.7914462 ], [ -74.2705307, 4.791437 ], [ -74.2705376, 4.7914279 ], [ -74.2705447, 4.791419 ], [ -74.2705519, 4.7914102 ], [ -74.2705593, 4.7914015 ], [ -74.2705668, 4.7913929 ], [ -74.2705744, 4.7913845 ], [ -74.2705823, 4.7913762 ], [ -74.2705902, 4.791368 ], [ -74.2705983, 4.79136 ], [ -74.2706066, 4.7913522 ], [ -74.2706149, 4.7913444 ], [ -74.2706234, 4.7913368 ], [ -74.2706321, 4.7913294 ], [ -74.2706408, 4.7913221 ], [ -74.2706497, 4.791315 ], [ -74.2706587, 4.791308 ], [ -74.2706679, 4.7913012 ], [ -74.2706771, 4.7912945 ], [ -74.2706865, 4.791288 ], [ -74.270696, 4.7912817 ], [ -74.2707056, 4.7912755 ], [ -74.2707153, 4.7912695 ], [ -74.2707251, 4.7912637 ], [ -74.270735, 4.791258 ], [ -74.270745, 4.7912525 ], [ -74.2707551, 4.7912472 ], [ -74.2707653, 4.7912421 ], [ -74.2707755, 4.7912371 ], [ -74.2707859, 4.7912323 ], [ -74.2707963, 4.7912277 ], [ -74.2708068, 4.7912233 ], [ -74.2708174, 4.7912191 ], [ -74.2708281, 4.791215 ], [ -74.2708388, 4.7912112 ], [ -74.2708496, 4.7912075 ], [ -74.2708605, 4.791204 ], [ -74.2708714, 4.7912007 ], [ -74.2708824, 4.7911976 ], [ -74.2708935, 4.7911947 ], [ -74.2709045, 4.7911919 ], [ -74.2709157, 4.7911894 ], [ -74.2709268, 4.7911871 ], [ -74.270938, 4.7911849 ], [ -74.2709493, 4.791183 ], [ -74.2709606, 4.7911812 ], [ -74.270982, 4.7911249 ], [ -74.2710043, 4.7910689 ], [ -74.2710276, 4.7910134 ], [ -74.2710519, 4.7909582 ], [ -74.271077, 4.7909034 ], [ -74.2711031, 4.7908491 ], [ -74.2711301, 4.7907952 ], [ -74.271158, 4.7907418 ], [ -74.2711869, 4.7906888 ], [ -74.2712166, 4.7906364 ], [ -74.2712471, 4.7905844 ], [ -74.2712786, 4.790533 ], [ -74.2713109, 4.7904821 ], [ -74.2713441, 4.7904318 ], [ -74.2713781, 4.790382 ], [ -74.271413, 4.7903328 ], [ -74.2714487, 4.7902842 ], [ -74.2714852, 4.7902362 ], [ -74.2715026, 4.790223 ], [ -74.2715202, 4.7902102 ], [ -74.271538, 4.7901976 ], [ -74.2715561, 4.7901854 ], [ -74.2715743, 4.7901734 ], [ -74.2715928, 4.7901618 ], [ -74.2716115, 4.7901506 ], [ -74.2716304, 4.7901396 ], [ -74.2716494, 4.790129 ], [ -74.2716686, 4.7901187 ], [ -74.2716881, 4.7901087 ], [ -74.2717077, 4.7900991 ], [ -74.2717274, 4.7900898 ], [ -74.2717473, 4.7900809 ], [ -74.2717674, 4.7900723 ], [ -74.2717876, 4.790064 ], [ -74.2718079, 4.7900562 ], [ -74.2718284, 4.7900486 ], [ -74.271849, 4.7900415 ], [ -74.2718698, 4.7900346 ], [ -74.2718906, 4.7900282 ], [ -74.2719116, 4.7900221 ], [ -74.2719327, 4.7900164 ], [ -74.2719538, 4.790011 ], [ -74.2719751, 4.790006 ], [ -74.2719964, 4.7900014 ], [ -74.2720178, 4.7899971 ], [ -74.2720393, 4.7899933 ], [ -74.2720609, 4.7899898 ], [ -74.2720825, 4.7899866 ], [ -74.2721042, 4.7899839 ], [ -74.2721259, 4.7899815 ], [ -74.2721476, 4.7899795 ], [ -74.2721694, 4.7899779 ], [ -74.2721912, 4.7899766 ], [ -74.272213, 4.7899758 ], [ -74.2722348, 4.7899753 ], [ -74.2722567, 4.7899752 ], [ -74.2722785, 4.7899754 ], [ -74.2723003, 4.7899761 ], [ -74.2723221, 4.7899771 ], [ -74.2723439, 4.7899785 ], [ -74.2723657, 4.7899803 ], [ -74.2723874, 4.7899825 ], [ -74.2724091, 4.789985 ], [ -74.2724308, 4.7899879 ], [ -74.2724523, 4.7899912 ], [ -74.2724739, 4.7899949 ], [ -74.2724995, 4.7900293 ], [ -74.2725256, 4.7900632 ], [ -74.2725523, 4.7900967 ], [ -74.2725796, 4.7901297 ], [ -74.2726075, 4.7901623 ], [ -74.2726358, 4.7901944 ], [ -74.2726647, 4.7902261 ], [ -74.2726941, 4.7902573 ], [ -74.2727241, 4.7902879 ], [ -74.2727545, 4.7903181 ], [ -74.2727855, 4.7903478 ], [ -74.2728169, 4.7903769 ], [ -74.2728259, 4.7903582 ], [ -74.2728353, 4.7903395 ], [ -74.272845, 4.7903211 ], [ -74.272855, 4.7903028 ], [ -74.2728653, 4.7902847 ], [ -74.272876, 4.7902668 ], [ -74.2728869, 4.790249 ], [ -74.2728982, 4.7902315 ], [ -74.2729097, 4.7902141 ], [ -74.2729216, 4.7901969 ], [ -74.2729338, 4.79018 ], [ -74.2729462, 4.7901633 ], [ -74.2729589, 4.7901467 ], [ -74.272972, 4.7901304 ], [ -74.2729853, 4.7901144 ], [ -74.2729988, 4.7900985 ], [ -74.2730127, 4.7900829 ], [ -74.2730268, 4.7900676 ], [ -74.2730412, 4.7900524 ], [ -74.2730558, 4.7900376 ], [ -74.2730707, 4.790023 ], [ -74.2730859, 4.7900086 ], [ -74.2731013, 4.7899945 ], [ -74.2731169, 4.7899807 ], [ -74.2731328, 4.7899671 ], [ -74.2731489, 4.7899539 ], [ -74.2731652, 4.7899409 ], [ -74.2731818, 4.7899281 ], [ -74.2731985, 4.7899157 ], [ -74.2732155, 4.7899036 ], [ -74.2732327, 4.7898917 ], [ -74.2732501, 4.7898802 ], [ -74.2732677, 4.7898689 ], [ -74.2732855, 4.789858 ], [ -74.2733035, 4.7898474 ], [ -74.2733216, 4.7898371 ], [ -74.27334, 4.789827 ], [ -74.2733585, 4.7898174 ], [ -74.2733772, 4.789808 ], [ -74.273396, 4.7897989 ], [ -74.273415, 4.7897902 ], [ -74.2734341, 4.7897818 ], [ -74.2734534, 4.7897738 ], [ -74.2734728, 4.789766 ], [ -74.2734923, 4.7897586 ], [ -74.273512, 4.7897516 ], [ -74.2735318, 4.7897449 ], [ -74.2735517, 4.7897385 ], [ -74.2735717, 4.7897325 ], [ -74.2735918, 4.7897268 ], [ -74.273612, 4.7897214 ], [ -74.2736323, 4.7897164 ], [ -74.2736527, 4.7897118 ], [ -74.2736731, 4.7897075 ], [ -74.2736937, 4.7897036 ], [ -74.2737143, 4.7897 ], [ -74.2737349, 4.7896968 ], [ -74.2737556, 4.7896939 ], [ -74.2737764, 4.7896914 ], [ -74.2737972, 4.7896892 ], [ -74.273818, 4.7896874 ], [ -74.2738388, 4.789686 ], [ -74.2738597, 4.7896849 ], [ -74.2738806, 4.7896842 ], [ -74.2739015, 4.7896838 ], [ -74.2739224, 4.7896838 ], [ -74.2739433, 4.7896842 ], [ -74.2739642, 4.7896849 ], [ -74.2739851, 4.789686 ], [ -74.2740059, 4.7896874 ], [ -74.2740267, 4.7896892 ], [ -74.2740475, 4.7896914 ], [ -74.2740683, 4.7896939 ], [ -74.274089, 4.7896968 ], [ -74.2741096, 4.7897 ], [ -74.2741302, 4.7897036 ], [ -74.2741508, 4.7897075 ], [ -74.2741712, 4.7897118 ], [ -74.2741916, 4.7897164 ], [ -74.2742119, 4.7897214 ], [ -74.2742321, 4.7897267 ], [ -74.2742522, 4.7897324 ], [ -74.2742722, 4.7897385 ], [ -74.2742921, 4.7897448 ], [ -74.2743119, 4.7897516 ], [ -74.2743316, 4.7897586 ], [ -74.2743511, 4.789766 ], [ -74.2743705, 4.7897737 ], [ -74.2743908, 4.789768 ], [ -74.2744112, 4.7897626 ], [ -74.2744317, 4.7897576 ], [ -74.2744523, 4.7897529 ], [ -74.2744729, 4.7897486 ], [ -74.2744937, 4.7897447 ], [ -74.2745144, 4.7897411 ], [ -74.2745353, 4.7897378 ], [ -74.2745562, 4.7897349 ], [ -74.2745771, 4.7897324 ], [ -74.2745981, 4.7897303 ], [ -74.2746191, 4.7897285 ], [ -74.2746402, 4.789727 ], [ -74.2746613, 4.7897259 ], [ -74.2746823, 4.7897252 ], [ -74.2747034, 4.7897249 ], [ -74.2747245, 4.7897249 ], [ -74.2747456, 4.7897252 ], [ -74.2747667, 4.789726 ], [ -74.2747878, 4.7897271 ], [ -74.2748088, 4.7897285 ], [ -74.2748298, 4.7897303 ], [ -74.2748508, 4.7897325 ], [ -74.2748718, 4.7897351 ], [ -74.2748927, 4.789738 ], [ -74.2749135, 4.7897412 ], [ -74.2749343, 4.7897448 ], [ -74.274955, 4.7897488 ], [ -74.2749757, 4.7897531 ], [ -74.2749962, 4.7897578 ], [ -74.2750167, 4.7897629 ], [ -74.2750371, 4.7897682 ], [ -74.2750574, 4.789774 ], [ -74.2750776, 4.7897801 ], [ -74.2750977, 4.7897865 ], [ -74.2751177, 4.7897933 ], [ -74.2751375, 4.7898004 ], [ -74.2751572, 4.7898078 ], [ -74.2751768, 4.7898156 ], [ -74.2751963, 4.7898238 ], [ -74.2752156, 4.7898322 ], [ -74.2752348, 4.789841 ], [ -74.2752538, 4.7898501 ], [ -74.2752726, 4.7898596 ], [ -74.2752913, 4.7898694 ], [ -74.2753098, 4.7898794 ], [ -74.2753281, 4.7898899 ], [ -74.2753463, 4.7899006 ], [ -74.2753642, 4.7899116 ], [ -74.275382, 4.7899229 ], [ -74.2753996, 4.7899346 ], [ -74.2759847, 4.7891504 ], [ -74.2760015, 4.7891306 ], [ -74.276018, 4.7891105 ], [ -74.2760341, 4.7890901 ], [ -74.2760499, 4.7890694 ], [ -74.2760653, 4.7890485 ], [ -74.2760803, 4.7890273 ], [ -74.276095, 4.7890058 ], [ -74.2761093, 4.7889841 ], [ -74.2761232, 4.7889622 ], [ -74.2761367, 4.78894 ], [ -74.2761498, 4.7889176 ], [ -74.2761626, 4.788895 ], [ -74.2761749, 4.7888721 ], [ -74.2761869, 4.7888491 ], [ -74.2761985, 4.7888258 ], [ -74.2762096, 4.7888023 ], [ -74.2762203, 4.7887787 ], [ -74.2762307, 4.7887549 ], [ -74.2762406, 4.7887309 ], [ -74.2762501, 4.7887067 ], [ -74.2762591, 4.7886823 ], [ -74.2762678, 4.7886579 ], [ -74.276276, 4.7886332 ], [ -74.2762838, 4.7886085 ], [ -74.2762912, 4.7885836 ], [ -74.2762981, 4.7885585 ], [ -74.2763046, 4.7885334 ], [ -74.2763106, 4.7885082 ], [ -74.2763162, 4.7884828 ], [ -74.2763214, 4.7884574 ], [ -74.2763261, 4.7884319 ], [ -74.2763304, 4.7884062 ], [ -74.2763343, 4.7883806 ], [ -74.2763377, 4.7883548 ], [ -74.2763406, 4.7883291 ], [ -74.2763431, 4.7883032 ], [ -74.2763452, 4.7882773 ], [ -74.2763468, 4.7882514 ], [ -74.2763479, 4.7882255 ], [ -74.2763795, 4.7881935 ], [ -74.2764117, 4.7881621 ], [ -74.2764444, 4.7881312 ], [ -74.2764777, 4.7881009 ], [ -74.2765114, 4.7880712 ], [ -74.2765457, 4.7880421 ], [ -74.2765805, 4.7880135 ], [ -74.2766158, 4.7879856 ], [ -74.2766515, 4.7879583 ], [ -74.2766878, 4.7879316 ], [ -74.2767244, 4.7879055 ], [ -74.2767616, 4.7878801 ], [ -74.2767991, 4.7878553 ], [ -74.2768371, 4.7878312 ], [ -74.2768755, 4.7878077 ], [ -74.2769143, 4.7877849 ], [ -74.2769535, 4.7877628 ], [ -74.2769931, 4.7877414 ], [ -74.2770331, 4.7877206 ], [ -74.2770734, 4.7877005 ], [ -74.277114, 4.7876812 ], [ -74.277155, 4.7876625 ], [ -74.2771742, 4.7876543 ], [ -74.2771936, 4.7876465 ], [ -74.2772131, 4.787639 ], [ -74.2772327, 4.7876318 ], [ -74.2772524, 4.787625 ], [ -74.2772723, 4.7876185 ], [ -74.2772922, 4.7876124 ], [ -74.2773123, 4.7876066 ], [ -74.2773325, 4.7876011 ], [ -74.2773527, 4.7875961 ], [ -74.2773731, 4.7875913 ], [ -74.2773935, 4.7875869 ], [ -74.277414, 4.7875829 ], [ -74.2774345, 4.7875792 ], [ -74.2774552, 4.7875758 ], [ -74.2774758, 4.7875729 ], [ -74.2774966, 4.7875703 ], [ -74.2775173, 4.787568 ], [ -74.2775381, 4.7875661 ], [ -74.277559, 4.7875645 ], [ -74.2775798, 4.7875634 ], [ -74.2776007, 4.7875625 ], [ -74.2776216, 4.7875621 ], [ -74.2776425, 4.787562 ], [ -74.2776634, 4.7875622 ], [ -74.2776842, 4.7875629 ], [ -74.2777051, 4.7875638 ], [ -74.277726, 4.7875652 ], [ -74.2777468, 4.7875669 ], [ -74.2777676, 4.7875689 ], [ -74.2777883, 4.7875714 ], [ -74.277809, 4.7875741 ], [ -74.2778297, 4.7875773 ], [ -74.2778503, 4.7875808 ], [ -74.2778708, 4.7875846 ], [ -74.2778913, 4.7875888 ], [ -74.2779116, 4.7875933 ], [ -74.277932, 4.7875982 ], [ -74.2779522, 4.7876035 ], [ -74.2779723, 4.7876091 ], [ -74.2779923, 4.787615 ], [ -74.2780122, 4.7876213 ], [ -74.278032, 4.787628 ], [ -74.2780517, 4.7876349 ], [ -74.2780713, 4.7876422 ], [ -74.2780907, 4.7876499 ], [ -74.27811, 4.7876579 ], [ -74.2781291, 4.7876662 ], [ -74.2781482, 4.7876748 ], [ -74.278167, 4.7876838 ], [ -74.2781857, 4.7876931 ], [ -74.2782042, 4.7877027 ], [ -74.2783858, 4.7875017 ], [ -74.2786279, 4.7874011 ], [ -74.2792736, 4.7875419 ], [ -74.2799395, 4.7876625 ], [ -74.2804641, 4.7874614 ], [ -74.2811905, 4.7871598 ], [ -74.2820783, 4.787381 ], [ -74.2880508, 4.7894118 ], [ -74.290694, 4.7905378 ], [ -74.293317, 4.7921262 ], [ -74.2951733, 4.7930914 ], [ -74.2955769, 4.7934131 ], [ -74.2955616, 4.7934375 ], [ -74.2955468, 4.7934622 ], [ -74.2955323, 4.7934871 ], [ -74.2955183, 4.7935123 ], [ -74.2955048, 4.7935377 ], [ -74.2954917, 4.7935633 ], [ -74.295479, 4.7935892 ], [ -74.2954668, 4.7936153 ], [ -74.295455, 4.7936415 ], [ -74.2954437, 4.793668 ], [ -74.2954329, 4.7936947 ], [ -74.2954225, 4.7937215 ], [ -74.2954126, 4.7937486 ], [ -74.2954031, 4.7937758 ], [ -74.2953941, 4.7938031 ], [ -74.2953856, 4.7938306 ], [ -74.2953776, 4.7938583 ], [ -74.2953701, 4.793886 ], [ -74.295363, 4.793914 ], [ -74.2953564, 4.793942 ], [ -74.2953503, 4.7939701 ], [ -74.2953447, 4.7939983 ], [ -74.2953396, 4.7940267 ], [ -74.295335, 4.7940551 ], [ -74.2953308, 4.7940835 ], [ -74.2953272, 4.7941121 ], [ -74.2953241, 4.7941407 ], [ -74.2953214, 4.7941694 ], [ -74.2953193, 4.7941981 ], [ -74.2953176, 4.7942268 ], [ -74.2953164, 4.7942555 ], [ -74.2953158, 4.7942843 ], [ -74.2953156, 4.7943131 ], [ -74.295316, 4.7943419 ], [ -74.2953168, 4.7943706 ], [ -74.2953181, 4.7943994 ], [ -74.29532, 4.7944281 ], [ -74.2953223, 4.7944568 ], [ -74.2953251, 4.7944854 ], [ -74.2953284, 4.794514 ], [ -74.2953322, 4.7945426 ], [ -74.2953365, 4.794571 ], [ -74.2953413, 4.7945994 ], [ -74.2953466, 4.7946277 ], [ -74.2953524, 4.7946559 ], [ -74.2953587, 4.794684 ], [ -74.2953654, 4.794712 ], [ -74.2953726, 4.7947398 ], [ -74.2953803, 4.7947675 ], [ -74.2953885, 4.7947951 ], [ -74.2953972, 4.7948226 ], [ -74.2954063, 4.7948499 ], [ -74.295416, 4.794877 ], [ -74.295426, 4.794904 ], [ -74.2954366, 4.7949308 ], [ -74.2954476, 4.7949574 ], [ -74.2954591, 4.7949838 ], [ -74.295471, 4.79501 ], [ -74.2954834, 4.795036 ], [ -74.2954962, 4.7950618 ], [ -74.2982403, 4.7981984 ], [ -74.3003387, 4.8002091 ], [ -74.3018319, 4.8016568 ], [ -74.3034057, 4.8026018 ], [ -74.3037285, 4.8028229 ], [ -74.3042733, 4.8021192 ], [ -74.3050602, 4.8010737 ], [ -74.3056857, 4.800752 ], [ -74.3061094, 4.8002292 ], [ -74.305948, 4.7989625 ], [ -74.3057866, 4.7982387 ], [ -74.30503, 4.7951523 ], [ -74.3051712, 4.7946999 ], [ -74.3062002, 4.7927194 ], [ -74.3071183, 4.7910204 ], [ -74.307885, 4.7897436 ], [ -74.3087123, 4.7890901 ], [ -74.3093681, 4.78907 ], [ -74.3103063, 4.7891605 ], [ -74.3112345, 4.7887382 ], [ -74.3127074, 4.7877731 ], [ -74.3132119, 4.7869688 ], [ -74.3154515, 4.7850587 ], [ -74.3173886, 4.7833697 ], [ -74.3171464, 4.7827665 ], [ -74.3169245, 4.7823442 ], [ -74.3163192, 4.7816002 ], [ -74.3163393, 4.7810674 ], [ -74.3181351, 4.7787149 ], [ -74.3199713, 4.7768248 ], [ -74.3205178, 4.7761055 ], [ -74.3211668, 4.7759338 ], [ -74.3216712, 4.7758132 ], [ -74.3221353, 4.7757227 ], [ -74.3226296, 4.7753105 ], [ -74.3231341, 4.7749284 ], [ -74.3233257, 4.7746369 ], [ -74.3233413, 4.7744818 ], [ -74.3234872, 4.7744006 ], [ -74.3239411, 4.7737672 ], [ -74.3239916, 4.7731741 ], [ -74.3243447, 4.7724402 ], [ -74.324496, 4.7721687 ], [ -74.3249601, 4.7719525 ], [ -74.3250307, 4.7716459 ], [ -74.3259639, 4.7711633 ], [ -74.3258681, 4.770726 ], [ -74.3263725, 4.7704847 ], [ -74.3266752, 4.7702836 ], [ -74.3269577, 4.7700423 ], [ -74.3270384, 4.7698614 ], [ -74.3271191, 4.7693185 ], [ -74.3279463, 4.7683131 ], [ -74.3280271, 4.7681321 ], [ -74.3280876, 4.7679914 ], [ -74.3283095, 4.76773 ], [ -74.3286929, 4.7672474 ], [ -74.3286993, 4.7671375 ], [ -74.3323688, 4.7693866 ], [ -74.3310364, 4.7644695 ], [ -74.3314914, 4.7644522 ], [ -74.3324081, 4.7644108 ], [ -74.3333737, 4.7642955 ], [ -74.3339384, 4.764205 ], [ -74.3344458, 4.7641473 ], [ -74.3352887, 4.7639581 ], [ -74.3357505, 4.7638507 ], [ -74.3364685, 4.7638299 ], [ -74.3371232, 4.7637202 ], [ -74.3377124, 4.7636762 ], [ -74.3379321, 4.7635959 ], [ -74.3383494, 4.76353 ], [ -74.3390859, 4.7633409 ], [ -74.3397569, 4.763119 ], [ -74.3401893, 4.7629657 ], [ -74.3406257, 4.7629307 ], [ -74.3411058, 4.7628976 ], [ -74.3413786, 4.7628756 ], [ -74.3416187, 4.7628755 ], [ -74.3419024, 4.762963 ], [ -74.3424372, 4.7630175 ], [ -74.3420978, 4.7630273 ], [ -74.3420861, 4.7630273 ], [ -74.342028, 4.7632011 ], [ -74.342028, 4.7633169 ], [ -74.341935, 4.7637687 ], [ -74.3419466, 4.7641393 ], [ -74.3420745, 4.7643594 ], [ -74.3420745, 4.7645679 ], [ -74.3420629, 4.7647417 ], [ -74.3418653, 4.765205 ], [ -74.3419002, 4.7655062 ], [ -74.3418537, 4.7656336 ], [ -74.3417839, 4.7657379 ], [ -74.3417723, 4.765761 ], [ -74.3415979, 4.7663749 ], [ -74.3415631, 4.7666993 ], [ -74.3417142, 4.7668846 ], [ -74.3416212, 4.767012 ], [ -74.3416677, 4.7672321 ], [ -74.3417142, 4.7674175 ], [ -74.341749, 4.7676144 ], [ -74.3416677, 4.768043 ], [ -74.3417258, 4.7682399 ], [ -74.3414236, 4.7683789 ], [ -74.3413655, 4.7682399 ], [ -74.341319, 4.7682283 ], [ -74.3410168, 4.768402 ], [ -74.340947, 4.7684831 ], [ -74.3406448, 4.768599 ], [ -74.3405751, 4.768877 ], [ -74.3404239, 4.769097 ], [ -74.3404472, 4.7692592 ], [ -74.340238, 4.7696994 ], [ -74.3400752, 4.7699426 ], [ -74.3399474, 4.7702438 ], [ -74.3398079, 4.7704986 ], [ -74.3397963, 4.7707303 ], [ -74.3397614, 4.7707766 ], [ -74.339773, 4.7709156 ], [ -74.3395638, 4.7712168 ], [ -74.3395696, 4.7713848 ], [ -74.3325431, 4.7703944 ], [ -74.3325315, 4.770655 ], [ -74.3392093, 4.7779409 ], [ -74.3394999, 4.7781842 ], [ -74.3396742, 4.7780567 ], [ -74.3398021, 4.777744 ], [ -74.3399009, 4.7777845 ], [ -74.3400171, 4.7778193 ], [ -74.3402322, 4.7777845 ], [ -74.3403949, 4.7777903 ], [ -74.340668, 4.7777961 ], [ -74.3408889, 4.777883 ], [ -74.340918, 4.7778946 ], [ -74.341226, 4.7779988 ], [ -74.3413306, 4.7780973 ], [ -74.3413364, 4.7781842 ], [ -74.3413655, 4.7782826 ], [ -74.341412, 4.7784216 ], [ -74.3415166, 4.7785201 ], [ -74.3416096, 4.7786707 ], [ -74.3416793, 4.7787517 ], [ -74.3416561, 4.7788849 ], [ -74.3416444, 4.7788965 ], [ -74.3415631, 4.7788791 ], [ -74.3414003, 4.7788849 ], [ -74.3413306, 4.7790471 ], [ -74.3414236, 4.7791803 ], [ -74.3415805, 4.7793019 ], [ -74.3417955, 4.7794641 ], [ -74.3419931, 4.7796089 ], [ -74.3422489, 4.7797711 ], [ -74.3424639, 4.7798695 ], [ -74.3426557, 4.7798 ], [ -74.3427952, 4.7797363 ], [ -74.3432872, 4.7795301 ], [ -74.3434793, 4.7797952 ], [ -74.3436271, 4.7798983 ], [ -74.3437454, 4.7801561 ], [ -74.3437528, 4.7804212 ], [ -74.3437084, 4.7806348 ], [ -74.3436419, 4.7808483 ], [ -74.3434941, 4.7810472 ], [ -74.3435385, 4.7811797 ], [ -74.3438341, 4.7812533 ], [ -74.3440188, 4.7812239 ], [ -74.344137, 4.7811723 ], [ -74.3443587, 4.7813933 ], [ -74.346524, 4.7821076 ], [ -74.3465462, 4.7821739 ], [ -74.3466422, 4.7823433 ], [ -74.3467309, 4.782439 ], [ -74.34679, 4.7825126 ], [ -74.3469452, 4.7825495 ], [ -74.3470856, 4.7825642 ], [ -74.3472113, 4.782601 ], [ -74.3472556, 4.7827262 ], [ -74.3472778, 4.7828146 ], [ -74.3472999, 4.7828956 ], [ -74.3474403, 4.7829029 ], [ -74.347529, 4.7829177 ], [ -74.3476177, 4.7830134 ], [ -74.3477064, 4.7831386 ], [ -74.3477655, 4.7833669 ], [ -74.3477877, 4.7834332 ], [ -74.3478837, 4.7835657 ], [ -74.34931, 4.7841401 ], [ -74.3494947, 4.7843095 ], [ -74.3496647, 4.7844789 ], [ -74.3498495, 4.7846924 ], [ -74.3501598, 4.7849428 ], [ -74.350485, 4.785149 ], [ -74.3507436, 4.7853405 ], [ -74.3511575, 4.785613 ], [ -74.3515418, 4.7859296 ], [ -74.3520664, 4.7861211 ], [ -74.352532, 4.7865408 ], [ -74.3526946, 4.786747 ], [ -74.3531602, 4.7870932 ], [ -74.3538252, 4.7875129 ], [ -74.35384, 4.787535 ], [ -74.3520332, 4.7873859 ], [ -74.3519815, 4.7875479 ], [ -74.3519962, 4.7876804 ], [ -74.3520554, 4.7878461 ], [ -74.3522253, 4.7883064 ], [ -74.3522881, 4.7884721 ], [ -74.3526096, 4.7888661 ], [ -74.3527352, 4.7889655 ], [ -74.3530863, 4.7893411 ], [ -74.3537661, 4.7900038 ], [ -74.3540322, 4.7905193 ], [ -74.3545199, 4.7909906 ], [ -74.3546973, 4.791079 ], [ -74.3549337, 4.7911232 ], [ -74.3551407, 4.7911379 ], [ -74.3553624, 4.7911232 ], [ -74.3555841, 4.7910054 ], [ -74.3557614, 4.7908875 ], [ -74.3558058, 4.7908139 ], [ -74.3560866, 4.7910054 ], [ -74.3563378, 4.7911821 ], [ -74.3570325, 4.7913441 ], [ -74.3573872, 4.7915208 ], [ -74.3575498, 4.7913294 ], [ -74.3576532, 4.7912115 ], [ -74.3579045, 4.7913441 ], [ -74.3582297, 4.7913146 ], [ -74.3583036, 4.7912705 ], [ -74.3583775, 4.7913588 ], [ -74.3587913, 4.7915503 ], [ -74.3595598, 4.7917565 ], [ -74.3601806, 4.7920216 ], [ -74.3605058, 4.7923014 ], [ -74.3605058, 4.7925371 ], [ -74.3603875, 4.7927875 ], [ -74.3605649, 4.7929642 ], [ -74.3609491, 4.7931262 ], [ -74.3608605, 4.793406 ], [ -74.3609787, 4.7937743 ], [ -74.3611265, 4.7938332 ], [ -74.3614812, 4.7940983 ], [ -74.3616881, 4.7943045 ], [ -74.3618655, 4.7943339 ], [ -74.3619246, 4.7944517 ], [ -74.3618951, 4.7944665 ], [ -74.3617473, 4.7946432 ], [ -74.3616438, 4.7948494 ], [ -74.3615995, 4.7949378 ], [ -74.3615699, 4.7952618 ], [ -74.3617177, 4.79563 ], [ -74.3616142, 4.7959393 ], [ -74.361496, 4.7963075 ], [ -74.3615403, 4.7968083 ], [ -74.3615403, 4.7972059 ], [ -74.3615551, 4.7974268 ], [ -74.3615108, 4.7977656 ], [ -74.3616438, 4.797471 ], [ -74.3617325, 4.7972648 ], [ -74.3619098, 4.7969703 ], [ -74.3621168, 4.796661 ], [ -74.3626932, 4.796337 ], [ -74.3630922, 4.796278 ], [ -74.3634913, 4.796278 ], [ -74.3639495, 4.7961013 ], [ -74.3644372, 4.7959835 ], [ -74.365457, 4.7958509 ], [ -74.3660482, 4.7959393 ], [ -74.3664768, 4.7957773 ], [ -74.3670089, 4.7955711 ], [ -74.3671124, 4.7955122 ], [ -74.3675114, 4.7954091 ], [ -74.3678809, 4.7952471 ], [ -74.3681322, 4.7954091 ], [ -74.3682356, 4.7955416 ], [ -74.3683686, 4.7958657 ], [ -74.3684425, 4.7960571 ], [ -74.3684869, 4.796278 ], [ -74.368413, 4.796499 ], [ -74.3682208, 4.79644 ], [ -74.368073, 4.7962044 ], [ -74.3679548, 4.7961308 ], [ -74.3673784, 4.7962191 ], [ -74.3671271, 4.7964106 ], [ -74.3668168, 4.7967493 ], [ -74.3667576, 4.7971323 ], [ -74.3667724, 4.7972796 ], [ -74.3665655, 4.79739 ], [ -74.3662773, 4.7974342 ], [ -74.3659669, 4.7975373 ], [ -74.3657304, 4.797714 ], [ -74.3656565, 4.7979276 ], [ -74.3657083, 4.7981338 ], [ -74.3658413, 4.7984062 ], [ -74.3659891, 4.7985388 ], [ -74.366196, 4.7986934 ], [ -74.3664694, 4.798907 ], [ -74.366765, 4.7990985 ], [ -74.3671124, 4.7992531 ], [ -74.3674375, 4.7994078 ], [ -74.3676518, 4.7992899 ], [ -74.36794, 4.7991353 ], [ -74.3680287, 4.7991353 ], [ -74.3681248, 4.7993636 ], [ -74.3682874, 4.7995182 ], [ -74.3687086, 4.7997612 ], [ -74.3690929, 4.7998717 ], [ -74.3692702, 4.8001442 ], [ -74.3693441, 4.8005124 ], [ -74.3693515, 4.8006523 ], [ -74.3690337, 4.801153 ], [ -74.3689968, 4.8012488 ], [ -74.3689672, 4.8015212 ], [ -74.3691594, 4.801779 ], [ -74.3693219, 4.801941 ], [ -74.3695732, 4.8021987 ], [ -74.3700831, 4.8022061 ], [ -74.37029, 4.8021545 ], [ -74.3704009, 4.8023165 ], [ -74.3709256, 4.8024859 ], [ -74.3710881, 4.8024123 ], [ -74.3711103, 4.8024859 ], [ -74.3712064, 4.8026479 ], [ -74.3716054, 4.8025816 ], [ -74.3716683, 4.8026111 ], [ -74.3716867, 4.8027915 ], [ -74.3718013, 4.8030971 ], [ -74.3722188, 4.8031155 ], [ -74.3722521, 4.8030714 ], [ -74.3731278, 4.8037967 ], [ -74.3737781, 4.8029388 ], [ -74.3739296, 4.8029314 ], [ -74.3741661, 4.8029425 ], [ -74.374251, 4.802821 ], [ -74.3743914, 4.8026921 ], [ -74.3744912, 4.8026553 ], [ -74.3744986, 4.8026958 ], [ -74.3745651, 4.8029093 ], [ -74.3746058, 4.8030677 ], [ -74.3746464, 4.8031376 ], [ -74.374724, 4.8032481 ], [ -74.374857, 4.8033144 ], [ -74.3748903, 4.8033512 ], [ -74.3749531, 4.8033696 ], [ -74.3750639, 4.8033512 ], [ -74.3751711, 4.8032665 ], [ -74.3752339, 4.8032923 ], [ -74.3752672, 4.803307 ], [ -74.3753263, 4.8034101 ], [ -74.3754408, 4.8034616 ], [ -74.37608, 4.8034138 ], [ -74.3760911, 4.8035537 ], [ -74.3763535, 4.8035647 ], [ -74.37642, 4.8035831 ], [ -74.3765456, 4.8037746 ], [ -74.3765419, 4.8038703 ], [ -74.3765604, 4.8040066 ], [ -74.3766749, 4.8041759 ], [ -74.3767932, 4.8042643 ], [ -74.3770888, 4.8043527 ], [ -74.3772218, 4.8044042 ], [ -74.3775506, 4.8044374 ], [ -74.3777797, 4.8044079 ], [ -74.3778241, 4.8043085 ], [ -74.3779091, 4.8042054 ], [ -74.3781012, 4.8041354 ], [ -74.3783451, 4.8041612 ], [ -74.3784079, 4.8042459 ], [ -74.3785372, 4.8043527 ], [ -74.378648, 4.8043453 ], [ -74.3787663, 4.8042754 ], [ -74.3788993, 4.8042054 ], [ -74.3790102, 4.8043011 ], [ -74.3790582, 4.8044042 ], [ -74.3792429, 4.8044852 ], [ -74.3794203, 4.8045478 ], [ -74.379509, 4.8049418 ], [ -74.3795053, 4.8051959 ], [ -74.379509, 4.8053026 ], [ -74.3795829, 4.8053247 ], [ -74.3796826, 4.8053689 ], [ -74.379775, 4.8054131 ], [ -74.37986, 4.8055272 ], [ -74.3799413, 4.8058071 ], [ -74.379993, 4.806028 ], [ -74.380126, 4.8062194 ], [ -74.3801778, 4.8063005 ], [ -74.3804623, 4.806352 ], [ -74.3806138, 4.8061605 ], [ -74.3806433, 4.8059617 ], [ -74.3807172, 4.8059249 ], [ -74.3807505, 4.8059359 ], [ -74.3808022, 4.8060243 ], [ -74.3808096, 4.8060906 ], [ -74.3808059, 4.8061753 ], [ -74.3808429, 4.8062158 ], [ -74.3809537, 4.8062194 ], [ -74.3809944, 4.8062194 ], [ -74.3810165, 4.8063815 ], [ -74.3810239, 4.8064698 ], [ -74.3810793, 4.8064993 ], [ -74.3812826, 4.8064183 ], [ -74.3813639, 4.8063446 ], [ -74.3813971, 4.8063373 ], [ -74.3814414, 4.806422 ], [ -74.3814599, 4.8065692 ], [ -74.3814636, 4.8066061 ], [ -74.3815117, 4.806757 ], [ -74.3816003, 4.8068196 ], [ -74.3816631, 4.806838 ], [ -74.3818405, 4.8068601 ], [ -74.3819477, 4.8069853 ], [ -74.3819883, 4.8070773 ], [ -74.382162, 4.8071989 ], [ -74.3823393, 4.8072246 ], [ -74.3824576, 4.8072062 ], [ -74.3824908, 4.8071436 ], [ -74.3826608, 4.8070589 ], [ -74.3828825, 4.8070516 ], [ -74.3830488, 4.8070626 ], [ -74.3832409, 4.8070626 ], [ -74.3832668, 4.8070589 ], [ -74.3834589, 4.8070332 ], [ -74.3835143, 4.8070332 ], [ -74.3837508, 4.8071105 ], [ -74.383858, 4.8072209 ], [ -74.3840205, 4.8073461 ], [ -74.3844381, 4.8073645 ], [ -74.3845933, 4.8074235 ], [ -74.3848113, 4.8075265 ], [ -74.3851032, 4.8076076 ], [ -74.3852657, 4.8076444 ], [ -74.3853322, 4.8077033 ], [ -74.3853988, 4.8078432 ], [ -74.3854579, 4.807961 ], [ -74.3854948, 4.8081746 ], [ -74.3853766, 4.8083439 ], [ -74.3853544, 4.8084691 ], [ -74.3853692, 4.8085796 ], [ -74.3854209, 4.808668 ], [ -74.3855909, 4.8087637 ], [ -74.3857683, 4.8087563 ], [ -74.3858717, 4.8087711 ], [ -74.3859752, 4.8088152 ], [ -74.3860269, 4.8088741 ], [ -74.3859234, 4.8090214 ], [ -74.3857904, 4.8091024 ], [ -74.3855835, 4.8091908 ], [ -74.3855318, 4.8093086 ], [ -74.3855761, 4.8095001 ], [ -74.3856944, 4.8096253 ], [ -74.3857978, 4.8097873 ], [ -74.3857165, 4.810045 ], [ -74.3855909, 4.8101186 ], [ -74.3854874, 4.8103764 ], [ -74.3855983, 4.8106562 ], [ -74.3854874, 4.8108992 ], [ -74.3853988, 4.8110686 ], [ -74.3852436, 4.8111643 ], [ -74.3852362, 4.8114368 ], [ -74.3850071, 4.8117166 ], [ -74.3848667, 4.8119007 ], [ -74.3846524, 4.8120554 ], [ -74.3845563, 4.8122689 ], [ -74.3847484, 4.8125046 ], [ -74.3848076, 4.8125782 ], [ -74.3848593, 4.8128801 ], [ -74.3849775, 4.8130053 ], [ -74.3851475, 4.8130716 ], [ -74.3852436, 4.8132262 ], [ -74.3852288, 4.8134398 ], [ -74.3849258, 4.8134766 ], [ -74.3846524, 4.8135134 ], [ -74.3844085, 4.8136018 ], [ -74.3841055, 4.8137343 ], [ -74.384209, 4.8139552 ], [ -74.3841794, 4.8140878 ], [ -74.3839873, 4.8139994 ], [ -74.3837286, 4.8139331 ], [ -74.3836326, 4.814132 ], [ -74.3838025, 4.8143087 ], [ -74.3840981, 4.8144486 ], [ -74.3843568, 4.8146033 ], [ -74.3844455, 4.8147137 ], [ -74.3842977, 4.8149273 ], [ -74.384076, 4.8150451 ], [ -74.383869, 4.8151408 ], [ -74.3836547, 4.815023 ], [ -74.3834256, 4.8149862 ], [ -74.3833, 4.8151114 ], [ -74.383337, 4.8152881 ], [ -74.3834404, 4.8153691 ], [ -74.3835661, 4.8155532 ], [ -74.3835956, 4.8155753 ], [ -74.3837656, 4.8157447 ], [ -74.3838986, 4.8157888 ], [ -74.3841351, 4.8158772 ], [ -74.3844455, 4.8160318 ], [ -74.3845933, 4.8161791 ], [ -74.3845489, 4.8162601 ], [ -74.3842681, 4.8169597 ], [ -74.3843937, 4.817107 ], [ -74.384475, 4.8171143 ], [ -74.3846228, 4.8171438 ], [ -74.3847189, 4.81735 ], [ -74.3847706, 4.8171364 ], [ -74.3848002, 4.8170039 ], [ -74.3848371, 4.8169376 ], [ -74.3849258, 4.8168934 ], [ -74.3849554, 4.8168934 ], [ -74.3851179, 4.817188 ], [ -74.3853101, 4.8173794 ], [ -74.385517, 4.8172616 ], [ -74.3858348, 4.8172027 ], [ -74.3858348, 4.8172395 ], [ -74.3858495, 4.8172911 ], [ -74.3858569, 4.8173794 ], [ -74.3858791, 4.8174236 ], [ -74.3859013, 4.8175193 ], [ -74.38599, 4.8175046 ], [ -74.3860417, 4.8174972 ], [ -74.3861821, 4.8175267 ], [ -74.3862264, 4.8175782 ], [ -74.3863003, 4.8179833 ], [ -74.3863225, 4.8179906 ], [ -74.3865516, 4.8181232 ], [ -74.386559, 4.8181305 ], [ -74.3867068, 4.8181821 ], [ -74.3868324, 4.8181968 ], [ -74.3870172, 4.8182115 ], [ -74.3870837, 4.8182999 ], [ -74.387128, 4.8182999 ], [ -74.387165, 4.8181894 ], [ -74.3873054, 4.8179685 ], [ -74.3873201, 4.8179685 ], [ -74.387394, 4.8180937 ], [ -74.3875862, 4.8180495 ], [ -74.3875714, 4.8180937 ], [ -74.3875418, 4.8182263 ], [ -74.3874901, 4.8183294 ], [ -74.3874901, 4.8184693 ], [ -74.3875492, 4.8185576 ], [ -74.3876822, 4.818565 ], [ -74.3877414, 4.8185945 ], [ -74.3878227, 4.8188006 ], [ -74.3879409, 4.8186755 ], [ -74.3879852, 4.8185797 ], [ -74.388037, 4.8184545 ], [ -74.3881478, 4.8183367 ], [ -74.3882143, 4.8183294 ], [ -74.3883326, 4.8183367 ], [ -74.3883473, 4.8185061 ], [ -74.38834, 4.8186976 ], [ -74.3883991, 4.8188227 ], [ -74.388473, 4.8188227 ], [ -74.3885247, 4.8186828 ], [ -74.3886208, 4.8185135 ], [ -74.3886503, 4.8184914 ], [ -74.3887686, 4.8186386 ], [ -74.3889016, 4.8186902 ], [ -74.3889459, 4.8186681 ], [ -74.3889977, 4.8187344 ], [ -74.3889977, 4.8187933 ], [ -74.3889755, 4.8188522 ], [ -74.3890346, 4.8189995 ], [ -74.3893006, 4.8190657 ], [ -74.3892711, 4.8193824 ], [ -74.3893598, 4.819456 ], [ -74.3894706, 4.8193529 ], [ -74.3894706, 4.8192351 ], [ -74.3895076, 4.8190584 ], [ -74.3895593, 4.8189995 ], [ -74.3896258, 4.8189995 ], [ -74.3896775, 4.8190657 ], [ -74.3897514, 4.819294 ], [ -74.3898032, 4.8194118 ], [ -74.3898844, 4.819294 ], [ -74.3899436, 4.8191909 ], [ -74.3900027, 4.8191909 ], [ -74.3900249, 4.8191983 ], [ -74.3900618, 4.8193087 ], [ -74.3900766, 4.8194045 ], [ -74.3903278, 4.8192498 ], [ -74.3903426, 4.8192425 ], [ -74.390387, 4.8192867 ], [ -74.3904165, 4.8193824 ], [ -74.3906087, 4.8193161 ], [ -74.3906826, 4.8193014 ], [ -74.3906826, 4.819375 ], [ -74.3906973, 4.8193677 ], [ -74.3907269, 4.8194192 ], [ -74.3905865, 4.8195444 ], [ -74.3905569, 4.8195518 ], [ -74.3905274, 4.8196917 ], [ -74.3905274, 4.8197064 ], [ -74.3905422, 4.8197874 ], [ -74.3906604, 4.8198095 ], [ -74.3907343, 4.81978 ], [ -74.3908599, 4.8197432 ], [ -74.3909856, 4.8198095 ], [ -74.3910816, 4.8199126 ], [ -74.3912738, 4.819942 ], [ -74.3913255, 4.8198905 ], [ -74.3913772, 4.8198389 ], [ -74.3914807, 4.8197432 ], [ -74.3915176, 4.8197064 ], [ -74.3916211, 4.8195738 ], [ -74.3916433, 4.8194781 ], [ -74.3917245, 4.8193529 ], [ -74.3917984, 4.8192646 ], [ -74.3918132, 4.8191247 ], [ -74.3917911, 4.8189995 ], [ -74.3917763, 4.8187786 ], [ -74.3917984, 4.8187786 ], [ -74.3918576, 4.818797 ], [ -74.3919167, 4.8188706 ], [ -74.3919684, 4.8189663 ], [ -74.3920164, 4.8190142 ], [ -74.3920349, 4.8189663 ], [ -74.3920608, 4.8188411 ], [ -74.392094, 4.818797 ], [ -74.3922271, 4.8188706 ], [ -74.392301, 4.8189737 ], [ -74.3923157, 4.8192093 ], [ -74.3923194, 4.819294 ], [ -74.392397, 4.819375 ], [ -74.392482, 4.8194155 ], [ -74.3926076, 4.8194781 ], [ -74.3926003, 4.8195996 ], [ -74.3926778, 4.819769 ], [ -74.3926483, 4.8198905 ], [ -74.3927111, 4.8199899 ], [ -74.3927887, 4.8201224 ], [ -74.3926815, 4.8201998 ], [ -74.3925337, 4.8202255 ], [ -74.3924266, 4.820255 ], [ -74.3923859, 4.8205238 ], [ -74.3923786, 4.8207484 ], [ -74.3924377, 4.8209214 ], [ -74.3925448, 4.8209177 ], [ -74.3927776, 4.8208478 ], [ -74.3928811, 4.8208183 ], [ -74.3929697, 4.8208699 ], [ -74.3929291, 4.8210687 ], [ -74.392918, 4.8212381 ], [ -74.3930141, 4.8213927 ], [ -74.393221, 4.8212602 ], [ -74.3932764, 4.8211681 ], [ -74.3933392, 4.8212012 ], [ -74.3933762, 4.8213007 ], [ -74.3934168, 4.8213669 ], [ -74.3934907, 4.8213264 ], [ -74.3940219, 4.8209141 ], [ -74.3941069, 4.820903 ], [ -74.3941697, 4.8209877 ], [ -74.3942288, 4.8211681 ], [ -74.3943027, 4.8212859 ], [ -74.3944394, 4.8212417 ], [ -74.3945281, 4.8211423 ], [ -74.3945872, 4.8209914 ], [ -74.3946131, 4.8208183 ], [ -74.3946944, 4.8206526 ], [ -74.3948089, 4.8205495 ], [ -74.3948717, 4.8205569 ], [ -74.3950084, 4.8207999 ], [ -74.3952449, 4.8210208 ], [ -74.3953632, 4.8210908 ], [ -74.3954629, 4.8211939 ], [ -74.3955368, 4.8213375 ], [ -74.3955516, 4.8214627 ], [ -74.3956588, 4.8215363 ], [ -74.3957844, 4.8215842 ], [ -74.3958842, 4.8215363 ], [ -74.3960024, 4.8215437 ], [ -74.3962093, 4.8216431 ], [ -74.3964051, 4.8216909 ], [ -74.3966712, 4.8217093 ], [ -74.3968596, 4.8217278 ], [ -74.3970481, 4.8218272 ], [ -74.3971774, 4.8219597 ], [ -74.3972845, 4.8222579 ], [ -74.3973548, 4.8224163 ], [ -74.3975099, 4.8226593 ], [ -74.3976356, 4.8229281 ], [ -74.397739, 4.8230569 ], [ -74.3977686, 4.8227071 ], [ -74.3977649, 4.8224052 ], [ -74.3977908, 4.8220923 ], [ -74.3978092, 4.8218603 ], [ -74.3979423, 4.8216431 ], [ -74.3981787, 4.8212675 ], [ -74.3982231, 4.8211828 ], [ -74.398393, 4.8208846 ], [ -74.3987219, 4.8205569 ], [ -74.3988327, 4.8204612 ], [ -74.3989687, 4.8201879 ], [ -74.3992296, 4.820554 ], [ -74.3995035, 4.8207892 ], [ -74.3998296, 4.8210245 ], [ -74.4001556, 4.821299 ], [ -74.4003904, 4.8215473 ], [ -74.4006253, 4.8219657 ], [ -74.4007298, 4.8225542 ], [ -74.4008606, 4.8233257 ], [ -74.4010433, 4.8238487 ], [ -74.4011348, 4.8241626 ], [ -74.401187, 4.824411 ], [ -74.4013566, 4.8246856 ], [ -74.4015393, 4.8249732 ], [ -74.4018654, 4.8253654 ], [ -74.4020611, 4.8256007 ], [ -74.402348, 4.8258098 ], [ -74.4025436, 4.825862 ], [ -74.4027391, 4.8258881 ], [ -74.4029087, 4.8260711 ], [ -74.4028828, 4.8263196 ], [ -74.4028698, 4.8264765 ], [ -74.4029481, 4.8266465 ], [ -74.403209, 4.8269864 ], [ -74.4033395, 4.8272348 ], [ -74.4033527, 4.8275095 ], [ -74.4033659, 4.8278364 ], [ -74.4035355, 4.8280979 ], [ -74.4038095, 4.8285162 ], [ -74.4040051, 4.8286469 ], [ -74.4040572, 4.8286861 ], [ -74.4042529, 4.828843 ], [ -74.4043442, 4.8290129 ], [ -74.4046051, 4.8293528 ], [ -74.4047356, 4.8296667 ], [ -74.4047358, 4.8299413 ], [ -74.404788, 4.8301636 ], [ -74.404851, 4.8302121 ], [ -74.4047622, 4.8302375 ], [ -74.4046597, 4.8303258 ], [ -74.4044574, 4.8307539 ], [ -74.4043355, 4.8310134 ], [ -74.4042856, 4.8313779 ], [ -74.4041637, 4.831632 ], [ -74.4039697, 4.8319136 ], [ -74.4038976, 4.8319523 ], [ -74.4036371, 4.8321953 ], [ -74.4032824, 4.8322616 ], [ -74.4029388, 4.8321511 ], [ -74.402839, 4.832118 ], [ -74.4022515, 4.8320075 ], [ -74.4018303, 4.8319192 ], [ -74.401531, 4.8319633 ], [ -74.401398, 4.8322616 ], [ -74.4015088, 4.8325046 ], [ -74.4018192, 4.8327365 ], [ -74.4020852, 4.8329795 ], [ -74.402318, 4.8331563 ], [ -74.4025619, 4.8333551 ], [ -74.4026617, 4.8335649 ], [ -74.4026838, 4.8338411 ], [ -74.4027614, 4.8341283 ], [ -74.4029499, 4.834316 ], [ -74.4031826, 4.8345811 ], [ -74.4032602, 4.8347578 ], [ -74.403227, 4.8351776 ], [ -74.4033489, 4.8353543 ], [ -74.4035817, 4.8356857 ], [ -74.4036815, 4.8358293 ], [ -74.4036039, 4.8359728 ], [ -74.4036925, 4.836249 ], [ -74.4038477, 4.8365251 ], [ -74.4038921, 4.8367239 ], [ -74.4039142, 4.8370222 ], [ -74.4038256, 4.8371105 ], [ -74.4037147, 4.8371878 ], [ -74.4034708, 4.8373535 ], [ -74.4034265, 4.8375855 ], [ -74.4035928, 4.8377843 ], [ -74.4037812, 4.837961 ], [ -74.4038921, 4.8380936 ], [ -74.4038256, 4.8383145 ], [ -74.4035928, 4.8383918 ], [ -74.4033489, 4.8384581 ], [ -74.4032492, 4.8385796 ], [ -74.4032492, 4.8386569 ], [ -74.4034487, 4.8390877 ], [ -74.4036704, 4.8393527 ], [ -74.4036925, 4.839408 ], [ -74.4036815, 4.8396952 ], [ -74.4037701, 4.8398719 ], [ -74.4039697, 4.840148 ], [ -74.404014, 4.8403358 ], [ -74.4039475, 4.8406119 ], [ -74.4039032, 4.8408218 ], [ -74.4039475, 4.8409764 ], [ -74.4041138, 4.8410869 ], [ -74.4043687, 4.841109 ], [ -74.404402, 4.841109 ], [ -74.404535, 4.8415176 ], [ -74.4045793, 4.8415729 ], [ -74.4046791, 4.841617 ], [ -74.4048343, 4.8415839 ], [ -74.4049784, 4.8414735 ], [ -74.4052001, 4.8414293 ], [ -74.4053553, 4.8414514 ], [ -74.4054329, 4.841595 ], [ -74.4054994, 4.8418159 ], [ -74.4054772, 4.8421472 ], [ -74.4055992, 4.8423571 ], [ -74.4055548, 4.8426001 ], [ -74.4053664, 4.8428873 ], [ -74.405322, 4.8429535 ], [ -74.4053885, 4.8431413 ], [ -74.4055659, 4.8434174 ], [ -74.4057765, 4.8436052 ], [ -74.4058098, 4.843793 ], [ -74.405843, 4.8439587 ], [ -74.405965, 4.8441464 ], [ -74.4061756, 4.8441685 ], [ -74.4064194, 4.8441133 ], [ -74.4067298, 4.8441464 ], [ -74.4069183, 4.8441906 ], [ -74.4070069, 4.8441685 ], [ -74.4071178, 4.8441022 ], [ -74.4072065, 4.844279 ], [ -74.407273, 4.8444005 ], [ -74.4072951, 4.8445441 ], [ -74.4072065, 4.8448202 ], [ -74.4071067, 4.8450411 ], [ -74.4073949, 4.8455271 ], [ -74.407672, 4.8457922 ], [ -74.4077275, 4.8459799 ], [ -74.4077053, 4.846245 ], [ -74.4077829, 4.8465322 ], [ -74.4078937, 4.8467089 ], [ -74.4081265, 4.846731 ], [ -74.4082817, 4.846731 ], [ -74.4085699, 4.8467531 ], [ -74.4085699, 4.8468857 ], [ -74.4086364, 4.847206 ], [ -74.4086918, 4.8473054 ], [ -74.4090355, 4.8474048 ], [ -74.4091463, 4.8473275 ], [ -74.4092461, 4.8472722 ], [ -74.4094345, 4.8472612 ], [ -74.40949, 4.8473385 ], [ -74.4096008, 4.8475705 ], [ -74.4096451, 4.8479129 ], [ -74.409756, 4.8481006 ], [ -74.4098668, 4.8483657 ], [ -74.4099888, 4.8485645 ], [ -74.410155, 4.848675 ], [ -74.4102548, 4.8483326 ], [ -74.4102548, 4.8480123 ], [ -74.4101994, 4.8478356 ], [ -74.4102548, 4.8476699 ], [ -74.4103767, 4.8476809 ], [ -74.4104654, 4.8477582 ], [ -74.4107425, 4.8480012 ], [ -74.4109532, 4.8480896 ], [ -74.4111527, 4.8481448 ], [ -74.4113744, 4.8483436 ], [ -74.4114742, 4.848675 ], [ -74.4114298, 4.8487634 ], [ -74.4114797, 4.8489014 ], [ -74.4115296, 4.8489843 ], [ -74.4116571, 4.8490726 ], [ -74.411678, 4.8489959 ], [ -74.4115363, 4.8497473 ], [ -74.4113688, 4.8505377 ], [ -74.4112789, 4.8517167 ], [ -74.4111373, 4.8527143 ], [ -74.4110299, 4.8541346 ], [ -74.4110303, 4.8550965 ], [ -74.4108275, 4.8563403 ], [ -74.4105569, 4.8576327 ], [ -74.4104508, 4.8584295 ], [ -74.410422, 4.8589931 ], [ -74.4111296, 4.8599741 ], [ -74.4116726, 4.8610135 ], [ -74.4125061, 4.861907 ], [ -74.4139401, 4.8627419 ], [ -74.414977, 4.863441 ], [ -74.4153645, 4.8634894 ], [ -74.4154914, 4.863549 ], [ -74.4154342, 4.8642679 ] ], [ [ -74.3841709, 4.8169489 ], [ -74.3840634, 4.8169344 ], [ -74.3839821, 4.8168447 ], [ -74.3839704, 4.8166796 ], [ -74.3839501, 4.8165898 ], [ -74.3839181, 4.8165406 ], [ -74.3838135, 4.8166159 ], [ -74.3837699, 4.816752 ], [ -74.3836653, 4.8168562 ], [ -74.3835781, 4.8168562 ], [ -74.3835113, 4.8167896 ], [ -74.3835171, 4.8167896 ], [ -74.3834735, 4.8167549 ], [ -74.3832527, 4.8167867 ], [ -74.3831132, 4.8167607 ], [ -74.3830551, 4.8166506 ], [ -74.3830347, 4.8165435 ], [ -74.3829824, 4.8164479 ], [ -74.382904, 4.8163929 ], [ -74.3828081, 4.8162858 ], [ -74.38275, 4.8162018 ], [ -74.3826657, 4.8159933 ], [ -74.3826831, 4.8158833 ], [ -74.3827703, 4.8157559 ], [ -74.3828459, 4.815669 ], [ -74.3820264, 4.8156459 ], [ -74.3819043, 4.8156053 ], [ -74.3818346, 4.8153389 ], [ -74.3818869, 4.8152289 ], [ -74.3818637, 4.8151652 ], [ -74.381759, 4.8150667 ], [ -74.3816079, 4.8149393 ], [ -74.3815382, 4.8148177 ], [ -74.3816893, 4.814725 ], [ -74.381852, 4.8146613 ], [ -74.3819566, 4.8145687 ], [ -74.381945, 4.8144528 ], [ -74.3818578, 4.8143602 ], [ -74.3816661, 4.814337 ], [ -74.3814452, 4.8142907 ], [ -74.3812069, 4.8142849 ], [ -74.3810035, 4.8142617 ], [ -74.3808292, 4.8141691 ], [ -74.3803875, 4.8139143 ], [ -74.3802015, 4.8138505 ], [ -74.3800736, 4.8138274 ], [ -74.3798993, 4.8139143 ], [ -74.3797598, 4.8139027 ], [ -74.3796203, 4.8137637 ], [ -74.3795389, 4.8135726 ], [ -74.3794343, 4.8135147 ], [ -74.3793762, 4.8134915 ], [ -74.3790856, 4.8133757 ], [ -74.3790507, 4.8132888 ], [ -74.3789926, 4.8131035 ], [ -74.3788589, 4.813005 ], [ -74.3787369, 4.8129008 ], [ -74.3786497, 4.8127965 ], [ -74.3786439, 4.8127212 ], [ -74.3787078, 4.8124548 ], [ -74.3787137, 4.8122348 ], [ -74.3786207, 4.8119742 ], [ -74.3784405, 4.8118352 ], [ -74.3782371, 4.8116962 ], [ -74.378086, 4.8116035 ], [ -74.3779697, 4.8114877 ], [ -74.3775687, 4.811424 ], [ -74.3772898, 4.811424 ], [ -74.377098, 4.8113545 ], [ -74.3770282, 4.8112039 ], [ -74.3769934, 4.8110533 ], [ -74.3769294, 4.8108391 ], [ -74.3758891, 4.811395 ], [ -74.375523, 4.8108217 ], [ -74.3753544, 4.8105553 ], [ -74.3752208, 4.8102889 ], [ -74.3751103, 4.8100514 ], [ -74.3749418, 4.8097213 ], [ -74.3747674, 4.8095186 ], [ -74.374535, 4.809397 ], [ -74.3743025, 4.8093217 ], [ -74.374163, 4.8093217 ], [ -74.3738724, 4.8094028 ], [ -74.3738201, 4.8094376 ], [ -74.3732854, 4.8095418 ], [ -74.3729076, 4.8093275 ], [ -74.3723671, 4.8086963 ], [ -74.3723323, 4.8085399 ], [ -74.3721695, 4.8076886 ], [ -74.3711932, 4.8069473 ], [ -74.3703911, 4.8062639 ], [ -74.3700889, 4.8060786 ], [ -74.3697751, 4.8058237 ], [ -74.369531, 4.8057195 ], [ -74.3691706, 4.8056268 ], [ -74.368973, 4.8055805 ], [ -74.3687871, 4.8054878 ], [ -74.3686825, 4.8054068 ], [ -74.3681594, 4.8044106 ], [ -74.3675433, 4.803623 ], [ -74.3672295, 4.8034145 ], [ -74.3668575, 4.8032408 ], [ -74.3662996, 4.8038199 ], [ -74.3656022, 4.8035535 ], [ -74.3648699, 4.8026269 ], [ -74.3643352, 4.8020941 ], [ -74.3639749, 4.8015728 ], [ -74.3636378, 4.8015381 ], [ -74.3632891, 4.8014918 ], [ -74.3630101, 4.8014454 ], [ -74.3629055, 4.8015149 ], [ -74.3627777, 4.8016887 ], [ -74.3626265, 4.8017118 ], [ -74.3623476, 4.8014686 ], [ -74.3616618, 4.8010053 ], [ -74.3613712, 4.8006694 ], [ -74.361255, 4.8005651 ], [ -74.3609876, 4.8000671 ], [ -74.3609179, 4.8000092 ], [ -74.3608249, 4.7998007 ], [ -74.3607435, 4.799569 ], [ -74.3605227, 4.7993374 ], [ -74.3604064, 4.7992447 ], [ -74.3602437, 4.799152 ], [ -74.3599066, 4.7991984 ], [ -74.3598049, 4.7994821 ], [ -74.3597817, 4.7997138 ], [ -74.3597584, 4.8002698 ], [ -74.3597352, 4.8005246 ], [ -74.3596189, 4.8008721 ], [ -74.3597352, 4.8014512 ], [ -74.3598049, 4.8016366 ], [ -74.3594562, 4.801984 ], [ -74.3589448, 4.8018682 ], [ -74.3582473, 4.8017292 ], [ -74.3574802, 4.8014744 ], [ -74.3570385, 4.8012196 ], [ -74.356527, 4.8010574 ], [ -74.3563178, 4.8009416 ], [ -74.3558645, 4.8010574 ], [ -74.3556785, 4.8012543 ], [ -74.3557134, 4.8013933 ], [ -74.3560621, 4.8022389 ], [ -74.3562248, 4.8023663 ], [ -74.3567595, 4.8027138 ], [ -74.3569804, 4.8029454 ], [ -74.3572361, 4.8034087 ], [ -74.3573756, 4.8036172 ], [ -74.3575151, 4.8038952 ], [ -74.3576197, 4.8040458 ], [ -74.3577824, 4.8044512 ], [ -74.35798, 4.8049724 ], [ -74.3582008, 4.805262 ], [ -74.3587239, 4.8056442 ], [ -74.3590145, 4.8058411 ], [ -74.3596887, 4.8063508 ], [ -74.3596189, 4.8071036 ], [ -74.359863, 4.80737 ], [ -74.3605023, 4.8075901 ], [ -74.3605488, 4.8077523 ], [ -74.3608278, 4.8081345 ], [ -74.3609789, 4.8084936 ], [ -74.3610719, 4.8086441 ], [ -74.3613857, 4.8091885 ], [ -74.3616879, 4.8096518 ], [ -74.3621413, 4.8100341 ], [ -74.3630247, 4.8107522 ], [ -74.3632804, 4.8108217 ], [ -74.3637569, 4.8108333 ], [ -74.3643033, 4.8112387 ], [ -74.3649658, 4.8113429 ], [ -74.3653843, 4.8113777 ], [ -74.3659073, 4.811702 ], [ -74.3663723, 4.8119684 ], [ -74.3670697, 4.8122811 ], [ -74.3672324, 4.812339 ], [ -74.3676741, 4.8123506 ], [ -74.3679415, 4.8121305 ], [ -74.3684994, 4.8118989 ], [ -74.368697, 4.8116209 ], [ -74.36879, 4.8114935 ], [ -74.368976, 4.8115398 ], [ -74.3691619, 4.811783 ], [ -74.3692782, 4.8118294 ], [ -74.369406, 4.8118294 ], [ -74.3694525, 4.8117599 ], [ -74.3694525, 4.8108564 ], [ -74.3709055, 4.8119684 ], [ -74.3711554, 4.8120031 ], [ -74.3712658, 4.811951 ], [ -74.3713065, 4.8119568 ], [ -74.3715332, 4.8121711 ], [ -74.3716436, 4.8122058 ], [ -74.3717889, 4.8121305 ], [ -74.3718877, 4.8119336 ], [ -74.3719342, 4.8116904 ], [ -74.3720039, 4.8114124 ], [ -74.3720504, 4.8113545 ], [ -74.372062, 4.8113429 ], [ -74.3722596, 4.811285 ], [ -74.3723875, 4.811424 ], [ -74.3725154, 4.8114993 ], [ -74.3726665, 4.8115166 ], [ -74.3730617, 4.8114414 ], [ -74.3731953, 4.8114182 ], [ -74.3733813, 4.8113777 ], [ -74.3733929, 4.8114356 ], [ -74.373422, 4.8115224 ], [ -74.3735034, 4.8115919 ], [ -74.3737881, 4.8116846 ], [ -74.3737881, 4.8116962 ], [ -74.3738695, 4.811783 ], [ -74.373823, 4.8118525 ], [ -74.3736603, 4.8120089 ], [ -74.3735382, 4.8121132 ], [ -74.3735034, 4.8121769 ], [ -74.3734452, 4.8122695 ], [ -74.373515, 4.8123969 ], [ -74.3735847, 4.8125301 ], [ -74.3735905, 4.8126633 ], [ -74.3734511, 4.8126923 ], [ -74.3732825, 4.8126633 ], [ -74.3730791, 4.8127097 ], [ -74.3730384, 4.8127618 ], [ -74.3730326, 4.8132193 ], [ -74.3730675, 4.8133409 ], [ -74.3731895, 4.813422 ], [ -74.3732883, 4.8135262 ], [ -74.3734278, 4.8136652 ], [ -74.3735208, 4.8137811 ], [ -74.3737591, 4.81381 ], [ -74.3738637, 4.81381 ], [ -74.3738695, 4.8138563 ], [ -74.3738753, 4.8141112 ], [ -74.374131, 4.8143312 ], [ -74.3742531, 4.8143891 ], [ -74.3745379, 4.8143139 ], [ -74.3745902, 4.8141749 ], [ -74.3747238, 4.8140185 ], [ -74.3749273, 4.8140185 ], [ -74.3750086, 4.8141922 ], [ -74.3750842, 4.814337 ], [ -74.3751423, 4.8143718 ], [ -74.375613, 4.8143139 ], [ -74.3759501, 4.8141633 ], [ -74.3761361, 4.8141054 ], [ -74.3761594, 4.8141054 ], [ -74.3762233, 4.8142328 ], [ -74.3761361, 4.8143891 ], [ -74.3760024, 4.8145397 ], [ -74.3758862, 4.8146787 ], [ -74.37577, 4.814864 ], [ -74.3757118, 4.8149741 ], [ -74.3756828, 4.8150841 ], [ -74.3756537, 4.8151768 ], [ -74.375613, 4.8153852 ], [ -74.3756828, 4.8155242 ], [ -74.3757409, 4.8156053 ], [ -74.3757118, 4.8159065 ], [ -74.3757932, 4.8160512 ], [ -74.3761303, 4.816613 ], [ -74.376293, 4.8167867 ], [ -74.3766301, 4.8167636 ], [ -74.3765836, 4.8169373 ], [ -74.3765313, 4.8170242 ], [ -74.3765488, 4.81714 ], [ -74.376665, 4.8172558 ], [ -74.3768858, 4.8173543 ], [ -74.3769904, 4.817418 ], [ -74.3771416, 4.8174991 ], [ -74.3776588, 4.8179102 ], [ -74.3778274, 4.8180377 ], [ -74.3779436, 4.8181187 ], [ -74.3781179, 4.8181129 ], [ -74.378362, 4.818055 ], [ -74.3784085, 4.8180203 ], [ -74.3785073, 4.8179508 ], [ -74.3786701, 4.8177133 ], [ -74.3787107, 4.817667 ], [ -74.3788037, 4.8174991 ], [ -74.3789083, 4.8174238 ], [ -74.3789897, 4.8174064 ], [ -74.379106, 4.817389 ], [ -74.3793152, 4.8174701 ], [ -74.3794779, 4.8174701 ], [ -74.3796406, 4.8173369 ], [ -74.3797569, 4.8171805 ], [ -74.3798964, 4.8171921 ], [ -74.3799312, 4.8172153 ], [ -74.3799893, 4.8172385 ], [ -74.3800358, 4.8172964 ], [ -74.3800765, 4.8174006 ], [ -74.380094, 4.8175454 ], [ -74.3801346, 4.8176612 ], [ -74.3802102, 4.8177886 ], [ -74.3802857, 4.817806 ], [ -74.3803381, 4.8178176 ], [ -74.3805008, 4.8177191 ], [ -74.3805938, 4.8177307 ], [ -74.3806519, 4.8177539 ], [ -74.3806403, 4.8178697 ], [ -74.3807274, 4.8181882 ], [ -74.3808262, 4.8182693 ], [ -74.3809657, 4.818443 ], [ -74.3810703, 4.8185068 ], [ -74.3812215, 4.8184952 ], [ -74.381297, 4.8186631 ], [ -74.3813203, 4.81875 ], [ -74.3814074, 4.8187905 ], [ -74.3815062, 4.8188079 ], [ -74.3816167, 4.8187326 ], [ -74.381791, 4.81864 ], [ -74.3818259, 4.8186631 ], [ -74.3818549, 4.8186921 ], [ -74.3818608, 4.8188484 ], [ -74.3818724, 4.8189469 ], [ -74.381884, 4.8190395 ], [ -74.3819828, 4.8190859 ], [ -74.3820758, 4.819109 ], [ -74.3822036, 4.819109 ], [ -74.3822501, 4.8191322 ], [ -74.3822792, 4.8192249 ], [ -74.3823664, 4.8193002 ], [ -74.3825291, 4.8193002 ], [ -74.3826279, 4.8191554 ], [ -74.3826918, 4.819138 ], [ -74.38275, 4.8191496 ], [ -74.3828313, 4.8192017 ], [ -74.3829476, 4.8193291 ], [ -74.3831335, 4.8192365 ], [ -74.3842681, 4.8169597 ], [ -74.3841709, 4.8169489 ] ], [ [ -74.2689502, 4.8473036 ], [ -74.2689037, 4.8475179 ], [ -74.2692234, 4.8478364 ], [ -74.2695605, 4.8481549 ], [ -74.2698569, 4.8484097 ], [ -74.2702986, 4.8489309 ], [ -74.2704904, 4.8492494 ], [ -74.2706415, 4.8493884 ], [ -74.2710483, 4.8496606 ], [ -74.2714202, 4.8499385 ], [ -74.2718561, 4.8503729 ], [ -74.2719259, 4.8506508 ], [ -74.2720421, 4.8508767 ], [ -74.2721758, 4.8509693 ], [ -74.2722455, 4.851201 ], [ -74.272263, 4.8515658 ], [ -74.2723385, 4.8519828 ], [ -74.2724722, 4.8521912 ], [ -74.2726117, 4.8523071 ], [ -74.2728732, 4.8524982 ], [ -74.2729894, 4.8526082 ], [ -74.2731231, 4.8527761 ], [ -74.2731754, 4.8528977 ], [ -74.2732626, 4.8531699 ], [ -74.2733905, 4.8532915 ], [ -74.2735997, 4.8534363 ], [ -74.273745, 4.8553763 ], [ -74.2760232, 4.8542528 ], [ -74.2763487, 4.8545887 ], [ -74.2768369, 4.855052 ], [ -74.2774762, 4.8553763 ], [ -74.2778016, 4.8554342 ], [ -74.2781387, 4.8553763 ], [ -74.2785804, 4.8551099 ], [ -74.2793824, 4.8547393 ], [ -74.2795452, 4.8547393 ], [ -74.2797311, 4.8547393 ], [ -74.2798706, 4.8547393 ], [ -74.2800334, 4.8546003 ], [ -74.2801961, 4.8544613 ], [ -74.2803588, 4.8543455 ], [ -74.280754, 4.8538359 ], [ -74.2809865, 4.8535116 ], [ -74.2809865, 4.853141 ], [ -74.2809865, 4.8529556 ], [ -74.2811957, 4.8520986 ], [ -74.2808703, 4.8516353 ], [ -74.2804286, 4.8511257 ], [ -74.2802426, 4.8508477 ], [ -74.2795452, 4.8501991 ], [ -74.2793824, 4.8500602 ], [ -74.2781968, 4.8494347 ], [ -74.2777319, 4.8491568 ], [ -74.2773832, 4.8488556 ], [ -74.277081, 4.8484155 ], [ -74.276802, 4.8481375 ], [ -74.276523, 4.8476511 ], [ -74.2764068, 4.8473268 ], [ -74.2762905, 4.8469098 ], [ -74.2762441, 4.846516 ], [ -74.2759418, 4.8457748 ], [ -74.2758488, 4.8454737 ], [ -74.2757791, 4.8452883 ], [ -74.2757559, 4.8451262 ], [ -74.2757791, 4.8448482 ], [ -74.2758256, 4.8445934 ], [ -74.2758488, 4.8441996 ], [ -74.2757326, 4.8439217 ], [ -74.2755466, 4.8435047 ], [ -74.2753607, 4.8432962 ], [ -74.2750817, 4.8431804 ], [ -74.274826, 4.8429951 ], [ -74.274733, 4.8429256 ], [ -74.2746632, 4.8426245 ], [ -74.274547, 4.8423697 ], [ -74.274454, 4.8421843 ], [ -74.2741983, 4.8419527 ], [ -74.272199, 4.8430646 ], [ -74.2714551, 4.8417674 ], [ -74.268433, 4.843412 ], [ -74.2684388, 4.8436668 ], [ -74.268462, 4.8441301 ], [ -74.2684911, 4.8447787 ], [ -74.2684504, 4.8453926 ], [ -74.268741, 4.8460238 ], [ -74.2687875, 4.8461223 ], [ -74.2688224, 4.8464929 ], [ -74.2689502, 4.8473036 ] ], [ [ -74.3390283, 4.7781394 ], [ -74.3390163, 4.7781538 ], [ -74.3390283, 4.7781672 ], [ -74.3390283, 4.7781394 ] ], [ [ -74.3326449, 4.7710543 ], [ -74.3290412, 4.7828024 ], [ -74.3314437, 4.7838046 ], [ -74.3316672, 4.7839438 ], [ -74.3323376, 4.7843057 ], [ -74.3327287, 4.7843197 ], [ -74.3332735, 4.784431 ], [ -74.3335249, 4.7844588 ], [ -74.3337763, 4.7845145 ], [ -74.333916, 4.7845424 ], [ -74.3342373, 4.784612 ], [ -74.334782, 4.784612 ], [ -74.3351871, 4.7845145 ], [ -74.3355363, 4.7842501 ], [ -74.3358436, 4.7838882 ], [ -74.3361509, 4.7833035 ], [ -74.3365001, 4.782886 ], [ -74.3366258, 4.7825797 ], [ -74.3367376, 4.7822457 ], [ -74.3369052, 4.7818698 ], [ -74.3371007, 4.7815775 ], [ -74.337422, 4.7811599 ], [ -74.3376595, 4.7809094 ], [ -74.337869, 4.7806867 ], [ -74.3381065, 4.780464 ], [ -74.3383439, 4.7800881 ], [ -74.3383858, 4.7798097 ], [ -74.3383998, 4.7796427 ], [ -74.3384557, 4.7793922 ], [ -74.3385115, 4.7790163 ], [ -74.3385674, 4.7787658 ], [ -74.3386791, 4.7785709 ], [ -74.338763, 4.7784039 ], [ -74.3387909, 4.7783482 ], [ -74.3389585, 4.7782229 ], [ -74.3390163, 4.7781538 ], [ -74.3326449, 4.7710543 ] ], [ [ -74.3483608, 4.8002253 ], [ -74.3479476, 4.799784 ], [ -74.3476524, 4.7993575 ], [ -74.3475195, 4.7989604 ], [ -74.3473719, 4.7984309 ], [ -74.3472833, 4.798019 ], [ -74.3472243, 4.7974748 ], [ -74.3472538, 4.7971512 ], [ -74.3470177, 4.7968865 ], [ -74.3462649, 4.7961805 ], [ -74.3451874, 4.7952685 ], [ -74.3447003, 4.7949155 ], [ -74.3443461, 4.7946508 ], [ -74.3439475, 4.7942536 ], [ -74.3436081, 4.7939006 ], [ -74.3433571, 4.7936653 ], [ -74.3428376, 4.7931241 ], [ -74.343542, 4.793358 ], [ -74.3436989, 4.7933638 ], [ -74.3438268, 4.7933638 ], [ -74.3441115, 4.7935028 ], [ -74.3443208, 4.7935839 ], [ -74.3446462, 4.7937634 ], [ -74.3448729, 4.7939719 ], [ -74.345332, 4.7941573 ], [ -74.3471628, 4.7941978 ], [ -74.3472848, 4.7942036 ], [ -74.3474824, 4.7943194 ], [ -74.3478195, 4.7944295 ], [ -74.3480578, 4.7944237 ], [ -74.3481682, 4.7943947 ], [ -74.3483251, 4.7942847 ], [ -74.3483949, 4.7942036 ], [ -74.3483832, 4.7939893 ], [ -74.3483425, 4.7939488 ], [ -74.3483309, 4.7938619 ], [ -74.3483658, 4.7937808 ], [ -74.3484065, 4.7936708 ], [ -74.3483774, 4.7936013 ], [ -74.3483309, 4.7934739 ], [ -74.3482379, 4.7933928 ], [ -74.3481856, 4.7933522 ], [ -74.3481159, 4.7933001 ], [ -74.3479938, 4.7932538 ], [ -74.3479241, 4.7932306 ], [ -74.3476916, 4.7931611 ], [ -74.347587, 4.793109 ], [ -74.3474824, 4.7929758 ], [ -74.3475754, 4.7929237 ], [ -74.3476916, 4.7929063 ], [ -74.3478776, 4.7928947 ], [ -74.3481217, 4.7929179 ], [ -74.3483716, 4.7929005 ], [ -74.3485053, 4.792831 ], [ -74.348575, 4.7926746 ], [ -74.3485111, 4.7924951 ], [ -74.3484878, 4.7924546 ], [ -74.3482961, 4.7922634 ], [ -74.3482786, 4.7921766 ], [ -74.3483251, 4.7920318 ], [ -74.3483716, 4.7919102 ], [ -74.3483484, 4.7917943 ], [ -74.3482786, 4.7917306 ], [ -74.3480055, 4.7916785 ], [ -74.3478253, 4.7916322 ], [ -74.3477556, 4.7915105 ], [ -74.3475115, 4.7913078 ], [ -74.3472034, 4.7911804 ], [ -74.3470349, 4.7911804 ], [ -74.3467908, 4.7911457 ], [ -74.3464479, 4.7911631 ], [ -74.3460585, 4.7912383 ], [ -74.345919, 4.7911862 ], [ -74.3457854, 4.7910646 ], [ -74.3456865, 4.790943 ], [ -74.345518, 4.7908156 ], [ -74.3455006, 4.7907113 ], [ -74.3455645, 4.7905955 ], [ -74.3456924, 4.790526 ], [ -74.3459248, 4.7903928 ], [ -74.3459888, 4.7903812 ], [ -74.3462794, 4.790358 ], [ -74.3464421, 4.7903812 ], [ -74.3465874, 4.7905202 ], [ -74.3468082, 4.7906186 ], [ -74.3469245, 4.7905549 ], [ -74.3469128, 4.7903407 ], [ -74.3468257, 4.790138 ], [ -74.3468489, 4.789831 ], [ -74.3468315, 4.7897499 ], [ -74.3467269, 4.7895588 ], [ -74.3465932, 4.789275 ], [ -74.3465351, 4.7891476 ], [ -74.3463258, 4.7888233 ], [ -74.3461399, 4.7886843 ], [ -74.3458086, 4.7884526 ], [ -74.3455994, 4.7883194 ], [ -74.3452158, 4.7880356 ], [ -74.3450124, 4.7878735 ], [ -74.3445126, 4.7874449 ], [ -74.3443324, 4.7872074 ], [ -74.3441929, 4.7869816 ], [ -74.3439023, 4.7862055 ], [ -74.3439663, 4.7860781 ], [ -74.3440534, 4.7859275 ], [ -74.3440534, 4.7855047 ], [ -74.3439372, 4.7852499 ], [ -74.343821, 4.7851688 ], [ -74.3437745, 4.7851572 ], [ -74.3437047, 4.7851341 ], [ -74.3435187, 4.7851109 ], [ -74.3434141, 4.785053 ], [ -74.3431817, 4.7849487 ], [ -74.3428794, 4.7846592 ], [ -74.3426586, 4.7844738 ], [ -74.3424726, 4.7843001 ], [ -74.3423099, 4.7841379 ], [ -74.3421355, 4.7840337 ], [ -74.341996, 4.7837904 ], [ -74.3419263, 4.7836746 ], [ -74.3417519, 4.7834661 ], [ -74.3417055, 4.7834082 ], [ -74.3415195, 4.7830607 ], [ -74.3412579, 4.7828522 ], [ -74.3411301, 4.7828059 ], [ -74.3408337, 4.7826958 ], [ -74.3405373, 4.7825974 ], [ -74.3402467, 4.7823541 ], [ -74.3402176, 4.7822904 ], [ -74.3401828, 4.782163 ], [ -74.3401246, 4.7819024 ], [ -74.3401711, 4.7817518 ], [ -74.3402467, 4.7816302 ], [ -74.3403571, 4.7813811 ], [ -74.3393865, 4.780663 ], [ -74.343048, 4.7810915 ], [ -74.3429782, 4.780883 ], [ -74.3428736, 4.7807093 ], [ -74.3427458, 4.7804545 ], [ -74.3426295, 4.7802923 ], [ -74.3424436, 4.7801301 ], [ -74.3411671, 4.7796592 ], [ -74.340336, 4.7793059 ], [ -74.3398653, 4.77897 ], [ -74.3394991, 4.7787789 ], [ -74.339348, 4.778663 ], [ -74.3392783, 4.7786225 ], [ -74.3391388, 4.7786225 ], [ -74.3390051, 4.7787094 ], [ -74.3389063, 4.778831 ], [ -74.3388657, 4.7789758 ], [ -74.3389122, 4.779219 ], [ -74.3389877, 4.7792364 ], [ -74.3390807, 4.7793523 ], [ -74.3390168, 4.7794565 ], [ -74.3389703, 4.7795202 ], [ -74.3389005, 4.7796592 ], [ -74.3388598, 4.7797635 ], [ -74.3387843, 4.7799546 ], [ -74.338732, 4.7800646 ], [ -74.3385634, 4.7802557 ], [ -74.338453, 4.7804758 ], [ -74.3383717, 4.7806785 ], [ -74.3382903, 4.7808754 ], [ -74.3383193, 4.7810376 ], [ -74.3381392, 4.7811129 ], [ -74.3379706, 4.7811419 ], [ -74.337866, 4.7812751 ], [ -74.337773, 4.7813967 ], [ -74.3377498, 4.7814025 ], [ -74.3376452, 4.7815415 ], [ -74.3375754, 4.7816399 ], [ -74.3374824, 4.7817847 ], [ -74.3374011, 4.7819353 ], [ -74.3373197, 4.7820222 ], [ -74.3372616, 4.7821148 ], [ -74.3371337, 4.7822886 ], [ -74.3371047, 4.7823465 ], [ -74.3371337, 4.7825955 ], [ -74.337157, 4.7827288 ], [ -74.3372093, 4.7827519 ], [ -74.3372209, 4.7828851 ], [ -74.3370814, 4.7829894 ], [ -74.3370349, 4.7831457 ], [ -74.3371337, 4.7832558 ], [ -74.3371977, 4.7833195 ], [ -74.3371744, 4.7834527 ], [ -74.3371047, 4.7836149 ], [ -74.3370524, 4.7837886 ], [ -74.3370233, 4.784055 ], [ -74.3371047, 4.7842346 ], [ -74.3372972, 4.7843442 ], [ -74.3370365, 4.7844277 ], [ -74.3366454, 4.7845019 ], [ -74.3362077, 4.7845483 ], [ -74.3356769, 4.7846133 ], [ -74.3352486, 4.7846504 ], [ -74.3350344, 4.7846875 ], [ -74.3346898, 4.7848081 ], [ -74.3344757, 4.7848731 ], [ -74.3342801, 4.7849102 ], [ -74.3336283, 4.7848453 ], [ -74.3334234, 4.784771 ], [ -74.3329671, 4.7847246 ], [ -74.3326505, 4.7846133 ], [ -74.3327436, 4.7847896 ], [ -74.3329112, 4.7850587 ], [ -74.3330975, 4.7853 ], [ -74.3332744, 4.7854484 ], [ -74.3337121, 4.7859866 ], [ -74.3338797, 4.7863857 ], [ -74.3340007, 4.7869517 ], [ -74.3342522, 4.7872301 ], [ -74.3351425, 4.7893374 ], [ -74.3328627, 4.7876476 ], [ -74.3346929, 4.7916337 ], [ -74.3354441, 4.7916565 ], [ -74.3312351, 4.7915915 ], [ -74.3314213, 4.7916843 ], [ -74.3315424, 4.7917307 ], [ -74.3316262, 4.7917864 ], [ -74.3317565, 4.7919348 ], [ -74.331831, 4.7919998 ], [ -74.3319055, 4.792074 ], [ -74.3319428, 4.7922689 ], [ -74.33198, 4.7924731 ], [ -74.3320173, 4.7926494 ], [ -74.3356583, 4.7927607 ], [ -74.3361053, 4.7900789 ], [ -74.3364637, 4.7903126 ], [ -74.336383, 4.7906114 ], [ -74.3361911, 4.7911557 ], [ -74.3361776, 4.7921367 ], [ -74.3363604, 4.7915867 ], [ -74.3365839, 4.7913455 ], [ -74.3371054, 4.7912341 ], [ -74.3374034, 4.7913269 ], [ -74.3379807, 4.7914754 ], [ -74.338465, 4.7916981 ], [ -74.3389864, 4.7921435 ], [ -74.3392472, 4.7925147 ], [ -74.3392844, 4.7930529 ], [ -74.3394148, 4.7936468 ], [ -74.3398618, 4.7941107 ], [ -74.3410723, 4.79515 ], [ -74.3420967, 4.7960966 ], [ -74.3428789, 4.7970987 ], [ -74.3429534, 4.7972286 ], [ -74.342674, 4.7974142 ], [ -74.3424133, 4.7975627 ], [ -74.3419849, 4.7977669 ], [ -74.3422643, 4.7980081 ], [ -74.342674, 4.7983979 ], [ -74.3428603, 4.7989732 ], [ -74.3430465, 4.7994 ], [ -74.3433631, 4.7996413 ], [ -74.3437356, 4.7999382 ], [ -74.3441453, 4.8001609 ], [ -74.3443688, 4.8003094 ], [ -74.3446854, 4.8006435 ], [ -74.3448344, 4.8010518 ], [ -74.3449462, 4.8014972 ], [ -74.3449089, 4.8017199 ], [ -74.3444247, 4.8016456 ], [ -74.3439963, 4.80159 ], [ -74.3437356, 4.80159 ], [ -74.3433445, 4.8017013 ], [ -74.3431769, 4.8018498 ], [ -74.3429534, 4.8020911 ], [ -74.3427485, 4.8024622 ], [ -74.342823, 4.8026107 ], [ -74.3431024, 4.8028891 ], [ -74.3433817, 4.8034273 ], [ -74.3435084, 4.803395 ], [ -74.3438995, 4.8033671 ], [ -74.3444489, 4.8034414 ], [ -74.3454546, 4.8033764 ], [ -74.3460319, 4.8033671 ], [ -74.3467396, 4.8033857 ], [ -74.3471028, 4.8033393 ], [ -74.348034, 4.8033671 ], [ -74.3483693, 4.8032836 ], [ -74.3486766, 4.802931 ], [ -74.3491284, 4.8024315 ], [ -74.3488332, 4.8022109 ], [ -74.3487298, 4.8017844 ], [ -74.3487151, 4.8015932 ], [ -74.3487741, 4.8010489 ], [ -74.3487741, 4.8009166 ], [ -74.3485675, 4.80049 ], [ -74.3483608, 4.8002253 ] ], [ [ -74.3361468, 4.7922294 ], [ -74.3361763, 4.7922294 ], [ -74.3361776, 4.7921367 ], [ -74.3361468, 4.7922294 ] ], [ [ -74.3515819, 4.8026897 ], [ -74.3513119, 4.802699 ], [ -74.3512001, 4.802764 ], [ -74.3510418, 4.8028568 ], [ -74.3510046, 4.8028846 ], [ -74.3508276, 4.8029031 ], [ -74.3504552, 4.8029031 ], [ -74.3504179, 4.8029217 ], [ -74.3503807, 4.8029867 ], [ -74.3503434, 4.8031908 ], [ -74.3501944, 4.8034135 ], [ -74.349375, 4.8042672 ], [ -74.349077, 4.8044342 ], [ -74.3489373, 4.8045734 ], [ -74.3487417, 4.8046569 ], [ -74.3485555, 4.8046662 ], [ -74.3484996, 4.8047312 ], [ -74.348928, 4.8053343 ], [ -74.3489652, 4.8055849 ], [ -74.3489559, 4.8057334 ], [ -74.3489559, 4.805854 ], [ -74.3489466, 4.8059653 ], [ -74.3487511, 4.8061138 ], [ -74.3486579, 4.8062159 ], [ -74.3483227, 4.8064293 ], [ -74.348062, 4.8065035 ], [ -74.3478478, 4.8065499 ], [ -74.3478105, 4.8065499 ], [ -74.3478478, 4.8068005 ], [ -74.3478292, 4.8069582 ], [ -74.3476802, 4.8071067 ], [ -74.3475032, 4.807283 ], [ -74.3472797, 4.8075335 ], [ -74.347019, 4.8077377 ], [ -74.3464975, 4.8080996 ], [ -74.3459202, 4.8076263 ], [ -74.3455291, 4.807116 ], [ -74.345259, 4.8067912 ], [ -74.3451287, 4.8066242 ], [ -74.3449797, 4.8064571 ], [ -74.3446724, 4.8064479 ], [ -74.3442132, 4.8064028 ], [ -74.344169, 4.8063881 ], [ -74.3439623, 4.8062263 ], [ -74.3437999, 4.8061086 ], [ -74.3435343, 4.8059174 ], [ -74.3433719, 4.805785 ], [ -74.3430767, 4.8056379 ], [ -74.3430029, 4.805432 ], [ -74.3429439, 4.8052849 ], [ -74.3426339, 4.8050349 ], [ -74.3399623, 4.8091679 ], [ -74.3392243, 4.810374 ], [ -74.3371874, 4.8099769 ], [ -74.3371874, 4.8102563 ], [ -74.3373055, 4.8104917 ], [ -74.3377188, 4.8112124 ], [ -74.3379549, 4.8115507 ], [ -74.3382058, 4.8120507 ], [ -74.3383239, 4.8123449 ], [ -74.3386782, 4.8130362 ], [ -74.3388848, 4.813345 ], [ -74.3390767, 4.8135804 ], [ -74.3396081, 4.8138745 ], [ -74.3402723, 4.814051 ], [ -74.3407298, 4.8142128 ], [ -74.3410398, 4.8142128 ], [ -74.3414826, 4.8141834 ], [ -74.3419844, 4.8142275 ], [ -74.3424125, 4.8141981 ], [ -74.3427077, 4.8142128 ], [ -74.3429291, 4.8143011 ], [ -74.34318, 4.8143452 ], [ -74.3435638, 4.8143452 ], [ -74.3437557, 4.8143011 ], [ -74.3438442, 4.8143011 ], [ -74.3446305, 4.8140986 ], [ -74.3457665, 4.8143028 ], [ -74.3464277, 4.8143492 ], [ -74.3467909, 4.8144791 ], [ -74.347303, 4.8146461 ], [ -74.34748, 4.8147853 ], [ -74.3480247, 4.8144188 ], [ -74.3488721, 4.8149709 ], [ -74.3497661, 4.8152446 ], [ -74.3499337, 4.8161354 ], [ -74.3494681, 4.8171376 ], [ -74.34863, 4.8170448 ], [ -74.3484251, 4.8173139 ], [ -74.348211, 4.8175087 ], [ -74.3480713, 4.8176294 ], [ -74.3478292, 4.817685 ], [ -74.3476802, 4.8177221 ], [ -74.3473356, 4.8178892 ], [ -74.347168, 4.8180655 ], [ -74.3469631, 4.8182696 ], [ -74.3467955, 4.818381 ], [ -74.3466093, 4.818483 ], [ -74.3463392, 4.8186686 ], [ -74.3461251, 4.8188171 ], [ -74.3460319, 4.8188913 ], [ -74.3448959, 4.8197404 ], [ -74.3447562, 4.8196708 ], [ -74.3444815, 4.8194341 ], [ -74.3442207, 4.8192486 ], [ -74.3435503, 4.8190444 ], [ -74.3432802, 4.8190073 ], [ -74.3431685, 4.8190259 ], [ -74.3426377, 4.8190815 ], [ -74.3421907, 4.8190908 ], [ -74.3418927, 4.8191001 ], [ -74.3418555, 4.8191094 ], [ -74.3418182, 4.8192393 ], [ -74.3417996, 4.8194527 ], [ -74.3416972, 4.8196568 ], [ -74.3416134, 4.8198053 ], [ -74.3415389, 4.8200095 ], [ -74.3415016, 4.82026 ], [ -74.341455, 4.8205384 ], [ -74.3415016, 4.820659 ], [ -74.3474613, 4.8235262 ], [ -74.3475824, 4.8233685 ], [ -74.3476941, 4.8231736 ], [ -74.3477779, 4.8230623 ], [ -74.3478338, 4.8229881 ], [ -74.3478524, 4.8229881 ], [ -74.348048, 4.8230994 ], [ -74.3482994, 4.8232293 ], [ -74.3484484, 4.8233499 ], [ -74.348644, 4.8235077 ], [ -74.3487371, 4.8235448 ], [ -74.3505809, 4.8224313 ], [ -74.3510651, 4.8225519 ], [ -74.3513445, 4.8229138 ], [ -74.351568, 4.8233592 ], [ -74.3516611, 4.8235726 ], [ -74.3518566, 4.8240273 ], [ -74.3520056, 4.8245098 ], [ -74.3520336, 4.8247232 ], [ -74.3521174, 4.8250944 ], [ -74.3521826, 4.8255769 ], [ -74.3522105, 4.8258274 ], [ -74.3522384, 4.8259945 ], [ -74.3524805, 4.8261801 ], [ -74.352555, 4.8262357 ], [ -74.3527692, 4.826412 ], [ -74.3526202, 4.8267832 ], [ -74.3524805, 4.8270616 ], [ -74.3522664, 4.8274327 ], [ -74.3520987, 4.8278039 ], [ -74.3519032, 4.8281101 ], [ -74.3517356, 4.8284256 ], [ -74.3516983, 4.828639 ], [ -74.3508794, 4.8280887 ], [ -74.3503331, 4.8292933 ], [ -74.3534134, 4.8311233 ], [ -74.3541456, 4.8299419 ], [ -74.3538209, 4.8297892 ], [ -74.3544191, 4.8300103 ], [ -74.3545741, 4.8300323 ], [ -74.3548065, 4.8300544 ], [ -74.3551719, 4.8299662 ], [ -74.3553158, 4.829922 ], [ -74.3557364, 4.8297897 ], [ -74.3559357, 4.8297125 ], [ -74.356301, 4.8295911 ], [ -74.3565224, 4.8294808 ], [ -74.3574966, 4.8279034 ], [ -74.3578951, 4.8272636 ], [ -74.3639173, 4.8244397 ], [ -74.3643933, 4.8240977 ], [ -74.3647254, 4.823127 ], [ -74.3649136, 4.8222225 ], [ -74.3648161, 4.8221701 ], [ -74.3612709, 4.8239075 ], [ -74.3603679, 4.82322 ], [ -74.3605169, 4.8229045 ], [ -74.3605169, 4.8228953 ], [ -74.3602561, 4.8226818 ], [ -74.3601351, 4.8225983 ], [ -74.3601816, 4.8224406 ], [ -74.3602002, 4.8224313 ], [ -74.3600233, 4.8222364 ], [ -74.3598743, 4.8220694 ], [ -74.3600419, 4.8218931 ], [ -74.3601351, 4.8217632 ], [ -74.3604796, 4.8214106 ], [ -74.3612323, 4.8211585 ], [ -74.361313, 4.8213317 ], [ -74.361431, 4.8214369 ], [ -74.3614248, 4.8214864 ], [ -74.3613565, 4.8215421 ], [ -74.3614869, 4.8216905 ], [ -74.3617538, 4.82174 ], [ -74.362058, 4.8215977 ], [ -74.3621573, 4.8215297 ], [ -74.3624429, 4.8213503 ], [ -74.3629882, 4.8222655 ], [ -74.3642494, 4.8211152 ], [ -74.3643426, 4.8210781 ], [ -74.3644171, 4.8210781 ], [ -74.3646157, 4.8210843 ], [ -74.3647957, 4.8210905 ], [ -74.3649447, 4.8210348 ], [ -74.365013, 4.8209915 ], [ -74.365131, 4.8208121 ], [ -74.3651372, 4.8206451 ], [ -74.3653545, 4.8200512 ], [ -74.3655035, 4.8197295 ], [ -74.3656587, 4.8194264 ], [ -74.3656276, 4.8193646 ], [ -74.3655904, 4.8191852 ], [ -74.3659939, 4.8189377 ], [ -74.3678191, 4.8204224 ], [ -74.3683778, 4.8194945 ], [ -74.3679929, 4.8191975 ], [ -74.3675956, 4.8190367 ], [ -74.3672479, 4.8188635 ], [ -74.3669003, 4.818715 ], [ -74.3667885, 4.818715 ], [ -74.366565, 4.8186037 ], [ -74.3664409, 4.8185418 ], [ -74.3663664, 4.8184181 ], [ -74.3664409, 4.818183 ], [ -74.3666023, 4.8179727 ], [ -74.3667265, 4.8177871 ], [ -74.3667265, 4.8177005 ], [ -74.3666147, 4.8174654 ], [ -74.3665154, 4.8173664 ], [ -74.3662919, 4.8172303 ], [ -74.3661056, 4.8172551 ], [ -74.3659442, 4.8173046 ], [ -74.3658325, 4.817317 ], [ -74.3657704, 4.817317 ], [ -74.3652365, 4.8172551 ], [ -74.3650999, 4.817218 ], [ -74.3645536, 4.8169829 ], [ -74.3642432, 4.8167602 ], [ -74.3639452, 4.8164633 ], [ -74.3636597, 4.8161911 ], [ -74.3634362, 4.8160055 ], [ -74.3633617, 4.8159065 ], [ -74.3630389, 4.8155353 ], [ -74.3629892, 4.8154116 ], [ -74.3628775, 4.8152632 ], [ -74.3627409, 4.8149662 ], [ -74.3625671, 4.8145332 ], [ -74.3624801, 4.8139888 ], [ -74.3624677, 4.8138032 ], [ -74.362356, 4.8132588 ], [ -74.3622939, 4.8131104 ], [ -74.3622442, 4.8129124 ], [ -74.3621449, 4.812566 ], [ -74.3621201, 4.8122938 ], [ -74.3620083, 4.8119845 ], [ -74.3612758, 4.8112174 ], [ -74.3607667, 4.8107101 ], [ -74.3605432, 4.8107596 ], [ -74.360357, 4.8107596 ], [ -74.3600342, 4.8106607 ], [ -74.3599224, 4.8104751 ], [ -74.3598107, 4.8101163 ], [ -74.359761, 4.8097822 ], [ -74.3596865, 4.809609 ], [ -74.359401, 4.809609 ], [ -74.3592768, 4.8095719 ], [ -74.3589416, 4.8092626 ], [ -74.3589416, 4.8091636 ], [ -74.3589291, 4.8090028 ], [ -74.3589291, 4.8088048 ], [ -74.3586436, 4.8084831 ], [ -74.3586684, 4.8080996 ], [ -74.3586808, 4.8078274 ], [ -74.3584325, 4.8074438 ], [ -74.3583332, 4.8071964 ], [ -74.3581593, 4.8071469 ], [ -74.3578614, 4.8071222 ], [ -74.3576503, 4.8069861 ], [ -74.3572406, 4.8065035 ], [ -74.3570667, 4.8063179 ], [ -74.3568432, 4.8061695 ], [ -74.3566446, 4.8061076 ], [ -74.3564459, 4.8059591 ], [ -74.3562845, 4.8056375 ], [ -74.35621, 4.8051549 ], [ -74.3561107, 4.8048827 ], [ -74.3559989, 4.8045487 ], [ -74.3558375, 4.8044373 ], [ -74.3555768, 4.8042641 ], [ -74.3554154, 4.8042518 ], [ -74.3551174, 4.8043136 ], [ -74.354956, 4.8043136 ], [ -74.3541862, 4.8038806 ], [ -74.3539379, 4.8035836 ], [ -74.3538385, 4.8031382 ], [ -74.3537889, 4.8029155 ], [ -74.3536151, 4.802532 ], [ -74.3535033, 4.8022474 ], [ -74.3534288, 4.8019133 ], [ -74.3532053, 4.8017525 ], [ -74.3528453, 4.8014432 ], [ -74.3526342, 4.8013937 ], [ -74.352361, 4.80127 ], [ -74.3521996, 4.8012947 ], [ -74.3520506, 4.8014061 ], [ -74.3520103, 4.8015669 ], [ -74.3520103, 4.8018175 ], [ -74.3519823, 4.8019195 ], [ -74.3519265, 4.8020773 ], [ -74.3518892, 4.8021886 ], [ -74.3519078, 4.8023649 ], [ -74.3520103, 4.8025969 ], [ -74.3519078, 4.8027083 ], [ -74.3517402, 4.8027083 ], [ -74.3515819, 4.8026897 ] ], [ [ -74.3474156, 4.8054158 ], [ -74.3473458, 4.8052768 ], [ -74.3471831, 4.8051262 ], [ -74.3469506, 4.8049062 ], [ -74.3467646, 4.8046629 ], [ -74.3467065, 4.8044429 ], [ -74.342987, 4.8038869 ], [ -74.3432311, 4.803968 ], [ -74.3437192, 4.8042459 ], [ -74.3445678, 4.8045239 ], [ -74.3451838, 4.8047556 ], [ -74.3458929, 4.8051494 ], [ -74.3466252, 4.805937 ], [ -74.3474156, 4.8054158 ] ], [ [ -74.3564021, 4.8467444 ], [ -74.3565067, 4.8469761 ], [ -74.3565648, 4.8472251 ], [ -74.3566055, 4.8474741 ], [ -74.3565648, 4.84781 ], [ -74.3574715, 4.8462638 ], [ -74.3575993, 4.8460727 ], [ -74.357826, 4.8457426 ], [ -74.357948, 4.845592 ], [ -74.3581108, 4.8453893 ], [ -74.3581921, 4.8450071 ], [ -74.3581049, 4.8447697 ], [ -74.3580933, 4.8445091 ], [ -74.3581282, 4.844289 ], [ -74.3582096, 4.8439358 ], [ -74.3583374, 4.8436636 ], [ -74.358442, 4.8434377 ], [ -74.3584188, 4.8430497 ], [ -74.3584188, 4.842876 ], [ -74.3583374, 4.8426675 ], [ -74.3581573, 4.8423085 ], [ -74.3580352, 4.8421174 ], [ -74.357855, 4.8419494 ], [ -74.3577911, 4.8417931 ], [ -74.3573436, 4.8417931 ], [ -74.357332, 4.8414456 ], [ -74.3575703, 4.8412024 ], [ -74.3577562, 4.8410518 ], [ -74.3579306, 4.8409592 ], [ -74.3578841, 4.8408665 ], [ -74.3578318, 4.8408607 ], [ -74.3577621, 4.8407796 ], [ -74.3579538, 4.8405943 ], [ -74.3580003, 4.8405712 ], [ -74.3581514, 4.8404669 ], [ -74.3583432, 4.8402179 ], [ -74.3584769, 4.8401137 ], [ -74.3589767, 4.8392971 ], [ -74.3591685, 4.839106 ], [ -74.3595637, 4.8386253 ], [ -74.3597148, 4.8383532 ], [ -74.3599357, 4.8382258 ], [ -74.3600577, 4.8380347 ], [ -74.3601042, 4.8376698 ], [ -74.3600345, 4.8375366 ], [ -74.3599996, 4.8374208 ], [ -74.3600519, 4.8373803 ], [ -74.3602088, 4.8373687 ], [ -74.3604122, 4.8373687 ], [ -74.3605285, 4.8372876 ], [ -74.3606215, 4.8371081 ], [ -74.360761, 4.8368764 ], [ -74.3608539, 4.8367201 ], [ -74.3610632, 4.8364711 ], [ -74.3610457, 4.8363552 ], [ -74.3611387, 4.8361236 ], [ -74.3612433, 4.8358862 ], [ -74.3613131, 4.8357182 ], [ -74.3612201, 4.8355618 ], [ -74.3611794, 4.8355097 ], [ -74.3611562, 4.8354344 ], [ -74.3610632, 4.8353302 ], [ -74.3610109, 4.8352549 ], [ -74.3608772, 4.8351101 ], [ -74.3607377, 4.8349827 ], [ -74.3607028, 4.8349422 ], [ -74.3606389, 4.8348727 ], [ -74.3606215, 4.8348611 ], [ -74.360482, 4.8348669 ], [ -74.3603774, 4.8348959 ], [ -74.3601798, 4.8349654 ], [ -74.3598369, 4.8350812 ], [ -74.3594591, 4.8352549 ], [ -74.3591918, 4.8354287 ], [ -74.3588024, 4.8356777 ], [ -74.3584827, 4.8358919 ], [ -74.3581921, 4.8360309 ], [ -74.3578783, 4.8362626 ], [ -74.3578085, 4.8363205 ], [ -74.3576516, 4.8364942 ], [ -74.3575819, 4.8366911 ], [ -74.3573145, 4.8367259 ], [ -74.3571867, 4.8368185 ], [ -74.3568554, 4.8370444 ], [ -74.3565764, 4.8371949 ], [ -74.3562161, 4.8374092 ], [ -74.355879, 4.8376177 ], [ -74.3557337, 4.8377451 ], [ -74.3555129, 4.8378493 ], [ -74.3553908, 4.8379362 ], [ -74.3552513, 4.8379536 ], [ -74.3549956, 4.8381331 ], [ -74.3549085, 4.8382316 ], [ -74.3548096, 4.8384227 ], [ -74.3547399, 4.8386138 ], [ -74.3547167, 4.8388512 ], [ -74.354769, 4.839216 ], [ -74.3546469, 4.8392566 ], [ -74.3544958, 4.8392913 ], [ -74.3543505, 4.8393666 ], [ -74.3542343, 4.8394824 ], [ -74.3541355, 4.8395925 ], [ -74.3540425, 4.8397314 ], [ -74.3539263, 4.8399283 ], [ -74.35381, 4.8402005 ], [ -74.3536182, 4.8405596 ], [ -74.3534439, 4.8410518 ], [ -74.3533334, 4.8412429 ], [ -74.3532346, 4.8414977 ], [ -74.3532056, 4.8417236 ], [ -74.353287, 4.8423085 ], [ -74.3533334, 4.8424764 ], [ -74.3534962, 4.8426907 ], [ -74.3537751, 4.8430266 ], [ -74.3537751, 4.8431308 ], [ -74.3538914, 4.843293 ], [ -74.3540483, 4.8433798 ], [ -74.3542459, 4.8434435 ], [ -74.3543796, 4.843542 ], [ -74.3543912, 4.8437273 ], [ -74.3544377, 4.8438663 ], [ -74.3546179, 4.8439821 ], [ -74.3549201, 4.8442543 ], [ -74.3551002, 4.8444164 ], [ -74.3556233, 4.8449376 ], [ -74.3557279, 4.8450766 ], [ -74.3557279, 4.8452156 ], [ -74.3556059, 4.8455631 ], [ -74.3554489, 4.8459163 ], [ -74.3553792, 4.846119 ], [ -74.3551336, 4.8462595 ], [ -74.3548542, 4.8464636 ], [ -74.3547611, 4.8466863 ], [ -74.3547611, 4.846909 ], [ -74.3546493, 4.8470946 ], [ -74.3545376, 4.8470946 ], [ -74.3543886, 4.8470946 ], [ -74.3541092, 4.8471688 ], [ -74.3539416, 4.8472245 ], [ -74.3534574, 4.8474286 ], [ -74.353178, 4.8475771 ], [ -74.3530104, 4.8477626 ], [ -74.3528614, 4.8479297 ], [ -74.3527497, 4.8480596 ], [ -74.3524889, 4.8483008 ], [ -74.3524144, 4.8485049 ], [ -74.3522468, 4.8488575 ], [ -74.3527124, 4.8488946 ], [ -74.3529732, 4.8489503 ], [ -74.3533829, 4.8492472 ], [ -74.3536436, 4.8492658 ], [ -74.3536995, 4.8490988 ], [ -74.3537926, 4.848839 ], [ -74.3539044, 4.8487276 ], [ -74.3541837, 4.8485792 ], [ -74.3544259, 4.8484678 ], [ -74.3546493, 4.8482451 ], [ -74.3547611, 4.8480781 ], [ -74.3548728, 4.8479111 ], [ -74.3551708, 4.8476327 ], [ -74.3555992, 4.8472245 ], [ -74.3557047, 4.8470456 ], [ -74.3559197, 4.8468197 ], [ -74.356065, 4.8467386 ], [ -74.35628, 4.8466981 ], [ -74.3564021, 4.8467444 ] ] ], [ [ [ -74.3428627, 4.762897 ], [ -74.3431246, 4.7628312 ], [ -74.3426906, 4.7629578 ], [ -74.3424372, 4.7630175 ], [ -74.3428627, 4.762897 ] ] ], [ [ [ -74.3310364, 4.7644695 ], [ -74.3285248, 4.7646289 ], [ -74.3290444, 4.7645926 ], [ -74.330182, 4.7645019 ], [ -74.3310364, 4.7644695 ] ] ], [ [ [ -74.3378979, 4.7912475 ], [ -74.3388244, 4.7918513 ], [ -74.3399698, 4.7927422 ], [ -74.3378979, 4.7912475 ] ] ], [ [ [ -74.3421164, 4.7762697 ], [ -74.3423158, 4.7765053 ], [ -74.3424437, 4.7766557 ], [ -74.3421559, 4.7763598 ], [ -74.3421164, 4.7762697 ] ] ], [ [ [ -74.3422796, 4.7924445 ], [ -74.3428081, 4.7930933 ], [ -74.3427077, 4.7929887 ], [ -74.3422796, 4.7924445 ] ] ], [ [ [ -74.3457142, 4.77978 ], [ -74.3460414, 4.7801954 ], [ -74.3461116, 4.780306 ], [ -74.3458609, 4.779968 ], [ -74.3454088, 4.7794192 ], [ -74.3457142, 4.77978 ] ] ], [ [ [ -74.3462705, 4.780589 ], [ -74.3461116, 4.780306 ], [ -74.3461941, 4.7804359 ], [ -74.3462705, 4.780589 ] ] ] ] } },
{ "type": "Feature", "properties": { "id": 0, "layer": "Zona_urbana", "clas_CIAF": "1a" }, "geometry": { "type": "Polygon", "coordinates": [ [ [ -74.3375766, 4.7843256 ], [ -74.338098, 4.7853092 ], [ -74.3382936, 4.7857639 ], [ -74.3384333, 4.7861444 ], [ -74.3385078, 4.7863578 ], [ -74.3385823, 4.786562 ], [ -74.338275, 4.7868218 ], [ -74.3381539, 4.7870816 ], [ -74.3378746, 4.7874528 ], [ -74.3378373, 4.7876941 ], [ -74.3387406, 4.7887334 ], [ -74.3380142, 4.7894015 ], [ -74.3385357, 4.789782 ], [ -74.3389454, 4.7899769 ], [ -74.3395414, 4.7904501 ], [ -74.3397277, 4.7905708 ], [ -74.3399512, 4.7907842 ], [ -74.3402398, 4.791341 ], [ -74.3403888, 4.7917585 ], [ -74.3404633, 4.7919812 ], [ -74.3408637, 4.7928071 ], [ -74.3408637, 4.7929742 ], [ -74.3411943, 4.7933036 ], [ -74.3420091, 4.7941155 ], [ -74.3426051, 4.7945888 ], [ -74.3439181, 4.796324 ], [ -74.3445979, 4.796955 ], [ -74.3451193, 4.7973355 ], [ -74.3458643, 4.7983841 ], [ -74.3463206, 4.7994141 ], [ -74.3466838, 4.8001472 ], [ -74.3473709, 4.801107 ], [ -74.3486766, 4.802931 ], [ -74.3483693, 4.8032836 ], [ -74.348034, 4.8033671 ], [ -74.3471028, 4.8033393 ], [ -74.3467396, 4.8033857 ], [ -74.3460319, 4.8033671 ], [ -74.3454546, 4.8033764 ], [ -74.3444489, 4.8034414 ], [ -74.3438995, 4.8033671 ], [ -74.3435084, 4.803395 ], [ -74.3433817, 4.8034273 ], [ -74.3431024, 4.8028891 ], [ -74.342823, 4.8026107 ], [ -74.3427485, 4.8024622 ], [ -74.3429534, 4.8020911 ], [ -74.3431769, 4.8018498 ], [ -74.3433445, 4.8017013 ], [ -74.3437356, 4.80159 ], [ -74.3439963, 4.80159 ], [ -74.3444247, 4.8016456 ], [ -74.3449089, 4.8017199 ], [ -74.3451938, 4.8017339 ], [ -74.3453615, 4.8017061 ], [ -74.3452311, 4.8012236 ], [ -74.3451845, 4.8009545 ], [ -74.3449238, 4.8001565 ], [ -74.3443558, 4.7997482 ], [ -74.3441788, 4.7995626 ], [ -74.3440019, 4.7994419 ], [ -74.3436946, 4.7992656 ], [ -74.3434432, 4.7990336 ], [ -74.3430986, 4.7986253 ], [ -74.3430521, 4.7985882 ], [ -74.3433966, 4.7982727 ], [ -74.3435829, 4.7980686 ], [ -74.3438063, 4.7978923 ], [ -74.3439647, 4.7977438 ], [ -74.3440298, 4.7976046 ], [ -74.344095, 4.7973262 ], [ -74.3439833, 4.7972334 ], [ -74.3438063, 4.7970478 ], [ -74.3436667, 4.7969458 ], [ -74.3433221, 4.7968715 ], [ -74.3432476, 4.7968344 ], [ -74.3430707, 4.796621 ], [ -74.3412176, 4.7948301 ], [ -74.3408014, 4.7945052 ], [ -74.3404447, 4.7942269 ], [ -74.3397649, 4.7934845 ], [ -74.3395507, 4.7932897 ], [ -74.3394949, 4.7931969 ], [ -74.3399698, 4.7927422 ], [ -74.3388244, 4.7918513 ], [ -74.3361053, 4.7900789 ], [ -74.3356583, 4.7927607 ], [ -74.3320173, 4.7926494 ], [ -74.33198, 4.7924731 ], [ -74.3319428, 4.7922689 ], [ -74.3319055, 4.792074 ], [ -74.331831, 4.7919998 ], [ -74.3317565, 4.7919348 ], [ -74.3316262, 4.7917864 ], [ -74.3315424, 4.7917307 ], [ -74.3314213, 4.7916843 ], [ -74.3312351, 4.7915915 ], [ -74.3354441, 4.7916565 ], [ -74.3357421, 4.7907563 ], [ -74.3342522, 4.7872301 ], [ -74.3340007, 4.7869517 ], [ -74.3338797, 4.7863857 ], [ -74.3337121, 4.7859866 ], [ -74.3332744, 4.7854484 ], [ -74.3330975, 4.7853 ], [ -74.3329112, 4.7850587 ], [ -74.3327436, 4.7847896 ], [ -74.3326505, 4.7846133 ], [ -74.3329671, 4.7847246 ], [ -74.3334234, 4.784771 ], [ -74.3336283, 4.7848453 ], [ -74.3342801, 4.7849102 ], [ -74.3344757, 4.7848731 ], [ -74.3346898, 4.7848081 ], [ -74.3350344, 4.7846875 ], [ -74.3352486, 4.7846504 ], [ -74.3356769, 4.7846133 ], [ -74.3362077, 4.7845483 ], [ -74.3366454, 4.7845019 ], [ -74.3370365, 4.7844277 ], [ -74.3372972, 4.7843442 ], [ -74.3374462, 4.7843256 ], [ -74.3375766, 4.7843256 ] ] ] } },
{ "type": "Feature", "properties": { "id": 0, "layer": "Zona_urbana", "clas_CIAF": "1a" }, "geometry": { "type": "Polygon", "coordinates": [ [ [ -74.3519078, 4.8027083 ], [ -74.3520103, 4.8025969 ], [ -74.3519078, 4.8023649 ], [ -74.3518892, 4.8021886 ], [ -74.3519265, 4.8020773 ], [ -74.3519823, 4.8019195 ], [ -74.3520103, 4.8018175 ], [ -74.3520103, 4.8015669 ], [ -74.3520506, 4.8014061 ], [ -74.3521996, 4.8012947 ], [ -74.352361, 4.80127 ], [ -74.3526342, 4.8013937 ], [ -74.3528453, 4.8014432 ], [ -74.3532053, 4.8017525 ], [ -74.3534288, 4.8019133 ], [ -74.3535033, 4.8022474 ], [ -74.3536151, 4.802532 ], [ -74.3537889, 4.8029155 ], [ -74.3538385, 4.8031382 ], [ -74.3539379, 4.8035836 ], [ -74.3540891, 4.8037645 ], [ -74.3541862, 4.8038806 ], [ -74.354956, 4.8043136 ], [ -74.3551174, 4.8043136 ], [ -74.3554154, 4.8042518 ], [ -74.3555768, 4.8042641 ], [ -74.3558375, 4.8044373 ], [ -74.3559989, 4.8045487 ], [ -74.3561107, 4.8048827 ], [ -74.35621, 4.8051549 ], [ -74.3562845, 4.8056375 ], [ -74.3564459, 4.8059591 ], [ -74.3566446, 4.8061076 ], [ -74.3568432, 4.8061695 ], [ -74.3570667, 4.8063179 ], [ -74.3572406, 4.8065035 ], [ -74.3576503, 4.8069861 ], [ -74.3578614, 4.8071222 ], [ -74.3581593, 4.8071469 ], [ -74.3583332, 4.8071964 ], [ -74.3584325, 4.8074438 ], [ -74.3586808, 4.8078274 ], [ -74.3586684, 4.8080996 ], [ -74.3586436, 4.8084831 ], [ -74.3589291, 4.8088048 ], [ -74.3589291, 4.8090028 ], [ -74.3589416, 4.8091636 ], [ -74.3589416, 4.8092626 ], [ -74.3592768, 4.8095719 ], [ -74.359401, 4.809609 ], [ -74.3596865, 4.809609 ], [ -74.359761, 4.8097822 ], [ -74.3598107, 4.8101163 ], [ -74.3599224, 4.8104751 ], [ -74.3600342, 4.8106607 ], [ -74.360357, 4.8107596 ], [ -74.3605432, 4.8107596 ], [ -74.3607667, 4.8107101 ], [ -74.3612758, 4.8112174 ], [ -74.3620083, 4.8119845 ], [ -74.3621201, 4.8122938 ], [ -74.3621449, 4.812566 ], [ -74.3622442, 4.8129124 ], [ -74.3622939, 4.8131104 ], [ -74.362356, 4.8132588 ], [ -74.3624677, 4.8138032 ], [ -74.3624801, 4.8139888 ], [ -74.3625671, 4.8145332 ], [ -74.3627409, 4.8149662 ], [ -74.3628775, 4.8152632 ], [ -74.3629892, 4.8154116 ], [ -74.3630389, 4.8155353 ], [ -74.3633617, 4.8159065 ], [ -74.3634362, 4.8160055 ], [ -74.3636597, 4.8161911 ], [ -74.3639452, 4.8164633 ], [ -74.3642432, 4.8167602 ], [ -74.3645536, 4.8169829 ], [ -74.3650999, 4.817218 ], [ -74.3652365, 4.8172551 ], [ -74.3657704, 4.817317 ], [ -74.3658325, 4.817317 ], [ -74.3659442, 4.8173046 ], [ -74.3661056, 4.8172551 ], [ -74.3662919, 4.8172303 ], [ -74.3665154, 4.8173664 ], [ -74.3666147, 4.8174654 ], [ -74.3667265, 4.8177005 ], [ -74.3667265, 4.8177871 ], [ -74.3666023, 4.8179727 ], [ -74.3664409, 4.818183 ], [ -74.3663664, 4.8184181 ], [ -74.3664409, 4.8185418 ], [ -74.366565, 4.8186037 ], [ -74.3667885, 4.818715 ], [ -74.3669003, 4.818715 ], [ -74.3672479, 4.8188635 ], [ -74.3675956, 4.8190367 ], [ -74.3679929, 4.8191975 ], [ -74.3683778, 4.8194945 ], [ -74.3678191, 4.8204224 ], [ -74.3659939, 4.8189377 ], [ -74.3655904, 4.8191852 ], [ -74.3656276, 4.8193646 ], [ -74.3656587, 4.8194264 ], [ -74.3655035, 4.8197295 ], [ -74.3653545, 4.8200512 ], [ -74.3651372, 4.8206451 ], [ -74.365131, 4.8208121 ], [ -74.365013, 4.8209915 ], [ -74.3649447, 4.8210348 ], [ -74.3647957, 4.8210905 ], [ -74.3646157, 4.8210843 ], [ -74.3644171, 4.8210781 ], [ -74.3643426, 4.8210781 ], [ -74.3642494, 4.8211152 ], [ -74.3641687, 4.8210101 ], [ -74.3641129, 4.8208121 ], [ -74.3640446, 4.820509 ], [ -74.3640011, 4.820311 ], [ -74.3639204, 4.8201131 ], [ -74.3637652, 4.8202987 ], [ -74.3635169, 4.8204966 ], [ -74.3629023, 4.8210224 ], [ -74.3627285, 4.8211833 ], [ -74.3624429, 4.8213503 ], [ -74.3621573, 4.8215297 ], [ -74.362058, 4.8215977 ], [ -74.3617538, 4.82174 ], [ -74.3614869, 4.8216905 ], [ -74.3613565, 4.8215421 ], [ -74.3614248, 4.8214864 ], [ -74.361431, 4.8214369 ], [ -74.361313, 4.8213317 ], [ -74.3612323, 4.8211585 ], [ -74.3604796, 4.8214106 ], [ -74.3601351, 4.8217632 ], [ -74.3600419, 4.8218931 ], [ -74.3598743, 4.8220694 ], [ -74.3600233, 4.8222364 ], [ -74.3602002, 4.8224313 ], [ -74.3601816, 4.8224406 ], [ -74.3601351, 4.8225983 ], [ -74.3602561, 4.8226818 ], [ -74.3605169, 4.8228953 ], [ -74.3605169, 4.8229045 ], [ -74.3603679, 4.82322 ], [ -74.360163, 4.8235541 ], [ -74.3599954, 4.8238788 ], [ -74.3599023, 4.8239902 ], [ -74.3598743, 4.8239716 ], [ -74.359744, 4.8238696 ], [ -74.3590735, 4.8242686 ], [ -74.3573042, 4.8233221 ], [ -74.3569969, 4.8237304 ], [ -74.3558701, 4.8257625 ], [ -74.3545944, 4.8280451 ], [ -74.3541846, 4.8276647 ], [ -74.353151, 4.8294741 ], [ -74.3516983, 4.828639 ], [ -74.3517356, 4.8284256 ], [ -74.3519032, 4.8281101 ], [ -74.3520987, 4.8278039 ], [ -74.3522664, 4.8274327 ], [ -74.3524805, 4.8270616 ], [ -74.3526202, 4.8267832 ], [ -74.3527692, 4.826412 ], [ -74.352555, 4.8262357 ], [ -74.3524805, 4.8261801 ], [ -74.3522384, 4.8259945 ], [ -74.3522105, 4.8258274 ], [ -74.3521826, 4.8255769 ], [ -74.3521174, 4.8250944 ], [ -74.3520336, 4.8247232 ], [ -74.3520056, 4.8245098 ], [ -74.3518566, 4.8240273 ], [ -74.3516611, 4.8235726 ], [ -74.351568, 4.8233592 ], [ -74.3513445, 4.8229138 ], [ -74.3510651, 4.8225519 ], [ -74.3505809, 4.8224313 ], [ -74.3487371, 4.8235448 ], [ -74.348644, 4.8235077 ], [ -74.3484484, 4.8233499 ], [ -74.3482994, 4.8232293 ], [ -74.348048, 4.8230994 ], [ -74.3478524, 4.8229881 ], [ -74.3478338, 4.8229881 ], [ -74.3477779, 4.8230623 ], [ -74.3476941, 4.8231736 ], [ -74.3475824, 4.8233685 ], [ -74.3474613, 4.8235262 ], [ -74.3415016, 4.820659 ], [ -74.341455, 4.8205384 ], [ -74.3415016, 4.82026 ], [ -74.3415389, 4.8200095 ], [ -74.3416134, 4.8198053 ], [ -74.3416972, 4.8196568 ], [ -74.3417996, 4.8194527 ], [ -74.3418182, 4.8192393 ], [ -74.3418555, 4.8191094 ], [ -74.3418927, 4.8191001 ], [ -74.3421907, 4.8190908 ], [ -74.3426377, 4.8190815 ], [ -74.3431685, 4.8190259 ], [ -74.3432802, 4.8190073 ], [ -74.3435503, 4.8190444 ], [ -74.3442207, 4.8192486 ], [ -74.3444815, 4.8194341 ], [ -74.3447562, 4.8196708 ], [ -74.3448959, 4.8197404 ], [ -74.3460319, 4.8188913 ], [ -74.3461251, 4.8188171 ], [ -74.3463392, 4.8186686 ], [ -74.3466093, 4.818483 ], [ -74.3467955, 4.818381 ], [ -74.3469631, 4.8182696 ], [ -74.347168, 4.8180655 ], [ -74.3473356, 4.8178892 ], [ -74.3476802, 4.8177221 ], [ -74.3478292, 4.817685 ], [ -74.3480713, 4.8176294 ], [ -74.348211, 4.8175087 ], [ -74.3484251, 4.8173139 ], [ -74.34863, 4.8170448 ], [ -74.3494681, 4.8171376 ], [ -74.3499337, 4.8161354 ], [ -74.3497661, 4.8152446 ], [ -74.3488721, 4.8149709 ], [ -74.3480247, 4.8144188 ], [ -74.34748, 4.8147853 ], [ -74.347303, 4.8146461 ], [ -74.3467909, 4.8144791 ], [ -74.3464277, 4.8143492 ], [ -74.3457665, 4.8143028 ], [ -74.3446305, 4.8140986 ], [ -74.3446863, 4.8135047 ], [ -74.3456362, 4.8113891 ], [ -74.342498, 4.810823 ], [ -74.3425027, 4.8105586 ], [ -74.342512, 4.8104287 ], [ -74.3425585, 4.8101874 ], [ -74.3426051, 4.8099554 ], [ -74.3427075, 4.8095935 ], [ -74.3427634, 4.8094451 ], [ -74.3432383, 4.8086656 ], [ -74.3433687, 4.8084707 ], [ -74.3435177, 4.8083037 ], [ -74.3436574, 4.8081738 ], [ -74.3440298, 4.8076727 ], [ -74.3441323, 4.8074964 ], [ -74.3443092, 4.807218 ], [ -74.3444675, 4.8067262 ], [ -74.3445048, 4.8065963 ], [ -74.3446724, 4.8064479 ], [ -74.3449797, 4.8064571 ], [ -74.3451287, 4.8066242 ], [ -74.345259, 4.8067912 ], [ -74.3455291, 4.807116 ], [ -74.3459202, 4.8076263 ], [ -74.3464975, 4.8080996 ], [ -74.347019, 4.8077377 ], [ -74.3472797, 4.8075335 ], [ -74.3475032, 4.807283 ], [ -74.3476802, 4.8071067 ], [ -74.3478292, 4.8069582 ], [ -74.3478478, 4.8068005 ], [ -74.3478105, 4.8065499 ], [ -74.3478478, 4.8065499 ], [ -74.348062, 4.8065035 ], [ -74.3483227, 4.8064293 ], [ -74.3486579, 4.8062159 ], [ -74.3487511, 4.8061138 ], [ -74.3489466, 4.8059653 ], [ -74.3489559, 4.805854 ], [ -74.3489559, 4.8057334 ], [ -74.3489652, 4.8055849 ], [ -74.348928, 4.8053343 ], [ -74.3484996, 4.8047312 ], [ -74.3485555, 4.8046662 ], [ -74.3487417, 4.8046569 ], [ -74.3489373, 4.8045734 ], [ -74.349077, 4.8044342 ], [ -74.349375, 4.8042672 ], [ -74.3501944, 4.8034135 ], [ -74.3503434, 4.8031908 ], [ -74.3503807, 4.8029867 ], [ -74.3504179, 4.8029217 ], [ -74.3504552, 4.8029031 ], [ -74.3508276, 4.8029031 ], [ -74.3510046, 4.8028846 ], [ -74.3510418, 4.8028568 ], [ -74.3512001, 4.802764 ], [ -74.3513119, 4.802699 ], [ -74.3515819, 4.8026897 ], [ -74.3517402, 4.8027083 ], [ -74.3519078, 4.8027083 ] ], [ [ -74.3516698, 4.8063888 ], [ -74.3506004, 4.8053926 ], [ -74.3500658, 4.8060644 ], [ -74.350891, 4.8067362 ], [ -74.3516698, 4.8063888 ] ], [ [ -74.3488336, 4.8109408 ], [ -74.3478573, 4.8111724 ], [ -74.3476248, 4.8112998 ], [ -74.3474388, 4.8114041 ], [ -74.3472645, 4.8115778 ], [ -74.347218, 4.8117747 ], [ -74.3473342, 4.8118905 ], [ -74.3475318, 4.8118095 ], [ -74.3475202, 4.8116357 ], [ -74.347555, 4.8114967 ], [ -74.347741, 4.8114157 ], [ -74.3481014, 4.8114504 ], [ -74.3485314, 4.8115431 ], [ -74.3488685, 4.8115199 ], [ -74.348915, 4.8114041 ], [ -74.3488801, 4.8110682 ], [ -74.3488336, 4.8109408 ] ], [ [ -74.3501122, 4.8173344 ], [ -74.3492289, 4.8192571 ], [ -74.3500658, 4.8200099 ], [ -74.3512514, 4.81862 ], [ -74.3501122, 4.8173344 ] ] ] } }
]
}
