{
"type": "FeatureCollection",
"name": "funza",
"crs": { "type": "name", "properties": { "name": "urn:ogc:def:crs:OGC:1.3:CRS84" } },
"xy_coordinate_resolution": 1e-07,
"features": [
{ "type": "Feature", "properties": { "OBJECTID": 1.0, "SIMBOLO": "SSB-Z3-TC", "CLASE_SUEL": "TERMINAL DE CARGA CELTA", "VEREDA": "LA ISLA", "NOMBRE": "Antes SSB-Z10-TC Terminal de Carga", "Clase_Su_1": "RURAL - SUB-URBANO", "Shape_Leng": 9110.0071657400003, "Shape_Area": 2779814.69851, "CLAS_CIAF": "1a" }, "geometry": { "type": "Polygon", "coordinates": [ [ [ -74.1829574, 4.7739392 ], [ -74.1813921, 4.7761526 ], [ -74.1802709, 4.773623 ], [ -74.1754586, 4.7735071 ], [ -74.1724548, 4.771104 ], [ -74.1727932, 4.7706824 ], [ -74.1736711, 4.7690276 ], [ -74.171725, 4.7689854 ], [ -74.1683405, 4.7658866 ], [ -74.1676424, 4.7629143 ], [ -74.1677059, 4.7620922 ], [ -74.1707731, 4.7612068 ], [ -74.1716825, 4.7608085 ], [ -74.1725395, 4.7600675 ], [ -74.1735122, 4.7610562 ], [ -74.1740204, 4.7615635 ], [ -74.1743448, 4.7612649 ], [ -74.1746992, 4.7609319 ], [ -74.1749185, 4.7607174 ], [ -74.1750985, 4.7605424 ], [ -74.1753095, 4.7603618 ], [ -74.1755506, 4.7601406 ], [ -74.1753646, 4.7597837 ], [ -74.175202, 4.7594415 ], [ -74.1766295, 4.7589977 ], [ -74.1782045, 4.7585084 ], [ -74.1797083, 4.7580304 ], [ -74.1808293, 4.7578666 ], [ -74.1819357, 4.7606641 ], [ -74.183034, 4.7603564 ], [ -74.1841769, 4.7600361 ], [ -74.1841488, 4.759955 ], [ -74.1838984, 4.7592637 ], [ -74.1837155, 4.7587614 ], [ -74.1834397, 4.7579855 ], [ -74.1834426, 4.7579573 ], [ -74.18387, 4.7575594 ], [ -74.184042, 4.7573971 ], [ -74.1850512, 4.7564446 ], [ -74.1855192, 4.7560124 ], [ -74.1855189, 4.7560143 ], [ -74.1854936, 4.7561699 ], [ -74.1854667, 4.7563397 ], [ -74.1854335, 4.756573 ], [ -74.1853861, 4.756827 ], [ -74.1853339, 4.7569968 ], [ -74.1852928, 4.7571429 ], [ -74.1852587, 4.7572501 ], [ -74.185258, 4.7572524 ], [ -74.1852264, 4.757373 ], [ -74.1851909, 4.7576351 ], [ -74.1851727, 4.7577635 ], [ -74.1851553, 4.7579159 ], [ -74.1851403, 4.7580814 ], [ -74.1851319, 4.7581658 ], [ -74.1851205, 4.7582571 ], [ -74.1851, 4.7584857 ], [ -74.185081, 4.7586507 ], [ -74.18507, 4.7587888 ], [ -74.1849978, 4.759066 ], [ -74.1849688, 4.7591507 ], [ -74.184945, 4.759292 ], [ -74.1849261, 4.7594507 ], [ -74.1848834, 4.7597142 ], [ -74.1848773, 4.7597707 ], [ -74.1848592, 4.7597937 ], [ -74.1848496, 4.7598543 ], [ -74.1848777, 4.7598467 ], [ -74.1848847, 4.7598448 ], [ -74.1848965, 4.7599382 ], [ -74.1849024, 4.7599846 ], [ -74.1849025, 4.7599855 ], [ -74.1854005, 4.7618738 ], [ -74.1854092, 4.7619129 ], [ -74.1855724, 4.762649 ], [ -74.1856531, 4.7629053 ], [ -74.1856583, 4.7629217 ], [ -74.1857728, 4.7632854 ], [ -74.1858635, 4.7635534 ], [ -74.1859303, 4.7638405 ], [ -74.1859384, 4.7638759 ], [ -74.1864781, 4.7638375 ], [ -74.1882562, 4.7637175 ], [ -74.188307, 4.7640468 ], [ -74.1883392, 4.7640459 ], [ -74.1883379, 4.7640362 ], [ -74.1883602, 4.7640455 ], [ -74.1894699, 4.7640256 ], [ -74.1895714, 4.7640238 ], [ -74.1895713, 4.7640243 ], [ -74.18957, 4.7640358 ], [ -74.1895666, 4.7640993 ], [ -74.1895697, 4.7641607 ], [ -74.1895791, 4.7642214 ], [ -74.18958, 4.7642255 ], [ -74.1895802, 4.7642262 ], [ -74.1895813, 4.7642313 ], [ -74.1895812, 4.7642318 ], [ -74.1895812, 4.764233 ], [ -74.1895812, 4.7642331 ], [ -74.1895811, 4.7642349 ], [ -74.189581, 4.7642362 ], [ -74.1895809, 4.7642372 ], [ -74.1895809, 4.7642383 ], [ -74.1895808, 4.7642398 ], [ -74.1895808, 4.7642401 ], [ -74.1895807, 4.7642424 ], [ -74.1895806, 4.764244 ], [ -74.1895805, 4.7642458 ], [ -74.1895804, 4.7642482 ], [ -74.1895803, 4.7642488 ], [ -74.1895802, 4.7642517 ], [ -74.1895801, 4.7642543 ], [ -74.18958, 4.7642555 ], [ -74.18958, 4.7642558 ], [ -74.18958, 4.7642559 ], [ -74.1895798, 4.764259 ], [ -74.1895798, 4.7642594 ], [ -74.1895797, 4.7642604 ], [ -74.1895796, 4.764263 ], [ -74.1895795, 4.7642655 ], [ -74.1895793, 4.7642686 ], [ -74.1895791, 4.764272 ], [ -74.189579, 4.7642748 ], [ -74.1895789, 4.7642778 ], [ -74.1895784, 4.7643122 ], [ -74.1895791, 4.7643293 ], [ -74.1895799, 4.7643354 ], [ -74.1895808, 4.7643767 ], [ -74.1895814, 4.7643935 ], [ -74.1895866, 4.7644412 ], [ -74.1895907, 4.7644782 ], [ -74.1895996, 4.7645266 ], [ -74.1896062, 4.764562 ], [ -74.1896193, 4.7646118 ], [ -74.189628, 4.7646444 ], [ -74.1896467, 4.7646988 ], [ -74.1896558, 4.7647249 ], [ -74.1896896, 4.7648031 ], [ -74.1896959, 4.764816 ], [ -74.189733, 4.7648853 ], [ -74.1897749, 4.7649519 ], [ -74.1898213, 4.7650154 ], [ -74.1898217, 4.765016 ], [ -74.189826, 4.7650232 ], [ -74.189826, 4.7650233 ], [ -74.1898282, 4.7650269 ], [ -74.1898286, 4.7650275 ], [ -74.189829, 4.7650282 ], [ -74.1898293, 4.7650286 ], [ -74.1898305, 4.7650306 ], [ -74.1898328, 4.7650345 ], [ -74.189835, 4.7650381 ], [ -74.189842, 4.7650499 ], [ -74.1898431, 4.7650518 ], [ -74.1898512, 4.7650654 ], [ -74.1899481, 4.765233 ], [ -74.1900412, 4.7654027 ], [ -74.1900806, 4.7654773 ], [ -74.1900807, 4.7654774 ], [ -74.1900888, 4.7655111 ], [ -74.1900934, 4.7655311 ], [ -74.190075, 4.7655386 ], [ -74.1900876, 4.7655638 ], [ -74.1899435, 4.7656185 ], [ -74.1898929, 4.7656328 ], [ -74.189722, 4.765836 ], [ -74.1895114, 4.7660894 ], [ -74.1893625, 4.7664563 ], [ -74.1893177, 4.7665849 ], [ -74.1893139, 4.7665964 ], [ -74.1892791, 4.7666948 ], [ -74.1891937, 4.7668853 ], [ -74.1890814, 4.7671504 ], [ -74.1888331, 4.7674456 ], [ -74.1887319, 4.7675631 ], [ -74.1884961, 4.7677091 ], [ -74.1882699, 4.7678473 ], [ -74.1880753, 4.7679648 ], [ -74.1878586, 4.7680235 ], [ -74.1875232, 4.7681125 ], [ -74.1872384, 4.7681823 ], [ -74.1869577, 4.7682559 ], [ -74.1868771, 4.7680195 ], [ -74.1868441, 4.7679151 ], [ -74.1860713, 4.767885 ], [ -74.1855059, 4.7678597 ], [ -74.1850885, 4.7678427 ], [ -74.1849788, 4.7678383 ], [ -74.184879, 4.7683159 ], [ -74.1847804, 4.7688192 ], [ -74.1847158, 4.7691099 ], [ -74.1846118, 4.7696319 ], [ -74.1845977, 4.769708 ], [ -74.1846194, 4.7697124 ], [ -74.1871119, 4.7708046 ], [ -74.1829574, 4.7739392 ] ] ] } },
{ "type": "Feature", "properties": { "OBJECTID": 2.0, "SIMBOLO": "SE-Z5A", "CLASE_SUEL": "EXPANSIÓN", "VEREDA": null, "NOMBRE": "SE-Z5A Centro Agroindustrial - Z2", "Clase_Su_1": "EXPANSIÓN", "Shape_Leng": 2672.4477298900001, "Shape_Area": 353888.73698, "CLAS_CIAF": "1a" }, "geometry": { "type": "Polygon", "coordinates": [ [ [ -74.1813916, 4.7073004 ], [ -74.1813054, 4.7072799 ], [ -74.1812056, 4.707264 ], [ -74.1811488, 4.7072435 ], [ -74.1810876, 4.7072185 ], [ -74.1810082, 4.7071776 ], [ -74.1808381, 4.7070888 ], [ -74.180643, 4.7069773 ], [ -74.1805931, 4.7069387 ], [ -74.1805545, 4.7069182 ], [ -74.1805091, 4.7068841 ], [ -74.1804365, 4.7068112 ], [ -74.1803866, 4.7067589 ], [ -74.1802846, 4.7066656 ], [ -74.1802188, 4.7066269 ], [ -74.1801303, 4.7065928 ], [ -74.1800146, 4.706545 ], [ -74.1798785, 4.7064836 ], [ -74.1797742, 4.7064131 ], [ -74.1797106, 4.7063767 ], [ -74.1796675, 4.706338 ], [ -74.1795019, 4.7062379 ], [ -74.179452, 4.7062197 ], [ -74.179384, 4.7061719 ], [ -74.1792547, 4.706115 ], [ -74.1791503, 4.7060581 ], [ -74.1790968, 4.7060219 ], [ -74.1790605, 4.7060673 ], [ -74.1787521, 4.7058624 ], [ -74.1789663, 4.7055733 ], [ -74.1791068, 4.7054019 ], [ -74.1791472, 4.7053587 ], [ -74.1792157, 4.7052945 ], [ -74.1791995, 4.7052823 ], [ -74.1791858, 4.7052711 ], [ -74.179164, 4.7052511 ], [ -74.1791436, 4.7052298 ], [ -74.1791246, 4.7052072 ], [ -74.1791071, 4.7051834 ], [ -74.1790912, 4.7051585 ], [ -74.1790769, 4.7051326 ], [ -74.1790644, 4.7051058 ], [ -74.1790517, 4.7050727 ], [ -74.1790417, 4.7050386 ], [ -74.1790354, 4.7050097 ], [ -74.1790841, 4.7049578 ], [ -74.1791963, 4.7048205 ], [ -74.1792994, 4.7046762 ], [ -74.1793928, 4.7045254 ], [ -74.1794762, 4.7043689 ], [ -74.1795492, 4.7042071 ], [ -74.1795647, 4.7041688 ], [ -74.1797153, 4.7037873 ], [ -74.1797622, 4.7036595 ], [ -74.1798135, 4.7034896 ], [ -74.1798537, 4.7033167 ], [ -74.1798825, 4.7031416 ], [ -74.1798998, 4.7029649 ], [ -74.1799055, 4.7027874 ], [ -74.1799031, 4.702672 ], [ -74.1798804, 4.7021404 ], [ -74.1798771, 4.7020784 ], [ -74.1798597, 4.7019017 ], [ -74.1798309, 4.7017266 ], [ -74.1797907, 4.7015537 ], [ -74.1797393, 4.7013838 ], [ -74.1796769, 4.7012177 ], [ -74.1796039, 4.701056 ], [ -74.1795204, 4.7008994 ], [ -74.179427, 4.7007487 ], [ -74.1793239, 4.7006044 ], [ -74.1792116, 4.7004672 ], [ -74.1790906, 4.7003376 ], [ -74.179069, 4.7003162 ], [ -74.1787422, 4.6999957 ], [ -74.1803291, 4.6998096 ], [ -74.1810944, 4.6997261 ], [ -74.1813057, 4.6997026 ], [ -74.1813558, 4.6996995 ], [ -74.1814454, 4.6996899 ], [ -74.1815615, 4.6996775 ], [ -74.1815696, 4.6996766 ], [ -74.181726, 4.6996703 ], [ -74.1821028, 4.6997561 ], [ -74.1831442, 4.6997535 ], [ -74.1833001, 4.7020312 ], [ -74.1833601, 4.7027248 ], [ -74.1835549, 4.7050164 ], [ -74.1836385, 4.706115 ], [ -74.1836548, 4.7063297 ], [ -74.1836716, 4.706551 ], [ -74.1837215, 4.707207 ], [ -74.1837265, 4.7072411 ], [ -74.1836916, 4.7072477 ], [ -74.1836603, 4.7072494 ], [ -74.1834761, 4.7072591 ], [ -74.1833491, 4.7072728 ], [ -74.1832402, 4.707307 ], [ -74.1831177, 4.7073411 ], [ -74.1829952, 4.7073593 ], [ -74.1828455, 4.7073616 ], [ -74.1827321, 4.7073548 ], [ -74.182655, 4.7073366 ], [ -74.1825756, 4.7073093 ], [ -74.1824871, 4.7072957 ], [ -74.1823805, 4.7072934 ], [ -74.1822898, 4.7073003 ], [ -74.1822739, 4.7073073 ], [ -74.1822582, 4.7073196 ], [ -74.1821981, 4.7073416 ], [ -74.1821106, 4.7073822 ], [ -74.1820011, 4.7074266 ], [ -74.1819767, 4.7074366 ], [ -74.1818829, 4.7074722 ], [ -74.1818584, 4.7074765 ], [ -74.1818158, 4.7074892 ], [ -74.1817409, 4.7075074 ], [ -74.1817046, 4.7075052 ], [ -74.1816592, 4.7074779 ], [ -74.1815799, 4.7074301 ], [ -74.1815299, 4.707396 ], [ -74.1814823, 4.7073527 ], [ -74.1814528, 4.7073254 ], [ -74.1813916, 4.7073004 ] ] ] } },
{ "type": "Feature", "properties": { "OBJECTID": 3.0, "SIMBOLO": "SU-Z1", "CLASE_SUEL": "URBANO", "VEREDA": null, "NOMBRE": "CENTRO o 1", "Clase_Su_1": "URBANO", "Shape_Leng": 15745.6683462, "Shape_Area": 4380143.5409899997, "CLAS_CIAF": "1a" }, "geometry": { "type": "Polygon", "coordinates": [ [ [ -74.2212216, 4.7331015 ], [ -74.220582, 4.7320326 ], [ -74.2188312, 4.7329329 ], [ -74.218771, 4.7329639 ], [ -74.2184292, 4.7322855 ], [ -74.2184242, 4.7322881 ], [ -74.2184229, 4.7322855 ], [ -74.2181188, 4.7316926 ], [ -74.2180859, 4.7316164 ], [ -74.217902, 4.7312701 ], [ -74.2179438, 4.7312475 ], [ -74.217953, 4.7312426 ], [ -74.2179826, 4.7312266 ], [ -74.218279, 4.7310616 ], [ -74.2183276, 4.7310593 ], [ -74.2183785, 4.7310314 ], [ -74.2185406, 4.7309617 ], [ -74.2187748, 4.7308384 ], [ -74.2194127, 4.7304418 ], [ -74.2196682, 4.7302938 ], [ -74.219311, 4.7297218 ], [ -74.2189107, 4.7290527 ], [ -74.2186953, 4.7286837 ], [ -74.2186439, 4.7286111 ], [ -74.2186502, 4.7286065 ], [ -74.2186386, 4.7285866 ], [ -74.2186375, 4.728585 ], [ -74.218612, 4.728547 ], [ -74.2185977, 4.7285578 ], [ -74.2166423, 4.7254535 ], [ -74.2165038, 4.7252277 ], [ -74.2163788, 4.7250455 ], [ -74.2162987, 4.7249308 ], [ -74.2161926, 4.7247789 ], [ -74.216189, 4.7247726 ], [ -74.2161434, 4.7246926 ], [ -74.2160797, 4.7245809 ], [ -74.216053, 4.7245342 ], [ -74.2159994, 4.7244402 ], [ -74.2159782, 4.7244054 ], [ -74.2158739, 4.7242345 ], [ -74.2158429, 4.7241833 ], [ -74.2157472, 4.7240208 ], [ -74.215673, 4.7238947 ], [ -74.2155496, 4.7236781 ], [ -74.2155398, 4.7236621 ], [ -74.2155097, 4.7236128 ], [ -74.2153742, 4.7233915 ], [ -74.2153396, 4.7233377 ], [ -74.215344, 4.7233349 ], [ -74.2152633, 4.7232001 ], [ -74.2152301, 4.7231445 ], [ -74.2147777, 4.7223889 ], [ -74.2147614, 4.7223681 ], [ -74.2147525, 4.7223569 ], [ -74.2143043, 4.7216372 ], [ -74.2142719, 4.7216558 ], [ -74.2141991, 4.7216975 ], [ -74.213973, 4.7218235 ], [ -74.2134711, 4.7221034 ], [ -74.2127712, 4.7224926 ], [ -74.2127607, 4.7224665 ], [ -74.2127418, 4.7224191 ], [ -74.2127333, 4.722398 ], [ -74.2126911, 4.7222924 ], [ -74.2125832, 4.7220269 ], [ -74.2125005, 4.7218206 ], [ -74.2124975, 4.7218133 ], [ -74.2124616, 4.7217227 ], [ -74.212393, 4.7216054 ], [ -74.2123412, 4.7216367 ], [ -74.2123294, 4.7216476 ], [ -74.2121198, 4.7217888 ], [ -74.2119372, 4.7219122 ], [ -74.211936, 4.7219267 ], [ -74.2118456, 4.7219824 ], [ -74.211831, 4.7219914 ], [ -74.2117255, 4.7220526 ], [ -74.2114931, 4.7221892 ], [ -74.2112877, 4.7223101 ], [ -74.2110755, 4.7224348 ], [ -74.2110439, 4.7223868 ], [ -74.2104872, 4.7215385 ], [ -74.2104832, 4.7215323 ], [ -74.2104751, 4.72152 ], [ -74.2104804, 4.7215172 ], [ -74.2104661, 4.7214729 ], [ -74.2100281, 4.7216898 ], [ -74.2099755, 4.7217316 ], [ -74.2097963, 4.7214389 ], [ -74.2096778, 4.7212329 ], [ -74.2095778, 4.721059 ], [ -74.2094822, 4.7208937 ], [ -74.2094296, 4.7208027 ], [ -74.2094235, 4.7208067 ], [ -74.2090161, 4.7210694 ], [ -74.208732, 4.7212351 ], [ -74.2086705, 4.7212709 ], [ -74.2086643, 4.7212709 ], [ -74.2086661, 4.721242 ], [ -74.2087015, 4.7212211 ], [ -74.2084629, 4.720794 ], [ -74.2078514, 4.7197004 ], [ -74.2077849, 4.7195782 ], [ -74.2077833, 4.7195753 ], [ -74.2077743, 4.7195809 ], [ -74.2077405, 4.7195982 ], [ -74.2076604, 4.7196585 ], [ -74.2076517, 4.7196652 ], [ -74.2075257, 4.7197621 ], [ -74.2074176, 4.7198437 ], [ -74.2072824, 4.7199512 ], [ -74.2072766, 4.7199556 ], [ -74.2072711, 4.7199608 ], [ -74.2070439, 4.7201508 ], [ -74.2067968, 4.7203698 ], [ -74.2064449, 4.7206358 ], [ -74.2062289, 4.7208369 ], [ -74.2061243, 4.7209978 ], [ -74.2060906, 4.7210527 ], [ -74.2060887, 4.7210559 ], [ -74.2059038, 4.7209174 ], [ -74.2055251, 4.7205846 ], [ -74.205514, 4.720551 ], [ -74.2054516, 4.7204483 ], [ -74.2051932, 4.7200618 ], [ -74.2051219, 4.7199791 ], [ -74.2050138, 4.7197844 ], [ -74.2050127, 4.7197825 ], [ -74.2045696, 4.7199434 ], [ -74.2036213, 4.7202904 ], [ -74.2036164, 4.7202922 ], [ -74.2035852, 4.720252 ], [ -74.2034114, 4.7197448 ], [ -74.2032131, 4.719175 ], [ -74.2031329, 4.7189439 ], [ -74.2029853, 4.7185583 ], [ -74.2029835, 4.7185538 ], [ -74.2029662, 4.718522 ], [ -74.2029652, 4.7185202 ], [ -74.2028567, 4.7185584 ], [ -74.2023734, 4.7186903 ], [ -74.2018389, 4.718858 ], [ -74.2015472, 4.718963 ], [ -74.2008925, 4.7192045 ], [ -74.2006163, 4.7193162 ], [ -74.2001041, 4.7195085 ], [ -74.2000969, 4.7195109 ], [ -74.199975, 4.719551 ], [ -74.1996431, 4.7196851 ], [ -74.1995947, 4.7197005 ], [ -74.1993625, 4.7197745 ], [ -74.1992135, 4.7198208 ], [ -74.1990904, 4.7197755 ], [ -74.1990904, 4.7196456 ], [ -74.1993888, 4.7194252 ], [ -74.199659, 4.7192444 ], [ -74.1998111, 4.7191483 ], [ -74.2001658, 4.7189618 ], [ -74.2004586, 4.7187866 ], [ -74.2006669, 4.7186566 ], [ -74.2008527, 4.718538 ], [ -74.2010272, 4.7184306 ], [ -74.2012355, 4.7183176 ], [ -74.2014737, 4.7181734 ], [ -74.2015621, 4.7181198 ], [ -74.2020857, 4.7177807 ], [ -74.2026264, 4.7174205 ], [ -74.2025377, 4.7171508 ], [ -74.2028819, 4.7170025 ], [ -74.2026877, 4.7165998 ], [ -74.2025333, 4.7162356 ], [ -74.2024471, 4.7160308 ], [ -74.2023517, 4.7157986 ], [ -74.2022564, 4.715571 ], [ -74.2021429, 4.7153115 ], [ -74.2019614, 4.7150703 ], [ -74.201807, 4.7148108 ], [ -74.20168, 4.7146014 ], [ -74.201571, 4.714433 ], [ -74.201453, 4.7142099 ], [ -74.2013441, 4.7140369 ], [ -74.2012612, 4.7138966 ], [ -74.2011124, 4.7136354 ], [ -74.2009635, 4.7133663 ], [ -74.2008088, 4.7130776 ], [ -74.2004917, 4.713225 ], [ -74.200292, 4.7133252 ], [ -74.2001061, 4.7134117 ], [ -74.1999649, 4.7134827 ], [ -74.1998832, 4.7135238 ], [ -74.1995543, 4.7129008 ], [ -74.199302, 4.7130313 ], [ -74.199304, 4.7131681 ], [ -74.1988873, 4.7134366 ], [ -74.1984794, 4.7125784 ], [ -74.1977426, 4.7132086 ], [ -74.1972435, 4.713638 ], [ -74.1972304, 4.7136094 ], [ -74.1970222, 4.7136978 ], [ -74.1966643, 4.7138497 ], [ -74.196592, 4.7138804 ], [ -74.1965164, 4.7139124 ], [ -74.1963645, 4.7139757 ], [ -74.1955436, 4.7143174 ], [ -74.1956067, 4.7144168 ], [ -74.195367, 4.7145394 ], [ -74.1952439, 4.7143404 ], [ -74.1950905, 4.7141526 ], [ -74.1950487, 4.7141016 ], [ -74.1950483, 4.7141011 ], [ -74.1948418, 4.7138003 ], [ -74.1946452, 4.713514 ], [ -74.1945643, 4.7133961 ], [ -74.1945571, 4.7133857 ], [ -74.1945093, 4.7133176 ], [ -74.1945075, 4.713315 ], [ -74.1944815, 4.7132775 ], [ -74.1944782, 4.7132727 ], [ -74.1944541, 4.7132378 ], [ -74.1944536, 4.7132369 ], [ -74.1944001, 4.7131583 ], [ -74.1943908, 4.7131445 ], [ -74.1943891, 4.7131421 ], [ -74.1943699, 4.7131133 ], [ -74.1943659, 4.7131074 ], [ -74.1952711, 4.7126435 ], [ -74.1958259, 4.7123576 ], [ -74.1958702, 4.7123347 ], [ -74.1961632, 4.7121836 ], [ -74.1957865, 4.711435 ], [ -74.195756, 4.7113732 ], [ -74.1956933, 4.7112485 ], [ -74.1956611, 4.7111847 ], [ -74.1956216, 4.7111061 ], [ -74.195564, 4.7109916 ], [ -74.1954841, 4.7108329 ], [ -74.1953872, 4.7106403 ], [ -74.1957045, 4.7104921 ], [ -74.1957507, 4.7104705 ], [ -74.195878, 4.7104111 ], [ -74.1959068, 4.7103976 ], [ -74.196049, 4.7103312 ], [ -74.1959435, 4.7101202 ], [ -74.1962443, 4.709961 ], [ -74.1960211, 4.70953 ], [ -74.1957195, 4.7089985 ], [ -74.1957974, 4.7089471 ], [ -74.1956682, 4.7087169 ], [ -74.1955984, 4.7085979 ], [ -74.1955845, 4.7085915 ], [ -74.1955693, 4.7085628 ], [ -74.1955462, 4.7085194 ], [ -74.1955423, 4.7085216 ], [ -74.1955251, 4.7085311 ], [ -74.1954994, 4.7084847 ], [ -74.1954348, 4.7083679 ], [ -74.1954294, 4.7083581 ], [ -74.1954109, 4.7083248 ], [ -74.1954021, 4.7083091 ], [ -74.1953868, 4.7082817 ], [ -74.1954065, 4.7082708 ], [ -74.1954009, 4.7082612 ], [ -74.1954072, 4.7082582 ], [ -74.1955351, 4.7081993 ], [ -74.1956433, 4.7081392 ], [ -74.1956533, 4.7081339 ], [ -74.1957097, 4.708104 ], [ -74.1957271, 4.7080948 ], [ -74.1957479, 4.7080838 ], [ -74.1957806, 4.7080664 ], [ -74.1957833, 4.708065 ], [ -74.1957983, 4.7080571 ], [ -74.1958097, 4.7080511 ], [ -74.1958653, 4.7080236 ], [ -74.1958905, 4.7080118 ], [ -74.1960279, 4.7079471 ], [ -74.1960455, 4.7079388 ], [ -74.1957794, 4.7073941 ], [ -74.1953538, 4.7064691 ], [ -74.1956942, 4.7063002 ], [ -74.1956993, 4.7062977 ], [ -74.1961436, 4.706077 ], [ -74.1961658, 4.7060661 ], [ -74.1961435, 4.706022 ], [ -74.1961579, 4.7060146 ], [ -74.196292, 4.7059446 ], [ -74.1963158, 4.7059322 ], [ -74.1964623, 4.7058526 ], [ -74.1964784, 4.7058439 ], [ -74.196501, 4.7058317 ], [ -74.1964898, 4.7058201 ], [ -74.1970023, 4.7055742 ], [ -74.1970253, 4.7055628 ], [ -74.1973715, 4.7053914 ], [ -74.1975348, 4.7053106 ], [ -74.197804, 4.7051774 ], [ -74.1978511, 4.705154 ], [ -74.1978633, 4.705148 ], [ -74.1979392, 4.7051105 ], [ -74.1983594, 4.7049089 ], [ -74.1983662, 4.7049057 ], [ -74.1988176, 4.7046926 ], [ -74.1988439, 4.7046795 ], [ -74.199327, 4.7044394 ], [ -74.1994463, 4.7043753 ], [ -74.1996015, 4.7043111 ], [ -74.1997475, 4.704247 ], [ -74.19988, 4.7041921 ], [ -74.2000449, 4.7041247 ], [ -74.2000658, 4.7041096 ], [ -74.2000924, 4.7040883 ], [ -74.2001748, 4.7040527 ], [ -74.2001763, 4.704052 ], [ -74.2003017, 4.7039934 ], [ -74.2004196, 4.7039358 ], [ -74.2004914, 4.7038967 ], [ -74.2008145, 4.7038505 ], [ -74.2009748, 4.7038261 ], [ -74.2009442, 4.7037416 ], [ -74.2009005, 4.7036249 ], [ -74.2008619, 4.7035372 ], [ -74.2008284, 4.7034633 ], [ -74.2008197, 4.7034246 ], [ -74.2008273, 4.703391 ], [ -74.2008503, 4.7033546 ], [ -74.2008406, 4.7033267 ], [ -74.2008528, 4.7032769 ], [ -74.200925, 4.7032131 ], [ -74.2010378, 4.7031791 ], [ -74.201178, 4.7031571 ], [ -74.2012568, 4.7031384 ], [ -74.2013005, 4.7031199 ], [ -74.2014177, 4.7030342 ], [ -74.2014823, 4.7029649 ], [ -74.2015315, 4.7029155 ], [ -74.2015742, 4.7028924 ], [ -74.2017155, 4.7028056 ], [ -74.2017801, 4.7027331 ], [ -74.2018839, 4.7025859 ], [ -74.201913, 4.7025447 ], [ -74.2019137, 4.7025433 ], [ -74.2019432, 4.7025015 ], [ -74.2019434, 4.7025016 ], [ -74.2019607, 4.7024771 ], [ -74.201967, 4.7024525 ], [ -74.2023886, 4.7024821 ], [ -74.2024207, 4.7024217 ], [ -74.2024401, 4.7023673 ], [ -74.2026435, 4.7021646 ], [ -74.2028476, 4.7021545 ], [ -74.2029667, 4.7022028 ], [ -74.203047, 4.7023008 ], [ -74.2030905, 4.702431 ], [ -74.2033053, 4.7024786 ], [ -74.2034745, 4.7023248 ], [ -74.2036016, 4.7022389 ], [ -74.2040659, 4.7021878 ], [ -74.2042279, 4.7021703 ], [ -74.2044192, 4.7022804 ], [ -74.2046936, 4.7025186 ], [ -74.2047184, 4.7026213 ], [ -74.2047318, 4.702773 ], [ -74.2047387, 4.7028149 ], [ -74.2047499, 4.7028831 ], [ -74.2048047, 4.7029361 ], [ -74.2048069, 4.7027901 ], [ -74.20481, 4.7025716 ], [ -74.2048617, 4.7023602 ], [ -74.2048989, 4.7022083 ], [ -74.204921, 4.7021178 ], [ -74.2049531, 4.7019923 ], [ -74.2050307, 4.7019681 ], [ -74.2052615, 4.7019412 ], [ -74.2054388, 4.7019794 ], [ -74.2055941, 4.7021204 ], [ -74.2057119, 4.7021445 ], [ -74.2059253, 4.702225 ], [ -74.2059362, 4.702234 ], [ -74.2060076, 4.7022922 ], [ -74.2060344, 4.7022942 ], [ -74.2060745, 4.7022868 ], [ -74.2061006, 4.7022277 ], [ -74.2060792, 4.7021169 ], [ -74.206134, 4.7019484 ], [ -74.2062109, 4.7018632 ], [ -74.2063983, 4.7017799 ], [ -74.206648, 4.7016198 ], [ -74.2068204, 4.7015093 ], [ -74.2069368, 4.7014368 ], [ -74.2068933, 4.7012112 ], [ -74.2070143, 4.7011031 ], [ -74.2058903, 4.7006981 ], [ -74.2067804, 4.7009115 ], [ -74.2069084, 4.7009436 ], [ -74.2077495, 4.7011543 ], [ -74.2079344, 4.7012006 ], [ -74.2090047, 4.7009743 ], [ -74.2096814, 4.7018785 ], [ -74.2097869, 4.7025759 ], [ -74.2097302, 4.7027425 ], [ -74.2097008, 4.7028291 ], [ -74.2097825, 4.7030399 ], [ -74.210058, 4.7034248 ], [ -74.2102862, 4.703774 ], [ -74.2106913, 4.7043499 ], [ -74.2110535, 4.7049112 ], [ -74.2110892, 4.7049647 ], [ -74.2112522, 4.7052077 ], [ -74.2112718, 4.7052367 ], [ -74.2112763, 4.7052433 ], [ -74.2114921, 4.7055389 ], [ -74.2121306, 4.7064891 ], [ -74.2121634, 4.7065359 ], [ -74.2121666, 4.7065408 ], [ -74.2129765, 4.7061925 ], [ -74.2134375, 4.7069352 ], [ -74.2136949, 4.7069238 ], [ -74.2140144, 4.7073827 ], [ -74.214139, 4.7076223 ], [ -74.2142652, 4.7078596 ], [ -74.2143858, 4.708084 ], [ -74.2145126, 4.7083072 ], [ -74.2147352, 4.7084304 ], [ -74.2149549, 4.7087106 ], [ -74.2150986, 4.7089485 ], [ -74.2157027, 4.7099054 ], [ -74.2159466, 4.7103032 ], [ -74.2156059, 4.7105881 ], [ -74.2151811, 4.7108075 ], [ -74.2166294, 4.7131403 ], [ -74.2170999, 4.7137213 ], [ -74.2168661, 4.7138841 ], [ -74.2165147, 4.7140712 ], [ -74.2158099, 4.7143568 ], [ -74.2159046, 4.7146003 ], [ -74.2162562, 4.7150394 ], [ -74.2166152, 4.7155243 ], [ -74.2173746, 4.7170308 ], [ -74.2170822, 4.7171078 ], [ -74.2170782, 4.7171108 ], [ -74.2169868, 4.716985 ], [ -74.2169846, 4.716982 ], [ -74.2169806, 4.7169849 ], [ -74.2169767, 4.7169878 ], [ -74.2169458, 4.7169483 ], [ -74.2169181, 4.7169128 ], [ -74.2169154, 4.7169093 ], [ -74.2168809, 4.7169426 ], [ -74.2168829, 4.7169453 ], [ -74.216873, 4.7169517 ], [ -74.2168683, 4.7169548 ], [ -74.2167899, 4.7170302 ], [ -74.2167879, 4.7170323 ], [ -74.2165463, 4.7172303 ], [ -74.2167352, 4.7175426 ], [ -74.2169688, 4.7179529 ], [ -74.2170569, 4.7181075 ], [ -74.2169442, 4.7181671 ], [ -74.216911, 4.7181847 ], [ -74.2169115, 4.7181846 ], [ -74.2169113, 4.7181847 ], [ -74.2169035, 4.7181889 ], [ -74.216884, 4.7181995 ], [ -74.2168172, 4.7182376 ], [ -74.2167692, 4.718265 ], [ -74.2167884, 4.718306 ], [ -74.2167505, 4.7183239 ], [ -74.2166014, 4.7183944 ], [ -74.2165519, 4.7183779 ], [ -74.216529, 4.7183901 ], [ -74.2163078, 4.718507 ], [ -74.2165563, 4.7188705 ], [ -74.2161208, 4.7191932 ], [ -74.2164994, 4.7197315 ], [ -74.2165146, 4.7197531 ], [ -74.216812, 4.7201782 ], [ -74.2169788, 4.7204167 ], [ -74.2170008, 4.7204467 ], [ -74.2170728, 4.7203946 ], [ -74.2177363, 4.7199146 ], [ -74.2177664, 4.7198928 ], [ -74.2178024, 4.7199424 ], [ -74.2178662, 4.7200301 ], [ -74.2181583, 4.7204321 ], [ -74.2181913, 4.7204776 ], [ -74.2182204, 4.7204684 ], [ -74.2182536, 4.7204442 ], [ -74.2183352, 4.7203846 ], [ -74.2187307, 4.7200973 ], [ -74.21894, 4.7203864 ], [ -74.219048, 4.7205356 ], [ -74.2190746, 4.7205723 ], [ -74.2191462, 4.7206712 ], [ -74.2192632, 4.7208328 ], [ -74.2193626, 4.7209701 ], [ -74.219595, 4.7212962 ], [ -74.219993, 4.7218549 ], [ -74.2202092, 4.7221583 ], [ -74.2202264, 4.7221824 ], [ -74.2204293, 4.7224629 ], [ -74.2208773, 4.7230825 ], [ -74.2209306, 4.7231643 ], [ -74.2209098, 4.7231728 ], [ -74.2208282, 4.7232303 ], [ -74.2208124, 4.7232444 ], [ -74.2208124, 4.7232445 ], [ -74.2208116, 4.7232552 ], [ -74.2208116, 4.7232553 ], [ -74.2208092, 4.7232658 ], [ -74.2208092, 4.7232658 ], [ -74.2208054, 4.7232759 ], [ -74.2208001, 4.7232854 ], [ -74.2206275, 4.7234207 ], [ -74.2206095, 4.7234412 ], [ -74.2205175, 4.723544 ], [ -74.2203855, 4.7236555 ], [ -74.2202466, 4.7237548 ], [ -74.2201424, 4.7238454 ], [ -74.2200383, 4.7239465 ], [ -74.2199601, 4.7240284 ], [ -74.2199098, 4.7240632 ], [ -74.219849, 4.724126 ], [ -74.2196355, 4.7243229 ], [ -74.2194393, 4.7245581 ], [ -74.2192952, 4.7247149 ], [ -74.2191303, 4.7248996 ], [ -74.219047, 4.7250129 ], [ -74.2190244, 4.7250686 ], [ -74.2190251, 4.7251012 ], [ -74.219089, 4.7251256 ], [ -74.2191484, 4.7251582 ], [ -74.2191915, 4.7251928 ], [ -74.219246, 4.7252513 ], [ -74.2193245, 4.7253589 ], [ -74.2193906, 4.7254568 ], [ -74.219448, 4.7255461 ], [ -74.2195159, 4.725618 ], [ -74.2195724, 4.7256776 ], [ -74.2196394, 4.7257371 ], [ -74.2197686, 4.7258667 ], [ -74.2198328, 4.7259454 ], [ -74.2198921, 4.726026 ], [ -74.2199303, 4.7260747 ], [ -74.2200256, 4.7262021 ], [ -74.2201572, 4.7263773 ], [ -74.2202094, 4.7264524 ], [ -74.2202434, 4.726507 ], [ -74.2202707, 4.7265662 ], [ -74.220316, 4.7266321 ], [ -74.220352, 4.7266849 ], [ -74.2204463, 4.7268315 ], [ -74.2205099, 4.7269181 ], [ -74.2205762, 4.7269992 ], [ -74.2208502, 4.7273345 ], [ -74.2208673, 4.7273578 ], [ -74.2211543, 4.7277486 ], [ -74.2211711, 4.7277723 ], [ -74.221447, 4.7281605 ], [ -74.2214632, 4.7281847 ], [ -74.2217578, 4.7286247 ], [ -74.2218553, 4.7287697 ], [ -74.2219031, 4.7288408 ], [ -74.2221957, 4.729189 ], [ -74.2222172, 4.7292164 ], [ -74.2224952, 4.7295712 ], [ -74.2225894, 4.7296873 ], [ -74.2225931, 4.7296843 ], [ -74.2225956, 4.7296873 ], [ -74.2226694, 4.7297783 ], [ -74.2228097, 4.7299146 ], [ -74.2228065, 4.7299176 ], [ -74.2228083, 4.7299194 ], [ -74.2229766, 4.7301153 ], [ -74.2231242, 4.7302686 ], [ -74.2232709, 4.7304219 ], [ -74.2234513, 4.7306216 ], [ -74.2236316, 4.7308105 ], [ -74.223804, 4.7309926 ], [ -74.2238831, 4.7310748 ], [ -74.224017, 4.7312065 ], [ -74.2240933, 4.7312728 ], [ -74.224192, 4.7313553 ], [ -74.2242735, 4.7314233 ], [ -74.2243405, 4.7314794 ], [ -74.2243787, 4.7315113 ], [ -74.224436, 4.7315657 ], [ -74.2247022, 4.7317935 ], [ -74.2247492, 4.7318395 ], [ -74.2248488, 4.7319266 ], [ -74.2252001, 4.7322397 ], [ -74.2254754, 4.7324851 ], [ -74.2256466, 4.7326338 ], [ -74.2258139, 4.7327791 ], [ -74.2258454, 4.7328065 ], [ -74.2257714, 4.7328795 ], [ -74.2257073, 4.7329275 ], [ -74.2256951, 4.7329367 ], [ -74.2250692, 4.7334049 ], [ -74.2250691, 4.7334051 ], [ -74.224478, 4.7338507 ], [ -74.2244444, 4.733876 ], [ -74.2245225, 4.7339851 ], [ -74.224572, 4.7340543 ], [ -74.2245546, 4.7340643 ], [ -74.2246816, 4.7342537 ], [ -74.2246482, 4.7342768 ], [ -74.2244305, 4.7344277 ], [ -74.2242347, 4.7345633 ], [ -74.2237696, 4.7348855 ], [ -74.2237427, 4.7349038 ], [ -74.2233275, 4.7351877 ], [ -74.2228294, 4.7355281 ], [ -74.2228203, 4.7355343 ], [ -74.2227666, 4.7355699 ], [ -74.2227667, 4.7355702 ], [ -74.2228359, 4.7357013 ], [ -74.2228335, 4.7357019 ], [ -74.2227863, 4.7357127 ], [ -74.2227739, 4.7357155 ], [ -74.2223379, 4.7358143 ], [ -74.2222653, 4.7356638 ], [ -74.222204, 4.7355448 ], [ -74.2224244, 4.7354988 ], [ -74.2226161, 4.7354589 ], [ -74.2225541, 4.7353535 ], [ -74.2225586, 4.7353523 ], [ -74.2220116, 4.734432 ], [ -74.2213909, 4.7333776 ], [ -74.2213426, 4.7333064 ], [ -74.2212216, 4.7331015 ] ] ] } },
{ "type": "Feature", "properties": { "OBJECTID": 4.0, "SIMBOLO": "SR-DAT-Z1", "CLASE_SUEL": "RURAL", "VEREDA": "COCLI", "NOMBRE": null, "Clase_Su_1": "RURAL", "Shape_Leng": 12204.9864734, "Shape_Area": 8541494.2683499996, "CLAS_CIAF": "2c" }, "geometry": { "type": "Polygon", "coordinates": [ [ [ -74.2207434, 4.7770662 ], [ -74.2207587, 4.7770477 ], [ -74.2207535, 4.7770477 ], [ -74.2207966, 4.7769685 ], [ -74.2208122, 4.7769058 ], [ -74.2208161, 4.7767959 ], [ -74.2208474, 4.7765802 ], [ -74.2208825, 4.7763448 ], [ -74.220902, 4.7761761 ], [ -74.2209333, 4.7760074 ], [ -74.2210426, 4.7752895 ], [ -74.2210488, 4.7751954 ], [ -74.2210504, 4.7751719 ], [ -74.2210973, 4.7749685 ], [ -74.2211806, 4.7743409 ], [ -74.2212014, 4.7741421 ], [ -74.2212221, 4.773232 ], [ -74.2212441, 4.7724233 ], [ -74.2212508, 4.7718854 ], [ -74.2212712, 4.7712264 ], [ -74.2212829, 4.7710498 ], [ -74.2212819, 4.7710399 ], [ -74.2212153, 4.7703702 ], [ -74.2211281, 4.769545 ], [ -74.2210537, 4.7689331 ], [ -74.2209871, 4.7682466 ], [ -74.2209863, 4.7682096 ], [ -74.2209674, 4.7673209 ], [ -74.2209498, 4.7666205 ], [ -74.2209398, 4.766223 ], [ -74.2209191, 4.7651992 ], [ -74.2209195, 4.7651363 ], [ -74.2209219, 4.7647784 ], [ -74.2209041, 4.7636458 ], [ -74.2208982, 4.763381 ], [ -74.2213175, 4.7629631 ], [ -74.2218516, 4.7626311 ], [ -74.2219163, 4.76257 ], [ -74.2223793, 4.7621338 ], [ -74.2230032, 4.7615274 ], [ -74.2232326, 4.7612815 ], [ -74.2233159, 4.7611455 ], [ -74.2233837, 4.7610252 ], [ -74.2233938, 4.7609921 ], [ -74.2234417, 4.7608345 ], [ -74.2234708, 4.7606541 ], [ -74.2235096, 4.7600448 ], [ -74.2237616, 4.7569346 ], [ -74.2238506, 4.7557458 ], [ -74.2238998, 4.7551839 ], [ -74.2240161, 4.7538628 ], [ -74.2241034, 4.7529561 ], [ -74.2243122, 4.7523515 ], [ -74.2245259, 4.7517422 ], [ -74.2245546, 4.7516786 ], [ -74.2246425, 4.7514838 ], [ -74.2247952, 4.7511434 ], [ -74.2250408, 4.7507736 ], [ -74.225528, 4.750209 ], [ -74.2258885, 4.7498512 ], [ -74.2263385, 4.7494151 ], [ -74.2263481, 4.7494059 ], [ -74.2267284, 4.7491236 ], [ -74.2268716, 4.7490158 ], [ -74.2270453, 4.748885 ], [ -74.227184, 4.7487776 ], [ -74.227287, 4.7486226 ], [ -74.2273464, 4.7484874 ], [ -74.2274058, 4.7481734 ], [ -74.2274928, 4.7475294 ], [ -74.2275356, 4.7472386 ], [ -74.2275835, 4.7469123 ], [ -74.2275845, 4.7469054 ], [ -74.227678, 4.746209 ], [ -74.2276785, 4.7462055 ], [ -74.2278559, 4.7447757 ], [ -74.2279433, 4.7444036 ], [ -74.2279516, 4.7441968 ], [ -74.227979, 4.7442484 ], [ -74.2279886, 4.7443584 ], [ -74.2279743, 4.7444828 ], [ -74.2280553, 4.7444918 ], [ -74.2282264, 4.7443973 ], [ -74.2282835, 4.7443657 ], [ -74.2285102, 4.7442405 ], [ -74.2286107, 4.744185 ], [ -74.2286813, 4.744146 ], [ -74.2287506, 4.7441077 ], [ -74.2287458, 4.7441041 ], [ -74.2288752, 4.7440376 ], [ -74.2289042, 4.7440198 ], [ -74.2289377, 4.7439993 ], [ -74.2289697, 4.7439962 ], [ -74.2290169, 4.744034 ], [ -74.2350902, 4.7488438 ], [ -74.2350907, 4.7488442 ], [ -74.2356884, 4.7492946 ], [ -74.2389395, 4.7518264 ], [ -74.2409008, 4.7529268 ], [ -74.2411707, 4.7530441 ], [ -74.2418558, 4.7534686 ], [ -74.2430092, 4.7541508 ], [ -74.2434318, 4.7542119 ], [ -74.2438959, 4.7542119 ], [ -74.2445989, 4.7583963 ], [ -74.2446897, 4.7604171 ], [ -74.244609, 4.7618246 ], [ -74.2442055, 4.7641571 ], [ -74.2438423, 4.7651625 ], [ -74.2434791, 4.7672135 ], [ -74.2433177, 4.7678167 ], [ -74.2427527, 4.7692242 ], [ -74.2398759, 4.7736678 ], [ -74.2389025, 4.774483 ], [ -74.2387411, 4.7746439 ], [ -74.2385797, 4.7751264 ], [ -74.2386016, 4.7764915 ], [ -74.2381981, 4.7770545 ], [ -74.2348361, 4.7796874 ], [ -74.2337162, 4.7805858 ], [ -74.2326077, 4.7815055 ], [ -74.2321516, 4.7822367 ], [ -74.2315866, 4.7831215 ], [ -74.2312171, 4.7838033 ], [ -74.2309883, 4.7841336 ], [ -74.2305925, 4.7847701 ], [ -74.2303159, 4.7851817 ], [ -74.2301299, 4.7855023 ], [ -74.229944, 4.7858509 ], [ -74.229666, 4.7863221 ], [ -74.2296579, 4.7863359 ], [ -74.2296478, 4.7863568 ], [ -74.2296038, 4.7863418 ], [ -74.229468, 4.7862955 ], [ -74.2294551, 4.7862911 ], [ -74.2281527, 4.7858467 ], [ -74.2275909, 4.7856446 ], [ -74.226934, 4.7854165 ], [ -74.2262471, 4.7851841 ], [ -74.2255, 4.7849129 ], [ -74.2247401, 4.7846503 ], [ -74.2238256, 4.7843232 ], [ -74.2230356, 4.7840477 ], [ -74.2225118, 4.783867 ], [ -74.2220138, 4.7836948 ], [ -74.2215544, 4.7835226 ], [ -74.221064, 4.7833495 ], [ -74.2210503, 4.7833447 ], [ -74.2207242, 4.7832295 ], [ -74.2206653, 4.7832087 ], [ -74.2206399, 4.7831998 ], [ -74.2206481, 4.7830912 ], [ -74.2206556, 4.7829925 ], [ -74.2206656, 4.7828595 ], [ -74.220717, 4.7824116 ], [ -74.2207684, 4.7818819 ], [ -74.2207941, 4.7814598 ], [ -74.2207983, 4.7809818 ], [ -74.2207725, 4.7805124 ], [ -74.2207079, 4.7798448 ], [ -74.2207033, 4.7797811 ], [ -74.2206821, 4.7794917 ], [ -74.2206477, 4.7788973 ], [ -74.2206463, 4.7787851 ], [ -74.2206433, 4.7785227 ], [ -74.2206561, 4.7779929 ], [ -74.220686, 4.7774933 ], [ -74.2207434, 4.7770662 ] ] ] } },
{ "type": "Feature", "properties": { "OBJECTID": 5.0, "SIMBOLO": "SR-DAT-Z2", "CLASE_SUEL": "RURAL", "VEREDA": "EL CACIQUE", "NOMBRE": null, "Clase_Su_1": "RURAL", "Shape_Leng": 23331.21624, "Shape_Area": 11903712.132300001, "CLAS_CIAF": "2b" }, "geometry": { "type": "Polygon", "coordinates": [ [ [ -74.2193485, 4.7931509 ], [ -74.2193502, 4.7931274 ], [ -74.2193515, 4.7931039 ], [ -74.2193524, 4.7930804 ], [ -74.2192225, 4.7924639 ], [ -74.2175528, 4.788108 ], [ -74.2164967, 4.7853296 ], [ -74.2162157, 4.7844896 ], [ -74.2159619, 4.7833513 ], [ -74.2161734, 4.7805688 ], [ -74.2166811, 4.7787981 ], [ -74.2171465, 4.7780814 ], [ -74.2164696, 4.7769853 ], [ -74.2132543, 4.7801894 ], [ -74.2033122, 4.7899282 ], [ -74.2043777, 4.786415 ], [ -74.2043783, 4.7860327 ], [ -74.2043794, 4.7857774 ], [ -74.2043806, 4.7854656 ], [ -74.2043823, 4.7850698 ], [ -74.2043828, 4.7849503 ], [ -74.2043918, 4.783754 ], [ -74.2043916, 4.7827577 ], [ -74.2043916, 4.7825879 ], [ -74.2043921, 4.7823644 ], [ -74.2043937, 4.7815751 ], [ -74.2044, 4.7806484 ], [ -74.2043706, 4.7799335 ], [ -74.2043699, 4.779918 ], [ -74.2043617, 4.7796743 ], [ -74.2043503, 4.7793379 ], [ -74.20431, 4.7790511 ], [ -74.2043032, 4.7788796 ], [ -74.204307, 4.778516 ], [ -74.2043255, 4.7783406 ], [ -74.2043567, 4.7778663 ], [ -74.2044152, 4.7773763 ], [ -74.2044356, 4.7772413 ], [ -74.2044446, 4.7771816 ], [ -74.2045113, 4.7765856 ], [ -74.2045255, 4.7764592 ], [ -74.2046503, 4.775386 ], [ -74.2047844, 4.7742594 ], [ -74.2049093, 4.7732141 ], [ -74.204939, 4.7729612 ], [ -74.2050249, 4.7722315 ], [ -74.205159, 4.771063 ], [ -74.2052908, 4.7699713 ], [ -74.205354, 4.7694378 ], [ -74.2054064, 4.7689956 ], [ -74.2055451, 4.7678319 ], [ -74.2055688, 4.7676307 ], [ -74.2057023, 4.7664985 ], [ -74.2058803, 4.764984 ], [ -74.2060375, 4.763632 ], [ -74.2061878, 4.7624125 ], [ -74.2063635, 4.7609653 ], [ -74.2065097, 4.7597182 ], [ -74.2065184, 4.7596436 ], [ -74.2066826, 4.7582382 ], [ -74.2066903, 4.7581724 ], [ -74.2068375, 4.7569188 ], [ -74.2070016, 4.7555877 ], [ -74.2071242, 4.7545308 ], [ -74.2071465, 4.7543667 ], [ -74.2071356, 4.7543534 ], [ -74.2070969, 4.7543068 ], [ -74.206912, 4.7538952 ], [ -74.2068883, 4.753844 ], [ -74.2065955, 4.7531901 ], [ -74.2063438, 4.7526457 ], [ -74.2059956, 4.7518569 ], [ -74.2056981, 4.7511935 ], [ -74.2055169, 4.7507959 ], [ -74.205505, 4.7507698 ], [ -74.2053222, 4.7503449 ], [ -74.2052707, 4.7502254 ], [ -74.2050508, 4.7497524 ], [ -74.2048308, 4.7492525 ], [ -74.2046709, 4.7489017 ], [ -74.2044838, 4.7484695 ], [ -74.2044117, 4.7483228 ], [ -74.2043519, 4.7481891 ], [ -74.2042526, 4.7479602 ], [ -74.2040343, 4.7474724 ], [ -74.2039247, 4.7472214 ], [ -74.203849, 4.7470477 ], [ -74.2037705, 4.7468798 ], [ -74.2036653, 4.7466546 ], [ -74.2036562, 4.746635 ], [ -74.2035214, 4.7463443 ], [ -74.2033013, 4.7458526 ], [ -74.2032534, 4.7457454 ], [ -74.2032236, 4.7456857 ], [ -74.2031359, 4.7454983 ], [ -74.2029408, 4.7450508 ], [ -74.2028762, 4.7449027 ], [ -74.2025552, 4.7442043 ], [ -74.2024576, 4.7439803 ], [ -74.2022731, 4.7435774 ], [ -74.202188, 4.7433914 ], [ -74.2020925, 4.7431755 ], [ -74.202092, 4.7431745 ], [ -74.2020192, 4.7430098 ], [ -74.201776, 4.7424773 ], [ -74.2016586, 4.7422268 ], [ -74.2014303, 4.7417241 ], [ -74.2012069, 4.741238 ], [ -74.2011606, 4.7411401 ], [ -74.2010614, 4.7409311 ], [ -74.2009058, 4.7405628 ], [ -74.2006891, 4.7401033 ], [ -74.2005502, 4.739798 ], [ -74.2003715, 4.7394015 ], [ -74.2002654, 4.7391763 ], [ -74.2002292, 4.7390996 ], [ -74.2000985, 4.7388026 ], [ -74.1999017, 4.7383746 ], [ -74.1997329, 4.7379963 ], [ -74.1996006, 4.7377044 ], [ -74.1994004, 4.7372647 ], [ -74.1991076, 4.7366277 ], [ -74.1988098, 4.7359575 ], [ -74.1985716, 4.7353652 ], [ -74.1984872, 4.7351578 ], [ -74.198378, 4.7349023 ], [ -74.1983568, 4.7348563 ], [ -74.1982457, 4.7346153 ], [ -74.1981166, 4.7343184 ], [ -74.1979661, 4.7339833 ], [ -74.1977196, 4.7334126 ], [ -74.1975128, 4.7329464 ], [ -74.1973722, 4.7326295 ], [ -74.1971687, 4.7321783 ], [ -74.1971224, 4.7320837 ], [ -74.1970908, 4.7320064 ], [ -74.1970248, 4.7318448 ], [ -74.1969636, 4.7317104 ], [ -74.1968726, 4.7315246 ], [ -74.1968114, 4.7313986 ], [ -74.1967535, 4.7312675 ], [ -74.1966625, 4.7310385 ], [ -74.1965665, 4.7308212 ], [ -74.1964904, 4.7306819 ], [ -74.1964061, 4.7305641 ], [ -74.1963482, 4.7304496 ], [ -74.196191, 4.7301477 ], [ -74.196143, 4.7299984 ], [ -74.1960918, 4.7298756 ], [ -74.1960008, 4.729645 ], [ -74.1959578, 4.7295355 ], [ -74.1958784, 4.7294177 ], [ -74.1957659, 4.729207 ], [ -74.1956699, 4.7290395 ], [ -74.1956071, 4.7289001 ], [ -74.1954995, 4.7286745 ], [ -74.1954268, 4.72857 ], [ -74.1953573, 4.7284671 ], [ -74.1952134, 4.7282332 ], [ -74.1950314, 4.7279529 ], [ -74.1949256, 4.7277754 ], [ -74.1948908, 4.7276758 ], [ -74.1948925, 4.7275978 ], [ -74.1949139, 4.7275564 ], [ -74.1949418, 4.7275343 ], [ -74.1949271, 4.7274694 ], [ -74.1949065, 4.7274223 ], [ -74.1948676, 4.7273025 ], [ -74.1948271, 4.7271775 ], [ -74.1947771, 4.7269857 ], [ -74.1952796, 4.7268168 ], [ -74.1954267, 4.7267674 ], [ -74.195548, 4.7267233 ], [ -74.1958236, 4.7265933 ], [ -74.1964292, 4.726372 ], [ -74.1964527, 4.7264074 ], [ -74.1966786, 4.7263282 ], [ -74.1970348, 4.7262047 ], [ -74.1976263, 4.7259935 ], [ -74.1978362, 4.7259102 ], [ -74.1979635, 4.7262989 ], [ -74.1981081, 4.7264556 ], [ -74.198867, 4.7263922 ], [ -74.1989219, 4.726296 ], [ -74.1992235, 4.7262822 ], [ -74.1994291, 4.7262133 ], [ -74.1995525, 4.726117 ], [ -74.1998678, 4.726117 ], [ -74.2002928, 4.7261032 ], [ -74.2005121, 4.7260343 ], [ -74.2007589, 4.725993 ], [ -74.2010742, 4.725883 ], [ -74.2014169, 4.7258279 ], [ -74.2017322, 4.7258278 ], [ -74.2020475, 4.7258003 ], [ -74.2024861, 4.7254426 ], [ -74.2027944, 4.7252093 ], [ -74.2028721, 4.7251505 ], [ -74.2036566, 4.7255097 ], [ -74.2038263, 4.7261012 ], [ -74.204269, 4.7265123 ], [ -74.2042828, 4.7266911 ], [ -74.2041594, 4.7267874 ], [ -74.2047216, 4.7272824 ], [ -74.2049135, 4.7273924 ], [ -74.2051466, 4.7274061 ], [ -74.205366, 4.7275161 ], [ -74.2058184, 4.7279287 ], [ -74.2059418, 4.7278874 ], [ -74.2062571, 4.727681 ], [ -74.2062571, 4.7277525 ], [ -74.2062571, 4.7278323 ], [ -74.2062846, 4.7280386 ], [ -74.206216, 4.7280937 ], [ -74.2061064, 4.7282587 ], [ -74.2059693, 4.7284376 ], [ -74.2058597, 4.7286576 ], [ -74.2058597, 4.7287677 ], [ -74.2058324, 4.7291803 ], [ -74.2059584, 4.7293553 ], [ -74.2060106, 4.7294278 ], [ -74.2061752, 4.7295929 ], [ -74.2063124, 4.7304456 ], [ -74.2063199, 4.7305274 ], [ -74.2063262, 4.7305969 ], [ -74.2064496, 4.7308032 ], [ -74.2064085, 4.7310095 ], [ -74.2062988, 4.7310783 ], [ -74.2062989, 4.7312021 ], [ -74.2062441, 4.7313671 ], [ -74.206436, 4.7314084 ], [ -74.2063812, 4.7315459 ], [ -74.2062715, 4.731601 ], [ -74.2062167, 4.7316972 ], [ -74.2062167, 4.7318348 ], [ -74.2061757, 4.7321511 ], [ -74.2061209, 4.7323437 ], [ -74.2060523, 4.7324262 ], [ -74.2059153, 4.7325501 ], [ -74.2057782, 4.7328114 ], [ -74.2057508, 4.7330865 ], [ -74.2059017, 4.7334578 ], [ -74.2060662, 4.7334991 ], [ -74.2062445, 4.7334853 ], [ -74.2062582, 4.7335953 ], [ -74.2063405, 4.7337053 ], [ -74.2065324, 4.7336365 ], [ -74.2067517, 4.7334577 ], [ -74.2067792, 4.7337052 ], [ -74.2067518, 4.7338978 ], [ -74.2068889, 4.7341041 ], [ -74.2075196, 4.7344891 ], [ -74.2075197, 4.7350117 ], [ -74.2076294, 4.7351768 ], [ -74.2078625, 4.7353693 ], [ -74.2081505, 4.7355618 ], [ -74.2083973, 4.7357818 ], [ -74.2085344, 4.7358781 ], [ -74.2085207, 4.7360569 ], [ -74.2085482, 4.7362082 ], [ -74.2087812, 4.7363594 ], [ -74.2088909, 4.7364694 ], [ -74.2090692, 4.7365106 ], [ -74.2092748, 4.7365931 ], [ -74.2096999, 4.7370882 ], [ -74.2098782, 4.7371982 ], [ -74.2100701, 4.7371982 ], [ -74.2102361, 4.7372918 ], [ -74.210454, 4.7374732 ], [ -74.2105226, 4.7376932 ], [ -74.2108105, 4.7377482 ], [ -74.2110847, 4.7379407 ], [ -74.2112904, 4.7380369 ], [ -74.2115372, 4.7380919 ], [ -74.2118251, 4.7381056 ], [ -74.2121678, 4.7381468 ], [ -74.2124969, 4.7381192 ], [ -74.2130589, 4.7378303 ], [ -74.2132234, 4.737789 ], [ -74.2133194, 4.7378165 ], [ -74.2135387, 4.7377477 ], [ -74.2140459, 4.7376513 ], [ -74.2143613, 4.7377337 ], [ -74.2146355, 4.737885 ], [ -74.2147226, 4.7379723 ], [ -74.2147792, 4.738004 ], [ -74.2147974, 4.7380151 ], [ -74.2149234, 4.7380637 ], [ -74.2151011, 4.7382013 ], [ -74.2155794, 4.7384119 ], [ -74.2158029, 4.7385464 ], [ -74.2159415, 4.7386944 ], [ -74.2160802, 4.7389276 ], [ -74.216174, 4.7390262 ], [ -74.2163886, 4.7392369 ], [ -74.2164673, 4.7393543 ], [ -74.216574, 4.7393942 ], [ -74.2165308, 4.739449 ], [ -74.2166087, 4.7395427 ], [ -74.2169036, 4.7400603 ], [ -74.217, 4.7401741 ], [ -74.2170745, 4.7402438 ], [ -74.2170937, 4.7402644 ], [ -74.2172042, 4.7404016 ], [ -74.2173346, 4.7405324 ], [ -74.2174821, 4.7406575 ], [ -74.2175048, 4.7407144 ], [ -74.2175057, 4.7407631 ], [ -74.2176085, 4.740751 ], [ -74.2177114, 4.7407449 ], [ -74.2179232, 4.7406538 ], [ -74.2180563, 4.7406052 ], [ -74.2181954, 4.7405263 ], [ -74.2185645, 4.7402651 ], [ -74.2187823, 4.7401255 ], [ -74.2189396, 4.7399676 ], [ -74.2191937, 4.7397612 ], [ -74.2193026, 4.7397247 ], [ -74.2194115, 4.7396822 ], [ -74.2194901, 4.7396397 ], [ -74.2195446, 4.7395851 ], [ -74.219593, 4.7394819 ], [ -74.2196552, 4.7392401 ], [ -74.2196879, 4.7389632 ], [ -74.2196953, 4.7389357 ], [ -74.2197402, 4.7387703 ], [ -74.2198817, 4.738584 ], [ -74.2202453, 4.7383515 ], [ -74.2210883, 4.7377744 ], [ -74.2211308, 4.7377453 ], [ -74.2212099, 4.7376948 ], [ -74.2222016, 4.7370614 ], [ -74.2227073, 4.7367557 ], [ -74.2229534, 4.7365812 ], [ -74.2232124, 4.736453 ], [ -74.2230232, 4.7361348 ], [ -74.2231559, 4.7360565 ], [ -74.2233916, 4.7364777 ], [ -74.2236448, 4.7369037 ], [ -74.2241597, 4.7377771 ], [ -74.2243742, 4.7381213 ], [ -74.2245977, 4.7383655 ], [ -74.2246145, 4.7383838 ], [ -74.2246779, 4.7384659 ], [ -74.2247475, 4.7385559 ], [ -74.2247539, 4.7385652 ], [ -74.2248805, 4.7387495 ], [ -74.2248985, 4.7387762 ], [ -74.2250349, 4.7389776 ], [ -74.2250564, 4.7390636 ], [ -74.225198, 4.7394251 ], [ -74.2253826, 4.7398597 ], [ -74.2256229, 4.7403502 ], [ -74.2257778, 4.7406609 ], [ -74.2257816, 4.7406686 ], [ -74.2259447, 4.7409655 ], [ -74.2261678, 4.7413571 ], [ -74.2261749, 4.7413685 ], [ -74.2265025, 4.7418949 ], [ -74.2265339, 4.7419395 ], [ -74.2266269, 4.7420713 ], [ -74.2268887, 4.7424715 ], [ -74.2269692, 4.7425542 ], [ -74.2270045, 4.7426256 ], [ -74.2270789, 4.742725 ], [ -74.2270981, 4.7427509 ], [ -74.2270587, 4.74279 ], [ -74.2274515, 4.7433041 ], [ -74.2278126, 4.7439197 ], [ -74.2278988, 4.7440667 ], [ -74.2279414, 4.7441696 ], [ -74.2279516, 4.7441968 ], [ -74.2279507, 4.7442206 ], [ -74.2279482, 4.7442827 ], [ -74.2279478, 4.7442922 ], [ -74.2279433, 4.7444036 ], [ -74.2278559, 4.7447757 ], [ -74.2276785, 4.7462055 ], [ -74.227678, 4.746209 ], [ -74.2275845, 4.7469054 ], [ -74.2275835, 4.7469123 ], [ -74.2275356, 4.7472386 ], [ -74.2274928, 4.7475294 ], [ -74.2274058, 4.7481734 ], [ -74.2273464, 4.7484874 ], [ -74.227287, 4.7486226 ], [ -74.227184, 4.7487776 ], [ -74.2270453, 4.748885 ], [ -74.2268716, 4.7490158 ], [ -74.2267284, 4.7491236 ], [ -74.2263481, 4.7494059 ], [ -74.2263385, 4.7494151 ], [ -74.2258885, 4.7498512 ], [ -74.225528, 4.750209 ], [ -74.2250408, 4.7507736 ], [ -74.2247952, 4.7511434 ], [ -74.2246425, 4.7514838 ], [ -74.2245546, 4.7516786 ], [ -74.2245259, 4.7517422 ], [ -74.2243122, 4.7523515 ], [ -74.2241034, 4.7529561 ], [ -74.2240161, 4.7538628 ], [ -74.2238998, 4.7551839 ], [ -74.2238506, 4.7557458 ], [ -74.2237616, 4.7569346 ], [ -74.2234708, 4.7606541 ], [ -74.2234417, 4.7608345 ], [ -74.2233938, 4.7609921 ], [ -74.2232326, 4.7612815 ], [ -74.2230032, 4.7615274 ], [ -74.2223793, 4.7621338 ], [ -74.2219163, 4.76257 ], [ -74.2218516, 4.7626311 ], [ -74.2213175, 4.7629631 ], [ -74.2208982, 4.763381 ], [ -74.2209041, 4.7636458 ], [ -74.2209219, 4.7647784 ], [ -74.2209195, 4.7651363 ], [ -74.2209191, 4.7651992 ], [ -74.2209398, 4.766223 ], [ -74.2209498, 4.7666205 ], [ -74.2209674, 4.7673209 ], [ -74.2209863, 4.7682096 ], [ -74.2209871, 4.7682466 ], [ -74.2210537, 4.7689331 ], [ -74.2211281, 4.769545 ], [ -74.2212153, 4.7703702 ], [ -74.2212819, 4.7710399 ], [ -74.2212829, 4.7710498 ], [ -74.2212712, 4.7712264 ], [ -74.2212508, 4.7718854 ], [ -74.2212441, 4.7724233 ], [ -74.2212221, 4.773232 ], [ -74.2212014, 4.7741421 ], [ -74.2211806, 4.7743409 ], [ -74.2210973, 4.7749685 ], [ -74.2210504, 4.7751719 ], [ -74.2210488, 4.7751954 ], [ -74.2210426, 4.7752895 ], [ -74.2209333, 4.7760074 ], [ -74.220902, 4.7761761 ], [ -74.2208825, 4.7763448 ], [ -74.2208474, 4.7765802 ], [ -74.2208161, 4.7767959 ], [ -74.2208122, 4.7769058 ], [ -74.2207966, 4.7769685 ], [ -74.2207535, 4.7770477 ], [ -74.2207587, 4.7770477 ], [ -74.2207434, 4.7770662 ], [ -74.220686, 4.7774933 ], [ -74.2206561, 4.7779929 ], [ -74.2206433, 4.7785227 ], [ -74.2206463, 4.7787851 ], [ -74.2206477, 4.7788973 ], [ -74.2206821, 4.7794917 ], [ -74.2207033, 4.7797811 ], [ -74.2207079, 4.7798448 ], [ -74.2207725, 4.7805124 ], [ -74.2207983, 4.7809818 ], [ -74.2207941, 4.7814598 ], [ -74.2207684, 4.7818819 ], [ -74.220717, 4.7824116 ], [ -74.2206656, 4.7828595 ], [ -74.2206556, 4.7829925 ], [ -74.2206481, 4.7830912 ], [ -74.2206399, 4.7831998 ], [ -74.2206417, 4.7835067 ], [ -74.2205689, 4.7841183 ], [ -74.2205184, 4.7844922 ], [ -74.2204574, 4.7850741 ], [ -74.2203203, 4.7863518 ], [ -74.2202803, 4.7868744 ], [ -74.2202118, 4.7874716 ], [ -74.2201546, 4.7878851 ], [ -74.2201261, 4.7882354 ], [ -74.2194236, 4.7883418 ], [ -74.2194922, 4.7886289 ], [ -74.2199722, 4.7885002 ], [ -74.2200918, 4.788511 ], [ -74.2200632, 4.7888268 ], [ -74.2200003, 4.7891254 ], [ -74.2199832, 4.7894815 ], [ -74.2200062, 4.7898375 ], [ -74.2200348, 4.7900901 ], [ -74.2200821, 4.7902574 ], [ -74.2201122, 4.7905052 ], [ -74.2201423, 4.7906407 ], [ -74.2202196, 4.7909766 ], [ -74.2203013, 4.7913599 ], [ -74.22037, 4.7916936 ], [ -74.2204474, 4.7920425 ], [ -74.2204946, 4.7923181 ], [ -74.2205677, 4.7926884 ], [ -74.2205849, 4.7928478 ], [ -74.2206107, 4.7930157 ], [ -74.2206107, 4.7931794 ], [ -74.2205807, 4.7932785 ], [ -74.2205335, 4.7934723 ], [ -74.2204434, 4.7937092 ], [ -74.2203772, 4.7937869 ], [ -74.2201956, 4.7938578 ], [ -74.2200341, 4.7940199 ], [ -74.2198901, 4.7941163 ], [ -74.2197108, 4.7942847 ], [ -74.2196836, 4.7943453 ], [ -74.2196613, 4.7943899 ], [ -74.2196423, 4.7945112 ], [ -74.2193489, 4.7941263 ], [ -74.2193129, 4.7931967 ], [ -74.2193464, 4.7931744 ], [ -74.2193485, 4.7931509 ] ] ] } },
{ "type": "Feature", "properties": { "OBJECTID": 6.0, "SIMBOLO": "SR-DAT-Z3", "CLASE_SUEL": "RURAL", "VEREDA": "LA ISLA", "NOMBRE": null, "Clase_Su_1": "RURAL", "Shape_Leng": 38600.0575704, "Shape_Area": 12749310.633099999, "CLAS_CIAF": "2b" }, "geometry": { "type": "Polygon", "coordinates": [ [ [ -74.199047, 4.7913876 ], [ -74.1978811, 4.7907503 ], [ -74.1975003, 4.7899492 ], [ -74.1968234, 4.7887688 ], [ -74.1963973, 4.7886189 ], [ -74.1963686, 4.7884631 ], [ -74.1948033, 4.785765 ], [ -74.1964532, 4.7843948 ], [ -74.1962893, 4.7837195 ], [ -74.1962893, 4.7809483 ], [ -74.1962047, 4.7802315 ], [ -74.1961624, 4.7791776 ], [ -74.1958239, 4.7774912 ], [ -74.1961201, 4.7771539 ], [ -74.1967547, 4.7763107 ], [ -74.196797, 4.775341 ], [ -74.1963316, 4.7745822 ], [ -74.194597, 4.7740762 ], [ -74.1931586, 4.7736125 ], [ -74.1929471, 4.7728114 ], [ -74.192524, 4.7715888 ], [ -74.191974, 4.7709986 ], [ -74.1915933, 4.7701554 ], [ -74.1913817, 4.7689749 ], [ -74.1907894, 4.767963 ], [ -74.1905779, 4.7680473 ], [ -74.1898164, 4.7687641 ], [ -74.1871119, 4.7708046 ], [ -74.1868542, 4.7700639 ], [ -74.1869913, 4.7696427 ], [ -74.187063, 4.7694459 ], [ -74.1870946, 4.7692173 ], [ -74.1871346, 4.7690374 ], [ -74.187103, 4.7689041 ], [ -74.1870418, 4.7686078 ], [ -74.1870185, 4.7683983 ], [ -74.1869615, 4.7682671 ], [ -74.1869577, 4.7682559 ], [ -74.1872384, 4.7681823 ], [ -74.1875232, 4.7681125 ], [ -74.1878586, 4.7680235 ], [ -74.1880753, 4.7679648 ], [ -74.1882699, 4.7678473 ], [ -74.1884961, 4.7677091 ], [ -74.1887319, 4.7675631 ], [ -74.1888331, 4.7674456 ], [ -74.1890814, 4.7671504 ], [ -74.1891937, 4.7668853 ], [ -74.1892791, 4.7666948 ], [ -74.1893139, 4.7665964 ], [ -74.1893177, 4.7665849 ], [ -74.1893625, 4.7664563 ], [ -74.1895114, 4.7660894 ], [ -74.189722, 4.765836 ], [ -74.1898929, 4.7656328 ], [ -74.1899435, 4.7656185 ], [ -74.1900876, 4.7655638 ], [ -74.190075, 4.7655386 ], [ -74.1900934, 4.7655311 ], [ -74.1900888, 4.7655111 ], [ -74.1900807, 4.7654774 ], [ -74.1900806, 4.7654773 ], [ -74.1900412, 4.7654027 ], [ -74.1899481, 4.765233 ], [ -74.1898512, 4.7650654 ], [ -74.1898431, 4.7650518 ], [ -74.189842, 4.7650499 ], [ -74.189835, 4.7650381 ], [ -74.1898328, 4.7650345 ], [ -74.1898305, 4.7650306 ], [ -74.1898293, 4.7650286 ], [ -74.189829, 4.7650282 ], [ -74.1898286, 4.7650275 ], [ -74.1898282, 4.7650269 ], [ -74.189826, 4.7650233 ], [ -74.189826, 4.7650232 ], [ -74.1898217, 4.765016 ], [ -74.1898213, 4.7650154 ], [ -74.1897749, 4.7649519 ], [ -74.189733, 4.7648853 ], [ -74.1896959, 4.764816 ], [ -74.1896896, 4.7648031 ], [ -74.1896558, 4.7647249 ], [ -74.1896467, 4.7646988 ], [ -74.189628, 4.7646444 ], [ -74.1896193, 4.7646118 ], [ -74.1896062, 4.764562 ], [ -74.1895996, 4.7645266 ], [ -74.1895907, 4.7644782 ], [ -74.1895866, 4.7644412 ], [ -74.1895814, 4.7643935 ], [ -74.1895808, 4.7643767 ], [ -74.1895799, 4.7643354 ], [ -74.1895791, 4.7643293 ], [ -74.1895784, 4.7643122 ], [ -74.1895789, 4.7642778 ], [ -74.189579, 4.7642748 ], [ -74.1895791, 4.764272 ], [ -74.1895793, 4.7642686 ], [ -74.1895795, 4.7642655 ], [ -74.1895796, 4.764263 ], [ -74.1895797, 4.7642604 ], [ -74.1895798, 4.7642594 ], [ -74.1895798, 4.764259 ], [ -74.18958, 4.7642559 ], [ -74.18958, 4.7642558 ], [ -74.18958, 4.7642555 ], [ -74.1895801, 4.7642543 ], [ -74.1895802, 4.7642517 ], [ -74.1895803, 4.7642488 ], [ -74.1895804, 4.7642482 ], [ -74.1895805, 4.7642458 ], [ -74.1895806, 4.764244 ], [ -74.1895807, 4.7642424 ], [ -74.1895808, 4.7642401 ], [ -74.1895808, 4.7642398 ], [ -74.1895809, 4.7642383 ], [ -74.1895809, 4.7642372 ], [ -74.189581, 4.7642362 ], [ -74.1895811, 4.7642349 ], [ -74.1895812, 4.7642331 ], [ -74.1895812, 4.764233 ], [ -74.1895812, 4.7642318 ], [ -74.1895813, 4.7642313 ], [ -74.1895802, 4.7642262 ], [ -74.18958, 4.7642255 ], [ -74.1895791, 4.7642214 ], [ -74.1895697, 4.7641607 ], [ -74.1895666, 4.7640993 ], [ -74.18957, 4.7640358 ], [ -74.1895713, 4.7640243 ], [ -74.1895714, 4.7640238 ], [ -74.1894699, 4.7640256 ], [ -74.1883602, 4.7640455 ], [ -74.1883379, 4.7640362 ], [ -74.1883392, 4.7640459 ], [ -74.188307, 4.7640468 ], [ -74.1882562, 4.7637175 ], [ -74.1880616, 4.76373 ], [ -74.187987, 4.7637357 ], [ -74.1864781, 4.7638375 ], [ -74.1859384, 4.7638759 ], [ -74.1859303, 4.7638405 ], [ -74.1858635, 4.7635534 ], [ -74.1857728, 4.7632854 ], [ -74.1856583, 4.7629217 ], [ -74.1856531, 4.7629053 ], [ -74.1855724, 4.762649 ], [ -74.1854092, 4.7619129 ], [ -74.1867772, 4.7619332 ], [ -74.187545, 4.7619387 ], [ -74.1888164, 4.7619583 ], [ -74.1898177, 4.7619694 ], [ -74.1909855, 4.7619835 ], [ -74.1910227, 4.7618931 ], [ -74.1910751, 4.7617638 ], [ -74.1911362, 4.7616368 ], [ -74.1911449, 4.7615733 ], [ -74.1911602, 4.7614922 ], [ -74.1911842, 4.761352 ], [ -74.1912823, 4.7609972 ], [ -74.1913106, 4.7608734 ], [ -74.1913129, 4.7608636 ], [ -74.1913871, 4.7607453 ], [ -74.1914984, 4.7605854 ], [ -74.191553, 4.7604715 ], [ -74.1915879, 4.7603379 ], [ -74.1916141, 4.7601605 ], [ -74.1916315, 4.7599918 ], [ -74.191638, 4.7598867 ], [ -74.1916358, 4.7597027 ], [ -74.1916118, 4.7595647 ], [ -74.1915987, 4.7594596 ], [ -74.1915463, 4.7593851 ], [ -74.1915184, 4.7593353 ], [ -74.191507, 4.759315 ], [ -74.1914371, 4.7591858 ], [ -74.1913716, 4.759096 ], [ -74.1912471, 4.7589624 ], [ -74.1911292, 4.7588792 ], [ -74.1909698, 4.7587938 ], [ -74.1907777, 4.7586821 ], [ -74.1906772, 4.7585945 ], [ -74.1905593, 4.7584741 ], [ -74.1904785, 4.7583624 ], [ -74.1904064, 4.75822 ], [ -74.1903409, 4.7580908 ], [ -74.1902994, 4.7580251 ], [ -74.1902849, 4.758006 ], [ -74.1902296, 4.7579332 ], [ -74.1901837, 4.7578215 ], [ -74.1901313, 4.7576287 ], [ -74.1900941, 4.7574382 ], [ -74.1900526, 4.7573111 ], [ -74.1900177, 4.7571578 ], [ -74.1900195, 4.7571056 ], [ -74.1900242, 4.756976 ], [ -74.1900438, 4.7567307 ], [ -74.1900732, 4.7566349 ], [ -74.1900962, 4.7565599 ], [ -74.1901551, 4.7564197 ], [ -74.1902882, 4.7562357 ], [ -74.190316, 4.7561932 ], [ -74.1903712, 4.7561086 ], [ -74.1905349, 4.7558655 ], [ -74.1905611, 4.7557647 ], [ -74.1905414, 4.7556289 ], [ -74.1904824, 4.7554778 ], [ -74.1903667, 4.7553026 ], [ -74.190275, 4.7551668 ], [ -74.1901767, 4.7549675 ], [ -74.1901068, 4.7547726 ], [ -74.1900209, 4.754528 ], [ -74.1899277, 4.7545056 ], [ -74.1898596, 4.754477 ], [ -74.1897758, 4.7544326 ], [ -74.1896888, 4.7544009 ], [ -74.1895622, 4.7543581 ], [ -74.1894261, 4.754312 ], [ -74.1893391, 4.7542867 ], [ -74.1891761, 4.7542343 ], [ -74.189029, 4.7541931 ], [ -74.1889388, 4.7541566 ], [ -74.1888265, 4.7541217 ], [ -74.1887442, 4.7541058 ], [ -74.1886255, 4.7541042 ], [ -74.1884736, 4.7541122 ], [ -74.1884326, 4.7541171 ], [ -74.188393, 4.7541217 ], [ -74.1882648, 4.7541376 ], [ -74.1881382, 4.7541265 ], [ -74.1880085, 4.7540932 ], [ -74.1879009, 4.7540599 ], [ -74.1878044, 4.754025 ], [ -74.1877648, 4.7540187 ], [ -74.1877237, 4.7540107 ], [ -74.1876747, 4.7540107 ], [ -74.1876177, 4.754025 ], [ -74.1875687, 4.7540504 ], [ -74.187507, 4.7541028 ], [ -74.1874579, 4.754133 ], [ -74.1873757, 4.754187 ], [ -74.1872823, 4.7542378 ], [ -74.1872064, 4.7542727 ], [ -74.1871558, 4.7542918 ], [ -74.1870957, 4.7543108 ], [ -74.1870102, 4.7543299 ], [ -74.1869169, 4.7543331 ], [ -74.1867935, 4.7543267 ], [ -74.1866115, 4.7542982 ], [ -74.1864565, 4.7542807 ], [ -74.1863584, 4.7542792 ], [ -74.1862445, 4.7542919 ], [ -74.1861353, 4.754303 ], [ -74.1859581, 4.754303 ], [ -74.1858795, 4.7542955 ], [ -74.1859221, 4.7541837 ], [ -74.1860504, 4.7538467 ], [ -74.1860583, 4.7538257 ], [ -74.1861403, 4.7536104 ], [ -74.1862355, 4.7533601 ], [ -74.1862411, 4.7533442 ], [ -74.1863036, 4.7531665 ], [ -74.1863472, 4.7530427 ], [ -74.18644, 4.7527845 ], [ -74.1865117, 4.7525855 ], [ -74.186883, 4.752522 ], [ -74.1868492, 4.7522109 ], [ -74.1867816, 4.7517876 ], [ -74.1867056, 4.7513242 ], [ -74.1866591, 4.7510321 ], [ -74.1866355, 4.7508992 ], [ -74.1867213, 4.7509562 ], [ -74.1867308, 4.7509628 ], [ -74.187126, 4.7512347 ], [ -74.1874535, 4.751449 ], [ -74.1878, 4.7516751 ], [ -74.1884076, 4.7520786 ], [ -74.1884883, 4.752119 ], [ -74.1885128, 4.7521179 ], [ -74.1886437, 4.7521119 ], [ -74.1890792, 4.7520511 ], [ -74.1895159, 4.7520034 ], [ -74.1896511, 4.7519891 ], [ -74.1896203, 4.7518546 ], [ -74.1895716, 4.7516427 ], [ -74.1895312, 4.7514498 ], [ -74.1894813, 4.7512189 ], [ -74.1894149, 4.7509535 ], [ -74.1893743, 4.7507766 ], [ -74.1893428, 4.7506494 ], [ -74.1892251, 4.7506846 ], [ -74.189197, 4.7505999 ], [ -74.1891407, 4.750408 ], [ -74.189059, 4.7500649 ], [ -74.1888735, 4.7500836 ], [ -74.1882884, 4.7501373 ], [ -74.1873265, 4.7502305 ], [ -74.1865163, 4.7503112 ], [ -74.1865346, 4.7503994 ], [ -74.1865738, 4.7505776 ], [ -74.1865979, 4.7506872 ], [ -74.1866317, 4.7508776 ], [ -74.1865449, 4.7508966 ], [ -74.1864464, 4.7509164 ], [ -74.1863593, 4.7510773 ], [ -74.1862844, 4.7512427 ], [ -74.1860862, 4.7517422 ], [ -74.1859702, 4.75203 ], [ -74.1858268, 4.7524046 ], [ -74.1857488, 4.7526057 ], [ -74.1856349, 4.7528004 ], [ -74.1855295, 4.7529972 ], [ -74.1854346, 4.7532406 ], [ -74.1853249, 4.753539 ], [ -74.1852005, 4.7538777 ], [ -74.1851251, 4.7540901 ], [ -74.1850341, 4.754054 ], [ -74.1845895, 4.7538763 ], [ -74.1844384, 4.7538164 ], [ -74.1841853, 4.7537092 ], [ -74.183994, 4.7536331 ], [ -74.1835729, 4.753747 ], [ -74.1835536, 4.7535301 ], [ -74.1835092, 4.7531174 ], [ -74.1834839, 4.7528465 ], [ -74.1834701, 4.7527244 ], [ -74.1834459, 4.75251 ], [ -74.1834184, 4.7522159 ], [ -74.1833783, 4.7518117 ], [ -74.1833318, 4.7513418 ], [ -74.1832705, 4.7507578 ], [ -74.1832093, 4.7501652 ], [ -74.183207, 4.7501448 ], [ -74.1831903, 4.7499959 ], [ -74.1831501, 4.7495684 ], [ -74.1830024, 4.749469 ], [ -74.1828716, 4.74927 ], [ -74.182856, 4.7492449 ], [ -74.1827028, 4.7489992 ], [ -74.1824264, 4.7485612 ], [ -74.1824187, 4.748549 ], [ -74.182188, 4.7481866 ], [ -74.181939, 4.7477951 ], [ -74.181823, 4.747611 ], [ -74.181593, 4.7472597 ], [ -74.1814727, 4.7470693 ], [ -74.1813356, 4.7468534 ], [ -74.1811225, 4.7465233 ], [ -74.1809558, 4.7462546 ], [ -74.1808303, 4.7460561 ], [ -74.1807659, 4.7461594 ], [ -74.1803041, 4.7468853 ], [ -74.1800553, 4.747271 ], [ -74.1796405, 4.7468859 ], [ -74.1794201, 4.7466758 ], [ -74.1794032, 4.7466602 ], [ -74.1789895, 4.7462788 ], [ -74.1788021, 4.7461061 ], [ -74.1786915, 4.7460041 ], [ -74.1781892, 4.7455342 ], [ -74.1776433, 4.7450235 ], [ -74.1775815, 4.7449641 ], [ -74.1775705, 4.7449535 ], [ -74.1773786, 4.7448047 ], [ -74.1770042, 4.7445173 ], [ -74.1770003, 4.7445303 ], [ -74.1766565, 4.7450044 ], [ -74.1765043, 4.745207 ], [ -74.1765216, 4.745214 ], [ -74.1766313, 4.7452626 ], [ -74.1767325, 4.7453621 ], [ -74.1772579, 4.7458128 ], [ -74.1777262, 4.7462233 ], [ -74.1782283, 4.7466592 ], [ -74.1783802, 4.7467946 ], [ -74.1783919, 4.7468048 ], [ -74.1782834, 4.7468996 ], [ -74.1778791, 4.7472585 ], [ -74.1778064, 4.7473285 ], [ -74.1772756, 4.747714 ], [ -74.1772234, 4.7477533 ], [ -74.1771521, 4.7478276 ], [ -74.1765066, 4.7485454 ], [ -74.1759337, 4.7491933 ], [ -74.175525, 4.7496456 ], [ -74.175763, 4.7500969 ], [ -74.1760789, 4.750694 ], [ -74.176275, 4.7510647 ], [ -74.176683, 4.7518293 ], [ -74.1769663, 4.7523606 ], [ -74.1776906, 4.7519735 ], [ -74.1783427, 4.7516219 ], [ -74.1786386, 4.7514714 ], [ -74.178553, 4.7513211 ], [ -74.1781791, 4.7506395 ], [ -74.1778461, 4.7500438 ], [ -74.177589, 4.7495614 ], [ -74.1775443, 4.7494853 ], [ -74.1775657, 4.749454 ], [ -74.177626, 4.7494306 ], [ -74.1777311, 4.7493817 ], [ -74.1778421, 4.7492899 ], [ -74.1779063, 4.7492196 ], [ -74.1779394, 4.7491571 ], [ -74.1779478, 4.7490718 ], [ -74.1779809, 4.7491572 ], [ -74.178098, 4.749427 ], [ -74.1782293, 4.7497159 ], [ -74.1783116, 4.7498952 ], [ -74.1783182, 4.7499269 ], [ -74.1783328, 4.7499493 ], [ -74.1783561, 4.7499852 ], [ -74.1785449, 4.7503138 ], [ -74.17866, 4.7505149 ], [ -74.1788166, 4.750778 ], [ -74.1789543, 4.7510172 ], [ -74.1790422, 4.7511779 ], [ -74.1790794, 4.7512326 ], [ -74.179187, 4.7514315 ], [ -74.1793853, 4.7517976 ], [ -74.1795837, 4.7521658 ], [ -74.1796828, 4.752352 ], [ -74.1797989, 4.7525657 ], [ -74.1799677, 4.7528832 ], [ -74.1801217, 4.7531688 ], [ -74.1801545, 4.7532307 ], [ -74.1804213, 4.7537339 ], [ -74.1807189, 4.7542883 ], [ -74.1808307, 4.7544978 ], [ -74.1808312, 4.754499 ], [ -74.1803441, 4.7546342 ], [ -74.1796907, 4.754812 ], [ -74.1794914, 4.7548644 ], [ -74.1788854, 4.7550264 ], [ -74.1785706, 4.7551074 ], [ -74.1784525, 4.7551438 ], [ -74.1790123, 4.7560643 ], [ -74.1771889, 4.7565876 ], [ -74.1745136, 4.7573554 ], [ -74.1741439, 4.7574615 ], [ -74.1740999, 4.7574741 ], [ -74.175202, 4.7594415 ], [ -74.1752595, 4.7595626 ], [ -74.1753646, 4.7597837 ], [ -74.1755506, 4.7601406 ], [ -74.1753095, 4.7603618 ], [ -74.1750985, 4.7605424 ], [ -74.1749185, 4.7607174 ], [ -74.1746992, 4.7609319 ], [ -74.1743448, 4.7612649 ], [ -74.1740204, 4.7615635 ], [ -74.1735122, 4.7610562 ], [ -74.1725811, 4.7601025 ], [ -74.1725395, 4.7600675 ], [ -74.1721055, 4.7604274 ], [ -74.1716825, 4.7608085 ], [ -74.1707731, 4.7612068 ], [ -74.1706039, 4.7603636 ], [ -74.1683193, 4.7581712 ], [ -74.1672405, 4.7576864 ], [ -74.167029, 4.7557259 ], [ -74.1663944, 4.7544822 ], [ -74.1652944, 4.7537654 ], [ -74.164829, 4.7525427 ], [ -74.1642579, 4.7516784 ], [ -74.1639406, 4.7510882 ], [ -74.1643425, 4.750266 ], [ -74.1639194, 4.7500763 ], [ -74.1645075, 4.7495875 ], [ -74.1642803, 4.7495389 ], [ -74.1641417, 4.7494887 ], [ -74.1640947, 4.7494685 ], [ -74.1640593, 4.7494533 ], [ -74.1641678, 4.7494021 ], [ -74.1644809, 4.7492557 ], [ -74.1647551, 4.7491328 ], [ -74.1649399, 4.7490352 ], [ -74.1650141, 4.7489858 ], [ -74.1651238, 4.7489127 ], [ -74.165148, 4.7488966 ], [ -74.1654125, 4.748719 ], [ -74.1654668, 4.7486819 ], [ -74.1659006, 4.7483853 ], [ -74.166554, 4.7479443 ], [ -74.1668359, 4.7477524 ], [ -74.1672619, 4.7474623 ], [ -74.1680651, 4.7469217 ], [ -74.1681212, 4.746886 ], [ -74.169234, 4.7461223 ], [ -74.1703027, 4.7453837 ], [ -74.1706957, 4.7451184 ], [ -74.1710747, 4.7448163 ], [ -74.1713395, 4.7446177 ], [ -74.1714938, 4.7445008 ], [ -74.1716917, 4.7443635 ], [ -74.1721749, 4.7440422 ], [ -74.1728385, 4.7436182 ], [ -74.1728706, 4.7435983 ], [ -74.1729223, 4.7435607 ], [ -74.1729596, 4.7436163 ], [ -74.1730315, 4.7437294 ], [ -74.1732183, 4.7440279 ], [ -74.1734323, 4.7443596 ], [ -74.1736793, 4.7447498 ], [ -74.1737298, 4.7448327 ], [ -74.1737493, 4.7448649 ], [ -74.1739749, 4.7452926 ], [ -74.1744033, 4.7449771 ], [ -74.1749245, 4.744582 ], [ -74.1755197, 4.7441372 ], [ -74.1754335, 4.7440276 ], [ -74.175212, 4.7437417 ], [ -74.1751962, 4.7437213 ], [ -74.1750775, 4.7435711 ], [ -74.1748616, 4.7433077 ], [ -74.1748033, 4.7432336 ], [ -74.1747352, 4.7431536 ], [ -74.1746982, 4.7431126 ], [ -74.1746204, 4.7430326 ], [ -74.1744706, 4.7428629 ], [ -74.1743812, 4.7427361 ], [ -74.1743423, 4.7426834 ], [ -74.1742686, 4.7425914 ], [ -74.1743211, 4.7425582 ], [ -74.1745611, 4.742858 ], [ -74.174876, 4.7432388 ], [ -74.1750121, 4.7434023 ], [ -74.17527, 4.7437261 ], [ -74.175482, 4.743999 ], [ -74.1757716, 4.7443625 ], [ -74.1760375, 4.7447005 ], [ -74.176221, 4.7449338 ], [ -74.1762922, 4.7450306 ], [ -74.1763334, 4.7451179 ], [ -74.1763537, 4.7451773 ], [ -74.1763801, 4.745157 ], [ -74.17653, 4.7449558 ], [ -74.1767894, 4.7446066 ], [ -74.1769218, 4.7444314 ], [ -74.1764079, 4.743771 ], [ -74.1763679, 4.7437219 ], [ -74.1758404, 4.7430748 ], [ -74.1757753, 4.7429947 ], [ -74.17541, 4.7425458 ], [ -74.1750239, 4.7420642 ], [ -74.1750681, 4.7420356 ], [ -74.1754933, 4.7417417 ], [ -74.1755076, 4.7417318 ], [ -74.1756298, 4.7416444 ], [ -74.1758831, 4.7414631 ], [ -74.1759901, 4.7413867 ], [ -74.1760485, 4.741345 ], [ -74.1761247, 4.7412907 ], [ -74.1763197, 4.7411447 ], [ -74.1768145, 4.7407474 ], [ -74.1768687, 4.7407087 ], [ -74.1769182, 4.7406733 ], [ -74.177027, 4.7405956 ], [ -74.1773035, 4.7403823 ], [ -74.1774374, 4.7402655 ], [ -74.177622, 4.7400817 ], [ -74.178046, 4.7396406 ], [ -74.1781918, 4.7397357 ], [ -74.1783425, 4.7398475 ], [ -74.1786324, 4.7400625 ], [ -74.1787797, 4.7401718 ], [ -74.1788563, 4.7402287 ], [ -74.1789232, 4.7402767 ], [ -74.179217, 4.7404881 ], [ -74.1792882, 4.7405393 ], [ -74.1792509, 4.7405927 ], [ -74.1790342, 4.7409832 ], [ -74.1788096, 4.7413896 ], [ -74.1785794, 4.7418055 ], [ -74.178627, 4.7418354 ], [ -74.1787873, 4.7419369 ], [ -74.178888, 4.741999 ], [ -74.1789869, 4.7418482 ], [ -74.1792067, 4.741472 ], [ -74.1794187, 4.741126 ], [ -74.1796259, 4.7407853 ], [ -74.1797433, 4.7408712 ], [ -74.1798723, 4.7409657 ], [ -74.1800687, 4.7406391 ], [ -74.1802133, 4.7403985 ], [ -74.1803527, 4.7401667 ], [ -74.1803084, 4.7401096 ], [ -74.1802493, 4.740044 ], [ -74.1801712, 4.7399509 ], [ -74.1801143, 4.7398747 ], [ -74.1800573, 4.739788 ], [ -74.1800003, 4.739697 ], [ -74.1799413, 4.7396017 ], [ -74.1798927, 4.7395319 ], [ -74.1798337, 4.7394378 ], [ -74.1797944, 4.739375 ], [ -74.1797216, 4.7392703 ], [ -74.1796662, 4.7391767 ], [ -74.1796457, 4.7391475 ], [ -74.179595, 4.7390751 ], [ -74.1795333, 4.7389799 ], [ -74.179481, 4.7389196 ], [ -74.1794358, 4.7388789 ], [ -74.1793291, 4.7387831 ], [ -74.1791261, 4.7385937 ], [ -74.1791837, 4.7385276 ], [ -74.1795912, 4.7381304 ], [ -74.180019, 4.7377127 ], [ -74.1800735, 4.7376588 ], [ -74.1802315, 4.7375024 ], [ -74.180473, 4.7372834 ], [ -74.1809038, 4.7368803 ], [ -74.1810028, 4.7367898 ], [ -74.1814801, 4.7363604 ], [ -74.1816813, 4.7361643 ], [ -74.1820065, 4.7358598 ], [ -74.1822379, 4.7356364 ], [ -74.1824038, 4.7354765 ], [ -74.1827902, 4.7351085 ], [ -74.182852, 4.7350639 ], [ -74.1829916, 4.7352155 ], [ -74.1831329, 4.7353424 ], [ -74.1832131, 4.7354207 ], [ -74.1833446, 4.7355071 ], [ -74.1833967, 4.7355413 ], [ -74.1835781, 4.7356662 ], [ -74.1838692, 4.7358926 ], [ -74.1839937, 4.7359857 ], [ -74.1840696, 4.7360461 ], [ -74.1841983, 4.7361486 ], [ -74.1842401, 4.7361821 ], [ -74.1843249, 4.7362501 ], [ -74.1843834, 4.7363059 ], [ -74.1844072, 4.7363284 ], [ -74.1845, 4.7363898 ], [ -74.1845443, 4.7364215 ], [ -74.1846392, 4.7364892 ], [ -74.1847616, 4.7365972 ], [ -74.1848861, 4.7367199 ], [ -74.1849873, 4.7367961 ], [ -74.1852046, 4.7369844 ], [ -74.1853354, 4.7370881 ], [ -74.1854091, 4.7371524 ], [ -74.1854412, 4.7371804 ], [ -74.1856624, 4.7368425 ], [ -74.185957, 4.7364091 ], [ -74.1861517, 4.7361229 ], [ -74.186458, 4.7363787 ], [ -74.186542, 4.7364488 ], [ -74.1868141, 4.7366815 ], [ -74.1870293, 4.7368635 ], [ -74.1873626, 4.7371512 ], [ -74.1877592, 4.7374813 ], [ -74.1880968, 4.737767 ], [ -74.1883289, 4.7379553 ], [ -74.1886073, 4.7377076 ], [ -74.1891409, 4.7372123 ], [ -74.1895859, 4.7367975 ], [ -74.1897659, 4.7366327 ], [ -74.1897795, 4.7366471 ], [ -74.1897821, 4.7366445 ], [ -74.1898152, 4.7366793 ], [ -74.1898678, 4.7367345 ], [ -74.1903383, 4.7372297 ], [ -74.1908489, 4.7377566 ], [ -74.1913826, 4.7383109 ], [ -74.1914839, 4.7384019 ], [ -74.1915409, 4.7384421 ], [ -74.191864, 4.7387175 ], [ -74.1919902, 4.7388251 ], [ -74.1921019, 4.7389207 ], [ -74.1925759, 4.7393264 ], [ -74.1926527, 4.7393922 ], [ -74.1928111, 4.7395311 ], [ -74.1929713, 4.7396715 ], [ -74.1930406, 4.7397323 ], [ -74.1932704, 4.7399343 ], [ -74.1932772, 4.7399402 ], [ -74.1934734, 4.7400989 ], [ -74.1934982, 4.740115 ], [ -74.1935114, 4.7401236 ], [ -74.1936527, 4.7402153 ], [ -74.1937731, 4.7402921 ], [ -74.193908, 4.7403782 ], [ -74.1940456, 4.7404648 ], [ -74.1940742, 4.7403975 ], [ -74.1941343, 4.7402816 ], [ -74.1942244, 4.7401292 ], [ -74.1942483, 4.7400908 ], [ -74.1942798, 4.7400403 ], [ -74.19437, 4.7399276 ], [ -74.1944918, 4.7397752 ], [ -74.1946025, 4.7396498 ], [ -74.1947393, 4.739488 ], [ -74.1944977, 4.739245 ], [ -74.1943536, 4.7391001 ], [ -74.1942512, 4.738994 ], [ -74.1940338, 4.7387687 ], [ -74.1938181, 4.7385452 ], [ -74.1936029, 4.7383222 ], [ -74.1933829, 4.7380943 ], [ -74.193356, 4.7380663 ], [ -74.1931953, 4.7379004 ], [ -74.1929417, 4.7376385 ], [ -74.1928734, 4.7375679 ], [ -74.1927204, 4.7374099 ], [ -74.1927068, 4.7373959 ], [ -74.1924247, 4.7371046 ], [ -74.1914161, 4.7360487 ], [ -74.1906972, 4.7352861 ], [ -74.1904075, 4.7349789 ], [ -74.1901035, 4.7346657 ], [ -74.1900959, 4.7346575 ], [ -74.1900265, 4.7345828 ], [ -74.189805, 4.7343444 ], [ -74.1897249, 4.7342583 ], [ -74.1895777, 4.7341093 ], [ -74.189432, 4.7339618 ], [ -74.1893771, 4.7338627 ], [ -74.1893756, 4.73386 ], [ -74.1892222, 4.7335834 ], [ -74.1891999, 4.7335432 ], [ -74.1890714, 4.733309 ], [ -74.1890705, 4.7333074 ], [ -74.1890042, 4.7331866 ], [ -74.1889189, 4.733032 ], [ -74.1888074, 4.7328281 ], [ -74.1886154, 4.732477 ], [ -74.1885542, 4.732365 ], [ -74.1885263, 4.7323139 ], [ -74.188479, 4.7322275 ], [ -74.1893607, 4.7313479 ], [ -74.1896126, 4.7318546 ], [ -74.1898634, 4.7323494 ], [ -74.1901332, 4.7328906 ], [ -74.1901577, 4.7329398 ], [ -74.190193, 4.7330271 ], [ -74.1902118, 4.7330652 ], [ -74.1903411, 4.7333264 ], [ -74.1904749, 4.7335967 ], [ -74.190655, 4.7337889 ], [ -74.1908404, 4.7339867 ], [ -74.1909639, 4.7341186 ], [ -74.1910313, 4.7341905 ], [ -74.1913552, 4.7338759 ], [ -74.1918808, 4.7333719 ], [ -74.192418, 4.7328532 ], [ -74.192818, 4.732465 ], [ -74.1928821, 4.7323938 ], [ -74.193177, 4.7321227 ], [ -74.1931442, 4.7320742 ], [ -74.193103, 4.7319901 ], [ -74.1930793, 4.7319361 ], [ -74.1930334, 4.731879 ], [ -74.1930209, 4.7318436 ], [ -74.1926374, 4.7318458 ], [ -74.1923004, 4.7321631 ], [ -74.1922743, 4.732099 ], [ -74.1922363, 4.7319736 ], [ -74.1921889, 4.7318768 ], [ -74.192105, 4.7317372 ], [ -74.1919483, 4.7313816 ], [ -74.1918264, 4.7311245 ], [ -74.1917695, 4.7309801 ], [ -74.1916001, 4.7305944 ], [ -74.1915322, 4.730439 ], [ -74.1914675, 4.7302907 ], [ -74.1914213, 4.730185 ], [ -74.1912409, 4.7297929 ], [ -74.1912159, 4.7297364 ], [ -74.1911427, 4.7295702 ], [ -74.1911175, 4.729513 ], [ -74.1932879, 4.7273506 ], [ -74.193425, 4.7273575 ], [ -74.1937161, 4.7273722 ], [ -74.1939663, 4.7272755 ], [ -74.1944149, 4.727135 ], [ -74.1947254, 4.727007 ], [ -74.1947771, 4.7269857 ], [ -74.1948271, 4.7271775 ], [ -74.1948676, 4.7273025 ], [ -74.1949065, 4.7274223 ], [ -74.1949271, 4.7274694 ], [ -74.1949418, 4.7275343 ], [ -74.1949139, 4.7275564 ], [ -74.1948925, 4.7275978 ], [ -74.1948908, 4.7276758 ], [ -74.1949256, 4.7277754 ], [ -74.1950314, 4.7279529 ], [ -74.1952134, 4.7282332 ], [ -74.1953573, 4.7284671 ], [ -74.1954268, 4.72857 ], [ -74.1954995, 4.7286745 ], [ -74.1956071, 4.7289001 ], [ -74.1956699, 4.7290395 ], [ -74.1957659, 4.729207 ], [ -74.1958784, 4.7294177 ], [ -74.1959578, 4.7295355 ], [ -74.1960008, 4.729645 ], [ -74.1960918, 4.7298756 ], [ -74.196143, 4.7299984 ], [ -74.196191, 4.7301477 ], [ -74.1963482, 4.7304496 ], [ -74.1964061, 4.7305641 ], [ -74.1964904, 4.7306819 ], [ -74.1965665, 4.7308212 ], [ -74.1966625, 4.7310385 ], [ -74.1967535, 4.7312675 ], [ -74.1968114, 4.7313986 ], [ -74.1968726, 4.7315246 ], [ -74.1969636, 4.7317104 ], [ -74.1970248, 4.7318448 ], [ -74.1970908, 4.7320064 ], [ -74.1971224, 4.7320837 ], [ -74.1971687, 4.7321783 ], [ -74.1973722, 4.7326295 ], [ -74.1975128, 4.7329464 ], [ -74.1977196, 4.7334126 ], [ -74.1979661, 4.7339833 ], [ -74.1981166, 4.7343184 ], [ -74.1982457, 4.7346153 ], [ -74.1983568, 4.7348563 ], [ -74.198378, 4.7349023 ], [ -74.1984872, 4.7351578 ], [ -74.1985716, 4.7353652 ], [ -74.1988098, 4.7359575 ], [ -74.1991076, 4.7366277 ], [ -74.1994004, 4.7372647 ], [ -74.1996006, 4.7377044 ], [ -74.1997329, 4.7379963 ], [ -74.1999017, 4.7383746 ], [ -74.2000985, 4.7388026 ], [ -74.2002292, 4.7390996 ], [ -74.2002654, 4.7391763 ], [ -74.2003715, 4.7394015 ], [ -74.2005502, 4.739798 ], [ -74.2006891, 4.7401033 ], [ -74.2009058, 4.7405628 ], [ -74.2010614, 4.7409311 ], [ -74.2011606, 4.7411401 ], [ -74.2012069, 4.741238 ], [ -74.2014303, 4.7417241 ], [ -74.2016586, 4.7422268 ], [ -74.201776, 4.7424773 ], [ -74.2020192, 4.7430098 ], [ -74.202092, 4.7431745 ], [ -74.2020925, 4.7431755 ], [ -74.202188, 4.7433914 ], [ -74.2022731, 4.7435774 ], [ -74.2024576, 4.7439803 ], [ -74.2025552, 4.7442043 ], [ -74.2028762, 4.7449027 ], [ -74.2029408, 4.7450508 ], [ -74.2031359, 4.7454983 ], [ -74.2032236, 4.7456857 ], [ -74.2032534, 4.7457454 ], [ -74.2033013, 4.7458526 ], [ -74.2035214, 4.7463443 ], [ -74.2036562, 4.746635 ], [ -74.2036653, 4.7466546 ], [ -74.2037705, 4.7468798 ], [ -74.203849, 4.7470477 ], [ -74.2039247, 4.7472214 ], [ -74.2040343, 4.7474724 ], [ -74.2042526, 4.7479602 ], [ -74.2043519, 4.7481891 ], [ -74.2044117, 4.7483228 ], [ -74.2044838, 4.7484695 ], [ -74.2046709, 4.7489017 ], [ -74.2048308, 4.7492525 ], [ -74.2050508, 4.7497524 ], [ -74.2052707, 4.7502254 ], [ -74.2053222, 4.7503449 ], [ -74.205505, 4.7507698 ], [ -74.2055169, 4.7507959 ], [ -74.2056981, 4.7511935 ], [ -74.2059956, 4.7518569 ], [ -74.2063438, 4.7526457 ], [ -74.2065955, 4.7531901 ], [ -74.2068883, 4.753844 ], [ -74.206912, 4.7538952 ], [ -74.2070969, 4.7543068 ], [ -74.2071356, 4.7543534 ], [ -74.2071465, 4.7543667 ], [ -74.2071242, 4.7545308 ], [ -74.2070016, 4.7555877 ], [ -74.2068375, 4.7569188 ], [ -74.2066903, 4.7581724 ], [ -74.2066826, 4.7582382 ], [ -74.2065184, 4.7596436 ], [ -74.2065097, 4.7597182 ], [ -74.2063635, 4.7609653 ], [ -74.2061878, 4.7624125 ], [ -74.2060375, 4.763632 ], [ -74.2058803, 4.764984 ], [ -74.2057023, 4.7664985 ], [ -74.2055688, 4.7676307 ], [ -74.2055451, 4.7678319 ], [ -74.2054064, 4.7689956 ], [ -74.205354, 4.7694378 ], [ -74.2052908, 4.7699713 ], [ -74.205159, 4.771063 ], [ -74.2050249, 4.7722315 ], [ -74.204939, 4.7729612 ], [ -74.2049093, 4.7732141 ], [ -74.2047844, 4.7742594 ], [ -74.2046503, 4.775386 ], [ -74.2045255, 4.7764592 ], [ -74.2045113, 4.7765856 ], [ -74.2044446, 4.7771816 ], [ -74.2044356, 4.7772413 ], [ -74.2044152, 4.7773763 ], [ -74.2043567, 4.7778663 ], [ -74.2043255, 4.7783406 ], [ -74.204307, 4.778516 ], [ -74.2043032, 4.7788796 ], [ -74.20431, 4.7790511 ], [ -74.2043503, 4.7793379 ], [ -74.2043617, 4.7796743 ], [ -74.2043699, 4.779918 ], [ -74.2043706, 4.7799335 ], [ -74.2044, 4.7806484 ], [ -74.2043937, 4.7815751 ], [ -74.2043921, 4.7823644 ], [ -74.2043916, 4.7825879 ], [ -74.2043916, 4.7827577 ], [ -74.2043918, 4.783754 ], [ -74.2043828, 4.7849503 ], [ -74.2043823, 4.7850698 ], [ -74.2043806, 4.7854656 ], [ -74.2043794, 4.7857774 ], [ -74.2043783, 4.7860327 ], [ -74.2043777, 4.786415 ], [ -74.2033122, 4.7899282 ], [ -74.2019408, 4.7914128 ], [ -74.20162, 4.7911767 ], [ -74.2011682, 4.7903985 ], [ -74.2008517, 4.7898536 ], [ -74.199047, 4.7913876 ] ], [ [ -74.1811881, 4.7409112 ], [ -74.180468, 4.740457 ], [ -74.180378, 4.74043 ], [ -74.179997, 4.7410567 ], [ -74.1800517, 4.7410964 ], [ -74.1799575, 4.7412419 ], [ -74.1795504, 4.741915 ], [ -74.1793284, 4.7422679 ], [ -74.1794287, 4.7423305 ], [ -74.1797747, 4.7425527 ], [ -74.1799202, 4.7426412 ], [ -74.179946, 4.7426569 ], [ -74.179973, 4.7426733 ], [ -74.1803126, 4.7428848 ], [ -74.1806776, 4.7431155 ], [ -74.1806898, 4.7431238 ], [ -74.1807554, 4.7430447 ], [ -74.180806, 4.7429572 ], [ -74.1810056, 4.7426101 ], [ -74.1813441, 4.7420286 ], [ -74.181428, 4.7420864 ], [ -74.1815125, 4.7421487 ], [ -74.1816347, 4.7422388 ], [ -74.1818014, 4.7423573 ], [ -74.18212, 4.7425942 ], [ -74.1824976, 4.7428714 ], [ -74.1827676, 4.7430767 ], [ -74.182871, 4.7431528 ], [ -74.1831292, 4.7433441 ], [ -74.1834662, 4.7435964 ], [ -74.1837352, 4.74379 ], [ -74.1838365, 4.7438677 ], [ -74.1838618, 4.7438725 ], [ -74.1840026, 4.7439884 ], [ -74.1843092, 4.7442155 ], [ -74.1843175, 4.7442216 ], [ -74.1846007, 4.7444406 ], [ -74.1849883, 4.7447342 ], [ -74.1854251, 4.7450675 ], [ -74.1856782, 4.7452563 ], [ -74.1857906, 4.7453404 ], [ -74.186175, 4.7456292 ], [ -74.1859631, 4.7459753 ], [ -74.1857464, 4.7463277 ], [ -74.1854838, 4.7467578 ], [ -74.1852357, 4.7471352 ], [ -74.1852692, 4.7471689 ], [ -74.1854169, 4.7473171 ], [ -74.1855667, 4.7474758 ], [ -74.1856933, 4.7475964 ], [ -74.1857094, 4.7476095 ], [ -74.1858366, 4.7474326 ], [ -74.18629, 4.7467976 ], [ -74.1867751, 4.746114 ], [ -74.1869501, 4.74586 ], [ -74.1868446, 4.7457902 ], [ -74.1867286, 4.7457013 ], [ -74.1863404, 4.745403 ], [ -74.1868483, 4.7446464 ], [ -74.1867379, 4.7445787 ], [ -74.1855283, 4.7437775 ], [ -74.1843638, 4.7430017 ], [ -74.1828392, 4.7419889 ], [ -74.1811881, 4.7409112 ] ], [ [ -74.193266, 4.7322662 ], [ -74.1932316, 4.7322035 ], [ -74.1931395, 4.7322883 ], [ -74.1930093, 4.7324083 ], [ -74.1930032, 4.7324138 ], [ -74.1928443, 4.7325602 ], [ -74.1927977, 4.7326062 ], [ -74.1927659, 4.7326376 ], [ -74.1924793, 4.7329206 ], [ -74.1922203, 4.7331678 ], [ -74.1921873, 4.7331994 ], [ -74.1920311, 4.7333484 ], [ -74.1915961, 4.733763 ], [ -74.1913742, 4.7339842 ], [ -74.191089, 4.7342515 ], [ -74.1912602, 4.7344311 ], [ -74.1916304, 4.7348195 ], [ -74.1917329, 4.734927 ], [ -74.1921758, 4.7354032 ], [ -74.192188, 4.7353902 ], [ -74.1922308, 4.7353444 ], [ -74.1928768, 4.7346537 ], [ -74.1935989, 4.7338829 ], [ -74.1936338, 4.7338455 ], [ -74.193651, 4.7338271 ], [ -74.1939004, 4.7335601 ], [ -74.1940125, 4.7334477 ], [ -74.1940265, 4.7334337 ], [ -74.1940934, 4.7333666 ], [ -74.1941789, 4.7332809 ], [ -74.1941711, 4.733274 ], [ -74.1940968, 4.7332168 ], [ -74.1940477, 4.7331978 ], [ -74.1939465, 4.7331232 ], [ -74.1938389, 4.7330391 ], [ -74.1937376, 4.7329391 ], [ -74.1936316, 4.7328249 ], [ -74.1935446, 4.7327201 ], [ -74.1934844, 4.7326551 ], [ -74.1934544, 4.7325995 ], [ -74.1934195, 4.7325471 ], [ -74.1933436, 4.7323979 ], [ -74.193266, 4.7322662 ] ] ] } },
{ "type": "Feature", "properties": { "OBJECTID": 7.0, "SIMBOLO": "SSB-Z5-ZA", "CLASE_SUEL": "SUB-URBANO AGROINDUSTRIAL", "VEREDA": "LA ISLA", "NOMBRE": "Dorado I", "Clase_Su_1": "RURAL - SUB-URBANO", "Shape_Leng": 3237.8742581400002, "Shape_Area": 403541.56130200002, "CLAS_CIAF": "1a" }, "geometry": { "type": "Polygon", "coordinates": [ [ [ -74.1778064, 4.7473285 ], [ -74.1778791, 4.7472585 ], [ -74.1782834, 4.7468996 ], [ -74.1783919, 4.7468048 ], [ -74.1783802, 4.7467946 ], [ -74.1782283, 4.7466592 ], [ -74.1777262, 4.7462233 ], [ -74.1772579, 4.7458128 ], [ -74.1767325, 4.7453621 ], [ -74.1766313, 4.7452626 ], [ -74.1765216, 4.745214 ], [ -74.1765043, 4.745207 ], [ -74.1766565, 4.7450044 ], [ -74.1770003, 4.7445303 ], [ -74.1770042, 4.7445173 ], [ -74.1773786, 4.7448047 ], [ -74.1775705, 4.7449535 ], [ -74.1775815, 4.7449641 ], [ -74.1776433, 4.7450235 ], [ -74.1781892, 4.7455342 ], [ -74.1786915, 4.7460041 ], [ -74.1788021, 4.7461061 ], [ -74.1789895, 4.7462788 ], [ -74.1794032, 4.7466602 ], [ -74.1794201, 4.7466758 ], [ -74.1796405, 4.7468859 ], [ -74.1800553, 4.747271 ], [ -74.1803041, 4.7468853 ], [ -74.1807659, 4.7461594 ], [ -74.1808303, 4.7460561 ], [ -74.1809558, 4.7462546 ], [ -74.1811225, 4.7465233 ], [ -74.1813356, 4.7468534 ], [ -74.1814727, 4.7470693 ], [ -74.181593, 4.7472597 ], [ -74.181823, 4.747611 ], [ -74.181939, 4.7477951 ], [ -74.182188, 4.7481866 ], [ -74.1824187, 4.748549 ], [ -74.1824264, 4.7485612 ], [ -74.1827028, 4.7489992 ], [ -74.182856, 4.7492449 ], [ -74.1828716, 4.74927 ], [ -74.1830024, 4.749469 ], [ -74.1831501, 4.7495684 ], [ -74.1831903, 4.7499959 ], [ -74.183207, 4.7501448 ], [ -74.1832093, 4.7501652 ], [ -74.1832705, 4.7507578 ], [ -74.1833318, 4.7513418 ], [ -74.1833783, 4.7518117 ], [ -74.1834184, 4.7522159 ], [ -74.1834459, 4.75251 ], [ -74.1834701, 4.7527244 ], [ -74.1834839, 4.7528465 ], [ -74.1835092, 4.7531174 ], [ -74.1835536, 4.7535301 ], [ -74.1835729, 4.753747 ], [ -74.1834339, 4.7537846 ], [ -74.1833654, 4.7538048 ], [ -74.1832456, 4.7538401 ], [ -74.1826444, 4.7540005 ], [ -74.1820148, 4.7541752 ], [ -74.1810307, 4.7544436 ], [ -74.1808312, 4.754499 ], [ -74.1808307, 4.7544978 ], [ -74.1807189, 4.7542883 ], [ -74.1804213, 4.7537339 ], [ -74.1801545, 4.7532307 ], [ -74.1801217, 4.7531688 ], [ -74.1799677, 4.7528832 ], [ -74.1797989, 4.7525657 ], [ -74.1796828, 4.752352 ], [ -74.1795837, 4.7521658 ], [ -74.1793853, 4.7517976 ], [ -74.179187, 4.7514315 ], [ -74.1790794, 4.7512326 ], [ -74.1790422, 4.7511779 ], [ -74.1789543, 4.7510172 ], [ -74.1788166, 4.750778 ], [ -74.17866, 4.7505149 ], [ -74.1785449, 4.7503138 ], [ -74.1783561, 4.7499852 ], [ -74.1783328, 4.7499493 ], [ -74.1783182, 4.7499269 ], [ -74.1783116, 4.7498952 ], [ -74.1782293, 4.7497159 ], [ -74.178098, 4.749427 ], [ -74.1779809, 4.7491572 ], [ -74.1779478, 4.7490718 ], [ -74.177941, 4.7490542 ], [ -74.1778432, 4.7488017 ], [ -74.1778068, 4.7487128 ], [ -74.1776913, 4.748489 ], [ -74.1775647, 4.748251 ], [ -74.1774824, 4.7481049 ], [ -74.1774032, 4.7479573 ], [ -74.1773225, 4.7478034 ], [ -74.1772756, 4.747714 ], [ -74.1778064, 4.7473285 ] ] ] } },
{ "type": "Feature", "properties": { "OBJECTID": 8.0, "SIMBOLO": null, "CLASE_SUEL": "SUB-URBANO AGROINDUSTRIAL", "VEREDA": "LA FLORIDA", "NOMBRE": "Intexmoda", "Clase_Su_1": "RURAL - SUB-URBANO", "Shape_Leng": 2609.4216326400001, "Shape_Area": 351735.28684700001, "CLAS_CIAF": "1a" }, "geometry": { "type": "Polygon", "coordinates": [ [ [ -74.1619346, 4.7413906 ], [ -74.1621191, 4.741293 ], [ -74.162154, 4.7414775 ], [ -74.1621944, 4.7416563 ], [ -74.1622617, 4.7419565 ], [ -74.1623065, 4.7421574 ], [ -74.1623626, 4.7424467 ], [ -74.1625274, 4.7431978 ], [ -74.1626727, 4.7438766 ], [ -74.1627657, 4.7442871 ], [ -74.1629063, 4.7449528 ], [ -74.1630378, 4.7455659 ], [ -74.1631387, 4.7460555 ], [ -74.163153, 4.7461057 ], [ -74.1632113, 4.74638 ], [ -74.1632292, 4.7464715 ], [ -74.1632696, 4.7466648 ], [ -74.163307, 4.7468103 ], [ -74.1633757, 4.7471311 ], [ -74.1634385, 4.7474189 ], [ -74.163461, 4.7475389 ], [ -74.1635447, 4.7479317 ], [ -74.1636538, 4.7484489 ], [ -74.1637839, 4.7490366 ], [ -74.1638482, 4.7493514 ], [ -74.1638657, 4.7493849 ], [ -74.1638661, 4.7493859 ], [ -74.1638953, 4.7494065 ], [ -74.1637063, 4.7495031 ], [ -74.1634852, 4.7496161 ], [ -74.162924, 4.7499011 ], [ -74.1629056, 4.7498608 ], [ -74.1628682, 4.7498277 ], [ -74.1628674, 4.749827 ], [ -74.1628959, 4.7498125 ], [ -74.1629104, 4.7498045 ], [ -74.1628068, 4.7497006 ], [ -74.1627393, 4.749656 ], [ -74.1626748, 4.7496072 ], [ -74.1626134, 4.7495543 ], [ -74.1625556, 4.7494977 ], [ -74.1625015, 4.7494375 ], [ -74.1623922, 4.7493621 ], [ -74.1622848, 4.7492839 ], [ -74.1621795, 4.749203 ], [ -74.1619133, 4.7490137 ], [ -74.1616509, 4.7488191 ], [ -74.1613924, 4.7486193 ], [ -74.1613662, 4.7485801 ], [ -74.1613376, 4.7485427 ], [ -74.1613053, 4.7484874 ], [ -74.1612675, 4.7484358 ], [ -74.1612246, 4.7483884 ], [ -74.1611769, 4.7483457 ], [ -74.1611252, 4.7483081 ], [ -74.1610698, 4.7482762 ], [ -74.1610115, 4.7482502 ], [ -74.1609507, 4.7482304 ], [ -74.1608883, 4.748217 ], [ -74.1608248, 4.7482102 ], [ -74.1607507, 4.7481755 ], [ -74.1606798, 4.7481347 ], [ -74.1606125, 4.7480882 ], [ -74.1605493, 4.7480362 ], [ -74.1604906, 4.7479791 ], [ -74.1604368, 4.7479174 ], [ -74.1603883, 4.7478514 ], [ -74.1603548, 4.7478048 ], [ -74.1603251, 4.7477558 ], [ -74.1602991, 4.7477046 ], [ -74.1602772, 4.7476516 ], [ -74.1602766, 4.7476503 ], [ -74.1602764, 4.7476493 ], [ -74.1600675, 4.7475541 ], [ -74.1598255, 4.7473292 ], [ -74.1595649, 4.7470863 ], [ -74.1591823, 4.746669 ], [ -74.1589067, 4.7463222 ], [ -74.1586302, 4.7459852 ], [ -74.1582317, 4.7454977 ], [ -74.1577232, 4.7448742 ], [ -74.1570907, 4.7440851 ], [ -74.1575517, 4.7438035 ], [ -74.1577182, 4.7436842 ], [ -74.1595336, 4.7426976 ], [ -74.1597748, 4.7425672 ], [ -74.1606941, 4.7420699 ], [ -74.1619346, 4.7413906 ] ] ] } },
{ "type": "Feature", "properties": { "OBJECTID": 9.0, "SIMBOLO": "SSB-Z5-ZA", "CLASE_SUEL": "SUB-URBANO AGROINDUSTRIAL", "VEREDA": "LA ISLA", "NOMBRE": "San José 2", "Clase_Su_1": "RURAL - SUB-URBANO", "Shape_Leng": 2481.7646273199998, "Shape_Area": 109777.822443, "CLAS_CIAF": "1a" }, "geometry": { "type": "Polygon", "coordinates": [ [ [ -74.179997, 4.7410567 ], [ -74.180378, 4.74043 ], [ -74.180468, 4.740457 ], [ -74.1811881, 4.7409112 ], [ -74.1828392, 4.7419889 ], [ -74.1843638, 4.7430017 ], [ -74.1855283, 4.7437775 ], [ -74.1867379, 4.7445787 ], [ -74.1868483, 4.7446464 ], [ -74.1863404, 4.745403 ], [ -74.1867286, 4.7457013 ], [ -74.1868446, 4.7457902 ], [ -74.1869501, 4.74586 ], [ -74.1867751, 4.746114 ], [ -74.18629, 4.7467976 ], [ -74.1858366, 4.7474326 ], [ -74.1857094, 4.7476095 ], [ -74.1856933, 4.7475964 ], [ -74.1855667, 4.7474758 ], [ -74.1854169, 4.7473171 ], [ -74.1852692, 4.7471689 ], [ -74.1852357, 4.7471352 ], [ -74.1854838, 4.7467578 ], [ -74.1857464, 4.7463277 ], [ -74.1859631, 4.7459753 ], [ -74.186175, 4.7456292 ], [ -74.1857906, 4.7453404 ], [ -74.1856782, 4.7452563 ], [ -74.1854251, 4.7450675 ], [ -74.1849883, 4.7447342 ], [ -74.1846007, 4.7444406 ], [ -74.1843175, 4.7442216 ], [ -74.1843092, 4.7442155 ], [ -74.1840026, 4.7439884 ], [ -74.1838618, 4.7438725 ], [ -74.1838365, 4.7438677 ], [ -74.1837352, 4.74379 ], [ -74.1834662, 4.7435964 ], [ -74.1831292, 4.7433441 ], [ -74.182871, 4.7431528 ], [ -74.1827676, 4.7430767 ], [ -74.1824976, 4.7428714 ], [ -74.18212, 4.7425942 ], [ -74.1818014, 4.7423573 ], [ -74.1816347, 4.7422388 ], [ -74.1815125, 4.7421487 ], [ -74.181428, 4.7420864 ], [ -74.1813441, 4.7420286 ], [ -74.1812866, 4.7419891 ], [ -74.1812583, 4.7419684 ], [ -74.1809895, 4.7417724 ], [ -74.1808689, 4.7416844 ], [ -74.1807277, 4.7415816 ], [ -74.1806718, 4.7415409 ], [ -74.1806073, 4.741494 ], [ -74.1804976, 4.7414199 ], [ -74.1801086, 4.7411376 ], [ -74.1800517, 4.7410964 ], [ -74.179997, 4.7410567 ] ] ] } },
{ "type": "Feature", "properties": { "OBJECTID": 10.0, "SIMBOLO": null, "CLASE_SUEL": "SUB-URBANO AGROINDUSTRIAL", "VEREDA": "LA ISLA", "NOMBRE": "Sol de Occidente", "Clase_Su_1": "RURAL - SUB-URBANO", "Shape_Leng": 902.34599939226212, "Shape_Area": 33465.937156400003, "CLAS_CIAF": "1a" }, "geometry": { "type": "Polygon", "coordinates": [ [ [ -74.17478, 4.7422225 ], [ -74.1750239, 4.7420642 ], [ -74.17541, 4.7425458 ], [ -74.1757753, 4.7429947 ], [ -74.1758404, 4.7430748 ], [ -74.1763679, 4.7437219 ], [ -74.1764079, 4.743771 ], [ -74.1769218, 4.7444314 ], [ -74.1767894, 4.7446066 ], [ -74.17653, 4.7449558 ], [ -74.1763801, 4.745157 ], [ -74.1763537, 4.7451773 ], [ -74.1763334, 4.7451179 ], [ -74.1762922, 4.7450306 ], [ -74.176221, 4.7449338 ], [ -74.1760375, 4.7447005 ], [ -74.1757716, 4.7443625 ], [ -74.175482, 4.743999 ], [ -74.17527, 4.7437261 ], [ -74.1750121, 4.7434023 ], [ -74.174876, 4.7432388 ], [ -74.1745611, 4.742858 ], [ -74.1743211, 4.7425582 ], [ -74.1743346, 4.7425496 ], [ -74.17478, 4.7422225 ] ] ] } },
{ "type": "Feature", "properties": { "OBJECTID": 11.0, "SIMBOLO": "SSB-Z5-ZA", "CLASE_SUEL": "SUB-URBANO AGROINDUSTRIAL", "VEREDA": "LA ISLA", "NOMBRE": null, "Clase_Su_1": "RURAL - SUB-URBANO", "Shape_Leng": 841.90969171134554, "Shape_Area": 43788.244226000003, "CLAS_CIAF": "1a" }, "geometry": { "type": "Polygon", "coordinates": [ [ [ -74.1729223, 4.7435607 ], [ -74.172955, 4.7435369 ], [ -74.1736623, 4.7430258 ], [ -74.1739766, 4.742795 ], [ -74.174256, 4.7425993 ], [ -74.1742686, 4.7425914 ], [ -74.1743423, 4.7426834 ], [ -74.1743812, 4.7427361 ], [ -74.1744706, 4.7428629 ], [ -74.1746204, 4.7430326 ], [ -74.1746982, 4.7431126 ], [ -74.1747352, 4.7431536 ], [ -74.1748033, 4.7432336 ], [ -74.1748616, 4.7433077 ], [ -74.1750775, 4.7435711 ], [ -74.1751962, 4.7437213 ], [ -74.175212, 4.7437417 ], [ -74.1754335, 4.7440276 ], [ -74.1755197, 4.7441372 ], [ -74.1749245, 4.744582 ], [ -74.1744033, 4.7449771 ], [ -74.1739749, 4.7452926 ], [ -74.1737493, 4.7448649 ], [ -74.1737298, 4.7448327 ], [ -74.1736793, 4.7447498 ], [ -74.1734323, 4.7443596 ], [ -74.1732183, 4.7440279 ], [ -74.1730315, 4.7437294 ], [ -74.1729596, 4.7436163 ], [ -74.1729223, 4.7435607 ] ] ] } },
{ "type": "Feature", "properties": { "OBJECTID": 12.0, "SIMBOLO": "SSB-Z5-ZA", "CLASE_SUEL": "SUB-URBANO AGROINDUSTRIAL", "VEREDA": "LA ISLA", "NOMBRE": "San José 1", "Clase_Su_1": "RURAL - SUB-URBANO", "Shape_Leng": 741.56150260610218, "Shape_Area": 31857.403456200002, "CLAS_CIAF": "1a" }, "geometry": { "type": "Polygon", "coordinates": [ [ [ -74.1791226, 4.7385977 ], [ -74.1791261, 4.7385937 ], [ -74.1793291, 4.7387831 ], [ -74.1794358, 4.7388789 ], [ -74.179481, 4.7389196 ], [ -74.1795333, 4.7389799 ], [ -74.179595, 4.7390751 ], [ -74.1796457, 4.7391475 ], [ -74.1796662, 4.7391767 ], [ -74.1797216, 4.7392703 ], [ -74.1797944, 4.739375 ], [ -74.1798337, 4.7394378 ], [ -74.1798927, 4.7395319 ], [ -74.1799413, 4.7396017 ], [ -74.1800003, 4.739697 ], [ -74.1800573, 4.739788 ], [ -74.1801143, 4.7398747 ], [ -74.1801712, 4.7399509 ], [ -74.1802493, 4.740044 ], [ -74.1803084, 4.7401096 ], [ -74.1803527, 4.7401667 ], [ -74.1802133, 4.7403985 ], [ -74.1800687, 4.7406391 ], [ -74.1798723, 4.7409657 ], [ -74.1797433, 4.7408712 ], [ -74.1796259, 4.7407853 ], [ -74.1795098, 4.7407003 ], [ -74.1793858, 4.7406095 ], [ -74.1792882, 4.7405393 ], [ -74.179217, 4.7404881 ], [ -74.1789232, 4.7402767 ], [ -74.1788563, 4.7402287 ], [ -74.1787797, 4.7401718 ], [ -74.1786324, 4.7400625 ], [ -74.1783425, 4.7398475 ], [ -74.1781918, 4.7397357 ], [ -74.178046, 4.7396406 ], [ -74.1782465, 4.7394477 ], [ -74.1783395, 4.7393563 ], [ -74.1785288, 4.7391702 ], [ -74.1785413, 4.7391581 ], [ -74.1789143, 4.7387941 ], [ -74.1789508, 4.7387584 ], [ -74.1790554, 4.7386606 ], [ -74.1791226, 4.7385977 ] ] ] } },
{ "type": "Feature", "properties": { "OBJECTID": 13.0, "SIMBOLO": "SSB-Z5-ZA", "CLASE_SUEL": "SUB-URBANO AGROINDUSTRIAL", "VEREDA": "LA FLORIDA", "NOMBRE": "Santa Lucía - Fritolay", "Clase_Su_1": "RURAL - SUB-URBANO", "Shape_Leng": 2122.7855665400002, "Shape_Area": 188771.99501399999, "CLAS_CIAF": "1a" }, "geometry": { "type": "Polygon", "coordinates": [ [ [ -74.1790572, 4.7385206 ], [ -74.1790334, 4.7385439 ], [ -74.1790259, 4.7385361 ], [ -74.1788323, 4.7387318 ], [ -74.1784312, 4.739124 ], [ -74.1783443, 4.7392095 ], [ -74.1783252, 4.7391937 ], [ -74.1777666, 4.7385875 ], [ -74.1771907, 4.737967 ], [ -74.1767919, 4.7375464 ], [ -74.1759711, 4.7366693 ], [ -74.1750773, 4.7357143 ], [ -74.1757393, 4.7350692 ], [ -74.1754485, 4.7347572 ], [ -74.1751684, 4.7344645 ], [ -74.1748078, 4.7340841 ], [ -74.1744227, 4.7336835 ], [ -74.1741776, 4.73343 ], [ -74.1741321, 4.7333835 ], [ -74.1745003, 4.7330452 ], [ -74.1749359, 4.7326289 ], [ -74.1752613, 4.7323307 ], [ -74.1754668, 4.7325542 ], [ -74.1758195, 4.7329262 ], [ -74.1760996, 4.7332175 ], [ -74.1763849, 4.7335193 ], [ -74.1765587, 4.733704 ], [ -74.1769114, 4.7340707 ], [ -74.1772667, 4.7344479 ], [ -74.177692, 4.7348927 ], [ -74.1780733, 4.7352907 ], [ -74.1784597, 4.7357017 ], [ -74.1787243, 4.7359826 ], [ -74.1790303, 4.7363052 ], [ -74.1795853, 4.7368879 ], [ -74.1801389, 4.7374665 ], [ -74.1800387, 4.7375639 ], [ -74.179712, 4.7378781 ], [ -74.1793795, 4.738202 ], [ -74.1791753, 4.738405 ], [ -74.1790572, 4.7385206 ] ] ] } },
{ "type": "Feature", "properties": { "OBJECTID": 14.0, "SIMBOLO": null, "CLASE_SUEL": "CORREDOR VIAL SERVICIOS RURALES", "VEREDA": "EL CACIQUE", "NOMBRE": "Corredor Vial Servicios Rurales Sector 1", "Clase_Su_1": "RURAL - SUB-URBANO", "Shape_Leng": 1776.4433389200001, "Shape_Area": 172410.442916, "CLAS_CIAF": "1b" }, "geometry": { "type": "Polygon", "coordinates": [ [ [ -74.1946435, 4.7265412 ], [ -74.1945751, 4.7263292 ], [ -74.1945357, 4.7262003 ], [ -74.1944961, 4.7261172 ], [ -74.1944802, 4.7260839 ], [ -74.1944694, 4.726061 ], [ -74.1943968, 4.7259342 ], [ -74.1943367, 4.7258324 ], [ -74.1943229, 4.725804 ], [ -74.1942952, 4.7257472 ], [ -74.1942932, 4.7256973 ], [ -74.1942206, 4.725533 ], [ -74.1940258, 4.7250611 ], [ -74.1940001, 4.7249975 ], [ -74.1939659, 4.7249258 ], [ -74.1939333, 4.724854 ], [ -74.1938882, 4.7247808 ], [ -74.1938586, 4.7247262 ], [ -74.1938462, 4.7246981 ], [ -74.1938275, 4.7246373 ], [ -74.1938042, 4.7245563 ], [ -74.1937856, 4.7244721 ], [ -74.1937502, 4.7243906 ], [ -74.193877, 4.7242645 ], [ -74.1939641, 4.7241803 ], [ -74.1941181, 4.7240314 ], [ -74.1942195, 4.7239315 ], [ -74.1943931, 4.7237605 ], [ -74.1945913, 4.7235653 ], [ -74.1947179, 4.7234472 ], [ -74.1947416, 4.7234251 ], [ -74.1948823, 4.7232939 ], [ -74.1950499, 4.7231405 ], [ -74.1954477, 4.722822 ], [ -74.195421, 4.7227722 ], [ -74.1954583, 4.7227348 ], [ -74.1954589, 4.7227342 ], [ -74.1954892, 4.7227038 ], [ -74.1954946, 4.7226984 ], [ -74.1955177, 4.7226752 ], [ -74.1955252, 4.722668 ], [ -74.1955314, 4.7226621 ], [ -74.1955686, 4.7226266 ], [ -74.1955702, 4.7226251 ], [ -74.1956059, 4.722591 ], [ -74.1956333, 4.7225649 ], [ -74.1956431, 4.7225555 ], [ -74.1956803, 4.72252 ], [ -74.1956808, 4.7225195 ], [ -74.1957175, 4.7224845 ], [ -74.1958278, 4.7223792 ], [ -74.1959127, 4.7222982 ], [ -74.1963796, 4.7218768 ], [ -74.1968763, 4.7214633 ], [ -74.1974927, 4.7229991 ], [ -74.1975539, 4.7231515 ], [ -74.1983908, 4.7252868 ], [ -74.1980211, 4.7252568 ], [ -74.1979255, 4.7252667 ], [ -74.1979202, 4.7252642 ], [ -74.1979041, 4.7252569 ], [ -74.1978932, 4.7252523 ], [ -74.1978654, 4.7252423 ], [ -74.1978428, 4.7252355 ], [ -74.1978141, 4.7252288 ], [ -74.1977908, 4.7252249 ], [ -74.1977792, 4.7252233 ], [ -74.1977615, 4.7252216 ], [ -74.1977498, 4.7252208 ], [ -74.1977321, 4.7252202 ], [ -74.1977203, 4.7252202 ], [ -74.1977026, 4.7252208 ], [ -74.1976908, 4.7252216 ], [ -74.1976732, 4.7252233 ], [ -74.1976645, 4.7252244 ], [ -74.1976533, 4.7252261 ], [ -74.1975161, 4.7252487 ], [ -74.1975071, 4.7252504 ], [ -74.1974983, 4.7252522 ], [ -74.1974811, 4.7252562 ], [ -74.1974697, 4.7252593 ], [ -74.1974528, 4.7252644 ], [ -74.1974472, 4.7252662 ], [ -74.1974427, 4.7252679 ], [ -74.1974416, 4.7252682 ], [ -74.197425, 4.7252745 ], [ -74.1974196, 4.7252767 ], [ -74.1974428, 4.7253648 ], [ -74.1974949, 4.7254866 ], [ -74.1975921, 4.7256944 ], [ -74.1975582, 4.7257758 ], [ -74.1975663, 4.7257991 ], [ -74.1975993, 4.725906 ], [ -74.1976263, 4.7259935 ], [ -74.1970348, 4.7262047 ], [ -74.1966786, 4.7263282 ], [ -74.1964527, 4.7264074 ], [ -74.1964292, 4.726372 ], [ -74.1958236, 4.7265933 ], [ -74.195548, 4.7267233 ], [ -74.1954267, 4.7267674 ], [ -74.1952796, 4.7268168 ], [ -74.1947771, 4.7269857 ], [ -74.1947347, 4.7268468 ], [ -74.1946845, 4.7266787 ], [ -74.1946435, 4.7265412 ] ] ] } },
{ "type": "Feature", "properties": { "OBJECTID": 15.0, "SIMBOLO": null, "CLASE_SUEL": "SUB-URBANO AGROINDUSTRIAL", "VEREDA": "LA ISLA", "NOMBRE": "Galicia", "Clase_Su_1": "RURAL - SUB-URBANO", "Shape_Leng": 2755.3370562, "Shape_Area": 187487.225408, "CLAS_CIAF": "1a" }, "geometry": { "type": "Polygon", "coordinates": [ [ [ -74.1874922, 4.7341784 ], [ -74.1870828, 4.7337247 ], [ -74.1861972, 4.7344451 ], [ -74.1861965, 4.7344457 ], [ -74.1861945, 4.7344437 ], [ -74.1864222, 4.7342288 ], [ -74.1877108, 4.7329868 ], [ -74.1879192, 4.732786 ], [ -74.1880699, 4.7326356 ], [ -74.188479, 4.7322275 ], [ -74.1885263, 4.7323139 ], [ -74.1885542, 4.732365 ], [ -74.1886154, 4.732477 ], [ -74.1888074, 4.7328281 ], [ -74.1889189, 4.733032 ], [ -74.1890042, 4.7331866 ], [ -74.1890705, 4.7333074 ], [ -74.1890714, 4.733309 ], [ -74.1891999, 4.7335432 ], [ -74.1892222, 4.7335834 ], [ -74.1893756, 4.73386 ], [ -74.1893771, 4.7338627 ], [ -74.189432, 4.7339618 ], [ -74.1895777, 4.7341093 ], [ -74.1897249, 4.7342583 ], [ -74.189805, 4.7343444 ], [ -74.1900265, 4.7345828 ], [ -74.1900959, 4.7346575 ], [ -74.1901035, 4.7346657 ], [ -74.1904075, 4.7349789 ], [ -74.1906972, 4.7352861 ], [ -74.1914161, 4.7360487 ], [ -74.1924247, 4.7371046 ], [ -74.1927068, 4.7373959 ], [ -74.1927204, 4.7374099 ], [ -74.1928734, 4.7375679 ], [ -74.1929417, 4.7376385 ], [ -74.1931953, 4.7379004 ], [ -74.193356, 4.7380663 ], [ -74.1933829, 4.7380943 ], [ -74.1936029, 4.7383222 ], [ -74.1938181, 4.7385452 ], [ -74.1940338, 4.7387687 ], [ -74.1942512, 4.738994 ], [ -74.1943536, 4.7391001 ], [ -74.1944977, 4.739245 ], [ -74.1947393, 4.739488 ], [ -74.1946025, 4.7396498 ], [ -74.1944918, 4.7397752 ], [ -74.19437, 4.7399276 ], [ -74.1942798, 4.7400403 ], [ -74.1942483, 4.7400908 ], [ -74.1942244, 4.7401292 ], [ -74.1941343, 4.7402816 ], [ -74.1940742, 4.7403975 ], [ -74.1940456, 4.7404648 ], [ -74.193908, 4.7403782 ], [ -74.1937731, 4.7402921 ], [ -74.1936527, 4.7402153 ], [ -74.1935114, 4.7401236 ], [ -74.1934982, 4.740115 ], [ -74.1934734, 4.7400989 ], [ -74.1932772, 4.7399402 ], [ -74.1932704, 4.7399343 ], [ -74.1930406, 4.7397323 ], [ -74.1929713, 4.7396715 ], [ -74.1928111, 4.7395311 ], [ -74.1926527, 4.7393922 ], [ -74.1925759, 4.7393264 ], [ -74.1921019, 4.7389207 ], [ -74.1919902, 4.7388251 ], [ -74.191864, 4.7387175 ], [ -74.1915409, 4.7384421 ], [ -74.1914839, 4.7384019 ], [ -74.1913826, 4.7383109 ], [ -74.1908489, 4.7377566 ], [ -74.1903383, 4.7372297 ], [ -74.1898678, 4.7367345 ], [ -74.1897685, 4.7366303 ], [ -74.1893256, 4.7361653 ], [ -74.1889121, 4.7357167 ], [ -74.1887025, 4.7354982 ], [ -74.1886969, 4.7354924 ], [ -74.1885479, 4.7353391 ], [ -74.1884585, 4.735247 ], [ -74.1883492, 4.735129 ], [ -74.1881821, 4.7349486 ], [ -74.1881652, 4.7349303 ], [ -74.1880458, 4.7348014 ], [ -74.1879505, 4.7346985 ], [ -74.1879078, 4.7346524 ], [ -74.1876926, 4.7344239 ], [ -74.1876739, 4.7343976 ], [ -74.1876294, 4.734335 ], [ -74.1875957, 4.7342965 ], [ -74.1875948, 4.7342955 ], [ -74.1875234, 4.734214 ], [ -74.1874922, 4.7341784 ] ] ] } },
{ "type": "Feature", "properties": { "OBJECTID": 16.0, "SIMBOLO": null, "CLASE_SUEL": "CORREDOR VIAL SERVICIOS RURALES", "VEREDA": "EL HATO", "NOMBRE": "Corredor Vial Servicios Rurales Sector 1 - 2", "Clase_Su_1": "RURAL - SUB-URBANO", "Shape_Leng": 5651.5154593200004, "Shape_Area": 947281.75357499998, "CLAS_CIAF": "1b" }, "geometry": { "type": "Polygon", "coordinates": [ [ [ -74.1883987, 4.7254697 ], [ -74.1883646, 4.7254634 ], [ -74.1883226, 4.725465 ], [ -74.1882666, 4.7254479 ], [ -74.1881998, 4.7254183 ], [ -74.1881112, 4.7253715 ], [ -74.1879931, 4.7253091 ], [ -74.1878734, 4.7252359 ], [ -74.1877926, 4.7251766 ], [ -74.1877537, 4.7251486 ], [ -74.1876854, 4.7250878 ], [ -74.1875712, 4.7249677 ], [ -74.1875579, 4.7249537 ], [ -74.1874693, 4.7248602 ], [ -74.1874164, 4.7247947 ], [ -74.1873947, 4.7247557 ], [ -74.1873434, 4.7246965 ], [ -74.1872532, 4.7245905 ], [ -74.1871848, 4.7245125 ], [ -74.187132, 4.7244673 ], [ -74.1870916, 4.724447 ], [ -74.1870061, 4.724394 ], [ -74.186902, 4.7243286 ], [ -74.1867916, 4.7242615 ], [ -74.1867139, 4.7242117 ], [ -74.1865984, 4.7241295 ], [ -74.1865802, 4.7241166 ], [ -74.1864854, 4.7240636 ], [ -74.186372, 4.723995 ], [ -74.1862383, 4.723889 ], [ -74.1859725, 4.7237035 ], [ -74.1858762, 4.723638 ], [ -74.1858311, 4.7235912 ], [ -74.1857844, 4.7235616 ], [ -74.1857129, 4.7234961 ], [ -74.1856477, 4.7234416 ], [ -74.18557, 4.7233402 ], [ -74.1855482, 4.7233246 ], [ -74.1855469, 4.7233241 ], [ -74.1855031, 4.7233059 ], [ -74.1854596, 4.7232685 ], [ -74.1853974, 4.7231968 ], [ -74.1852964, 4.723069 ], [ -74.1852264, 4.7229801 ], [ -74.1851907, 4.7229458 ], [ -74.1851456, 4.7228834 ], [ -74.1850974, 4.7228117 ], [ -74.1850539, 4.7227275 ], [ -74.1850135, 4.7226433 ], [ -74.1849746, 4.7225327 ], [ -74.1849591, 4.7224531 ], [ -74.1849584, 4.7224118 ], [ -74.1850116, 4.7223844 ], [ -74.1856098, 4.7220984 ], [ -74.1862756, 4.7217801 ], [ -74.1872748, 4.7213138 ], [ -74.1880275, 4.7209595 ], [ -74.1887828, 4.7205974 ], [ -74.1893394, 4.7203359 ], [ -74.1897587, 4.720139 ], [ -74.1902363, 4.7199097 ], [ -74.1901973, 4.7197977 ], [ -74.1898779, 4.7188994 ], [ -74.1907552, 4.7186023 ], [ -74.1911902, 4.7183949 ], [ -74.1914705, 4.7182582 ], [ -74.1917056, 4.7181417 ], [ -74.1917781, 4.7181058 ], [ -74.1923231, 4.7177561 ], [ -74.1926463, 4.717551 ], [ -74.1927708, 4.717463 ], [ -74.1928253, 4.717424 ], [ -74.1930336, 4.717295 ], [ -74.1932205, 4.7172071 ], [ -74.1933976, 4.7170899 ], [ -74.1936001, 4.7169727 ], [ -74.1936896, 4.7169492 ], [ -74.1940264, 4.7168164 ], [ -74.1942444, 4.7167519 ], [ -74.1943973, 4.7166932 ], [ -74.1946006, 4.7166151 ], [ -74.1950016, 4.7164334 ], [ -74.1951262, 4.7163846 ], [ -74.1955934, 4.7161618 ], [ -74.195943, 4.7159799 ], [ -74.1960098, 4.7161382 ], [ -74.1960859, 4.7163268 ], [ -74.1962025, 4.7165872 ], [ -74.1962849, 4.7167665 ], [ -74.196344, 4.716899 ], [ -74.1964544, 4.7171422 ], [ -74.1965275, 4.7173106 ], [ -74.1966612, 4.717585 ], [ -74.1967793, 4.7178204 ], [ -74.1968072, 4.7178723 ], [ -74.1958395, 4.7183474 ], [ -74.1954544, 4.7185355 ], [ -74.1954936, 4.7186874 ], [ -74.1955299, 4.718828 ], [ -74.1955623, 4.7189533 ], [ -74.1955825, 4.7190317 ], [ -74.1956081, 4.7191306 ], [ -74.1956504, 4.7193108 ], [ -74.1960544, 4.7200155 ], [ -74.1962104, 4.7202817 ], [ -74.1964044, 4.7206087 ], [ -74.1967559, 4.7211962 ], [ -74.1968473, 4.721349 ], [ -74.1968763, 4.7214633 ], [ -74.1963796, 4.7218768 ], [ -74.1959127, 4.7222982 ], [ -74.1958278, 4.7223792 ], [ -74.1957175, 4.7224845 ], [ -74.1956808, 4.7225195 ], [ -74.1956803, 4.72252 ], [ -74.1956431, 4.7225555 ], [ -74.1956333, 4.7225649 ], [ -74.1956059, 4.722591 ], [ -74.1955702, 4.7226251 ], [ -74.1955686, 4.7226266 ], [ -74.1955314, 4.7226621 ], [ -74.1955252, 4.722668 ], [ -74.1955177, 4.7226752 ], [ -74.1954946, 4.7226984 ], [ -74.1954892, 4.7227038 ], [ -74.1954589, 4.7227342 ], [ -74.1954583, 4.7227348 ], [ -74.195421, 4.7227722 ], [ -74.1954477, 4.722822 ], [ -74.1950499, 4.7231405 ], [ -74.1948823, 4.7232939 ], [ -74.1947416, 4.7234251 ], [ -74.1947179, 4.7234472 ], [ -74.1945913, 4.7235653 ], [ -74.1943931, 4.7237605 ], [ -74.1942195, 4.7239315 ], [ -74.1941181, 4.7240314 ], [ -74.1939641, 4.7241803 ], [ -74.193877, 4.7242645 ], [ -74.1937502, 4.7243906 ], [ -74.1935272, 4.7246126 ], [ -74.1934204, 4.724717 ], [ -74.1931892, 4.724943 ], [ -74.1930783, 4.7250455 ], [ -74.1930775, 4.7250462 ], [ -74.1928423, 4.725291 ], [ -74.1923544, 4.7257896 ], [ -74.1918752, 4.7262645 ], [ -74.1916979, 4.7264412 ], [ -74.1914755, 4.7266628 ], [ -74.1914185, 4.7267223 ], [ -74.191111, 4.7270433 ], [ -74.1908464, 4.7273177 ], [ -74.1903526, 4.7278074 ], [ -74.1900234, 4.7281319 ], [ -74.1895059, 4.7286715 ], [ -74.1894972, 4.7286806 ], [ -74.1892444, 4.7289461 ], [ -74.1890797, 4.7291122 ], [ -74.1886477, 4.7295479 ], [ -74.18857, 4.7296244 ], [ -74.1885257, 4.729668 ], [ -74.1884949, 4.7296983 ], [ -74.1880539, 4.7301349 ], [ -74.1877041, 4.730486 ], [ -74.1875807, 4.7306073 ], [ -74.1874131, 4.7307721 ], [ -74.186984, 4.7312028 ], [ -74.1866851, 4.7315049 ], [ -74.1865636, 4.7316276 ], [ -74.1865305, 4.7316636 ], [ -74.1864465, 4.7317549 ], [ -74.1863502, 4.7318525 ], [ -74.1862544, 4.7319496 ], [ -74.185861, 4.7323465 ], [ -74.1857971, 4.7322802 ], [ -74.185792, 4.732275 ], [ -74.185618, 4.7319804 ], [ -74.1856173, 4.7319792 ], [ -74.1853383, 4.7314535 ], [ -74.1851023, 4.7310439 ], [ -74.1849032, 4.730683 ], [ -74.1897609, 4.7257605 ], [ -74.18974, 4.7257533 ], [ -74.1896529, 4.7257268 ], [ -74.1893561, 4.7256644 ], [ -74.1890608, 4.7256052 ], [ -74.1888401, 4.7255569 ], [ -74.1885184, 4.725493 ], [ -74.1883987, 4.7254697 ] ] ] } },
{ "type": "Feature", "properties": { "OBJECTID": 17.0, "SIMBOLO": null, "CLASE_SUEL": "RURAL", "VEREDA": "LA FLORIDA", "NOMBRE": null, "Clase_Su_1": "RURAL", "Shape_Leng": 1599.9458958600001, "Shape_Area": 132433.10349099999, "CLAS_CIAF": "2b" }, "geometry": { "type": "Polygon", "coordinates": [ [ [ -74.1601042, 4.7233775 ], [ -74.160112, 4.723357 ], [ -74.1601446, 4.7232438 ], [ -74.1602218, 4.7229816 ], [ -74.1602841, 4.7227492 ], [ -74.1603316, 4.722496 ], [ -74.1603613, 4.7223053 ], [ -74.1603761, 4.7221534 ], [ -74.1603831, 4.7220816 ], [ -74.1604088, 4.7218167 ], [ -74.1604414, 4.7215843 ], [ -74.1604643, 4.7214848 ], [ -74.1604681, 4.7214682 ], [ -74.1604727, 4.7214298 ], [ -74.1605007, 4.721197 ], [ -74.1605067, 4.721063 ], [ -74.1605096, 4.7209051 ], [ -74.1605019, 4.7207995 ], [ -74.1605007, 4.7207829 ], [ -74.1604858, 4.7206846 ], [ -74.160471, 4.7205923 ], [ -74.1604383, 4.7205118 ], [ -74.1604145, 4.7204522 ], [ -74.160367, 4.7203301 ], [ -74.1603652, 4.7203242 ], [ -74.1607513, 4.7200965 ], [ -74.1608863, 4.720021 ], [ -74.1609016, 4.7200132 ], [ -74.1611433, 4.720758 ], [ -74.1612472, 4.7210835 ], [ -74.1621245, 4.7208594 ], [ -74.1623685, 4.7208021 ], [ -74.1629292, 4.7216874 ], [ -74.1629864, 4.7217629 ], [ -74.163329, 4.7222994 ], [ -74.1639313, 4.7232264 ], [ -74.1641708, 4.7236028 ], [ -74.1641465, 4.7236279 ], [ -74.1639691, 4.7238103 ], [ -74.1639269, 4.7238527 ], [ -74.1638574, 4.7239224 ], [ -74.1637151, 4.7240751 ], [ -74.1636443, 4.7241493 ], [ -74.163495, 4.7243058 ], [ -74.1633757, 4.7244377 ], [ -74.1632848, 4.7245311 ], [ -74.1631129, 4.7247146 ], [ -74.162906, 4.724909 ], [ -74.1628425, 4.7249761 ], [ -74.1628301, 4.7249887 ], [ -74.1626851, 4.7248996 ], [ -74.1624256, 4.7247304 ], [ -74.1621972, 4.7245898 ], [ -74.161787, 4.7243269 ], [ -74.1612601, 4.7239936 ], [ -74.160933, 4.7237957 ], [ -74.1605904, 4.7235692 ], [ -74.1602477, 4.7234052 ], [ -74.1601543, 4.7233791 ], [ -74.1601042, 4.7233775 ] ] ] } },
{ "type": "Feature", "properties": { "OBJECTID": 18.0, "SIMBOLO": null, "CLASE_SUEL": "SUB-URBANO AGROINDUSTRIAL", "VEREDA": "LA ISLA", "NOMBRE": "Dorado III", "Clase_Su_1": "RURAL - SUB-URBANO", "Shape_Leng": 2085.68087853, "Shape_Area": 233496.672215, "CLAS_CIAF": "1a" }, "geometry": { "type": "Polygon", "coordinates": [ [ [ -74.1848965, 4.7599382 ], [ -74.1848847, 4.7598448 ], [ -74.1848777, 4.7598467 ], [ -74.1848496, 4.7598543 ], [ -74.1848592, 4.7597937 ], [ -74.1848773, 4.7597707 ], [ -74.1848824, 4.7597641 ], [ -74.1849647, 4.7597472 ], [ -74.1852663, 4.7597048 ], [ -74.18553, 4.7596561 ], [ -74.1859477, 4.7595756 ], [ -74.186281, 4.7595163 ], [ -74.1863928, 4.7594845 ], [ -74.1864476, 4.7594739 ], [ -74.1866438, 4.7594443 ], [ -74.1868653, 4.7594125 ], [ -74.1871248, 4.7593617 ], [ -74.1873252, 4.7593172 ], [ -74.187766, 4.7592367 ], [ -74.1882153, 4.7591541 ], [ -74.1883757, 4.759135 ], [ -74.1883482, 4.7589234 ], [ -74.1882758, 4.7584194 ], [ -74.1886044, 4.758355 ], [ -74.1888448, 4.7583042 ], [ -74.1891708, 4.7582422 ], [ -74.1894872, 4.7581739 ], [ -74.1898289, 4.7580977 ], [ -74.1901991, 4.7580214 ], [ -74.1902849, 4.758006 ], [ -74.1902994, 4.7580251 ], [ -74.1903409, 4.7580908 ], [ -74.1904064, 4.75822 ], [ -74.1904785, 4.7583624 ], [ -74.1905593, 4.7584741 ], [ -74.1906772, 4.7585945 ], [ -74.1907777, 4.7586821 ], [ -74.1909698, 4.7587938 ], [ -74.1911292, 4.7588792 ], [ -74.1912471, 4.7589624 ], [ -74.1913716, 4.759096 ], [ -74.1914371, 4.7591858 ], [ -74.191507, 4.759315 ], [ -74.1915184, 4.7593353 ], [ -74.1915463, 4.7593851 ], [ -74.1915987, 4.7594596 ], [ -74.1916118, 4.7595647 ], [ -74.1916358, 4.7597027 ], [ -74.191638, 4.7598867 ], [ -74.1916315, 4.7599918 ], [ -74.1916141, 4.7601605 ], [ -74.1915879, 4.7603379 ], [ -74.191553, 4.7604715 ], [ -74.1914984, 4.7605854 ], [ -74.1913871, 4.7607453 ], [ -74.1913129, 4.7608636 ], [ -74.1913106, 4.7608734 ], [ -74.1912823, 4.7609972 ], [ -74.1911842, 4.761352 ], [ -74.1911602, 4.7614922 ], [ -74.1911449, 4.7615733 ], [ -74.1911362, 4.7616368 ], [ -74.1910751, 4.7617638 ], [ -74.1910227, 4.7618931 ], [ -74.1909855, 4.7619835 ], [ -74.1898177, 4.7619694 ], [ -74.1888164, 4.7619583 ], [ -74.187545, 4.7619387 ], [ -74.1867772, 4.7619332 ], [ -74.1854092, 4.7619129 ], [ -74.1854005, 4.7618738 ], [ -74.1849025, 4.7599855 ], [ -74.1849024, 4.7599846 ], [ -74.1848965, 4.7599382 ] ] ] } },
{ "type": "Feature", "properties": { "OBJECTID": 19.0, "SIMBOLO": "SE-Z1", "CLASE_SUEL": "EXPANSIÓN", "VEREDA": "SIETE TROJES", "NOMBRE": "Suelo Expansión Siete Trojes", "Clase_Su_1": "EXPANSIÓN", "Shape_Leng": 3393.35806783, "Shape_Area": 293909.21612400003, "CLAS_CIAF": "1a" }, "geometry": { "type": "Polygon", "coordinates": [ [ [ -74.2208178, 4.7232552 ], [ -74.2208186, 4.7232445 ], [ -74.2208186, 4.7232444 ], [ -74.2208345, 4.7232303 ], [ -74.2209161, 4.7231728 ], [ -74.2209369, 4.7231643 ], [ -74.2208835, 4.7230825 ], [ -74.2204355, 4.7224629 ], [ -74.2202327, 4.7221824 ], [ -74.2202155, 4.7221583 ], [ -74.2199993, 4.7218549 ], [ -74.2196012, 4.7212962 ], [ -74.2193688, 4.7209701 ], [ -74.2192694, 4.7208328 ], [ -74.2191524, 4.7206712 ], [ -74.2190808, 4.7205723 ], [ -74.2190542, 4.7205356 ], [ -74.2189463, 4.7203864 ], [ -74.2187348, 4.7200943 ], [ -74.2187307, 4.7200973 ], [ -74.2183352, 4.7203846 ], [ -74.2182536, 4.7204442 ], [ -74.2182204, 4.7204684 ], [ -74.2181913, 4.7204776 ], [ -74.2181583, 4.7204321 ], [ -74.2178662, 4.7200301 ], [ -74.2178024, 4.7199424 ], [ -74.2177664, 4.7198928 ], [ -74.2177363, 4.7199146 ], [ -74.2170728, 4.7203946 ], [ -74.2170008, 4.7204467 ], [ -74.2169788, 4.7204167 ], [ -74.216812, 4.7201782 ], [ -74.2165146, 4.7197531 ], [ -74.2164994, 4.7197315 ], [ -74.2161208, 4.7191932 ], [ -74.2165563, 4.7188705 ], [ -74.2163078, 4.718507 ], [ -74.216529, 4.7183901 ], [ -74.2165519, 4.7183779 ], [ -74.2166014, 4.7183944 ], [ -74.2167505, 4.7183239 ], [ -74.2167884, 4.718306 ], [ -74.2167692, 4.718265 ], [ -74.2169035, 4.7181889 ], [ -74.2169113, 4.7181847 ], [ -74.2169172, 4.7181847 ], [ -74.2169505, 4.7181671 ], [ -74.2170631, 4.7181075 ], [ -74.2169751, 4.7179529 ], [ -74.2167415, 4.7175426 ], [ -74.2165526, 4.7172303 ], [ -74.2167941, 4.7170323 ], [ -74.2167962, 4.7170302 ], [ -74.2168745, 4.7169548 ], [ -74.2168792, 4.7169517 ], [ -74.2168892, 4.7169453 ], [ -74.2168872, 4.7169426 ], [ -74.2169181, 4.7169128 ], [ -74.2169458, 4.7169483 ], [ -74.2169767, 4.7169878 ], [ -74.2169806, 4.7169849 ], [ -74.2169829, 4.7169878 ], [ -74.2169868, 4.716985 ], [ -74.2170782, 4.7171108 ], [ -74.2170822, 4.7171078 ], [ -74.2170844, 4.7171108 ], [ -74.2173746, 4.7170308 ], [ -74.2202399, 4.7191781 ], [ -74.2204456, 4.7196913 ], [ -74.2219861, 4.7214837 ], [ -74.224266, 4.7244499 ], [ -74.2224029, 4.7251027 ], [ -74.221801, 4.7252402 ], [ -74.2212367, 4.7253413 ], [ -74.2207268, 4.7255716 ], [ -74.2199607, 4.7261069 ], [ -74.2199366, 4.7260747 ], [ -74.2198984, 4.726026 ], [ -74.219839, 4.7259454 ], [ -74.2197749, 4.7258667 ], [ -74.2196457, 4.7257371 ], [ -74.2195787, 4.7256776 ], [ -74.2195222, 4.725618 ], [ -74.2194542, 4.7255461 ], [ -74.2193968, 4.7254568 ], [ -74.2193308, 4.7253589 ], [ -74.2192523, 4.7252513 ], [ -74.2191977, 4.7251928 ], [ -74.2191546, 4.7251582 ], [ -74.2190953, 4.7251256 ], [ -74.2190314, 4.7251012 ], [ -74.2190306, 4.7250686 ], [ -74.2190532, 4.7250129 ], [ -74.2191365, 4.7248996 ], [ -74.2193015, 4.7247149 ], [ -74.2194456, 4.7245581 ], [ -74.2196417, 4.7243229 ], [ -74.2198553, 4.724126 ], [ -74.219916, 4.7240632 ], [ -74.2199664, 4.7240284 ], [ -74.2200445, 4.7239465 ], [ -74.2201487, 4.7238454 ], [ -74.2202529, 4.7237548 ], [ -74.2203918, 4.7236555 ], [ -74.2205237, 4.723544 ], [ -74.2206157, 4.7234412 ], [ -74.2206338, 4.7234207 ], [ -74.2208063, 4.7232854 ], [ -74.2208116, 4.7232759 ], [ -74.2208155, 4.7232658 ], [ -74.2208155, 4.7232658 ], [ -74.2208178, 4.7232553 ], [ -74.2208178, 4.7232552 ] ] ] } },
{ "type": "Feature", "properties": { "OBJECTID": 20.0, "SIMBOLO": "SE-Z3C", "CLASE_SUEL": "EXPANSIÓN", "VEREDA": "EL HATO", "NOMBRE": "Suelo Espansión El Hato", "Clase_Su_1": "EXPANSIÓN", "Shape_Leng": 3561.2575820100001, "Shape_Area": 279373.45959799999, "CLAS_CIAF": "1a" }, "geometry": { "type": "Polygon", "coordinates": [ [ [ -74.1946764, 4.7042122 ], [ -74.1946483, 4.7041549 ], [ -74.1946486, 4.7041552 ], [ -74.1946481, 4.7041546 ], [ -74.1944744, 4.7036549 ], [ -74.1946672, 4.7035662 ], [ -74.1948393, 4.7034927 ], [ -74.1948646, 4.7034819 ], [ -74.194987, 4.7034387 ], [ -74.1951753, 4.7033749 ], [ -74.1952249, 4.7033536 ], [ -74.1952705, 4.7033339 ], [ -74.1955473, 4.7032087 ], [ -74.1957287, 4.7030949 ], [ -74.1958118, 4.7030523 ], [ -74.1959328, 4.7029902 ], [ -74.1961891, 4.7028764 ], [ -74.1962757, 4.7028316 ], [ -74.1963343, 4.7028012 ], [ -74.196367, 4.7027864 ], [ -74.1964749, 4.7027375 ], [ -74.1967425, 4.7026441 ], [ -74.1967911, 4.7026324 ], [ -74.196865, 4.7026145 ], [ -74.1970374, 4.7025553 ], [ -74.1971803, 4.7025189 ], [ -74.1972825, 4.7024852 ], [ -74.1973255, 4.7024711 ], [ -74.1974706, 4.7024278 ], [ -74.1975636, 4.7024051 ], [ -74.1976974, 4.7023982 ], [ -74.1977886, 4.7024007 ], [ -74.1978608, 4.7024027 ], [ -74.1980626, 4.7024072 ], [ -74.1982055, 4.7023958 ], [ -74.1984074, 4.7023776 ], [ -74.1985176, 4.7023687 ], [ -74.1984858, 4.7022114 ], [ -74.1985251, 4.7022124 ], [ -74.1985774, 4.7022106 ], [ -74.1986294, 4.7022054 ], [ -74.1987099, 4.7021997 ], [ -74.1987902, 4.7021912 ], [ -74.1988358, 4.7021793 ], [ -74.1988822, 4.7021715 ], [ -74.1990429, 4.7021497 ], [ -74.1992098, 4.7021138 ], [ -74.1992578, 4.7021005 ], [ -74.1993068, 4.7020915 ], [ -74.1993564, 4.7020869 ], [ -74.1995246, 4.702065 ], [ -74.1995778, 4.7020549 ], [ -74.1996317, 4.7020494 ], [ -74.1996891, 4.7020449 ], [ -74.1997461, 4.7020363 ], [ -74.1998023, 4.7020238 ], [ -74.1998575, 4.7020072 ], [ -74.1999116, 4.7019945 ], [ -74.1999645, 4.7019776 ], [ -74.200016, 4.7019567 ], [ -74.2000657, 4.701932 ], [ -74.2001225, 4.7019043 ], [ -74.2001765, 4.7018714 ], [ -74.2002271, 4.7018335 ], [ -74.200274, 4.701791 ], [ -74.2003118, 4.7017556 ], [ -74.2003518, 4.7017226 ], [ -74.2003938, 4.7016923 ], [ -74.2004074, 4.7016767 ], [ -74.2004231, 4.7016633 ], [ -74.2004407, 4.7016523 ], [ -74.2004596, 4.7016439 ], [ -74.2005199, 4.7016171 ], [ -74.2005823, 4.7015958 ], [ -74.200689, 4.7015565 ], [ -74.2006944, 4.7015513 ], [ -74.2007006, 4.701547 ], [ -74.2007074, 4.7015439 ], [ -74.2007147, 4.701542 ], [ -74.2007221, 4.7015413 ], [ -74.2007296, 4.7015419 ], [ -74.2007715, 4.701535 ], [ -74.2008126, 4.7015243 ], [ -74.2008526, 4.7015099 ], [ -74.2010108, 4.7014688 ], [ -74.201066, 4.7014558 ], [ -74.2011223, 4.7014489 ], [ -74.201179, 4.701448 ], [ -74.201197, 4.7014516 ], [ -74.2012154, 4.7014524 ], [ -74.2012338, 4.7014504 ], [ -74.2012531, 4.7014554 ], [ -74.201273, 4.7014571 ], [ -74.2012928, 4.7014554 ], [ -74.2013122, 4.7014504 ], [ -74.201345, 4.7014491 ], [ -74.2013777, 4.7014508 ], [ -74.2013895, 4.7014469 ], [ -74.2014006, 4.7014413 ], [ -74.2014108, 4.7014342 ], [ -74.20142, 4.7014258 ], [ -74.2041017, 4.7010491 ], [ -74.2059295, 4.7010878 ], [ -74.2058903, 4.7006981 ], [ -74.2061142, 4.7007778 ], [ -74.2070143, 4.7011031 ], [ -74.2068933, 4.7012112 ], [ -74.2069368, 4.7014368 ], [ -74.2068204, 4.7015093 ], [ -74.2063983, 4.7017799 ], [ -74.2062109, 4.7018632 ], [ -74.206134, 4.7019484 ], [ -74.2060792, 4.7021169 ], [ -74.2061006, 4.7022277 ], [ -74.2060745, 4.7022868 ], [ -74.2060344, 4.7022942 ], [ -74.2060076, 4.7022922 ], [ -74.2059362, 4.702234 ], [ -74.2059253, 4.702225 ], [ -74.2057119, 4.7021445 ], [ -74.2055941, 4.7021204 ], [ -74.2054388, 4.7019794 ], [ -74.2052615, 4.7019412 ], [ -74.2050307, 4.7019681 ], [ -74.2049531, 4.7019923 ], [ -74.204921, 4.7021178 ], [ -74.2048989, 4.7022083 ], [ -74.2048617, 4.7023602 ], [ -74.20481, 4.7025716 ], [ -74.2048047, 4.7029361 ], [ -74.2047499, 4.7028831 ], [ -74.2047318, 4.702773 ], [ -74.2047184, 4.7026213 ], [ -74.2046936, 4.7025186 ], [ -74.2044192, 4.7022804 ], [ -74.2042279, 4.7021703 ], [ -74.2036016, 4.7022389 ], [ -74.2034745, 4.7023248 ], [ -74.2033053, 4.7024786 ], [ -74.2030905, 4.702431 ], [ -74.203047, 4.7023008 ], [ -74.2029667, 4.7022028 ], [ -74.2028476, 4.7021545 ], [ -74.2026435, 4.7021646 ], [ -74.2024401, 4.7023673 ], [ -74.2023886, 4.7024821 ], [ -74.201967, 4.7024525 ], [ -74.2018839, 4.7025859 ], [ -74.2017801, 4.7027331 ], [ -74.2017155, 4.7028056 ], [ -74.2015742, 4.7028924 ], [ -74.2015315, 4.7029155 ], [ -74.2014823, 4.7029649 ], [ -74.2014177, 4.7030342 ], [ -74.2013005, 4.7031199 ], [ -74.2012568, 4.7031384 ], [ -74.201178, 4.7031571 ], [ -74.2010378, 4.7031791 ], [ -74.200925, 4.7032131 ], [ -74.2008528, 4.7032769 ], [ -74.2008406, 4.7033267 ], [ -74.2008503, 4.7033546 ], [ -74.2008273, 4.703391 ], [ -74.2008197, 4.7034246 ], [ -74.2008284, 4.7034633 ], [ -74.2008619, 4.7035372 ], [ -74.2009005, 4.7036249 ], [ -74.2009442, 4.7037416 ], [ -74.2009748, 4.7038261 ], [ -74.2008145, 4.7038505 ], [ -74.2004914, 4.7038967 ], [ -74.2004196, 4.7039358 ], [ -74.2003017, 4.7039934 ], [ -74.2001748, 4.7040527 ], [ -74.2000924, 4.7040883 ], [ -74.2000658, 4.7041096 ], [ -74.2000449, 4.7041247 ], [ -74.19988, 4.7041921 ], [ -74.1997475, 4.704247 ], [ -74.1996015, 4.7043111 ], [ -74.1994463, 4.7043753 ], [ -74.199327, 4.7044394 ], [ -74.1988439, 4.7046795 ], [ -74.1988176, 4.7046926 ], [ -74.1983662, 4.7049057 ], [ -74.1983594, 4.7049089 ], [ -74.1979392, 4.7051105 ], [ -74.1978633, 4.705148 ], [ -74.1978511, 4.705154 ], [ -74.197804, 4.7051774 ], [ -74.1975348, 4.7053106 ], [ -74.1973715, 4.7053914 ], [ -74.1970253, 4.7055628 ], [ -74.1970023, 4.7055742 ], [ -74.1964898, 4.7058201 ], [ -74.196501, 4.7058317 ], [ -74.1964784, 4.7058439 ], [ -74.1964623, 4.7058526 ], [ -74.1963158, 4.7059322 ], [ -74.196292, 4.7059446 ], [ -74.1961579, 4.7060146 ], [ -74.1961435, 4.706022 ], [ -74.1961658, 4.7060661 ], [ -74.1961436, 4.706077 ], [ -74.1956993, 4.7062977 ], [ -74.1956664, 4.7062304 ], [ -74.1956275, 4.7061504 ], [ -74.1953715, 4.7056254 ], [ -74.1952129, 4.7053066 ], [ -74.1949716, 4.7048139 ], [ -74.1949146, 4.7046977 ], [ -74.1948312, 4.7045274 ], [ -74.1947615, 4.7043854 ], [ -74.1946948, 4.7042496 ], [ -74.1946901, 4.70424 ], [ -74.1946764, 4.7042122 ] ] ] } },
{ "type": "Feature", "properties": { "OBJECTID": 21.0, "SIMBOLO": "SR-DAT-Z4", "CLASE_SUEL": "RURAL", "VEREDA": "EL HATO", "NOMBRE": "SSB-Z4 Suburbano El Hato", "Clase_Su_1": "RURAL", "Shape_Leng": 5258.41033986, "Shape_Area": 1525452.2019100001, "CLAS_CIAF": "2c" }, "geometry": { "type": "Polygon", "coordinates": [ [ [ -74.1813175, 4.7078949 ], [ -74.1815072, 4.7073753 ], [ -74.1815299, 4.707396 ], [ -74.1815799, 4.7074301 ], [ -74.1816592, 4.7074779 ], [ -74.1817046, 4.7075052 ], [ -74.1817409, 4.7075074 ], [ -74.1818158, 4.7074892 ], [ -74.1818584, 4.7074765 ], [ -74.1818829, 4.7074722 ], [ -74.1819767, 4.7074366 ], [ -74.1820011, 4.7074266 ], [ -74.1821106, 4.7073822 ], [ -74.1821981, 4.7073416 ], [ -74.1822582, 4.7073196 ], [ -74.1822739, 4.7073073 ], [ -74.1822898, 4.7073003 ], [ -74.1823805, 4.7072934 ], [ -74.1824871, 4.7072957 ], [ -74.1825756, 4.7073093 ], [ -74.182655, 4.7073366 ], [ -74.1827321, 4.7073548 ], [ -74.1828455, 4.7073616 ], [ -74.1829952, 4.7073593 ], [ -74.1831177, 4.7073411 ], [ -74.1832402, 4.707307 ], [ -74.1833491, 4.7072728 ], [ -74.1834761, 4.7072591 ], [ -74.1836603, 4.7072494 ], [ -74.1836916, 4.7072477 ], [ -74.1837265, 4.7072411 ], [ -74.1837869, 4.7072295 ], [ -74.1841248, 4.7072158 ], [ -74.1842972, 4.7072294 ], [ -74.1844016, 4.7072522 ], [ -74.1845104, 4.7072908 ], [ -74.1845876, 4.7072977 ], [ -74.1847373, 4.7073045 ], [ -74.1849255, 4.707309 ], [ -74.1850367, 4.7072999 ], [ -74.1851297, 4.7072839 ], [ -74.1852613, 4.7072771 ], [ -74.1853429, 4.7072816 ], [ -74.1854064, 4.7072816 ], [ -74.1854677, 4.7072725 ], [ -74.1855493, 4.7072793 ], [ -74.1856877, 4.7072907 ], [ -74.1858011, 4.707302 ], [ -74.1859485, 4.7073362 ], [ -74.1860301, 4.7073561 ], [ -74.1860506, 4.7073612 ], [ -74.1862162, 4.7073885 ], [ -74.1863296, 4.707418 ], [ -74.1864476, 4.7074339 ], [ -74.1865497, 4.7074385 ], [ -74.1866268, 4.707443 ], [ -74.1867583, 4.707468 ], [ -74.1869489, 4.7074794 ], [ -74.1870228, 4.7074764 ], [ -74.1870623, 4.7074748 ], [ -74.1871006, 4.7074679 ], [ -74.1871757, 4.7074543 ], [ -74.1874343, 4.7074133 ], [ -74.1875908, 4.7073951 ], [ -74.1876747, 4.7073746 ], [ -74.187704, 4.7073679 ], [ -74.1877745, 4.7073518 ], [ -74.1878562, 4.7073199 ], [ -74.1879333, 4.7072676 ], [ -74.1880376, 4.707213 ], [ -74.1882531, 4.7071105 ], [ -74.1883869, 4.7070513 ], [ -74.1884867, 4.7070172 ], [ -74.1886046, 4.7069648 ], [ -74.1887112, 4.7069034 ], [ -74.1888587, 4.7068214 ], [ -74.1889993, 4.7067531 ], [ -74.1890923, 4.7067167 ], [ -74.1892192, 4.7066818 ], [ -74.1895544, 4.7073749 ], [ -74.1916916, 4.7119776 ], [ -74.1933066, 4.7147923 ], [ -74.1935312, 4.7151837 ], [ -74.1935613, 4.7152362 ], [ -74.1943681, 4.7166422 ], [ -74.1943832, 4.7166686 ], [ -74.1941767, 4.7167719 ], [ -74.1940264, 4.7168164 ], [ -74.1936896, 4.7169492 ], [ -74.1936001, 4.7169727 ], [ -74.1933976, 4.7170899 ], [ -74.1932205, 4.7172071 ], [ -74.1930336, 4.717295 ], [ -74.1928253, 4.717424 ], [ -74.1927708, 4.717463 ], [ -74.1926731, 4.717532 ], [ -74.192277, 4.7177579 ], [ -74.1915898, 4.7181396 ], [ -74.1907281, 4.7186115 ], [ -74.1906688, 4.7186316 ], [ -74.1898779, 4.7188994 ], [ -74.1901973, 4.7197977 ], [ -74.1902363, 4.7199097 ], [ -74.1897587, 4.720139 ], [ -74.1895022, 4.7202595 ], [ -74.1893394, 4.7203359 ], [ -74.1887828, 4.7205974 ], [ -74.1885672, 4.7207008 ], [ -74.1880275, 4.7209595 ], [ -74.1875199, 4.7211984 ], [ -74.1872748, 4.7213138 ], [ -74.1862756, 4.7217801 ], [ -74.1858104, 4.7220025 ], [ -74.1856098, 4.7220984 ], [ -74.1850116, 4.7223844 ], [ -74.1849584, 4.7224118 ], [ -74.1850113, 4.7214463 ], [ -74.1851255, 4.719848 ], [ -74.184925, 4.7189292 ], [ -74.1845624, 4.718288 ], [ -74.1841235, 4.7177139 ], [ -74.18378, 4.7171971 ], [ -74.1833793, 4.716355 ], [ -74.1825777, 4.7144123 ], [ -74.1816999, 4.7130438 ], [ -74.18128, 4.7122016 ], [ -74.1808028, 4.7106321 ], [ -74.1805929, 4.7099048 ], [ -74.1807549, 4.709187 ], [ -74.1813175, 4.7078949 ] ] ] } },
{ "type": "Feature", "properties": { "OBJECTID": 22.0, "SIMBOLO": "SE-Z2A/B", "CLASE_SUEL": "EXPANSIÓN", "VEREDA": "EL CACIQUE", "NOMBRE": "Suelo Expansión El Cacique", "Clase_Su_1": "EXPANSIÓN", "Shape_Leng": 3281.8846016799998, "Shape_Area": 263310.98126799997, "CLAS_CIAF": "1a" }, "geometry": { "type": "Polygon", "coordinates": [ [ [ -74.2052542, 4.722505 ], [ -74.2051207, 4.7224275 ], [ -74.2047869, 4.7222513 ], [ -74.2045807, 4.7220833 ], [ -74.2044776, 4.7219846 ], [ -74.2043699, 4.7218812 ], [ -74.2041871, 4.7217167 ], [ -74.2040325, 4.7215758 ], [ -74.2038732, 4.7214348 ], [ -74.2036717, 4.7212703 ], [ -74.2035077, 4.7211058 ], [ -74.2033578, 4.7209602 ], [ -74.2032313, 4.7208239 ], [ -74.2030907, 4.720697 ], [ -74.2029923, 4.7205842 ], [ -74.202833, 4.7203727 ], [ -74.2026315, 4.7200861 ], [ -74.2023691, 4.7197383 ], [ -74.2021722, 4.7193905 ], [ -74.2020832, 4.7192354 ], [ -74.2020176, 4.7190803 ], [ -74.2019801, 4.7190098 ], [ -74.2019192, 4.7189112 ], [ -74.2018977, 4.7188415 ], [ -74.2023797, 4.7186903 ], [ -74.2028629, 4.7185584 ], [ -74.2029662, 4.718522 ], [ -74.2029835, 4.7185538 ], [ -74.2029853, 4.7185583 ], [ -74.2031329, 4.7189439 ], [ -74.2032131, 4.719175 ], [ -74.2034114, 4.7197448 ], [ -74.2035852, 4.720252 ], [ -74.2036164, 4.7202922 ], [ -74.2036213, 4.7202904 ], [ -74.2036227, 4.7202922 ], [ -74.2045758, 4.7199434 ], [ -74.2050138, 4.7197844 ], [ -74.2051219, 4.7199791 ], [ -74.2051932, 4.7200618 ], [ -74.2054516, 4.7204483 ], [ -74.205514, 4.720551 ], [ -74.2055251, 4.7205846 ], [ -74.2059038, 4.7209174 ], [ -74.2060887, 4.7210559 ], [ -74.2060906, 4.7210527 ], [ -74.2060949, 4.7210559 ], [ -74.2061305, 4.7209978 ], [ -74.2062352, 4.7208369 ], [ -74.2064512, 4.7206358 ], [ -74.206803, 4.7203698 ], [ -74.2070502, 4.7201508 ], [ -74.2072773, 4.7199608 ], [ -74.2072828, 4.7199556 ], [ -74.2072886, 4.7199512 ], [ -74.2074238, 4.7198437 ], [ -74.207532, 4.7197621 ], [ -74.2076579, 4.7196652 ], [ -74.2076666, 4.7196585 ], [ -74.2077467, 4.7195982 ], [ -74.2077806, 4.7195809 ], [ -74.2077849, 4.7195782 ], [ -74.2078514, 4.7197004 ], [ -74.2084629, 4.720794 ], [ -74.2087015, 4.7212211 ], [ -74.2086661, 4.721242 ], [ -74.2086643, 4.7212709 ], [ -74.2086705, 4.7212709 ], [ -74.208732, 4.7212351 ], [ -74.2090161, 4.7210694 ], [ -74.2094235, 4.7208067 ], [ -74.2094296, 4.7208027 ], [ -74.2096778, 4.7212329 ], [ -74.2097963, 4.7214389 ], [ -74.2099726, 4.721734 ], [ -74.2099755, 4.7217316 ], [ -74.2100281, 4.7216898 ], [ -74.2104661, 4.7214729 ], [ -74.2104804, 4.7215172 ], [ -74.2104751, 4.72152 ], [ -74.2104832, 4.7215323 ], [ -74.2104872, 4.7215385 ], [ -74.2110439, 4.7223868 ], [ -74.2110755, 4.7224348 ], [ -74.2112877, 4.7223101 ], [ -74.2114931, 4.7221892 ], [ -74.2117255, 4.7220526 ], [ -74.211831, 4.7219914 ], [ -74.2118456, 4.7219824 ], [ -74.211936, 4.7219267 ], [ -74.2119372, 4.7219122 ], [ -74.2123294, 4.7216476 ], [ -74.2123412, 4.7216367 ], [ -74.212393, 4.7216054 ], [ -74.2124616, 4.7217227 ], [ -74.2124975, 4.7218133 ], [ -74.2125005, 4.7218206 ], [ -74.2125832, 4.7220269 ], [ -74.2126911, 4.7222924 ], [ -74.2127333, 4.722398 ], [ -74.2127418, 4.7224191 ], [ -74.2127607, 4.7224665 ], [ -74.2127712, 4.7224926 ], [ -74.2118316, 4.7229324 ], [ -74.210781, 4.7233417 ], [ -74.2100817, 4.7235394 ], [ -74.2095797, 4.7236604 ], [ -74.2089754, 4.7236887 ], [ -74.2082902, 4.7236959 ], [ -74.207865, 4.7235903 ], [ -74.2074223, 4.7234458 ], [ -74.2070428, 4.7233295 ], [ -74.2066577, 4.7231946 ], [ -74.2061116, 4.7229913 ], [ -74.2058938, 4.7228785 ], [ -74.205704, 4.7227623 ], [ -74.2054862, 4.722646 ], [ -74.2052542, 4.722505 ] ] ] } },
{ "type": "Feature", "properties": { "OBJECTID": 23.0, "SIMBOLO": null, "CLASE_SUEL": "RURAL", "VEREDA": "EL HATO", "NOMBRE": "Suelo Rural Vereda El Hato", "Clase_Su_1": "RURAL", "Shape_Leng": 7004.4820310200002, "Shape_Area": 1561126.41619, "CLAS_CIAF": "2c" }, "geometry": { "type": "Polygon", "coordinates": [ [ [ -74.1821183, 4.7255396 ], [ -74.1820481, 4.7253771 ], [ -74.1819574, 4.7252017 ], [ -74.1818821, 4.7250583 ], [ -74.1818065, 4.7249037 ], [ -74.1816772, 4.7246283 ], [ -74.1816543, 4.7245849 ], [ -74.1815932, 4.724469 ], [ -74.1814956, 4.7242346 ], [ -74.181355, 4.7239342 ], [ -74.1812528, 4.7237272 ], [ -74.1812165, 4.7236634 ], [ -74.1812154, 4.723661 ], [ -74.1811371, 4.7234996 ], [ -74.1810396, 4.7233562 ], [ -74.1809307, 4.7231719 ], [ -74.1808286, 4.7230058 ], [ -74.1806766, 4.7227828 ], [ -74.180579, 4.7226463 ], [ -74.1805748, 4.7226383 ], [ -74.1805336, 4.7225598 ], [ -74.1803793, 4.7223004 ], [ -74.1803283, 4.7222202 ], [ -74.1802432, 4.7220865 ], [ -74.1801525, 4.7219181 ], [ -74.179957, 4.7215928 ], [ -74.1799528, 4.7215859 ], [ -74.1798257, 4.7214084 ], [ -74.1797509, 4.7213128 ], [ -74.1797191, 4.7212809 ], [ -74.179617, 4.7211239 ], [ -74.1793448, 4.7206961 ], [ -74.1792651, 4.720569 ], [ -74.1790839, 4.7202797 ], [ -74.1789455, 4.720059 ], [ -74.178916, 4.7200021 ], [ -74.1786233, 4.7195424 ], [ -74.1785771, 4.7194687 ], [ -74.1785008, 4.7193467 ], [ -74.1781264, 4.7187437 ], [ -74.1776545, 4.7179882 ], [ -74.1774571, 4.7176719 ], [ -74.1771712, 4.7172099 ], [ -74.1770862, 4.71707 ], [ -74.1769875, 4.7169073 ], [ -74.1769626, 4.7168683 ], [ -74.1769621, 4.7168676 ], [ -74.176781, 4.7165842 ], [ -74.1765927, 4.7162838 ], [ -74.1764656, 4.7160722 ], [ -74.1763, 4.715815 ], [ -74.1761839, 4.7156203 ], [ -74.1761684, 4.7155943 ], [ -74.1760142, 4.7153599 ], [ -74.1758894, 4.7151596 ], [ -74.1757328, 4.7149025 ], [ -74.1757138, 4.7148719 ], [ -74.1753539, 4.7142949 ], [ -74.1750681, 4.7138375 ], [ -74.1748662, 4.7135099 ], [ -74.1746869, 4.7132368 ], [ -74.1746778, 4.713148 ], [ -74.1745735, 4.713032 ], [ -74.1745233, 4.7129708 ], [ -74.1744992, 4.7129293 ], [ -74.1745218, 4.7129073 ], [ -74.1746371, 4.7128077 ], [ -74.174716, 4.7127535 ], [ -74.1750313, 4.7125513 ], [ -74.175105, 4.7124988 ], [ -74.1751116, 4.7124941 ], [ -74.1753978, 4.7123139 ], [ -74.1755759, 4.7121908 ], [ -74.1756795, 4.7121264 ], [ -74.1759627, 4.7119418 ], [ -74.1762197, 4.7117865 ], [ -74.176371, 4.7116995 ], [ -74.1763954, 4.7116836 ], [ -74.1766546, 4.7115149 ], [ -74.1767706, 4.7114346 ], [ -74.1768067, 4.7114028 ], [ -74.1768275, 4.7113742 ], [ -74.1768297, 4.7113237 ], [ -74.1768133, 4.7112468 ], [ -74.1766687, 4.7109425 ], [ -74.1766174, 4.7108249 ], [ -74.176603, 4.710792 ], [ -74.1765033, 4.7105701 ], [ -74.1764496, 4.7104514 ], [ -74.176408, 4.7103547 ], [ -74.176385, 4.7102877 ], [ -74.1763259, 4.7101724 ], [ -74.1763051, 4.7101164 ], [ -74.1762295, 4.7099801 ], [ -74.1761758, 4.7098637 ], [ -74.1760849, 4.7096835 ], [ -74.1759743, 4.709477 ], [ -74.1758702, 4.7092738 ], [ -74.17581, 4.7091562 ], [ -74.1757651, 4.7090552 ], [ -74.1757055, 4.7089031 ], [ -74.1756423, 4.7087853 ], [ -74.1755593, 4.7085826 ], [ -74.1755075, 4.7084533 ], [ -74.1754919, 4.7083758 ], [ -74.1755042, 4.7083253 ], [ -74.1757129, 4.7082137 ], [ -74.1758331, 4.7081614 ], [ -74.1760644, 4.7080521 ], [ -74.1762708, 4.7079565 ], [ -74.1764999, 4.7078472 ], [ -74.1767131, 4.7077334 ], [ -74.1772348, 4.707499 ], [ -74.177609, 4.7073077 ], [ -74.177956, 4.7071416 ], [ -74.1781534, 4.7070437 ], [ -74.1782668, 4.7069822 ], [ -74.1783507, 4.7069321 ], [ -74.1784006, 4.7068957 ], [ -74.1785231, 4.7067592 ], [ -74.1785979, 4.7066499 ], [ -74.1787771, 4.7064246 ], [ -74.1788973, 4.7062857 ], [ -74.1790152, 4.7061378 ], [ -74.1790523, 4.7060801 ], [ -74.1790968, 4.7060219 ], [ -74.1791503, 4.7060581 ], [ -74.1792547, 4.706115 ], [ -74.1793047, 4.706137 ], [ -74.1794149, 4.7061981 ], [ -74.1794449, 4.7062147 ], [ -74.179452, 4.7062197 ], [ -74.1794576, 4.7062217 ], [ -74.1794778, 4.7062329 ], [ -74.1794846, 4.7062315 ], [ -74.1795019, 4.7062379 ], [ -74.1796675, 4.706338 ], [ -74.1797106, 4.7063767 ], [ -74.1797742, 4.7064131 ], [ -74.1798785, 4.7064836 ], [ -74.1800146, 4.706545 ], [ -74.1801303, 4.7065928 ], [ -74.1802188, 4.7066269 ], [ -74.1802846, 4.7066656 ], [ -74.1803866, 4.7067589 ], [ -74.1804365, 4.7068112 ], [ -74.1805091, 4.7068841 ], [ -74.1805545, 4.7069182 ], [ -74.1805931, 4.7069387 ], [ -74.180643, 4.7069773 ], [ -74.1808381, 4.7070888 ], [ -74.1810082, 4.7071776 ], [ -74.1810876, 4.7072185 ], [ -74.1811488, 4.7072435 ], [ -74.1812056, 4.707264 ], [ -74.1813054, 4.7072799 ], [ -74.1813916, 4.7073004 ], [ -74.1814528, 4.7073254 ], [ -74.1814823, 4.7073527 ], [ -74.1815299, 4.707396 ], [ -74.1807549, 4.709187 ], [ -74.1805929, 4.7099048 ], [ -74.18128, 4.7122016 ], [ -74.1816999, 4.7130438 ], [ -74.1825777, 4.7144123 ], [ -74.1833793, 4.716355 ], [ -74.18378, 4.7171971 ], [ -74.1841235, 4.7177139 ], [ -74.1845624, 4.718288 ], [ -74.184925, 4.7189292 ], [ -74.1851255, 4.719848 ], [ -74.1850681, 4.7206505 ], [ -74.1850113, 4.7214463 ], [ -74.1849584, 4.7224118 ], [ -74.1849591, 4.7224531 ], [ -74.1849746, 4.7225327 ], [ -74.1850135, 4.7226433 ], [ -74.1850539, 4.7227275 ], [ -74.1850974, 4.7228117 ], [ -74.1851456, 4.7228834 ], [ -74.1851907, 4.7229458 ], [ -74.1852264, 4.7229801 ], [ -74.1852964, 4.723069 ], [ -74.1853974, 4.7231968 ], [ -74.1854596, 4.7232685 ], [ -74.1855031, 4.7233059 ], [ -74.1855469, 4.7233241 ], [ -74.1855482, 4.7233246 ], [ -74.18557, 4.7233402 ], [ -74.1856477, 4.7234416 ], [ -74.1857129, 4.7234961 ], [ -74.1857844, 4.7235616 ], [ -74.1858311, 4.7235912 ], [ -74.1858762, 4.723638 ], [ -74.1859725, 4.7237035 ], [ -74.1862383, 4.723889 ], [ -74.186372, 4.723995 ], [ -74.1864854, 4.7240636 ], [ -74.1865802, 4.7241166 ], [ -74.1865984, 4.7241295 ], [ -74.1867139, 4.7242117 ], [ -74.1867916, 4.7242615 ], [ -74.186902, 4.7243286 ], [ -74.1870061, 4.724394 ], [ -74.1870916, 4.724447 ], [ -74.187132, 4.7244673 ], [ -74.1871848, 4.7245125 ], [ -74.1872532, 4.7245905 ], [ -74.1873434, 4.7246965 ], [ -74.1873947, 4.7247557 ], [ -74.1874164, 4.7247947 ], [ -74.1874693, 4.7248602 ], [ -74.1875579, 4.7249537 ], [ -74.1875712, 4.7249677 ], [ -74.1876854, 4.7250878 ], [ -74.1877537, 4.7251486 ], [ -74.1877926, 4.7251766 ], [ -74.1878734, 4.7252359 ], [ -74.1879931, 4.7253091 ], [ -74.1881112, 4.7253715 ], [ -74.1881998, 4.7254183 ], [ -74.1882666, 4.7254479 ], [ -74.1883226, 4.725465 ], [ -74.1883646, 4.7254634 ], [ -74.1883987, 4.7254697 ], [ -74.1885184, 4.725493 ], [ -74.1888401, 4.7255569 ], [ -74.1890608, 4.7256052 ], [ -74.1893561, 4.7256644 ], [ -74.1896529, 4.7257268 ], [ -74.18974, 4.7257533 ], [ -74.1897609, 4.7257605 ], [ -74.1886965, 4.7268391 ], [ -74.1863454, 4.7292216 ], [ -74.1849032, 4.730683 ], [ -74.1848663, 4.7306161 ], [ -74.1848591, 4.7306032 ], [ -74.1847244, 4.7303602 ], [ -74.1846147, 4.730172 ], [ -74.1845177, 4.7299749 ], [ -74.1844283, 4.7298072 ], [ -74.1843734, 4.7296933 ], [ -74.184362, 4.7296587 ], [ -74.1843084, 4.7295653 ], [ -74.1842037, 4.7293541 ], [ -74.1841552, 4.7292478 ], [ -74.1840863, 4.7291326 ], [ -74.1840352, 4.729043 ], [ -74.1839842, 4.7289355 ], [ -74.1839548, 4.7288869 ], [ -74.1839454, 4.7288686 ], [ -74.1839352, 4.7288486 ], [ -74.1839342, 4.7288466 ], [ -74.1839306, 4.7288395 ], [ -74.1838706, 4.7287486 ], [ -74.1838342, 4.7286936 ], [ -74.1838029, 4.7286462 ], [ -74.1837391, 4.7285707 ], [ -74.1836741, 4.7285029 ], [ -74.1836294, 4.728467 ], [ -74.1835822, 4.7284312 ], [ -74.183526, 4.7283992 ], [ -74.1834814, 4.7283621 ], [ -74.1834393, 4.7283147 ], [ -74.183364, 4.7282046 ], [ -74.1832963, 4.7280946 ], [ -74.1832568, 4.7280203 ], [ -74.1831878, 4.7278488 ], [ -74.1831534, 4.7277784 ], [ -74.1830538, 4.7275429 ], [ -74.1829543, 4.7273163 ], [ -74.1829007, 4.7271963 ], [ -74.1828777, 4.7271448 ], [ -74.1828253, 4.7270347 ], [ -74.1827309, 4.726826 ], [ -74.1826454, 4.7266507 ], [ -74.1825509, 4.726451 ], [ -74.1824603, 4.7262552 ], [ -74.182371, 4.7260734 ], [ -74.1822548, 4.7258212 ], [ -74.1822369, 4.7257834 ], [ -74.1822191, 4.7257457 ], [ -74.1821566, 4.7256151 ], [ -74.1821183, 4.7255396 ] ] ] } },
{ "type": "Feature", "properties": { "OBJECTID": 24.0, "SIMBOLO": "SR-DAT-Z1", "CLASE_SUEL": "RURAL", "VEREDA": "EL CACIQUE", "NOMBRE": "SSB-Z1A El Cacique - Casablanca", "Clase_Su_1": "RURAL", "Shape_Leng": 6654.2436899200002, "Shape_Area": 1109710.6862000001, "CLAS_CIAF": "2b" }, "geometry": { "type": "Polygon", "coordinates": [ [ [ -74.2062571, 4.7277421 ], [ -74.2062571, 4.727681 ], [ -74.2059418, 4.7278874 ], [ -74.2058184, 4.7279287 ], [ -74.205366, 4.7275161 ], [ -74.2051466, 4.7274061 ], [ -74.2049135, 4.7273924 ], [ -74.2047216, 4.7272824 ], [ -74.204224, 4.7268443 ], [ -74.2041594, 4.7267874 ], [ -74.2042427, 4.7267224 ], [ -74.2042828, 4.7266911 ], [ -74.204269, 4.7265123 ], [ -74.2038263, 4.7261012 ], [ -74.2037075, 4.7256872 ], [ -74.2037013, 4.7256654 ], [ -74.2036574, 4.7255127 ], [ -74.2036566, 4.7255097 ], [ -74.2035343, 4.7254537 ], [ -74.2028721, 4.7251505 ], [ -74.2027944, 4.7252093 ], [ -74.2024861, 4.7254426 ], [ -74.2020475, 4.7258003 ], [ -74.2017322, 4.7258278 ], [ -74.2014169, 4.7258279 ], [ -74.2010742, 4.725883 ], [ -74.2007589, 4.725993 ], [ -74.2005121, 4.7260343 ], [ -74.2002928, 4.7261032 ], [ -74.1998678, 4.726117 ], [ -74.1995525, 4.726117 ], [ -74.1994291, 4.7262133 ], [ -74.1992235, 4.7262822 ], [ -74.1989219, 4.726296 ], [ -74.198867, 4.7263922 ], [ -74.1981081, 4.7264556 ], [ -74.1979635, 4.7262989 ], [ -74.1978362, 4.7259102 ], [ -74.1976263, 4.7259935 ], [ -74.1975993, 4.725906 ], [ -74.1975663, 4.7257991 ], [ -74.1975582, 4.7257758 ], [ -74.1975921, 4.7256944 ], [ -74.1974949, 4.7254866 ], [ -74.1974428, 4.7253648 ], [ -74.1974196, 4.7252767 ], [ -74.197425, 4.7252745 ], [ -74.1974416, 4.7252682 ], [ -74.1974427, 4.7252679 ], [ -74.1974472, 4.7252662 ], [ -74.1974528, 4.7252644 ], [ -74.1974697, 4.7252593 ], [ -74.1974811, 4.7252562 ], [ -74.1974983, 4.7252522 ], [ -74.1975071, 4.7252504 ], [ -74.1975161, 4.7252487 ], [ -74.1976533, 4.7252261 ], [ -74.1976645, 4.7252244 ], [ -74.1976732, 4.7252233 ], [ -74.1976908, 4.7252216 ], [ -74.1977026, 4.7252208 ], [ -74.1977203, 4.7252202 ], [ -74.1977321, 4.7252202 ], [ -74.1977498, 4.7252208 ], [ -74.1977615, 4.7252216 ], [ -74.1977792, 4.7252233 ], [ -74.1977908, 4.7252249 ], [ -74.1978141, 4.7252288 ], [ -74.1978428, 4.7252355 ], [ -74.1978654, 4.7252423 ], [ -74.1978932, 4.7252523 ], [ -74.1979041, 4.7252569 ], [ -74.1979202, 4.7252642 ], [ -74.1979255, 4.7252667 ], [ -74.1980211, 4.7252568 ], [ -74.1983908, 4.7252868 ], [ -74.1975539, 4.7231515 ], [ -74.1974927, 4.7229991 ], [ -74.1968763, 4.7214633 ], [ -74.1970923, 4.7212834 ], [ -74.1973791, 4.7210381 ], [ -74.1975468, 4.7209105 ], [ -74.1979427, 4.7206093 ], [ -74.1981383, 4.7204626 ], [ -74.1981796, 4.7204316 ], [ -74.1982453, 4.7203831 ], [ -74.198458, 4.720226 ], [ -74.1987586, 4.7200159 ], [ -74.1990236, 4.7198818 ], [ -74.1992197, 4.7198208 ], [ -74.1992365, 4.7198554 ], [ -74.1997484, 4.7209087 ], [ -74.2001231, 4.7207662 ], [ -74.2001488, 4.7207564 ], [ -74.2004928, 4.7206256 ], [ -74.2005089, 4.7206195 ], [ -74.2005842, 4.7205883 ], [ -74.2004543, 4.7202992 ], [ -74.2001921, 4.7197105 ], [ -74.2001815, 4.7196868 ], [ -74.2001413, 4.7195965 ], [ -74.200134, 4.7195802 ], [ -74.2001031, 4.7195109 ], [ -74.2001104, 4.7195085 ], [ -74.2006226, 4.7193162 ], [ -74.2008987, 4.7192045 ], [ -74.2015535, 4.718963 ], [ -74.2018977, 4.7188415 ], [ -74.2019192, 4.7189112 ], [ -74.2019801, 4.7190098 ], [ -74.2020176, 4.7190803 ], [ -74.2020832, 4.7192354 ], [ -74.2021722, 4.7193905 ], [ -74.2023691, 4.7197383 ], [ -74.2026315, 4.7200861 ], [ -74.202833, 4.7203727 ], [ -74.2029923, 4.7205842 ], [ -74.2030907, 4.720697 ], [ -74.2032313, 4.7208239 ], [ -74.2033578, 4.7209602 ], [ -74.2035077, 4.7211058 ], [ -74.2036717, 4.7212703 ], [ -74.2038732, 4.7214348 ], [ -74.2040325, 4.7215758 ], [ -74.2041871, 4.7217167 ], [ -74.2043699, 4.7218812 ], [ -74.2044776, 4.7219846 ], [ -74.2045807, 4.7220833 ], [ -74.2047869, 4.7222513 ], [ -74.2051207, 4.7224275 ], [ -74.2052542, 4.722505 ], [ -74.2054862, 4.722646 ], [ -74.205704, 4.7227623 ], [ -74.2058938, 4.7228785 ], [ -74.2061116, 4.7229913 ], [ -74.2061558, 4.7230078 ], [ -74.2066577, 4.7231946 ], [ -74.2070428, 4.7233295 ], [ -74.2074223, 4.7234458 ], [ -74.207865, 4.7235903 ], [ -74.2082902, 4.7236959 ], [ -74.2089754, 4.7236887 ], [ -74.2095797, 4.7236604 ], [ -74.2100817, 4.7235394 ], [ -74.210781, 4.7233417 ], [ -74.2118316, 4.7229324 ], [ -74.2127712, 4.7224926 ], [ -74.2134711, 4.7221034 ], [ -74.213973, 4.7218235 ], [ -74.2141991, 4.7216975 ], [ -74.2142719, 4.7216558 ], [ -74.2143043, 4.7216372 ], [ -74.2147525, 4.7223569 ], [ -74.2147614, 4.7223681 ], [ -74.2147777, 4.7223889 ], [ -74.2152301, 4.7231445 ], [ -74.2152633, 4.7232001 ], [ -74.215344, 4.7233349 ], [ -74.2153396, 4.7233377 ], [ -74.2153742, 4.7233915 ], [ -74.2155097, 4.7236128 ], [ -74.2155398, 4.7236621 ], [ -74.2155496, 4.7236781 ], [ -74.215673, 4.7238947 ], [ -74.2157472, 4.7240208 ], [ -74.2158429, 4.7241833 ], [ -74.2158739, 4.7242345 ], [ -74.2159782, 4.7244054 ], [ -74.2159994, 4.7244402 ], [ -74.216053, 4.7245342 ], [ -74.2160797, 4.7245809 ], [ -74.2161434, 4.7246926 ], [ -74.216189, 4.7247726 ], [ -74.2161905, 4.7247751 ], [ -74.2161366, 4.7248035 ], [ -74.2159509, 4.7249014 ], [ -74.2159435, 4.7249053 ], [ -74.2158959, 4.7249304 ], [ -74.2157598, 4.7249999 ], [ -74.2157352, 4.7250124 ], [ -74.2155345, 4.7251149 ], [ -74.2155263, 4.7251191 ], [ -74.2153283, 4.7252202 ], [ -74.2152657, 4.7252521 ], [ -74.2150995, 4.725337 ], [ -74.215063, 4.7253563 ], [ -74.215026, 4.7253759 ], [ -74.214718, 4.725539 ], [ -74.2146212, 4.7255903 ], [ -74.2143402, 4.725739 ], [ -74.214217, 4.7258073 ], [ -74.2141851, 4.725825 ], [ -74.2141706, 4.725833 ], [ -74.2139374, 4.7259621 ], [ -74.2138786, 4.7259789 ], [ -74.2138657, 4.7259826 ], [ -74.2137915, 4.7260039 ], [ -74.2136179, 4.7260481 ], [ -74.213428, 4.7260806 ], [ -74.2132451, 4.7261318 ], [ -74.2131734, 4.7261527 ], [ -74.2131015, 4.7260393 ], [ -74.2130711, 4.7260539 ], [ -74.21304, 4.7260688 ], [ -74.2128362, 4.7262064 ], [ -74.2127024, 4.7262967 ], [ -74.2126555, 4.7263283 ], [ -74.2126578, 4.726332 ], [ -74.2126707, 4.7263525 ], [ -74.212439, 4.726499 ], [ -74.21218, 4.726649 ], [ -74.2117169, 4.7269171 ], [ -74.2115312, 4.7270389 ], [ -74.2115203, 4.7270461 ], [ -74.211493, 4.7270637 ], [ -74.2114385, 4.7269797 ], [ -74.2113715, 4.7268746 ], [ -74.2113707, 4.7268735 ], [ -74.2112665, 4.7267102 ], [ -74.2112118, 4.7266244 ], [ -74.2110447, 4.7263624 ], [ -74.211013, 4.7263129 ], [ -74.2108991, 4.7263353 ], [ -74.2107338, 4.7263732 ], [ -74.21072, 4.7263763 ], [ -74.2106266, 4.726392 ], [ -74.2105663, 4.7264017 ], [ -74.2105438, 4.7264076 ], [ -74.2104845, 4.7264232 ], [ -74.210396, 4.7264806 ], [ -74.2102422, 4.7265802 ], [ -74.2100467, 4.7267069 ], [ -74.2098694, 4.7268218 ], [ -74.2098408, 4.7268403 ], [ -74.2096021, 4.7269949 ], [ -74.2096022, 4.7269951 ], [ -74.2098679, 4.7274694 ], [ -74.2099182, 4.7275592 ], [ -74.2100117, 4.727726 ], [ -74.2100178, 4.7277368 ], [ -74.2100266, 4.7277521 ], [ -74.2101451, 4.7279599 ], [ -74.210096, 4.7279926 ], [ -74.2100623, 4.7280151 ], [ -74.2094142, 4.7284488 ], [ -74.2093256, 4.7285209 ], [ -74.2092701, 4.728566 ], [ -74.2087543, 4.7289665 ], [ -74.2086109, 4.7290804 ], [ -74.2085772, 4.7291072 ], [ -74.2084978, 4.7291606 ], [ -74.2084409, 4.729199 ], [ -74.2079776, 4.7295135 ], [ -74.2077149, 4.7296796 ], [ -74.2071189, 4.7300385 ], [ -74.2070822, 4.7300605 ], [ -74.2067119, 4.7302873 ], [ -74.2066775, 4.7303084 ], [ -74.2063199, 4.7305274 ], [ -74.2063157, 4.7304819 ], [ -74.2063124, 4.7304456 ], [ -74.206193, 4.7297035 ], [ -74.2061752, 4.7295929 ], [ -74.2060106, 4.7294278 ], [ -74.2059902, 4.7293995 ], [ -74.2059584, 4.7293553 ], [ -74.205952, 4.7293464 ], [ -74.2058324, 4.7291803 ], [ -74.2058597, 4.7287677 ], [ -74.2058597, 4.7286576 ], [ -74.2059693, 4.7284376 ], [ -74.2061064, 4.7282587 ], [ -74.2061443, 4.7282016 ], [ -74.206216, 4.7280937 ], [ -74.2062846, 4.7280386 ], [ -74.206265, 4.7278916 ], [ -74.2062571, 4.7278323 ], [ -74.2062571, 4.7277556 ], [ -74.2062571, 4.7277525 ], [ -74.2062571, 4.7277421 ] ] ] } },
{ "type": "Feature", "properties": { "OBJECTID": 25.0, "SIMBOLO": "SR-DAT-Z1", "CLASE_SUEL": "RURAL", "VEREDA": "SIETETROJES", "NOMBRE": null, "Clase_Su_1": "RURAL", "Shape_Leng": 7681.6360892499997, "Shape_Area": 939683.73810199997, "CLAS_CIAF": "2c" }, "geometry": { "type": "GeometryCollection", "geometries": [ { "type": "Polygon", "coordinates": [ [ [ -74.2231556, 4.736056 ], [ -74.2230839, 4.7360999 ], [ -74.2230232, 4.7361348 ], [ -74.2228048, 4.7357676 ], [ -74.2222754, 4.7359566 ], [ -74.2222483, 4.7358837 ], [ -74.2220969, 4.7354763 ], [ -74.2225541, 4.7353535 ], [ -74.2226161, 4.7354589 ], [ -74.2224244, 4.7354988 ], [ -74.222204, 4.7355448 ], [ -74.2222653, 4.7356638 ], [ -74.2223379, 4.7358143 ], [ -74.2227739, 4.7357155 ], [ -74.2227863, 4.7357127 ], [ -74.2228335, 4.7357019 ], [ -74.2228359, 4.7357013 ], [ -74.2227667, 4.7355702 ], [ -74.2227666, 4.7355699 ], [ -74.2228357, 4.7355281 ], [ -74.2233275, 4.7351877 ], [ -74.2237427, 4.7349038 ], [ -74.2237696, 4.7348855 ], [ -74.2242347, 4.7345633 ], [ -74.2244305, 4.7344277 ], [ -74.2246482, 4.7342768 ], [ -74.2246878, 4.7342537 ], [ -74.2245546, 4.7340643 ], [ -74.224572, 4.7340543 ], [ -74.2244506, 4.733876 ], [ -74.2250691, 4.7334051 ], [ -74.2250692, 4.7334049 ], [ -74.2256951, 4.7329367 ], [ -74.2257073, 4.7329275 ], [ -74.2257714, 4.7328795 ], [ -74.2258454, 4.7328065 ], [ -74.2258139, 4.7327791 ], [ -74.2256529, 4.7326338 ], [ -74.2252063, 4.7322397 ], [ -74.2248551, 4.7319266 ], [ -74.2247022, 4.7317935 ], [ -74.224436, 4.7315657 ], [ -74.2243787, 4.7315113 ], [ -74.2243405, 4.7314794 ], [ -74.2242735, 4.7314233 ], [ -74.224192, 4.7313553 ], [ -74.2240933, 4.7312728 ], [ -74.224017, 4.7312065 ], [ -74.2238831, 4.7310748 ], [ -74.223804, 4.7309926 ], [ -74.2236316, 4.7308105 ], [ -74.2234513, 4.7306216 ], [ -74.2232709, 4.7304219 ], [ -74.2231242, 4.7302686 ], [ -74.2229766, 4.7301153 ], [ -74.2228146, 4.7299194 ], [ -74.2228128, 4.7299176 ], [ -74.2228097, 4.7299146 ], [ -74.2226694, 4.7297783 ], [ -74.2225956, 4.7296873 ], [ -74.2225931, 4.7296843 ], [ -74.2225894, 4.7296873 ], [ -74.2222172, 4.7292164 ], [ -74.2221957, 4.729189 ], [ -74.2221553, 4.7291409 ], [ -74.2219093, 4.7288408 ], [ -74.2218615, 4.7287697 ], [ -74.2217641, 4.7286247 ], [ -74.2214695, 4.7281847 ], [ -74.2211711, 4.7277723 ], [ -74.2211543, 4.7277486 ], [ -74.2211468, 4.7277384 ], [ -74.2208736, 4.7273577 ], [ -74.2205762, 4.7269992 ], [ -74.2205099, 4.7269181 ], [ -74.2204463, 4.7268315 ], [ -74.220352, 4.7266849 ], [ -74.220316, 4.7266321 ], [ -74.2202491, 4.7265193 ], [ -74.2202434, 4.726507 ], [ -74.2202094, 4.7264524 ], [ -74.2201572, 4.7263773 ], [ -74.2200256, 4.7262021 ], [ -74.2199607, 4.7261069 ], [ -74.2207268, 4.7255716 ], [ -74.2212367, 4.7253413 ], [ -74.221801, 4.7252402 ], [ -74.2224029, 4.7251027 ], [ -74.224266, 4.7244499 ], [ -74.2245121, 4.7240169 ], [ -74.2247583, 4.7245114 ], [ -74.2250664, 4.7242028 ], [ -74.2251899, 4.7245113 ], [ -74.2257441, 4.7240167 ], [ -74.2261228, 4.7246694 ], [ -74.2253703, 4.7252088 ], [ -74.2263382, 4.7258557 ], [ -74.2255857, 4.726611 ], [ -74.2261233, 4.7269347 ], [ -74.224941, 4.7280138 ], [ -74.2251557, 4.7284451 ], [ -74.2244032, 4.729093 ], [ -74.225156, 4.7296314 ], [ -74.2264463, 4.7283375 ], [ -74.2264578, 4.728345 ], [ -74.2276578, 4.7291353 ], [ -74.2277389, 4.7293545 ], [ -74.2277795, 4.7296066 ], [ -74.2277053, 4.7299898 ], [ -74.2275972, 4.7304024 ], [ -74.2274491, 4.7308037 ], [ -74.2272666, 4.7312723 ], [ -74.2271242, 4.7315481 ], [ -74.2270217, 4.7317601 ], [ -74.2267818, 4.7322925 ], [ -74.2266224, 4.732608 ], [ -74.2264743, 4.7328477 ], [ -74.2262457, 4.7331054 ], [ -74.2267376, 4.7335812 ], [ -74.2267698, 4.7336064 ], [ -74.227132, 4.7338903 ], [ -74.2275895, 4.7342971 ], [ -74.2277558, 4.7345023 ], [ -74.2279158, 4.7346689 ], [ -74.2280589, 4.7348351 ], [ -74.2282815, 4.7350176 ], [ -74.2284592, 4.7351095 ], [ -74.2284933, 4.7351272 ], [ -74.2288358, 4.7352526 ], [ -74.2291621, 4.7353452 ], [ -74.2294302, 4.7354588 ], [ -74.229682, 4.7355622 ], [ -74.2299564, 4.7356706 ], [ -74.2301733, 4.7357734 ], [ -74.2307509, 4.7361169 ], [ -74.2313053, 4.7364435 ], [ -74.2316908, 4.7366767 ], [ -74.2318619, 4.7367716 ], [ -74.2322428, 4.7369864 ], [ -74.2322799, 4.7370122 ], [ -74.2321818, 4.737116 ], [ -74.2318857, 4.737421 ], [ -74.2318774, 4.7374298 ], [ -74.2315746, 4.7377522 ], [ -74.2311235, 4.7382188 ], [ -74.2311127, 4.73823 ], [ -74.230382, 4.7390012 ], [ -74.2303762, 4.7390071 ], [ -74.2301086, 4.7392756 ], [ -74.2295666, 4.7398623 ], [ -74.2291423, 4.7402833 ], [ -74.2291393, 4.7402865 ], [ -74.2284731, 4.7409721 ], [ -74.2284022, 4.741045 ], [ -74.2280655, 4.7414087 ], [ -74.2280298, 4.7414472 ], [ -74.2272756, 4.7422515 ], [ -74.2270809, 4.7424439 ], [ -74.2270506, 4.7424739 ], [ -74.227132, 4.7425248 ], [ -74.2271473, 4.7425344 ], [ -74.2272301, 4.7426008 ], [ -74.2271447, 4.7426992 ], [ -74.2270981, 4.7427509 ], [ -74.2270789, 4.742725 ], [ -74.2270045, 4.7426256 ], [ -74.2269692, 4.7425542 ], [ -74.2268887, 4.7424715 ], [ -74.2266269, 4.7420713 ], [ -74.2265339, 4.7419395 ], [ -74.2265025, 4.7418949 ], [ -74.2261749, 4.7413685 ], [ -74.2261678, 4.7413571 ], [ -74.2259447, 4.7409655 ], [ -74.2257816, 4.7406686 ], [ -74.2257778, 4.7406609 ], [ -74.2256229, 4.7403502 ], [ -74.2253826, 4.7398597 ], [ -74.225198, 4.7394251 ], [ -74.2250564, 4.7390636 ], [ -74.2250349, 4.7389776 ], [ -74.2248985, 4.7387762 ], [ -74.2248805, 4.7387495 ], [ -74.2247539, 4.7385652 ], [ -74.2247475, 4.7385559 ], [ -74.2246779, 4.7384659 ], [ -74.2246145, 4.7383838 ], [ -74.2245977, 4.7383655 ], [ -74.2243742, 4.7381213 ], [ -74.2241597, 4.7377771 ], [ -74.2236448, 4.7369037 ], [ -74.2233916, 4.7364777 ], [ -74.2231559, 4.7360565 ], [ -74.2231556, 4.736056 ] ], [ [ -74.2247401, 4.7272617 ], [ -74.2245965, 4.7273604 ], [ -74.2244416, 4.7274644 ], [ -74.2242935, 4.7275639 ], [ -74.2241545, 4.7276572 ], [ -74.2242653, 4.727814 ], [ -74.2242918, 4.7278528 ], [ -74.2243872, 4.7279872 ], [ -74.2245221, 4.7278865 ], [ -74.2246687, 4.7277797 ], [ -74.2248095, 4.7276691 ], [ -74.2248568, 4.7276354 ], [ -74.2249493, 4.7275693 ], [ -74.2249361, 4.72755 ], [ -74.224997, 4.7275068 ], [ -74.2247905, 4.7272288 ], [ -74.2247401, 4.7272617 ] ], [ [ -74.2233394, 4.7277081 ], [ -74.2232439, 4.7277819 ], [ -74.2231338, 4.7278669 ], [ -74.223368, 4.7281849 ], [ -74.2234741, 4.7281066 ], [ -74.223582, 4.7280294 ], [ -74.2233394, 4.7277081 ] ] ] }, { "type": "MultiLineString", "coordinates": [ [ [ -74.2255857, 4.726611 ], [ -74.224752, 4.7271769 ] ], [ [ -74.224752, 4.7271769 ], [ -74.2247905, 4.7272288 ] ] ] } ] } },
{ "type": "Feature", "properties": { "OBJECTID": 26.0, "SIMBOLO": "SE-Z3A", "CLASE_SUEL": "EXPANSIÓN", "VEREDA": "EL HATO", "NOMBRE": "SE-Z3A El Hato", "Clase_Su_1": "EXPANSIÓN", "Shape_Leng": 1428.08339813, "Shape_Area": 96381.451277700005, "CLAS_CIAF": "1a" }, "geometry": { "type": "Polygon", "coordinates": [ [ [ -74.2004917, 4.713225 ], [ -74.2008088, 4.7130776 ], [ -74.2009635, 4.7133663 ], [ -74.2011124, 4.7136354 ], [ -74.2012612, 4.7138966 ], [ -74.2013441, 4.7140369 ], [ -74.201453, 4.7142099 ], [ -74.201571, 4.714433 ], [ -74.20168, 4.7146014 ], [ -74.201807, 4.7148108 ], [ -74.2019614, 4.7150703 ], [ -74.2021429, 4.7153115 ], [ -74.2022564, 4.715571 ], [ -74.2023517, 4.7157986 ], [ -74.2024471, 4.7160308 ], [ -74.2025333, 4.7162356 ], [ -74.2026877, 4.7165998 ], [ -74.2028819, 4.7170025 ], [ -74.2025377, 4.7171508 ], [ -74.2026264, 4.7174205 ], [ -74.2020857, 4.7177807 ], [ -74.2015621, 4.7181198 ], [ -74.2014737, 4.7181734 ], [ -74.2011079, 4.7171884 ], [ -74.2006172, 4.7162313 ], [ -74.1994345, 4.7137474 ], [ -74.1998582, 4.7135782 ], [ -74.1998832, 4.7135238 ], [ -74.1999649, 4.7134827 ], [ -74.2001061, 4.7134117 ], [ -74.200292, 4.7133252 ], [ -74.2004917, 4.713225 ] ] ] } },
{ "type": "Feature", "properties": { "OBJECTID": 27.0, "SIMBOLO": null, "CLASE_SUEL": "RURAL", "VEREDA": "EL HATO", "NOMBRE": "Antes SSB-Z1C El Cacique - Casablanca", "Clase_Su_1": "RURAL", "Shape_Leng": 7917.0591776399997, "Shape_Area": 925551.134387, "CLAS_CIAF": "2c" }, "geometry": { "type": "Polygon", "coordinates": [ [ [ -74.1962104, 4.7202817 ], [ -74.1960544, 4.7200155 ], [ -74.1957821, 4.7195379 ], [ -74.1956536, 4.7193162 ], [ -74.1956295, 4.7192217 ], [ -74.1956081, 4.7191306 ], [ -74.1955825, 4.7190317 ], [ -74.1955623, 4.7189533 ], [ -74.1955299, 4.718828 ], [ -74.1954936, 4.7186874 ], [ -74.1954585, 4.7185511 ], [ -74.1954544, 4.7185355 ], [ -74.1958395, 4.7183474 ], [ -74.1967777, 4.7178868 ], [ -74.1968072, 4.7178723 ], [ -74.1967793, 4.7178204 ], [ -74.1966612, 4.717585 ], [ -74.1965275, 4.7173106 ], [ -74.1964544, 4.7171422 ], [ -74.196344, 4.716899 ], [ -74.1962849, 4.7167665 ], [ -74.1962025, 4.7165872 ], [ -74.1960859, 4.7163268 ], [ -74.1960098, 4.7161382 ], [ -74.195943, 4.7159799 ], [ -74.1955934, 4.7161618 ], [ -74.1951262, 4.7163846 ], [ -74.1950991, 4.7163952 ], [ -74.1950899, 4.7163986 ], [ -74.1947888, 4.7165123 ], [ -74.1945593, 4.7165871 ], [ -74.1944728, 4.7166237 ], [ -74.1943832, 4.7166686 ], [ -74.1943681, 4.7166422 ], [ -74.1935312, 4.7151837 ], [ -74.1933066, 4.7147923 ], [ -74.1916916, 4.7119776 ], [ -74.1895544, 4.7073749 ], [ -74.1892192, 4.7066818 ], [ -74.1892579, 4.7066711 ], [ -74.1894915, 4.7066028 ], [ -74.1895459, 4.706571 ], [ -74.1896457, 4.7065482 ], [ -74.1897659, 4.7065004 ], [ -74.1899451, 4.7064116 ], [ -74.190122, 4.7063387 ], [ -74.1902445, 4.7062909 ], [ -74.1902899, 4.7062704 ], [ -74.1903851, 4.7062181 ], [ -74.1904849, 4.7061794 ], [ -74.1905847, 4.7061543 ], [ -74.1907049, 4.7061065 ], [ -74.1907707, 4.7060815 ], [ -74.1908252, 4.7060484 ], [ -74.1908569, 4.7060291 ], [ -74.1909112, 4.7059939 ], [ -74.1910429, 4.7059085 ], [ -74.1912901, 4.7057696 ], [ -74.1915147, 4.7056581 ], [ -74.1916769, 4.7055873 ], [ -74.1917233, 4.705567 ], [ -74.19178, 4.7055374 ], [ -74.1919184, 4.705476 ], [ -74.1920839, 4.7053849 ], [ -74.1921928, 4.7053166 ], [ -74.1923017, 4.705221 ], [ -74.1923924, 4.7051254 ], [ -74.1925761, 4.7049706 ], [ -74.1927076, 4.7048773 ], [ -74.1928982, 4.7047612 ], [ -74.1930229, 4.7046542 ], [ -74.1931363, 4.7045427 ], [ -74.1932179, 4.7044608 ], [ -74.1932311, 4.7044518 ], [ -74.193345, 4.7043743 ], [ -74.1934379, 4.7042832 ], [ -74.1935423, 4.7041922 ], [ -74.1936715, 4.7040943 ], [ -74.1937623, 4.7040397 ], [ -74.1938053, 4.704012 ], [ -74.1938625, 4.7039753 ], [ -74.194014, 4.703878 ], [ -74.1940914, 4.7038382 ], [ -74.194107, 4.7038302 ], [ -74.1943724, 4.7036845 ], [ -74.1943951, 4.7036779 ], [ -74.1944117, 4.7036732 ], [ -74.1944605, 4.703659 ], [ -74.1946481, 4.7041546 ], [ -74.1946483, 4.7041549 ], [ -74.1946764, 4.7042122 ], [ -74.1946901, 4.70424 ], [ -74.1946948, 4.7042496 ], [ -74.1947615, 4.7043854 ], [ -74.1948312, 4.7045274 ], [ -74.1949146, 4.7046977 ], [ -74.1949716, 4.7048139 ], [ -74.1952129, 4.7053066 ], [ -74.1953715, 4.7056254 ], [ -74.1956275, 4.7061504 ], [ -74.1956664, 4.7062304 ], [ -74.1956993, 4.7062977 ], [ -74.1956942, 4.7063002 ], [ -74.1953589, 4.7064666 ], [ -74.1953538, 4.7064691 ], [ -74.1957794, 4.7073941 ], [ -74.1960455, 4.7079388 ], [ -74.1960279, 4.7079471 ], [ -74.1958905, 4.7080118 ], [ -74.1958653, 4.7080236 ], [ -74.1958097, 4.7080511 ], [ -74.1957983, 4.7080571 ], [ -74.1957833, 4.708065 ], [ -74.1957806, 4.7080664 ], [ -74.1957479, 4.7080838 ], [ -74.1957271, 4.7080948 ], [ -74.1957097, 4.708104 ], [ -74.1956533, 4.7081339 ], [ -74.1956433, 4.7081392 ], [ -74.1955351, 4.7081993 ], [ -74.1954121, 4.708256 ], [ -74.1954072, 4.7082582 ], [ -74.1954009, 4.7082612 ], [ -74.1954065, 4.7082708 ], [ -74.1953868, 4.7082817 ], [ -74.1954021, 4.7083091 ], [ -74.1954109, 4.7083248 ], [ -74.1954294, 4.7083581 ], [ -74.1954348, 4.7083679 ], [ -74.1954994, 4.7084847 ], [ -74.1955251, 4.7085311 ], [ -74.1955299, 4.7085285 ], [ -74.1955313, 4.7085311 ], [ -74.1955476, 4.7085221 ], [ -74.1955693, 4.7085628 ], [ -74.1955845, 4.7085915 ], [ -74.1955984, 4.7085979 ], [ -74.1956682, 4.7087169 ], [ -74.1957974, 4.7089471 ], [ -74.1957195, 4.7089985 ], [ -74.1960211, 4.70953 ], [ -74.1962443, 4.709961 ], [ -74.1959435, 4.7101202 ], [ -74.196049, 4.7103312 ], [ -74.1959068, 4.7103976 ], [ -74.195878, 4.7104111 ], [ -74.1957507, 4.7104705 ], [ -74.1957045, 4.7104921 ], [ -74.1953872, 4.7106403 ], [ -74.1954841, 4.7108329 ], [ -74.195564, 4.7109916 ], [ -74.1956216, 4.7111061 ], [ -74.1956611, 4.7111847 ], [ -74.1956933, 4.7112485 ], [ -74.195756, 4.7113732 ], [ -74.1957865, 4.711435 ], [ -74.1961632, 4.7121836 ], [ -74.1958702, 4.7123347 ], [ -74.1958259, 4.7123576 ], [ -74.1952711, 4.7126435 ], [ -74.1943659, 4.7131074 ], [ -74.1943699, 4.7131133 ], [ -74.1943891, 4.7131421 ], [ -74.1943908, 4.7131445 ], [ -74.1944001, 4.7131583 ], [ -74.1944536, 4.7132369 ], [ -74.1944541, 4.7132378 ], [ -74.1944782, 4.7132727 ], [ -74.1944815, 4.7132775 ], [ -74.1945075, 4.713315 ], [ -74.1945093, 4.7133176 ], [ -74.1945571, 4.7133857 ], [ -74.1945643, 4.7133961 ], [ -74.1946452, 4.713514 ], [ -74.1948418, 4.7138003 ], [ -74.1950483, 4.7141011 ], [ -74.1950487, 4.7141016 ], [ -74.1950905, 4.7141526 ], [ -74.1952439, 4.7143404 ], [ -74.195367, 4.7145394 ], [ -74.1956067, 4.7144168 ], [ -74.1955436, 4.7143174 ], [ -74.1963645, 4.7139757 ], [ -74.1965164, 4.7139124 ], [ -74.196592, 4.7138804 ], [ -74.1966643, 4.7138497 ], [ -74.1970222, 4.7136978 ], [ -74.1972304, 4.7136094 ], [ -74.1972435, 4.713638 ], [ -74.1977426, 4.7132086 ], [ -74.1984794, 4.7125784 ], [ -74.1988873, 4.7134366 ], [ -74.199304, 4.7131681 ], [ -74.199302, 4.7130313 ], [ -74.1995543, 4.7129008 ], [ -74.1998832, 4.7135238 ], [ -74.1998582, 4.7135782 ], [ -74.1998113, 4.7135969 ], [ -74.1994345, 4.7137474 ], [ -74.1995085, 4.7139029 ], [ -74.1999946, 4.7149237 ], [ -74.2004779, 4.7159387 ], [ -74.2004911, 4.7159665 ], [ -74.2006032, 4.7162018 ], [ -74.2006172, 4.7162313 ], [ -74.2007108, 4.7164139 ], [ -74.2011079, 4.7171884 ], [ -74.2014737, 4.7181734 ], [ -74.2012355, 4.7183176 ], [ -74.2010272, 4.7184306 ], [ -74.2008527, 4.718538 ], [ -74.2006669, 4.7186566 ], [ -74.2004586, 4.7187866 ], [ -74.2001658, 4.7189618 ], [ -74.1998111, 4.7191483 ], [ -74.199659, 4.7192444 ], [ -74.1993888, 4.7194252 ], [ -74.1990904, 4.7196456 ], [ -74.1990904, 4.7197755 ], [ -74.1992135, 4.7198208 ], [ -74.1992192, 4.7198191 ], [ -74.1990236, 4.7198818 ], [ -74.1987586, 4.7200159 ], [ -74.198458, 4.720226 ], [ -74.1982453, 4.7203831 ], [ -74.1981796, 4.7204316 ], [ -74.1981383, 4.7204626 ], [ -74.1979427, 4.7206093 ], [ -74.1975468, 4.7209105 ], [ -74.1973791, 4.7210381 ], [ -74.1970923, 4.7212834 ], [ -74.1969231, 4.7214243 ], [ -74.1968763, 4.7214633 ], [ -74.1968473, 4.721349 ], [ -74.1964044, 4.7206087 ], [ -74.196212, 4.7202845 ], [ -74.1962104, 4.7202817 ] ], [ [ -74.1987259, 4.7198408 ], [ -74.1985693, 4.7195429 ], [ -74.1982559, 4.7189468 ], [ -74.1980528, 4.7185546 ], [ -74.1981099, 4.7185218 ], [ -74.1981437, 4.7185024 ], [ -74.1981209, 4.718461 ], [ -74.1980028, 4.7182474 ], [ -74.1979988, 4.7182401 ], [ -74.1978667, 4.718001 ], [ -74.1978386, 4.7179502 ], [ -74.1978205, 4.7179175 ], [ -74.1977051, 4.7177085 ], [ -74.1977045, 4.717707 ], [ -74.1977756, 4.7176698 ], [ -74.1981081, 4.7174956 ], [ -74.1984651, 4.7173151 ], [ -74.1987842, 4.7171536 ], [ -74.1987728, 4.7171293 ], [ -74.1986851, 4.716942 ], [ -74.1985914, 4.716742 ], [ -74.1982131, 4.716925 ], [ -74.1981975, 4.7169325 ], [ -74.1974237, 4.7173078 ], [ -74.1974332, 4.7173317 ], [ -74.1967832, 4.7176757 ], [ -74.1968583, 4.7178289 ], [ -74.1969183, 4.7179601 ], [ -74.1969418, 4.7180071 ], [ -74.1969828, 4.7180891 ], [ -74.1970526, 4.7182177 ], [ -74.197088, 4.7182826 ], [ -74.197095, 4.7182954 ], [ -74.1971433, 4.718384 ], [ -74.1972747, 4.7186251 ], [ -74.1972762, 4.7186279 ], [ -74.1972845, 4.7186432 ], [ -74.1974843, 4.7190097 ], [ -74.1977329, 4.7194673 ], [ -74.1977734, 4.7194415 ], [ -74.1978362, 4.7194015 ], [ -74.1980227, 4.7192825 ], [ -74.1981513, 4.7195316 ], [ -74.1982249, 4.7196741 ], [ -74.1982347, 4.7196929 ], [ -74.1984252, 4.7200617 ], [ -74.1985021, 4.7200052 ], [ -74.1987259, 4.7198408 ] ], [ [ -74.1998645, 4.7183092 ], [ -74.1999371, 4.7184738 ], [ -74.1999561, 4.7184618 ], [ -74.2000151, 4.7185931 ], [ -74.2000693, 4.7187139 ], [ -74.2001301, 4.7188493 ], [ -74.2002783, 4.7187528 ], [ -74.2003385, 4.7187136 ], [ -74.2003989, 4.7186775 ], [ -74.2007174, 4.7184871 ], [ -74.2007648, 4.7184588 ], [ -74.2003382, 4.7175857 ], [ -74.2000923, 4.717717 ], [ -74.1998549, 4.7178487 ], [ -74.200035, 4.7182242 ], [ -74.2000353, 4.7182247 ], [ -74.1998645, 4.7183092 ] ] ] } },
{ "type": "Feature", "properties": { "OBJECTID": 28.0, "SIMBOLO": "SE-Z4A", "CLASE_SUEL": "EXPANSIÓN", "VEREDA": null, "NOMBRE": "SE-Z4A Centro Agroindustrial - Z1", "Clase_Su_1": "EXPANSIÓN", "Shape_Leng": 3271.1731841300002, "Shape_Area": 406797.67717500002, "CLAS_CIAF": "1a" }, "geometry": { "type": "Polygon", "coordinates": [ [ [ -74.1949965, 4.7025004 ], [ -74.1949138, 4.7021459 ], [ -74.1948877, 4.702034 ], [ -74.1948762, 4.7019846 ], [ -74.1947135, 4.7012958 ], [ -74.1945089, 4.7004557 ], [ -74.1943155, 4.6996477 ], [ -74.194245, 4.6992428 ], [ -74.1957033, 4.699165 ], [ -74.197346, 4.6990778 ], [ -74.2006319, 4.6989034 ], [ -74.2057685, 4.698631 ], [ -74.2058767, 4.7002613 ], [ -74.205902, 4.7006435 ], [ -74.2058903, 4.7006981 ], [ -74.2059295, 4.7010878 ], [ -74.2041017, 4.7010491 ], [ -74.20142, 4.7014258 ], [ -74.2014108, 4.7014342 ], [ -74.2014006, 4.7014413 ], [ -74.2013895, 4.7014469 ], [ -74.2013777, 4.7014508 ], [ -74.201345, 4.7014491 ], [ -74.2013122, 4.7014504 ], [ -74.2012928, 4.7014554 ], [ -74.201273, 4.7014571 ], [ -74.2012531, 4.7014554 ], [ -74.2012338, 4.7014504 ], [ -74.2012154, 4.7014524 ], [ -74.201197, 4.7014516 ], [ -74.201179, 4.701448 ], [ -74.2011223, 4.7014489 ], [ -74.201066, 4.7014558 ], [ -74.2010108, 4.7014688 ], [ -74.2008526, 4.7015099 ], [ -74.2008126, 4.7015243 ], [ -74.2007715, 4.701535 ], [ -74.2007296, 4.7015419 ], [ -74.2007221, 4.7015413 ], [ -74.2007147, 4.701542 ], [ -74.2007074, 4.7015439 ], [ -74.2007006, 4.701547 ], [ -74.2006944, 4.7015513 ], [ -74.200689, 4.7015565 ], [ -74.2005823, 4.7015958 ], [ -74.2005199, 4.7016171 ], [ -74.2004596, 4.7016439 ], [ -74.2004407, 4.7016523 ], [ -74.2004231, 4.7016633 ], [ -74.2004074, 4.7016767 ], [ -74.2003938, 4.7016923 ], [ -74.2003518, 4.7017226 ], [ -74.2003118, 4.7017556 ], [ -74.200274, 4.701791 ], [ -74.2002271, 4.7018335 ], [ -74.2001765, 4.7018714 ], [ -74.2001225, 4.7019043 ], [ -74.2000657, 4.701932 ], [ -74.200016, 4.7019567 ], [ -74.1999645, 4.7019776 ], [ -74.1999116, 4.7019945 ], [ -74.1998575, 4.7020072 ], [ -74.1998023, 4.7020238 ], [ -74.1997461, 4.7020363 ], [ -74.1996891, 4.7020449 ], [ -74.1996317, 4.7020494 ], [ -74.1995778, 4.7020549 ], [ -74.1995246, 4.702065 ], [ -74.1993564, 4.7020869 ], [ -74.1993068, 4.7020915 ], [ -74.1992578, 4.7021005 ], [ -74.1992098, 4.7021138 ], [ -74.1990429, 4.7021497 ], [ -74.1988822, 4.7021715 ], [ -74.1988358, 4.7021793 ], [ -74.1987902, 4.7021912 ], [ -74.1987099, 4.7021997 ], [ -74.1986294, 4.7022054 ], [ -74.1985774, 4.7022106 ], [ -74.1985251, 4.7022124 ], [ -74.1984858, 4.7022114 ], [ -74.1985176, 4.7023687 ], [ -74.1984074, 4.7023776 ], [ -74.1982055, 4.7023958 ], [ -74.1980626, 4.7024072 ], [ -74.1978608, 4.7024027 ], [ -74.1977886, 4.7024007 ], [ -74.1976974, 4.7023982 ], [ -74.1975636, 4.7024051 ], [ -74.1974706, 4.7024278 ], [ -74.1973255, 4.7024711 ], [ -74.1972825, 4.7024852 ], [ -74.1971803, 4.7025189 ], [ -74.1970374, 4.7025553 ], [ -74.196865, 4.7026145 ], [ -74.1967911, 4.7026324 ], [ -74.1967425, 4.7026441 ], [ -74.1964749, 4.7027375 ], [ -74.196367, 4.7027864 ], [ -74.1963343, 4.7028012 ], [ -74.1962757, 4.7028316 ], [ -74.1961891, 4.7028764 ], [ -74.1959328, 4.7029902 ], [ -74.1958118, 4.7030523 ], [ -74.1957287, 4.7030949 ], [ -74.1955473, 4.7032087 ], [ -74.1952705, 4.7033339 ], [ -74.1952249, 4.7033536 ], [ -74.1951504, 4.7031508 ], [ -74.195047, 4.7027165 ], [ -74.1949965, 4.7025004 ] ] ] } },
{ "type": "Feature", "properties": { "OBJECTID": 29.0, "SIMBOLO": "SU-Z3", "CLASE_SUEL": "URBANO", "VEREDA": null, "NOMBRE": "SU-Z3 Martínez Rico - Italcol", "Clase_Su_1": "URBANO", "Shape_Leng": 1321.41731957, "Shape_Area": 77942.768037000002, "CLAS_CIAF": "1a" }, "geometry": { "type": "Polygon", "coordinates": [ [ [ -74.193552, 4.7026092 ], [ -74.1935401, 4.7025486 ], [ -74.1935383, 4.7025489 ], [ -74.1935237, 4.7024844 ], [ -74.1935185, 4.7024615 ], [ -74.1935088, 4.7024184 ], [ -74.1934945, 4.7023556 ], [ -74.1934792, 4.7022879 ], [ -74.1934646, 4.7022232 ], [ -74.1934489, 4.7021542 ], [ -74.1934332, 4.7020846 ], [ -74.1934186, 4.7020202 ], [ -74.193412, 4.7019913 ], [ -74.1934042, 4.7019562 ], [ -74.1933888, 4.7018876 ], [ -74.1933888, 4.7018874 ], [ -74.1933385, 4.7016632 ], [ -74.1933385, 4.7016631 ], [ -74.1933243, 4.7015998 ], [ -74.1933106, 4.7015387 ], [ -74.1932962, 4.7014743 ], [ -74.1932816, 4.7014093 ], [ -74.1932665, 4.7013418 ], [ -74.1932525, 4.7012792 ], [ -74.1932524, 4.7012787 ], [ -74.1932375, 4.7012128 ], [ -74.1932286, 4.7011735 ], [ -74.1932141, 4.7011096 ], [ -74.1931997, 4.7010459 ], [ -74.1931856, 4.7009836 ], [ -74.1931854, 4.7009829 ], [ -74.1931515, 4.7008327 ], [ -74.1931518, 4.7008326 ], [ -74.1931368, 4.7007664 ], [ -74.1931229, 4.7007052 ], [ -74.1931075, 4.7006375 ], [ -74.1930929, 4.7005733 ], [ -74.193079, 4.7005114 ], [ -74.1930654, 4.7004516 ], [ -74.1930507, 4.7003861 ], [ -74.1930355, 4.7003187 ], [ -74.1930203, 4.7002519 ], [ -74.1930065, 4.7001908 ], [ -74.192992, 4.7001266 ], [ -74.1929219, 4.6998156 ], [ -74.1929076, 4.6997519 ], [ -74.1928918, 4.6996821 ], [ -74.1928914, 4.6996802 ], [ -74.1928769, 4.6996172 ], [ -74.1928621, 4.6995527 ], [ -74.1928475, 4.6994894 ], [ -74.192833, 4.6994264 ], [ -74.1928177, 4.6993601 ], [ -74.1928096, 4.6993175 ], [ -74.194245, 4.6992428 ], [ -74.1943155, 4.6996477 ], [ -74.1945089, 4.7004557 ], [ -74.1947135, 4.7012958 ], [ -74.1948762, 4.7019846 ], [ -74.1948877, 4.702034 ], [ -74.1949138, 4.7021459 ], [ -74.1949965, 4.7025004 ], [ -74.195047, 4.7027165 ], [ -74.1951504, 4.7031508 ], [ -74.1952249, 4.7033536 ], [ -74.1951753, 4.7033749 ], [ -74.194987, 4.7034387 ], [ -74.1948646, 4.7034819 ], [ -74.1948393, 4.7034927 ], [ -74.1946672, 4.7035662 ], [ -74.1944744, 4.7036549 ], [ -74.1944117, 4.7036732 ], [ -74.1943951, 4.7036779 ], [ -74.1943724, 4.7036845 ], [ -74.194107, 4.7038302 ], [ -74.1940914, 4.7038382 ], [ -74.194014, 4.703878 ], [ -74.1938625, 4.7039753 ], [ -74.1938334, 4.7038762 ], [ -74.1937747, 4.7036162 ], [ -74.1937701, 4.7035957 ], [ -74.1937613, 4.7035568 ], [ -74.193761, 4.7035555 ], [ -74.193761, 4.7035555 ], [ -74.1937473, 4.7034933 ], [ -74.1937335, 4.7034302 ], [ -74.1937196, 4.7033668 ], [ -74.1937063, 4.7033065 ], [ -74.193692, 4.7032415 ], [ -74.1936876, 4.7032212 ], [ -74.1936779, 4.7031775 ], [ -74.1936683, 4.7031334 ], [ -74.1936644, 4.703116 ], [ -74.1936507, 4.7030533 ], [ -74.1936371, 4.7029916 ], [ -74.1936232, 4.702928 ], [ -74.1936209, 4.7029178 ], [ -74.1936072, 4.7028556 ], [ -74.1935887, 4.7027713 ], [ -74.193552, 4.7026092 ] ] ] } },
{ "type": "Feature", "properties": { "OBJECTID": 30.0, "SIMBOLO": "SE-Z4B", "CLASE_SUEL": "EXPANSIÓN", "VEREDA": null, "NOMBRE": "SE-Z4B Centro Agroindustrial - Z1", "Clase_Su_1": "EXPANSIÓN", "Shape_Leng": 2969.5257160199999, "Shape_Area": 550709.48331399995, "CLAS_CIAF": "1a" }, "geometry": { "type": "Polygon", "coordinates": [ [ [ -74.1868093, 4.7044589 ], [ -74.186552, 4.7020259 ], [ -74.1864707, 4.7012221 ], [ -74.1863872, 4.7003964 ], [ -74.1863118, 4.6996892 ], [ -74.1863258, 4.6996879 ], [ -74.1863265, 4.6996879 ], [ -74.187722, 4.6996575 ], [ -74.189461, 4.6995714 ], [ -74.1902131, 4.6994627 ], [ -74.1914601, 4.6993925 ], [ -74.1928096, 4.6993175 ], [ -74.1928177, 4.6993601 ], [ -74.192833, 4.6994264 ], [ -74.1928475, 4.6994894 ], [ -74.1928621, 4.6995527 ], [ -74.1928769, 4.6996172 ], [ -74.1928914, 4.6996802 ], [ -74.1928918, 4.6996821 ], [ -74.1929076, 4.6997519 ], [ -74.1929219, 4.6998156 ], [ -74.192992, 4.7001266 ], [ -74.1930065, 4.7001908 ], [ -74.1930203, 4.7002519 ], [ -74.1930355, 4.7003187 ], [ -74.1930507, 4.7003861 ], [ -74.1930654, 4.7004516 ], [ -74.193079, 4.7005114 ], [ -74.1930929, 4.7005733 ], [ -74.1931075, 4.7006375 ], [ -74.1931229, 4.7007052 ], [ -74.1931368, 4.7007664 ], [ -74.1931518, 4.7008326 ], [ -74.1931515, 4.7008327 ], [ -74.1931854, 4.7009829 ], [ -74.1931856, 4.7009836 ], [ -74.1931997, 4.7010459 ], [ -74.1932141, 4.7011096 ], [ -74.1932286, 4.7011735 ], [ -74.1932375, 4.7012128 ], [ -74.1932524, 4.7012787 ], [ -74.1932525, 4.7012792 ], [ -74.1932665, 4.7013418 ], [ -74.1932816, 4.7014093 ], [ -74.1932962, 4.7014743 ], [ -74.1933106, 4.7015387 ], [ -74.1933243, 4.7015998 ], [ -74.1933385, 4.7016631 ], [ -74.1933385, 4.7016632 ], [ -74.1933888, 4.7018874 ], [ -74.1933888, 4.7018876 ], [ -74.1934042, 4.7019562 ], [ -74.193412, 4.7019913 ], [ -74.1934186, 4.7020202 ], [ -74.1934332, 4.7020846 ], [ -74.1934489, 4.7021542 ], [ -74.1934646, 4.7022232 ], [ -74.1934792, 4.7022879 ], [ -74.1934945, 4.7023556 ], [ -74.1935088, 4.7024184 ], [ -74.1935185, 4.7024615 ], [ -74.1935237, 4.7024844 ], [ -74.1935383, 4.7025489 ], [ -74.1935401, 4.7025486 ], [ -74.193552, 4.7026092 ], [ -74.1935887, 4.7027713 ], [ -74.1936072, 4.7028556 ], [ -74.1936209, 4.7029178 ], [ -74.1936232, 4.702928 ], [ -74.1936371, 4.7029916 ], [ -74.1936507, 4.7030533 ], [ -74.1936644, 4.703116 ], [ -74.1936683, 4.7031334 ], [ -74.1936779, 4.7031775 ], [ -74.1936876, 4.7032212 ], [ -74.193692, 4.7032415 ], [ -74.1937063, 4.7033065 ], [ -74.1937196, 4.7033668 ], [ -74.1937335, 4.7034302 ], [ -74.1937473, 4.7034933 ], [ -74.193761, 4.7035555 ], [ -74.193761, 4.7035555 ], [ -74.1937613, 4.7035568 ], [ -74.1937701, 4.7035957 ], [ -74.1937747, 4.7036162 ], [ -74.1938334, 4.7038762 ], [ -74.1938625, 4.7039753 ], [ -74.1938053, 4.704012 ], [ -74.1937623, 4.7040397 ], [ -74.1936715, 4.7040943 ], [ -74.1935423, 4.7041922 ], [ -74.1934379, 4.7042832 ], [ -74.193345, 4.7043743 ], [ -74.1932311, 4.7044518 ], [ -74.1932179, 4.7044608 ], [ -74.1931363, 4.7045427 ], [ -74.1930229, 4.7046542 ], [ -74.1928982, 4.7047612 ], [ -74.1927076, 4.7048773 ], [ -74.1925761, 4.7049706 ], [ -74.1923924, 4.7051254 ], [ -74.1923017, 4.705221 ], [ -74.1921928, 4.7053166 ], [ -74.1920839, 4.7053849 ], [ -74.1919184, 4.705476 ], [ -74.19178, 4.7055374 ], [ -74.1917233, 4.705567 ], [ -74.1916769, 4.7055873 ], [ -74.1915147, 4.7056581 ], [ -74.1912901, 4.7057696 ], [ -74.1910429, 4.7059085 ], [ -74.1909112, 4.7059939 ], [ -74.1908569, 4.7060291 ], [ -74.1908252, 4.7060484 ], [ -74.1907707, 4.7060815 ], [ -74.1907049, 4.7061065 ], [ -74.1905847, 4.7061543 ], [ -74.1904849, 4.7061794 ], [ -74.1903851, 4.7062181 ], [ -74.1902899, 4.7062704 ], [ -74.1902445, 4.7062909 ], [ -74.190122, 4.7063387 ], [ -74.1899451, 4.7064116 ], [ -74.1897659, 4.7065004 ], [ -74.1896457, 4.7065482 ], [ -74.1895459, 4.706571 ], [ -74.1894915, 4.7066028 ], [ -74.1892579, 4.7066711 ], [ -74.1890923, 4.7067167 ], [ -74.1889993, 4.7067531 ], [ -74.1888587, 4.7068214 ], [ -74.1887112, 4.7069034 ], [ -74.1886046, 4.7069648 ], [ -74.1884867, 4.7070172 ], [ -74.1883869, 4.7070513 ], [ -74.1882531, 4.7071105 ], [ -74.1880376, 4.707213 ], [ -74.1879333, 4.7072676 ], [ -74.1878562, 4.7073199 ], [ -74.1877745, 4.7073518 ], [ -74.187704, 4.7073679 ], [ -74.1876747, 4.7073746 ], [ -74.1875908, 4.7073951 ], [ -74.1874343, 4.7074133 ], [ -74.1871757, 4.7074543 ], [ -74.1871006, 4.7074679 ], [ -74.1870995, 4.7074063 ], [ -74.1870982, 4.7073923 ], [ -74.1870476, 4.7068996 ], [ -74.1870337, 4.7067456 ], [ -74.187025, 4.7066513 ], [ -74.186992, 4.7062934 ], [ -74.1869034, 4.7053759 ], [ -74.1868093, 4.7044589 ] ] ] } },
{ "type": "Feature", "properties": { "OBJECTID": 31.0, "SIMBOLO": "SR-DAT-Z4", "CLASE_SUEL": "RURAL", "VEREDA": null, "NOMBRE": "SP-RB Suelo de Protección Río Bogotá", "Clase_Su_1": "RURAL", "Shape_Leng": 3923.5414852899999, "Shape_Area": 511672.84417300002, "CLAS_CIAF": "2c" }, "geometry": { "type": "Polygon", "coordinates": [ [ [ -74.1745183, 4.7005973 ], [ -74.1737984, 4.7005646 ], [ -74.1730103, 4.7006237 ], [ -74.172028, 4.7007406 ], [ -74.1710172, 4.7008574 ], [ -74.170428, 4.7009659 ], [ -74.1702921, 4.7009909 ], [ -74.1702021, 4.7009957 ], [ -74.1695519, 4.70103 ], [ -74.169384, 4.7010388 ], [ -74.1692122, 4.70085 ], [ -74.1691373, 4.7005752 ], [ -74.1691934, 4.7000994 ], [ -74.1692601, 4.6993083 ], [ -74.1696187, 4.6987516 ], [ -74.17024, 4.6981255 ], [ -74.1710324, 4.6974589 ], [ -74.1717225, 4.6969473 ], [ -74.1723067, 4.6963657 ], [ -74.1726199, 4.6963283 ], [ -74.1728076, 4.696382 ], [ -74.1729858, 4.6964391 ], [ -74.1731545, 4.6964956 ], [ -74.173412, 4.6964639 ], [ -74.17362, 4.696347 ], [ -74.1739933, 4.6961372 ], [ -74.1742818, 4.6959563 ], [ -74.1745296, 4.6958432 ], [ -74.1748358, 4.6956974 ], [ -74.1751447, 4.6955379 ], [ -74.175105, 4.6957868 ], [ -74.1750993, 4.6959642 ], [ -74.1750892, 4.69608 ], [ -74.1750207, 4.6967136 ], [ -74.1750152, 4.6967647 ], [ -74.1750113, 4.6967987 ], [ -74.1749911, 4.6969654 ], [ -74.1749711, 4.6971304 ], [ -74.1749677, 4.6971573 ], [ -74.1749389, 4.6973325 ], [ -74.1748988, 4.6975054 ], [ -74.1748475, 4.6976753 ], [ -74.1747851, 4.6978414 ], [ -74.1747571, 4.6979035 ], [ -74.1751934, 4.6979618 ], [ -74.175255, 4.69797 ], [ -74.1754253, 4.6979984 ], [ -74.1755976, 4.6980387 ], [ -74.175767, 4.6980902 ], [ -74.1759172, 4.6981463 ], [ -74.1768535, 4.6985286 ], [ -74.1768689, 4.6985349 ], [ -74.1770301, 4.6986081 ], [ -74.1771861, 4.6986918 ], [ -74.1773364, 4.6987855 ], [ -74.1773714, 4.6988107 ], [ -74.1774802, 4.6988889 ], [ -74.1776063, 4.6989921 ], [ -74.1779227, 4.6992675 ], [ -74.1785459, 4.6998099 ], [ -74.1785566, 4.6998193 ], [ -74.1786642, 4.6999192 ], [ -74.1787422, 4.6999957 ], [ -74.179069, 4.7003162 ], [ -74.1790906, 4.7003376 ], [ -74.1792116, 4.7004672 ], [ -74.1793239, 4.7006044 ], [ -74.179427, 4.7007487 ], [ -74.1795204, 4.7008994 ], [ -74.1796039, 4.701056 ], [ -74.1796769, 4.7012177 ], [ -74.1797393, 4.7013838 ], [ -74.1797907, 4.7015537 ], [ -74.1798309, 4.7017266 ], [ -74.1798597, 4.7019017 ], [ -74.1798771, 4.7020784 ], [ -74.1798804, 4.7021404 ], [ -74.1799031, 4.702672 ], [ -74.1799055, 4.7027874 ], [ -74.1798998, 4.7029649 ], [ -74.1798825, 4.7031416 ], [ -74.1798537, 4.7033167 ], [ -74.1798135, 4.7034896 ], [ -74.1797622, 4.7036595 ], [ -74.1797153, 4.7037873 ], [ -74.1795647, 4.7041688 ], [ -74.1795492, 4.7042071 ], [ -74.1794762, 4.7043689 ], [ -74.1793928, 4.7045254 ], [ -74.1792994, 4.7046762 ], [ -74.1791963, 4.7048205 ], [ -74.1790841, 4.7049578 ], [ -74.1790354, 4.7050097 ], [ -74.1790377, 4.7050213 ], [ -74.1790408, 4.7050345 ], [ -74.1790417, 4.7050386 ], [ -74.1790421, 4.7050399 ], [ -74.1790431, 4.7050443 ], [ -74.1790499, 4.705067 ], [ -74.1790507, 4.7050693 ], [ -74.1790517, 4.7050727 ], [ -74.1790553, 4.7050819 ], [ -74.1790599, 4.7050948 ], [ -74.1790625, 4.7051009 ], [ -74.1790644, 4.7051058 ], [ -74.1790682, 4.7051138 ], [ -74.1790717, 4.7051219 ], [ -74.1790769, 4.7051326 ], [ -74.1790912, 4.7051585 ], [ -74.179098, 4.7051692 ], [ -74.1791005, 4.7051735 ], [ -74.1791039, 4.7051784 ], [ -74.1791071, 4.7051834 ], [ -74.1791123, 4.7051905 ], [ -74.1791174, 4.7051978 ], [ -74.1791211, 4.7052024 ], [ -74.1791246, 4.7052072 ], [ -74.1791303, 4.705214 ], [ -74.1791358, 4.7052209 ], [ -74.1791398, 4.7052253 ], [ -74.1791436, 4.7052298 ], [ -74.1791497, 4.7052362 ], [ -74.1791557, 4.7052428 ], [ -74.179164, 4.7052511 ], [ -74.1791813, 4.7052672 ], [ -74.1791847, 4.7052701 ], [ -74.1791858, 4.7052711 ], [ -74.1791995, 4.7052823 ], [ -74.1792157, 4.7052945 ], [ -74.1791472, 4.7053587 ], [ -74.179132, 4.7053737 ], [ -74.1791068, 4.7054019 ], [ -74.1789683, 4.7055709 ], [ -74.1789679, 4.7055713 ], [ -74.1789663, 4.7055733 ], [ -74.1787521, 4.7058624 ], [ -74.1783179, 4.7055643 ], [ -74.1782575, 4.7055235 ], [ -74.1782121, 4.705371 ], [ -74.1780782, 4.7049636 ], [ -74.1779602, 4.7046268 ], [ -74.1779035, 4.7044539 ], [ -74.1777333, 4.7041034 ], [ -74.1777084, 4.7040602 ], [ -74.1776494, 4.7040488 ], [ -74.177536, 4.703976 ], [ -74.1774135, 4.7039009 ], [ -74.1773182, 4.7037371 ], [ -74.1772433, 4.7036188 ], [ -74.1771571, 4.7034527 ], [ -74.1769783, 4.703179 ], [ -74.177063, 4.7030963 ], [ -74.1771142, 4.7029757 ], [ -74.1771409, 4.7028863 ], [ -74.1771457, 4.7028671 ], [ -74.1770247, 4.7025746 ], [ -74.1768693, 4.7020821 ], [ -74.1767759, 4.7018366 ], [ -74.1767429, 4.7017499 ], [ -74.1761421, 4.7013043 ], [ -74.1760773, 4.7012702 ], [ -74.1758425, 4.7011467 ], [ -74.1757189, 4.7010818 ], [ -74.1753139, 4.7008658 ], [ -74.1753015, 4.7008592 ], [ -74.1745183, 4.7005973 ] ] ] } },
{ "type": "Feature", "properties": { "OBJECTID": 32.0, "SIMBOLO": "SU-Z4", "CLASE_SUEL": "URBANO", "VEREDA": null, "NOMBRE": "SU-Z4 Industrias San Carlos", "Clase_Su_1": "URBANO", "Shape_Leng": 2423.2888112700002, "Shape_Area": 305490.94532399997, "CLAS_CIAF": "1a" }, "geometry": { "type": "Polygon", "coordinates": [ [ [ -74.1855493, 4.7072793 ], [ -74.1854677, 4.7072725 ], [ -74.1854064, 4.7072816 ], [ -74.1853429, 4.7072816 ], [ -74.1852613, 4.7072771 ], [ -74.1851297, 4.7072839 ], [ -74.1850367, 4.7072999 ], [ -74.1849255, 4.707309 ], [ -74.1847373, 4.7073045 ], [ -74.1845876, 4.7072977 ], [ -74.1845104, 4.7072908 ], [ -74.1844016, 4.7072522 ], [ -74.1842972, 4.7072294 ], [ -74.1841248, 4.7072158 ], [ -74.1837869, 4.7072295 ], [ -74.1837265, 4.7072411 ], [ -74.1837215, 4.707207 ], [ -74.1836716, 4.706551 ], [ -74.1836548, 4.7063297 ], [ -74.1836385, 4.706115 ], [ -74.1835549, 4.7050164 ], [ -74.1833601, 4.7027248 ], [ -74.1833001, 4.7020312 ], [ -74.1831442, 4.6997535 ], [ -74.1863118, 4.6996892 ], [ -74.1863872, 4.7003964 ], [ -74.1864707, 4.7012221 ], [ -74.186552, 4.7020259 ], [ -74.1868093, 4.7044589 ], [ -74.1869034, 4.7053759 ], [ -74.186992, 4.7062934 ], [ -74.187025, 4.7066513 ], [ -74.1870337, 4.7067456 ], [ -74.1870476, 4.7068996 ], [ -74.1870982, 4.7073923 ], [ -74.1870995, 4.7074063 ], [ -74.1871006, 4.7074679 ], [ -74.1870623, 4.7074748 ], [ -74.1870228, 4.7074764 ], [ -74.1869489, 4.7074794 ], [ -74.1867583, 4.707468 ], [ -74.1866268, 4.707443 ], [ -74.1865497, 4.7074385 ], [ -74.1864476, 4.7074339 ], [ -74.1863296, 4.707418 ], [ -74.1862162, 4.7073885 ], [ -74.1860506, 4.7073612 ], [ -74.1860301, 4.7073561 ], [ -74.1859485, 4.7073362 ], [ -74.1858011, 4.707302 ], [ -74.1856877, 4.7072907 ], [ -74.1855493, 4.7072793 ] ] ] } },
{ "type": "Feature", "properties": { "OBJECTID": 33.0, "SIMBOLO": "SE-Z5B", "CLASE_SUEL": "EXPANSIÓN", "VEREDA": null, "NOMBRE": "SE-Z5B Centro Agroindustrial - Z2", "Clase_Su_1": "EXPANSIÓN", "Shape_Leng": 1760.4760917399999, "Shape_Area": 88578.314927400002, "CLAS_CIAF": "1a" }, "geometry": { "type": "Polygon", "coordinates": [ [ [ -74.1749711, 4.6971304 ], [ -74.1749911, 4.6969654 ], [ -74.1754965, 4.6970741 ], [ -74.1763354, 4.6973454 ], [ -74.1771774, 4.6976382 ], [ -74.1781566, 4.6979787 ], [ -74.1796975, 4.6985102 ], [ -74.1803063, 4.6989119 ], [ -74.1806561, 4.6991612 ], [ -74.18075, 4.6991982 ], [ -74.1809773, 4.6992877 ], [ -74.1811959, 4.6993719 ], [ -74.1814708, 4.6994776 ], [ -74.181726, 4.6996703 ], [ -74.1815696, 4.6996766 ], [ -74.1815615, 4.6996775 ], [ -74.1814454, 4.6996899 ], [ -74.1813558, 4.6996995 ], [ -74.1813057, 4.6997026 ], [ -74.1810944, 4.6997261 ], [ -74.1803291, 4.6998096 ], [ -74.1787422, 4.6999957 ], [ -74.1786642, 4.6999192 ], [ -74.1785566, 4.6998193 ], [ -74.1785459, 4.6998099 ], [ -74.1779227, 4.6992675 ], [ -74.1776063, 4.6989921 ], [ -74.1774802, 4.6988889 ], [ -74.1773714, 4.6988107 ], [ -74.1773364, 4.6987855 ], [ -74.1771861, 4.6986918 ], [ -74.1770301, 4.6986081 ], [ -74.1768689, 4.6985349 ], [ -74.1768535, 4.6985286 ], [ -74.1759172, 4.6981463 ], [ -74.175767, 4.6980902 ], [ -74.1755976, 4.6980387 ], [ -74.1754253, 4.6979984 ], [ -74.175255, 4.69797 ], [ -74.1751934, 4.6979618 ], [ -74.1747571, 4.6979035 ], [ -74.1747851, 4.6978414 ], [ -74.1748475, 4.6976753 ], [ -74.1748988, 4.6975054 ], [ -74.1749389, 4.6973325 ], [ -74.1749677, 4.6971573 ], [ -74.1749711, 4.6971304 ] ] ] } },
{ "type": "Feature", "properties": { "OBJECTID": 34.0, "SIMBOLO": "SE-Z5C", "CLASE_SUEL": "EXPANSIÓN", "VEREDA": null, "NOMBRE": "SE-Z5C Centro Agroindustrial - Z2", "Clase_Su_1": "EXPANSIÓN", "Shape_Leng": 1562.9826422399999, "Shape_Area": 100469.07169500001, "CLAS_CIAF": "1a" }, "geometry": { "type": "Polygon", "coordinates": [ [ [ -74.1750207, 4.6967136 ], [ -74.1750892, 4.69608 ], [ -74.1750993, 4.6959642 ], [ -74.175105, 4.6957868 ], [ -74.1751447, 4.6955379 ], [ -74.1756077, 4.6952897 ], [ -74.176207, 4.6950585 ], [ -74.1766278, 4.695063 ], [ -74.1771011, 4.6952318 ], [ -74.1775371, 4.6955483 ], [ -74.1778848, 4.6959552 ], [ -74.1787969, 4.6970221 ], [ -74.1793001, 4.6976082 ], [ -74.1797035, 4.6980863 ], [ -74.1800443, 4.6985113 ], [ -74.1803063, 4.6989119 ], [ -74.1796975, 4.6985102 ], [ -74.1781566, 4.6979787 ], [ -74.1771774, 4.6976382 ], [ -74.1763354, 4.6973454 ], [ -74.1754965, 4.6970741 ], [ -74.1749911, 4.6969654 ], [ -74.1750113, 4.6967987 ], [ -74.1750152, 4.6967647 ], [ -74.1750207, 4.6967136 ] ] ] } },
{ "type": "Feature", "properties": { "OBJECTID": 35.0, "SIMBOLO": "SR-DR-Z2", "CLASE_SUEL": "RURAL", "VEREDA": "LA ISLA", "NOMBRE": "Antes SSB-Z5 Escuela Penitenciaria", "Clase_Su_1": "RURAL", "Shape_Leng": 988.04660121061227, "Shape_Area": 52874.913241399998, "CLAS_CIAF": "1b" }, "geometry": { "type": "Polygon", "coordinates": [ [ [ -74.1921758, 4.7354032 ], [ -74.1917329, 4.734927 ], [ -74.191089, 4.7342515 ], [ -74.1913742, 4.7339842 ], [ -74.1915961, 4.733763 ], [ -74.1920311, 4.7333484 ], [ -74.1924793, 4.7329206 ], [ -74.1928443, 4.7325602 ], [ -74.1931395, 4.7322883 ], [ -74.1932316, 4.7322035 ], [ -74.193266, 4.7322662 ], [ -74.1933436, 4.7323979 ], [ -74.1934195, 4.7325471 ], [ -74.1934544, 4.7325995 ], [ -74.1934844, 4.7326551 ], [ -74.1935446, 4.7327201 ], [ -74.1936316, 4.7328249 ], [ -74.1937376, 4.7329391 ], [ -74.1938389, 4.7330391 ], [ -74.1939465, 4.7331232 ], [ -74.1940477, 4.7331978 ], [ -74.1940968, 4.7332168 ], [ -74.1941711, 4.733274 ], [ -74.1941789, 4.7332809 ], [ -74.1940125, 4.7334477 ], [ -74.1939004, 4.7335601 ], [ -74.1935989, 4.7338829 ], [ -74.1928768, 4.7346537 ], [ -74.1922308, 4.7353444 ], [ -74.1921758, 4.7354032 ] ] ] } },
{ "type": "Feature", "properties": { "OBJECTID": 36.0, "SIMBOLO": "SR-DR-Z4", "CLASE_SUEL": "RURAL", "VEREDA": "LA FLORIDA", "NOMBRE": "Antes SSB-Z6 Club Golf La Florida - Granjas", "Clase_Su_1": "RURAL", "Shape_Leng": 2993.9629482199998, "Shape_Area": 501472.56912200002, "CLAS_CIAF": "2b" }, "geometry": { "type": "Polygon", "coordinates": [ [ [ -74.1498643, 4.7313242 ], [ -74.1499177, 4.7309399 ], [ -74.1500305, 4.7304364 ], [ -74.1501284, 4.729924 ], [ -74.1502204, 4.7295009 ], [ -74.1503243, 4.7291464 ], [ -74.1503689, 4.7288604 ], [ -74.1503956, 4.7287233 ], [ -74.1506865, 4.7282377 ], [ -74.1508944, 4.7278533 ], [ -74.1509805, 4.7277639 ], [ -74.1511438, 4.727606 ], [ -74.1514734, 4.7273319 ], [ -74.1517495, 4.7270846 ], [ -74.151895, 4.7269863 ], [ -74.1520554, 4.7269267 ], [ -74.1522246, 4.7268939 ], [ -74.1524236, 4.7267538 ], [ -74.1526878, 4.7266227 ], [ -74.1530353, 4.7264856 ], [ -74.1533292, 4.7263545 ], [ -74.1537539, 4.7262472 ], [ -74.1537753, 4.7262408 ], [ -74.1539439, 4.7261907 ], [ -74.1541547, 4.726128 ], [ -74.154642, 4.7259298 ], [ -74.1546769, 4.7259156 ], [ -74.1549883, 4.7257885 ], [ -74.155379, 4.7256984 ], [ -74.1558752, 4.7255765 ], [ -74.1563134, 4.7254335 ], [ -74.1565388, 4.7254039 ], [ -74.1565562, 4.7254017 ], [ -74.1566141, 4.7253803 ], [ -74.1566765, 4.7253982 ], [ -74.1567121, 4.7254518 ], [ -74.1567121, 4.7254929 ], [ -74.1567121, 4.7254994 ], [ -74.1567121, 4.7255233 ], [ -74.1567388, 4.7256603 ], [ -74.1567864, 4.7257229 ], [ -74.1568566, 4.7257548 ], [ -74.1569247, 4.7259182 ], [ -74.1571739, 4.7265224 ], [ -74.1572856, 4.7268114 ], [ -74.1576853, 4.7271213 ], [ -74.1580799, 4.7274207 ], [ -74.1587886, 4.7279727 ], [ -74.1594687, 4.7284883 ], [ -74.1594923, 4.7285124 ], [ -74.1594681, 4.7286355 ], [ -74.1594632, 4.7288036 ], [ -74.1594689, 4.7289528 ], [ -74.1594862, 4.7290854 ], [ -74.1595034, 4.7291868 ], [ -74.1595124, 4.7292197 ], [ -74.1591656, 4.7293648 ], [ -74.1588108, 4.7295114 ], [ -74.1583159, 4.7297223 ], [ -74.1580487, 4.7298337 ], [ -74.1577202, 4.7299685 ], [ -74.1572267, 4.730181 ], [ -74.1568471, 4.7303392 ], [ -74.1565332, 4.7304696 ], [ -74.1563609, 4.7305414 ], [ -74.1561828, 4.7306147 ], [ -74.1559098, 4.7307304 ], [ -74.1557141, 4.7308125 ], [ -74.1556073, 4.7308546 ], [ -74.1555915, 4.7308608 ], [ -74.155498, 4.7309033 ], [ -74.1553608, 4.7309619 ], [ -74.1552119, 4.7310234 ], [ -74.1551111, 4.731063 ], [ -74.1550586, 4.731085 ], [ -74.1549681, 4.7311231 ], [ -74.1548571, 4.7311685 ], [ -74.1547242, 4.7312227 ], [ -74.1546542, 4.7312535 ], [ -74.1545651, 4.731293 ], [ -74.1544804, 4.7313238 ], [ -74.1544001, 4.7313575 ], [ -74.1543242, 4.7313897 ], [ -74.1542176, 4.7314366 ], [ -74.1540702, 4.7314952 ], [ -74.1539869, 4.7315304 ], [ -74.1538161, 4.7315993 ], [ -74.1536424, 4.7316696 ], [ -74.1535343, 4.7317194 ], [ -74.153381, 4.7317824 ], [ -74.1532701, 4.7318322 ], [ -74.1531387, 4.7318791 ], [ -74.1530832, 4.731907 ], [ -74.1529766, 4.7319597 ], [ -74.1528832, 4.7319905 ], [ -74.1528248, 4.7320081 ], [ -74.1527445, 4.7320374 ], [ -74.1526116, 4.7320916 ], [ -74.1524933, 4.7321428 ], [ -74.1523736, 4.7321824 ], [ -74.1523254, 4.7321941 ], [ -74.1522714, 4.7322103 ], [ -74.1522349, 4.7322278 ], [ -74.1521736, 4.7322454 ], [ -74.1520831, 4.7322586 ], [ -74.151975, 4.7322586 ], [ -74.151883, 4.7322601 ], [ -74.1517735, 4.7322513 ], [ -74.1516772, 4.7322352 ], [ -74.1515837, 4.7322235 ], [ -74.1515063, 4.7322191 ], [ -74.1514377, 4.7322235 ], [ -74.1513501, 4.732225 ], [ -74.1512917, 4.7322382 ], [ -74.1512114, 4.732247 ], [ -74.1511092, 4.7322602 ], [ -74.1510493, 4.7322734 ], [ -74.1509778, 4.7322953 ], [ -74.150915, 4.7323159 ], [ -74.150869, 4.7323287 ], [ -74.1508625, 4.7323305 ], [ -74.150826, 4.7323481 ], [ -74.1507573, 4.7323642 ], [ -74.150696, 4.7324038 ], [ -74.1506478, 4.7324228 ], [ -74.1505821, 4.7324521 ], [ -74.1504741, 4.7325063 ], [ -74.1504099, 4.732543 ], [ -74.150296, 4.7325942 ], [ -74.1501748, 4.7326323 ], [ -74.1500492, 4.7326734 ], [ -74.1498817, 4.7327369 ], [ -74.1498652, 4.732703 ], [ -74.149844, 4.7326593 ], [ -74.1498039, 4.7325923 ], [ -74.1497705, 4.7324984 ], [ -74.149737, 4.7323711 ], [ -74.1496836, 4.7320985 ], [ -74.1496747, 4.7320091 ], [ -74.1496724, 4.7318482 ], [ -74.1496167, 4.7318505 ], [ -74.1496724, 4.731694 ], [ -74.1497811, 4.7315298 ], [ -74.1498643, 4.7313242 ] ] ] } },
{ "type": "Feature", "properties": { "OBJECTID": 37.0, "SIMBOLO": null, "CLASE_SUEL": "CORREDOR VIAL SERVICIOS RURALES", "VEREDA": "LA ISLA", "NOMBRE": "Corredor Vial Servicios Rurales Sector 2", "Clase_Su_1": "RURAL - SUB-URBANO", "Shape_Leng": 3775.1941957099998, "Shape_Area": 329939.788826, "CLAS_CIAF": "1b" }, "geometry": { "type": "Polygon", "coordinates": [ [ [ -74.1903526, 4.7278074 ], [ -74.1908464, 4.7273177 ], [ -74.191111, 4.7270433 ], [ -74.1914185, 4.7267223 ], [ -74.1914755, 4.7266628 ], [ -74.1916979, 4.7264412 ], [ -74.1918752, 4.7262645 ], [ -74.1923544, 4.7257896 ], [ -74.1928423, 4.725291 ], [ -74.1930775, 4.7250462 ], [ -74.1930783, 4.7250455 ], [ -74.1931892, 4.724943 ], [ -74.1934204, 4.724717 ], [ -74.1935272, 4.7246126 ], [ -74.1937502, 4.7243906 ], [ -74.1937856, 4.7244721 ], [ -74.1938042, 4.7245563 ], [ -74.1938275, 4.7246373 ], [ -74.1938462, 4.7246981 ], [ -74.1938586, 4.7247262 ], [ -74.1938882, 4.7247808 ], [ -74.1939333, 4.724854 ], [ -74.1939659, 4.7249258 ], [ -74.1940001, 4.7249975 ], [ -74.1940258, 4.7250611 ], [ -74.1942206, 4.725533 ], [ -74.1942932, 4.7256973 ], [ -74.1942952, 4.7257472 ], [ -74.1943229, 4.725804 ], [ -74.1943367, 4.7258324 ], [ -74.1943968, 4.7259342 ], [ -74.1944694, 4.726061 ], [ -74.1944802, 4.7260839 ], [ -74.1944961, 4.7261172 ], [ -74.1945357, 4.7262003 ], [ -74.1945751, 4.7263292 ], [ -74.1946435, 4.7265412 ], [ -74.1946845, 4.7266787 ], [ -74.1947347, 4.7268468 ], [ -74.1947771, 4.7269857 ], [ -74.1947254, 4.727007 ], [ -74.1944149, 4.727135 ], [ -74.1939663, 4.7272755 ], [ -74.1937161, 4.7273722 ], [ -74.193425, 4.7273575 ], [ -74.1932879, 4.7273506 ], [ -74.1911175, 4.729513 ], [ -74.1911427, 4.7295702 ], [ -74.1909746, 4.729738 ], [ -74.1909139, 4.7297984 ], [ -74.1893607, 4.7313479 ], [ -74.188479, 4.7322275 ], [ -74.1880699, 4.7326356 ], [ -74.1879192, 4.732786 ], [ -74.1877108, 4.7329868 ], [ -74.1864222, 4.7342288 ], [ -74.1861945, 4.7344437 ], [ -74.1842441, 4.7361772 ], [ -74.1842401, 4.7361821 ], [ -74.1841983, 4.7361486 ], [ -74.1839937, 4.7359857 ], [ -74.1838692, 4.7358926 ], [ -74.1835781, 4.7356662 ], [ -74.1833967, 4.7355413 ], [ -74.1833446, 4.7355071 ], [ -74.1832131, 4.7354207 ], [ -74.1831329, 4.7353424 ], [ -74.1829916, 4.7352155 ], [ -74.182852, 4.7350639 ], [ -74.1828906, 4.7350362 ], [ -74.183349, 4.7346265 ], [ -74.1835384, 4.7344537 ], [ -74.1837645, 4.7342473 ], [ -74.1839275, 4.7340986 ], [ -74.1845278, 4.7335728 ], [ -74.1848246, 4.7333078 ], [ -74.1848945, 4.7332639 ], [ -74.1850017, 4.7332013 ], [ -74.1850145, 4.7331938 ], [ -74.1852459, 4.732966 ], [ -74.1858397, 4.732368 ], [ -74.185861, 4.7323465 ], [ -74.1862544, 4.7319496 ], [ -74.1863502, 4.7318525 ], [ -74.1864465, 4.7317549 ], [ -74.1865305, 4.7316636 ], [ -74.1865636, 4.7316276 ], [ -74.1866851, 4.7315049 ], [ -74.186984, 4.7312028 ], [ -74.1874131, 4.7307721 ], [ -74.1875807, 4.7306073 ], [ -74.1877041, 4.730486 ], [ -74.1880539, 4.7301349 ], [ -74.1884949, 4.7296983 ], [ -74.1885257, 4.729668 ], [ -74.18857, 4.7296244 ], [ -74.1886477, 4.7295479 ], [ -74.1890797, 4.7291122 ], [ -74.1892444, 4.7289461 ], [ -74.1894972, 4.7286806 ], [ -74.1895059, 4.7286715 ], [ -74.1900234, 4.7281319 ], [ -74.1903526, 4.7278074 ] ] ] } },
{ "type": "Feature", "properties": { "OBJECTID": 38.0, "SIMBOLO": null, "CLASE_SUEL": "CORREDOR VIAL SERVICIOS RURALES", "VEREDA": "LA FLORIDA", "NOMBRE": "Corredor Vial Servicios Rurales Sector 2", "Clase_Su_1": "RURAL - SUB-URBANO", "Shape_Leng": 1330.47428924, "Shape_Area": 95522.684598699998, "CLAS_CIAF": "1b" }, "geometry": { "type": "Polygon", "coordinates": [ [ [ -74.1827725, 4.7325626 ], [ -74.1848591, 4.7306032 ], [ -74.1848663, 4.7306161 ], [ -74.1849032, 4.730683 ], [ -74.1851023, 4.7310439 ], [ -74.1853383, 4.7314535 ], [ -74.1856173, 4.7319792 ], [ -74.185618, 4.7319804 ], [ -74.185792, 4.732275 ], [ -74.1857971, 4.7322802 ], [ -74.185861, 4.7323465 ], [ -74.1858397, 4.732368 ], [ -74.1852459, 4.732966 ], [ -74.1850145, 4.7331938 ], [ -74.1850017, 4.7332013 ], [ -74.1848945, 4.7332639 ], [ -74.1848246, 4.7333078 ], [ -74.1845278, 4.7335728 ], [ -74.1839275, 4.7340986 ], [ -74.1837645, 4.7342473 ], [ -74.1835384, 4.7344537 ], [ -74.183349, 4.7346265 ], [ -74.1828906, 4.7350362 ], [ -74.182852, 4.7350639 ], [ -74.1828015, 4.7349927 ], [ -74.1827696, 4.7349335 ], [ -74.1823515, 4.7341289 ], [ -74.1820945, 4.7336289 ], [ -74.1819792, 4.7334058 ], [ -74.1819632, 4.7333748 ], [ -74.181945, 4.7333397 ], [ -74.1826716, 4.7326574 ], [ -74.1826735, 4.7326556 ], [ -74.1827036, 4.7326274 ], [ -74.1827274, 4.732605 ], [ -74.1827725, 4.7325626 ] ] ] } },
{ "type": "Feature", "properties": { "OBJECTID": 39.0, "SIMBOLO": "SSB-Z2-SE", "CLASE_SUEL": "SUB-URBANO EQUIPAMIENTO RECREATIVO E INSTITUCIONAL", "VEREDA": "LA ISLA", "NOMBRE": "Antes SSB-Z7 Subestación Eléctrica", "Clase_Su_1": "RURAL - SUB-URBANO", "Shape_Leng": 927.87483131850058, "Shape_Area": 56907.631936700003, "CLAS_CIAF": "1a" }, "geometry": { "type": "Polygon", "coordinates": [ [ [ -74.184879, 4.7683159 ], [ -74.1849788, 4.7678383 ], [ -74.1850885, 4.7678427 ], [ -74.1855059, 4.7678597 ], [ -74.1860713, 4.767885 ], [ -74.1868441, 4.7679151 ], [ -74.1868771, 4.7680195 ], [ -74.1869577, 4.7682559 ], [ -74.1869615, 4.7682671 ], [ -74.1870185, 4.7683983 ], [ -74.1870418, 4.7686078 ], [ -74.187103, 4.7689041 ], [ -74.1871346, 4.7690374 ], [ -74.1870946, 4.7692173 ], [ -74.187063, 4.7694459 ], [ -74.1869913, 4.7696427 ], [ -74.1868542, 4.7700639 ], [ -74.1871119, 4.7708046 ], [ -74.1846194, 4.7697124 ], [ -74.1845977, 4.769708 ], [ -74.1846118, 4.7696319 ], [ -74.1847158, 4.7691099 ], [ -74.1847804, 4.7688192 ], [ -74.184879, 4.7683159 ] ] ] } },
{ "type": "Feature", "properties": { "OBJECTID": 40.0, "SIMBOLO": null, "CLASE_SUEL": "SUB-URBANO AGROINDUSTRIAL", "VEREDA": "LA ISLA", "NOMBRE": "Dorado II", "Clase_Su_1": "RURAL - SUB-URBANO", "Shape_Leng": 2267.3508919599999, "Shape_Area": 208678.10902, "CLAS_CIAF": "1a" }, "geometry": { "type": "Polygon", "coordinates": [ [ [ -74.1851727, 4.7577635 ], [ -74.1851909, 4.7576351 ], [ -74.1851932, 4.757619 ], [ -74.1852264, 4.757373 ], [ -74.185258, 4.7572524 ], [ -74.1852587, 4.7572501 ], [ -74.1852928, 4.7571429 ], [ -74.1853339, 4.7569968 ], [ -74.1853861, 4.756827 ], [ -74.1854146, 4.7567127 ], [ -74.1854335, 4.756573 ], [ -74.1854667, 4.7563397 ], [ -74.1854936, 4.7561699 ], [ -74.1855189, 4.7560143 ], [ -74.1855192, 4.7560124 ], [ -74.1855584, 4.7557476 ], [ -74.1855884, 4.755581 ], [ -74.1856042, 4.7555064 ], [ -74.1856106, 4.7554159 ], [ -74.1855995, 4.7553381 ], [ -74.1855836, 4.7552762 ], [ -74.1855726, 4.7552524 ], [ -74.1854871, 4.7551763 ], [ -74.1852988, 4.7550303 ], [ -74.1850631, 4.7548366 ], [ -74.1849824, 4.7547811 ], [ -74.1845029, 4.7543955 ], [ -74.184188, 4.7541384 ], [ -74.1840314, 4.7540035 ], [ -74.1839206, 4.7539194 ], [ -74.1838415, 4.7538813 ], [ -74.1837213, 4.7538385 ], [ -74.183582, 4.7538083 ], [ -74.1834349, 4.7538036 ], [ -74.1833654, 4.7538048 ], [ -74.1834339, 4.7537846 ], [ -74.1835729, 4.753747 ], [ -74.183994, 4.7536331 ], [ -74.1841853, 4.7537092 ], [ -74.1844384, 4.7538164 ], [ -74.1845895, 4.7538763 ], [ -74.1850341, 4.754054 ], [ -74.1851251, 4.7540901 ], [ -74.18533, 4.7541714 ], [ -74.1855515, 4.7542603 ], [ -74.18561, 4.7542714 ], [ -74.1857572, 4.754284 ], [ -74.1858584, 4.7542935 ], [ -74.1858795, 4.7542955 ], [ -74.1859581, 4.754303 ], [ -74.1861353, 4.754303 ], [ -74.1862445, 4.7542919 ], [ -74.1863584, 4.7542792 ], [ -74.1864565, 4.7542807 ], [ -74.1866115, 4.7542982 ], [ -74.1867935, 4.7543267 ], [ -74.1869169, 4.7543331 ], [ -74.1870102, 4.7543299 ], [ -74.1870957, 4.7543108 ], [ -74.1871558, 4.7542918 ], [ -74.1872064, 4.7542727 ], [ -74.1872823, 4.7542378 ], [ -74.1873757, 4.754187 ], [ -74.1874579, 4.754133 ], [ -74.187507, 4.7541028 ], [ -74.1875687, 4.7540504 ], [ -74.1876177, 4.754025 ], [ -74.1876747, 4.7540107 ], [ -74.1877237, 4.7540107 ], [ -74.1877648, 4.7540187 ], [ -74.1878044, 4.754025 ], [ -74.1879009, 4.7540599 ], [ -74.1880085, 4.7540932 ], [ -74.1881382, 4.7541265 ], [ -74.1882648, 4.7541376 ], [ -74.188393, 4.7541217 ], [ -74.1884326, 4.7541171 ], [ -74.1884736, 4.7541122 ], [ -74.1886255, 4.7541042 ], [ -74.1887442, 4.7541058 ], [ -74.1888265, 4.7541217 ], [ -74.1889388, 4.7541566 ], [ -74.189029, 4.7541931 ], [ -74.1891761, 4.7542343 ], [ -74.1893391, 4.7542867 ], [ -74.1894261, 4.754312 ], [ -74.1895622, 4.7543581 ], [ -74.1896888, 4.7544009 ], [ -74.1897758, 4.7544326 ], [ -74.1898596, 4.754477 ], [ -74.1899277, 4.7545056 ], [ -74.1900209, 4.754528 ], [ -74.1901068, 4.7547726 ], [ -74.1901767, 4.7549675 ], [ -74.190275, 4.7551668 ], [ -74.1903667, 4.7553026 ], [ -74.1904824, 4.7554778 ], [ -74.1905414, 4.7556289 ], [ -74.1905611, 4.7557647 ], [ -74.1905349, 4.7558655 ], [ -74.1903712, 4.7561086 ], [ -74.190316, 4.7561932 ], [ -74.1902882, 4.7562357 ], [ -74.1901551, 4.7564197 ], [ -74.1900962, 4.7565599 ], [ -74.1900732, 4.7566349 ], [ -74.1900438, 4.7567307 ], [ -74.1900242, 4.756976 ], [ -74.1900195, 4.7571056 ], [ -74.1899339, 4.757116 ], [ -74.1898094, 4.7571482 ], [ -74.1895614, 4.7572101 ], [ -74.1890512, 4.7573209 ], [ -74.1888679, 4.7573608 ], [ -74.1885719, 4.7574252 ], [ -74.188382, 4.7574665 ], [ -74.1878934, 4.7575729 ], [ -74.1872648, 4.7577021 ], [ -74.1867657, 4.75781 ], [ -74.1867374, 4.7577127 ], [ -74.1861637, 4.7578461 ], [ -74.1853473, 4.7580304 ], [ -74.1851403, 4.7580814 ], [ -74.1851553, 4.7579159 ], [ -74.1851727, 4.7577635 ] ] ] } },
{ "type": "Feature", "properties": { "OBJECTID": 41.0, "SIMBOLO": "SSB-Z5-ZA", "CLASE_SUEL": "SUB-URBANO AGROINDUSTRIAL", "VEREDA": "LA FLORIDA", "NOMBRE": "San Antonio 2", "Clase_Su_1": "RURAL - SUB-URBANO", "Shape_Leng": 1520.4998972400001, "Shape_Area": 103876.5337, "CLAS_CIAF": "1a" }, "geometry": { "type": "Polygon", "coordinates": [ [ [ -74.1810897, 4.7316525 ], [ -74.1806509, 4.7307516 ], [ -74.1804925, 4.7304313 ], [ -74.1805652, 4.7304417 ], [ -74.1806457, 4.7304729 ], [ -74.1807339, 4.7305068 ], [ -74.1808429, 4.7305588 ], [ -74.1809649, 4.7306057 ], [ -74.1811285, 4.7306629 ], [ -74.1812661, 4.7307254 ], [ -74.1813777, 4.7307619 ], [ -74.18144, 4.7307879 ], [ -74.1815646, 4.7307801 ], [ -74.1816762, 4.7307462 ], [ -74.1817251, 4.7307217 ], [ -74.1816814, 4.7306316 ], [ -74.1817021, 4.7305952 ], [ -74.1817852, 4.7305665 ], [ -74.1818916, 4.7305014 ], [ -74.1819702, 4.730444 ], [ -74.1820629, 4.7303764 ], [ -74.1822913, 4.7301159 ], [ -74.1824496, 4.7299049 ], [ -74.1825828, 4.7300537 ], [ -74.1825922, 4.7300542 ], [ -74.1828441, 4.729832 ], [ -74.1833368, 4.7293807 ], [ -74.1833502, 4.7293684 ], [ -74.1838822, 4.7288969 ], [ -74.183922, 4.7288584 ], [ -74.1839342, 4.7288466 ], [ -74.1839352, 4.7288486 ], [ -74.1839548, 4.7288869 ], [ -74.1839842, 4.7289355 ], [ -74.1840352, 4.729043 ], [ -74.1840863, 4.7291326 ], [ -74.1841552, 4.7292478 ], [ -74.1842037, 4.7293541 ], [ -74.1843084, 4.7295653 ], [ -74.184362, 4.7296587 ], [ -74.1843734, 4.7296933 ], [ -74.1844283, 4.7298072 ], [ -74.1845177, 4.7299749 ], [ -74.1846147, 4.730172 ], [ -74.1847244, 4.7303602 ], [ -74.1848591, 4.7306032 ], [ -74.1827725, 4.7325626 ], [ -74.1827274, 4.732605 ], [ -74.1827036, 4.7326274 ], [ -74.1826735, 4.7326556 ], [ -74.1826716, 4.7326574 ], [ -74.181945, 4.7333397 ], [ -74.1818472, 4.7331504 ], [ -74.1817622, 4.7329858 ], [ -74.1817404, 4.7329427 ], [ -74.181517, 4.7325005 ], [ -74.1813701, 4.7322098 ], [ -74.1811935, 4.7318478 ], [ -74.1810897, 4.7316525 ] ] ] } },
{ "type": "Feature", "properties": { "OBJECTID": 42.0, "SIMBOLO": "SR-DR-Z3", "CLASE_SUEL": "RURAL", "VEREDA": "LA FLORIDA", "NOMBRE": "Antes SSB-Z5A Defensa Civil", "Clase_Su_1": "RURAL", "Shape_Leng": 1050.40423149, "Shape_Area": 66041.554503899999, "CLAS_CIAF": "2b" }, "geometry": { "type": "Polygon", "coordinates": [ [ [ -74.1682667, 4.7313857 ], [ -74.1688246, 4.7308056 ], [ -74.1691996, 4.7304196 ], [ -74.1695097, 4.7301004 ], [ -74.1702203, 4.7293772 ], [ -74.1705351, 4.72972 ], [ -74.1709552, 4.730196 ], [ -74.1713754, 4.7306773 ], [ -74.1715897, 4.7309141 ], [ -74.171465, 4.7310316 ], [ -74.1707455, 4.7317087 ], [ -74.1705879, 4.731859 ], [ -74.1704479, 4.731857 ], [ -74.1701776, 4.7321029 ], [ -74.1697945, 4.7324503 ], [ -74.1695283, 4.732697 ], [ -74.1694585, 4.7326237 ], [ -74.1690321, 4.7321921 ], [ -74.1689308, 4.7320867 ], [ -74.168705, 4.7318582 ], [ -74.1687322, 4.7318582 ], [ -74.1682864, 4.7314051 ], [ -74.1682667, 4.7313857 ] ] ] } },
{ "type": "Feature", "properties": { "OBJECTID": 43.0, "SIMBOLO": null, "CLASE_SUEL": "RURAL", "VEREDA": "LA FLORIDA", "NOMBRE": "Antes SSB-Z11-CM Cementerio", "Clase_Su_1": "RURAL", "Shape_Leng": 743.96945418065047, "Shape_Area": 32926.912340100003, "CLAS_CIAF": "2b" }, "geometry": { "type": "Polygon", "coordinates": [ [ [ -74.1721615, 4.7414733 ], [ -74.172454, 4.7412165 ], [ -74.1730391, 4.7418118 ], [ -74.1737158, 4.7425066 ], [ -74.1738123, 4.7426057 ], [ -74.1736029, 4.7427334 ], [ -74.1733034, 4.7429267 ], [ -74.1729067, 4.7431726 ], [ -74.1727246, 4.74329 ], [ -74.1721842, 4.7429547 ], [ -74.1718832, 4.7427629 ], [ -74.171405, 4.7424808 ], [ -74.1712025, 4.7423482 ], [ -74.171194, 4.742343 ], [ -74.1714809, 4.7420744 ], [ -74.1721615, 4.7414733 ] ] ] } },
{ "type": "Feature", "properties": { "OBJECTID": 44.0, "SIMBOLO": null, "CLASE_SUEL": "SUB-URBANO AGROINDUSTRIAL", "VEREDA": "LA FLORIDA", "NOMBRE": "Formaplac", "Clase_Su_1": "RURAL - SUB-URBANO", "Shape_Leng": 648.19454389838529, "Shape_Area": 26088.608350800001, "CLAS_CIAF": "2b" }, "geometry": { "type": "Polygon", "coordinates": [ [ [ -74.1799575, 4.7412419 ], [ -74.1800517, 4.7410964 ], [ -74.1801086, 4.7411376 ], [ -74.1804976, 4.7414199 ], [ -74.1806073, 4.741494 ], [ -74.1806718, 4.7415409 ], [ -74.1807277, 4.7415816 ], [ -74.1808689, 4.7416844 ], [ -74.1809895, 4.7417724 ], [ -74.1812583, 4.7419684 ], [ -74.1812866, 4.7419891 ], [ -74.1813441, 4.7420286 ], [ -74.1810056, 4.7426101 ], [ -74.180806, 4.7429572 ], [ -74.1807554, 4.7430447 ], [ -74.1806898, 4.7431238 ], [ -74.1806776, 4.7431155 ], [ -74.1803126, 4.7428848 ], [ -74.179973, 4.7426733 ], [ -74.179946, 4.7426569 ], [ -74.1799202, 4.7426412 ], [ -74.1797747, 4.7425527 ], [ -74.1794287, 4.7423305 ], [ -74.1793284, 4.7422679 ], [ -74.1795504, 4.741915 ], [ -74.1799575, 4.7412419 ] ] ] } },
{ "type": "Feature", "properties": { "OBJECTID": 45.0, "SIMBOLO": "SSB-Z5-ZA", "CLASE_SUEL": "SUB-URBANO AGROINDUSTRIAL", "VEREDA": "LA ISLA", "NOMBRE": "La Cofradía", "Clase_Su_1": "RURAL - SUB-URBANO", "Shape_Leng": 1419.8776333400001, "Shape_Area": 100103.304834, "CLAS_CIAF": "1a" }, "geometry": { "type": "Polygon", "coordinates": [ [ [ -74.1898634, 4.7323494 ], [ -74.1896126, 4.7318546 ], [ -74.1893607, 4.7313479 ], [ -74.1909139, 4.7297984 ], [ -74.1909746, 4.729738 ], [ -74.1911427, 4.7295702 ], [ -74.1912159, 4.7297364 ], [ -74.1912409, 4.7297929 ], [ -74.1914213, 4.730185 ], [ -74.1914675, 4.7302907 ], [ -74.1915322, 4.730439 ], [ -74.1916001, 4.7305944 ], [ -74.1917695, 4.7309801 ], [ -74.1918264, 4.7311245 ], [ -74.1919483, 4.7313816 ], [ -74.192105, 4.7317372 ], [ -74.1921889, 4.7318768 ], [ -74.1922363, 4.7319736 ], [ -74.1922743, 4.732099 ], [ -74.1923004, 4.7321631 ], [ -74.1926374, 4.7318458 ], [ -74.1930209, 4.7318436 ], [ -74.1930334, 4.731879 ], [ -74.1930793, 4.7319361 ], [ -74.193103, 4.7319901 ], [ -74.1931442, 4.7320742 ], [ -74.193177, 4.7321227 ], [ -74.1928821, 4.7323938 ], [ -74.192818, 4.732465 ], [ -74.192418, 4.7328532 ], [ -74.1918808, 4.7333719 ], [ -74.1913552, 4.7338759 ], [ -74.1910313, 4.7341905 ], [ -74.1909639, 4.7341186 ], [ -74.1908404, 4.7339867 ], [ -74.190655, 4.7337889 ], [ -74.1904749, 4.7335967 ], [ -74.1903411, 4.7333264 ], [ -74.1902118, 4.7330652 ], [ -74.190193, 4.7330271 ], [ -74.1901577, 4.7329398 ], [ -74.1901332, 4.7328906 ], [ -74.1898634, 4.7323494 ] ] ] } },
{ "type": "Feature", "properties": { "OBJECTID": 46.0, "SIMBOLO": "SSB-Z6-EQ", "CLASE_SUEL": "SUB-URBANO ZONA EQUIPAMIENTO INSTITUCIONAL", "VEREDA": "LA ISLA", "NOMBRE": "DAS", "Clase_Su_1": "RURAL - SUB-URBANO", "Shape_Leng": 3682.4423947499999, "Shape_Area": 458813.765182, "CLAS_CIAF": "1a" }, "geometry": { "type": "Polygon", "coordinates": [ [ [ -74.1819357, 4.7606641 ], [ -74.1808293, 4.7578666 ], [ -74.1797083, 4.7580304 ], [ -74.1790858, 4.7582261 ], [ -74.1782638, 4.7584894 ], [ -74.175202, 4.7594415 ], [ -74.1740999, 4.7574741 ], [ -74.1790123, 4.7560643 ], [ -74.1784525, 4.7551438 ], [ -74.1785706, 4.7551074 ], [ -74.1788854, 4.7550264 ], [ -74.1794914, 4.7548644 ], [ -74.1796907, 4.754812 ], [ -74.1803441, 4.7546342 ], [ -74.1808312, 4.754499 ], [ -74.1810307, 4.7544436 ], [ -74.1820148, 4.7541752 ], [ -74.1826444, 4.7540005 ], [ -74.1832456, 4.7538401 ], [ -74.1833654, 4.7538048 ], [ -74.1834349, 4.7538036 ], [ -74.183582, 4.7538083 ], [ -74.1837213, 4.7538385 ], [ -74.1838415, 4.7538813 ], [ -74.1839206, 4.7539194 ], [ -74.1840314, 4.7540035 ], [ -74.184188, 4.7541384 ], [ -74.1845029, 4.7543955 ], [ -74.1849824, 4.7547811 ], [ -74.1850631, 4.7548366 ], [ -74.1852988, 4.7550303 ], [ -74.1854871, 4.7551763 ], [ -74.1855726, 4.7552524 ], [ -74.1855836, 4.7552762 ], [ -74.1855995, 4.7553381 ], [ -74.1856106, 4.7554159 ], [ -74.1856042, 4.7555064 ], [ -74.1855884, 4.755581 ], [ -74.1855584, 4.7557476 ], [ -74.1855192, 4.7560124 ], [ -74.1850512, 4.7564446 ], [ -74.184042, 4.7573971 ], [ -74.18387, 4.7575594 ], [ -74.1834426, 4.7579573 ], [ -74.1834397, 4.7579855 ], [ -74.1837155, 4.7587614 ], [ -74.1838984, 4.7592637 ], [ -74.1841488, 4.759955 ], [ -74.1841769, 4.7600361 ], [ -74.183034, 4.7603564 ], [ -74.1819357, 4.7606641 ] ] ] } },
{ "type": "Feature", "properties": { "OBJECTID": 47.0, "SIMBOLO": "SSB-Z5-ZA", "CLASE_SUEL": "SUB-URBANO AGROINDUSTRIAL", "VEREDA": "EL COCLÍ", "NOMBRE": "SANTA LUCIA DE LAS PENA", "Clase_Su_1": "RURAL - SUB-URBANO", "Shape_Leng": 4404.7450241300003, "Shape_Area": 1033754.90131, "CLAS_CIAF": "1a" }, "geometry": { "type": "Polygon", "coordinates": [ [ [ -74.2196709, 4.7943707 ], [ -74.2196836, 4.7943453 ], [ -74.2197108, 4.7942847 ], [ -74.2198901, 4.7941163 ], [ -74.2200341, 4.7940199 ], [ -74.2201956, 4.7938578 ], [ -74.2203772, 4.7937869 ], [ -74.2204434, 4.7937092 ], [ -74.2205335, 4.7934723 ], [ -74.2205807, 4.7932785 ], [ -74.2206107, 4.7931794 ], [ -74.2206107, 4.7930157 ], [ -74.2205849, 4.7928478 ], [ -74.2205677, 4.7926884 ], [ -74.2204946, 4.7923181 ], [ -74.2204474, 4.7920425 ], [ -74.22037, 4.7916936 ], [ -74.2203013, 4.7913599 ], [ -74.2202196, 4.7909766 ], [ -74.2201423, 4.7906407 ], [ -74.2201122, 4.7905052 ], [ -74.2200821, 4.7902574 ], [ -74.2200348, 4.7900901 ], [ -74.2200062, 4.7898375 ], [ -74.2199832, 4.7894815 ], [ -74.2200003, 4.7891254 ], [ -74.2200632, 4.7888268 ], [ -74.2200918, 4.788511 ], [ -74.2201261, 4.7882354 ], [ -74.2201546, 4.7878851 ], [ -74.2202118, 4.7874716 ], [ -74.2202803, 4.7868744 ], [ -74.2203203, 4.7863518 ], [ -74.2203813, 4.7858168 ], [ -74.2204574, 4.7850741 ], [ -74.2205184, 4.7844922 ], [ -74.2205689, 4.7841183 ], [ -74.2206417, 4.7835067 ], [ -74.2206399, 4.7831998 ], [ -74.2215544, 4.7835226 ], [ -74.2220138, 4.7836948 ], [ -74.2225118, 4.783867 ], [ -74.2230356, 4.7840477 ], [ -74.2238256, 4.7843232 ], [ -74.2247401, 4.7846503 ], [ -74.2255, 4.7849129 ], [ -74.2262471, 4.7851841 ], [ -74.226934, 4.7854165 ], [ -74.2275909, 4.7856446 ], [ -74.2281527, 4.7858467 ], [ -74.2296478, 4.7863568 ], [ -74.2294099, 4.7868527 ], [ -74.2291366, 4.7873249 ], [ -74.2289077, 4.7877397 ], [ -74.2286152, 4.7882693 ], [ -74.22831, 4.788716 ], [ -74.2280748, 4.7891053 ], [ -74.2278205, 4.7895264 ], [ -74.2277115, 4.7898112 ], [ -74.2272676, 4.7910176 ], [ -74.2269851, 4.7917414 ], [ -74.2265412, 4.7924251 ], [ -74.2257341, 4.7938325 ], [ -74.2257433, 4.7954165 ], [ -74.2255067, 4.7959902 ], [ -74.2253911, 4.796185 ], [ -74.2246647, 4.7975925 ], [ -74.2225302, 4.7963099 ], [ -74.2210799, 4.7954169 ], [ -74.2197059, 4.7946005 ], [ -74.2196423, 4.7945112 ], [ -74.2196613, 4.7943899 ], [ -74.2196709, 4.7943707 ] ] ] } },
{ "type": "Feature", "properties": { "OBJECTID": 48.0, "SIMBOLO": "SSB-Z5-ZA", "CLASE_SUEL": "SUB-URBANO AGROINDUSTRIAL", "VEREDA": "LA ISLA", "NOMBRE": "CACIQUE 2", "Clase_Su_1": "RURAL - SUB-URBANO", "Shape_Leng": 593.65863794112977, "Shape_Area": 18265.7884619, "CLAS_CIAF": "1a" }, "geometry": null },
{ "type": "Feature", "properties": { "OBJECTID": 49.0, "SIMBOLO": null, "CLASE_SUEL": "SUB-URBANO AGROINDUSTRIAL", "VEREDA": "LA ISLA", "NOMBRE": "CACIQUE", "Clase_Su_1": "RURAL - SUB-URBANO", "Shape_Leng": 340.623726508294, "Shape_Area": 3875.5126633, "CLAS_CIAF": "1a" }, "geometry": null },
{ "type": "Feature", "properties": { "OBJECTID": 50.0, "SIMBOLO": null, "CLASE_SUEL": "SUB-URBANO AGROINDUSTRIAL", "VEREDA": "LA FLORIDA", "NOMBRE": null, "Clase_Su_1": "RURAL - SUB-URBANO", "Shape_Leng": 892.01165001504569, "Shape_Area": 28867.4528307, "CLAS_CIAF": "1a" }, "geometry": { "type": "Polygon", "coordinates": [ [ [ -74.164593, 4.7409667 ], [ -74.1653398, 4.7407936 ], [ -74.1654938, 4.7411437 ], [ -74.1657423, 4.7417059 ], [ -74.1654216, 4.7417336 ], [ -74.1644629, 4.741817 ], [ -74.1640234, 4.7418518 ], [ -74.1635977, 4.7418796 ], [ -74.1633109, 4.7418914 ], [ -74.1623137, 4.7419295 ], [ -74.1622759, 4.7417553 ], [ -74.1622251, 4.7415219 ], [ -74.163534, 4.7412064 ], [ -74.164593, 4.7409667 ] ] ] } },
{ "type": "Feature", "properties": { "OBJECTID": 51.0, "SIMBOLO": "SSB-Z5-ZA", "CLASE_SUEL": "SUB-URBANO AGROINDUSTRIAL", "VEREDA": "LA FLORIDA", "NOMBRE": null, "Clase_Su_1": "RURAL - SUB-URBANO", "Shape_Leng": 1779.2120129299999, "Shape_Area": 120964.41874, "CLAS_CIAF": "1a" }, "geometry": { "type": "Polygon", "coordinates": [ [ [ -74.1631808, 4.7394799 ], [ -74.1630717, 4.7392195 ], [ -74.1629056, 4.7392899 ], [ -74.1628051, 4.7393353 ], [ -74.1624851, 4.73948 ], [ -74.1624731, 4.739489 ], [ -74.1622566, 4.7396503 ], [ -74.1620802, 4.7397817 ], [ -74.1620085, 4.7398352 ], [ -74.1618779, 4.7399325 ], [ -74.1618322, 4.7397144 ], [ -74.1617797, 4.7394588 ], [ -74.1617524, 4.7393437 ], [ -74.1617053, 4.7391104 ], [ -74.1616882, 4.7390257 ], [ -74.1616357, 4.7387877 ], [ -74.1615462, 4.7383545 ], [ -74.1614352, 4.7378316 ], [ -74.1613496, 4.7374219 ], [ -74.1612737, 4.7370472 ], [ -74.1612017, 4.7366746 ], [ -74.1610967, 4.7361848 ], [ -74.1610917, 4.7361622 ], [ -74.1611636, 4.7362121 ], [ -74.1626094, 4.7370951 ], [ -74.1631916, 4.7374478 ], [ -74.1640017, 4.7379387 ], [ -74.1644518, 4.7382123 ], [ -74.1648195, 4.7384364 ], [ -74.1648405, 4.7384492 ], [ -74.1651868, 4.7386602 ], [ -74.1651972, 4.7386665 ], [ -74.1657147, 4.7389797 ], [ -74.1662688, 4.7393154 ], [ -74.1662761, 4.73932 ], [ -74.1662307, 4.7393468 ], [ -74.1652834, 4.7399302 ], [ -74.165031, 4.7400874 ], [ -74.164702, 4.7402923 ], [ -74.1640531, 4.7406934 ], [ -74.1637598, 4.7408757 ], [ -74.1636611, 4.7406335 ], [ -74.1633617, 4.7399256 ], [ -74.163334, 4.7398601 ], [ -74.1632254, 4.7395906 ], [ -74.1632048, 4.7395396 ], [ -74.1631808, 4.7394799 ] ] ] } },
{ "type": "Feature", "properties": { "OBJECTID": 52.0, "SIMBOLO": null, "CLASE_SUEL": "SUB-URBANO AGROINDUSTRIAL", "VEREDA": "LA FLORIDA", "NOMBRE": null, "Clase_Su_1": "RURAL - SUB-URBANO", "Shape_Leng": 2377.7061951599999, "Shape_Area": 305092.75491399999, "CLAS_CIAF": "1a" }, "geometry": { "type": "Polygon", "coordinates": [ [ [ -74.1518807, 4.7323634 ], [ -74.151887, 4.7323115 ], [ -74.1519531, 4.7323231 ], [ -74.1520451, 4.7323231 ], [ -74.1521663, 4.7323069 ], [ -74.1522291, 4.7322923 ], [ -74.1523035, 4.7322703 ], [ -74.1523722, 4.7322469 ], [ -74.1524525, 4.7322205 ], [ -74.152524, 4.7321912 ], [ -74.1525632, 4.7321743 ], [ -74.152616, 4.7321516 ], [ -74.1528803, 4.7320491 ], [ -74.1531874, 4.7319256 ], [ -74.153292, 4.7318835 ], [ -74.1533825, 4.7318381 ], [ -74.1535314, 4.7317809 ], [ -74.1538587, 4.7316446 ], [ -74.1540307, 4.7315729 ], [ -74.154269, 4.731473 ], [ -74.1542789, 4.7314688 ], [ -74.1548907, 4.7312227 ], [ -74.1555272, 4.7309575 ], [ -74.1561083, 4.7307099 ], [ -74.1563292, 4.7306235 ], [ -74.1564266, 4.7305853 ], [ -74.1568471, 4.7304051 ], [ -74.1570641, 4.7303141 ], [ -74.1570683, 4.7303124 ], [ -74.1571622, 4.7305255 ], [ -74.1578278, 4.73024 ], [ -74.1578546, 4.7302267 ], [ -74.158011, 4.7306154 ], [ -74.1583926, 4.7315711 ], [ -74.1584991, 4.7318289 ], [ -74.1585095, 4.7318731 ], [ -74.158821, 4.7326335 ], [ -74.1590043, 4.7330765 ], [ -74.158413, 4.7333899 ], [ -74.1576927, 4.7337654 ], [ -74.1576675, 4.7337786 ], [ -74.1572836, 4.7339794 ], [ -74.1567929, 4.7342333 ], [ -74.1564351, 4.7344216 ], [ -74.1561216, 4.73459 ], [ -74.1557797, 4.7347745 ], [ -74.155688, 4.7348239 ], [ -74.1556006, 4.7348649 ], [ -74.1552101, 4.735082 ], [ -74.1550201, 4.7351877 ], [ -74.1546321, 4.7353993 ], [ -74.1545009, 4.7354709 ], [ -74.154047, 4.7357199 ], [ -74.1540176, 4.735736 ], [ -74.1531302, 4.736221 ], [ -74.1523971, 4.7366204 ], [ -74.1523971, 4.7366003 ], [ -74.1522955, 4.7358352 ], [ -74.1522797, 4.735706 ], [ -74.152198, 4.7350369 ], [ -74.1520881, 4.7341679 ], [ -74.1520073, 4.7336253 ], [ -74.1520066, 4.7336215 ], [ -74.1519741, 4.7334258 ], [ -74.1518807, 4.7323634 ] ] ] } },
{ "type": "Feature", "properties": { "OBJECTID": 53.0, "SIMBOLO": "SSB-Z5-ZA", "CLASE_SUEL": "SUB-URBANO AGROINDUSTRIAL", "VEREDA": "LA FLORIDA", "NOMBRE": null, "Clase_Su_1": "RURAL - SUB-URBANO", "Shape_Leng": 2260.2009522100002, "Shape_Area": 248221.34507099999, "CLAS_CIAF": "1a" }, "geometry": { "type": "Polygon", "coordinates": [ [ [ -74.1597022, 4.7296447 ], [ -74.1598493, 4.7295386 ], [ -74.1599387, 4.7294586 ], [ -74.1598959, 4.7292752 ], [ -74.1598376, 4.729041 ], [ -74.1598103, 4.7289396 ], [ -74.1598064, 4.7288557 ], [ -74.159787, 4.7287796 ], [ -74.1597656, 4.7286723 ], [ -74.1597714, 4.7285298 ], [ -74.1597986, 4.7284401 ], [ -74.1598453, 4.7283367 ], [ -74.1599094, 4.7282508 ], [ -74.160007, 4.7281555 ], [ -74.1603961, 4.7277859 ], [ -74.1604561, 4.7278521 ], [ -74.1607038, 4.7281249 ], [ -74.1610461, 4.7284968 ], [ -74.1615363, 4.7290223 ], [ -74.1616972, 4.7291983 ], [ -74.1621405, 4.729683 ], [ -74.1622523, 4.7298052 ], [ -74.1623143, 4.7298729 ], [ -74.1625633, 4.7301461 ], [ -74.1628097, 4.7304244 ], [ -74.1630457, 4.7306689 ], [ -74.1630488, 4.7306718 ], [ -74.1631027, 4.730721 ], [ -74.1634424, 4.7310851 ], [ -74.1637851, 4.7314542 ], [ -74.1640052, 4.7316912 ], [ -74.1641297, 4.7318291 ], [ -74.1641842, 4.7319072 ], [ -74.1645498, 4.7322817 ], [ -74.1647928, 4.7325304 ], [ -74.1639585, 4.7332781 ], [ -74.1636, 4.733617 ], [ -74.1626863, 4.7345235 ], [ -74.1618555, 4.7353364 ], [ -74.1611696, 4.7360184 ], [ -74.1611075, 4.7360434 ], [ -74.1610725, 4.7360743 ], [ -74.1610616, 4.7360248 ], [ -74.161048, 4.7359605 ], [ -74.1610428, 4.7359377 ], [ -74.1609857, 4.7356892 ], [ -74.160904, 4.7353146 ], [ -74.1608009, 4.7348288 ], [ -74.1606958, 4.7343274 ], [ -74.1606841, 4.7342844 ], [ -74.1605752, 4.7337908 ], [ -74.1604098, 4.7330162 ], [ -74.1603203, 4.7325655 ], [ -74.1602891, 4.7324175 ], [ -74.1602327, 4.7321499 ], [ -74.1601938, 4.7319431 ], [ -74.1601685, 4.7318065 ], [ -74.1600907, 4.7314182 ], [ -74.1600498, 4.7311997 ], [ -74.1600128, 4.7309538 ], [ -74.1599817, 4.7307646 ], [ -74.1599544, 4.7306417 ], [ -74.1599252, 4.7305343 ], [ -74.1598941, 4.7304582 ], [ -74.159861, 4.730347 ], [ -74.1598105, 4.7301636 ], [ -74.1597774, 4.7300114 ], [ -74.159756, 4.7298846 ], [ -74.1597287, 4.7297461 ], [ -74.1597022, 4.7296447 ] ] ] } },
{ "type": "Feature", "properties": { "OBJECTID": 54.0, "SIMBOLO": "SSB-R1A", "CLASE_SUEL": "SUB-URBANO VIVIENDA", "VEREDA": "EL CACIQUE", "NOMBRE": "SSB-Z1A El Cacique - Casablanca", "Clase_Su_1": "RURAL - SUB-URBANO", "Shape_Leng": 576.70941466175361, "Shape_Area": 20743.9961363, "CLAS_CIAF": "1a" }, "geometry": { "type": "Polygon", "coordinates": [ [ [ -74.2108991, 4.7263353 ], [ -74.211013, 4.7263129 ], [ -74.2112665, 4.7267102 ], [ -74.2113707, 4.7268735 ], [ -74.2114385, 4.7269797 ], [ -74.211493, 4.7270637 ], [ -74.2114385, 4.7270988 ], [ -74.2112255, 4.7272426 ], [ -74.2109745, 4.7274121 ], [ -74.2107915, 4.7275356 ], [ -74.2107787, 4.7275443 ], [ -74.2106067, 4.7276561 ], [ -74.2103893, 4.7277975 ], [ -74.2103641, 4.7278139 ], [ -74.2101451, 4.7279599 ], [ -74.2100266, 4.7277521 ], [ -74.2100117, 4.727726 ], [ -74.2099182, 4.7275592 ], [ -74.2096021, 4.7269949 ], [ -74.2098408, 4.7268403 ], [ -74.2098694, 4.7268218 ], [ -74.2100467, 4.7267069 ], [ -74.2102422, 4.7265802 ], [ -74.210396, 4.7264806 ], [ -74.2104845, 4.7264232 ], [ -74.2105438, 4.7264076 ], [ -74.2105663, 4.7264017 ], [ -74.2106266, 4.726392 ], [ -74.21072, 4.7263763 ], [ -74.2107338, 4.7263732 ], [ -74.2108991, 4.7263353 ] ] ] } },
{ "type": "Feature", "properties": { "OBJECTID": 55.0, "SIMBOLO": "SR-DR-Z1", "CLASE_SUEL": "RURAL", "VEREDA": "EL CACIQUE", "NOMBRE": "CLUB SAN ANDRÉS", "Clase_Su_1": "RURAL", "Shape_Leng": 5386.8483902199996, "Shape_Area": 1480431.23263, "CLAS_CIAF": "1b" }, "geometry": { "type": "Polygon", "coordinates": [ [ [ -74.2143613, 4.7377337 ], [ -74.2140459, 4.7376513 ], [ -74.2135387, 4.7377477 ], [ -74.2133194, 4.7378165 ], [ -74.2132234, 4.737789 ], [ -74.2130589, 4.7378303 ], [ -74.2124969, 4.7381192 ], [ -74.2121678, 4.7381468 ], [ -74.2118251, 4.7381056 ], [ -74.2115372, 4.7380919 ], [ -74.2112904, 4.7380369 ], [ -74.2110847, 4.7379407 ], [ -74.2108105, 4.7377482 ], [ -74.2105226, 4.7376932 ], [ -74.210454, 4.7374732 ], [ -74.2102361, 4.7372918 ], [ -74.2100701, 4.7371982 ], [ -74.2098782, 4.7371982 ], [ -74.2096999, 4.7370882 ], [ -74.2092748, 4.7365931 ], [ -74.2090692, 4.7365106 ], [ -74.2088909, 4.7364694 ], [ -74.2087812, 4.7363594 ], [ -74.2086009, 4.7362424 ], [ -74.2085482, 4.7362082 ], [ -74.2085414, 4.736171 ], [ -74.2085224, 4.7360664 ], [ -74.2085207, 4.7360569 ], [ -74.2085298, 4.7359386 ], [ -74.2085344, 4.7358781 ], [ -74.2083973, 4.7357818 ], [ -74.2081505, 4.7355618 ], [ -74.2079759, 4.7354451 ], [ -74.2078625, 4.7353693 ], [ -74.2076294, 4.7351768 ], [ -74.2075197, 4.7350117 ], [ -74.2075197, 4.7349002 ], [ -74.2075196, 4.7344891 ], [ -74.2070781, 4.7342196 ], [ -74.2068889, 4.7341041 ], [ -74.2068804, 4.7340913 ], [ -74.2068712, 4.7340774 ], [ -74.2067518, 4.7338978 ], [ -74.2067657, 4.7337997 ], [ -74.2067792, 4.7337052 ], [ -74.2067688, 4.7336115 ], [ -74.2067517, 4.7334577 ], [ -74.2065324, 4.7336365 ], [ -74.2063405, 4.7337053 ], [ -74.2062582, 4.7335953 ], [ -74.2062582, 4.7335953 ], [ -74.2062445, 4.7334853 ], [ -74.206073, 4.7334985 ], [ -74.2060662, 4.7334991 ], [ -74.2059017, 4.7334578 ], [ -74.2058859, 4.733419 ], [ -74.2057508, 4.7330865 ], [ -74.2057782, 4.7328114 ], [ -74.2057883, 4.7327922 ], [ -74.2059153, 4.7325501 ], [ -74.2060523, 4.7324262 ], [ -74.2061209, 4.7323437 ], [ -74.2061757, 4.7321511 ], [ -74.2062167, 4.7318348 ], [ -74.2062167, 4.7316972 ], [ -74.2062715, 4.731601 ], [ -74.2063812, 4.7315459 ], [ -74.206436, 4.7314084 ], [ -74.2062441, 4.7313671 ], [ -74.2062989, 4.7312021 ], [ -74.2062988, 4.7310783 ], [ -74.2064085, 4.7310095 ], [ -74.2064496, 4.7308032 ], [ -74.2063262, 4.7305969 ], [ -74.2063199, 4.7305274 ], [ -74.2070822, 4.7300605 ], [ -74.2077149, 4.7296796 ], [ -74.2079776, 4.7295135 ], [ -74.2084409, 4.729199 ], [ -74.2084978, 4.7291606 ], [ -74.2085772, 4.7291072 ], [ -74.2087543, 4.7289665 ], [ -74.2092701, 4.728566 ], [ -74.2094142, 4.7284488 ], [ -74.2100623, 4.7280151 ], [ -74.2101451, 4.7279599 ], [ -74.2103641, 4.7278139 ], [ -74.2103893, 4.7277975 ], [ -74.2106067, 4.7276561 ], [ -74.2107787, 4.7275443 ], [ -74.2107915, 4.7275356 ], [ -74.2109745, 4.7274121 ], [ -74.2112255, 4.7272426 ], [ -74.2114385, 4.7270988 ], [ -74.211493, 4.7270637 ], [ -74.2115203, 4.7270461 ], [ -74.2117169, 4.7269171 ], [ -74.212439, 4.726499 ], [ -74.2126707, 4.7263525 ], [ -74.2126555, 4.7263283 ], [ -74.2127024, 4.7262967 ], [ -74.21304, 4.7260688 ], [ -74.2131015, 4.7260393 ], [ -74.2131734, 4.7261527 ], [ -74.2132451, 4.7261318 ], [ -74.213428, 4.7260806 ], [ -74.2136179, 4.7260481 ], [ -74.2137915, 4.7260039 ], [ -74.2138657, 4.7259826 ], [ -74.2139374, 4.7259621 ], [ -74.2141851, 4.725825 ], [ -74.214217, 4.7258073 ], [ -74.2143402, 4.725739 ], [ -74.214718, 4.725539 ], [ -74.215063, 4.7253563 ], [ -74.2150995, 4.725337 ], [ -74.2153283, 4.7252202 ], [ -74.2155345, 4.7251149 ], [ -74.2157352, 4.7250124 ], [ -74.2158959, 4.7249304 ], [ -74.2159509, 4.7249014 ], [ -74.2161905, 4.7247751 ], [ -74.2161926, 4.7247789 ], [ -74.2162987, 4.7249308 ], [ -74.2163788, 4.7250455 ], [ -74.2165038, 4.7252277 ], [ -74.2166423, 4.7254535 ], [ -74.2185977, 4.7285578 ], [ -74.2186019, 4.7285546 ], [ -74.218604, 4.7285578 ], [ -74.2186141, 4.7285501 ], [ -74.2186375, 4.728585 ], [ -74.2186386, 4.7285866 ], [ -74.2186502, 4.7286065 ], [ -74.2186439, 4.7286111 ], [ -74.2186953, 4.7286837 ], [ -74.2189107, 4.7290527 ], [ -74.219311, 4.7297218 ], [ -74.2196682, 4.7302938 ], [ -74.2194127, 4.7304418 ], [ -74.2187748, 4.7308384 ], [ -74.2185406, 4.7309617 ], [ -74.2183785, 4.7310314 ], [ -74.2183276, 4.7310593 ], [ -74.218279, 4.7310616 ], [ -74.2179826, 4.7312266 ], [ -74.217953, 4.7312426 ], [ -74.2179438, 4.7312475 ], [ -74.217902, 4.7312701 ], [ -74.2168417, 4.7318447 ], [ -74.2167437, 4.7318448 ], [ -74.2175995, 4.7335733 ], [ -74.2176886, 4.7337578 ], [ -74.2179172, 4.7342315 ], [ -74.217973, 4.7343028 ], [ -74.2185875, 4.7348936 ], [ -74.2192171, 4.7352653 ], [ -74.2193339, 4.7353722 ], [ -74.2191765, 4.7354945 ], [ -74.2186791, 4.73606 ], [ -74.2183847, 4.7364217 ], [ -74.2182679, 4.7366153 ], [ -74.2181715, 4.7369006 ], [ -74.2181208, 4.7371502 ], [ -74.2180193, 4.7374405 ], [ -74.2178924, 4.7376647 ], [ -74.217796, 4.7378175 ], [ -74.2176793, 4.7379449 ], [ -74.2174508, 4.7382302 ], [ -74.2171869, 4.7386173 ], [ -74.2165308, 4.739449 ], [ -74.2163886, 4.7392369 ], [ -74.216174, 4.7390262 ], [ -74.2160802, 4.7389276 ], [ -74.2159415, 4.7386944 ], [ -74.2158029, 4.7385464 ], [ -74.2157534, 4.7385166 ], [ -74.2156882, 4.7384774 ], [ -74.2155794, 4.7384119 ], [ -74.2155778, 4.7384113 ], [ -74.2154578, 4.7383609 ], [ -74.2152486, 4.738273 ], [ -74.2151011, 4.7382013 ], [ -74.2150241, 4.7381417 ], [ -74.2149685, 4.7380986 ], [ -74.2149234, 4.7380637 ], [ -74.2147974, 4.7380151 ], [ -74.2147792, 4.738004 ], [ -74.2147226, 4.7379723 ], [ -74.2146355, 4.737885 ], [ -74.2143613, 4.7377337 ] ] ] } },
{ "type": "Feature", "properties": { "OBJECTID": 56.0, "SIMBOLO": "SSB-R1B", "CLASE_SUEL": "SUB-URBANO VIVIENDA", "VEREDA": "El Cacique", "NOMBRE": null, "Clase_Su_1": "RURAL - SUB-URBANO", "Shape_Leng": 720.43420408988209, "Shape_Area": 30196.554345500001, "CLAS_CIAF": "1a" }, "geometry": { "type": "Polygon", "coordinates": [ [ [ -74.2175995, 4.7335733 ], [ -74.2167437, 4.7318448 ], [ -74.2168417, 4.7318447 ], [ -74.217902, 4.7312701 ], [ -74.2180859, 4.7316164 ], [ -74.2181188, 4.7316926 ], [ -74.2183843, 4.7323086 ], [ -74.2184242, 4.7322881 ], [ -74.2184292, 4.7322855 ], [ -74.218771, 4.7329639 ], [ -74.2175995, 4.7335733 ] ] ] } },
{ "type": "Feature", "properties": { "OBJECTID": 57.0, "SIMBOLO": "SSB-R1C", "CLASE_SUEL": "SUB-URBANO VIVIENDA", "VEREDA": "El Cacique", "NOMBRE": null, "Clase_Su_1": "RURAL - SUB-URBANO", "Shape_Leng": 2530.4238898, "Shape_Area": 258588.47705099999, "CLAS_CIAF": "1a" }, "geometry": { "type": "Polygon", "coordinates": [ [ [ -74.2186791, 4.73606 ], [ -74.2191765, 4.7354945 ], [ -74.2193339, 4.7353722 ], [ -74.2192171, 4.7352653 ], [ -74.2185875, 4.7348936 ], [ -74.2207497, 4.7337283 ], [ -74.2213426, 4.7333064 ], [ -74.2220116, 4.734432 ], [ -74.2225586, 4.7353523 ], [ -74.2225541, 4.7353535 ], [ -74.2220969, 4.7354763 ], [ -74.2222754, 4.7359566 ], [ -74.2228048, 4.7357676 ], [ -74.2232124, 4.736453 ], [ -74.2229534, 4.7365812 ], [ -74.2227073, 4.7367557 ], [ -74.2222016, 4.7370614 ], [ -74.2211308, 4.7377453 ], [ -74.2202453, 4.7383515 ], [ -74.2198817, 4.738584 ], [ -74.2197402, 4.7387703 ], [ -74.2196879, 4.7389632 ], [ -74.2196552, 4.7392401 ], [ -74.219593, 4.7394819 ], [ -74.2195446, 4.7395851 ], [ -74.2194115, 4.7396822 ], [ -74.2193026, 4.7397247 ], [ -74.2191937, 4.7397612 ], [ -74.2189396, 4.7399676 ], [ -74.2187823, 4.7401255 ], [ -74.2185645, 4.7402651 ], [ -74.2181954, 4.7405263 ], [ -74.2179232, 4.7406538 ], [ -74.2177114, 4.7407449 ], [ -74.2175048, 4.7407144 ], [ -74.2174821, 4.7406575 ], [ -74.2170937, 4.7402644 ], [ -74.2169036, 4.7400603 ], [ -74.2166087, 4.7395427 ], [ -74.2165308, 4.739449 ], [ -74.2171869, 4.7386173 ], [ -74.2174508, 4.7382302 ], [ -74.2176793, 4.7379449 ], [ -74.217796, 4.7378175 ], [ -74.2178924, 4.7376647 ], [ -74.2180193, 4.7374405 ], [ -74.2181208, 4.7371502 ], [ -74.2181715, 4.7369006 ], [ -74.2182679, 4.7366153 ], [ -74.2183847, 4.7364217 ], [ -74.2186791, 4.73606 ] ] ] } },
{ "type": "Feature", "properties": { "OBJECTID": 58.0, "SIMBOLO": null, "CLASE_SUEL": "SUB-URBANO AGROINDUSTRIAL", "VEREDA": "LA ISLA", "NOMBRE": "Independence", "Clase_Su_1": "RURAL - SUB-URBANO", "Shape_Leng": 404.2874988864462, "Shape_Area": 6937.17316467, "CLAS_CIAF": "1a" }, "geometry": { "type": "Polygon", "coordinates": [ [ [ -74.1792509, 4.7405927 ], [ -74.1792882, 4.7405393 ], [ -74.1793858, 4.7406095 ], [ -74.1795098, 4.7407003 ], [ -74.1796259, 4.7407853 ], [ -74.1794187, 4.741126 ], [ -74.1792067, 4.741472 ], [ -74.1789869, 4.7418482 ], [ -74.178888, 4.741999 ], [ -74.1787873, 4.7419369 ], [ -74.178627, 4.7418354 ], [ -74.1785794, 4.7418055 ], [ -74.1788096, 4.7413896 ], [ -74.1790342, 4.7409832 ], [ -74.1792509, 4.7405927 ] ] ] } },
{ "type": "Feature", "properties": { "OBJECTID": 59.0, "SIMBOLO": "SSB-Z5-ZA", "CLASE_SUEL": "SUB-URBANO AGROINDUSTRIAL", "VEREDA": "LA FLORIDA", "NOMBRE": "Parque Industrial Las Mercedes", "Clase_Su_1": "RURAL - SUB-URBANO", "Shape_Leng": 2714.1170210400001, "Shape_Area": 230758.543149, "CLAS_CIAF": "1a" }, "geometry": { "type": "Polygon", "coordinates": [ [ [ -74.1629005, 4.7446801 ], [ -74.1628285, 4.7443367 ], [ -74.1627748, 4.7440896 ], [ -74.1629716, 4.7441263 ], [ -74.1630136, 4.7441337 ], [ -74.1630974, 4.7441484 ], [ -74.1632082, 4.7441678 ], [ -74.1633138, 4.7441862 ], [ -74.1634769, 4.7442148 ], [ -74.1635793, 4.7442327 ], [ -74.1638265, 4.744276 ], [ -74.1639244, 4.7442931 ], [ -74.1640315, 4.7443119 ], [ -74.1642119, 4.7443435 ], [ -74.1641373, 4.7439398 ], [ -74.1640825, 4.7436437 ], [ -74.1640664, 4.7435659 ], [ -74.1640009, 4.7432486 ], [ -74.1625442, 4.7430104 ], [ -74.1625308, 4.7429494 ], [ -74.1623751, 4.7422119 ], [ -74.1623137, 4.7419295 ], [ -74.1633109, 4.7418914 ], [ -74.1635977, 4.7418796 ], [ -74.1640234, 4.7418518 ], [ -74.1644629, 4.741817 ], [ -74.1654216, 4.7417336 ], [ -74.1657423, 4.7417059 ], [ -74.166168, 4.7416691 ], [ -74.1661242, 4.7418206 ], [ -74.1659865, 4.7423353 ], [ -74.1659302, 4.7425458 ], [ -74.1656322, 4.7435984 ], [ -74.1654157, 4.74438 ], [ -74.1652105, 4.7451109 ], [ -74.1652525, 4.7451163 ], [ -74.1655425, 4.7455849 ], [ -74.1662261, 4.746705 ], [ -74.1667357, 4.7475493 ], [ -74.1668359, 4.7477524 ], [ -74.166554, 4.7479443 ], [ -74.1659006, 4.7483853 ], [ -74.1654668, 4.7486819 ], [ -74.1654125, 4.748719 ], [ -74.165148, 4.7488966 ], [ -74.1651238, 4.7489127 ], [ -74.1650141, 4.7489858 ], [ -74.1649399, 4.7490352 ], [ -74.1647551, 4.7491328 ], [ -74.1644809, 4.7492557 ], [ -74.1641678, 4.7494021 ], [ -74.1640593, 4.7494533 ], [ -74.163891, 4.749275 ], [ -74.1638735, 4.7491911 ], [ -74.1638443, 4.7490604 ], [ -74.1637839, 4.7488048 ], [ -74.163673, 4.7482819 ], [ -74.1635465, 4.7476673 ], [ -74.1634376, 4.7471483 ], [ -74.1632916, 4.7464849 ], [ -74.1631593, 4.7458898 ], [ -74.1630659, 4.7454488 ], [ -74.1629881, 4.7450801 ], [ -74.1629005, 4.7446801 ] ] ] } },
{ "type": "Feature", "properties": { "OBJECTID": 60.0, "SIMBOLO": "SSB-Z5-ZA", "CLASE_SUEL": "SUB-URBANO AGROINDUSTRIAL", "VEREDA": "LA FLORIDA", "NOMBRE": "Parque Industrial Funza Central", "Clase_Su_1": "RURAL - SUB-URBANO", "Shape_Leng": 3856.7015269499998, "Shape_Area": 645986.00676000002, "CLAS_CIAF": "1a" }, "geometry": { "type": "Polygon", "coordinates": [ [ [ -74.1500658, 4.7428621 ], [ -74.1500292, 4.7427861 ], [ -74.1508415, 4.7423861 ], [ -74.1518236, 4.7419058 ], [ -74.1529177, 4.7413672 ], [ -74.1539683, 4.7408557 ], [ -74.1542729, 4.7407018 ], [ -74.1541444, 4.7404648 ], [ -74.1538542, 4.7399576 ], [ -74.1538182, 4.7398998 ], [ -74.1538928, 4.7398434 ], [ -74.1547476, 4.7393711 ], [ -74.1558327, 4.738783 ], [ -74.1558276, 4.7387588 ], [ -74.1561858, 4.7385702 ], [ -74.1564881, 4.738411 ], [ -74.1570383, 4.7381085 ], [ -74.1577143, 4.7377326 ], [ -74.1578308, 4.7376749 ], [ -74.1582224, 4.7374457 ], [ -74.1582473, 4.7374504 ], [ -74.158426, 4.7373521 ], [ -74.1589277, 4.7370789 ], [ -74.1594685, 4.7367857 ], [ -74.1600819, 4.7364551 ], [ -74.1609854, 4.7359686 ], [ -74.1610444, 4.7362387 ], [ -74.1610594, 4.7362972 ], [ -74.1610833, 4.7364007 ], [ -74.1611326, 4.7366525 ], [ -74.1611939, 4.7369344 ], [ -74.1612119, 4.7370183 ], [ -74.1612178, 4.7370408 ], [ -74.1612283, 4.7371518 ], [ -74.1612717, 4.7373856 ], [ -74.1613225, 4.7376315 ], [ -74.1613704, 4.7378549 ], [ -74.1614107, 4.7380408 ], [ -74.1614436, 4.7382042 ], [ -74.1614855, 4.7383886 ], [ -74.1615632, 4.7387574 ], [ -74.1616156, 4.7390242 ], [ -74.1616858, 4.7393451 ], [ -74.1617098, 4.7394245 ], [ -74.1617202, 4.7394905 ], [ -74.1617666, 4.7397094 ], [ -74.1617725, 4.7397363 ], [ -74.1617905, 4.7398188 ], [ -74.1618354, 4.7400377 ], [ -74.1618802, 4.7402311 ], [ -74.1619161, 4.740414 ], [ -74.1619355, 4.7404919 ], [ -74.1620073, 4.7407663 ], [ -74.1620865, 4.7411621 ], [ -74.1621191, 4.741293 ], [ -74.1619346, 4.7413906 ], [ -74.1606941, 4.7420699 ], [ -74.1597748, 4.7425672 ], [ -74.1595336, 4.7426976 ], [ -74.1589618, 4.743007 ], [ -74.1577182, 4.7436842 ], [ -74.1576994, 4.7435698 ], [ -74.1576937, 4.7435344 ], [ -74.1576691, 4.7433624 ], [ -74.157658, 4.7431971 ], [ -74.1576335, 4.743101 ], [ -74.1576045, 4.7430228 ], [ -74.1575176, 4.7429312 ], [ -74.1574464, 4.7428798 ], [ -74.1573461, 4.7428552 ], [ -74.1572348, 4.7428575 ], [ -74.1570767, 4.7429133 ], [ -74.1569434, 4.7429802 ], [ -74.1567392, 4.7430958 ], [ -74.156555, 4.7432266 ], [ -74.1564248, 4.7433485 ], [ -74.1563546, 4.7434139 ], [ -74.1562719, 4.7434579 ], [ -74.1561817, 4.7435232 ], [ -74.1560815, 4.7436225 ], [ -74.1560189, 4.743669 ], [ -74.1559525, 4.7437181 ], [ -74.155821, 4.7439192 ], [ -74.1557909, 4.743982 ], [ -74.1557195, 4.7441643 ], [ -74.1556417, 4.7443618 ], [ -74.1555598, 4.7445177 ], [ -74.1554429, 4.744687 ], [ -74.1553678, 4.7448059 ], [ -74.1552007, 4.7450238 ], [ -74.1551323, 4.7451193 ], [ -74.155022, 4.7452031 ], [ -74.1549034, 4.7452769 ], [ -74.1546782, 4.745366 ], [ -74.15446, 4.745404 ], [ -74.1542773, 4.7453683 ], [ -74.1541704, 4.7453437 ], [ -74.1539722, 4.7452655 ], [ -74.1537784, 4.745127 ], [ -74.1535958, 4.7450109 ], [ -74.1533975, 4.7448835 ], [ -74.1532438, 4.7447338 ], [ -74.1531391, 4.74464 ], [ -74.1528808, 4.7445573 ], [ -74.1526313, 4.7445171 ], [ -74.152246, 4.7444948 ], [ -74.1520188, 4.7444502 ], [ -74.1517627, 4.7443765 ], [ -74.1516113, 4.7443363 ], [ -74.1513418, 4.744238 ], [ -74.1511814, 4.7441665 ], [ -74.1510567, 4.7441173 ], [ -74.1508807, 4.7440436 ], [ -74.1507248, 4.7439319 ], [ -74.1506446, 4.7438783 ], [ -74.1504865, 4.7437487 ], [ -74.150384, 4.7436482 ], [ -74.1503127, 4.7435633 ], [ -74.1502459, 4.7434828 ], [ -74.150208, 4.7434069 ], [ -74.1501638, 4.7432821 ], [ -74.1501341, 4.7431689 ], [ -74.1501015, 4.7429931 ], [ -74.1500658, 4.7428621 ] ] ] } },
{ "type": "Feature", "properties": { "OBJECTID": 61.0, "SIMBOLO": null, "CLASE_SUEL": "SUB-URBANO AGROINDUSTRIAL", "VEREDA": "La Isla", "NOMBRE": "El Dorado I", "Clase_Su_1": "RURAL - SUB-URBANO", "Shape_Leng": 1322.87713626, "Shape_Area": 88270.110914599994, "CLAS_CIAF": "1a" }, "geometry": { "type": "Polygon", "coordinates": [ [ [ -74.1759337, 4.7491933 ], [ -74.1765066, 4.7485454 ], [ -74.1771521, 4.7478276 ], [ -74.1772234, 4.7477533 ], [ -74.1772523, 4.7478064 ], [ -74.1773151, 4.7479162 ], [ -74.1774246, 4.7481154 ], [ -74.1775327, 4.748319 ], [ -74.1776065, 4.7484652 ], [ -74.1776524, 4.7485563 ], [ -74.177724, 4.748694 ], [ -74.1777824, 4.7488405 ], [ -74.1778335, 4.7489562 ], [ -74.1778832, 4.7490778 ], [ -74.177941, 4.7490542 ], [ -74.1779478, 4.7490718 ], [ -74.1779394, 4.7491571 ], [ -74.1779063, 4.7492196 ], [ -74.1778421, 4.7492899 ], [ -74.1777311, 4.7493817 ], [ -74.177626, 4.7494306 ], [ -74.1775657, 4.749454 ], [ -74.1775443, 4.7494853 ], [ -74.177589, 4.7495614 ], [ -74.1778461, 4.7500438 ], [ -74.1781791, 4.7506395 ], [ -74.178553, 4.7513211 ], [ -74.1786386, 4.7514714 ], [ -74.1783427, 4.7516219 ], [ -74.1776906, 4.7519735 ], [ -74.1769663, 4.7523606 ], [ -74.176683, 4.7518293 ], [ -74.176275, 4.7510647 ], [ -74.1760789, 4.750694 ], [ -74.175763, 4.7500969 ], [ -74.175525, 4.7496456 ], [ -74.1759337, 4.7491933 ] ] ] } },
{ "type": "Feature", "properties": { "OBJECTID": 62.0, "SIMBOLO": "SSB-Z5-ZA", "CLASE_SUEL": "SUB-URBANO AGROINDUSTRIAL", "VEREDA": "La Isla", "NOMBRE": "El Zorro", "Clase_Su_1": "RURAL - SUB-URBANO", "Shape_Leng": 1262.39047813, "Shape_Area": 59320.2691252, "CLAS_CIAF": "1a" }, "geometry": null },
{ "type": "Feature", "properties": { "OBJECTID": 63.0, "SIMBOLO": null, "CLASE_SUEL": "SUB-URBANO AGROINDUSTRIAL", "VEREDA": "La Florida", "NOMBRE": "Floristería", "Clase_Su_1": "RURAL - SUB-URBANO", "Shape_Leng": 3474.4210843199999, "Shape_Area": 440432.04050399998, "CLAS_CIAF": "1a" }, "geometry": { "type": "Polygon", "coordinates": [ [ [ -74.1525071, 4.7375794 ], [ -74.1524801, 4.737411 ], [ -74.1524199, 4.7368726 ], [ -74.1523971, 4.7367229 ], [ -74.1523971, 4.7366204 ], [ -74.1531302, 4.736221 ], [ -74.1540176, 4.735736 ], [ -74.154047, 4.7357199 ], [ -74.1545009, 4.7354709 ], [ -74.1546321, 4.7353993 ], [ -74.1550201, 4.7351877 ], [ -74.1552101, 4.735082 ], [ -74.1556006, 4.7348649 ], [ -74.155688, 4.7348239 ], [ -74.1557797, 4.7347745 ], [ -74.1561216, 4.73459 ], [ -74.1564351, 4.7344216 ], [ -74.1567929, 4.7342333 ], [ -74.1572836, 4.7339794 ], [ -74.1576675, 4.7337786 ], [ -74.1576927, 4.7337654 ], [ -74.158413, 4.7333899 ], [ -74.1590043, 4.7330765 ], [ -74.158821, 4.7326335 ], [ -74.1585095, 4.7318731 ], [ -74.1584991, 4.7318289 ], [ -74.1583926, 4.7315711 ], [ -74.158011, 4.7306154 ], [ -74.1578546, 4.7302267 ], [ -74.1577685, 4.7300126 ], [ -74.1582341, 4.7298234 ], [ -74.1588692, 4.7295568 ], [ -74.1594853, 4.7293003 ], [ -74.1595245, 4.7292833 ], [ -74.1595375, 4.7293127 ], [ -74.1596328, 4.7296219 ], [ -74.1596721, 4.7297816 ], [ -74.1597068, 4.7299794 ], [ -74.1597338, 4.7301189 ], [ -74.1597506, 4.730174 ], [ -74.1598021, 4.7303527 ], [ -74.1598403, 4.7304708 ], [ -74.1598683, 4.730572 ], [ -74.1598885, 4.7306518 ], [ -74.1599244, 4.7308216 ], [ -74.1599513, 4.7310173 ], [ -74.1599703, 4.7311117 ], [ -74.1599883, 4.7312556 ], [ -74.1600118, 4.7313759 ], [ -74.1600412, 4.7315088 ], [ -74.1600561, 4.7315673 ], [ -74.1600815, 4.7316887 ], [ -74.1601204, 4.7318401 ], [ -74.1601264, 4.7318851 ], [ -74.1601668, 4.7320845 ], [ -74.1601922, 4.7322149 ], [ -74.1602348, 4.7324471 ], [ -74.1602699, 4.7326272 ], [ -74.1603402, 4.732993 ], [ -74.1604568, 4.7335927 ], [ -74.1605884, 4.7341744 ], [ -74.160726, 4.7347755 ], [ -74.1608441, 4.7353347 ], [ -74.1609682, 4.7358894 ], [ -74.1609854, 4.7359686 ], [ -74.1600819, 4.7364551 ], [ -74.1594685, 4.7367857 ], [ -74.1589277, 4.7370789 ], [ -74.158426, 4.7373521 ], [ -74.1582473, 4.7374504 ], [ -74.1582224, 4.7374457 ], [ -74.1578308, 4.7376749 ], [ -74.1577143, 4.7377326 ], [ -74.1570383, 4.7381085 ], [ -74.1564881, 4.738411 ], [ -74.1561858, 4.7385702 ], [ -74.1558276, 4.7387588 ], [ -74.1558327, 4.738783 ], [ -74.1547476, 4.7393711 ], [ -74.1538928, 4.7398434 ], [ -74.1538182, 4.7398998 ], [ -74.1537195, 4.7397414 ], [ -74.1536573, 4.7396063 ], [ -74.1535931, 4.7395127 ], [ -74.1534791, 4.739336 ], [ -74.1532946, 4.7390616 ], [ -74.1530812, 4.7386978 ], [ -74.1530314, 4.7386001 ], [ -74.1528656, 4.7382696 ], [ -74.1528515, 4.7382464 ], [ -74.1528014, 4.7381636 ], [ -74.1527183, 4.7380403 ], [ -74.1526438, 4.7378788 ], [ -74.1525071, 4.7375794 ] ] ] } },
{ "type": "Feature", "properties": { "OBJECTID": 64.0, "SIMBOLO": "SSB-Z5-ZA", "CLASE_SUEL": "SUB-URBANO AGROINDUSTRIAL", "VEREDA": "La Isla", "NOMBRE": "San Pedro Lote 1", "Clase_Su_1": "RURAL - SUB-URBANO", "Shape_Leng": 1698.1549339799999, "Shape_Area": 117497.17579, "CLAS_CIAF": "1a" }, "geometry": { "type": "Polygon", "coordinates": [ [ [ -74.186458, 4.7363787 ], [ -74.1861517, 4.7361229 ], [ -74.1856624, 4.7368425 ], [ -74.1854412, 4.7371804 ], [ -74.1853354, 4.7370881 ], [ -74.1852046, 4.7369844 ], [ -74.1849873, 4.7367961 ], [ -74.1848861, 4.7367199 ], [ -74.1847616, 4.7365972 ], [ -74.1846392, 4.7364892 ], [ -74.1845443, 4.7364215 ], [ -74.1845, 4.7363898 ], [ -74.1844072, 4.7363284 ], [ -74.1843834, 4.7363059 ], [ -74.1843249, 4.7362501 ], [ -74.1842401, 4.7361821 ], [ -74.1842441, 4.7361772 ], [ -74.1861945, 4.7344437 ], [ -74.1861965, 4.7344457 ], [ -74.1861972, 4.7344451 ], [ -74.1862605, 4.7345127 ], [ -74.186576, 4.7348428 ], [ -74.1868389, 4.7351064 ], [ -74.1869776, 4.734979 ], [ -74.1871148, 4.7348749 ], [ -74.1873323, 4.734683 ], [ -74.1876739, 4.7343976 ], [ -74.1876926, 4.7344239 ], [ -74.1879078, 4.7346524 ], [ -74.1879505, 4.7346985 ], [ -74.1880458, 4.7348014 ], [ -74.1881652, 4.7349303 ], [ -74.1881821, 4.7349486 ], [ -74.1883492, 4.735129 ], [ -74.1884585, 4.735247 ], [ -74.1885479, 4.7353391 ], [ -74.1886969, 4.7354924 ], [ -74.1887025, 4.7354982 ], [ -74.1889121, 4.7357167 ], [ -74.1893256, 4.7361653 ], [ -74.1897685, 4.7366303 ], [ -74.1895859, 4.7367975 ], [ -74.1891409, 4.7372123 ], [ -74.1886073, 4.7377076 ], [ -74.1883289, 4.7379553 ], [ -74.1880968, 4.737767 ], [ -74.1877592, 4.7374813 ], [ -74.1873626, 4.7371512 ], [ -74.1870293, 4.7368635 ], [ -74.1868141, 4.7366815 ], [ -74.186542, 4.7364488 ], [ -74.186458, 4.7363787 ] ] ] } },
{ "type": "Feature", "properties": { "OBJECTID": 65.0, "SIMBOLO": "SSB-Z5-ZA", "CLASE_SUEL": "SUB-URBANO AGROINDUSTRIAL", "VEREDA": "La Isla", "NOMBRE": "Villa Consuelo - Papagala", "Clase_Su_1": "RURAL - SUB-URBANO", "Shape_Leng": 1873.239382, "Shape_Area": 82620.270435900005, "CLAS_CIAF": "1a" }, "geometry": { "type": "Polygon", "coordinates": [ [ [ -74.1864464, 4.7509164 ], [ -74.1865449, 4.7508966 ], [ -74.1866317, 4.7508776 ], [ -74.1865979, 4.7506872 ], [ -74.1865738, 4.7505776 ], [ -74.1865346, 4.7503994 ], [ -74.1865163, 4.7503112 ], [ -74.1873265, 4.7502305 ], [ -74.1882884, 4.7501373 ], [ -74.1888735, 4.7500836 ], [ -74.189059, 4.7500649 ], [ -74.1891407, 4.750408 ], [ -74.189197, 4.7505999 ], [ -74.1892251, 4.7506846 ], [ -74.1893428, 4.7506494 ], [ -74.1893743, 4.7507766 ], [ -74.1894149, 4.7509535 ], [ -74.1894813, 4.7512189 ], [ -74.1895312, 4.7514498 ], [ -74.1895716, 4.7516427 ], [ -74.1896203, 4.7518546 ], [ -74.1896511, 4.7519891 ], [ -74.1895159, 4.7520034 ], [ -74.1890792, 4.7520511 ], [ -74.1886437, 4.7521119 ], [ -74.1885128, 4.7521179 ], [ -74.1884883, 4.752119 ], [ -74.1884076, 4.7520786 ], [ -74.1878, 4.7516751 ], [ -74.1874535, 4.751449 ], [ -74.187126, 4.7512347 ], [ -74.1867308, 4.7509628 ], [ -74.1867213, 4.7509562 ], [ -74.1866355, 4.7508992 ], [ -74.1866591, 4.7510321 ], [ -74.1867056, 4.7513242 ], [ -74.1867816, 4.7517876 ], [ -74.1868492, 4.7522109 ], [ -74.186883, 4.752522 ], [ -74.1865117, 4.7525855 ], [ -74.18644, 4.7527845 ], [ -74.1863472, 4.7530427 ], [ -74.1863036, 4.7531665 ], [ -74.1862411, 4.7533442 ], [ -74.1862355, 4.7533601 ], [ -74.1861403, 4.7536104 ], [ -74.1860583, 4.7538257 ], [ -74.1860504, 4.7538467 ], [ -74.1859221, 4.7541837 ], [ -74.1858795, 4.7542955 ], [ -74.1858584, 4.7542935 ], [ -74.1857572, 4.754284 ], [ -74.18561, 4.7542714 ], [ -74.1855515, 4.7542603 ], [ -74.18533, 4.7541714 ], [ -74.1851251, 4.7540901 ], [ -74.1852005, 4.7538777 ], [ -74.1853249, 4.753539 ], [ -74.1854346, 4.7532406 ], [ -74.1855295, 4.7529972 ], [ -74.1856349, 4.7528004 ], [ -74.1857488, 4.7526057 ], [ -74.1858268, 4.7524046 ], [ -74.1859702, 4.75203 ], [ -74.1860862, 4.7517422 ], [ -74.1862844, 4.7512427 ], [ -74.1863593, 4.7510773 ], [ -74.1864464, 4.7509164 ] ] ] } },
{ "type": "Feature", "properties": { "OBJECTID": 66.0, "SIMBOLO": "SSB-Z5-ZA", "CLASE_SUEL": "SUB-URBANO AGROINDUSTRIAL", "VEREDA": "La Florida", "NOMBRE": "Zona F", "Clase_Su_1": "RURAL - SUB-URBANO", "Shape_Leng": 3287.6723604600002, "Shape_Area": 480260.12865700002, "CLAS_CIAF": "1a" }, "geometry": { "type": "Polygon", "coordinates": [ [ [ -74.1737158, 4.7425066 ], [ -74.1730391, 4.7418118 ], [ -74.172454, 4.7412165 ], [ -74.1721615, 4.7414733 ], [ -74.1714809, 4.7420744 ], [ -74.171194, 4.742343 ], [ -74.1707103, 4.7420463 ], [ -74.1698045, 4.7414877 ], [ -74.1690732, 4.741042 ], [ -74.168757, 4.7408457 ], [ -74.1685641, 4.740726 ], [ -74.168425, 4.7406387 ], [ -74.1679931, 4.7403677 ], [ -74.1679713, 4.7403546 ], [ -74.1676092, 4.7401359 ], [ -74.1667997, 4.7396276 ], [ -74.1667953, 4.7396431 ], [ -74.1667335, 4.7396056 ], [ -74.1666598, 4.7395608 ], [ -74.1662761, 4.73932 ], [ -74.1662688, 4.7393154 ], [ -74.1657147, 4.7389797 ], [ -74.1651972, 4.7386665 ], [ -74.1651868, 4.7386602 ], [ -74.1648405, 4.7384492 ], [ -74.1648195, 4.7384364 ], [ -74.1648864, 4.7383775 ], [ -74.1649012, 4.7383645 ], [ -74.1652735, 4.738037 ], [ -74.1656721, 4.7376878 ], [ -74.166094, 4.7373216 ], [ -74.1665453, 4.7369237 ], [ -74.1669102, 4.7366041 ], [ -74.1673975, 4.7361829 ], [ -74.1677813, 4.7358337 ], [ -74.167859, 4.7357619 ], [ -74.1678641, 4.7357572 ], [ -74.1678809, 4.7357746 ], [ -74.1679104, 4.7358051 ], [ -74.1679134, 4.7358083 ], [ -74.1680119, 4.7359133 ], [ -74.1684448, 4.736375 ], [ -74.1689371, 4.736897 ], [ -74.1689578, 4.7369186 ], [ -74.1689703, 4.7369059 ], [ -74.1689759, 4.7369003 ], [ -74.1695952, 4.7362789 ], [ -74.1703938, 4.735469 ], [ -74.1704114, 4.7354873 ], [ -74.1704295, 4.735469 ], [ -74.170465, 4.7355061 ], [ -74.170497, 4.7355395 ], [ -74.1709442, 4.7360107 ], [ -74.1714871, 4.7365778 ], [ -74.1719428, 4.7370574 ], [ -74.1722354, 4.7373593 ], [ -74.1725642, 4.7377079 ], [ -74.172632, 4.7377797 ], [ -74.1729302, 4.7380985 ], [ -74.1731728, 4.7383586 ], [ -74.1732171, 4.7384061 ], [ -74.1734956, 4.738691 ], [ -74.1738697, 4.7390917 ], [ -74.1743732, 4.7396193 ], [ -74.1747502, 4.7400199 ], [ -74.1753043, 4.7406039 ], [ -74.1755744, 4.7408974 ], [ -74.1757433, 4.7411032 ], [ -74.1757966, 4.7411682 ], [ -74.175873, 4.7412474 ], [ -74.1759389, 4.7413158 ], [ -74.1759901, 4.7413867 ], [ -74.1758831, 4.7414631 ], [ -74.1756298, 4.7416444 ], [ -74.1755076, 4.7417318 ], [ -74.1754933, 4.7417417 ], [ -74.1750681, 4.7420356 ], [ -74.1750239, 4.7420642 ], [ -74.17478, 4.7422225 ], [ -74.1743346, 4.7425496 ], [ -74.1743211, 4.7425582 ], [ -74.1742641, 4.7424778 ], [ -74.174163, 4.7423783 ], [ -74.1739899, 4.7424973 ], [ -74.1738123, 4.7426057 ], [ -74.1737158, 4.7425066 ] ] ] } },
{ "type": "Feature", "properties": { "OBJECTID": 67.0, "SIMBOLO": "SSB-Z5-ZA", "CLASE_SUEL": "SUB-URBANO AGROINDUSTRIAL", "VEREDA": "LA ISLA", "NOMBRE": "Molino - San Luis - Petroductos", "Clase_Su_1": "RURAL - SUB-URBANO", "Shape_Leng": 1558.3729861100001, "Shape_Area": 87933.665207400001, "CLAS_CIAF": "1a" }, "geometry": { "type": "Polygon", "coordinates": [ [ [ -74.1861637, 4.7578461 ], [ -74.1867374, 4.7577127 ], [ -74.1867657, 4.75781 ], [ -74.1872648, 4.7577021 ], [ -74.1878934, 4.7575729 ], [ -74.188382, 4.7574665 ], [ -74.1885719, 4.7574252 ], [ -74.1888679, 4.7573608 ], [ -74.1890512, 4.7573209 ], [ -74.1895614, 4.7572101 ], [ -74.1898094, 4.7571482 ], [ -74.1899339, 4.757116 ], [ -74.1900195, 4.7571056 ], [ -74.1900177, 4.7571578 ], [ -74.1900526, 4.7573111 ], [ -74.1900941, 4.7574382 ], [ -74.1901313, 4.7576287 ], [ -74.1901837, 4.7578215 ], [ -74.1902296, 4.7579332 ], [ -74.1902849, 4.758006 ], [ -74.1901991, 4.7580214 ], [ -74.1898289, 4.7580977 ], [ -74.1894872, 4.7581739 ], [ -74.1891708, 4.7582422 ], [ -74.1888448, 4.7583042 ], [ -74.1886044, 4.758355 ], [ -74.1882758, 4.7584194 ], [ -74.1883482, 4.7589234 ], [ -74.1883757, 4.759135 ], [ -74.1882153, 4.7591541 ], [ -74.187766, 4.7592367 ], [ -74.1873252, 4.7593172 ], [ -74.1871248, 4.7593617 ], [ -74.1868653, 4.7594125 ], [ -74.1866438, 4.7594443 ], [ -74.1864476, 4.7594739 ], [ -74.1863928, 4.7594845 ], [ -74.186281, 4.7595163 ], [ -74.1859477, 4.7595756 ], [ -74.18553, 4.7596561 ], [ -74.1852663, 4.7597048 ], [ -74.1849647, 4.7597472 ], [ -74.1848824, 4.7597641 ], [ -74.1848773, 4.7597707 ], [ -74.1848834, 4.7597142 ], [ -74.1849261, 4.7594507 ], [ -74.184945, 4.759292 ], [ -74.1849688, 4.7591507 ], [ -74.1849978, 4.759066 ], [ -74.1850036, 4.7590492 ], [ -74.1850383, 4.7589317 ], [ -74.1850636, 4.7588507 ], [ -74.18507, 4.7587888 ], [ -74.185081, 4.7586507 ], [ -74.1851, 4.7584857 ], [ -74.1851205, 4.7582571 ], [ -74.1851319, 4.7581658 ], [ -74.1851347, 4.7581428 ], [ -74.1851403, 4.7580814 ], [ -74.1853473, 4.7580304 ], [ -74.1861637, 4.7578461 ] ] ] } },
{ "type": "Feature", "properties": { "OBJECTID": 68.0, "SIMBOLO": "SR-DAT-Z3", "CLASE_SUEL": "RURAL", "VEREDA": "LA ISLA", "NOMBRE": "Palizada", "Clase_Su_1": "RURAL", "Shape_Leng": 1484.3351134, "Shape_Area": 75173.181118099994, "CLAS_CIAF": "2b" }, "geometry": null },
{ "type": "Feature", "properties": { "OBJECTID": 69.0, "SIMBOLO": "SR-DAT-Z4", "CLASE_SUEL": "RURAL", "VEREDA": "LA FLORIDA", "NOMBRE": null, "Clase_Su_1": "RURAL", "Shape_Leng": 1957.36688996, "Shape_Area": 227434.52978800001, "CLAS_CIAF": "2b" }, "geometry": { "type": "Polygon", "coordinates": [ [ [ -74.1522055, 4.7367247 ], [ -74.1523971, 4.7366204 ], [ -74.1523971, 4.7367229 ], [ -74.1524199, 4.7368726 ], [ -74.1524801, 4.737411 ], [ -74.1525071, 4.7375794 ], [ -74.1526438, 4.7378788 ], [ -74.1527183, 4.7380403 ], [ -74.1528014, 4.7381636 ], [ -74.1528515, 4.7382464 ], [ -74.1528656, 4.7382696 ], [ -74.1530314, 4.7386001 ], [ -74.1530812, 4.7386978 ], [ -74.1532946, 4.7390616 ], [ -74.1534791, 4.739336 ], [ -74.1535931, 4.7395127 ], [ -74.1536573, 4.7396063 ], [ -74.1537195, 4.7397414 ], [ -74.1538182, 4.7398998 ], [ -74.1538542, 4.7399576 ], [ -74.1541444, 4.7404648 ], [ -74.1542729, 4.7407018 ], [ -74.1539683, 4.7408557 ], [ -74.1529177, 4.7413672 ], [ -74.1518236, 4.7419058 ], [ -74.1508415, 4.7423861 ], [ -74.150808, 4.7424026 ], [ -74.150645, 4.7424828 ], [ -74.1503991, 4.7426039 ], [ -74.1500292, 4.7427861 ], [ -74.1499351, 4.742591 ], [ -74.1498133, 4.7423258 ], [ -74.1497361, 4.7421411 ], [ -74.1497167, 4.7420996 ], [ -74.1496708, 4.7420011 ], [ -74.1496203, 4.7419087 ], [ -74.1495995, 4.7418015 ], [ -74.1495638, 4.7416168 ], [ -74.1495311, 4.7413933 ], [ -74.1494836, 4.741006 ], [ -74.1494509, 4.7406575 ], [ -74.1494241, 4.7404787 ], [ -74.1493766, 4.7402106 ], [ -74.1493083, 4.7399276 ], [ -74.1493018, 4.739899 ], [ -74.1492786, 4.7397965 ], [ -74.1492103, 4.7395939 ], [ -74.1491568, 4.7395135 ], [ -74.149113, 4.7394432 ], [ -74.1491122, 4.739442 ], [ -74.1490944, 4.7393764 ], [ -74.1490695, 4.739213 ], [ -74.1490523, 4.7391163 ], [ -74.149025, 4.7389627 ], [ -74.1489915, 4.7387996 ], [ -74.1489403, 4.7385404 ], [ -74.1489357, 4.7385091 ], [ -74.1490565, 4.7384435 ], [ -74.1493039, 4.7383091 ], [ -74.149469, 4.7382194 ], [ -74.1495823, 4.7381579 ], [ -74.1505349, 4.7376402 ], [ -74.151472, 4.7371271 ], [ -74.1522055, 4.7367247 ] ] ] } },
{ "type": "Feature", "properties": { "OBJECTID": 70.0, "SIMBOLO": null, "CLASE_SUEL": "SUB-URBANO AGROINDUSTRIAL", "VEREDA": "LA FLORIDA", "NOMBRE": "Lotes A, B y C Funza Central", "Clase_Su_1": "RURAL - SUB-URBANO", "Shape_Leng": 1962.5805238600001, "Shape_Area": 119770.349566, "CLAS_CIAF": "1a" }, "geometry": { "type": "Polygon", "coordinates": [ [ [ -74.1504803, 4.7327459 ], [ -74.1503966, 4.7327098 ], [ -74.1502984, 4.7327171 ], [ -74.1502044, 4.7327359 ], [ -74.1499124, 4.7328562 ], [ -74.1499042, 4.7328226 ], [ -74.1499015, 4.7328094 ], [ -74.1499992, 4.7327711 ], [ -74.1501588, 4.732717 ], [ -74.1503225, 4.7326484 ], [ -74.1504613, 4.7325798 ], [ -74.1505898, 4.7325195 ], [ -74.15071, 4.7324592 ], [ -74.1508074, 4.7324072 ], [ -74.150911, 4.7323698 ], [ -74.1510477, 4.7323282 ], [ -74.1512197, 4.7323011 ], [ -74.1513876, 4.7322782 ], [ -74.1516196, 4.7322886 ], [ -74.151887, 4.7323115 ], [ -74.1518807, 4.7323634 ], [ -74.1519741, 4.7334258 ], [ -74.1520066, 4.7336215 ], [ -74.1520073, 4.7336253 ], [ -74.1520881, 4.7341679 ], [ -74.152198, 4.7350369 ], [ -74.1522797, 4.735706 ], [ -74.1522955, 4.7358352 ], [ -74.1523971, 4.7366003 ], [ -74.1523971, 4.7366204 ], [ -74.1522055, 4.7367247 ], [ -74.151472, 4.7371271 ], [ -74.1505349, 4.7376402 ], [ -74.1495823, 4.7381579 ], [ -74.149469, 4.7382194 ], [ -74.1493039, 4.7383091 ], [ -74.1490565, 4.7384435 ], [ -74.1490536, 4.738433 ], [ -74.1490328, 4.7383338 ], [ -74.1490118, 4.7382439 ], [ -74.1489886, 4.7381493 ], [ -74.1489702, 4.7380456 ], [ -74.1489539, 4.7379465 ], [ -74.1489403, 4.7378337 ], [ -74.1489397, 4.7378096 ], [ -74.1489514, 4.7377047 ], [ -74.1489959, 4.7374634 ], [ -74.1490017, 4.7374179 ], [ -74.1490107, 4.7373943 ], [ -74.1490558, 4.7373102 ], [ -74.1491168, 4.7372264 ], [ -74.1491821, 4.7371543 ], [ -74.1492725, 4.7370826 ], [ -74.1493536, 4.7370222 ], [ -74.1494371, 4.7369526 ], [ -74.149509, 4.7368967 ], [ -74.149601, 4.7368571 ], [ -74.1497019, 4.7368339 ], [ -74.149814, 4.7368154 ], [ -74.1499103, 4.7367944 ], [ -74.1500046, 4.7367572 ], [ -74.1500969, 4.7367039 ], [ -74.1501848, 4.7366414 ], [ -74.1502732, 4.7365604 ], [ -74.1503249, 4.7364857 ], [ -74.1503453, 4.7363782 ], [ -74.1503221, 4.7362836 ], [ -74.1502108, 4.7361778 ], [ -74.1502999, 4.736026 ], [ -74.1503651, 4.7359606 ], [ -74.1504325, 4.7359 ], [ -74.1504388, 4.7358934 ], [ -74.1505071, 4.7358211 ], [ -74.1505729, 4.735726 ], [ -74.1506024, 4.7356232 ], [ -74.1506066, 4.7355268 ], [ -74.1506062, 4.7354327 ], [ -74.1506082, 4.7353363 ], [ -74.1506191, 4.735247 ], [ -74.1506641, 4.7351652 ], [ -74.1507293, 4.7350999 ], [ -74.1507155, 4.7349917 ], [ -74.1506534, 4.7349032 ], [ -74.150603, 4.7347989 ], [ -74.1505662, 4.7347017 ], [ -74.1505361, 4.7346139 ], [ -74.1504967, 4.7345281 ], [ -74.150453, 4.7344331 ], [ -74.1504294, 4.7343633 ], [ -74.1504186, 4.7343314 ], [ -74.1503933, 4.7342299 ], [ -74.1503747, 4.7341308 ], [ -74.1503861, 4.7340185 ], [ -74.1504311, 4.733939 ], [ -74.150499, 4.7338531 ], [ -74.1505486, 4.7337668 ], [ -74.1505755, 4.7336801 ], [ -74.1505981, 4.7335772 ], [ -74.1506092, 4.7334787 ], [ -74.1506043, 4.7333821 ], [ -74.150579, 4.7332806 ], [ -74.1505488, 4.733195 ], [ -74.1505348, 4.7330983 ], [ -74.1505481, 4.7330044 ], [ -74.1505545, 4.7329104 ], [ -74.1505335, 4.7328228 ], [ -74.1504803, 4.7327459 ] ] ] } },
{ "type": "Feature", "properties": { "OBJECTID": 71.0, "SIMBOLO": "SSB-Z5-ZA", "CLASE_SUEL": "SUB-URBANO AGROINDUSTRIAL", "VEREDA": "Barrio Hato Casablanca", "NOMBRE": "CREACIONES KAMUCHY LTDA", "Clase_Su_1": "RURAL - SUB-URBANO", "Shape_Leng": 387.57672919451522, "Shape_Area": 8001.6825967499999, "CLAS_CIAF": "1a" }, "geometry": { "type": "Polygon", "coordinates": [ [ [ -74.2000151, 4.7185931 ], [ -74.1999561, 4.7184618 ], [ -74.1999371, 4.7184738 ], [ -74.1998645, 4.7183092 ], [ -74.2000353, 4.7182247 ], [ -74.200035, 4.7182242 ], [ -74.1998549, 4.7178487 ], [ -74.2000923, 4.717717 ], [ -74.2003382, 4.7175857 ], [ -74.2007648, 4.7184588 ], [ -74.2007174, 4.7184871 ], [ -74.2003989, 4.7186775 ], [ -74.2003385, 4.7187136 ], [ -74.2002783, 4.7187528 ], [ -74.2001301, 4.7188493 ], [ -74.2000693, 4.7187139 ], [ -74.2000151, 4.7185931 ] ] ] } },
{ "type": "Feature", "properties": { "OBJECTID": 72.0, "SIMBOLO": "SSB-Z5-ZA", "CLASE_SUEL": "SUB-URBANO AGROINDUSTRIAL", "VEREDA": "EL CACIQUE", "NOMBRE": "Pronabel - Bordar", "Clase_Su_1": "RURAL - SUB-URBANO", "Shape_Leng": 467.27377699492712, "Shape_Area": 13296.5261997, "CLAS_CIAF": "1a" }, "geometry": { "type": "Polygon", "coordinates": [ [ [ -74.1999812, 4.719551 ], [ -74.2001031, 4.7195109 ], [ -74.2001921, 4.7197105 ], [ -74.2004543, 4.7202992 ], [ -74.2005842, 4.7205883 ], [ -74.2005089, 4.7206195 ], [ -74.2001231, 4.7207662 ], [ -74.1997484, 4.7209087 ], [ -74.1992197, 4.7198208 ], [ -74.1993688, 4.7197745 ], [ -74.199601, 4.7197005 ], [ -74.1996494, 4.7196851 ], [ -74.1999812, 4.719551 ] ] ] } },
{ "type": "Feature", "properties": { "OBJECTID": 73.0, "SIMBOLO": "SSB-Z5-ZA", "CLASE_SUEL": "SUB-URBANO AGROINDUSTRIAL", "VEREDA": "Barrio Hato Casablanca", "NOMBRE": "Transurenco - Taborda Maya - Acme León", "Clase_Su_1": "RURAL - SUB-URBANO", "Shape_Leng": 1086.2003606799999, "Shape_Area": 30061.675558800001, "CLAS_CIAF": "1a" }, "geometry": { "type": "Polygon", "coordinates": [ [ [ -74.1982347, 4.7196929 ], [ -74.1980227, 4.7192825 ], [ -74.1977329, 4.7194673 ], [ -74.1974843, 4.7190097 ], [ -74.1972747, 4.7186251 ], [ -74.1971433, 4.718384 ], [ -74.197088, 4.7182826 ], [ -74.1970526, 4.7182177 ], [ -74.1969828, 4.7180891 ], [ -74.1969183, 4.7179601 ], [ -74.1968583, 4.7178289 ], [ -74.1967832, 4.7176757 ], [ -74.1974332, 4.7173317 ], [ -74.1974237, 4.7173078 ], [ -74.1981975, 4.7169325 ], [ -74.1982131, 4.716925 ], [ -74.1985914, 4.716742 ], [ -74.1987842, 4.7171536 ], [ -74.1984651, 4.7173151 ], [ -74.1981081, 4.7174956 ], [ -74.1977045, 4.717707 ], [ -74.1977051, 4.7177085 ], [ -74.1978386, 4.7179502 ], [ -74.1978667, 4.718001 ], [ -74.1979988, 4.7182401 ], [ -74.1981437, 4.7185024 ], [ -74.1980528, 4.7185546 ], [ -74.1982559, 4.7189468 ], [ -74.1985693, 4.7195429 ], [ -74.1987259, 4.7198408 ], [ -74.1984252, 4.7200617 ], [ -74.1982347, 4.7196929 ] ] ] } },
{ "type": "Feature", "properties": { "OBJECTID": 74.0, "SIMBOLO": "SR-DAT-Z1", "CLASE_SUEL": "RURAL", "VEREDA": null, "NOMBRE": null, "Clase_Su_1": "RURAL", "Shape_Leng": 1074.0092967800001, "Shape_Area": 65276.058852800001, "CLAS_CIAF": "2c" }, "geometry": { "type": "Polygon", "coordinates": [ [ [ -74.2188312, 4.7329329 ], [ -74.220582, 4.7320326 ], [ -74.2212216, 4.7331015 ], [ -74.2213426, 4.7333064 ], [ -74.2213264, 4.7333178 ], [ -74.2207497, 4.7337283 ], [ -74.2186628, 4.7348529 ], [ -74.2185875, 4.7348936 ], [ -74.2184191, 4.7347317 ], [ -74.217973, 4.7343028 ], [ -74.2179172, 4.7342315 ], [ -74.2176886, 4.7337578 ], [ -74.21766, 4.7336986 ], [ -74.2175995, 4.7335733 ], [ -74.2177198, 4.7335107 ], [ -74.2178623, 4.7334366 ], [ -74.2180172, 4.733356 ], [ -74.218173, 4.733275 ], [ -74.218771, 4.7329639 ], [ -74.2188094, 4.7329441 ], [ -74.2188312, 4.7329329 ] ] ] } },
{ "type": "Feature", "properties": { "OBJECTID": 75.0, "SIMBOLO": "SR-DAT-Z4", "CLASE_SUEL": "RURAL", "VEREDA": "LA FLORIDA", "NOMBRE": null, "Clase_Su_1": "RURAL", "Shape_Leng": 20705.937544299999, "Shape_Area": 6308678.0224900004, "CLAS_CIAF": "2b" }, "geometry": { "type": "Polygon", "coordinates": [ [ [ -74.170465, 4.7355061 ], [ -74.1704295, 4.735469 ], [ -74.1704285, 4.73547 ], [ -74.1704276, 4.735469 ], [ -74.1704104, 4.7354863 ], [ -74.1703938, 4.735469 ], [ -74.1695952, 4.7362789 ], [ -74.1689759, 4.7369003 ], [ -74.168975, 4.7369013 ], [ -74.1689708, 4.736897 ], [ -74.1684785, 4.736375 ], [ -74.1679471, 4.7358083 ], [ -74.1679441, 4.7358051 ], [ -74.1678978, 4.7357571 ], [ -74.1678927, 4.7357619 ], [ -74.16788, 4.7357736 ], [ -74.1678641, 4.7357572 ], [ -74.167859, 4.7357619 ], [ -74.1677813, 4.7358337 ], [ -74.1673975, 4.7361829 ], [ -74.1669102, 4.7366041 ], [ -74.1665453, 4.7369237 ], [ -74.166094, 4.7373216 ], [ -74.1656721, 4.7376878 ], [ -74.1652735, 4.738037 ], [ -74.1649012, 4.7383645 ], [ -74.1648864, 4.7383775 ], [ -74.1648195, 4.7384364 ], [ -74.1644518, 4.7382123 ], [ -74.1640017, 4.7379387 ], [ -74.1631916, 4.7374478 ], [ -74.1626188, 4.7371008 ], [ -74.1623382, 4.7369088 ], [ -74.1612017, 4.7362147 ], [ -74.1611872, 4.7361216 ], [ -74.1646203, 4.7327151 ], [ -74.1648167, 4.7325203 ], [ -74.1645836, 4.7322817 ], [ -74.1642179, 4.7319071 ], [ -74.1641634, 4.7318291 ], [ -74.1640389, 4.7316912 ], [ -74.1638188, 4.7314542 ], [ -74.1634762, 4.7310851 ], [ -74.1631364, 4.730721 ], [ -74.1630825, 4.7306718 ], [ -74.1630794, 4.7306689 ], [ -74.1628434, 4.7304244 ], [ -74.162597, 4.7301461 ], [ -74.162348, 4.7298729 ], [ -74.162286, 4.7298052 ], [ -74.1621743, 4.729683 ], [ -74.1618155, 4.7292907 ], [ -74.1617309, 4.7291982 ], [ -74.1617076, 4.7291728 ], [ -74.16157, 4.7290223 ], [ -74.1610798, 4.7284968 ], [ -74.1607375, 4.7281248 ], [ -74.1605102, 4.7278746 ], [ -74.1604898, 4.7278521 ], [ -74.1604298, 4.7277859 ], [ -74.1604167, 4.7277984 ], [ -74.1604117, 4.7278031 ], [ -74.1603961, 4.7277859 ], [ -74.160007, 4.7281555 ], [ -74.1599094, 4.7282508 ], [ -74.1598453, 4.7283367 ], [ -74.1597986, 4.7284401 ], [ -74.1597714, 4.7285298 ], [ -74.1597656, 4.7286723 ], [ -74.159787, 4.7287796 ], [ -74.1598064, 4.7288557 ], [ -74.1598103, 4.7289396 ], [ -74.1598376, 4.729041 ], [ -74.1598959, 4.7292752 ], [ -74.1599387, 4.7294586 ], [ -74.1598493, 4.7295386 ], [ -74.1597109, 4.7296384 ], [ -74.1596745, 4.7296543 ], [ -74.1596665, 4.7296219 ], [ -74.1595713, 4.7293127 ], [ -74.1595582, 4.7292833 ], [ -74.15953, 4.7292956 ], [ -74.1595245, 4.7292833 ], [ -74.1594853, 4.7293003 ], [ -74.1588692, 4.7295568 ], [ -74.1582341, 4.7298234 ], [ -74.1577685, 4.7300126 ], [ -74.1578546, 4.7302267 ], [ -74.1578278, 4.73024 ], [ -74.1571906, 4.7305133 ], [ -74.157102, 4.7303124 ], [ -74.1570978, 4.7303141 ], [ -74.1570735, 4.7303243 ], [ -74.1570683, 4.7303124 ], [ -74.1570641, 4.7303141 ], [ -74.1568471, 4.7304051 ], [ -74.1564266, 4.7305853 ], [ -74.1563292, 4.7306235 ], [ -74.1561083, 4.7307099 ], [ -74.1555272, 4.7309575 ], [ -74.1548907, 4.7312227 ], [ -74.1542789, 4.7314688 ], [ -74.154269, 4.731473 ], [ -74.1540307, 4.7315729 ], [ -74.1538587, 4.7316446 ], [ -74.1535314, 4.7317809 ], [ -74.1533825, 4.7318381 ], [ -74.153292, 4.7318835 ], [ -74.1531874, 4.7319256 ], [ -74.1528803, 4.7320491 ], [ -74.152616, 4.7321516 ], [ -74.1525632, 4.7321743 ], [ -74.152524, 4.7321912 ], [ -74.1524525, 4.7322205 ], [ -74.1523722, 4.7322469 ], [ -74.1523035, 4.7322703 ], [ -74.1522291, 4.7322923 ], [ -74.1521663, 4.7323069 ], [ -74.1520451, 4.7323231 ], [ -74.1519868, 4.7323231 ], [ -74.1519207, 4.7323115 ], [ -74.1516534, 4.7322886 ], [ -74.1516513, 4.7322885 ], [ -74.1514213, 4.7322782 ], [ -74.1514129, 4.7322794 ], [ -74.1513876, 4.7322782 ], [ -74.1513871, 4.7322783 ], [ -74.1513856, 4.7322782 ], [ -74.1512178, 4.7323011 ], [ -74.1510458, 4.7323282 ], [ -74.1509091, 4.7323698 ], [ -74.1508054, 4.7324072 ], [ -74.1507081, 4.7324592 ], [ -74.1505879, 4.7325195 ], [ -74.1504594, 4.7325798 ], [ -74.1503206, 4.7326484 ], [ -74.1501569, 4.732717 ], [ -74.1499973, 4.7327711 ], [ -74.1498996, 4.7328094 ], [ -74.1498798, 4.7327369 ], [ -74.1498633, 4.732703 ], [ -74.1498421, 4.7326593 ], [ -74.149802, 4.7325923 ], [ -74.1497686, 4.7324984 ], [ -74.1497351, 4.7323711 ], [ -74.1496817, 4.7320985 ], [ -74.1496727, 4.7320091 ], [ -74.1496705, 4.7318482 ], [ -74.1496148, 4.7318505 ], [ -74.1496705, 4.731694 ], [ -74.1497792, 4.7315298 ], [ -74.1498624, 4.7313242 ], [ -74.1499158, 4.7309399 ], [ -74.1500286, 4.7304364 ], [ -74.1501265, 4.729924 ], [ -74.1502185, 4.7295009 ], [ -74.1503224, 4.7291464 ], [ -74.150367, 4.7288604 ], [ -74.1503937, 4.7287233 ], [ -74.1506846, 4.7282377 ], [ -74.1508925, 4.7278533 ], [ -74.1509786, 4.7277639 ], [ -74.1511419, 4.727606 ], [ -74.1514715, 4.7273319 ], [ -74.1517476, 4.7270846 ], [ -74.1518931, 4.7269863 ], [ -74.1520535, 4.7269267 ], [ -74.1522227, 4.7268939 ], [ -74.1524217, 4.7267538 ], [ -74.1526859, 4.7266227 ], [ -74.1530334, 4.7264856 ], [ -74.1533273, 4.7263545 ], [ -74.153752, 4.7262472 ], [ -74.1541528, 4.726128 ], [ -74.1546401, 4.7259298 ], [ -74.154675, 4.7259156 ], [ -74.1549864, 4.7257885 ], [ -74.1553771, 4.7256984 ], [ -74.1558733, 4.7255765 ], [ -74.1563114, 4.7254335 ], [ -74.1565543, 4.7254017 ], [ -74.1566122, 4.7253803 ], [ -74.1566745, 4.7253982 ], [ -74.1567102, 4.7254518 ], [ -74.1568867, 4.7254529 ], [ -74.1570755, 4.72555 ], [ -74.1574067, 4.725532 ], [ -74.1579322, 4.7255137 ], [ -74.158554, 4.7251512 ], [ -74.1590045, 4.7247604 ], [ -74.1594032, 4.7242781 ], [ -74.1597621, 4.7238246 ], [ -74.1600579, 4.7232566 ], [ -74.1602395, 4.7227059 ], [ -74.1603812, 4.7220816 ], [ -74.1603742, 4.7221534 ], [ -74.1603594, 4.7223053 ], [ -74.1603297, 4.722496 ], [ -74.1602822, 4.7227492 ], [ -74.1602199, 4.7229816 ], [ -74.1601427, 4.7232438 ], [ -74.1601101, 4.723357 ], [ -74.1601023, 4.7233775 ], [ -74.1601524, 4.7233791 ], [ -74.1602458, 4.7234052 ], [ -74.1605885, 4.7235692 ], [ -74.1609311, 4.7237957 ], [ -74.1612582, 4.7239936 ], [ -74.1617851, 4.7243269 ], [ -74.1621953, 4.7245898 ], [ -74.1624237, 4.7247304 ], [ -74.1626832, 4.7248996 ], [ -74.1628282, 4.7249887 ], [ -74.1628406, 4.7249761 ], [ -74.1629041, 4.724909 ], [ -74.163111, 4.7247146 ], [ -74.1632829, 4.7245311 ], [ -74.1633738, 4.7244377 ], [ -74.1634931, 4.7243058 ], [ -74.1636424, 4.7241493 ], [ -74.1637132, 4.7240751 ], [ -74.1638555, 4.7239224 ], [ -74.163925, 4.7238527 ], [ -74.1639672, 4.7238103 ], [ -74.1641446, 4.7236279 ], [ -74.1641689, 4.7236028 ], [ -74.1639294, 4.7232264 ], [ -74.1633271, 4.7222994 ], [ -74.1629845, 4.7217629 ], [ -74.1629273, 4.7216874 ], [ -74.1623666, 4.7208021 ], [ -74.1621226, 4.7208594 ], [ -74.1612453, 4.7210835 ], [ -74.1611414, 4.720758 ], [ -74.1608997, 4.7200132 ], [ -74.1608844, 4.720021 ], [ -74.1607494, 4.7200965 ], [ -74.1603633, 4.7203242 ], [ -74.1603651, 4.7203301 ], [ -74.1604126, 4.7204522 ], [ -74.1604364, 4.7205118 ], [ -74.1604691, 4.7205923 ], [ -74.1604839, 4.7206846 ], [ -74.1604988, 4.7207829 ], [ -74.1605, 4.7207995 ], [ -74.1605077, 4.7209051 ], [ -74.1605048, 4.721063 ], [ -74.1604988, 4.721197 ], [ -74.1604708, 4.7214298 ], [ -74.1604698, 4.7209574 ], [ -74.1603459, 4.720269 ], [ -74.1603259, 4.7202057 ], [ -74.1602951, 4.7201695 ], [ -74.1621059, 4.7190987 ], [ -74.1632505, 4.7184047 ], [ -74.1640851, 4.7176868 ], [ -74.1652059, 4.7171124 ], [ -74.166589, 4.7164183 ], [ -74.167519, 4.7158679 ], [ -74.1683297, 4.7151979 ], [ -74.1689736, 4.7145518 ], [ -74.1698797, 4.7135706 ], [ -74.1709288, 4.7123024 ], [ -74.1712627, 4.7126373 ], [ -74.1715965, 4.712087 ], [ -74.1712149, 4.7117521 ], [ -74.171191, 4.7110582 ], [ -74.1706662, 4.7101969 ], [ -74.1703084, 4.7093835 ], [ -74.1701652, 4.7086178 ], [ -74.1701651, 4.7078282 ], [ -74.1700696, 4.7071105 ], [ -74.1698548, 4.7061534 ], [ -74.1698786, 4.7052442 ], [ -74.1700829, 4.7045975 ], [ -74.1705497, 4.704641 ], [ -74.1711838, 4.7046397 ], [ -74.1718632, 4.7044833 ], [ -74.1724968, 4.7042584 ], [ -74.1729463, 4.7040713 ], [ -74.1734384, 4.7038666 ], [ -74.1741463, 4.7036758 ], [ -74.1752539, 4.7034154 ], [ -74.1761501, 4.7031669 ], [ -74.1768067, 4.7029877 ], [ -74.1769832, 4.7027753 ], [ -74.177002, 4.70268 ], [ -74.1770228, 4.7025746 ], [ -74.1771437, 4.7028671 ], [ -74.177139, 4.7028863 ], [ -74.1771123, 4.7029757 ], [ -74.1770611, 4.7030963 ], [ -74.1769764, 4.703179 ], [ -74.1771552, 4.7034527 ], [ -74.1772414, 4.7036188 ], [ -74.1773163, 4.7037371 ], [ -74.1774116, 4.7039009 ], [ -74.1775341, 4.703976 ], [ -74.1776475, 4.7040488 ], [ -74.1777065, 4.7040602 ], [ -74.1777314, 4.7041034 ], [ -74.1779016, 4.7044539 ], [ -74.1779583, 4.7046268 ], [ -74.1780763, 4.7049636 ], [ -74.1782102, 4.705371 ], [ -74.1782556, 4.7055235 ], [ -74.1787535, 4.7058606 ], [ -74.1787521, 4.7058624 ], [ -74.1789613, 4.7060013 ], [ -74.1790586, 4.7060673 ], [ -74.1790133, 4.7061378 ], [ -74.1788954, 4.7062857 ], [ -74.1787752, 4.7064246 ], [ -74.178596, 4.7066499 ], [ -74.1785212, 4.7067592 ], [ -74.1783987, 4.7068957 ], [ -74.1783488, 4.7069321 ], [ -74.1782649, 4.7069822 ], [ -74.1781515, 4.7070437 ], [ -74.1779541, 4.7071416 ], [ -74.1776071, 4.7073077 ], [ -74.1772329, 4.707499 ], [ -74.1767112, 4.7077334 ], [ -74.176498, 4.7078472 ], [ -74.1762689, 4.7079565 ], [ -74.1760625, 4.7080521 ], [ -74.1758312, 4.7081614 ], [ -74.1757109, 4.7082137 ], [ -74.1755023, 4.7083253 ], [ -74.17549, 4.7083758 ], [ -74.1755056, 4.7084533 ], [ -74.1755574, 4.7085826 ], [ -74.1756404, 4.7087853 ], [ -74.1757036, 4.7089031 ], [ -74.1757632, 4.7090552 ], [ -74.1758081, 4.7091562 ], [ -74.1758683, 4.7092738 ], [ -74.1759724, 4.709477 ], [ -74.176083, 4.7096835 ], [ -74.1761739, 4.7098637 ], [ -74.1762276, 4.7099801 ], [ -74.1763031, 4.7101164 ], [ -74.176324, 4.7101724 ], [ -74.1763831, 4.7102877 ], [ -74.1764061, 4.7103547 ], [ -74.1764477, 4.7104514 ], [ -74.1765014, 4.7105701 ], [ -74.1766011, 4.710792 ], [ -74.1766155, 4.7108249 ], [ -74.1766668, 4.7109425 ], [ -74.1768114, 4.7112468 ], [ -74.1768278, 4.7113237 ], [ -74.1768256, 4.7113742 ], [ -74.1768048, 4.7114028 ], [ -74.1767687, 4.7114346 ], [ -74.1766526, 4.7115149 ], [ -74.1763934, 4.7116836 ], [ -74.1763691, 4.7116995 ], [ -74.1762178, 4.7117865 ], [ -74.1759608, 4.7119418 ], [ -74.1756776, 4.7121264 ], [ -74.175574, 4.7121908 ], [ -74.1753958, 4.7123139 ], [ -74.1751097, 4.7124941 ], [ -74.1751031, 4.7124988 ], [ -74.1750294, 4.7125513 ], [ -74.1747141, 4.7127535 ], [ -74.1746352, 4.7128077 ], [ -74.1745199, 4.7129073 ], [ -74.1744973, 4.7129293 ], [ -74.1745214, 4.7129708 ], [ -74.1745716, 4.713032 ], [ -74.1746759, 4.713148 ], [ -74.174685, 4.7132368 ], [ -74.1748643, 4.7135099 ], [ -74.1750662, 4.7138375 ], [ -74.175352, 4.7142949 ], [ -74.1757119, 4.7148719 ], [ -74.1757309, 4.7149025 ], [ -74.1758875, 4.7151596 ], [ -74.1760123, 4.7153599 ], [ -74.1761665, 4.7155943 ], [ -74.176182, 4.7156203 ], [ -74.1762981, 4.715815 ], [ -74.1764637, 4.7160722 ], [ -74.1765908, 4.7162838 ], [ -74.1767791, 4.7165842 ], [ -74.1769602, 4.7168676 ], [ -74.1769607, 4.7168683 ], [ -74.1769856, 4.7169073 ], [ -74.1770843, 4.71707 ], [ -74.1771693, 4.7172099 ], [ -74.1774552, 4.7176719 ], [ -74.1776526, 4.7179882 ], [ -74.1781245, 4.7187437 ], [ -74.1784989, 4.7193467 ], [ -74.1785752, 4.7194687 ], [ -74.1786214, 4.7195424 ], [ -74.1789141, 4.7200021 ], [ -74.1789435, 4.720059 ], [ -74.1790819, 4.7202797 ], [ -74.1792632, 4.720569 ], [ -74.1793429, 4.7206961 ], [ -74.1796151, 4.7211239 ], [ -74.1797172, 4.7212809 ], [ -74.179749, 4.7213128 ], [ -74.1798238, 4.7214084 ], [ -74.1799509, 4.7215859 ], [ -74.1799551, 4.7215928 ], [ -74.1801506, 4.7219181 ], [ -74.1802413, 4.7220865 ], [ -74.1803264, 4.7222202 ], [ -74.1803774, 4.7223004 ], [ -74.1805317, 4.7225598 ], [ -74.1805729, 4.7226383 ], [ -74.1805771, 4.7226463 ], [ -74.1806747, 4.7227828 ], [ -74.1808267, 4.7230058 ], [ -74.1809288, 4.7231719 ], [ -74.1810377, 4.7233562 ], [ -74.1811352, 4.7234996 ], [ -74.1812135, 4.723661 ], [ -74.1812146, 4.7236634 ], [ -74.1812509, 4.7237272 ], [ -74.181353, 4.7239342 ], [ -74.1814937, 4.7242346 ], [ -74.1815913, 4.724469 ], [ -74.1816524, 4.7245849 ], [ -74.1816752, 4.7246283 ], [ -74.1818046, 4.7249037 ], [ -74.1818802, 4.7250583 ], [ -74.1819555, 4.7252017 ], [ -74.1820462, 4.7253771 ], [ -74.1821164, 4.7255396 ], [ -74.1821546, 4.7256151 ], [ -74.1822172, 4.7257457 ], [ -74.182235, 4.7257834 ], [ -74.1822529, 4.7258212 ], [ -74.1823691, 4.7260734 ], [ -74.1824584, 4.7262552 ], [ -74.182549, 4.726451 ], [ -74.1826435, 4.7266507 ], [ -74.182729, 4.726826 ], [ -74.1828234, 4.7270347 ], [ -74.1828758, 4.7271448 ], [ -74.1828988, 4.7271963 ], [ -74.1829523, 4.7273163 ], [ -74.1830519, 4.7275429 ], [ -74.1831515, 4.7277784 ], [ -74.1831859, 4.7278488 ], [ -74.1832548, 4.7280203 ], [ -74.1832944, 4.7280946 ], [ -74.1833259, 4.7281458 ], [ -74.1833621, 4.7282046 ], [ -74.1834373, 4.7283147 ], [ -74.1834795, 4.7283621 ], [ -74.1835241, 4.7283992 ], [ -74.1835803, 4.7284312 ], [ -74.1836275, 4.728467 ], [ -74.1836722, 4.7285029 ], [ -74.1837372, 4.7285707 ], [ -74.183801, 4.7286462 ], [ -74.1838323, 4.7286936 ], [ -74.1839287, 4.7288395 ], [ -74.1839323, 4.7288466 ], [ -74.1838803, 4.7288969 ], [ -74.1833483, 4.7293684 ], [ -74.1833349, 4.7293807 ], [ -74.1828422, 4.729832 ], [ -74.1825904, 4.7300541 ], [ -74.1825828, 4.7300537 ], [ -74.1824496, 4.7299049 ], [ -74.1824487, 4.7299061 ], [ -74.1824477, 4.729905 ], [ -74.1822894, 4.7301159 ], [ -74.182061, 4.7303764 ], [ -74.1819683, 4.730444 ], [ -74.1818897, 4.7305014 ], [ -74.1817833, 4.7305665 ], [ -74.1817002, 4.7305952 ], [ -74.1816795, 4.7306316 ], [ -74.1817232, 4.7307217 ], [ -74.1816743, 4.7307462 ], [ -74.1815627, 4.7307801 ], [ -74.1814397, 4.7307878 ], [ -74.1813777, 4.7307619 ], [ -74.1812661, 4.7307254 ], [ -74.1811285, 4.7306629 ], [ -74.1809649, 4.7306057 ], [ -74.1808429, 4.7305588 ], [ -74.1807339, 4.7305068 ], [ -74.1806457, 4.7304729 ], [ -74.1805652, 4.7304417 ], [ -74.1804925, 4.7304313 ], [ -74.1804927, 4.7304316 ], [ -74.1804906, 4.7304313 ], [ -74.1806274, 4.7307079 ], [ -74.180649, 4.7307516 ], [ -74.1810878, 4.7316525 ], [ -74.1811916, 4.7318478 ], [ -74.1813682, 4.7322098 ], [ -74.1815151, 4.7325005 ], [ -74.1817385, 4.7329427 ], [ -74.1817602, 4.7329858 ], [ -74.1818016, 4.7330658 ], [ -74.1818066, 4.7330754 ], [ -74.1818453, 4.7331504 ], [ -74.1819431, 4.7333397 ], [ -74.1819613, 4.7333748 ], [ -74.1820528, 4.7335519 ], [ -74.1820926, 4.7336289 ], [ -74.1823496, 4.7341289 ], [ -74.1827677, 4.7349335 ], [ -74.1827996, 4.7349927 ], [ -74.1828501, 4.7350639 ], [ -74.1827883, 4.7351085 ], [ -74.1824019, 4.7354765 ], [ -74.182236, 4.7356364 ], [ -74.1820046, 4.7358598 ], [ -74.1816794, 4.7361643 ], [ -74.1814782, 4.7363604 ], [ -74.1810009, 4.7367898 ], [ -74.1809019, 4.7368803 ], [ -74.1804711, 4.7372834 ], [ -74.1802296, 4.7375024 ], [ -74.1800716, 4.7376588 ], [ -74.1800171, 4.7377127 ], [ -74.1795892, 4.7381304 ], [ -74.1791818, 4.7385276 ], [ -74.1791241, 4.7385937 ], [ -74.1791207, 4.7385977 ], [ -74.1790561, 4.7385217 ], [ -74.1790572, 4.7385206 ], [ -74.1791753, 4.738405 ], [ -74.1793795, 4.738202 ], [ -74.179712, 4.7378781 ], [ -74.1800387, 4.7375639 ], [ -74.1801389, 4.7374665 ], [ -74.1795853, 4.7368879 ], [ -74.1790303, 4.7363052 ], [ -74.1787243, 4.7359826 ], [ -74.1784597, 4.7357017 ], [ -74.1780733, 4.7352907 ], [ -74.177692, 4.7348927 ], [ -74.1772667, 4.7344479 ], [ -74.1769114, 4.7340707 ], [ -74.1765587, 4.733704 ], [ -74.1763849, 4.7335193 ], [ -74.1760996, 4.7332175 ], [ -74.1758195, 4.7329262 ], [ -74.1754668, 4.7325542 ], [ -74.1752613, 4.7323307 ], [ -74.1752603, 4.7323317 ], [ -74.1752594, 4.7323307 ], [ -74.174934, 4.7326289 ], [ -74.1744984, 4.7330452 ], [ -74.1741302, 4.7333835 ], [ -74.1741757, 4.73343 ], [ -74.1744208, 4.7336835 ], [ -74.1748059, 4.7340841 ], [ -74.1751665, 4.7344646 ], [ -74.1754466, 4.7347572 ], [ -74.1757374, 4.7350692 ], [ -74.1750754, 4.7357143 ], [ -74.1759692, 4.7366693 ], [ -74.17679, 4.7375464 ], [ -74.1771888, 4.737967 ], [ -74.1777647, 4.7385875 ], [ -74.1783233, 4.7391937 ], [ -74.1783424, 4.7392095 ], [ -74.1779174, 4.7396275 ], [ -74.1775402, 4.7400037 ], [ -74.1776201, 4.7400817 ], [ -74.177581, 4.7401224 ], [ -74.1774355, 4.7402655 ], [ -74.1773016, 4.7403823 ], [ -74.1770251, 4.7405956 ], [ -74.1769163, 4.7406733 ], [ -74.1768667, 4.7407087 ], [ -74.1768126, 4.7407474 ], [ -74.1763178, 4.7411447 ], [ -74.1761228, 4.7412907 ], [ -74.1760466, 4.741345 ], [ -74.1759895, 4.7413858 ], [ -74.1759389, 4.7413158 ], [ -74.175873, 4.7412474 ], [ -74.1757966, 4.7411682 ], [ -74.1757433, 4.7411032 ], [ -74.1755744, 4.7408974 ], [ -74.1753043, 4.7406039 ], [ -74.1747502, 4.7400199 ], [ -74.1743732, 4.7396193 ], [ -74.1738697, 4.7390917 ], [ -74.1734956, 4.738691 ], [ -74.1732171, 4.7384061 ], [ -74.1731728, 4.7383586 ], [ -74.1729302, 4.7380985 ], [ -74.172632, 4.7377797 ], [ -74.1725642, 4.7377079 ], [ -74.1722354, 4.7373593 ], [ -74.1719428, 4.7370574 ], [ -74.1714871, 4.7365778 ], [ -74.1711971, 4.7362749 ], [ -74.1710707, 4.7361387 ], [ -74.1707253, 4.7357779 ], [ -74.1706525, 4.7357034 ], [ -74.170497, 4.7355395 ], [ -74.170465, 4.7355061 ] ], [ [ -74.1697945, 4.7324503 ], [ -74.1701776, 4.7321029 ], [ -74.1704479, 4.731857 ], [ -74.1705298, 4.7318582 ], [ -74.1705879, 4.731859 ], [ -74.1707455, 4.7317087 ], [ -74.171465, 4.7310316 ], [ -74.1715897, 4.7309141 ], [ -74.1715742, 4.7308969 ], [ -74.1713754, 4.7306773 ], [ -74.1709552, 4.730196 ], [ -74.1705351, 4.72972 ], [ -74.1702203, 4.7293772 ], [ -74.1701526, 4.7294462 ], [ -74.1698198, 4.7297849 ], [ -74.1695097, 4.7301004 ], [ -74.1691996, 4.7304196 ], [ -74.1688246, 4.7308056 ], [ -74.1685068, 4.731136 ], [ -74.1684429, 4.7312024 ], [ -74.1682667, 4.7313857 ], [ -74.1682864, 4.7314051 ], [ -74.1687322, 4.7318582 ], [ -74.168705, 4.7318582 ], [ -74.1689308, 4.7320867 ], [ -74.1690321, 4.7321921 ], [ -74.1694585, 4.7326237 ], [ -74.1695283, 4.732697 ], [ -74.1697945, 4.7324503 ] ] ] } },
{ "type": "Feature", "properties": { "OBJECTID": 76.0, "SIMBOLO": "SR-DAT-Z4", "CLASE_SUEL": "RURAL", "VEREDA": "LA FLORIDA", "NOMBRE": null, "Clase_Su_1": "RURAL", "Shape_Leng": 583.61658946189641, "Shape_Area": 19407.724049600001, "CLAS_CIAF": "2c" }, "geometry": { "type": "Polygon", "coordinates": [ [ [ -74.1625274, 4.7431978 ], [ -74.1624846, 4.7430025 ], [ -74.1625442, 4.7430104 ], [ -74.162612, 4.7430215 ], [ -74.1626685, 4.7430308 ], [ -74.1627246, 4.7430399 ], [ -74.1632566, 4.7431269 ], [ -74.1640009, 4.7432486 ], [ -74.1640088, 4.7432869 ], [ -74.1640664, 4.7435659 ], [ -74.164081, 4.7436364 ], [ -74.1640825, 4.7436437 ], [ -74.1641373, 4.7439398 ], [ -74.1641442, 4.7439775 ], [ -74.1642054, 4.7443082 ], [ -74.1642119, 4.7443435 ], [ -74.1640315, 4.7443119 ], [ -74.1639244, 4.7442931 ], [ -74.1638265, 4.744276 ], [ -74.1635793, 4.7442327 ], [ -74.1634769, 4.7442148 ], [ -74.1633138, 4.7441862 ], [ -74.1632082, 4.7441678 ], [ -74.1630974, 4.7441484 ], [ -74.1630136, 4.7441337 ], [ -74.1629716, 4.7441263 ], [ -74.1627748, 4.7440896 ], [ -74.162719, 4.7440812 ], [ -74.1626727, 4.7438766 ], [ -74.1626642, 4.743837 ], [ -74.1625274, 4.7431978 ] ] ] } },
{ "type": "Feature", "properties": { "OBJECTID": 77.0, "SIMBOLO": "SR-DAT-Z4", "CLASE_SUEL": "RURAL", "VEREDA": "LA FLORIDA", "NOMBRE": null, "Clase_Su_1": "RURAL", "Shape_Leng": 4329.0501614699997, "Shape_Area": 485096.42641199997, "CLAS_CIAF": "2b" }, "geometry": { "type": "Polygon", "coordinates": [ [ [ -74.165262, 4.7449274 ], [ -74.165273, 4.7448882 ], [ -74.1654157, 4.74438 ], [ -74.1654593, 4.7442228 ], [ -74.1656322, 4.7435984 ], [ -74.1657843, 4.7430613 ], [ -74.165798, 4.7430129 ], [ -74.1658491, 4.7428323 ], [ -74.1659141, 4.7426027 ], [ -74.1659302, 4.7425458 ], [ -74.1659865, 4.7423353 ], [ -74.1661242, 4.7418206 ], [ -74.1661414, 4.741761 ], [ -74.166168, 4.7416691 ], [ -74.1657423, 4.7417059 ], [ -74.1654938, 4.7411437 ], [ -74.1653398, 4.7407936 ], [ -74.164593, 4.7409667 ], [ -74.163534, 4.7412064 ], [ -74.1622251, 4.7415219 ], [ -74.1622759, 4.7417553 ], [ -74.1623137, 4.7419295 ], [ -74.162256, 4.741931 ], [ -74.1621944, 4.7416563 ], [ -74.162154, 4.7414775 ], [ -74.1621191, 4.741293 ], [ -74.1620865, 4.7411621 ], [ -74.1620073, 4.7407663 ], [ -74.1619355, 4.7404919 ], [ -74.1619161, 4.740414 ], [ -74.1618802, 4.7402311 ], [ -74.1618354, 4.7400377 ], [ -74.161821, 4.7399676 ], [ -74.1618772, 4.7399293 ], [ -74.1618779, 4.7399325 ], [ -74.1619363, 4.739889 ], [ -74.1620085, 4.7398352 ], [ -74.1620802, 4.7397817 ], [ -74.1622566, 4.7396503 ], [ -74.1624731, 4.739489 ], [ -74.1624851, 4.73948 ], [ -74.1628051, 4.7393353 ], [ -74.1629056, 4.7392899 ], [ -74.1630717, 4.7392195 ], [ -74.1631033, 4.7392948 ], [ -74.1631808, 4.7394799 ], [ -74.1632048, 4.7395396 ], [ -74.1632254, 4.7395906 ], [ -74.1632427, 4.7396335 ], [ -74.1632625, 4.7396828 ], [ -74.163334, 4.7398601 ], [ -74.1633617, 4.7399256 ], [ -74.1633865, 4.7399843 ], [ -74.1636611, 4.7406335 ], [ -74.1637598, 4.7408757 ], [ -74.1638156, 4.740841 ], [ -74.1640531, 4.7406934 ], [ -74.164702, 4.7402923 ], [ -74.165031, 4.7400874 ], [ -74.1652834, 4.7399302 ], [ -74.1662307, 4.7393468 ], [ -74.1662577, 4.7393308 ], [ -74.1666242, 4.7395608 ], [ -74.1666979, 4.7396056 ], [ -74.1667597, 4.7396431 ], [ -74.1667641, 4.7396276 ], [ -74.1675736, 4.7401359 ], [ -74.1679357, 4.7403546 ], [ -74.1679575, 4.7403677 ], [ -74.1683758, 4.7406302 ], [ -74.1683894, 4.7406387 ], [ -74.1685285, 4.740726 ], [ -74.1687213, 4.7408457 ], [ -74.1690376, 4.741042 ], [ -74.1697689, 4.7414877 ], [ -74.1706746, 4.7420463 ], [ -74.1710956, 4.7423045 ], [ -74.1711584, 4.742343 ], [ -74.1711725, 4.7423298 ], [ -74.171194, 4.742343 ], [ -74.1714809, 4.7420744 ], [ -74.1721615, 4.7414733 ], [ -74.1724348, 4.7412333 ], [ -74.1730034, 4.7418118 ], [ -74.1736801, 4.7425066 ], [ -74.1737767, 4.7426057 ], [ -74.173799, 4.742592 ], [ -74.1738123, 4.7426057 ], [ -74.1739899, 4.7424973 ], [ -74.174142, 4.7423927 ], [ -74.174179, 4.7424291 ], [ -74.1742285, 4.7424778 ], [ -74.1742855, 4.7425582 ], [ -74.1742329, 4.7425914 ], [ -74.1742204, 4.7425993 ], [ -74.173941, 4.742795 ], [ -74.1736266, 4.7430258 ], [ -74.1729194, 4.7435369 ], [ -74.1728866, 4.7435607 ], [ -74.1728349, 4.7435983 ], [ -74.1728028, 4.7436182 ], [ -74.1724827, 4.7438173 ], [ -74.1721393, 4.7440422 ], [ -74.1716561, 4.7443635 ], [ -74.1714582, 4.7445008 ], [ -74.1713039, 4.7446177 ], [ -74.1710391, 4.7448163 ], [ -74.1707916, 4.7450237 ], [ -74.17066, 4.7451184 ], [ -74.1703027, 4.7453837 ], [ -74.169234, 4.7461223 ], [ -74.1681212, 4.746886 ], [ -74.1667118, 4.7475097 ], [ -74.1662261, 4.746705 ], [ -74.1655425, 4.7455849 ], [ -74.1652804, 4.7451614 ], [ -74.165271, 4.7451462 ], [ -74.1652525, 4.7451163 ], [ -74.1652246, 4.7451127 ], [ -74.1652105, 4.7451109 ], [ -74.165262, 4.7449274 ] ] ] } },
{ "type": "Feature", "properties": { "OBJECTID": 78.0, "SIMBOLO": null, "CLASE_SUEL": "RURAL", "VEREDA": "LA FLORIDA", "NOMBRE": "Antes SSB-Z11-CM Cementerio", "Clase_Su_1": "RURAL", "Shape_Leng": 448.93334490789874, "Shape_Area": 12490.184271300001, "CLAS_CIAF": "2c" }, "geometry": { "type": "Polygon", "coordinates": [ [ [ -74.1861972, 4.7344451 ], [ -74.1870828, 4.7337247 ], [ -74.1874922, 4.7341784 ], [ -74.1875234, 4.734214 ], [ -74.1875948, 4.7342955 ], [ -74.1875957, 4.7342965 ], [ -74.1876294, 4.734335 ], [ -74.1876739, 4.7343976 ], [ -74.1873323, 4.734683 ], [ -74.1871148, 4.7348749 ], [ -74.1869776, 4.734979 ], [ -74.1868389, 4.7351064 ], [ -74.186576, 4.7348428 ], [ -74.1862605, 4.7345127 ], [ -74.1861972, 4.7344451 ] ] ] } },
{ "type": "Feature", "properties": { "OBJECTID": 79.0, "SIMBOLO": null, "CLASE_SUEL": "URBANO", "VEREDA": "PRADERAS DEL COCLI", "NOMBRE": "Praderas del Cocli", "Clase_Su_1": "URBANO", "Shape_Leng": 618.13564325603534, "Shape_Area": 14629.6840801, "CLAS_CIAF": "1a" }, "geometry": { "type": "Polygon", "coordinates": [ [ [ -74.2279414, 4.7441696 ], [ -74.2278988, 4.7440667 ], [ -74.2274515, 4.7433041 ], [ -74.2270587, 4.74279 ], [ -74.2270981, 4.7427509 ], [ -74.2271447, 4.7426992 ], [ -74.2272301, 4.7426008 ], [ -74.2272741, 4.742636 ], [ -74.227318, 4.7426712 ], [ -74.2276165, 4.7429105 ], [ -74.2277096, 4.7429851 ], [ -74.2277239, 4.7429968 ], [ -74.2278205, 4.743075 ], [ -74.2279521, 4.7431817 ], [ -74.228082, 4.743287 ], [ -74.2282259, 4.7434036 ], [ -74.2286164, 4.7437139 ], [ -74.2286264, 4.7437219 ], [ -74.2286857, 4.7437689 ], [ -74.2287205, 4.7437968 ], [ -74.2287673, 4.7438342 ], [ -74.2288183, 4.7438751 ], [ -74.2288194, 4.743876 ], [ -74.2289697, 4.7439962 ], [ -74.2289377, 4.7439993 ], [ -74.2289042, 4.7440198 ], [ -74.2288752, 4.7440376 ], [ -74.2287458, 4.7441041 ], [ -74.2287506, 4.7441077 ], [ -74.2286813, 4.744146 ], [ -74.2286107, 4.744185 ], [ -74.2285102, 4.7442405 ], [ -74.2282835, 4.7443657 ], [ -74.2282264, 4.7443973 ], [ -74.2280553, 4.7444918 ], [ -74.2279743, 4.7444828 ], [ -74.2279886, 4.7443584 ], [ -74.227979, 4.7442484 ], [ -74.2279414, 4.7441696 ] ] ] } },
{ "type": "Feature", "properties": { "OBJECTID": 80.0, "SIMBOLO": null, "CLASE_SUEL": "URBANO", "VEREDA": "TIENDA NUEVA", "NOMBRE": "Asentamiento Tienda Nueva", "Clase_Su_1": "URBANO", "Shape_Leng": 206.68585290057732, "Shape_Area": 2347.1090655899998, "CLAS_CIAF": "1a" }, "geometry": { "type": "Polygon", "coordinates": [ [ [ -74.2201261, 4.7882354 ], [ -74.2200918, 4.788511 ], [ -74.2199722, 4.7885002 ], [ -74.2194922, 4.7886289 ], [ -74.2194236, 4.7883418 ], [ -74.2201261, 4.7882354 ] ] ] } },
{ "type": "Feature", "properties": { "OBJECTID": 81.0, "SIMBOLO": null, "CLASE_SUEL": "URBANO", "VEREDA": "Asentamiento Los Pinos", "NOMBRE": "Asentamiento Los Pinos", "Clase_Su_1": "URBANO", "Shape_Leng": 402.69247008050161, "Shape_Area": 4898.9867517000002, "CLAS_CIAF": "1a" }, "geometry": { "type": "MultiPolygon", "coordinates": [ [ [ [ -74.2247401, 4.7272617 ], [ -74.2247905, 4.7272288 ], [ -74.2248649, 4.727329 ], [ -74.2248907, 4.7273636 ], [ -74.224997, 4.7275068 ], [ -74.2249361, 4.72755 ], [ -74.2249493, 4.7275693 ], [ -74.2248568, 4.7276354 ], [ -74.2248095, 4.7276691 ], [ -74.2246687, 4.7277797 ], [ -74.2245221, 4.7278865 ], [ -74.2243872, 4.7279872 ], [ -74.2242918, 4.7278528 ], [ -74.2242653, 4.727814 ], [ -74.2241545, 4.7276572 ], [ -74.2242935, 4.7275639 ], [ -74.2244416, 4.7274644 ], [ -74.2245965, 4.7273604 ], [ -74.2247401, 4.7272617 ] ] ], [ [ [ -74.2232439, 4.7277819 ], [ -74.2233394, 4.7277081 ], [ -74.223582, 4.7280294 ], [ -74.2234741, 4.7281066 ], [ -74.223368, 4.7281849 ], [ -74.2231338, 4.7278669 ], [ -74.2232439, 4.7277819 ] ] ] ] } },
{ "type": "Feature", "properties": { "OBJECTID": 82.0, "SIMBOLO": "SSB-Z1", "CLASE_SUEL": "SUB-URBANO AEROPUERTO", "VEREDA": "LA FLORIDA", "NOMBRE": "Aeropuerto El Dorado", "Clase_Su_1": "RURAL - SUB-URBANO", "Shape_Leng": 6235.2598194499997, "Shape_Area": 2079746.9444500001, "CLAS_CIAF": "1a" }, "geometry": { "type": "Polygon", "coordinates": [ [ [ -74.1700829, 4.7045975 ], [ -74.1698786, 4.7052442 ], [ -74.1698548, 4.7061534 ], [ -74.1700696, 4.7071105 ], [ -74.1701651, 4.7078282 ], [ -74.1701652, 4.7086178 ], [ -74.1703084, 4.7093835 ], [ -74.1706662, 4.7101969 ], [ -74.171191, 4.7110582 ], [ -74.1712149, 4.7117521 ], [ -74.1715965, 4.712087 ], [ -74.1712627, 4.7126373 ], [ -74.1709288, 4.7123024 ], [ -74.1698797, 4.7135706 ], [ -74.1689736, 4.7145518 ], [ -74.1683297, 4.7151979 ], [ -74.167519, 4.7158679 ], [ -74.166589, 4.7164183 ], [ -74.1652059, 4.7171124 ], [ -74.1640851, 4.7176868 ], [ -74.1632505, 4.7184047 ], [ -74.1621059, 4.7190987 ], [ -74.1602951, 4.7201695 ], [ -74.1601359, 4.7199827 ], [ -74.1600978, 4.7199667 ], [ -74.1599731, 4.7199339 ], [ -74.1598603, 4.719928 ], [ -74.1596791, 4.7198684 ], [ -74.1595128, 4.7198029 ], [ -74.1593561, 4.7197315 ], [ -74.159216, 4.7196879 ], [ -74.1586954, 4.7193796 ], [ -74.1584608, 4.7191738 ], [ -74.1583404, 4.7190749 ], [ -74.1581542, 4.7189219 ], [ -74.1579114, 4.7187223 ], [ -74.1575333, 4.7182532 ], [ -74.1570753, 4.7178358 ], [ -74.1567774, 4.7174354 ], [ -74.1563427, 4.7171612 ], [ -74.1562347, 4.7173792 ], [ -74.1561503, 4.7179927 ], [ -74.1560899, 4.7180536 ], [ -74.1559736, 4.7181706 ], [ -74.1558956, 4.7181438 ], [ -74.1558572, 4.7181438 ], [ -74.1557651, 4.7181051 ], [ -74.1557572, 4.7180962 ], [ -74.1556592, 4.7180625 ], [ -74.1554985, 4.7177592 ], [ -74.1555377, 4.7173694 ], [ -74.1556109, 4.7168878 ], [ -74.1555644, 4.7165383 ], [ -74.1555459, 4.7159251 ], [ -74.1555965, 4.7155582 ], [ -74.155413, 4.7152319 ], [ -74.155258, 4.7148998 ], [ -74.1550058, 4.7145107 ], [ -74.1549536, 4.7141383 ], [ -74.1549641, 4.7137542 ], [ -74.15482, 4.7131815 ], [ -74.1547789, 4.7126601 ], [ -74.1547491, 4.7121271 ], [ -74.1547819, 4.711445 ], [ -74.1548035, 4.7109005 ], [ -74.1548082, 4.7104478 ], [ -74.1549782, 4.7098227 ], [ -74.155194, 4.7092319 ], [ -74.1555298, 4.7087153 ], [ -74.1557234, 4.7084055 ], [ -74.1560824, 4.7080378 ], [ -74.1565219, 4.7078764 ], [ -74.1570018, 4.7079097 ], [ -74.1574877, 4.7080519 ], [ -74.157962, 4.7081711 ], [ -74.1584821, 4.7082617 ], [ -74.1590077, 4.7082949 ], [ -74.1597216, 4.7082417 ], [ -74.1603441, 4.7081658 ], [ -74.1608922, 4.7080614 ], [ -74.1614744, 4.7078137 ], [ -74.1618621, 4.707532 ], [ -74.16201, 4.7072451 ], [ -74.1621352, 4.7070097 ], [ -74.1621177, 4.7068551 ], [ -74.1620546, 4.7067463 ], [ -74.1618945, 4.7066894 ], [ -74.1616596, 4.7063575 ], [ -74.161522, 4.7061458 ], [ -74.1615674, 4.7059851 ], [ -74.1618469, 4.7058242 ], [ -74.1622297, 4.7058634 ], [ -74.1625725, 4.7058741 ], [ -74.1630523, 4.7058902 ], [ -74.1636863, 4.7058601 ], [ -74.1642973, 4.7057728 ], [ -74.1647027, 4.7056572 ], [ -74.1650279, 4.7054789 ], [ -74.1652682, 4.7053961 ], [ -74.1655302, 4.7053058 ], [ -74.1658782, 4.7051101 ], [ -74.1663861, 4.7049141 ], [ -74.1671566, 4.7046144 ], [ -74.167796, 4.7044467 ], [ -74.1681462, 4.7044119 ], [ -74.1683271, 4.7043939 ], [ -74.1689042, 4.7044556 ], [ -74.1699498, 4.7045851 ], [ -74.1700829, 4.7045975 ] ] ] } },
{ "type": "Feature", "properties": { "OBJECTID": 83.0, "SIMBOLO": "SSB-Z2-PR", "CLASE_SUEL": "SUB-URBANO PLANTA RECICLAJE", "VEREDA": "LA ISLA", "NOMBRE": "Planta de Reciclaje", "Clase_Su_1": "RURAL - SUB-URBANO", "Shape_Leng": 781.85722994739479, "Shape_Area": 37229.662591699998, "CLAS_CIAF": "1a" }, "geometry": { "type": "Polygon", "coordinates": [ [ [ -74.2019408, 4.7914128 ], [ -74.2009853, 4.7924472 ], [ -74.199047, 4.7913876 ], [ -74.2008517, 4.7898536 ], [ -74.2011682, 4.7903985 ], [ -74.20162, 4.7911767 ], [ -74.2019408, 4.7914128 ] ] ] } }
]
}
