{
"type": "FeatureCollection",
"name": "madrid",
"crs": { "type": "name", "properties": { "name": "urn:ogc:def:crs:OGC:1.3:CRS84" } },
"xy_coordinate_resolution": 1e-07,
"features": [
{ "type": "Feature", "properties": { "id": 0, "layer": "MADRID OFICIAL — AREA DE AMORTIGUACION DE AREAS PROTEGIDAS", "clas_CIAF": "3a" }, "geometry": { "type": "Polygon", "coordinates": [ [ [ -74.2107313, 4.8062008 ], [ -74.2107111, 4.8057585 ], [ -74.2110541, 4.8056177 ], [ -74.2114375, 4.8054368 ], [ -74.2116998, 4.805296 ], [ -74.2119621, 4.8051754 ], [ -74.2121235, 4.8049341 ], [ -74.2123253, 4.8045722 ], [ -74.2126078, 4.8041098 ], [ -74.2128297, 4.8038484 ], [ -74.2131929, 4.8035669 ], [ -74.2135359, 4.8032854 ], [ -74.2137982, 4.8031245 ], [ -74.2140606, 4.8029838 ], [ -74.2142825, 4.8028229 ], [ -74.2145852, 4.8026018 ], [ -74.2148071, 4.8021594 ], [ -74.2150694, 4.8017774 ], [ -74.21513, 4.8013351 ], [ -74.2151501, 4.8011742 ], [ -74.2150694, 4.8007922 ], [ -74.2149887, 4.800571 ], [ -74.2147668, 4.8001689 ], [ -74.2147668, 4.7999879 ], [ -74.2147869, 4.7998874 ], [ -74.2149685, 4.7997064 ], [ -74.2151905, 4.7995657 ], [ -74.2154326, 4.7994249 ], [ -74.2154931, 4.7991837 ], [ -74.2154326, 4.7988821 ], [ -74.2153721, 4.7987614 ], [ -74.2153115, 4.7987413 ], [ -74.2149282, 4.798862 ], [ -74.2146861, 4.799063 ], [ -74.2144843, 4.7992239 ], [ -74.2143229, 4.7995054 ], [ -74.214222, 4.7998472 ], [ -74.2139395, 4.8003297 ], [ -74.2135561, 4.800752 ], [ -74.2131526, 4.8010737 ], [ -74.2131021, 4.8011541 ], [ -74.2126078, 4.8003197 ], [ -74.2130214, 4.7998271 ], [ -74.2132232, 4.7995355 ], [ -74.2132333, 4.7992641 ], [ -74.2133241, 4.7989122 ], [ -74.2133543, 4.7985805 ], [ -74.2134754, 4.7983492 ], [ -74.2136873, 4.7980979 ], [ -74.2138588, 4.7978466 ], [ -74.2140606, 4.7977058 ], [ -74.2142522, 4.7974947 ], [ -74.2142522, 4.7973942 ], [ -74.2141514, 4.7972434 ], [ -74.2141715, 4.7970926 ], [ -74.2142422, 4.7969317 ], [ -74.2144944, 4.7963888 ], [ -74.2148676, 4.795856 ], [ -74.2153115, 4.7955343 ], [ -74.2156949, 4.795283 ], [ -74.2158866, 4.795102 ], [ -74.215927, 4.7948708 ], [ -74.2164011, 4.794539 ], [ -74.2167946, 4.7944486 ], [ -74.2170972, 4.7944284 ], [ -74.2172385, 4.7944385 ], [ -74.21741, 4.7946496 ], [ -74.2173898, 4.7949412 ], [ -74.2173696, 4.7950417 ], [ -74.2178791, 4.7954567 ], [ -74.2197059, 4.7946005 ], [ -74.2210799, 4.7954169 ], [ -74.2246647, 4.7975925 ], [ -74.2243621, 4.7984571 ], [ -74.224584, 4.7995026 ], [ -74.2229184, 4.8002895 ], [ -74.2234026, 4.8014758 ], [ -74.2236044, 4.8026621 ], [ -74.223443, 4.8036875 ], [ -74.2231605, 4.8046526 ], [ -74.2222929, 4.8059193 ], [ -74.2220104, 4.8071056 ], [ -74.2219701, 4.8075681 ], [ -74.2220911, 4.8085734 ], [ -74.2220306, 4.809076 ], [ -74.2217078, 4.8106443 ], [ -74.2216069, 4.8110263 ], [ -74.2211831, 4.8127354 ], [ -74.2212701, 4.8130275 ], [ -74.2214397, 4.8132462 ], [ -74.2107313, 4.8062008 ] ] ] } },
{ "type": "Feature", "properties": { "id": 0, "layer": "MADRID OFICIAL — AREA DE AMORTIGUACION DE AREAS PROTEGIDAS", "clas_CIAF": "3a" }, "geometry": { "type": "MultiPolygon", "coordinates": [ [ [ [ -74.2025983, 4.8018801 ], [ -74.2037617, 4.8018801 ], [ -74.2040471, 4.8021323 ], [ -74.2040526, 4.8019483 ], [ -74.2040677, 4.8015864 ], [ -74.2041636, 4.8014356 ], [ -74.2042947, 4.8012597 ], [ -74.2045318, 4.8012295 ], [ -74.2048294, 4.8011893 ], [ -74.2054348, 4.8010033 ], [ -74.2058837, 4.8009078 ], [ -74.2067434, 4.8008146 ], [ -74.2067434, 4.8008146 ], [ -74.2072676, 4.8022078 ], [ -74.2072676, 4.8022078 ], [ -74.2072154, 4.8027274 ], [ -74.2072759, 4.8033507 ], [ -74.2073667, 4.8039238 ], [ -74.2079519, 4.8054519 ], [ -74.2080931, 4.8058339 ], [ -74.2084866, 4.8062762 ], [ -74.2089507, 4.807171 ], [ -74.2088397, 4.8074122 ], [ -74.2085168, 4.807563 ], [ -74.2081436, 4.8076133 ], [ -74.2078106, 4.807372 ], [ -74.20774, 4.8072313 ], [ -74.2074676, 4.8067085 ], [ -74.2075786, 4.8063567 ], [ -74.2076997, 4.8059143 ], [ -74.2078207, 4.8055222 ], [ -74.2076896, 4.8050497 ], [ -74.2074979, 4.8047783 ], [ -74.2071851, 4.804346 ], [ -74.206832, 4.8039439 ], [ -74.2066605, 4.803783 ], [ -74.2064588, 4.8034915 ], [ -74.2063982, 4.8032201 ], [ -74.2062973, 4.8029285 ], [ -74.2061359, 4.8025565 ], [ -74.2061157, 4.8025163 ], [ -74.205571, 4.8022147 ], [ -74.2053086, 4.802265 ], [ -74.2052582, 4.8022952 ], [ -74.2051069, 4.8024661 ], [ -74.2050262, 4.8028179 ], [ -74.2050463, 4.8029084 ], [ -74.205238, 4.8031396 ], [ -74.2053692, 4.8034814 ], [ -74.2053894, 4.8037227 ], [ -74.205238, 4.8038132 ], [ -74.2048849, 4.8038836 ], [ -74.2045722, 4.8038836 ], [ -74.2044511, 4.8040143 ], [ -74.2044511, 4.8041449 ], [ -74.2044208, 4.8043159 ], [ -74.2043603, 4.8047884 ], [ -74.20432, 4.8050095 ], [ -74.2041888, 4.8053614 ], [ -74.2044208, 4.8057434 ], [ -74.2046428, 4.8059545 ], [ -74.2047538, 4.8061053 ], [ -74.204663, 4.8061958 ], [ -74.2042392, 4.8063466 ], [ -74.2041686, 4.8064974 ], [ -74.2042594, 4.806618 ], [ -74.2041384, 4.8066985 ], [ -74.2038357, 4.8067186 ], [ -74.2036339, 4.8066381 ], [ -74.2034221, 4.8064672 ], [ -74.2032506, 4.8061355 ], [ -74.2029883, 4.8058439 ], [ -74.2028571, 4.8057937 ], [ -74.2027058, 4.8057535 ], [ -74.2022417, 4.8057233 ], [ -74.2020601, 4.8058439 ], [ -74.2019289, 4.8059947 ], [ -74.201818, 4.806236 ], [ -74.2015254, 4.8063164 ], [ -74.2012934, 4.8061455 ], [ -74.2011118, 4.8060148 ], [ -74.2010109, 4.8060148 ], [ -74.2009667, 4.8060288 ], [ -74.2010118, 4.8049366 ], [ -74.2018156, 4.8025336 ], [ -74.2025983, 4.8018801 ] ] ], [ [ [ -74.186289, 4.8330674 ], [ -74.1864504, 4.8325145 ], [ -74.1865614, 4.832042 ], [ -74.186743, 4.8319365 ], [ -74.1871718, 4.8317304 ], [ -74.1873887, 4.8313987 ], [ -74.1877115, 4.8310066 ], [ -74.1880343, 4.8307251 ], [ -74.1883269, 4.8303431 ], [ -74.1889171, 4.8288955 ], [ -74.1893257, 4.8278751 ], [ -74.1894568, 4.8277243 ], [ -74.1897192, 4.8274127 ], [ -74.190274, 4.8262365 ], [ -74.1906978, 4.8247185 ], [ -74.1907431, 4.82404 ], [ -74.1912375, 4.8232357 ], [ -74.1914695, 4.8227582 ], [ -74.1917772, 4.8220897 ], [ -74.1917772, 4.8215921 ], [ -74.1918176, 4.8213508 ], [ -74.1920042, 4.820813 ], [ -74.1921303, 4.8205616 ], [ -74.1923422, 4.8201897 ], [ -74.1925541, 4.8198077 ], [ -74.1927003, 4.8195513 ], [ -74.1928719, 4.8191995 ], [ -74.1930888, 4.8187069 ], [ -74.1933309, 4.8182746 ], [ -74.1933864, 4.8180233 ], [ -74.1933763, 4.8176664 ], [ -74.1935453, 4.8172115 ], [ -74.1936335, 4.8170657 ], [ -74.1938126, 4.8168395 ], [ -74.193974, 4.8166736 ], [ -74.1942868, 4.8163746 ], [ -74.1945743, 4.8161433 ], [ -74.1947862, 4.8161132 ], [ -74.194988, 4.8161333 ], [ -74.1951796, 4.8161232 ], [ -74.1953209, 4.816083 ], [ -74.1954924, 4.8160227 ], [ -74.1956134, 4.8158719 ], [ -74.1957042, 4.8157312 ], [ -74.195785, 4.8155 ], [ -74.1959262, 4.8152486 ], [ -74.1960271, 4.8150375 ], [ -74.1960977, 4.814947 ], [ -74.1962188, 4.8147058 ], [ -74.1962894, 4.8145148 ], [ -74.19636, 4.8143137 ], [ -74.1963096, 4.8140624 ], [ -74.1963297, 4.8139518 ], [ -74.1963802, 4.81362 ], [ -74.1964205, 4.8134089 ], [ -74.1964811, 4.8131576 ], [ -74.1965012, 4.8130671 ], [ -74.1965416, 4.8129163 ], [ -74.196703, 4.8126348 ], [ -74.1968644, 4.8124539 ], [ -74.1971217, 4.8123282 ], [ -74.1974395, 4.8120467 ], [ -74.1976614, 4.8117049 ], [ -74.1977472, 4.8114033 ], [ -74.1977775, 4.8112626 ], [ -74.1978077, 4.8109107 ], [ -74.197838, 4.8108504 ], [ -74.1978985, 4.8107298 ], [ -74.1979691, 4.8106393 ], [ -74.198181, 4.8104382 ], [ -74.1983828, 4.8102171 ], [ -74.1985543, 4.8099758 ], [ -74.1987258, 4.8096742 ], [ -74.198857, 4.809453 ], [ -74.1988771, 4.8092218 ], [ -74.1988469, 4.8090509 ], [ -74.1988368, 4.8088197 ], [ -74.1986854, 4.8082768 ], [ -74.1988368, 4.8079451 ], [ -74.1993059, 4.8073921 ], [ -74.1992857, 4.8078345 ], [ -74.1994068, 4.808307 ], [ -74.1993765, 4.8087694 ], [ -74.1993059, 4.8093726 ], [ -74.1991747, 4.8098501 ], [ -74.1991243, 4.8101768 ], [ -74.1991142, 4.8105941 ], [ -74.199094, 4.8106142 ], [ -74.1988216, 4.8108253 ], [ -74.1985997, 4.8109861 ], [ -74.1982062, 4.811348 ], [ -74.1979742, 4.8116295 ], [ -74.197722, 4.8119412 ], [ -74.1975, 4.8122126 ], [ -74.1973588, 4.8123835 ], [ -74.1971873, 4.8126147 ], [ -74.197157, 4.812675 ], [ -74.1972276, 4.8130671 ], [ -74.1972276, 4.8131174 ], [ -74.1973285, 4.8132983 ], [ -74.1973891, 4.8135094 ], [ -74.1974294, 4.8137809 ], [ -74.1973487, 4.8140423 ], [ -74.1971873, 4.8142132 ], [ -74.1969351, 4.8143439 ], [ -74.1964912, 4.8145047 ], [ -74.1964508, 4.8146253 ], [ -74.1964912, 4.8149068 ], [ -74.1966324, 4.8152185 ], [ -74.1967636, 4.8154296 ], [ -74.1966929, 4.8156608 ], [ -74.1965416, 4.8159222 ], [ -74.1964811, 4.8161936 ], [ -74.1963903, 4.8166862 ], [ -74.1961784, 4.8167264 ], [ -74.1957143, 4.8165455 ], [ -74.1955226, 4.816465 ], [ -74.195331, 4.8164449 ], [ -74.1950888, 4.8166359 ], [ -74.1947862, 4.816837 ], [ -74.1946046, 4.817028 ], [ -74.1943019, 4.8174 ], [ -74.1941607, 4.817782 ], [ -74.1941909, 4.8179127 ], [ -74.1942817, 4.8181439 ], [ -74.1943826, 4.8184254 ], [ -74.1943826, 4.8186466 ], [ -74.1943322, 4.8188476 ], [ -74.1930711, 4.8199635 ], [ -74.1930106, 4.8200841 ], [ -74.1928088, 4.8203656 ], [ -74.1926676, 4.8205265 ], [ -74.1925465, 4.8208683 ], [ -74.1925465, 4.8211296 ], [ -74.192486, 4.8215116 ], [ -74.1924254, 4.821773 ], [ -74.192264, 4.821954 ], [ -74.1921631, 4.8220545 ], [ -74.1919614, 4.8223561 ], [ -74.1918201, 4.8227582 ], [ -74.1916183, 4.8231201 ], [ -74.1915578, 4.8234619 ], [ -74.1913863, 4.8240148 ], [ -74.1913459, 4.8241053 ], [ -74.1910332, 4.8245778 ], [ -74.1908012, 4.8249498 ], [ -74.1907104, 4.8252714 ], [ -74.1907003, 4.8255831 ], [ -74.1905086, 4.8260757 ], [ -74.1904279, 4.8263873 ], [ -74.190327, 4.8268598 ], [ -74.1902665, 4.8270609 ], [ -74.1900243, 4.8274429 ], [ -74.189873, 4.8277243 ], [ -74.1897015, 4.8280058 ], [ -74.1894089, 4.8284884 ], [ -74.1890659, 4.8289005 ], [ -74.1890256, 4.8290413 ], [ -74.1892273, 4.8293529 ], [ -74.1894291, 4.8296746 ], [ -74.1893787, 4.829936 ], [ -74.1890256, 4.830127 ], [ -74.1888238, 4.8302677 ], [ -74.1887834, 4.8304286 ], [ -74.1887834, 4.8307503 ], [ -74.1887431, 4.8310016 ], [ -74.1884404, 4.8313032 ], [ -74.1878956, 4.8316248 ], [ -74.1876434, 4.8318661 ], [ -74.1876333, 4.8321074 ], [ -74.1875425, 4.8323788 ], [ -74.1875425, 4.8325095 ], [ -74.1872096, 4.8326402 ], [ -74.1868767, 4.8328412 ], [ -74.1866547, 4.8331026 ], [ -74.1864328, 4.8334343 ], [ -74.1863319, 4.8337862 ], [ -74.1862714, 4.834138 ], [ -74.1860797, 4.8346708 ], [ -74.1860696, 4.8348819 ], [ -74.185999, 4.8351132 ], [ -74.1857467, 4.8354147 ], [ -74.1854239, 4.8355052 ], [ -74.1851515, 4.8357766 ], [ -74.18526, 4.8354499 ], [ -74.1856332, 4.8351483 ], [ -74.1859258, 4.8346558 ], [ -74.1861881, 4.8337611 ], [ -74.186289, 4.8330674 ] ] ], [ [ [ -74.1805032, 4.8407075 ], [ -74.1808361, 4.8403557 ], [ -74.1814313, 4.8401747 ], [ -74.1821274, 4.8399636 ], [ -74.1826319, 4.839843 ], [ -74.1830657, 4.840044 ], [ -74.1837719, 4.8398229 ], [ -74.1840039, 4.8391694 ], [ -74.1844882, 4.8382546 ], [ -74.1846597, 4.8377822 ], [ -74.1847858, 4.8368422 ], [ -74.1849296, 4.8361938 ], [ -74.184985, 4.8359928 ], [ -74.1851515, 4.8357766 ], [ -74.1852423, 4.836028 ], [ -74.1854138, 4.8363195 ], [ -74.1853541, 4.8366569 ], [ -74.185347, 4.8366656 ], [ -74.1850002, 4.8369025 ], [ -74.184869, 4.8372544 ], [ -74.1851616, 4.8381089 ], [ -74.1843646, 4.8394358 ], [ -74.184294, 4.8396771 ], [ -74.1842738, 4.8399385 ], [ -74.1842536, 4.8403506 ], [ -74.1842234, 4.8405416 ], [ -74.1841628, 4.8410443 ], [ -74.1842133, 4.8415368 ], [ -74.1841426, 4.8418384 ], [ -74.1841023, 4.8419591 ], [ -74.1840518, 4.8424315 ], [ -74.1840619, 4.8427029 ], [ -74.184072, 4.8427029 ], [ -74.1840619, 4.8427432 ], [ -74.1837492, 4.8428135 ], [ -74.1835878, 4.8430146 ], [ -74.1834768, 4.8432257 ], [ -74.1833658, 4.8437685 ], [ -74.1834264, 4.8440701 ], [ -74.1831741, 4.8443717 ], [ -74.1829219, 4.8444722 ], [ -74.1827403, 4.8446532 ], [ -74.1827121, 4.8448359 ], [ -74.1790807, 4.8420546 ], [ -74.1795145, 4.8415419 ], [ -74.1799281, 4.8411699 ], [ -74.1802005, 4.8409488 ], [ -74.1805032, 4.8407075 ] ] ] ] } },
{ "type": "Feature", "properties": { "id": 0, "layer": "MADRID OFICIAL — AREA DE AMORTIGUACION DE AREAS PROTEGIDAS", "clas_CIAF": "3a" }, "geometry": { "type": "Polygon", "coordinates": [ [ [ -74.1736627, 4.8572893 ], [ -74.1736577, 4.8572794 ], [ -74.1736526, 4.8572697 ], [ -74.1736474, 4.8572601 ], [ -74.1736419, 4.8572505 ], [ -74.1736363, 4.8572411 ], [ -74.1736305, 4.8572317 ], [ -74.1736246, 4.8572224 ], [ -74.1736185, 4.8572133 ], [ -74.1736122, 4.8572042 ], [ -74.1736058, 4.8571953 ], [ -74.1735992, 4.8571865 ], [ -74.1735925, 4.8571778 ], [ -74.1735856, 4.8571692 ], [ -74.1735786, 4.8571607 ], [ -74.1735715, 4.8571523 ], [ -74.1735641, 4.8571441 ], [ -74.1735567, 4.857136 ], [ -74.1735491, 4.8571281 ], [ -74.1735414, 4.8571202 ], [ -74.1735335, 4.8571125 ], [ -74.1735255, 4.857105 ], [ -74.1735173, 4.8570975 ], [ -74.1735091, 4.8570903 ], [ -74.1735007, 4.8570831 ], [ -74.1734922, 4.8570761 ], [ -74.1734836, 4.8570693 ], [ -74.1734748, 4.8570626 ], [ -74.1734659, 4.8570561 ], [ -74.173457, 4.8570497 ], [ -74.1734479, 4.8570435 ], [ -74.1734387, 4.8570374 ], [ -74.1734294, 4.8570315 ], [ -74.17342, 4.8570258 ], [ -74.1734105, 4.8570202 ], [ -74.1734009, 4.8570148 ], [ -74.1733912, 4.8570095 ], [ -74.1733814, 4.8570044 ], [ -74.1733716, 4.8569995 ], [ -74.1733616, 4.8569948 ], [ -74.1733516, 4.8569902 ], [ -74.1733415, 4.8569858 ], [ -74.1733313, 4.8569816 ], [ -74.173321, 4.8569776 ], [ -74.1733107, 4.8569737 ], [ -74.1733003, 4.85697 ], [ -74.1732898, 4.8569665 ], [ -74.1732793, 4.8569632 ], [ -74.1732688, 4.8569601 ], [ -74.1732581, 4.8569571 ], [ -74.1732475, 4.8569544 ], [ -74.1732368, 4.8569518 ], [ -74.173226, 4.8569494 ], [ -74.1732152, 4.8569472 ], [ -74.1732043, 4.8569451 ], [ -74.1731935, 4.8569433 ], [ -74.1731826, 4.8569417 ], [ -74.1731716, 4.8569402 ], [ -74.1731607, 4.8569389 ], [ -74.1731497, 4.8569379 ], [ -74.1731387, 4.856937 ], [ -74.1731277, 4.8569363 ], [ -74.1731167, 4.8569358 ], [ -74.1731057, 4.8569355 ], [ -74.1730946, 4.8569353 ], [ -74.1730836, 4.8569354 ], [ -74.1730726, 4.8569357 ], [ -74.1730616, 4.8569361 ], [ -74.1730506, 4.8569367 ], [ -74.1730396, 4.8569376 ], [ -74.1730286, 4.8569386 ], [ -74.1730176, 4.8569398 ], [ -74.1730067, 4.8569412 ], [ -74.1729958, 4.8569428 ], [ -74.1729849, 4.8569446 ], [ -74.172974, 4.8569465 ], [ -74.1729632, 4.8569487 ], [ -74.1729525, 4.856951 ], [ -74.1729417, 4.8569536 ], [ -74.172931, 4.8569563 ], [ -74.1729204, 4.8569592 ], [ -74.1729098, 4.8569623 ], [ -74.1728993, 4.8569655 ], [ -74.1728888, 4.856969 ], [ -74.1728784, 4.8569726 ], [ -74.1728681, 4.8569764 ], [ -74.1728578, 4.8569804 ], [ -74.1728476, 4.8569845 ], [ -74.1728374, 4.8569889 ], [ -74.1728274, 4.8569934 ], [ -74.1728174, 4.8569981 ], [ -74.1728075, 4.8570029 ], [ -74.1727977, 4.857008 ], [ -74.172788, 4.8570132 ], [ -74.1727784, 4.8570185 ], [ -74.1727689, 4.8570241 ], [ -74.1727594, 4.8570298 ], [ -74.1727501, 4.8570356 ], [ -74.1727409, 4.8570416 ], [ -74.1727317, 4.8570478 ], [ -74.1727227, 4.8570542 ], [ -74.1727138, 4.8570607 ], [ -74.1727051, 4.8570673 ], [ -74.1726964, 4.8570741 ], [ -74.1726878, 4.857081 ], [ -74.1726794, 4.8570881 ], [ -74.1726009, 4.8571415 ], [ -74.1725215, 4.8571935 ], [ -74.1724411, 4.8572442 ], [ -74.17236, 4.8572934 ], [ -74.172278, 4.8573413 ], [ -74.1721951, 4.8573877 ], [ -74.1721115, 4.8574327 ], [ -74.1720271, 4.8574763 ], [ -74.171942, 4.8575185 ], [ -74.1718561, 4.8575591 ], [ -74.1717696, 4.8575983 ], [ -74.1716824, 4.857636 ], [ -74.1715946, 4.8576722 ], [ -74.1715062, 4.8577069 ], [ -74.1714171, 4.8577401 ], [ -74.1713275, 4.8577717 ], [ -74.1713193, 4.8577572 ], [ -74.1713108, 4.8577429 ], [ -74.1713021, 4.8577287 ], [ -74.1712931, 4.8577147 ], [ -74.1712839, 4.8577009 ], [ -74.1712744, 4.8576872 ], [ -74.1712647, 4.8576736 ], [ -74.1712548, 4.8576603 ], [ -74.1712446, 4.8576471 ], [ -74.1712342, 4.8576341 ], [ -74.1712236, 4.8576212 ], [ -74.1712128, 4.8576086 ], [ -74.1712017, 4.8575962 ], [ -74.1711904, 4.8575839 ], [ -74.1711789, 4.8575718 ], [ -74.1711672, 4.85756 ], [ -74.1711553, 4.8575483 ], [ -74.1711432, 4.8575369 ], [ -74.1711309, 4.8575256 ], [ -74.1711184, 4.8575146 ], [ -74.1711057, 4.8575038 ], [ -74.1710929, 4.8574932 ], [ -74.1710798, 4.8574829 ], [ -74.1710666, 4.8574728 ], [ -74.1710531, 4.8574629 ], [ -74.1710396, 4.8574532 ], [ -74.1710258, 4.8574438 ], [ -74.1710119, 4.8574346 ], [ -74.1709978, 4.8574257 ], [ -74.1709836, 4.857417 ], [ -74.1709692, 4.8574085 ], [ -74.1709547, 4.8574003 ], [ -74.17094, 4.8573924 ], [ -74.1709253, 4.8573847 ], [ -74.1709103, 4.8573772 ], [ -74.1708953, 4.8573701 ], [ -74.1708801, 4.8573632 ], [ -74.1708648, 4.8573565 ], [ -74.1708494, 4.8573501 ], [ -74.1708339, 4.857344 ], [ -74.1708182, 4.8573382 ], [ -74.1708025, 4.8573326 ], [ -74.1707867, 4.8573273 ], [ -74.1707708, 4.8573223 ], [ -74.1707548, 4.8573175 ], [ -74.1707387, 4.8573131 ], [ -74.1707226, 4.8573089 ], [ -74.1707063, 4.857305 ], [ -74.17069, 4.8573014 ], [ -74.1706737, 4.857298 ], [ -74.1706573, 4.8572949 ], [ -74.1706408, 4.8572922 ], [ -74.1706243, 4.8572897 ], [ -74.1706078, 4.8572875 ], [ -74.1705912, 4.8572856 ], [ -74.1705746, 4.8572839 ], [ -74.170558, 4.8572826 ], [ -74.1705413, 4.8572816 ], [ -74.1705247, 4.8572808 ], [ -74.170508, 4.8572803 ], [ -74.1704913, 4.8572801 ], [ -74.1704746, 4.8572802 ], [ -74.1704579, 4.8572806 ], [ -74.1704412, 4.8572813 ], [ -74.1704246, 4.8572823 ], [ -74.1704079, 4.8572836 ], [ -74.1703913, 4.8572851 ], [ -74.1703747, 4.8572869 ], [ -74.1703582, 4.8572891 ], [ -74.1703417, 4.8572915 ], [ -74.1703252, 4.8572942 ], [ -74.1703088, 4.8572972 ], [ -74.1702924, 4.8573004 ], [ -74.1702761, 4.857304 ], [ -74.1702599, 4.8573078 ], [ -74.1702437, 4.8573119 ], [ -74.1702276, 4.8573163 ], [ -74.1702116, 4.857321 ], [ -74.1701957, 4.8573259 ], [ -74.1701798, 4.8573312 ], [ -74.1701641, 4.8573367 ], [ -74.1701484, 4.8573424 ], [ -74.1701329, 4.8573485 ], [ -74.1701174, 4.8573548 ], [ -74.1701021, 4.8573614 ], [ -74.1700869, 4.8573682 ], [ -74.1700718, 4.8573753 ], [ -74.1700568, 4.8573827 ], [ -74.170042, 4.8573903 ], [ -74.1700273, 4.8573982 ], [ -74.1700127, 4.8574063 ], [ -74.1699983, 4.8574147 ], [ -74.1699841, 4.8574233 ], [ -74.16997, 4.8574322 ], [ -74.169956, 4.8574413 ], [ -74.1699422, 4.8574507 ], [ -74.1699286, 4.8574603 ], [ -74.1699151, 4.8574701 ], [ -74.1699076, 4.8574735 ], [ -74.1699, 4.8574768 ], [ -74.1698924, 4.8574799 ], [ -74.1698847, 4.8574829 ], [ -74.169877, 4.8574858 ], [ -74.1698692, 4.8574885 ], [ -74.1698613, 4.8574911 ], [ -74.1698535, 4.8574935 ], [ -74.1698456, 4.8574958 ], [ -74.1698376, 4.857498 ], [ -74.1698296, 4.8575001 ], [ -74.1698216, 4.857502 ], [ -74.1698135, 4.8575037 ], [ -74.1698054, 4.8575054 ], [ -74.1697973, 4.8575069 ], [ -74.1697892, 4.8575082 ], [ -74.169781, 4.8575094 ], [ -74.1697728, 4.8575105 ], [ -74.1697646, 4.8575114 ], [ -74.1697564, 4.8575122 ], [ -74.1697482, 4.8575128 ], [ -74.1697399, 4.8575133 ], [ -74.1697317, 4.8575136 ], [ -74.1697234, 4.8575138 ], [ -74.1697152, 4.8575139 ], [ -74.1697069, 4.8575138 ], [ -74.1696987, 4.8575136 ], [ -74.1696904, 4.8575132 ], [ -74.1696822, 4.8575127 ], [ -74.169674, 4.8575121 ], [ -74.1696658, 4.8575113 ], [ -74.1696576, 4.8575103 ], [ -74.1696494, 4.8575092 ], [ -74.1696412, 4.857508 ], [ -74.1696331, 4.8575067 ], [ -74.169625, 4.8575052 ], [ -74.1696169, 4.8575035 ], [ -74.1696088, 4.8575017 ], [ -74.1696008, 4.8574998 ], [ -74.1695928, 4.8574977 ], [ -74.1695848, 4.8574955 ], [ -74.1695769, 4.8574932 ], [ -74.1695691, 4.8574907 ], [ -74.1695612, 4.8574881 ], [ -74.1695535, 4.8574854 ], [ -74.1695457, 4.8574825 ], [ -74.169538, 4.8574795 ], [ -74.1695304, 4.8574763 ], [ -74.1695229, 4.8574731 ], [ -74.1695153, 4.8574696 ], [ -74.1695079, 4.8574661 ], [ -74.1695005, 4.8574624 ], [ -74.1694932, 4.8574586 ], [ -74.1694859, 4.8574547 ], [ -74.1694787, 4.8574507 ], [ -74.1694716, 4.8574465 ], [ -74.1694646, 4.8574422 ], [ -74.1694576, 4.8574378 ], [ -74.1694507, 4.8574333 ], [ -74.1694439, 4.8574286 ], [ -74.1694372, 4.8574238 ], [ -74.1694306, 4.857419 ], [ -74.169424, 4.857414 ], [ -74.1694176, 4.8574088 ], [ -74.1694112, 4.8574036 ], [ -74.1694049, 4.8573983 ], [ -74.1693987, 4.8573928 ], [ -74.1693926, 4.8573873 ], [ -74.1693866, 4.8573816 ], [ -74.1693807, 4.8573759 ], [ -74.1693749, 4.85737 ], [ -74.1693693, 4.8573641 ], [ -74.1693637, 4.857358 ], [ -74.1693582, 4.8573519 ], [ -74.1693528, 4.8573456 ], [ -74.1693476, 4.8573393 ], [ -74.1693424, 4.8573329 ], [ -74.1693374, 4.8573263 ], [ -74.1693325, 4.8573197 ], [ -74.1693277, 4.8573131 ], [ -74.169323, 4.8573063 ], [ -74.1693184, 4.8572994 ], [ -74.1693139, 4.8572925 ], [ -74.1693096, 4.8572855 ], [ -74.1693054, 4.8572784 ], [ -74.1693013, 4.8572713 ], [ -74.1692974, 4.8572641 ], [ -74.1692936, 4.8572568 ], [ -74.1692899, 4.8572494 ], [ -74.1692863, 4.857242 ], [ -74.1692828, 4.8572345 ], [ -74.1692795, 4.857227 ], [ -74.1692764, 4.8572194 ], [ -74.1692733, 4.8572118 ], [ -74.1692704, 4.8572041 ], [ -74.1692676, 4.8571963 ], [ -74.169265, 4.8571885 ], [ -74.1692625, 4.8571807 ], [ -74.1692601, 4.8571728 ], [ -74.1692579, 4.8571649 ], [ -74.1692558, 4.857157 ], [ -74.1692538, 4.857149 ], [ -74.169252, 4.8571409 ], [ -74.1692504, 4.8571329 ], [ -74.1692488, 4.8571248 ], [ -74.1692474, 4.8571167 ], [ -74.1692462, 4.8571086 ], [ -74.1692451, 4.8571004 ], [ -74.1692441, 4.8570923 ], [ -74.1692433, 4.8570841 ], [ -74.1692426, 4.8570759 ], [ -74.1692421, 4.8570677 ], [ -74.1692417, 4.8570595 ], [ -74.1692414, 4.8570512 ], [ -74.1692413, 4.857043 ], [ -74.1692414, 4.8570348 ], [ -74.1692416, 4.8570266 ], [ -74.1692419, 4.8570184 ], [ -74.1692424, 4.8570101 ], [ -74.169243, 4.8570019 ], [ -74.1692437, 4.8569938 ], [ -74.1692446, 4.8569856 ], [ -74.1692457, 4.8569774 ], [ -74.1692469, 4.8569693 ], [ -74.1692482, 4.8569612 ], [ -74.1692497, 4.8569531 ], [ -74.1692513, 4.856945 ], [ -74.169253, 4.856937 ], [ -74.1692549, 4.856929 ], [ -74.1692569, 4.856921 ], [ -74.1692591, 4.8569131 ], [ -74.1692614, 4.8569052 ], [ -74.1692639, 4.8568973 ], [ -74.1692664, 4.8568895 ], [ -74.1692692, 4.8568817 ], [ -74.169272, 4.856874 ], [ -74.169275, 4.8568663 ], [ -74.1692781, 4.8568587 ], [ -74.1692814, 4.8568512 ], [ -74.1692847, 4.8568437 ], [ -74.1692883, 4.8568362 ], [ -74.1692919, 4.8568289 ], [ -74.1692957, 4.8568215 ], [ -74.1692996, 4.8568143 ], [ -74.1693036, 4.8568071 ], [ -74.1693077, 4.8568 ], [ -74.169312, 4.856793 ], [ -74.1693164, 4.856786 ], [ -74.1693209, 4.8567791 ], [ -74.1693256, 4.8567723 ], [ -74.1693303, 4.8567656 ], [ -74.1693352, 4.856759 ], [ -74.1693402, 4.8567524 ], [ -74.1693453, 4.8567459 ], [ -74.1693505, 4.8567396 ], [ -74.1693558, 4.8567333 ], [ -74.1693612, 4.8567271 ], [ -74.1693668, 4.856721 ], [ -74.1693724, 4.856715 ], [ -74.1693782, 4.8567091 ], [ -74.169384, 4.8567033 ], [ -74.16939, 4.8566976 ], [ -74.169396, 4.856692 ], [ -74.1694022, 4.8566865 ], [ -74.1694084, 4.8566811 ], [ -74.1694147, 4.8566758 ], [ -74.1694212, 4.8566707 ], [ -74.1694277, 4.8566656 ], [ -74.1694343, 4.8566607 ], [ -74.169441, 4.8566559 ], [ -74.1703187, 4.8556506 ], [ -74.1707626, 4.8551178 ], [ -74.171267, 4.8546956 ], [ -74.1714688, 4.8540523 ], [ -74.1717008, 4.8526148 ], [ -74.171832, 4.8519714 ], [ -74.171832, 4.8519714 ], [ -74.173547, 4.8535296 ], [ -74.1735513, 4.8535201 ], [ -74.1735557, 4.8535108 ], [ -74.1735602, 4.8535015 ], [ -74.1735649, 4.8534923 ], [ -74.1735698, 4.8534832 ], [ -74.1735748, 4.8534741 ], [ -74.17358, 4.8534652 ], [ -74.1735854, 4.8534563 ], [ -74.1735909, 4.8534476 ], [ -74.1735965, 4.8534389 ], [ -74.1736023, 4.8534304 ], [ -74.1736082, 4.8534219 ], [ -74.1736143, 4.8534135 ], [ -74.1736206, 4.8534053 ], [ -74.173627, 4.8533972 ], [ -74.1736335, 4.8533891 ], [ -74.1736402, 4.8533812 ], [ -74.1736469, 4.8533734 ], [ -74.1736539, 4.8533657 ], [ -74.173661, 4.8533582 ], [ -74.1736681, 4.8533508 ], [ -74.1736755, 4.8533434 ], [ -74.1736829, 4.8533363 ], [ -74.1736905, 4.8533292 ], [ -74.1736982, 4.8533223 ], [ -74.173706, 4.8533155 ], [ -74.173714, 4.8533089 ], [ -74.173722, 4.8533024 ], [ -74.1737302, 4.853296 ], [ -74.1737384, 4.8532898 ], [ -74.1737468, 4.8532837 ], [ -74.1737553, 4.8532777 ], [ -74.1737639, 4.853272 ], [ -74.1737726, 4.8532663 ], [ -74.1737814, 4.8532608 ], [ -74.1737902, 4.8532555 ], [ -74.1737992, 4.8532503 ], [ -74.1738083, 4.8532453 ], [ -74.1738174, 4.8532404 ], [ -74.1738266, 4.8532357 ], [ -74.1738359, 4.8532312 ], [ -74.1738453, 4.8532268 ], [ -74.1738548, 4.8532226 ], [ -74.1738643, 4.8532185 ], [ -74.1738739, 4.8532146 ], [ -74.1738836, 4.8532109 ], [ -74.1738933, 4.8532073 ], [ -74.1739031, 4.853204 ], [ -74.173913, 4.8532007 ], [ -74.1739229, 4.8531977 ], [ -74.1739328, 4.8531948 ], [ -74.1739428, 4.8531921 ], [ -74.1739529, 4.8531896 ], [ -74.173963, 4.8531872 ], [ -74.1739731, 4.8531851 ], [ -74.1739833, 4.8531831 ], [ -74.1739935, 4.8531812 ], [ -74.1740037, 4.8531796 ], [ -74.174014, 4.8531781 ], [ -74.1740243, 4.8531768 ], [ -74.1740346, 4.8531757 ], [ -74.1740449, 4.8531748 ], [ -74.1740553, 4.853174 ], [ -74.1740656, 4.8531734 ], [ -74.174076, 4.853173 ], [ -74.1740863, 4.8531728 ], [ -74.1740967, 4.8531728 ], [ -74.1741071, 4.8531729 ], [ -74.1741174, 4.8531732 ], [ -74.1741278, 4.8531737 ], [ -74.1741381, 4.8531744 ], [ -74.1741484, 4.8531753 ], [ -74.1741588, 4.8531763 ], [ -74.1741691, 4.8531775 ], [ -74.1741793, 4.8531789 ], [ -74.1741896, 4.8531805 ], [ -74.1741998, 4.8531822 ], [ -74.17421, 4.8531842 ], [ -74.1742201, 4.8531863 ], [ -74.1742302, 4.8531885 ], [ -74.1742403, 4.853191 ], [ -74.1742503, 4.8531936 ], [ -74.1742603, 4.8531964 ], [ -74.1742702, 4.8531994 ], [ -74.1742801, 4.8532025 ], [ -74.1742899, 4.8532058 ], [ -74.1742997, 4.8532093 ], [ -74.1743094, 4.853213 ], [ -74.174319, 4.8532168 ], [ -74.1743286, 4.8532208 ], [ -74.1743381, 4.8532249 ], [ -74.1743475, 4.8532292 ], [ -74.1743569, 4.8532337 ], [ -74.1743661, 4.8532383 ], [ -74.1743753, 4.8532431 ], [ -74.1743844, 4.8532481 ], [ -74.1752218, 4.8538914 ], [ -74.1754462, 4.8540724 ], [ -74.1753151, 4.8542533 ], [ -74.1753151, 4.8547157 ], [ -74.1751537, 4.8547962 ], [ -74.1747905, 4.8549168 ], [ -74.1744374, 4.8550173 ], [ -74.174286, 4.8552686 ], [ -74.1741145, 4.8554395 ], [ -74.1739935, 4.8556808 ], [ -74.1737917, 4.8559421 ], [ -74.1737009, 4.8562437 ], [ -74.1737412, 4.8564548 ], [ -74.1738926, 4.8567463 ], [ -74.1739329, 4.8570379 ], [ -74.1736908, 4.8573093 ], [ -74.1736665, 4.8572972 ], [ -74.1736627, 4.8572893 ] ] ] } },
{ "type": "Feature", "properties": { "id": 0, "layer": "MADRID OFICIAL — AREA DE AMORTIGUACION DE AREAS PROTEGIDAS", "clas_CIAF": "3a" }, "geometry": { "type": "Polygon", "coordinates": [ [ [ -74.2075854, 4.8508727 ], [ -74.2075855, 4.8508724 ], [ -74.2076301, 4.8507609 ], [ -74.2076524, 4.8507052 ], [ -74.2076524, 4.8506606 ], [ -74.2076468, 4.8505937 ], [ -74.2076301, 4.8505261 ], [ -74.2075925, 4.8504885 ], [ -74.2075005, 4.8504634 ], [ -74.2074085, 4.8504592 ], [ -74.207311, 4.8504612 ], [ -74.2050136, 4.8470155 ], [ -74.2044587, 4.8474076 ], [ -74.2027739, 4.8457992 ], [ -74.2026075, 4.8458851 ], [ -74.2024397, 4.8459683 ], [ -74.2022706, 4.8460488 ], [ -74.2021002, 4.8461265 ], [ -74.2019286, 4.8462014 ], [ -74.2017557, 4.8462735 ], [ -74.2015817, 4.8463427 ], [ -74.2014065, 4.8464091 ], [ -74.2012303, 4.8464727 ], [ -74.2011992, 4.8465097 ], [ -74.2011674, 4.8465462 ], [ -74.2011351, 4.8465821 ], [ -74.2011021, 4.8466175 ], [ -74.2010686, 4.8466523 ], [ -74.2010345, 4.8466866 ], [ -74.2009998, 4.8467203 ], [ -74.2009645, 4.8467534 ], [ -74.2009287, 4.8467859 ], [ -74.2008924, 4.8468178 ], [ -74.2008555, 4.8468491 ], [ -74.2008181, 4.8468798 ], [ -74.2007801, 4.8469098 ], [ -74.2007417, 4.8469392 ], [ -74.2007028, 4.846968 ], [ -74.2006634, 4.8469961 ], [ -74.2006236, 4.8470235 ], [ -74.2005833, 4.8470503 ], [ -74.2005425, 4.8470764 ], [ -74.2005013, 4.8471018 ], [ -74.2004597, 4.8471265 ], [ -74.2004177, 4.8471506 ], [ -74.2003752, 4.8471739 ], [ -74.2003324, 4.8471965 ], [ -74.2002709, 4.8472462 ], [ -74.2002103, 4.8472969 ], [ -74.2001506, 4.8473488 ], [ -74.2000918, 4.8474016 ], [ -74.2000339, 4.8474554 ], [ -74.1999769, 4.8475102 ], [ -74.1999209, 4.847566 ], [ -74.1998659, 4.8476228 ], [ -74.1998119, 4.8476805 ], [ -74.1997589, 4.8477391 ], [ -74.1997069, 4.8477986 ], [ -74.1996559, 4.847859 ], [ -74.199606, 4.8479202 ], [ -74.199142, 4.8483726 ], [ -74.202926, 4.8543588 ], [ -74.2029225, 4.8543607 ], [ -74.2028444, 4.854383 ], [ -74.2027664, 4.8543719 ], [ -74.2026939, 4.8543329 ], [ -74.2026382, 4.8542771 ], [ -74.2025992, 4.8541935 ], [ -74.2025323, 4.8541043 ], [ -74.202471, 4.8540542 ], [ -74.2023428, 4.854043 ], [ -74.2022647, 4.8540598 ], [ -74.2021421, 4.8541155 ], [ -74.2020864, 4.8542158 ], [ -74.2020306, 4.8543273 ], [ -74.2020028, 4.8544276 ], [ -74.2020028, 4.8544889 ], [ -74.2020251, 4.8545503 ], [ -74.2020919, 4.8546171 ], [ -74.2021365, 4.8546506 ], [ -74.2021867, 4.8547175 ], [ -74.2022201, 4.8547955 ], [ -74.2022146, 4.8548847 ], [ -74.2022034, 4.8549404 ], [ -74.202131, 4.8549906 ], [ -74.2020585, 4.8550408 ], [ -74.2020083, 4.8550686 ], [ -74.2019359, 4.8550742 ], [ -74.2019024, 4.8550798 ], [ -74.2018411, 4.8551076 ], [ -74.2018188, 4.8551244 ], [ -74.2017854, 4.8551522 ], [ -74.2017742, 4.8551968 ], [ -74.2017965, 4.8553083 ], [ -74.20183, 4.8553696 ], [ -74.2018467, 4.85547 ], [ -74.2018467, 4.8555814 ], [ -74.2018355, 4.8556595 ], [ -74.2018132, 4.8557208 ], [ -74.2017687, 4.855849 ], [ -74.2016906, 4.8559883 ], [ -74.2016237, 4.8561277 ], [ -74.2015345, 4.8562726 ], [ -74.2015234, 4.8563339 ], [ -74.2015234, 4.8564119 ], [ -74.2015234, 4.8564788 ], [ -74.201529, 4.856529 ], [ -74.2015369, 4.8565904 ], [ -74.2015411, 4.8567367 ], [ -74.2015577, 4.8568345 ], [ -74.2015748, 4.8569233 ], [ -74.2015584, 4.857082 ], [ -74.2015294, 4.8572485 ], [ -74.2015294, 4.8573716 ], [ -74.2014715, 4.8574078 ], [ -74.2013847, 4.8573499 ], [ -74.2012254, 4.8573282 ], [ -74.2010734, 4.8573281 ], [ -74.2008997, 4.8573281 ], [ -74.2007187, 4.8573209 ], [ -74.2005161, 4.857292 ], [ -74.2003062, 4.8572775 ], [ -74.2001324, 4.8572775 ], [ -74.2000456, 4.8573209 ], [ -74.199937, 4.8573571 ], [ -74.1998719, 4.8574005 ], [ -74.199814, 4.8574874 ], [ -74.1997778, 4.8575453 ], [ -74.1997054, 4.8576322 ], [ -74.1996547, 4.8576828 ], [ -74.1995823, 4.8577263 ], [ -74.1994778, 4.8577634 ], [ -74.1993638, 4.8577905 ], [ -74.1992606, 4.8577905 ], [ -74.1991629, 4.8577905 ], [ -74.1990761, 4.8577905 ], [ -74.1989892, 4.8577905 ], [ -74.1989186, 4.8577905 ], [ -74.1988263, 4.8578122 ], [ -74.1987286, 4.8578611 ], [ -74.1986418, 4.8579208 ], [ -74.1985549, 4.8579914 ], [ -74.1984897, 4.8580565 ], [ -74.1984246, 4.8581162 ], [ -74.1983595, 4.8582139 ], [ -74.1983106, 4.8582737 ], [ -74.1982617, 4.8583442 ], [ -74.1982183, 4.8584094 ], [ -74.1981532, 4.8584691 ], [ -74.1980989, 4.8585179 ], [ -74.1980229, 4.8585342 ], [ -74.1979252, 4.8585342 ], [ -74.1978383, 4.8585342 ], [ -74.197765, 4.8585444 ], [ -74.1977406, 4.8585648 ], [ -74.1976877, 4.8586055 ], [ -74.1976469, 4.858634 ], [ -74.1976184, 4.8586625 ], [ -74.197594, 4.8586991 ], [ -74.1975655, 4.8587439 ], [ -74.1975289, 4.8587968 ], [ -74.1975085, 4.8588579 ], [ -74.1975044, 4.8589068 ], [ -74.1974922, 4.8589597 ], [ -74.1974922, 4.8590167 ], [ -74.1974922, 4.8590737 ], [ -74.1974922, 4.8591307 ], [ -74.1975085, 4.8591796 ], [ -74.197537, 4.859204 ], [ -74.1975451, 4.8592488 ], [ -74.1975451, 4.8592976 ], [ -74.1975289, 4.8593424 ], [ -74.19748, 4.8593872 ], [ -74.1974394, 4.8594436 ], [ -74.1974149, 4.8594931 ], [ -74.1974149, 4.8595338 ], [ -74.1974149, 4.8595745 ], [ -74.1974149, 4.8596315 ], [ -74.1974311, 4.8596844 ], [ -74.1974637, 4.8597333 ], [ -74.1974759, 4.8597659 ], [ -74.1974841, 4.8598025 ], [ -74.1974841, 4.8598432 ], [ -74.19748, 4.8598921 ], [ -74.1974719, 4.8599369 ], [ -74.1974515, 4.8599857 ], [ -74.1974189, 4.8600387 ], [ -74.1973986, 4.8600794 ], [ -74.1973782, 4.8601038 ], [ -74.1973474, 4.8601458 ], [ -74.197309, 4.8601852 ], [ -74.1972805, 4.8602015 ], [ -74.1972479, 4.8602056 ], [ -74.1972113, 4.8602056 ], [ -74.1971828, 4.8602056 ], [ -74.1971339, 4.8601934 ], [ -74.1971095, 4.860173 ], [ -74.197081, 4.8601445 ], [ -74.1970647, 4.8600957 ], [ -74.1970647, 4.860055 ], [ -74.1970647, 4.8600142 ], [ -74.1970606, 4.8599695 ], [ -74.1970484, 4.8599247 ], [ -74.1970319, 4.8598655 ], [ -74.1970227, 4.8598105 ], [ -74.1970067, 4.8597624 ], [ -74.1969861, 4.8597258 ], [ -74.1969357, 4.8596685 ], [ -74.1969059, 4.8596594 ], [ -74.1968418, 4.8596571 ], [ -74.1967845, 4.8596594 ], [ -74.1967341, 4.8596823 ], [ -74.1966975, 4.8597075 ], [ -74.1966517, 4.859735 ], [ -74.1966219, 4.8597624 ], [ -74.1965922, 4.8598014 ], [ -74.1965486, 4.8598598 ], [ -74.1965234, 4.859893 ], [ -74.1965005, 4.8599136 ], [ -74.1964729, 4.8599346 ], [ -74.1964044, 4.8599502 ], [ -74.1963585, 4.8599502 ], [ -74.1963288, 4.8599411 ], [ -74.1963036, 4.8599228 ], [ -74.1962875, 4.8598838 ], [ -74.1962761, 4.859838 ], [ -74.1962669, 4.8597624 ], [ -74.1962463, 4.8596548 ], [ -74.1962303, 4.8595655 ], [ -74.1961982, 4.8594624 ], [ -74.196157, 4.85938 ], [ -74.1961227, 4.8593433 ], [ -74.196086, 4.8593158 ], [ -74.1960265, 4.8592884 ], [ -74.1959784, 4.8592723 ], [ -74.1959371, 4.8592609 ], [ -74.1959051, 4.8592609 ], [ -74.1958547, 4.8592609 ], [ -74.1958043, 4.8592678 ], [ -74.1957791, 4.8592884 ], [ -74.1957562, 4.8593067 ], [ -74.195731, 4.8593319 ], [ -74.1957127, 4.8593639 ], [ -74.1957012, 4.8594006 ], [ -74.1956967, 4.8594418 ], [ -74.1956944, 4.8594876 ], [ -74.195699, 4.8595334 ], [ -74.1957196, 4.8595655 ], [ -74.1957425, 4.8595953 ], [ -74.1957631, 4.859625 ], [ -74.1957791, 4.8596456 ], [ -74.1958043, 4.8596663 ], [ -74.1958409, 4.8597029 ], [ -74.1958616, 4.8597373 ], [ -74.1958799, 4.8597945 ], [ -74.1958822, 4.8598449 ], [ -74.1958707, 4.8599044 ], [ -74.1958478, 4.8599686 ], [ -74.1958203, 4.859996 ], [ -74.1957608, 4.8600235 ], [ -74.1956806, 4.8600556 ], [ -74.1955936, 4.8600739 ], [ -74.1955409, 4.8600831 ], [ -74.1955134, 4.8601014 ], [ -74.1954837, 4.8601266 ], [ -74.1954699, 4.8601564 ], [ -74.1954608, 4.860209 ], [ -74.1954608, 4.8602548 ], [ -74.1954631, 4.8603075 ], [ -74.195486, 4.8603533 ], [ -74.1955157, 4.8603923 ], [ -74.1955341, 4.8604106 ], [ -74.1956211, 4.8604839 ], [ -74.19566, 4.8605182 ], [ -74.1957012, 4.8605411 ], [ -74.1957448, 4.8605503 ], [ -74.1957837, 4.860564 ], [ -74.1958318, 4.8605846 ], [ -74.1958982, 4.860635 ], [ -74.1959463, 4.8606946 ], [ -74.1959669, 4.8607243 ], [ -74.1959761, 4.8607495 ], [ -74.1959829, 4.8607862 ], [ -74.1959875, 4.8608274 ], [ -74.1959875, 4.8608709 ], [ -74.1959852, 4.8609144 ], [ -74.1959679, 4.8609393 ], [ -74.1959234, 4.8609465 ], [ -74.1958959, 4.8609373 ], [ -74.1958776, 4.860919 ], [ -74.1958639, 4.8608938 ], [ -74.1958318, 4.8608549 ], [ -74.1958043, 4.8608343 ], [ -74.1957608, 4.8608137 ], [ -74.1957196, 4.8608068 ], [ -74.1956783, 4.8608114 ], [ -74.1956325, 4.8608343 ], [ -74.1956028, 4.8608595 ], [ -74.1955776, 4.8608915 ], [ -74.1955615, 4.860974 ], [ -74.1955615, 4.8610404 ], [ -74.1955684, 4.8611732 ], [ -74.1955684, 4.861258 ], [ -74.1955684, 4.8613267 ], [ -74.1955684, 4.8613977 ], [ -74.1955478, 4.8614458 ], [ -74.1954997, 4.8614962 ], [ -74.1954516, 4.861542 ], [ -74.1954218, 4.8615649 ], [ -74.1953921, 4.8615855 ], [ -74.1953692, 4.8616084 ], [ -74.1953394, 4.861629 ], [ -74.1953073, 4.8616519 ], [ -74.1952789, 4.8616762 ], [ -74.1952615, 4.861716 ], [ -74.1952638, 4.8617572 ], [ -74.1952775, 4.8617802 ], [ -74.1953004, 4.8618122 ], [ -74.1953234, 4.8618351 ], [ -74.1953463, 4.8618534 ], [ -74.1953944, 4.8618718 ], [ -74.1954287, 4.8618992 ], [ -74.1954585, 4.861929 ], [ -74.1954768, 4.8619588 ], [ -74.1954837, 4.8619977 ], [ -74.1954653, 4.862016 ], [ -74.1954424, 4.8620527 ], [ -74.1954264, 4.8620893 ], [ -74.1954058, 4.8621214 ], [ -74.1953783, 4.8621466 ], [ -74.1953554, 4.862158 ], [ -74.195305, 4.8621649 ], [ -74.1952546, 4.862158 ], [ -74.1952249, 4.862142 ], [ -74.1951974, 4.8621145 ], [ -74.1951607, 4.8620939 ], [ -74.1951333, 4.862087 ], [ -74.1950897, 4.8620733 ], [ -74.1950256, 4.8620367 ], [ -74.1949844, 4.8620115 ], [ -74.1949271, 4.8619771 ], [ -74.194879, 4.8619657 ], [ -74.1948035, 4.8619496 ], [ -74.1946615, 4.8619519 ], [ -74.1946088, 4.8619519 ], [ -74.1945676, 4.8619313 ], [ -74.1945218, 4.8619015 ], [ -74.1944668, 4.8618282 ], [ -74.1944347, 4.8617985 ], [ -74.1944027, 4.861771 ], [ -74.1943775, 4.8617618 ], [ -74.1943202, 4.8617481 ], [ -74.1942744, 4.8617458 ], [ -74.1942378, 4.861771 ], [ -74.1942057, 4.8617962 ], [ -74.1941726, 4.8618274 ], [ -74.1939583, 4.8617466 ], [ -74.1934842, 4.8614651 ], [ -74.1931412, 4.8613043 ], [ -74.1928284, 4.8612239 ], [ -74.1894266, 4.856495 ], [ -74.1886901, 4.8568167 ], [ -74.1881554, 4.8573093 ], [ -74.1873105, 4.8574751 ], [ -74.1875274, 4.8574148 ], [ -74.1877393, 4.8569574 ], [ -74.1877812, 4.8569279 ], [ -74.1878227, 4.8568977 ], [ -74.1878636, 4.8568668 ], [ -74.187904, 4.8568352 ], [ -74.1879438, 4.8568029 ], [ -74.187983, 4.8567699 ], [ -74.1880217, 4.8567363 ], [ -74.1880437, 4.8567242 ], [ -74.1880655, 4.8567118 ], [ -74.1880871, 4.856699 ], [ -74.1881084, 4.8566859 ], [ -74.1881295, 4.8566724 ], [ -74.1881504, 4.8566585 ], [ -74.188171, 4.8566443 ], [ -74.1881915, 4.8566298 ], [ -74.1882116, 4.8566149 ], [ -74.1882315, 4.8565997 ], [ -74.1882512, 4.8565841 ], [ -74.1882705, 4.8565683 ], [ -74.1882896, 4.856552 ], [ -74.1883085, 4.8565355 ], [ -74.188327, 4.8565187 ], [ -74.1883453, 4.8565015 ], [ -74.1883633, 4.8564841 ], [ -74.1883809, 4.8564664 ], [ -74.1883983, 4.8564483 ], [ -74.1884154, 4.85643 ], [ -74.1884321, 4.8564114 ], [ -74.1884485, 4.8563925 ], [ -74.1884647, 4.8563733 ], [ -74.1884804, 4.8563539 ], [ -74.1884959, 4.8563342 ], [ -74.1885285, 4.8563041 ], [ -74.1885606, 4.8562734 ], [ -74.1885922, 4.8562422 ], [ -74.1886232, 4.8562105 ], [ -74.1886537, 4.8561783 ], [ -74.1886837, 4.8561455 ], [ -74.188713, 4.8561122 ], [ -74.1887418, 4.8560785 ], [ -74.1887701, 4.8560443 ], [ -74.1887977, 4.8560096 ], [ -74.1888248, 4.8559744 ], [ -74.1888512, 4.8559388 ], [ -74.1888771, 4.8559027 ], [ -74.1889023, 4.8558663 ], [ -74.1889269, 4.8558294 ], [ -74.1889509, 4.855792 ], [ -74.1889742, 4.8557543 ], [ -74.1889969, 4.8557162 ], [ -74.1890189, 4.8556777 ], [ -74.1890403, 4.8556389 ], [ -74.189061, 4.8555997 ], [ -74.189081, 4.8555602 ], [ -74.1891009, 4.8555061 ], [ -74.1891216, 4.8554524 ], [ -74.1891433, 4.8553991 ], [ -74.1891658, 4.8553461 ], [ -74.1891892, 4.8552935 ], [ -74.1892135, 4.8552413 ], [ -74.1892386, 4.8551895 ], [ -74.1892646, 4.8551381 ], [ -74.1892915, 4.8550872 ], [ -74.1893193, 4.8550367 ], [ -74.1893478, 4.8549867 ], [ -74.1893772, 4.8549372 ], [ -74.1894074, 4.8548882 ], [ -74.1894385, 4.8548397 ], [ -74.1894703, 4.8547917 ], [ -74.189503, 4.8547442 ], [ -74.1895364, 4.8546973 ], [ -74.1895707, 4.8546509 ], [ -74.1896057, 4.8546052 ], [ -74.1896117, 4.8546009 ], [ -74.1896178, 4.8545967 ], [ -74.1896239, 4.8545927 ], [ -74.1896301, 4.8545887 ], [ -74.1896364, 4.8545848 ], [ -74.1896428, 4.8545811 ], [ -74.1896492, 4.8545775 ], [ -74.1896557, 4.8545739 ], [ -74.1896622, 4.8545705 ], [ -74.1896688, 4.8545672 ], [ -74.1896755, 4.854564 ], [ -74.1896822, 4.854561 ], [ -74.189689, 4.854558 ], [ -74.1896958, 4.8545552 ], [ -74.1897027, 4.8545525 ], [ -74.1897096, 4.8545498 ], [ -74.1897165, 4.8545474 ], [ -74.1897235, 4.854545 ], [ -74.1897305, 4.8545428 ], [ -74.1897376, 4.8545406 ], [ -74.1897447, 4.8545386 ], [ -74.1897519, 4.8545367 ], [ -74.189759, 4.854535 ], [ -74.1897662, 4.8545334 ], [ -74.1897735, 4.8545318 ], [ -74.1897807, 4.8545305 ], [ -74.189788, 4.8545292 ], [ -74.1897953, 4.8545281 ], [ -74.1898026, 4.8545271 ], [ -74.18981, 4.8545262 ], [ -74.1898173, 4.8545254 ], [ -74.1898247, 4.8545248 ], [ -74.189832, 4.8545243 ], [ -74.1898394, 4.8545239 ], [ -74.1898468, 4.8545236 ], [ -74.1898542, 4.8545235 ], [ -74.1898616, 4.8545235 ], [ -74.1898689, 4.8545236 ], [ -74.1898763, 4.8545239 ], [ -74.1898837, 4.8545243 ], [ -74.1898911, 4.8545248 ], [ -74.1898984, 4.8545254 ], [ -74.1899058, 4.8545262 ], [ -74.1899131, 4.8545271 ], [ -74.1899204, 4.8545281 ], [ -74.1899277, 4.8545292 ], [ -74.189935, 4.8545305 ], [ -74.1899423, 4.8545318 ], [ -74.1899495, 4.8545334 ], [ -74.1899567, 4.854535 ], [ -74.1899639, 4.8545367 ], [ -74.189971, 4.8545386 ], [ -74.1899781, 4.8545406 ], [ -74.1899852, 4.8545428 ], [ -74.1899922, 4.854545 ], [ -74.1899992, 4.8545474 ], [ -74.1900062, 4.8545498 ], [ -74.1900131, 4.8545525 ], [ -74.1900199, 4.8545552 ], [ -74.1900268, 4.854558 ], [ -74.1900335, 4.854561 ], [ -74.1900402, 4.854564 ], [ -74.1900469, 4.8545672 ], [ -74.1900535, 4.8545705 ], [ -74.19006, 4.8545739 ], [ -74.1900665, 4.8545775 ], [ -74.190073, 4.8545811 ], [ -74.1900793, 4.8545848 ], [ -74.1900856, 4.8545887 ], [ -74.1900918, 4.8545927 ], [ -74.190098, 4.8545967 ], [ -74.1901041, 4.8546009 ], [ -74.1901101, 4.8546052 ], [ -74.1901195, 4.8546118 ], [ -74.1901289, 4.8546183 ], [ -74.1901385, 4.8546246 ], [ -74.1901482, 4.8546308 ], [ -74.190158, 4.8546368 ], [ -74.190168, 4.8546426 ], [ -74.190178, 4.8546483 ], [ -74.1901881, 4.8546538 ], [ -74.1901983, 4.8546591 ], [ -74.1902086, 4.8546642 ], [ -74.1902189, 4.8546691 ], [ -74.1902294, 4.8546739 ], [ -74.19024, 4.8546785 ], [ -74.1902506, 4.8546829 ], [ -74.1902613, 4.8546871 ], [ -74.1902721, 4.8546911 ], [ -74.1902829, 4.8546949 ], [ -74.1902938, 4.8546986 ], [ -74.1903048, 4.8547021 ], [ -74.1903158, 4.8547053 ], [ -74.1903269, 4.8547084 ], [ -74.190338, 4.8547113 ], [ -74.1903492, 4.854714 ], [ -74.1903604, 4.8547165 ], [ -74.1903717, 4.8547188 ], [ -74.190383, 4.8547209 ], [ -74.1903943, 4.8547229 ], [ -74.1904057, 4.8547246 ], [ -74.1904171, 4.8547261 ], [ -74.1904286, 4.8547274 ], [ -74.19044, 4.8547286 ], [ -74.1904515, 4.8547295 ], [ -74.190463, 4.8547302 ], [ -74.1904745, 4.8547308 ], [ -74.190486, 4.8547311 ], [ -74.1904975, 4.8547312 ], [ -74.190509, 4.8547312 ], [ -74.1905205, 4.8547309 ], [ -74.190532, 4.8547304 ], [ -74.1905434, 4.8547298 ], [ -74.1905549, 4.8547289 ], [ -74.1905664, 4.8547279 ], [ -74.1905778, 4.8547266 ], [ -74.1905892, 4.8547251 ], [ -74.1906006, 4.8547235 ], [ -74.190612, 4.8547216 ], [ -74.1906233, 4.8547196 ], [ -74.1906346, 4.8547174 ], [ -74.1906458, 4.8547149 ], [ -74.190657, 4.8547123 ], [ -74.1906682, 4.8547095 ], [ -74.1906793, 4.8547065 ], [ -74.1906903, 4.8547033 ], [ -74.1907013, 4.8546999 ], [ -74.1907122, 4.8546963 ], [ -74.1907231, 4.8546925 ], [ -74.1907339, 4.8546885 ], [ -74.1907446, 4.8546844 ], [ -74.1907553, 4.8546801 ], [ -74.1907658, 4.8546755 ], [ -74.1907702, 4.8546622 ], [ -74.1907743, 4.8546487 ], [ -74.1907782, 4.8546352 ], [ -74.1907819, 4.8546216 ], [ -74.1907853, 4.8546079 ], [ -74.1907885, 4.8545942 ], [ -74.1907914, 4.8545805 ], [ -74.1907941, 4.8545667 ], [ -74.1907966, 4.8545528 ], [ -74.1907988, 4.8545389 ], [ -74.1908008, 4.854525 ], [ -74.1908026, 4.854511 ], [ -74.1908041, 4.854497 ], [ -74.1908053, 4.854483 ], [ -74.1908063, 4.854469 ], [ -74.1908071, 4.8544549 ], [ -74.1908076, 4.8544409 ], [ -74.1908079, 4.8544268 ], [ -74.190808, 4.8544127 ], [ -74.1908078, 4.8543987 ], [ -74.1908073, 4.8543846 ], [ -74.1908066, 4.8543706 ], [ -74.1908057, 4.8543565 ], [ -74.1908045, 4.8543425 ], [ -74.1908031, 4.8543285 ], [ -74.1908014, 4.8543145 ], [ -74.1907995, 4.8543006 ], [ -74.1907974, 4.8542867 ], [ -74.190795, 4.8542728 ], [ -74.1907924, 4.854259 ], [ -74.1907895, 4.8542452 ], [ -74.1907864, 4.8542315 ], [ -74.1907831, 4.8542178 ], [ -74.1907795, 4.8542042 ], [ -74.1907757, 4.8541907 ], [ -74.1907716, 4.8541772 ], [ -74.1907673, 4.8541638 ], [ -74.1907628, 4.8541504 ], [ -74.1907581, 4.8541372 ], [ -74.1907531, 4.854124 ], [ -74.1907479, 4.8541109 ], [ -74.1907425, 4.8540979 ], [ -74.1907369, 4.854085 ], [ -74.190731, 4.8540722 ], [ -74.1907249, 4.8540596 ], [ -74.1907186, 4.854047 ], [ -74.1907121, 4.8540345 ], [ -74.1907053, 4.8540221 ], [ -74.1907043, 4.854014 ], [ -74.1907034, 4.8540058 ], [ -74.1907027, 4.8539976 ], [ -74.1907021, 4.8539894 ], [ -74.1907017, 4.8539812 ], [ -74.1907014, 4.8539729 ], [ -74.1907012, 4.8539647 ], [ -74.1907012, 4.8539565 ], [ -74.1907014, 4.8539483 ], [ -74.1907016, 4.85394 ], [ -74.1907021, 4.8539318 ], [ -74.1907026, 4.8539236 ], [ -74.1907033, 4.8539154 ], [ -74.1907042, 4.8539072 ], [ -74.1907052, 4.8538991 ], [ -74.1907063, 4.8538909 ], [ -74.1907076, 4.8538828 ], [ -74.190709, 4.8538747 ], [ -74.1907106, 4.8538666 ], [ -74.1907123, 4.8538586 ], [ -74.1907142, 4.8538506 ], [ -74.1907162, 4.8538426 ], [ -74.1907183, 4.8538346 ], [ -74.1907205, 4.8538267 ], [ -74.190723, 4.8538189 ], [ -74.1907255, 4.853811 ], [ -74.1907282, 4.8538032 ], [ -74.190731, 4.8537955 ], [ -74.1907339, 4.8537878 ], [ -74.190737, 4.8537802 ], [ -74.1907402, 4.8537726 ], [ -74.1907436, 4.8537651 ], [ -74.1907471, 4.8537576 ], [ -74.1907507, 4.8537502 ], [ -74.1907544, 4.8537429 ], [ -74.1907583, 4.8537356 ], [ -74.1907623, 4.8537284 ], [ -74.1907664, 4.8537213 ], [ -74.1907706, 4.8537143 ], [ -74.190775, 4.8537073 ], [ -74.1907795, 4.8537004 ], [ -74.1907841, 4.8536935 ], [ -74.1907888, 4.8536868 ], [ -74.1907937, 4.8536801 ], [ -74.1907986, 4.8536736 ], [ -74.1908037, 4.8536671 ], [ -74.1908089, 4.8536607 ], [ -74.1908142, 4.8536544 ], [ -74.1908196, 4.8536482 ], [ -74.1908251, 4.853642 ], [ -74.1908307, 4.853636 ], [ -74.1908365, 4.8536301 ], [ -74.1908431, 4.8536258 ], [ -74.1908498, 4.8536215 ], [ -74.1908566, 4.8536175 ], [ -74.1908635, 4.8536135 ], [ -74.1908704, 4.8536096 ], [ -74.1908774, 4.8536059 ], [ -74.1908845, 4.8536023 ], [ -74.1908916, 4.8535988 ], [ -74.1908988, 4.8535954 ], [ -74.190906, 4.8535922 ], [ -74.1909133, 4.8535891 ], [ -74.1909207, 4.8535861 ], [ -74.1909281, 4.8535832 ], [ -74.1909355, 4.8535805 ], [ -74.190943, 4.8535779 ], [ -74.1909505, 4.8535754 ], [ -74.1909581, 4.8535731 ], [ -74.1909657, 4.8535708 ], [ -74.1909734, 4.8535688 ], [ -74.1909811, 4.8535668 ], [ -74.1909888, 4.853565 ], [ -74.1909966, 4.8535633 ], [ -74.1910044, 4.8535618 ], [ -74.1910122, 4.8535604 ], [ -74.19102, 4.8535591 ], [ -74.1910279, 4.8535579 ], [ -74.1910357, 4.8535569 ], [ -74.1910436, 4.8535561 ], [ -74.1910515, 4.8535553 ], [ -74.1910594, 4.8535547 ], [ -74.1910674, 4.8535543 ], [ -74.1910753, 4.853554 ], [ -74.1910832, 4.8535538 ], [ -74.1910912, 4.8535537 ], [ -74.1910991, 4.8535538 ], [ -74.191107, 4.8535541 ], [ -74.191115, 4.8535544 ], [ -74.1911229, 4.8535549 ], [ -74.1911308, 4.8535556 ], [ -74.1911387, 4.8535563 ], [ -74.1911466, 4.8535573 ], [ -74.1911544, 4.8535583 ], [ -74.1911623, 4.8535595 ], [ -74.1911701, 4.8535608 ], [ -74.1911779, 4.8535623 ], [ -74.1911857, 4.8535639 ], [ -74.1911934, 4.8535656 ], [ -74.1912011, 4.8535674 ], [ -74.1912088, 4.8535694 ], [ -74.1912165, 4.8535716 ], [ -74.1912241, 4.8535738 ], [ -74.1912317, 4.8535762 ], [ -74.1912392, 4.8535787 ], [ -74.1912467, 4.8535814 ], [ -74.1912541, 4.8535841 ], [ -74.1912615, 4.853587 ], [ -74.1912688, 4.8535901 ], [ -74.1912761, 4.8535932 ], [ -74.1912833, 4.8535965 ], [ -74.1912905, 4.8535999 ], [ -74.1913287, 4.8535602 ], [ -74.1913663, 4.8535198 ], [ -74.1914031, 4.8534787 ], [ -74.1914393, 4.853437 ], [ -74.1914747, 4.8533948 ], [ -74.1915094, 4.8533519 ], [ -74.1915434, 4.8533085 ], [ -74.1915766, 4.8532644 ], [ -74.191609, 4.8532199 ], [ -74.1916407, 4.8531747 ], [ -74.1916716, 4.8531291 ], [ -74.1917018, 4.8530829 ], [ -74.1917311, 4.8530362 ], [ -74.1917596, 4.8529891 ], [ -74.1917873, 4.8529414 ], [ -74.1918142, 4.8528933 ], [ -74.1918403, 4.8528447 ], [ -74.1918655, 4.8527957 ], [ -74.1918756, 4.8527455 ], [ -74.1920269, 4.8524841 ], [ -74.1920875, 4.8524338 ], [ -74.1922691, 4.8524539 ], [ -74.192491, 4.8524941 ], [ -74.1927533, 4.8525344 ], [ -74.1929046, 4.8523333 ], [ -74.1931468, 4.8520317 ], [ -74.1934898, 4.8516397 ], [ -74.1938025, 4.8513582 ], [ -74.1941455, 4.8510365 ], [ -74.1942162, 4.8509762 ], [ -74.1946096, 4.8508254 ], [ -74.1951948, 4.8507852 ], [ -74.1954974, 4.850735 ], [ -74.1957496, 4.8505138 ], [ -74.1959413, 4.8498704 ], [ -74.1960523, 4.8497398 ], [ -74.1963651, 4.8493477 ], [ -74.1967686, 4.8489858 ], [ -74.1970511, 4.8487144 ], [ -74.1974244, 4.848453 ], [ -74.1978985, 4.8482218 ], [ -74.1985543, 4.8479806 ], [ -74.198746, 4.84788 ], [ -74.1990486, 4.8474277 ], [ -74.1991596, 4.847116 ], [ -74.1991193, 4.8466034 ], [ -74.1990083, 4.8463219 ], [ -74.198978, 4.8461208 ], [ -74.1991293, 4.8459198 ], [ -74.1994017, 4.84597 ], [ -74.199543, 4.8460304 ], [ -74.2000575, 4.8460806 ], [ -74.2002088, 4.8458796 ], [ -74.2002694, 4.8455981 ], [ -74.2003299, 4.8451156 ], [ -74.20034, 4.845005 ], [ -74.2004812, 4.8448442 ], [ -74.2010966, 4.8444421 ], [ -74.2014094, 4.8440198 ], [ -74.2014396, 4.8437082 ], [ -74.2015002, 4.8432961 ], [ -74.2016011, 4.8430849 ], [ -74.2019037, 4.8428135 ], [ -74.2021963, 4.8425924 ], [ -74.2025898, 4.8422506 ], [ -74.2028117, 4.8418887 ], [ -74.2029832, 4.8412956 ], [ -74.2031749, 4.8405818 ], [ -74.2034977, 4.8402702 ], [ -74.2037399, 4.8401596 ], [ -74.2043553, 4.8399686 ], [ -74.204668, 4.8396771 ], [ -74.2047891, 4.8393554 ], [ -74.2047487, 4.839094 ], [ -74.2046277, 4.838702 ], [ -74.2046075, 4.8384808 ], [ -74.2047588, 4.8381491 ], [ -74.2047891, 4.8381189 ], [ -74.2050009, 4.8380285 ], [ -74.205233, 4.8379882 ], [ -74.2053036, 4.8379681 ], [ -74.2059896, 4.8377972 ], [ -74.206141, 4.8377068 ], [ -74.2064234, 4.8374856 ], [ -74.2066757, 4.8371539 ], [ -74.2067463, 4.8367518 ], [ -74.206716, 4.8364502 ], [ -74.2066656, 4.8361184 ], [ -74.2066252, 4.8357163 ], [ -74.2066252, 4.8353645 ], [ -74.206716, 4.8351232 ], [ -74.206827, 4.8349222 ], [ -74.2070489, 4.8346909 ], [ -74.2074222, 4.8343391 ], [ -74.207624, 4.8340978 ], [ -74.2078056, 4.8338465 ], [ -74.207967, 4.8332433 ], [ -74.2081183, 4.8329016 ], [ -74.2083806, 4.8324793 ], [ -74.2086127, 4.8320672 ], [ -74.2088548, 4.8316852 ], [ -74.2089254, 4.8314037 ], [ -74.2087741, 4.8311423 ], [ -74.2083504, 4.8307 ], [ -74.2083605, 4.8306296 ], [ -74.2084815, 4.830509 ], [ -74.2086833, 4.8304587 ], [ -74.2089557, 4.8304085 ], [ -74.2091575, 4.8302878 ], [ -74.2091978, 4.8301772 ], [ -74.2091373, 4.8298857 ], [ -74.2089456, 4.8297048 ], [ -74.2089557, 4.829564 ], [ -74.2090162, 4.8294534 ], [ -74.2090768, 4.8294132 ], [ -74.2095207, 4.8293429 ], [ -74.2099444, 4.8292624 ], [ -74.2103681, 4.8290413 ], [ -74.2106809, 4.8287598 ], [ -74.2111651, 4.8276942 ], [ -74.2113568, 4.8272117 ], [ -74.2113568, 4.8265783 ], [ -74.2110844, 4.8261058 ], [ -74.2103883, 4.825382 ], [ -74.210396, 4.8253517 ], [ -74.2104032, 4.8253213 ], [ -74.21041, 4.8252908 ], [ -74.2104161, 4.8252601 ], [ -74.2104218, 4.8252294 ], [ -74.2104269, 4.8251986 ], [ -74.2104315, 4.8251676 ], [ -74.2104356, 4.8251366 ], [ -74.2104392, 4.8251056 ], [ -74.2104422, 4.8250745 ], [ -74.2104447, 4.8250433 ], [ -74.2104466, 4.8250121 ], [ -74.2104481, 4.8249809 ], [ -74.210449, 4.8249497 ], [ -74.2104493, 4.8249184 ], [ -74.2104492, 4.8248871 ], [ -74.2104484, 4.8248559 ], [ -74.2104472, 4.8248247 ], [ -74.2104454, 4.8247935 ], [ -74.2104431, 4.8247623 ], [ -74.2104403, 4.8247312 ], [ -74.2104369, 4.8247001 ], [ -74.2104331, 4.8246691 ], [ -74.2104286, 4.8246381 ], [ -74.2104195, 4.8246295 ], [ -74.2104105, 4.8246208 ], [ -74.2104016, 4.8246119 ], [ -74.2103929, 4.8246029 ], [ -74.2103843, 4.8245937 ], [ -74.210376, 4.8245843 ], [ -74.2103677, 4.8245749 ], [ -74.2103597, 4.8245652 ], [ -74.2103518, 4.8245555 ], [ -74.2103441, 4.8245456 ], [ -74.2103366, 4.8245355 ], [ -74.2103292, 4.8245254 ], [ -74.210322, 4.8245151 ], [ -74.210315, 4.8245047 ], [ -74.2103082, 4.8244942 ], [ -74.2103016, 4.8244835 ], [ -74.2102951, 4.8244727 ], [ -74.2102889, 4.8244619 ], [ -74.2102828, 4.8244509 ], [ -74.210277, 4.8244398 ], [ -74.2102713, 4.8244286 ], [ -74.2102658, 4.8244174 ], [ -74.2102605, 4.824406 ], [ -74.2102555, 4.8243945 ], [ -74.2102506, 4.824383 ], [ -74.2102459, 4.8243713 ], [ -74.2102414, 4.8243596 ], [ -74.2102372, 4.8243478 ], [ -74.2102331, 4.824336 ], [ -74.2102293, 4.824324 ], [ -74.2102256, 4.8243121 ], [ -74.2102222, 4.8243 ], [ -74.210219, 4.8242879 ], [ -74.210216, 4.8242757 ], [ -74.2102132, 4.8242635 ], [ -74.2102106, 4.8242512 ], [ -74.2102082, 4.8242389 ], [ -74.2102061, 4.8242266 ], [ -74.2102042, 4.8242142 ], [ -74.2102025, 4.8242018 ], [ -74.210201, 4.8241893 ], [ -74.2101997, 4.8241769 ], [ -74.2101986, 4.8241644 ], [ -74.2101978, 4.8241519 ], [ -74.2101972, 4.8241394 ], [ -74.2101968, 4.8241269 ], [ -74.2101966, 4.8241143 ], [ -74.2101966, 4.8241018 ], [ -74.2101969, 4.8240893 ], [ -74.2101974, 4.8240767 ], [ -74.2101981, 4.8240642 ], [ -74.210199, 4.8240517 ], [ -74.2102001, 4.8240393 ], [ -74.2102015, 4.8240268 ], [ -74.210203, 4.8240144 ], [ -74.2102048, 4.824002 ], [ -74.2102068, 4.8239896 ], [ -74.210209, 4.8239773 ], [ -74.2102115, 4.823965 ], [ -74.2102141, 4.8239527 ], [ -74.210217, 4.8239405 ], [ -74.2102201, 4.8239284 ], [ -74.2102234, 4.8239163 ], [ -74.2102269, 4.8239042 ], [ -74.2103995, 4.8238155 ], [ -74.2105707, 4.8237239 ], [ -74.2107402, 4.8236293 ], [ -74.2109081, 4.823532 ], [ -74.2110743, 4.8234318 ], [ -74.2110811, 4.8234216 ], [ -74.2110877, 4.8234114 ], [ -74.2110942, 4.823401 ], [ -74.2111005, 4.8233906 ], [ -74.2111066, 4.82338 ], [ -74.2111125, 4.8233693 ], [ -74.2111182, 4.8233586 ], [ -74.2111237, 4.8233477 ], [ -74.2111291, 4.8233368 ], [ -74.2111342, 4.8233257 ], [ -74.2111392, 4.8233146 ], [ -74.211144, 4.8233034 ], [ -74.2111486, 4.8232921 ], [ -74.211153, 4.8232807 ], [ -74.2111571, 4.8232692 ], [ -74.2111611, 4.8232577 ], [ -74.2111649, 4.8232461 ], [ -74.2111685, 4.8232345 ], [ -74.2111719, 4.8232228 ], [ -74.2111751, 4.823211 ], [ -74.2111781, 4.8231992 ], [ -74.2111809, 4.8231873 ], [ -74.2111834, 4.8231754 ], [ -74.2111858, 4.8231635 ], [ -74.211188, 4.8231515 ], [ -74.2111899, 4.8231394 ], [ -74.2111917, 4.8231274 ], [ -74.2111932, 4.8231153 ], [ -74.2111946, 4.8231032 ], [ -74.2111957, 4.823091 ], [ -74.2111966, 4.8230789 ], [ -74.2111973, 4.8230667 ], [ -74.2111978, 4.8230545 ], [ -74.2111981, 4.8230424 ], [ -74.2111982, 4.8230302 ], [ -74.211198, 4.823018 ], [ -74.2111977, 4.8230058 ], [ -74.2111971, 4.8229936 ], [ -74.2111964, 4.8229815 ], [ -74.2111954, 4.8229693 ], [ -74.211195, 4.8229632 ], [ -74.2111947, 4.8229571 ], [ -74.2111945, 4.822951 ], [ -74.2111945, 4.8229449 ], [ -74.2111945, 4.8229388 ], [ -74.2111947, 4.8229327 ], [ -74.2111949, 4.8229266 ], [ -74.2111953, 4.8229205 ], [ -74.2111957, 4.8229144 ], [ -74.2111963, 4.8229083 ], [ -74.211197, 4.8229023 ], [ -74.2111978, 4.8228962 ], [ -74.2111987, 4.8228902 ], [ -74.2111996, 4.8228841 ], [ -74.2112007, 4.8228781 ], [ -74.211202, 4.8228721 ], [ -74.2112033, 4.8228662 ], [ -74.2112047, 4.8228602 ], [ -74.2112062, 4.8228543 ], [ -74.2112078, 4.8228484 ], [ -74.2112095, 4.8228426 ], [ -74.2112114, 4.8228367 ], [ -74.2112133, 4.8228309 ], [ -74.2112153, 4.8228252 ], [ -74.2112174, 4.8228194 ], [ -74.2112197, 4.8228138 ], [ -74.211222, 4.8228081 ], [ -74.2112244, 4.8228025 ], [ -74.2112269, 4.8227969 ], [ -74.2112296, 4.8227914 ], [ -74.2112323, 4.8227859 ], [ -74.2112351, 4.8227805 ], [ -74.211238, 4.8227751 ], [ -74.211241, 4.8227698 ], [ -74.2112441, 4.8227645 ], [ -74.2112473, 4.8227593 ], [ -74.2112505, 4.8227541 ], [ -74.2112539, 4.822749 ], [ -74.2112574, 4.822744 ], [ -74.2112609, 4.822739 ], [ -74.2112645, 4.8227341 ], [ -74.2112682, 4.8227292 ], [ -74.211272, 4.8227244 ], [ -74.2112759, 4.8227197 ], [ -74.2112799, 4.822715 ], [ -74.2112839, 4.8227105 ], [ -74.211288, 4.8227059 ], [ -74.2112922, 4.8227015 ], [ -74.2112965, 4.8226971 ], [ -74.2113009, 4.8226928 ], [ -74.2113053, 4.8226886 ], [ -74.2113098, 4.8226844 ], [ -74.2113144, 4.8226804 ], [ -74.211319, 4.8226764 ], [ -74.2113237, 4.8226725 ], [ -74.2113285, 4.8226687 ], [ -74.2113333, 4.8226649 ], [ -74.2113382, 4.8226613 ], [ -74.2113432, 4.8226577 ], [ -74.2113483, 4.8226542 ], [ -74.2113534, 4.8226508 ], [ -74.2113585, 4.8226475 ], [ -74.2113637, 4.8226443 ], [ -74.211369, 4.8226412 ], [ -74.2113743, 4.8226381 ], [ -74.2113797, 4.8226352 ], [ -74.2113851, 4.8226323 ], [ -74.2113906, 4.8226296 ], [ -74.2113961, 4.8226269 ], [ -74.2114016, 4.8226244 ], [ -74.2114073, 4.8226219 ], [ -74.2114129, 4.8226195 ], [ -74.2114186, 4.8226173 ], [ -74.2114243, 4.8226151 ], [ -74.2114301, 4.822613 ], [ -74.2114359, 4.8226111 ], [ -74.2114417, 4.8226092 ], [ -74.2114476, 4.8226074 ], [ -74.2114793, 4.8225964 ], [ -74.2115111, 4.822586 ], [ -74.2115431, 4.8225761 ], [ -74.2115753, 4.8225668 ], [ -74.2116076, 4.822558 ], [ -74.2116401, 4.8225498 ], [ -74.2116728, 4.8225421 ], [ -74.2117055, 4.822535 ], [ -74.2117384, 4.8225285 ], [ -74.2117714, 4.8225225 ], [ -74.2118044, 4.8225171 ], [ -74.2118376, 4.8225123 ], [ -74.2118709, 4.822508 ], [ -74.2119042, 4.8225043 ], [ -74.2119375, 4.8225012 ], [ -74.211971, 4.8224986 ], [ -74.2120044, 4.8224966 ], [ -74.2120379, 4.8224952 ], [ -74.2120714, 4.8224944 ], [ -74.2121049, 4.8224942 ], [ -74.2121385, 4.8224945 ], [ -74.212172, 4.8224954 ], [ -74.2122055, 4.8224969 ], [ -74.2122389, 4.8224989 ], [ -74.2122723, 4.8225015 ], [ -74.2123057, 4.8225047 ], [ -74.212339, 4.8225085 ], [ -74.2123722, 4.8225129 ], [ -74.2124054, 4.8225178 ], [ -74.2124385, 4.8225232 ], [ -74.2124714, 4.8225293 ], [ -74.2125043, 4.8225359 ], [ -74.212537, 4.8225431 ], [ -74.2125696, 4.8225508 ], [ -74.2126021, 4.8225591 ], [ -74.2126344, 4.822568 ], [ -74.2126666, 4.8225774 ], [ -74.2126986, 4.8225873 ], [ -74.2132131, 4.8225572 ], [ -74.213425, 4.8224164 ], [ -74.2134956, 4.8223058 ], [ -74.2135561, 4.8220545 ], [ -74.2135864, 4.8216725 ], [ -74.2137175, 4.8212302 ], [ -74.2185805, 4.8230125 ], [ -74.2182373, 4.8235826 ], [ -74.2177732, 4.824236 ], [ -74.2171679, 4.825 ], [ -74.2164919, 4.8262365 ], [ -74.2239314, 4.8328151 ], [ -74.2239255, 4.8328458 ], [ -74.2238624, 4.8329856 ], [ -74.2237586, 4.8331209 ], [ -74.2235512, 4.8333193 ], [ -74.2233753, 4.8334185 ], [ -74.2231363, 4.8335267 ], [ -74.2229649, 4.8335628 ], [ -74.22278, 4.8335944 ], [ -74.2226763, 4.8335944 ], [ -74.2225534, 4.8335871 ], [ -74.2224689, 4.8336107 ], [ -74.2223978, 4.8336513 ], [ -74.2223674, 4.8336818 ], [ -74.2223572, 4.8337291 ], [ -74.2223606, 4.8337832 ], [ -74.2223911, 4.8338374 ], [ -74.2224181, 4.8338813 ], [ -74.2224553, 4.8339321 ], [ -74.2224925, 4.8339625 ], [ -74.2225433, 4.8339862 ], [ -74.2225771, 4.8339929 ], [ -74.2226244, 4.8339997 ], [ -74.2226752, 4.8339997 ], [ -74.2227462, 4.8340031 ], [ -74.2228003, 4.8340234 ], [ -74.2228578, 4.8340504 ], [ -74.2229018, 4.8341079 ], [ -74.2229289, 4.8341824 ], [ -74.2229289, 4.8342399 ], [ -74.2229153, 4.8342838 ], [ -74.2227902, 4.8344259 ], [ -74.222435, 4.8347134 ], [ -74.2222016, 4.8349129 ], [ -74.2219209, 4.8350719 ], [ -74.221745, 4.8351599 ], [ -74.2215827, 4.835241 ], [ -74.2213459, 4.8353459 ], [ -74.2211497, 4.8353932 ], [ -74.2210212, 4.8354203 ], [ -74.2208284, 4.8354541 ], [ -74.2206864, 4.8354778 ], [ -74.220595, 4.8355116 ], [ -74.2205443, 4.835559 ], [ -74.2204699, 4.8356232 ], [ -74.2204225, 4.8357213 ], [ -74.2203515, 4.8358126 ], [ -74.2202636, 4.8358904 ], [ -74.220179, 4.835931 ], [ -74.2200539, 4.8359243 ], [ -74.2199287, 4.8359243 ], [ -74.2198171, 4.8359073 ], [ -74.219648, 4.8358735 ], [ -74.2194484, 4.835816 ], [ -74.2192895, 4.8358126 ], [ -74.2192353, 4.8358296 ], [ -74.2191575, 4.8358566 ], [ -74.2191034, 4.8358837 ], [ -74.2190662, 4.8359175 ], [ -74.2190392, 4.8360765 ], [ -74.2190358, 4.8361509 ], [ -74.2190358, 4.8362118 ], [ -74.2189986, 4.8362591 ], [ -74.2189343, 4.836276 ], [ -74.2188768, 4.8362997 ], [ -74.2188227, 4.8363403 ], [ -74.218799, 4.836391 ], [ -74.2187889, 4.8364621 ], [ -74.2188092, 4.8365263 ], [ -74.2188328, 4.8365872 ], [ -74.2188362, 4.8366515 ], [ -74.2188362, 4.8367901 ], [ -74.218843, 4.8368443 ], [ -74.2188159, 4.8368679 ], [ -74.2188024, 4.836895 ], [ -74.2187618, 4.8369288 ], [ -74.2187314, 4.8369525 ], [ -74.2186874, 4.8369762 ], [ -74.2186367, 4.8369863 ], [ -74.2185825, 4.8369863 ], [ -74.2185149, 4.8369829 ], [ -74.2184709, 4.8369795 ], [ -74.2184134, 4.8369559 ], [ -74.2183458, 4.8369322 ], [ -74.2182781, 4.8369153 ], [ -74.2181767, 4.8369085 ], [ -74.218109, 4.836922 ], [ -74.2180346, 4.8369559 ], [ -74.2179331, 4.8370066 ], [ -74.2178655, 4.837054 ], [ -74.2178046, 4.8371047 ], [ -74.2177809, 4.8371893 ], [ -74.217764, 4.8373279 ], [ -74.2177471, 4.837612 ], [ -74.2177403, 4.8377304 ], [ -74.2177336, 4.8377913 ], [ -74.2177133, 4.837842 ], [ -74.2176795, 4.837886 ], [ -74.2176321, 4.8379232 ], [ -74.2175814, 4.8379435 ], [ -74.2175239, 4.8379435 ], [ -74.2174596, 4.8379334 ], [ -74.2173987, 4.8378995 ], [ -74.2173446, 4.8378691 ], [ -74.2172871, 4.8378522 ], [ -74.2171823, 4.8378488 ], [ -74.2170334, 4.8378454 ], [ -74.2169353, 4.837859 ], [ -74.2168542, 4.8379063 ], [ -74.2168068, 4.8379435 ], [ -74.2167459, 4.838001 ], [ -74.2167087, 4.8380619 ], [ -74.2166546, 4.8381295 ], [ -74.2165734, 4.8383359 ], [ -74.2165024, 4.8385084 ], [ -74.2164652, 4.8385929 ], [ -74.2164618, 4.8387417 ], [ -74.2164618, 4.8388297 ], [ -74.2164517, 4.8389954 ], [ -74.2164145, 4.8390867 ], [ -74.2163874, 4.8391916 ], [ -74.2163434, 4.8396178 ], [ -74.216375, 4.8398957 ], [ -74.2164021, 4.84004 ], [ -74.2164066, 4.8401437 ], [ -74.2164021, 4.8403151 ], [ -74.2163479, 4.8404549 ], [ -74.2162668, 4.8405496 ], [ -74.2161766, 4.8406443 ], [ -74.2160864, 4.8407029 ], [ -74.2159962, 4.8407706 ], [ -74.2159421, 4.8408112 ], [ -74.2159015, 4.8408653 ], [ -74.2158699, 4.8409194 ], [ -74.2158564, 4.8410141 ], [ -74.2158429, 4.8411043 ], [ -74.2158023, 4.8411765 ], [ -74.2157391, 4.8412261 ], [ -74.215685, 4.8412622 ], [ -74.2156038, 4.8413163 ], [ -74.2155136, 4.8413478 ], [ -74.2154595, 4.8413839 ], [ -74.2154099, 4.841429 ], [ -74.2154009, 4.8414967 ], [ -74.2153874, 4.8417131 ], [ -74.2154054, 4.8418394 ], [ -74.2154189, 4.8420063 ], [ -74.2154009, 4.842119 ], [ -74.2153558, 4.8421821 ], [ -74.2152295, 4.8423039 ], [ -74.2150852, 4.8424076 ], [ -74.2150311, 4.8424663 ], [ -74.214995, 4.8425159 ], [ -74.214968, 4.8425565 ], [ -74.2149544, 4.8426061 ], [ -74.2149544, 4.8426692 ], [ -74.214995, 4.8427368 ], [ -74.2150356, 4.8427639 ], [ -74.2150852, 4.8428 ], [ -74.2151438, 4.8428361 ], [ -74.2151934, 4.8428812 ], [ -74.2152566, 4.8429172 ], [ -74.2153242, 4.8429533 ], [ -74.2153693, 4.8429849 ], [ -74.2154099, 4.843048 ], [ -74.2154505, 4.8431157 ], [ -74.2154776, 4.843278 ], [ -74.2154731, 4.8434043 ], [ -74.2154325, 4.843517 ], [ -74.2153603, 4.8436208 ], [ -74.2152431, 4.8437425 ], [ -74.2150987, 4.8438417 ], [ -74.2149589, 4.8438868 ], [ -74.2148282, 4.8438868 ], [ -74.2146929, 4.8438868 ], [ -74.2145621, 4.8438868 ], [ -74.2144448, 4.8438868 ], [ -74.2143591, 4.8438868 ], [ -74.214287, 4.8439139 ], [ -74.2141968, 4.8439725 ], [ -74.2141697, 4.8440041 ], [ -74.2141246, 4.8440898 ], [ -74.2141246, 4.844198 ], [ -74.2141201, 4.8443378 ], [ -74.2141066, 4.8444596 ], [ -74.2140885, 4.8445588 ], [ -74.214048, 4.844631 ], [ -74.2140074, 4.8446986 ], [ -74.2139623, 4.8447527 ], [ -74.2139217, 4.8447798 ], [ -74.213836, 4.8448068 ], [ -74.213606, 4.8448294 ], [ -74.2134707, 4.8448294 ], [ -74.2132768, 4.8448339 ], [ -74.2131776, 4.8448339 ], [ -74.2130919, 4.8448564 ], [ -74.2130197, 4.8448925 ], [ -74.2128709, 4.8449466 ], [ -74.2127356, 4.8450188 ], [ -74.2126603, 4.8451073 ], [ -74.2126157, 4.8451853 ], [ -74.2125822, 4.8453358 ], [ -74.2125766, 4.8454919 ], [ -74.2125822, 4.845882 ], [ -74.2126045, 4.8461997 ], [ -74.2126603, 4.8464004 ], [ -74.212677, 4.8465732 ], [ -74.2126881, 4.846746 ], [ -74.212679, 4.846817 ], [ -74.2126205, 4.8468964 ], [ -74.2125243, 4.8469758 ], [ -74.2124909, 4.8470427 ], [ -74.2124909, 4.8471472 ], [ -74.2124825, 4.8472768 ], [ -74.2123864, 4.847373 ], [ -74.2122651, 4.8475026 ], [ -74.2121815, 4.8475987 ], [ -74.2121523, 4.8476991 ], [ -74.2121439, 4.8478245 ], [ -74.2121439, 4.8479457 ], [ -74.2121439, 4.8480544 ], [ -74.212123, 4.8481589 ], [ -74.2120946, 4.8482126 ], [ -74.2119534, 4.8482433 ], [ -74.2118227, 4.8482894 ], [ -74.2116988, 4.8482802 ], [ -74.2115922, 4.8482595 ], [ -74.2115715, 4.8482791 ], [ -74.2115211, 4.8483171 ], [ -74.2115108, 4.8483412 ], [ -74.2114718, 4.8483826 ], [ -74.2114722, 4.8484307 ], [ -74.2113831, 4.848439 ], [ -74.2111866, 4.8484432 ], [ -74.2110339, 4.8484666 ], [ -74.2109503, 4.8484833 ], [ -74.2109001, 4.8485251 ], [ -74.2108416, 4.8485627 ], [ -74.2107873, 4.8486045 ], [ -74.2107413, 4.8486421 ], [ -74.2106702, 4.8487048 ], [ -74.2106075, 4.8487717 ], [ -74.2105573, 4.8488303 ], [ -74.2105197, 4.848893 ], [ -74.2104904, 4.8489264 ], [ -74.2104361, 4.8489682 ], [ -74.2103776, 4.8490058 ], [ -74.2103107, 4.8490476 ], [ -74.2102354, 4.8490685 ], [ -74.2101226, 4.8491396 ], [ -74.2099888, 4.8492608 ], [ -74.2099219, 4.8493319 ], [ -74.2098049, 4.849449 ], [ -74.2095749, 4.849658 ], [ -74.2094919, 4.8497658 ], [ -74.209332, 4.8497762 ], [ -74.2093234, 4.849794 ], [ -74.2093062, 4.8498044 ], [ -74.2092684, 4.8498654 ], [ -74.2092237, 4.8499275 ], [ -74.2091446, 4.8500092 ], [ -74.20907, 4.8500713 ], [ -74.2090127, 4.8501254 ], [ -74.2089634, 4.8501829 ], [ -74.208921, 4.8502416 ], [ -74.2088625, 4.850298 ], [ -74.208812, 4.8503509 ], [ -74.2087581, 4.8503751 ], [ -74.2087123, 4.850405 ], [ -74.208671, 4.8504407 ], [ -74.2086549, 4.8504579 ], [ -74.20864, 4.8504809 ], [ -74.2086321, 4.8504989 ], [ -74.2085609, 4.8504989 ], [ -74.2084941, 4.850538 ], [ -74.2084383, 4.8506104 ], [ -74.2084327, 4.850694 ], [ -74.2084327, 4.8507665 ], [ -74.2084327, 4.8508167 ], [ -74.2084104, 4.8508612 ], [ -74.2083547, 4.8508947 ], [ -74.2082432, 4.8509226 ], [ -74.2080481, 4.8509337 ], [ -74.2078475, 4.8509672 ], [ -74.2077694, 4.8510229 ], [ -74.2076931, 4.8510343 ], [ -74.2075854, 4.8508727 ] ] ] } },
{ "type": "Feature", "properties": { "id": 0, "layer": "MADRID OFICIAL — AREA DE AMORTIGUACION DE AREAS PROTEGIDAS", "clas_CIAF": "3a" }, "geometry": { "type": "Polygon", "coordinates": [ [ [ -74.2120983, 4.7995154 ], [ -74.2110757, 4.7989782 ], [ -74.2114466, 4.7986195 ], [ -74.2115339, 4.7983042 ], [ -74.2118175, 4.7977281 ], [ -74.2121366, 4.7974183 ], [ -74.2123505, 4.7975651 ], [ -74.2130466, 4.7978868 ], [ -74.2131778, 4.7979722 ], [ -74.2129256, 4.7982537 ], [ -74.2126885, 4.7984347 ], [ -74.2125826, 4.7985352 ], [ -74.2124766, 4.7986157 ], [ -74.2123253, 4.7987665 ], [ -74.212233, 4.7989439 ], [ -74.2121786, 4.7991588 ], [ -74.2121891, 4.7990831 ], [ -74.2120983, 4.7995154 ] ] ] } },
{ "type": "Feature", "properties": { "id": 0, "layer": "MADRID OFICIAL — AREA DE EXPANSION URBANA", "clas_CIAF": "1a" }, "geometry": { "type": "Polygon", "coordinates": [ [ [ -74.2868502, 4.7264078 ], [ -74.2874807, 4.7268301 ], [ -74.2860078, 4.7284187 ], [ -74.2919601, 4.7334257 ], [ -74.2909042, 4.7354094 ], [ -74.2874353, 4.7321287 ], [ -74.2795864, 4.7411976 ], [ -74.2760957, 4.7388852 ], [ -74.2806759, 4.7309423 ], [ -74.2868502, 4.7264078 ] ] ] } },
{ "type": "Feature", "properties": { "id": 0, "layer": "MADRID OFICIAL — AREA DE EXPANSION URBANA", "clas_CIAF": "1a" }, "geometry": { "type": "Polygon", "coordinates": [ [ [ -74.2402825, 4.7295682 ], [ -74.2407792, 4.7291204 ], [ -74.2411504, 4.7288451 ], [ -74.2414298, 4.7286161 ], [ -74.242109, 4.7280892 ], [ -74.2425545, 4.7276935 ], [ -74.2427601, 4.7275391 ], [ -74.2430969, 4.7272576 ], [ -74.2433994, 4.7269947 ], [ -74.2440499, 4.7264508 ], [ -74.2445123, 4.7260381 ], [ -74.2447579, 4.7258256 ], [ -74.248135, 4.7316084 ], [ -74.2429494, 4.7342024 ], [ -74.2402825, 4.7295682 ] ] ] } },
{ "type": "Feature", "properties": { "id": 0, "layer": "MADRID OFICIAL — AREA DE EXPANSION URBANA", "clas_CIAF": "1a" }, "geometry": { "type": "Polygon", "coordinates": [ [ [ -74.2497492, 4.7408985 ], [ -74.2496573, 4.7409044 ], [ -74.2495653, 4.7409087 ], [ -74.2494732, 4.7409114 ], [ -74.2493811, 4.7409125 ], [ -74.249289, 4.740912 ], [ -74.249197, 4.7409099 ], [ -74.2491049, 4.7409063 ], [ -74.249013, 4.740901 ], [ -74.2489211, 4.7408942 ], [ -74.2488294, 4.7408858 ], [ -74.2487379, 4.7408758 ], [ -74.2486465, 4.7408643 ], [ -74.2485554, 4.7408511 ], [ -74.2484645, 4.7408364 ], [ -74.2483738, 4.7408201 ], [ -74.2482835, 4.7408023 ], [ -74.2481935, 4.7407829 ], [ -74.2481038, 4.740762 ], [ -74.2480145, 4.7407395 ], [ -74.2479256, 4.7407155 ], [ -74.2478372, 4.74069 ], [ -74.2477492, 4.7406629 ], [ -74.2476617, 4.7406343 ], [ -74.2475747, 4.7406042 ], [ -74.2474882, 4.7405726 ], [ -74.2474023, 4.7405396 ], [ -74.2473169, 4.740505 ], [ -74.2472322, 4.740469 ], [ -74.2471482, 4.7404316 ], [ -74.2470647, 4.7403927 ], [ -74.246982, 4.7403523 ], [ -74.2469, 4.7403106 ], [ -74.2468187, 4.7402674 ], [ -74.2467382, 4.7402228 ], [ -74.2466585, 4.7401769 ], [ -74.2465796, 4.7401296 ], [ -74.2465015, 4.7400809 ], [ -74.2464243, 4.7400309 ], [ -74.2463479, 4.7399796 ], [ -74.2462725, 4.7399269 ], [ -74.246198, 4.739873 ], [ -74.2461077, 4.7397899 ], [ -74.2460188, 4.7397053 ], [ -74.2459314, 4.7396192 ], [ -74.2458454, 4.7395317 ], [ -74.245761, 4.7394427 ], [ -74.245678, 4.7393523 ], [ -74.2455966, 4.7392605 ], [ -74.2455168, 4.7391674 ], [ -74.2454386, 4.7390729 ], [ -74.245362, 4.7389771 ], [ -74.245287, 4.7388801 ], [ -74.2452136, 4.7387818 ], [ -74.245142, 4.7386822 ], [ -74.245072, 4.7385815 ], [ -74.2450038, 4.7384797 ], [ -74.2449373, 4.7383766 ], [ -74.2448726, 4.7382725 ], [ -74.2448096, 4.7381673 ], [ -74.2447484, 4.7380611 ], [ -74.2446891, 4.7379538 ], [ -74.2446315, 4.7378456 ], [ -74.2445758, 4.7377364 ], [ -74.244522, 4.7376263 ], [ -74.2444701, 4.7375153 ], [ -74.24442, 4.7374034 ], [ -74.2443718, 4.7372907 ], [ -74.2443256, 4.7371772 ], [ -74.2442813, 4.737063 ], [ -74.2442389, 4.736948 ], [ -74.2441985, 4.7368323 ], [ -74.2441601, 4.736716 ], [ -74.2494667, 4.7341622 ], [ -74.250642, 4.7364244 ], [ -74.2474893, 4.7373192 ], [ -74.2497492, 4.7408985 ] ] ] } },
{ "type": "Feature", "properties": { "id": 0, "layer": "MADRID OFICIAL — AREA DE EXPANSION URBANA", "clas_CIAF": "1a" }, "geometry": { "type": "Polygon", "coordinates": [ [ [ -74.2137175, 4.8198228 ], [ -74.2132938, 4.819119 ], [ -74.2132736, 4.8188979 ], [ -74.2135763, 4.8186566 ], [ -74.214, 4.8184555 ], [ -74.2141816, 4.8180936 ], [ -74.2142825, 4.8175508 ], [ -74.214343, 4.8171688 ], [ -74.2143027, 4.8167063 ], [ -74.2143632, 4.8164852 ], [ -74.2146987, 4.8164223 ], [ -74.2147668, 4.8165807 ], [ -74.2148475, 4.8168018 ], [ -74.214908, 4.8169426 ], [ -74.2150997, 4.8171537 ], [ -74.2153923, 4.8172844 ], [ -74.2159673, 4.8174854 ], [ -74.216048, 4.8175055 ], [ -74.2162901, 4.8175759 ], [ -74.2166533, 4.8178373 ], [ -74.2169056, 4.8180685 ], [ -74.2170569, 4.8182092 ], [ -74.2185197, 4.8195212 ], [ -74.21969, 4.8207476 ], [ -74.219852, 4.8207182 ], [ -74.2197001, 4.8210593 ], [ -74.21969, 4.8211598 ], [ -74.2194983, 4.8214815 ], [ -74.2191553, 4.8220042 ], [ -74.2189334, 4.8224265 ], [ -74.2185805, 4.8230125 ], [ -74.2137175, 4.8212302 ], [ -74.2139232, 4.8203832 ], [ -74.2139193, 4.8202852 ], [ -74.2137175, 4.8198228 ] ] ] } },
{ "type": "Feature", "properties": { "id": 0, "layer": "MADRID OFICIAL — AREA DE RESERVA FORESTAL PRODUCTORA", "clas_CIAF": "5a" }, "geometry": { "type": "Polygon", "coordinates": [ [ [ -74.2680197, 4.7228109 ], [ -74.2675758, 4.7231326 ], [ -74.2679592, 4.7234745 ], [ -74.2677574, 4.7237359 ], [ -74.2674548, 4.7238968 ], [ -74.2671117, 4.7237761 ], [ -74.267031, 4.723756 ], [ -74.2665871, 4.7239169 ], [ -74.2660827, 4.7241582 ], [ -74.26578, 4.7243794 ], [ -74.2655379, 4.7246207 ], [ -74.2655379, 4.7249826 ], [ -74.2656792, 4.7255859 ], [ -74.2655581, 4.7259278 ], [ -74.2653765, 4.7262897 ], [ -74.2651747, 4.7263903 ], [ -74.2646703, 4.726712 ], [ -74.2644282, 4.7269734 ], [ -74.2640852, 4.7272348 ], [ -74.2635807, 4.7272549 ], [ -74.2632982, 4.7271946 ], [ -74.2629552, 4.7271142 ], [ -74.2627131, 4.7273957 ], [ -74.2626727, 4.7274359 ], [ -74.2625315, 4.7274359 ], [ -74.2620069, 4.7271142 ], [ -74.2618656, 4.7268528 ], [ -74.2617648, 4.7266919 ], [ -74.2615832, 4.72635 ], [ -74.2615226, 4.7258674 ], [ -74.2615226, 4.7257066 ], [ -74.2615226, 4.7254653 ], [ -74.261504, 4.725391 ], [ -74.2614823, 4.7253044 ], [ -74.2614419, 4.7249223 ], [ -74.2614217, 4.7244799 ], [ -74.2613814, 4.7242386 ], [ -74.2613814, 4.7236957 ], [ -74.2613007, 4.7234343 ], [ -74.2610787, 4.7230321 ], [ -74.2608366, 4.7228712 ], [ -74.2605339, 4.7226902 ], [ -74.2603523, 4.7225897 ], [ -74.2600497, 4.7223484 ], [ -74.2599892, 4.7222277 ], [ -74.2599084, 4.7217652 ], [ -74.259969, 4.7216245 ], [ -74.2601708, 4.7216245 ], [ -74.2602313, 4.7214636 ], [ -74.2602716, 4.7214234 ], [ -74.2604129, 4.7212223 ], [ -74.2602918, 4.7209609 ], [ -74.2602716, 4.7207397 ], [ -74.2603322, 4.7204783 ], [ -74.2604734, 4.7202571 ], [ -74.2604532, 4.7198147 ], [ -74.2602313, 4.7197745 ], [ -74.2601506, 4.7199152 ], [ -74.2599084, 4.7201766 ], [ -74.2598681, 4.7201565 ], [ -74.2595654, 4.7200158 ], [ -74.2595251, 4.7197946 ], [ -74.2595856, 4.7196538 ], [ -74.2596058, 4.7194326 ], [ -74.2594847, 4.7194326 ], [ -74.2593838, 4.7195734 ], [ -74.2592224, 4.7194125 ], [ -74.2591619, 4.7190908 ], [ -74.2591417, 4.7187288 ], [ -74.2589198, 4.7186685 ], [ -74.2588391, 4.7185679 ], [ -74.2586575, 4.7181859 ], [ -74.2585969, 4.7179647 ], [ -74.2584759, 4.7179244 ], [ -74.2584153, 4.7175223 ], [ -74.2580925, 4.716919 ], [ -74.2577495, 4.7160342 ], [ -74.2579311, 4.715451 ], [ -74.2576889, 4.7152902 ], [ -74.2575477, 4.7152701 ], [ -74.2574065, 4.7151896 ], [ -74.2573056, 4.7151695 ], [ -74.2571038, 4.7150891 ], [ -74.2570634, 4.7148478 ], [ -74.2570231, 4.7146065 ], [ -74.2570029, 4.7143249 ], [ -74.2569424, 4.7139227 ], [ -74.2572249, 4.7132591 ], [ -74.2572047, 4.7130178 ], [ -74.2571038, 4.7128167 ], [ -74.2569626, 4.7124749 ], [ -74.2569626, 4.7123341 ], [ -74.2569827, 4.7121531 ], [ -74.2569424, 4.7118716 ], [ -74.2568617, 4.7117912 ], [ -74.256781, 4.71157 ], [ -74.2567608, 4.7114493 ], [ -74.2565792, 4.7112683 ], [ -74.2564985, 4.7107053 ], [ -74.2565187, 4.7105243 ], [ -74.2565792, 4.7103835 ], [ -74.2565792, 4.7100417 ], [ -74.2566599, 4.7095993 ], [ -74.2566801, 4.7091167 ], [ -74.2566801, 4.7088754 ], [ -74.2566397, 4.7083927 ], [ -74.2566599, 4.7081112 ], [ -74.2567406, 4.7076286 ], [ -74.2568415, 4.7071057 ], [ -74.2568617, 4.7066633 ], [ -74.2568819, 4.7063617 ], [ -74.256902, 4.7056981 ], [ -74.2570231, 4.705135 ], [ -74.2570836, 4.7049138 ], [ -74.2571845, 4.704572 ], [ -74.2572854, 4.7043105 ], [ -74.2574266, 4.7040692 ], [ -74.2576082, 4.7038883 ], [ -74.2576486, 4.7037073 ], [ -74.2576688, 4.703285 ], [ -74.2577898, 4.7033051 ], [ -74.2579512, 4.7032448 ], [ -74.2580723, 4.7027822 ], [ -74.2580925, 4.7025007 ], [ -74.2581934, 4.7020985 ], [ -74.2582136, 4.7020784 ], [ -74.2583952, 4.7017768 ], [ -74.2585162, 4.7015153 ], [ -74.2586171, 4.7013545 ], [ -74.2587583, 4.7010528 ], [ -74.2588794, 4.7007914 ], [ -74.2591014, 4.7004898 ], [ -74.2593838, 4.7002887 ], [ -74.2595453, 4.7001077 ], [ -74.2596058, 4.7000272 ], [ -74.2600295, 4.6998463 ], [ -74.2603322, 4.6997256 ], [ -74.2605339, 4.6996854 ], [ -74.260655, 4.6997457 ], [ -74.2609577, 4.6997457 ], [ -74.2610989, 4.6995446 ], [ -74.2610384, 4.6994039 ], [ -74.2609375, 4.6993837 ], [ -74.2608568, 4.6993234 ], [ -74.2607155, 4.6991625 ], [ -74.2606752, 4.6991022 ], [ -74.2604532, 4.6990017 ], [ -74.2601909, 4.6989614 ], [ -74.2601506, 4.6989816 ], [ -74.2600497, 4.6991625 ], [ -74.2598277, 4.6989816 ], [ -74.2595856, 4.6989413 ], [ -74.2591014, 4.6989011 ], [ -74.259061, 4.6989212 ], [ -74.2587583, 4.6988006 ], [ -74.2586776, 4.6984989 ], [ -74.2587785, 4.6984386 ], [ -74.2588391, 4.6982576 ], [ -74.2585767, 4.6978956 ], [ -74.2584759, 4.6977348 ], [ -74.2582539, 4.6972924 ], [ -74.2579311, 4.696669 ], [ -74.2578705, 4.6965282 ], [ -74.2581127, 4.6964478 ], [ -74.2578705, 4.6960456 ], [ -74.2576082, 4.6958042 ], [ -74.2574266, 4.6956434 ], [ -74.2570836, 4.6953618 ], [ -74.2569827, 4.6952613 ], [ -74.2568819, 4.6945373 ], [ -74.2568667, 4.6936098 ], [ -74.2570584, 4.6937103 ], [ -74.2577243, 4.6940723 ], [ -74.2580975, 4.6942734 ], [ -74.258491, 4.6946052 ], [ -74.2589349, 4.6949169 ], [ -74.2596815, 4.6950577 ], [ -74.2598731, 4.6950577 ], [ -74.2600346, 4.6950577 ], [ -74.2604785, 4.695299 ], [ -74.2610031, 4.6956006 ], [ -74.261568, 4.6958017 ], [ -74.2622339, 4.695842 ], [ -74.2625164, 4.6960028 ], [ -74.2627585, 4.6962441 ], [ -74.2630006, 4.6967469 ], [ -74.2631822, 4.6970485 ], [ -74.2634647, 4.6972496 ], [ -74.2638077, 4.6974909 ], [ -74.2640498, 4.697692 ], [ -74.2643929, 4.697873 ], [ -74.2646148, 4.6979736 ], [ -74.2650385, 4.6981546 ], [ -74.2654219, 4.6983355 ], [ -74.2655833, 4.6984964 ], [ -74.265664, 4.6990595 ], [ -74.265664, 4.6992002 ], [ -74.2664509, 4.6990595 ], [ -74.2664913, 4.6990595 ], [ -74.266915, 4.6992002 ], [ -74.2671168, 4.6993611 ], [ -74.267258, 4.699522 ], [ -74.2673993, 4.7002057 ], [ -74.2677221, 4.7009095 ], [ -74.2678634, 4.7012715 ], [ -74.2680853, 4.7020759 ], [ -74.268166, 4.7024178 ], [ -74.2682669, 4.7026792 ], [ -74.268388, 4.7030613 ], [ -74.268509, 4.7034031 ], [ -74.2686301, 4.7036243 ], [ -74.2689529, 4.7037852 ], [ -74.2692758, 4.7039461 ], [ -74.2696995, 4.7039863 ], [ -74.269982, 4.7045695 ], [ -74.2704057, 4.7047504 ], [ -74.271011, 4.7048108 ], [ -74.2714953, 4.7047504 ], [ -74.2717576, 4.7046901 ], [ -74.2722217, 4.7047504 ], [ -74.2727463, 4.7045896 ], [ -74.272948, 4.7046298 ], [ -74.2733112, 4.7050521 ], [ -74.2733314, 4.7055146 ], [ -74.2733718, 4.7057961 ], [ -74.2732709, 4.7061179 ], [ -74.2731498, 4.7063391 ], [ -74.272605, 4.7065201 ], [ -74.2722217, 4.7066407 ], [ -74.2720602, 4.7067413 ], [ -74.2715154, 4.7070228 ], [ -74.2713944, 4.7072641 ], [ -74.2713137, 4.7075456 ], [ -74.271233, 4.7077467 ], [ -74.2709707, 4.7079277 ], [ -74.2706882, 4.7080283 ], [ -74.271011, 4.7084304 ], [ -74.2715558, 4.7086315 ], [ -74.2717979, 4.7087522 ], [ -74.2722217, 4.7089131 ], [ -74.2724234, 4.7090337 ], [ -74.2726656, 4.7092147 ], [ -74.2726857, 4.7093957 ], [ -74.2726252, 4.7098783 ], [ -74.2725041, 4.7102403 ], [ -74.2723831, 4.7104816 ], [ -74.2723629, 4.7108636 ], [ -74.272484, 4.7110446 ], [ -74.2726252, 4.7112256 ], [ -74.2727261, 4.7114468 ], [ -74.2728068, 4.7116479 ], [ -74.272827, 4.7118088 ], [ -74.2727463, 4.7118691 ], [ -74.2724234, 4.7119495 ], [ -74.2720199, 4.7120702 ], [ -74.2717172, 4.7121506 ], [ -74.271576, 4.712211 ], [ -74.2713339, 4.7124121 ], [ -74.2714751, 4.712593 ], [ -74.2717778, 4.7127941 ], [ -74.2719392, 4.712955 ], [ -74.2719392, 4.7131159 ], [ -74.2721409, 4.713317 ], [ -74.2722217, 4.7135181 ], [ -74.2723427, 4.71388 ], [ -74.2724234, 4.7143224 ], [ -74.2724638, 4.714805 ], [ -74.2717778, 4.7142621 ], [ -74.2713742, 4.7145235 ], [ -74.2713742, 4.7145838 ], [ -74.2715558, 4.7149458 ], [ -74.2716163, 4.7151268 ], [ -74.2712531, 4.7156295 ], [ -74.2714146, 4.7157703 ], [ -74.2719795, 4.7154887 ], [ -74.2726454, 4.715167 ], [ -74.2727866, 4.715167 ], [ -74.2732507, 4.7154485 ], [ -74.2739771, 4.715529 ], [ -74.2749456, 4.7152675 ], [ -74.27545, 4.7150463 ], [ -74.2762168, 4.7149458 ], [ -74.276358, 4.7151871 ], [ -74.2762168, 4.7157502 ], [ -74.2759545, 4.716273 ], [ -74.2753491, 4.7170572 ], [ -74.2750061, 4.7176002 ], [ -74.2748649, 4.7177007 ], [ -74.2740174, 4.7178214 ], [ -74.2738964, 4.7178415 ], [ -74.273513, 4.7184448 ], [ -74.2732911, 4.7186861 ], [ -74.2731296, 4.718867 ], [ -74.2724436, 4.7187062 ], [ -74.2719392, 4.7186861 ], [ -74.2716365, 4.718867 ], [ -74.2715154, 4.7191084 ], [ -74.2715356, 4.7195507 ], [ -74.2716163, 4.7199127 ], [ -74.2716163, 4.7201138 ], [ -74.2712733, 4.720335 ], [ -74.2708294, 4.7204154 ], [ -74.2701837, 4.7203953 ], [ -74.2698811, 4.720516 ], [ -74.2696591, 4.7207171 ], [ -74.2695986, 4.7209785 ], [ -74.26976, 4.7213203 ], [ -74.2697802, 4.721823 ], [ -74.2698206, 4.7221046 ], [ -74.2694523, 4.722268 ], [ -74.2689277, 4.7225093 ], [ -74.2683426, 4.7228109 ], [ -74.2680197, 4.7228109 ] ], [ [ -74.2705772, 4.7058665 ], [ -74.2702645, 4.7055649 ], [ -74.269074, 4.7058565 ], [ -74.2686503, 4.7058162 ], [ -74.2684889, 4.7055347 ], [ -74.268166, 4.7054543 ], [ -74.26748, 4.705213 ], [ -74.2669554, 4.7051325 ], [ -74.2665317, 4.7052733 ], [ -74.2659263, 4.7053336 ], [ -74.2658254, 4.7053939 ], [ -74.2658658, 4.7057358 ], [ -74.2658658, 4.7058766 ], [ -74.2656035, 4.706138 ], [ -74.265321, 4.7060978 ], [ -74.2650385, 4.7059972 ], [ -74.264756, 4.7058967 ], [ -74.2645341, 4.7056755 ], [ -74.2643727, 4.7054543 ], [ -74.2642718, 4.7053939 ], [ -74.2641104, 4.7052532 ], [ -74.2642113, 4.7049314 ], [ -74.2642113, 4.7046499 ], [ -74.2639288, 4.7045493 ], [ -74.2637068, 4.7044488 ], [ -74.2634445, 4.7045292 ], [ -74.2634445, 4.7047907 ], [ -74.2635252, 4.7050521 ], [ -74.2636059, 4.7052733 ], [ -74.2635858, 4.7053939 ], [ -74.2634849, 4.7056956 ], [ -74.2635656, 4.7060575 ], [ -74.2635858, 4.7062787 ], [ -74.2634849, 4.7065603 ], [ -74.2633638, 4.7068217 ], [ -74.2632629, 4.7071233 ], [ -74.2631217, 4.7075456 ], [ -74.263041, 4.7077266 ], [ -74.2628997, 4.7079478 ], [ -74.2625365, 4.708169 ], [ -74.2622339, 4.7080484 ], [ -74.2618909, 4.708169 ], [ -74.2617698, 4.70835 ], [ -74.2616891, 4.7085511 ], [ -74.2618707, 4.7087924 ], [ -74.2620321, 4.7090739 ], [ -74.2618505, 4.7093555 ], [ -74.2616084, 4.7093354 ], [ -74.2612452, 4.7093555 ], [ -74.261225, 4.7095767 ], [ -74.2615075, 4.7097174 ], [ -74.2616084, 4.7098582 ], [ -74.2618102, 4.7102805 ], [ -74.2620321, 4.7097576 ], [ -74.2621935, 4.7095968 ], [ -74.2623146, 4.7094761 ], [ -74.2625365, 4.7094158 ], [ -74.2626778, 4.7095163 ], [ -74.2630612, 4.7099788 ], [ -74.263162, 4.7103006 ], [ -74.2632629, 4.7103408 ], [ -74.2635858, 4.7103207 ], [ -74.2639288, 4.7103408 ], [ -74.2643727, 4.7104011 ], [ -74.2651394, 4.7108234 ], [ -74.2653008, 4.710743 ], [ -74.2656237, 4.7105419 ], [ -74.2658456, 4.7103207 ], [ -74.266229, 4.7098984 ], [ -74.2665317, 4.7093555 ], [ -74.2666325, 4.7091343 ], [ -74.2670159, 4.7085712 ], [ -74.2672076, 4.7082394 ], [ -74.26748, 4.7081288 ], [ -74.2679037, 4.7080886 ], [ -74.2681458, 4.7080886 ], [ -74.2686604, 4.7079177 ], [ -74.2695179, 4.7076763 ], [ -74.2695482, 4.7075356 ], [ -74.269417, 4.7073948 ], [ -74.2694473, 4.7072138 ], [ -74.2698609, 4.7068619 ], [ -74.2703653, 4.7065201 ], [ -74.2706377, 4.7061681 ], [ -74.2705772, 4.7058665 ] ], [ [ -74.2654824, 4.7116781 ], [ -74.2652201, 4.7115574 ], [ -74.2647762, 4.7113161 ], [ -74.2643121, 4.7114167 ], [ -74.2639893, 4.7114971 ], [ -74.2636665, 4.7117585 ], [ -74.263384, 4.7121406 ], [ -74.2632427, 4.712402 ], [ -74.2632226, 4.7127841 ], [ -74.2633638, 4.7129449 ], [ -74.2637674, 4.7130455 ], [ -74.263949, 4.7131058 ], [ -74.2643929, 4.7132265 ], [ -74.264213, 4.7135112 ], [ -74.2640095, 4.7135884 ], [ -74.2636463, 4.7135884 ], [ -74.2632427, 4.7136287 ], [ -74.2630612, 4.713689 ], [ -74.2628997, 4.7138297 ], [ -74.2627988, 4.7140509 ], [ -74.262698, 4.7142721 ], [ -74.2626173, 4.7145336 ], [ -74.2626173, 4.7147749 ], [ -74.262698, 4.7149156 ], [ -74.2628997, 4.7150564 ], [ -74.2632024, 4.7152575 ], [ -74.2635353, 4.7154008 ], [ -74.2634798, 4.7155667 ], [ -74.2631419, 4.7155792 ], [ -74.2627383, 4.7157803 ], [ -74.2625567, 4.716082 ], [ -74.2625769, 4.716283 ], [ -74.2619312, 4.7160618 ], [ -74.2612452, 4.7164439 ], [ -74.2609224, 4.7169466 ], [ -74.2606802, 4.7173488 ], [ -74.2606802, 4.717389 ], [ -74.2610636, 4.7175499 ], [ -74.2613663, 4.7176505 ], [ -74.2618102, 4.7178113 ], [ -74.261911, 4.7178717 ], [ -74.2621734, 4.7180526 ], [ -74.2625164, 4.7183342 ], [ -74.262698, 4.7183945 ], [ -74.2629199, 4.7186157 ], [ -74.2632427, 4.7189776 ], [ -74.2634042, 4.7193396 ], [ -74.2635454, 4.7196211 ], [ -74.2636261, 4.7199228 ], [ -74.2636867, 4.7204456 ], [ -74.263727, 4.7209483 ], [ -74.2635858, 4.7213505 ], [ -74.2634849, 4.7218733 ], [ -74.2635051, 4.722376 ], [ -74.2636867, 4.7227581 ], [ -74.2641507, 4.7230396 ], [ -74.2646955, 4.7232005 ], [ -74.2649376, 4.7231804 ], [ -74.2652403, 4.7229793 ], [ -74.2655026, 4.7228385 ], [ -74.2659465, 4.722557 ], [ -74.2661886, 4.722376 ], [ -74.2664711, 4.7220945 ], [ -74.2666931, 4.7217728 ], [ -74.2668343, 4.721451 ], [ -74.2671773, 4.7210891 ], [ -74.2672379, 4.7210086 ], [ -74.2675002, 4.7208478 ], [ -74.2678432, 4.7206065 ], [ -74.2679239, 4.7204657 ], [ -74.2680248, 4.7202445 ], [ -74.2682467, 4.7199429 ], [ -74.2684081, 4.7196613 ], [ -74.2684283, 4.7196211 ], [ -74.2684889, 4.7192793 ], [ -74.2685494, 4.7191787 ], [ -74.2686906, 4.7189575 ], [ -74.2688924, 4.7188369 ], [ -74.2689328, 4.7187564 ], [ -74.2689328, 4.718495 ], [ -74.2690336, 4.7180325 ], [ -74.2692556, 4.7177912 ], [ -74.2695784, 4.71757 ], [ -74.2694977, 4.7172885 ], [ -74.2693767, 4.7172684 ], [ -74.2689731, 4.7172483 ], [ -74.2687512, 4.7172483 ], [ -74.2686503, 4.7170271 ], [ -74.2686704, 4.716826 ], [ -74.2688117, 4.716645 ], [ -74.2689933, 4.7163434 ], [ -74.2690538, 4.7159613 ], [ -74.2690135, 4.71572 ], [ -74.269074, 4.7149357 ], [ -74.269074, 4.7146944 ], [ -74.2688319, 4.7145537 ], [ -74.2685494, 4.7141716 ], [ -74.2684081, 4.7139102 ], [ -74.2683476, 4.7135884 ], [ -74.2684485, 4.7133873 ], [ -74.2687915, 4.7135482 ], [ -74.2691951, 4.7137091 ], [ -74.2693161, 4.7134678 ], [ -74.2692556, 4.7131863 ], [ -74.2690538, 4.7130053 ], [ -74.2685897, 4.7126835 ], [ -74.2680651, 4.7125629 ], [ -74.2677625, 4.712583 ], [ -74.2673387, 4.712402 ], [ -74.2670563, 4.7122813 ], [ -74.2668545, 4.7122813 ], [ -74.2665518, 4.7123216 ], [ -74.2658254, 4.7125227 ], [ -74.2653614, 4.7126433 ], [ -74.2650789, 4.7128645 ], [ -74.2648973, 4.7131259 ], [ -74.2646552, 4.7129852 ], [ -74.264756, 4.7126232 ], [ -74.2648771, 4.7123819 ], [ -74.2653815, 4.7119998 ], [ -74.2655228, 4.7119194 ], [ -74.2654824, 4.7116781 ] ] ] } },
{ "type": "Feature", "properties": { "id": 0, "layer": "MADRID OFICIAL — AREA DE RESERVA FORESTAL PRODUCTORA", "clas_CIAF": "5a" }, "geometry": { "type": "MultiPolygon", "coordinates": [ [ [ [ -74.2108178, 4.7991034 ], [ -74.2105093, 4.7993144 ], [ -74.2101663, 4.7994752 ], [ -74.2097224, 4.7995556 ], [ -74.209218, 4.7995757 ], [ -74.2108178, 4.7991034 ] ] ], [ [ [ -74.2126021, 4.8225591 ], [ -74.2125696, 4.8225508 ], [ -74.212537, 4.8225431 ], [ -74.2125043, 4.8225359 ], [ -74.2124714, 4.8225293 ], [ -74.2124385, 4.8225232 ], [ -74.2124054, 4.8225178 ], [ -74.2123722, 4.8225129 ], [ -74.212339, 4.8225085 ], [ -74.2123057, 4.8225047 ], [ -74.2122723, 4.8225015 ], [ -74.2122389, 4.8224989 ], [ -74.2122055, 4.8224969 ], [ -74.212172, 4.8224954 ], [ -74.2121385, 4.8224945 ], [ -74.2121049, 4.8224942 ], [ -74.2120714, 4.8224944 ], [ -74.2120379, 4.8224952 ], [ -74.2120044, 4.8224966 ], [ -74.211971, 4.8224986 ], [ -74.2119375, 4.8225012 ], [ -74.2119042, 4.8225043 ], [ -74.2118709, 4.822508 ], [ -74.2118376, 4.8225123 ], [ -74.2118044, 4.8225171 ], [ -74.2117714, 4.8225225 ], [ -74.2117384, 4.8225285 ], [ -74.2117055, 4.822535 ], [ -74.2116728, 4.8225421 ], [ -74.2116401, 4.8225498 ], [ -74.2116076, 4.822558 ], [ -74.2115753, 4.8225668 ], [ -74.2115431, 4.8225761 ], [ -74.2115111, 4.822586 ], [ -74.2114793, 4.8225964 ], [ -74.2114476, 4.8226074 ], [ -74.2114417, 4.8226092 ], [ -74.2114359, 4.8226111 ], [ -74.2114301, 4.822613 ], [ -74.2114243, 4.8226151 ], [ -74.2114186, 4.8226173 ], [ -74.2114129, 4.8226195 ], [ -74.2114073, 4.8226219 ], [ -74.2114016, 4.8226244 ], [ -74.2113961, 4.8226269 ], [ -74.2113906, 4.8226296 ], [ -74.2113851, 4.8226323 ], [ -74.2113797, 4.8226352 ], [ -74.2113743, 4.8226381 ], [ -74.211369, 4.8226412 ], [ -74.2113637, 4.8226443 ], [ -74.2113585, 4.8226475 ], [ -74.2113534, 4.8226508 ], [ -74.2113483, 4.8226542 ], [ -74.2113432, 4.8226577 ], [ -74.2113382, 4.8226613 ], [ -74.2113333, 4.8226649 ], [ -74.2113285, 4.8226687 ], [ -74.2113237, 4.8226725 ], [ -74.211319, 4.8226764 ], [ -74.2113144, 4.8226804 ], [ -74.2113098, 4.8226844 ], [ -74.2113053, 4.8226886 ], [ -74.2113009, 4.8226928 ], [ -74.2112965, 4.8226971 ], [ -74.2112922, 4.8227015 ], [ -74.211288, 4.8227059 ], [ -74.2112839, 4.8227105 ], [ -74.2112799, 4.822715 ], [ -74.2112759, 4.8227197 ], [ -74.211272, 4.8227244 ], [ -74.2112682, 4.8227292 ], [ -74.2112645, 4.8227341 ], [ -74.2112609, 4.822739 ], [ -74.2112574, 4.822744 ], [ -74.2112539, 4.822749 ], [ -74.2112505, 4.8227541 ], [ -74.2112473, 4.8227593 ], [ -74.2112441, 4.8227645 ], [ -74.211241, 4.8227698 ], [ -74.211238, 4.8227751 ], [ -74.2112351, 4.8227805 ], [ -74.2112323, 4.8227859 ], [ -74.2112296, 4.8227914 ], [ -74.2112269, 4.8227969 ], [ -74.2112244, 4.8228025 ], [ -74.211222, 4.8228081 ], [ -74.2112197, 4.8228138 ], [ -74.2112174, 4.8228194 ], [ -74.2112153, 4.8228252 ], [ -74.2112133, 4.8228309 ], [ -74.2112114, 4.8228367 ], [ -74.2112095, 4.8228426 ], [ -74.2112078, 4.8228484 ], [ -74.2112062, 4.8228543 ], [ -74.2112047, 4.8228602 ], [ -74.2112033, 4.8228662 ], [ -74.211202, 4.8228721 ], [ -74.2112007, 4.8228781 ], [ -74.2111996, 4.8228841 ], [ -74.2111987, 4.8228902 ], [ -74.2111978, 4.8228962 ], [ -74.211197, 4.8229023 ], [ -74.2111963, 4.8229083 ], [ -74.2111957, 4.8229144 ], [ -74.2111953, 4.8229205 ], [ -74.2111949, 4.8229266 ], [ -74.2111947, 4.8229327 ], [ -74.2111945, 4.8229388 ], [ -74.2111945, 4.8229449 ], [ -74.2111945, 4.822951 ], [ -74.2111947, 4.8229571 ], [ -74.211195, 4.8229632 ], [ -74.2111954, 4.8229693 ], [ -74.2111964, 4.8229815 ], [ -74.2111971, 4.8229936 ], [ -74.2111977, 4.8230058 ], [ -74.211198, 4.823018 ], [ -74.2111982, 4.8230302 ], [ -74.2111981, 4.8230424 ], [ -74.2111978, 4.8230545 ], [ -74.2111973, 4.8230667 ], [ -74.2111966, 4.8230789 ], [ -74.2111957, 4.823091 ], [ -74.2111946, 4.8231032 ], [ -74.2111932, 4.8231153 ], [ -74.2111917, 4.8231274 ], [ -74.2111899, 4.8231394 ], [ -74.211188, 4.8231515 ], [ -74.2111858, 4.8231635 ], [ -74.2111834, 4.8231754 ], [ -74.2111809, 4.8231873 ], [ -74.2111781, 4.8231992 ], [ -74.2111751, 4.823211 ], [ -74.2111719, 4.8232228 ], [ -74.2111685, 4.8232345 ], [ -74.2111649, 4.8232461 ], [ -74.2111611, 4.8232577 ], [ -74.2111571, 4.8232692 ], [ -74.211153, 4.8232807 ], [ -74.2111486, 4.8232921 ], [ -74.211144, 4.8233034 ], [ -74.2111392, 4.8233146 ], [ -74.2111342, 4.8233257 ], [ -74.2111291, 4.8233368 ], [ -74.2111237, 4.8233477 ], [ -74.2111182, 4.8233586 ], [ -74.2111125, 4.8233693 ], [ -74.2111066, 4.82338 ], [ -74.2111005, 4.8233906 ], [ -74.2110942, 4.823401 ], [ -74.2110877, 4.8234114 ], [ -74.2110811, 4.8234216 ], [ -74.2110743, 4.8234318 ], [ -74.2109081, 4.823532 ], [ -74.2107402, 4.8236293 ], [ -74.2105707, 4.8237239 ], [ -74.2103995, 4.8238155 ], [ -74.2102269, 4.8239042 ], [ -74.2102234, 4.8239163 ], [ -74.2102201, 4.8239284 ], [ -74.210217, 4.8239405 ], [ -74.2102141, 4.8239527 ], [ -74.2102115, 4.823965 ], [ -74.210209, 4.8239773 ], [ -74.2102068, 4.8239896 ], [ -74.2102048, 4.824002 ], [ -74.210203, 4.8240144 ], [ -74.2102015, 4.8240268 ], [ -74.2102001, 4.8240393 ], [ -74.210199, 4.8240517 ], [ -74.2101981, 4.8240642 ], [ -74.2101974, 4.8240767 ], [ -74.2101969, 4.8240893 ], [ -74.2101966, 4.8241018 ], [ -74.2101966, 4.8241143 ], [ -74.2101968, 4.8241269 ], [ -74.2101972, 4.8241394 ], [ -74.2101978, 4.8241519 ], [ -74.2101986, 4.8241644 ], [ -74.2101997, 4.8241769 ], [ -74.210201, 4.8241893 ], [ -74.2102025, 4.8242018 ], [ -74.2102042, 4.8242142 ], [ -74.2102061, 4.8242266 ], [ -74.2102082, 4.8242389 ], [ -74.2102106, 4.8242512 ], [ -74.2102132, 4.8242635 ], [ -74.210216, 4.8242757 ], [ -74.210219, 4.8242879 ], [ -74.2102222, 4.8243 ], [ -74.2102256, 4.8243121 ], [ -74.2102293, 4.824324 ], [ -74.2102331, 4.824336 ], [ -74.2102372, 4.8243478 ], [ -74.2102414, 4.8243596 ], [ -74.2102459, 4.8243713 ], [ -74.2102506, 4.824383 ], [ -74.2102555, 4.8243945 ], [ -74.2102605, 4.824406 ], [ -74.2102658, 4.8244174 ], [ -74.2102713, 4.8244286 ], [ -74.210277, 4.8244398 ], [ -74.2102828, 4.8244509 ], [ -74.2102889, 4.8244619 ], [ -74.2102951, 4.8244727 ], [ -74.2103016, 4.8244835 ], [ -74.2103082, 4.8244942 ], [ -74.210315, 4.8245047 ], [ -74.210322, 4.8245151 ], [ -74.2103292, 4.8245254 ], [ -74.2103366, 4.8245355 ], [ -74.2103441, 4.8245456 ], [ -74.2103518, 4.8245555 ], [ -74.2103597, 4.8245652 ], [ -74.2103677, 4.8245749 ], [ -74.210376, 4.8245843 ], [ -74.2103843, 4.8245937 ], [ -74.2103929, 4.8246029 ], [ -74.2104016, 4.8246119 ], [ -74.2104105, 4.8246208 ], [ -74.2104195, 4.8246295 ], [ -74.2104286, 4.8246381 ], [ -74.2104331, 4.8246691 ], [ -74.2104369, 4.8247001 ], [ -74.2104403, 4.8247312 ], [ -74.2104431, 4.8247623 ], [ -74.2104454, 4.8247935 ], [ -74.2104472, 4.8248247 ], [ -74.2104484, 4.8248559 ], [ -74.2104492, 4.8248871 ], [ -74.2104493, 4.8249184 ], [ -74.210449, 4.8249497 ], [ -74.2104481, 4.8249809 ], [ -74.2104466, 4.8250121 ], [ -74.2104447, 4.8250433 ], [ -74.2104422, 4.8250745 ], [ -74.2104392, 4.8251056 ], [ -74.2104356, 4.8251366 ], [ -74.2104315, 4.8251676 ], [ -74.2104269, 4.8251986 ], [ -74.2104218, 4.8252294 ], [ -74.2104161, 4.8252601 ], [ -74.21041, 4.8252908 ], [ -74.2104032, 4.8253213 ], [ -74.210396, 4.8253517 ], [ -74.2103883, 4.825382 ], [ -74.2110844, 4.8261058 ], [ -74.2113568, 4.8265783 ], [ -74.2113568, 4.8272117 ], [ -74.2111651, 4.8276942 ], [ -74.2106809, 4.8287598 ], [ -74.2103681, 4.8290413 ], [ -74.2099444, 4.8292624 ], [ -74.2095207, 4.8293429 ], [ -74.2090768, 4.8294132 ], [ -74.2090162, 4.8294534 ], [ -74.2089557, 4.829564 ], [ -74.2089456, 4.8297048 ], [ -74.2091373, 4.8298857 ], [ -74.2091978, 4.8301772 ], [ -74.2091575, 4.8302878 ], [ -74.2089557, 4.8304085 ], [ -74.2086833, 4.8304587 ], [ -74.2084815, 4.830509 ], [ -74.2083605, 4.8306296 ], [ -74.2083504, 4.8307 ], [ -74.2087741, 4.8311423 ], [ -74.2089254, 4.8314037 ], [ -74.2088548, 4.8316852 ], [ -74.2086127, 4.8320672 ], [ -74.2083806, 4.8324793 ], [ -74.2081183, 4.8329016 ], [ -74.207967, 4.8332433 ], [ -74.2078056, 4.8338465 ], [ -74.207624, 4.8340978 ], [ -74.2074222, 4.8343391 ], [ -74.2070489, 4.8346909 ], [ -74.206827, 4.8349222 ], [ -74.206716, 4.8351232 ], [ -74.2066252, 4.8353645 ], [ -74.2066252, 4.8357163 ], [ -74.2066656, 4.8361184 ], [ -74.206716, 4.8364502 ], [ -74.2067463, 4.8367518 ], [ -74.2066757, 4.8371539 ], [ -74.2064234, 4.8374856 ], [ -74.206141, 4.8377068 ], [ -74.2059896, 4.8377972 ], [ -74.2053036, 4.8379681 ], [ -74.205233, 4.8379882 ], [ -74.2050009, 4.8380285 ], [ -74.2047891, 4.8381189 ], [ -74.2047588, 4.8381491 ], [ -74.2046075, 4.8384808 ], [ -74.2046277, 4.838702 ], [ -74.2047487, 4.839094 ], [ -74.2047891, 4.8393554 ], [ -74.204668, 4.8396771 ], [ -74.2043553, 4.8399686 ], [ -74.2037399, 4.8401596 ], [ -74.2034977, 4.8402702 ], [ -74.2031749, 4.8405818 ], [ -74.2029832, 4.8412956 ], [ -74.2028117, 4.8418887 ], [ -74.2025898, 4.8422506 ], [ -74.2021963, 4.8425924 ], [ -74.2019037, 4.8428135 ], [ -74.2016011, 4.8430849 ], [ -74.2015002, 4.8432961 ], [ -74.2014396, 4.8437082 ], [ -74.2014094, 4.8440198 ], [ -74.2010966, 4.8444421 ], [ -74.2004812, 4.8448442 ], [ -74.20034, 4.845005 ], [ -74.2003299, 4.8451156 ], [ -74.2002694, 4.8455981 ], [ -74.2002088, 4.8458796 ], [ -74.2000575, 4.8460806 ], [ -74.199543, 4.8460304 ], [ -74.1994017, 4.84597 ], [ -74.1991293, 4.8459198 ], [ -74.198978, 4.8461208 ], [ -74.1990083, 4.8463219 ], [ -74.1991193, 4.8466034 ], [ -74.1991596, 4.847116 ], [ -74.1990486, 4.8474277 ], [ -74.198746, 4.84788 ], [ -74.1985543, 4.8479806 ], [ -74.1978985, 4.8482218 ], [ -74.1974244, 4.848453 ], [ -74.1970511, 4.8487144 ], [ -74.1967686, 4.8489858 ], [ -74.1963651, 4.8493477 ], [ -74.1960523, 4.8497398 ], [ -74.1959413, 4.8498704 ], [ -74.1957496, 4.8505138 ], [ -74.1954974, 4.850735 ], [ -74.1951948, 4.8507852 ], [ -74.1946096, 4.8508254 ], [ -74.1942162, 4.8509762 ], [ -74.1941455, 4.8510365 ], [ -74.1938025, 4.8513582 ], [ -74.1934898, 4.8516397 ], [ -74.1931468, 4.8520317 ], [ -74.1929046, 4.8523333 ], [ -74.1927533, 4.8525344 ], [ -74.192491, 4.8524941 ], [ -74.1922691, 4.8524539 ], [ -74.1920875, 4.8524338 ], [ -74.1920269, 4.8524841 ], [ -74.1918756, 4.8527455 ], [ -74.1918655, 4.8527957 ], [ -74.1918403, 4.8528447 ], [ -74.1918142, 4.8528933 ], [ -74.1917873, 4.8529414 ], [ -74.1917596, 4.8529891 ], [ -74.1917311, 4.8530362 ], [ -74.1917018, 4.8530829 ], [ -74.1916716, 4.8531291 ], [ -74.1916407, 4.8531747 ], [ -74.191609, 4.8532199 ], [ -74.1915766, 4.8532644 ], [ -74.1915434, 4.8533085 ], [ -74.1915094, 4.8533519 ], [ -74.1914747, 4.8533948 ], [ -74.1914393, 4.853437 ], [ -74.1914031, 4.8534787 ], [ -74.1913663, 4.8535198 ], [ -74.1913287, 4.8535602 ], [ -74.1912905, 4.8535999 ], [ -74.1912833, 4.8535965 ], [ -74.1912761, 4.8535932 ], [ -74.1912688, 4.8535901 ], [ -74.1912615, 4.853587 ], [ -74.1912541, 4.8535841 ], [ -74.1912467, 4.8535814 ], [ -74.1912392, 4.8535787 ], [ -74.1912317, 4.8535762 ], [ -74.1912241, 4.8535738 ], [ -74.1912165, 4.8535716 ], [ -74.1912088, 4.8535694 ], [ -74.1912011, 4.8535674 ], [ -74.1911934, 4.8535656 ], [ -74.1911857, 4.8535639 ], [ -74.1911779, 4.8535623 ], [ -74.1911701, 4.8535608 ], [ -74.1911623, 4.8535595 ], [ -74.1911544, 4.8535583 ], [ -74.1911466, 4.8535573 ], [ -74.1911387, 4.8535563 ], [ -74.1911308, 4.8535556 ], [ -74.1911229, 4.8535549 ], [ -74.191115, 4.8535544 ], [ -74.191107, 4.8535541 ], [ -74.1910991, 4.8535538 ], [ -74.1910912, 4.8535537 ], [ -74.1910832, 4.8535538 ], [ -74.1910753, 4.853554 ], [ -74.1910674, 4.8535543 ], [ -74.1910594, 4.8535547 ], [ -74.1910515, 4.8535553 ], [ -74.1910436, 4.8535561 ], [ -74.1910357, 4.8535569 ], [ -74.1910279, 4.8535579 ], [ -74.19102, 4.8535591 ], [ -74.1910122, 4.8535604 ], [ -74.1910044, 4.8535618 ], [ -74.1909966, 4.8535633 ], [ -74.1909888, 4.853565 ], [ -74.1909811, 4.8535668 ], [ -74.1909734, 4.8535688 ], [ -74.1909657, 4.8535708 ], [ -74.1909581, 4.8535731 ], [ -74.1909505, 4.8535754 ], [ -74.190943, 4.8535779 ], [ -74.1909355, 4.8535805 ], [ -74.1909281, 4.8535832 ], [ -74.1909207, 4.8535861 ], [ -74.1909133, 4.8535891 ], [ -74.190906, 4.8535922 ], [ -74.1908988, 4.8535954 ], [ -74.1908916, 4.8535988 ], [ -74.1908845, 4.8536023 ], [ -74.1908774, 4.8536059 ], [ -74.1908704, 4.8536096 ], [ -74.1908635, 4.8536135 ], [ -74.1908566, 4.8536175 ], [ -74.1908498, 4.8536215 ], [ -74.1908431, 4.8536258 ], [ -74.1908365, 4.8536301 ], [ -74.1908307, 4.853636 ], [ -74.1908251, 4.853642 ], [ -74.1908196, 4.8536482 ], [ -74.1908142, 4.8536544 ], [ -74.1908089, 4.8536607 ], [ -74.1908037, 4.8536671 ], [ -74.1907986, 4.8536736 ], [ -74.1907937, 4.8536801 ], [ -74.1907888, 4.8536868 ], [ -74.1907841, 4.8536935 ], [ -74.1907795, 4.8537004 ], [ -74.190775, 4.8537073 ], [ -74.1907706, 4.8537143 ], [ -74.1907664, 4.8537213 ], [ -74.1907623, 4.8537284 ], [ -74.1907583, 4.8537356 ], [ -74.1907544, 4.8537429 ], [ -74.1907507, 4.8537502 ], [ -74.1907471, 4.8537576 ], [ -74.1907436, 4.8537651 ], [ -74.1907402, 4.8537726 ], [ -74.190737, 4.8537802 ], [ -74.1907339, 4.8537878 ], [ -74.190731, 4.8537955 ], [ -74.1907282, 4.8538032 ], [ -74.1907255, 4.853811 ], [ -74.190723, 4.8538189 ], [ -74.1907205, 4.8538267 ], [ -74.1907183, 4.8538346 ], [ -74.1907162, 4.8538426 ], [ -74.1907142, 4.8538506 ], [ -74.1907123, 4.8538586 ], [ -74.1907106, 4.8538666 ], [ -74.190709, 4.8538747 ], [ -74.1907076, 4.8538828 ], [ -74.1907063, 4.8538909 ], [ -74.1907052, 4.8538991 ], [ -74.1907042, 4.8539072 ], [ -74.1907033, 4.8539154 ], [ -74.1907026, 4.8539236 ], [ -74.1907021, 4.8539318 ], [ -74.1907016, 4.85394 ], [ -74.1907014, 4.8539483 ], [ -74.1907012, 4.8539565 ], [ -74.1907012, 4.8539647 ], [ -74.1907014, 4.8539729 ], [ -74.1907017, 4.8539812 ], [ -74.1907021, 4.8539894 ], [ -74.1907027, 4.8539976 ], [ -74.1907034, 4.8540058 ], [ -74.1907043, 4.854014 ], [ -74.1907053, 4.8540221 ], [ -74.1907121, 4.8540345 ], [ -74.1907186, 4.854047 ], [ -74.1907249, 4.8540596 ], [ -74.190731, 4.8540722 ], [ -74.1907369, 4.854085 ], [ -74.1907425, 4.8540979 ], [ -74.1907479, 4.8541109 ], [ -74.1907531, 4.854124 ], [ -74.1907581, 4.8541372 ], [ -74.1907628, 4.8541504 ], [ -74.1907673, 4.8541638 ], [ -74.1907716, 4.8541772 ], [ -74.1907757, 4.8541907 ], [ -74.1907795, 4.8542042 ], [ -74.1907831, 4.8542178 ], [ -74.1907864, 4.8542315 ], [ -74.1907895, 4.8542452 ], [ -74.1907924, 4.854259 ], [ -74.190795, 4.8542728 ], [ -74.1907974, 4.8542867 ], [ -74.1907995, 4.8543006 ], [ -74.1908014, 4.8543145 ], [ -74.1908031, 4.8543285 ], [ -74.1908045, 4.8543425 ], [ -74.1908057, 4.8543565 ], [ -74.1908066, 4.8543706 ], [ -74.1908073, 4.8543846 ], [ -74.1908078, 4.8543987 ], [ -74.190808, 4.8544127 ], [ -74.1908079, 4.8544268 ], [ -74.1908076, 4.8544409 ], [ -74.1908071, 4.8544549 ], [ -74.1908063, 4.854469 ], [ -74.1908053, 4.854483 ], [ -74.1908041, 4.854497 ], [ -74.1908026, 4.854511 ], [ -74.1908008, 4.854525 ], [ -74.1907988, 4.8545389 ], [ -74.1907966, 4.8545528 ], [ -74.1907941, 4.8545667 ], [ -74.1907914, 4.8545805 ], [ -74.1907885, 4.8545942 ], [ -74.1907853, 4.8546079 ], [ -74.1907819, 4.8546216 ], [ -74.1907782, 4.8546352 ], [ -74.1907743, 4.8546487 ], [ -74.1907702, 4.8546622 ], [ -74.1907658, 4.8546755 ], [ -74.1907553, 4.8546801 ], [ -74.1907446, 4.8546844 ], [ -74.1907339, 4.8546885 ], [ -74.1907231, 4.8546925 ], [ -74.1907122, 4.8546963 ], [ -74.1907013, 4.8546999 ], [ -74.1906903, 4.8547033 ], [ -74.1906793, 4.8547065 ], [ -74.1906682, 4.8547095 ], [ -74.190657, 4.8547123 ], [ -74.1906458, 4.8547149 ], [ -74.1906346, 4.8547174 ], [ -74.1906233, 4.8547196 ], [ -74.190612, 4.8547216 ], [ -74.1906006, 4.8547235 ], [ -74.1905892, 4.8547251 ], [ -74.1905778, 4.8547266 ], [ -74.1905664, 4.8547279 ], [ -74.1905549, 4.8547289 ], [ -74.1905434, 4.8547298 ], [ -74.190532, 4.8547304 ], [ -74.1905205, 4.8547309 ], [ -74.190509, 4.8547312 ], [ -74.1904975, 4.8547312 ], [ -74.190486, 4.8547311 ], [ -74.1904745, 4.8547308 ], [ -74.190463, 4.8547302 ], [ -74.1904515, 4.8547295 ], [ -74.19044, 4.8547286 ], [ -74.1904286, 4.8547274 ], [ -74.1904171, 4.8547261 ], [ -74.1904057, 4.8547246 ], [ -74.1903943, 4.8547229 ], [ -74.190383, 4.8547209 ], [ -74.1903717, 4.8547188 ], [ -74.1903604, 4.8547165 ], [ -74.1903492, 4.854714 ], [ -74.190338, 4.8547113 ], [ -74.1903269, 4.8547084 ], [ -74.1903158, 4.8547053 ], [ -74.1903048, 4.8547021 ], [ -74.1902938, 4.8546986 ], [ -74.1902829, 4.8546949 ], [ -74.1902721, 4.8546911 ], [ -74.1902613, 4.8546871 ], [ -74.1902506, 4.8546829 ], [ -74.19024, 4.8546785 ], [ -74.1902294, 4.8546739 ], [ -74.1902189, 4.8546691 ], [ -74.1902086, 4.8546642 ], [ -74.1901983, 4.8546591 ], [ -74.1901881, 4.8546538 ], [ -74.190178, 4.8546483 ], [ -74.190168, 4.8546426 ], [ -74.190158, 4.8546368 ], [ -74.1901482, 4.8546308 ], [ -74.1901385, 4.8546246 ], [ -74.1901289, 4.8546183 ], [ -74.1901195, 4.8546118 ], [ -74.1901101, 4.8546052 ], [ -74.1901041, 4.8546009 ], [ -74.190098, 4.8545967 ], [ -74.1900918, 4.8545927 ], [ -74.1900856, 4.8545887 ], [ -74.1900793, 4.8545848 ], [ -74.190073, 4.8545811 ], [ -74.1900665, 4.8545775 ], [ -74.19006, 4.8545739 ], [ -74.1900535, 4.8545705 ], [ -74.1900469, 4.8545672 ], [ -74.1900402, 4.854564 ], [ -74.1900335, 4.854561 ], [ -74.1900268, 4.854558 ], [ -74.1900199, 4.8545552 ], [ -74.1900131, 4.8545525 ], [ -74.1900062, 4.8545498 ], [ -74.1899992, 4.8545474 ], [ -74.1899922, 4.854545 ], [ -74.1899852, 4.8545428 ], [ -74.1899781, 4.8545406 ], [ -74.189971, 4.8545386 ], [ -74.1899639, 4.8545367 ], [ -74.1899567, 4.854535 ], [ -74.1899495, 4.8545334 ], [ -74.1899423, 4.8545318 ], [ -74.189935, 4.8545305 ], [ -74.1899277, 4.8545292 ], [ -74.1899204, 4.8545281 ], [ -74.1899131, 4.8545271 ], [ -74.1899058, 4.8545262 ], [ -74.1898984, 4.8545254 ], [ -74.1898911, 4.8545248 ], [ -74.1898837, 4.8545243 ], [ -74.1898763, 4.8545239 ], [ -74.1898689, 4.8545236 ], [ -74.1898616, 4.8545235 ], [ -74.1898542, 4.8545235 ], [ -74.1898468, 4.8545236 ], [ -74.1898394, 4.8545239 ], [ -74.189832, 4.8545243 ], [ -74.1898247, 4.8545248 ], [ -74.1898173, 4.8545254 ], [ -74.18981, 4.8545262 ], [ -74.1898026, 4.8545271 ], [ -74.1897953, 4.8545281 ], [ -74.189788, 4.8545292 ], [ -74.1897807, 4.8545305 ], [ -74.1897735, 4.8545318 ], [ -74.1897662, 4.8545334 ], [ -74.189759, 4.854535 ], [ -74.1897519, 4.8545367 ], [ -74.1897447, 4.8545386 ], [ -74.1897376, 4.8545406 ], [ -74.1897305, 4.8545428 ], [ -74.1897235, 4.854545 ], [ -74.1897165, 4.8545474 ], [ -74.1897096, 4.8545498 ], [ -74.1897027, 4.8545525 ], [ -74.1896958, 4.8545552 ], [ -74.189689, 4.854558 ], [ -74.1896822, 4.854561 ], [ -74.1896755, 4.854564 ], [ -74.1896688, 4.8545672 ], [ -74.1896622, 4.8545705 ], [ -74.1896557, 4.8545739 ], [ -74.1896492, 4.8545775 ], [ -74.1896428, 4.8545811 ], [ -74.1896364, 4.8545848 ], [ -74.1896301, 4.8545887 ], [ -74.1896239, 4.8545927 ], [ -74.1896178, 4.8545967 ], [ -74.1896117, 4.8546009 ], [ -74.1896057, 4.8546052 ], [ -74.1895707, 4.8546509 ], [ -74.1895364, 4.8546973 ], [ -74.189503, 4.8547442 ], [ -74.1894703, 4.8547917 ], [ -74.1894385, 4.8548397 ], [ -74.1894074, 4.8548882 ], [ -74.1893772, 4.8549372 ], [ -74.1893478, 4.8549867 ], [ -74.1893193, 4.8550367 ], [ -74.1892915, 4.8550872 ], [ -74.1892646, 4.8551381 ], [ -74.1892386, 4.8551895 ], [ -74.1892135, 4.8552413 ], [ -74.1891892, 4.8552935 ], [ -74.1891658, 4.8553461 ], [ -74.1891433, 4.8553991 ], [ -74.1891216, 4.8554524 ], [ -74.1891009, 4.8555061 ], [ -74.189081, 4.8555602 ], [ -74.189061, 4.8555997 ], [ -74.1890403, 4.8556389 ], [ -74.1890189, 4.8556777 ], [ -74.1889969, 4.8557162 ], [ -74.1889742, 4.8557543 ], [ -74.1889509, 4.855792 ], [ -74.1889269, 4.8558294 ], [ -74.1889023, 4.8558663 ], [ -74.1888771, 4.8559027 ], [ -74.1888512, 4.8559388 ], [ -74.1888248, 4.8559744 ], [ -74.1887977, 4.8560096 ], [ -74.1887701, 4.8560443 ], [ -74.1887418, 4.8560785 ], [ -74.188713, 4.8561122 ], [ -74.1886837, 4.8561455 ], [ -74.1886537, 4.8561783 ], [ -74.1886232, 4.8562105 ], [ -74.1885922, 4.8562422 ], [ -74.1885606, 4.8562734 ], [ -74.1885285, 4.8563041 ], [ -74.1884959, 4.8563342 ], [ -74.1884804, 4.8563539 ], [ -74.1884647, 4.8563733 ], [ -74.1884485, 4.8563925 ], [ -74.1884321, 4.8564114 ], [ -74.1884154, 4.85643 ], [ -74.1883983, 4.8564483 ], [ -74.1883809, 4.8564664 ], [ -74.1883633, 4.8564841 ], [ -74.1883453, 4.8565015 ], [ -74.188327, 4.8565187 ], [ -74.1883085, 4.8565355 ], [ -74.1882896, 4.856552 ], [ -74.1882705, 4.8565683 ], [ -74.1882512, 4.8565841 ], [ -74.1882315, 4.8565997 ], [ -74.1882116, 4.8566149 ], [ -74.1881915, 4.8566298 ], [ -74.188171, 4.8566443 ], [ -74.1881504, 4.8566585 ], [ -74.1881295, 4.8566724 ], [ -74.1881084, 4.8566859 ], [ -74.1880871, 4.856699 ], [ -74.1880655, 4.8567118 ], [ -74.1880437, 4.8567242 ], [ -74.1880217, 4.8567363 ], [ -74.187983, 4.8567699 ], [ -74.1879438, 4.8568029 ], [ -74.187904, 4.8568352 ], [ -74.1878636, 4.8568668 ], [ -74.1878227, 4.8568977 ], [ -74.1877812, 4.8569279 ], [ -74.1877393, 4.8569574 ], [ -74.1875274, 4.8574148 ], [ -74.1873105, 4.8574751 ], [ -74.1867052, 4.8574349 ], [ -74.1861906, 4.85745 ], [ -74.1857669, 4.8573696 ], [ -74.185434, 4.8573897 ], [ -74.185202, 4.8575103 ], [ -74.18498, 4.8575807 ], [ -74.1843747, 4.8572389 ], [ -74.1838803, 4.8569172 ], [ -74.1833356, 4.8567363 ], [ -74.1828513, 4.8567463 ], [ -74.1821249, 4.8566458 ], [ -74.1817214, 4.856485 ], [ -74.1814792, 4.8565654 ], [ -74.1811463, 4.8567664 ], [ -74.1808336, 4.8569373 ], [ -74.1803796, 4.8571886 ], [ -74.1800668, 4.8573193 ], [ -74.1799559, 4.8573997 ], [ -74.1798348, 4.8579225 ], [ -74.1796532, 4.8581135 ], [ -74.1791992, 4.8580833 ], [ -74.1787957, 4.8579828 ], [ -74.1783518, 4.8581637 ], [ -74.1780995, 4.8583447 ], [ -74.1777565, 4.858405 ], [ -74.1775043, 4.8583547 ], [ -74.1773832, 4.8583547 ], [ -74.1772017, 4.8584251 ], [ -74.176788, 4.858596 ], [ -74.1760213, 4.8587468 ], [ -74.1753655, 4.8588775 ], [ -74.1751436, 4.8589177 ], [ -74.1749014, 4.8586362 ], [ -74.1748813, 4.858405 ], [ -74.1749115, 4.8581637 ], [ -74.1748409, 4.8578923 ], [ -74.1744071, 4.8577114 ], [ -74.1738926, 4.85744 ], [ -74.1736807, 4.8573294 ], [ -74.1734285, 4.8571786 ], [ -74.1736908, 4.8573093 ], [ -74.1739329, 4.8570379 ], [ -74.1738926, 4.8567463 ], [ -74.1737412, 4.8564548 ], [ -74.1737009, 4.8562437 ], [ -74.1737917, 4.8559421 ], [ -74.1739935, 4.8556808 ], [ -74.1741145, 4.8554395 ], [ -74.174286, 4.8552686 ], [ -74.1744374, 4.8550173 ], [ -74.1747905, 4.8549168 ], [ -74.1751537, 4.8547962 ], [ -74.1753151, 4.8547157 ], [ -74.1753151, 4.8542533 ], [ -74.1754462, 4.8540724 ], [ -74.1755673, 4.8540221 ], [ -74.1755673, 4.8539417 ], [ -74.1755572, 4.8537909 ], [ -74.1754361, 4.8537306 ], [ -74.1753857, 4.8536602 ], [ -74.1753756, 4.8533486 ], [ -74.1753958, 4.8532782 ], [ -74.1752142, 4.8531576 ], [ -74.1749721, 4.8529365 ], [ -74.1749317, 4.8528962 ], [ -74.1748308, 4.852655 ], [ -74.1748813, 4.8525042 ], [ -74.1749216, 4.8523434 ], [ -74.1751032, 4.852273 ], [ -74.1752445, 4.8522227 ], [ -74.1755471, 4.8522629 ], [ -74.1757186, 4.8523233 ], [ -74.175759, 4.8521323 ], [ -74.1758498, 4.8518709 ], [ -74.1761323, 4.8513683 ], [ -74.1762937, 4.8511069 ], [ -74.1764551, 4.8510164 ], [ -74.1765762, 4.8512074 ], [ -74.1766569, 4.8513381 ], [ -74.1768586, 4.8516296 ], [ -74.1770705, 4.851509 ], [ -74.1771109, 4.8512074 ], [ -74.1773631, 4.8510064 ], [ -74.1777767, 4.8509863 ], [ -74.1785132, 4.8510466 ], [ -74.178947, 4.8509662 ], [ -74.1791589, 4.8508154 ], [ -74.1793606, 4.8504937 ], [ -74.1796028, 4.8501419 ], [ -74.1796633, 4.8498704 ], [ -74.1800063, 4.8498403 ], [ -74.1802787, 4.8498704 ], [ -74.1803998, 4.84978 ], [ -74.1804098, 4.8495287 ], [ -74.1802888, 4.8492673 ], [ -74.1803998, 4.849026 ], [ -74.1808336, 4.8488652 ], [ -74.1809345, 4.8487747 ], [ -74.1808336, 4.8484832 ], [ -74.1807226, 4.8482319 ], [ -74.1807428, 4.8478197 ], [ -74.1809042, 4.8475282 ], [ -74.1812169, 4.8473674 ], [ -74.1814893, 4.847307 ], [ -74.1818223, 4.8471361 ], [ -74.1819837, 4.847106 ], [ -74.1822561, 4.8471764 ], [ -74.1825688, 4.8473271 ], [ -74.1828715, 4.8472869 ], [ -74.1829623, 4.8470758 ], [ -74.1829017, 4.8466536 ], [ -74.182932, 4.846352 ], [ -74.1829522, 4.8460103 ], [ -74.1829522, 4.8458896 ], [ -74.1829017, 4.8455679 ], [ -74.1826798, 4.8453568 ], [ -74.1827, 4.8449145 ], [ -74.1827121, 4.8448359 ], [ -74.1827403, 4.8446532 ], [ -74.1829219, 4.8444722 ], [ -74.1831741, 4.8443717 ], [ -74.1834264, 4.8440701 ], [ -74.1833658, 4.8437685 ], [ -74.1834768, 4.8432257 ], [ -74.1835878, 4.8430146 ], [ -74.1837492, 4.8428135 ], [ -74.1840619, 4.8427432 ], [ -74.184072, 4.8427029 ], [ -74.1840619, 4.8427029 ], [ -74.1840518, 4.8424315 ], [ -74.1841023, 4.8419591 ], [ -74.1841426, 4.8418384 ], [ -74.1842133, 4.8415368 ], [ -74.1841628, 4.8410443 ], [ -74.1842234, 4.8405416 ], [ -74.1842536, 4.8403506 ], [ -74.1842738, 4.8399385 ], [ -74.184294, 4.8396771 ], [ -74.1843646, 4.8394358 ], [ -74.185772, 4.840039 ], [ -74.1856913, 4.8403808 ], [ -74.1857114, 4.8405818 ], [ -74.185772, 4.8408834 ], [ -74.1856913, 4.8412051 ], [ -74.1854088, 4.8415871 ], [ -74.1852272, 4.8418887 ], [ -74.1851263, 4.8421903 ], [ -74.1850859, 4.8425321 ], [ -74.1850658, 4.8427331 ], [ -74.185207, 4.8429141 ], [ -74.1852474, 4.8430548 ], [ -74.1850859, 4.8433966 ], [ -74.1847631, 4.8436177 ], [ -74.1845411, 4.8437987 ], [ -74.1844806, 4.8438992 ], [ -74.1843797, 4.8442812 ], [ -74.1844403, 4.8444823 ], [ -74.1846219, 4.8447034 ], [ -74.1847631, 4.8448643 ], [ -74.1850456, 4.8451658 ], [ -74.1843797, 4.8454875 ], [ -74.1846017, 4.8458092 ], [ -74.1846017, 4.8461711 ], [ -74.1844604, 4.8464526 ], [ -74.1843797, 4.8466335 ], [ -74.184299, 4.8471563 ], [ -74.1841981, 4.8474176 ], [ -74.1839157, 4.8478599 ], [ -74.1837139, 4.8481816 ], [ -74.1834718, 4.848443 ], [ -74.1831893, 4.8486641 ], [ -74.1830682, 4.8488049 ], [ -74.1832296, 4.8489255 ], [ -74.1833103, 4.8493678 ], [ -74.1832498, 4.8497699 ], [ -74.1831489, 4.8499509 ], [ -74.1828664, 4.8501519 ], [ -74.1824024, 4.8504535 ], [ -74.18214, 4.8505741 ], [ -74.1817365, 4.8507752 ], [ -74.1816154, 4.8510164 ], [ -74.1814137, 4.8514185 ], [ -74.1812522, 4.8517201 ], [ -74.1811312, 4.8519815 ], [ -74.180768, 4.8523032 ], [ -74.1804048, 4.8525444 ], [ -74.1799407, 4.8527455 ], [ -74.1792749, 4.8529264 ], [ -74.1789722, 4.853047 ], [ -74.1785081, 4.8533888 ], [ -74.1781651, 4.8536703 ], [ -74.1780642, 4.8538311 ], [ -74.1780037, 4.8541528 ], [ -74.1780037, 4.8545147 ], [ -74.1779633, 4.8548364 ], [ -74.1773782, 4.855339 ], [ -74.1770554, 4.8554797 ], [ -74.1769343, 4.8557411 ], [ -74.1768334, 4.8562035 ], [ -74.1768132, 4.8563643 ], [ -74.1767124, 4.8565453 ], [ -74.1762483, 4.8565654 ], [ -74.1762886, 4.8570881 ], [ -74.1763492, 4.857631 ], [ -74.17645, 4.857832 ], [ -74.1767124, 4.8577516 ], [ -74.1770957, 4.8578923 ], [ -74.1774186, 4.8581135 ], [ -74.1776607, 4.857832 ], [ -74.1778019, 4.8575304 ], [ -74.1778625, 4.8574902 ], [ -74.1780239, 4.8574902 ], [ -74.178266, 4.857631 ], [ -74.178488, 4.8576109 ], [ -74.1786292, 4.8573093 ], [ -74.1786292, 4.8572289 ], [ -74.1786292, 4.8569474 ], [ -74.1785687, 4.8567463 ], [ -74.1785081, 4.8564649 ], [ -74.1785888, 4.8562437 ], [ -74.1787906, 4.8562236 ], [ -74.1789319, 4.8561633 ], [ -74.1794968, 4.8560628 ], [ -74.1795372, 4.855721 ], [ -74.1793758, 4.855339 ], [ -74.1794565, 4.8548967 ], [ -74.17986, 4.8548565 ], [ -74.1802636, 4.8547962 ], [ -74.180768, 4.8549168 ], [ -74.1813128, 4.8550374 ], [ -74.1816961, 4.855138 ], [ -74.1816961, 4.8548565 ], [ -74.1816558, 4.8546755 ], [ -74.1819585, 4.8547157 ], [ -74.1820795, 4.8548766 ], [ -74.1823822, 4.8550575 ], [ -74.1826848, 4.8550173 ], [ -74.1828059, 4.8548163 ], [ -74.1830077, 4.8545549 ], [ -74.1830279, 4.854193 ], [ -74.1829068, 4.8539317 ], [ -74.1829471, 4.8534692 ], [ -74.183048, 4.8527254 ], [ -74.1830279, 4.8522428 ], [ -74.1829673, 4.8520016 ], [ -74.1832094, 4.8514386 ], [ -74.1835121, 4.8514587 ], [ -74.1837542, 4.8515794 ], [ -74.1838349, 4.8518005 ], [ -74.1838753, 4.8522629 ], [ -74.1840165, 4.8526851 ], [ -74.1841174, 4.852846 ], [ -74.1843192, 4.8530671 ], [ -74.1846017, 4.8532682 ], [ -74.1848035, 4.8535497 ], [ -74.185429, 4.8538914 ], [ -74.1859132, 4.8538512 ], [ -74.1862159, 4.8536502 ], [ -74.1866799, 4.853228 ], [ -74.1866799, 4.852846 ], [ -74.1866396, 4.8524238 ], [ -74.1866396, 4.8519212 ], [ -74.186458, 4.851499 ], [ -74.1863773, 4.8512577 ], [ -74.1861957, 4.8510365 ], [ -74.1859737, 4.8506545 ], [ -74.1857921, 4.8504535 ], [ -74.1856105, 4.850172 ], [ -74.18555, 4.8498704 ], [ -74.18555, 4.8494683 ], [ -74.185772, 4.8491165 ], [ -74.1860847, 4.8487546 ], [ -74.1864782, 4.8482319 ], [ -74.1867808, 4.8478398 ], [ -74.1870129, 4.8474377 ], [ -74.1873962, 4.8470055 ], [ -74.1876485, 4.8465933 ], [ -74.1878099, 4.8462515 ], [ -74.1876888, 4.8458092 ], [ -74.1875476, 4.8456283 ], [ -74.1875274, 4.8453468 ], [ -74.1881125, 4.8452463 ], [ -74.188738, 4.8448039 ], [ -74.1889196, 4.8447135 ], [ -74.1890104, 4.8444923 ], [ -74.1889297, 4.8442008 ], [ -74.1888894, 4.8437987 ], [ -74.1889297, 4.8434871 ], [ -74.1890911, 4.8433664 ], [ -74.1894846, 4.8432156 ], [ -74.1895249, 4.8431955 ], [ -74.1897973, 4.8430347 ], [ -74.1896763, 4.8428839 ], [ -74.1896057, 4.8425321 ], [ -74.1896057, 4.842522 ], [ -74.1898377, 4.8421601 ], [ -74.1901504, 4.8419289 ], [ -74.1907457, 4.8415771 ], [ -74.1911896, 4.8412353 ], [ -74.1914216, 4.8407829 ], [ -74.1914922, 4.840612 ], [ -74.191926, 4.8391544 ], [ -74.1925112, 4.8378978 ], [ -74.1928138, 4.8371036 ], [ -74.193056, 4.8362391 ], [ -74.1931569, 4.8359073 ], [ -74.1931871, 4.8348317 ], [ -74.1927836, 4.8336354 ], [ -74.1923195, 4.8327709 ], [ -74.1919059, 4.8324894 ], [ -74.1916738, 4.8328111 ], [ -74.1915023, 4.8329016 ], [ -74.1911391, 4.8338867 ], [ -74.1910786, 4.8341481 ], [ -74.1909979, 4.8345301 ], [ -74.1909575, 4.8346909 ], [ -74.1908163, 4.8349121 ], [ -74.1907356, 4.8350126 ], [ -74.1904127, 4.834892 ], [ -74.1902917, 4.8347714 ], [ -74.1899688, 4.8346507 ], [ -74.1898881, 4.8345904 ], [ -74.1897469, 4.8345301 ], [ -74.1895451, 4.8345502 ], [ -74.1892425, 4.8346306 ], [ -74.1890407, 4.8347312 ], [ -74.1888994, 4.8348719 ], [ -74.1887582, 4.835073 ], [ -74.1886573, 4.8353142 ], [ -74.1886371, 4.8354147 ], [ -74.1886371, 4.8355153 ], [ -74.1886371, 4.8358973 ], [ -74.1886371, 4.8361586 ], [ -74.1885564, 4.83642 ], [ -74.1882941, 4.8366412 ], [ -74.1880924, 4.8367618 ], [ -74.1878704, 4.8369025 ], [ -74.187709, 4.8370232 ], [ -74.1876283, 4.8371237 ], [ -74.1876283, 4.8372443 ], [ -74.1877493, 4.8373248 ], [ -74.1878704, 4.837747 ], [ -74.1875677, 4.8378676 ], [ -74.1869422, 4.8379078 ], [ -74.1870633, 4.8383099 ], [ -74.1870677, 4.8383339 ], [ -74.1871037, 4.8385311 ], [ -74.1869826, 4.838893 ], [ -74.1869553, 4.8389086 ], [ -74.1868414, 4.8389734 ], [ -74.1867607, 4.8389935 ], [ -74.1851616, 4.8381089 ], [ -74.1851647, 4.8380899 ], [ -74.1851565, 4.8380938 ], [ -74.184869, 4.8372544 ], [ -74.1850002, 4.8369025 ], [ -74.185347, 4.8366656 ], [ -74.1853533, 4.8366613 ], [ -74.1853541, 4.8366569 ], [ -74.1854138, 4.8363195 ], [ -74.1852423, 4.836028 ], [ -74.1851515, 4.8357766 ], [ -74.1854239, 4.8355052 ], [ -74.1857467, 4.8354147 ], [ -74.185999, 4.8351132 ], [ -74.1860696, 4.8348819 ], [ -74.1860797, 4.8346708 ], [ -74.1862714, 4.834138 ], [ -74.1863319, 4.8337862 ], [ -74.1864328, 4.8334343 ], [ -74.1866547, 4.8331026 ], [ -74.1868767, 4.8328412 ], [ -74.1872096, 4.8326402 ], [ -74.1875425, 4.8325095 ], [ -74.1875425, 4.8323788 ], [ -74.1876333, 4.8321074 ], [ -74.1876434, 4.8318661 ], [ -74.1878956, 4.8316248 ], [ -74.1884404, 4.8313032 ], [ -74.1887431, 4.8310016 ], [ -74.1887834, 4.8307503 ], [ -74.1887834, 4.8304286 ], [ -74.1888238, 4.8302677 ], [ -74.1890256, 4.830127 ], [ -74.1893787, 4.829936 ], [ -74.1894291, 4.8296746 ], [ -74.1892273, 4.8293529 ], [ -74.1890256, 4.8290413 ], [ -74.1890659, 4.8289005 ], [ -74.1894089, 4.8284884 ], [ -74.1897015, 4.8280058 ], [ -74.189873, 4.8277243 ], [ -74.1900243, 4.8274429 ], [ -74.1902665, 4.8270609 ], [ -74.190327, 4.8268598 ], [ -74.1904279, 4.8263873 ], [ -74.1905086, 4.8260757 ], [ -74.1907003, 4.8255831 ], [ -74.1907104, 4.8252714 ], [ -74.1908012, 4.8249498 ], [ -74.1910332, 4.8245778 ], [ -74.1913459, 4.8241053 ], [ -74.1913863, 4.8240148 ], [ -74.1915578, 4.8234619 ], [ -74.1916183, 4.8231201 ], [ -74.1918201, 4.8227582 ], [ -74.1919614, 4.8223561 ], [ -74.1921631, 4.8220545 ], [ -74.192264, 4.821954 ], [ -74.1924254, 4.821773 ], [ -74.192486, 4.8215116 ], [ -74.1925465, 4.8211296 ], [ -74.1925465, 4.8208683 ], [ -74.1926676, 4.8205265 ], [ -74.1928088, 4.8203656 ], [ -74.1930106, 4.8200841 ], [ -74.1930711, 4.8199635 ], [ -74.1943322, 4.8188476 ], [ -74.1943826, 4.8186466 ], [ -74.1943826, 4.8184254 ], [ -74.1942817, 4.8181439 ], [ -74.1941909, 4.8179127 ], [ -74.1941607, 4.817782 ], [ -74.1943019, 4.8174 ], [ -74.1946046, 4.817028 ], [ -74.1947862, 4.816837 ], [ -74.1950888, 4.8166359 ], [ -74.195331, 4.8164449 ], [ -74.1955226, 4.816465 ], [ -74.1957143, 4.8165455 ], [ -74.1961784, 4.8167264 ], [ -74.1963903, 4.8166862 ], [ -74.1964811, 4.8161936 ], [ -74.1965416, 4.8159222 ], [ -74.1966929, 4.8156608 ], [ -74.1967636, 4.8154296 ], [ -74.1966324, 4.8152185 ], [ -74.1964912, 4.8149068 ], [ -74.1964508, 4.8146253 ], [ -74.1964912, 4.8145047 ], [ -74.1969351, 4.8143439 ], [ -74.1971873, 4.8142132 ], [ -74.1973487, 4.8140423 ], [ -74.1974294, 4.8137809 ], [ -74.1973891, 4.8135094 ], [ -74.1973285, 4.8132983 ], [ -74.1972276, 4.8131174 ], [ -74.1972276, 4.8130671 ], [ -74.197157, 4.812675 ], [ -74.1971873, 4.8126147 ], [ -74.1973588, 4.8123835 ], [ -74.1975, 4.8122126 ], [ -74.197722, 4.8119412 ], [ -74.1979742, 4.8116295 ], [ -74.1982062, 4.811348 ], [ -74.1985997, 4.8109861 ], [ -74.1988216, 4.8108253 ], [ -74.199094, 4.8106142 ], [ -74.1991142, 4.8105941 ], [ -74.1991243, 4.8101768 ], [ -74.1991747, 4.8098501 ], [ -74.1993059, 4.8093726 ], [ -74.1993765, 4.8087694 ], [ -74.1994068, 4.808307 ], [ -74.1992857, 4.8078345 ], [ -74.1993059, 4.8073921 ], [ -74.1998305, 4.8068593 ], [ -74.2001332, 4.8066281 ], [ -74.2005872, 4.8062662 ], [ -74.2008192, 4.8060752 ], [ -74.2010109, 4.8060148 ], [ -74.2011118, 4.8060148 ], [ -74.2012934, 4.8061455 ], [ -74.2015254, 4.8063164 ], [ -74.201818, 4.806236 ], [ -74.2019289, 4.8059947 ], [ -74.2020601, 4.8058439 ], [ -74.2022417, 4.8057233 ], [ -74.2027058, 4.8057535 ], [ -74.2028571, 4.8057937 ], [ -74.2029883, 4.8058439 ], [ -74.2032506, 4.8061355 ], [ -74.2034221, 4.8064672 ], [ -74.2036339, 4.8066381 ], [ -74.2038357, 4.8067186 ], [ -74.2041384, 4.8066985 ], [ -74.2042594, 4.806618 ], [ -74.2041686, 4.8064974 ], [ -74.2042392, 4.8063466 ], [ -74.204663, 4.8061958 ], [ -74.2047538, 4.8061053 ], [ -74.2046428, 4.8059545 ], [ -74.2044208, 4.8057434 ], [ -74.2041888, 4.8053614 ], [ -74.20432, 4.8050095 ], [ -74.2043603, 4.8047884 ], [ -74.2044208, 4.8043159 ], [ -74.2044511, 4.8041449 ], [ -74.2044511, 4.8040143 ], [ -74.2045722, 4.8038836 ], [ -74.2048849, 4.8038836 ], [ -74.205238, 4.8038132 ], [ -74.2053894, 4.8037227 ], [ -74.2053692, 4.8034814 ], [ -74.205238, 4.8031396 ], [ -74.2050463, 4.8029084 ], [ -74.2050262, 4.8028179 ], [ -74.2051069, 4.8024661 ], [ -74.2052582, 4.8022952 ], [ -74.2053086, 4.802265 ], [ -74.205571, 4.8022147 ], [ -74.2061157, 4.8025163 ], [ -74.2061359, 4.8025565 ], [ -74.2062973, 4.8029285 ], [ -74.2063982, 4.8032201 ], [ -74.2064588, 4.8034915 ], [ -74.2066605, 4.803783 ], [ -74.206832, 4.8039439 ], [ -74.2071851, 4.804346 ], [ -74.2074979, 4.8047783 ], [ -74.2076896, 4.8050497 ], [ -74.2078207, 4.8055222 ], [ -74.2076997, 4.8059143 ], [ -74.2075786, 4.8063567 ], [ -74.2074676, 4.8067085 ], [ -74.20774, 4.8072313 ], [ -74.2078106, 4.807372 ], [ -74.2081436, 4.8076133 ], [ -74.2085168, 4.807563 ], [ -74.2088397, 4.8074122 ], [ -74.2089507, 4.807171 ], [ -74.2084866, 4.8062762 ], [ -74.2080931, 4.8058339 ], [ -74.2079519, 4.8054519 ], [ -74.2073667, 4.8039238 ], [ -74.2072759, 4.8033507 ], [ -74.2072154, 4.8027274 ], [ -74.2072676, 4.8022078 ], [ -74.2072676, 4.8022078 ], [ -74.2077451, 4.8034764 ], [ -74.2104296, 4.8023577 ], [ -74.2104236, 4.802451 ], [ -74.2103126, 4.8027174 ], [ -74.2102218, 4.8028481 ], [ -74.2101361, 4.8028833 ], [ -74.2099494, 4.8029034 ], [ -74.2097073, 4.8029084 ], [ -74.2096064, 4.803024 ], [ -74.2095509, 4.8031698 ], [ -74.2095509, 4.803401 ], [ -74.2095106, 4.8035116 ], [ -74.2093946, 4.8036724 ], [ -74.2091524, 4.8039288 ], [ -74.2089809, 4.80416 ], [ -74.2089355, 4.8043711 ], [ -74.2089406, 4.8045571 ], [ -74.208996, 4.8048587 ], [ -74.2090616, 4.8051101 ], [ -74.209102, 4.8053564 ], [ -74.2091373, 4.8054519 ], [ -74.2092331, 4.8055826 ], [ -74.2094097, 4.8057736 ], [ -74.2096014, 4.805854 ], [ -74.2098385, 4.8057535 ], [ -74.2099595, 4.8056378 ], [ -74.2100503, 4.8053815 ], [ -74.2100453, 4.8052407 ], [ -74.2100806, 4.8050598 ], [ -74.2101411, 4.804904 ], [ -74.2102924, 4.8047331 ], [ -74.2103883, 4.8047331 ], [ -74.2104488, 4.8048085 ], [ -74.2105749, 4.8048688 ], [ -74.2106203, 4.8048336 ], [ -74.2107111, 4.8047582 ], [ -74.2108524, 4.8045823 ], [ -74.2108927, 4.8045119 ], [ -74.2111096, 4.8042907 ], [ -74.2112357, 4.8041902 ], [ -74.2114224, 4.8040243 ], [ -74.2115939, 4.8038986 ], [ -74.2117049, 4.8038082 ], [ -74.2118764, 4.8036172 ], [ -74.2119924, 4.8034261 ], [ -74.2120277, 4.8032804 ], [ -74.2120882, 4.8031044 ], [ -74.2121841, 4.8029386 ], [ -74.2123102, 4.8027827 ], [ -74.212401, 4.8026923 ], [ -74.2125826, 4.8025163 ], [ -74.2126381, 4.8024158 ], [ -74.2126734, 4.8019584 ], [ -74.2125422, 4.8019131 ], [ -74.2123808, 4.8018629 ], [ -74.2121336, 4.8018126 ], [ -74.2118259, 4.8017824 ], [ -74.2118057, 4.8016015 ], [ -74.2118259, 4.8014004 ], [ -74.2118965, 4.8011591 ], [ -74.2120832, 4.8009028 ], [ -74.2126078, 4.8003197 ], [ -74.2131021, 4.8011541 ], [ -74.2131526, 4.8010737 ], [ -74.2135561, 4.800752 ], [ -74.2139395, 4.8003297 ], [ -74.214222, 4.7998472 ], [ -74.2143229, 4.7995054 ], [ -74.2144843, 4.7992239 ], [ -74.2146861, 4.799063 ], [ -74.2149282, 4.798862 ], [ -74.2153115, 4.7987413 ], [ -74.2153721, 4.7987614 ], [ -74.2154326, 4.7988821 ], [ -74.2154931, 4.7991837 ], [ -74.2154326, 4.7994249 ], [ -74.2151905, 4.7995657 ], [ -74.2149685, 4.7997064 ], [ -74.2147869, 4.7998874 ], [ -74.2147668, 4.7999879 ], [ -74.2147668, 4.8001689 ], [ -74.2149887, 4.800571 ], [ -74.2150694, 4.8007922 ], [ -74.2151501, 4.8011742 ], [ -74.21513, 4.8013351 ], [ -74.2150694, 4.8017774 ], [ -74.2148071, 4.8021594 ], [ -74.2145852, 4.8026018 ], [ -74.2142825, 4.8028229 ], [ -74.2140606, 4.8029838 ], [ -74.2137982, 4.8031245 ], [ -74.2135359, 4.8032854 ], [ -74.2131929, 4.8035669 ], [ -74.2128297, 4.8038484 ], [ -74.2126078, 4.8041098 ], [ -74.2123253, 4.8045722 ], [ -74.2121235, 4.8049341 ], [ -74.2119621, 4.8051754 ], [ -74.2116998, 4.805296 ], [ -74.2114375, 4.8054368 ], [ -74.2110541, 4.8056177 ], [ -74.2107111, 4.8057585 ], [ -74.2107313, 4.8062008 ], [ -74.2107515, 4.8065929 ], [ -74.2106506, 4.8068141 ], [ -74.2105093, 4.806995 ], [ -74.2102269, 4.8072966 ], [ -74.209904, 4.8073167 ], [ -74.2098031, 4.8073972 ], [ -74.210126, 4.8087392 ], [ -74.2115687, 4.8114335 ], [ -74.2129306, 4.8134542 ], [ -74.2135763, 4.8146304 ], [ -74.2146154, 4.8162288 ], [ -74.2146987, 4.8164223 ], [ -74.2143632, 4.8164852 ], [ -74.2143027, 4.8167063 ], [ -74.214343, 4.8171688 ], [ -74.2142825, 4.8175508 ], [ -74.2141816, 4.8180936 ], [ -74.214, 4.8184555 ], [ -74.2135763, 4.8186566 ], [ -74.2132736, 4.8188979 ], [ -74.2132938, 4.819119 ], [ -74.2137175, 4.8198228 ], [ -74.2139193, 4.8202852 ], [ -74.2139232, 4.8203832 ], [ -74.2137175, 4.8212302 ], [ -74.2135864, 4.8216725 ], [ -74.2135561, 4.8220545 ], [ -74.2134956, 4.8223058 ], [ -74.213425, 4.8224164 ], [ -74.2132131, 4.8225572 ], [ -74.2126986, 4.8225873 ], [ -74.2126666, 4.8225774 ], [ -74.2126344, 4.822568 ], [ -74.2126021, 4.8225591 ] ], [ [ -74.206489, 4.8050497 ], [ -74.2064184, 4.8050497 ], [ -74.2062469, 4.8051603 ], [ -74.2060451, 4.8053614 ], [ -74.2059644, 4.8056228 ], [ -74.2059341, 4.8059344 ], [ -74.206035, 4.806226 ], [ -74.2061359, 4.8064069 ], [ -74.2063276, 4.8065376 ], [ -74.2065899, 4.8066582 ], [ -74.2068119, 4.8066381 ], [ -74.2070136, 4.8064672 ], [ -74.2071145, 4.806236 ], [ -74.2070943, 4.8059646 ], [ -74.2070338, 4.805673 ], [ -74.2068421, 4.8054217 ], [ -74.206489, 4.8050497 ] ], [ [ -74.2065899, 4.807171 ], [ -74.2061056, 4.8071609 ], [ -74.2060971, 4.8071631 ], [ -74.2060887, 4.8071655 ], [ -74.2060802, 4.8071681 ], [ -74.2060718, 4.8071707 ], [ -74.2060635, 4.8071736 ], [ -74.2060552, 4.8071765 ], [ -74.206047, 4.8071796 ], [ -74.2060388, 4.8071829 ], [ -74.2060306, 4.8071863 ], [ -74.2060226, 4.8071898 ], [ -74.2060146, 4.8071934 ], [ -74.2060066, 4.8071972 ], [ -74.2059987, 4.8072012 ], [ -74.2059909, 4.8072052 ], [ -74.2059832, 4.8072095 ], [ -74.2059755, 4.8072138 ], [ -74.205968, 4.8072183 ], [ -74.2059605, 4.8072228 ], [ -74.205953, 4.8072276 ], [ -74.2059457, 4.8072324 ], [ -74.2059384, 4.8072374 ], [ -74.2059313, 4.8072425 ], [ -74.2059242, 4.8072477 ], [ -74.2059172, 4.8072531 ], [ -74.2059103, 4.8072585 ], [ -74.2059035, 4.8072641 ], [ -74.2058968, 4.8072698 ], [ -74.2058902, 4.8072756 ], [ -74.2058837, 4.8072815 ], [ -74.2058773, 4.8072876 ], [ -74.205871, 4.8072937 ], [ -74.2058648, 4.8073 ], [ -74.2058587, 4.8073063 ], [ -74.2058528, 4.8073128 ], [ -74.2058469, 4.8073194 ], [ -74.2058412, 4.807326 ], [ -74.2058356, 4.8073328 ], [ -74.2058301, 4.8073396 ], [ -74.2058247, 4.8073466 ], [ -74.2058194, 4.8073536 ], [ -74.2058143, 4.8073607 ], [ -74.2058092, 4.807368 ], [ -74.2058044, 4.8073753 ], [ -74.2057996, 4.8073826 ], [ -74.205795, 4.8073901 ], [ -74.2057904, 4.8073976 ], [ -74.2057861, 4.8074053 ], [ -74.2057818, 4.807413 ], [ -74.2057777, 4.8074207 ], [ -74.2057737, 4.8074286 ], [ -74.2057699, 4.8074365 ], [ -74.2057662, 4.8074444 ], [ -74.2057626, 4.8074524 ], [ -74.2057519, 4.8074665 ], [ -74.2057414, 4.8074807 ], [ -74.2057311, 4.8074951 ], [ -74.2057211, 4.8075097 ], [ -74.2057114, 4.8075245 ], [ -74.2057019, 4.8075394 ], [ -74.2056926, 4.8075545 ], [ -74.2056837, 4.8075697 ], [ -74.205675, 4.8075851 ], [ -74.2056666, 4.8076006 ], [ -74.2056584, 4.8076163 ], [ -74.2056505, 4.8076321 ], [ -74.2056429, 4.8076481 ], [ -74.2056356, 4.8076642 ], [ -74.2056286, 4.8076804 ], [ -74.2056218, 4.8076967 ], [ -74.2056154, 4.8077132 ], [ -74.2056092, 4.8077297 ], [ -74.2056033, 4.8077464 ], [ -74.2055977, 4.8077632 ], [ -74.2055924, 4.80778 ], [ -74.2055874, 4.807797 ], [ -74.2055827, 4.807814 ], [ -74.2055783, 4.8078311 ], [ -74.2055741, 4.8078483 ], [ -74.2055703, 4.8078655 ], [ -74.2055668, 4.8078828 ], [ -74.2055636, 4.8079002 ], [ -74.2055607, 4.8079176 ], [ -74.2055581, 4.8079351 ], [ -74.2055558, 4.8079526 ], [ -74.2055538, 4.8079702 ], [ -74.2055521, 4.8079878 ], [ -74.2055508, 4.8080054 ], [ -74.205554, 4.8080075 ], [ -74.2055573, 4.8080098 ], [ -74.2055605, 4.808012 ], [ -74.2055636, 4.8080144 ], [ -74.2055667, 4.8080167 ], [ -74.2055698, 4.8080192 ], [ -74.2055728, 4.8080217 ], [ -74.2055758, 4.8080242 ], [ -74.2055788, 4.8080268 ], [ -74.2055817, 4.8080295 ], [ -74.2055845, 4.8080321 ], [ -74.2055873, 4.8080349 ], [ -74.2055901, 4.8080377 ], [ -74.2055928, 4.8080405 ], [ -74.2055954, 4.8080434 ], [ -74.205598, 4.8080463 ], [ -74.2056006, 4.8080493 ], [ -74.2056031, 4.8080523 ], [ -74.2056055, 4.8080554 ], [ -74.2056079, 4.8080585 ], [ -74.2056102, 4.8080617 ], [ -74.2056125, 4.8080648 ], [ -74.2056147, 4.8080681 ], [ -74.2056169, 4.8080713 ], [ -74.205619, 4.8080746 ], [ -74.2056211, 4.808078 ], [ -74.205623, 4.8080813 ], [ -74.205625, 4.8080847 ], [ -74.2056269, 4.8080882 ], [ -74.2056287, 4.8080917 ], [ -74.2056304, 4.8080952 ], [ -74.2056321, 4.8080987 ], [ -74.2056337, 4.8081022 ], [ -74.2056353, 4.8081058 ], [ -74.2056368, 4.8081094 ], [ -74.2056382, 4.8081131 ], [ -74.2056396, 4.8081168 ], [ -74.2056409, 4.8081204 ], [ -74.2056422, 4.8081242 ], [ -74.2056434, 4.8081279 ], [ -74.2056445, 4.8081316 ], [ -74.2056455, 4.8081354 ], [ -74.2056465, 4.8081392 ], [ -74.2056474, 4.808143 ], [ -74.2056483, 4.8081468 ], [ -74.2056491, 4.8081507 ], [ -74.2056498, 4.8081545 ], [ -74.2056504, 4.8081584 ], [ -74.205651, 4.8081622 ], [ -74.2056515, 4.8081661 ], [ -74.205652, 4.80817 ], [ -74.2056524, 4.8081739 ], [ -74.2056527, 4.8081778 ], [ -74.2056529, 4.8081817 ], [ -74.2056531, 4.8081856 ], [ -74.2056532, 4.8081895 ], [ -74.2056532, 4.8081934 ], [ -74.2056532, 4.8081973 ], [ -74.2056531, 4.8082013 ], [ -74.2056529, 4.8082052 ], [ -74.2056527, 4.8082091 ], [ -74.2056524, 4.808213 ], [ -74.205652, 4.8082169 ], [ -74.2056516, 4.8082208 ], [ -74.2056511, 4.8082246 ], [ -74.2056505, 4.8082285 ], [ -74.2056499, 4.8082324 ], [ -74.2056491, 4.8082362 ], [ -74.2056484, 4.80824 ], [ -74.2056475, 4.8082439 ], [ -74.2056466, 4.8082477 ], [ -74.2056456, 4.8082515 ], [ -74.2056446, 4.8082552 ], [ -74.2056435, 4.808259 ], [ -74.2056423, 4.8082627 ], [ -74.2056411, 4.8082664 ], [ -74.2056397, 4.8082701 ], [ -74.2056384, 4.8082738 ], [ -74.2056369, 4.8082774 ], [ -74.2056354, 4.8082811 ], [ -74.2056339, 4.8082846 ], [ -74.2056323, 4.8082882 ], [ -74.2056306, 4.8082917 ], [ -74.2056288, 4.8082952 ], [ -74.205627, 4.8082987 ], [ -74.2056252, 4.8083022 ], [ -74.2056232, 4.8083056 ], [ -74.2056212, 4.8083089 ], [ -74.2056192, 4.8083123 ], [ -74.2056171, 4.8083156 ], [ -74.2056149, 4.8083189 ], [ -74.2056127, 4.8083221 ], [ -74.2056104, 4.8083253 ], [ -74.2056081, 4.8083284 ], [ -74.2056057, 4.8083315 ], [ -74.2056033, 4.8083346 ], [ -74.2056008, 4.8083376 ], [ -74.2055983, 4.8083406 ], [ -74.2055957, 4.8083435 ], [ -74.205593, 4.8083464 ], [ -74.2055903, 4.8083493 ], [ -74.2055876, 4.8083521 ], [ -74.2055848, 4.8083548 ], [ -74.2055819, 4.8083575 ], [ -74.205579, 4.8083602 ], [ -74.2055761, 4.8083628 ], [ -74.2055731, 4.8083653 ], [ -74.2055701, 4.8083678 ], [ -74.205567, 4.8083703 ], [ -74.2055639, 4.8083726 ], [ -74.2055608, 4.808375 ], [ -74.2055576, 4.8083773 ], [ -74.2055544, 4.8083795 ], [ -74.2055511, 4.8083817 ], [ -74.2055478, 4.8083838 ], [ -74.2055444, 4.8083858 ], [ -74.2055411, 4.8083878 ], [ -74.2055376, 4.8083897 ], [ -74.2055342, 4.8083916 ], [ -74.2055307, 4.8083934 ], [ -74.2055272, 4.8083952 ], [ -74.2055237, 4.8083969 ], [ -74.2055201, 4.8083985 ], [ -74.2055165, 4.8084001 ], [ -74.2055129, 4.8084016 ], [ -74.2055092, 4.808403 ], [ -74.2055056, 4.8084044 ], [ -74.2055019, 4.8084057 ], [ -74.2054981, 4.808407 ], [ -74.2054944, 4.8084082 ], [ -74.2054906, 4.8084093 ], [ -74.2054869, 4.8084104 ], [ -74.2054831, 4.8084114 ], [ -74.2054792, 4.8084123 ], [ -74.2054754, 4.8084131 ], [ -74.2054716, 4.8084139 ], [ -74.2054677, 4.8084147 ], [ -74.2054638, 4.8084153 ], [ -74.20546, 4.8084159 ], [ -74.2054561, 4.8084164 ], [ -74.2054522, 4.8084169 ], [ -74.2054483, 4.8084173 ], [ -74.2054443, 4.8084176 ], [ -74.2054404, 4.8084179 ], [ -74.2054365, 4.808418 ], [ -74.2054326, 4.8084182 ], [ -74.2054287, 4.8084182 ], [ -74.2054247, 4.8084182 ], [ -74.2054208, 4.8084181 ], [ -74.2054169, 4.8084179 ], [ -74.205413, 4.8084177 ], [ -74.205409, 4.8084174 ], [ -74.2054051, 4.8084171 ], [ -74.2054012, 4.8084166 ], [ -74.2053973, 4.8084161 ], [ -74.2053935, 4.8084156 ], [ -74.2053896, 4.8084149 ], [ -74.2053857, 4.8084142 ], [ -74.2053819, 4.8084135 ], [ -74.205378, 4.8084126 ], [ -74.2053742, 4.8084117 ], [ -74.2053704, 4.8084108 ], [ -74.2053666, 4.8084098 ], [ -74.2053628, 4.8084087 ], [ -74.2053591, 4.8084075 ], [ -74.205342, 4.8084091 ], [ -74.2053248, 4.8084104 ], [ -74.2053077, 4.8084113 ], [ -74.2052905, 4.808412 ], [ -74.2052733, 4.8084124 ], [ -74.2052562, 4.8084125 ], [ -74.205239, 4.8084123 ], [ -74.2052218, 4.8084118 ], [ -74.2052046, 4.808411 ], [ -74.2051875, 4.8084099 ], [ -74.2051704, 4.8084086 ], [ -74.2051533, 4.8084069 ], [ -74.2051362, 4.8084049 ], [ -74.2051192, 4.8084026 ], [ -74.2051022, 4.8084 ], [ -74.2050852, 4.8083972 ], [ -74.2050684, 4.808394 ], [ -74.2050515, 4.8083906 ], [ -74.2050348, 4.8083869 ], [ -74.2050181, 4.8083828 ], [ -74.2050014, 4.8083785 ], [ -74.2049849, 4.8083739 ], [ -74.2049684, 4.808369 ], [ -74.204952, 4.8083639 ], [ -74.2049357, 4.8083584 ], [ -74.2049196, 4.8083527 ], [ -74.2049035, 4.8083467 ], [ -74.2048875, 4.8083404 ], [ -74.2048716, 4.8083338 ], [ -74.2048559, 4.808327 ], [ -74.2048402, 4.8083198 ], [ -74.2048247, 4.8083125 ], [ -74.2048094, 4.8083048 ], [ -74.2047941, 4.8082969 ], [ -74.2047631, 4.8082879 ], [ -74.204732, 4.8082795 ], [ -74.2047007, 4.8082716 ], [ -74.2046693, 4.8082642 ], [ -74.2046378, 4.8082573 ], [ -74.2046061, 4.8082509 ], [ -74.2045744, 4.8082451 ], [ -74.2045426, 4.8082398 ], [ -74.2045106, 4.808235 ], [ -74.2044787, 4.8082307 ], [ -74.2044466, 4.808227 ], [ -74.2044145, 4.8082238 ], [ -74.2043823, 4.8082212 ], [ -74.2043501, 4.8082191 ], [ -74.2043179, 4.8082175 ], [ -74.2042856, 4.8082164 ], [ -74.2042533, 4.8082159 ], [ -74.2042211, 4.8082159 ], [ -74.2041888, 4.8082165 ], [ -74.2041826, 4.8082154 ], [ -74.2041764, 4.8082144 ], [ -74.2041702, 4.8082136 ], [ -74.204164, 4.8082128 ], [ -74.2041577, 4.8082122 ], [ -74.2041515, 4.8082116 ], [ -74.2041452, 4.8082112 ], [ -74.2041389, 4.8082109 ], [ -74.2041327, 4.8082107 ], [ -74.2041264, 4.8082106 ], [ -74.2041201, 4.8082106 ], [ -74.2041138, 4.8082107 ], [ -74.2041075, 4.8082109 ], [ -74.2041013, 4.8082112 ], [ -74.204095, 4.8082117 ], [ -74.2040888, 4.8082122 ], [ -74.2040825, 4.8082129 ], [ -74.2040763, 4.8082137 ], [ -74.2040701, 4.8082145 ], [ -74.2040639, 4.8082155 ], [ -74.2040577, 4.8082166 ], [ -74.2040515, 4.8082178 ], [ -74.2040454, 4.8082191 ], [ -74.2040393, 4.8082205 ], [ -74.2040332, 4.808222 ], [ -74.2040271, 4.8082236 ], [ -74.2040211, 4.8082254 ], [ -74.2040151, 4.8082272 ], [ -74.2040091, 4.8082291 ], [ -74.2040031, 4.8082312 ], [ -74.2039972, 4.8082333 ], [ -74.2039914, 4.8082355 ], [ -74.2039856, 4.8082379 ], [ -74.2039798, 4.8082403 ], [ -74.203974, 4.8082429 ], [ -74.2039683, 4.8082455 ], [ -74.2039627, 4.8082482 ], [ -74.2039571, 4.8082511 ], [ -74.2039516, 4.808254 ], [ -74.2039461, 4.808257 ], [ -74.2039406, 4.8082602 ], [ -74.2039352, 4.8082634 ], [ -74.2039299, 4.8082667 ], [ -74.2039246, 4.8082701 ], [ -74.2039194, 4.8082736 ], [ -74.2039143, 4.8082772 ], [ -74.2039092, 4.8082808 ], [ -74.2039042, 4.8082846 ], [ -74.2038992, 4.8082885 ], [ -74.2038943, 4.8082924 ], [ -74.2038895, 4.8082964 ], [ -74.2038848, 4.8083005 ], [ -74.2038801, 4.8083047 ], [ -74.2038755, 4.8083089 ], [ -74.203871, 4.8083133 ], [ -74.2038665, 4.8083177 ], [ -74.2038622, 4.8083222 ], [ -74.2038579, 4.8083268 ], [ -74.2038537, 4.8083314 ], [ -74.2038495, 4.8083361 ], [ -74.2038455, 4.8083409 ], [ -74.2038415, 4.8083458 ], [ -74.2038377, 4.8083507 ], [ -74.2038339, 4.8083557 ], [ -74.2038302, 4.8083607 ], [ -74.2038265, 4.8083658 ], [ -74.203823, 4.808371 ], [ -74.2038196, 4.8083763 ], [ -74.2038163, 4.8083816 ], [ -74.203813, 4.8083869 ], [ -74.2038099, 4.8083923 ], [ -74.2038068, 4.8083978 ], [ -74.2038038, 4.8084033 ], [ -74.203801, 4.8084089 ], [ -74.2037982, 4.8084145 ], [ -74.2037955, 4.8084201 ], [ -74.203793, 4.8084259 ], [ -74.2037905, 4.8084316 ], [ -74.2037881, 4.8084374 ], [ -74.2037858, 4.8084432 ], [ -74.2037837, 4.8084491 ], [ -74.2037816, 4.808455 ], [ -74.2037797, 4.808461 ], [ -74.2037778, 4.8084669 ], [ -74.2037761, 4.8084729 ], [ -74.2037744, 4.808479 ], [ -74.2037729, 4.8084851 ], [ -74.2037714, 4.8084911 ], [ -74.2037701, 4.8084973 ], [ -74.2037689, 4.8085034 ], [ -74.2037678, 4.8085096 ], [ -74.2037668, 4.8085157 ], [ -74.2037659, 4.8085219 ], [ -74.2037651, 4.8085281 ], [ -74.2037531, 4.8085443 ], [ -74.2037414, 4.8085607 ], [ -74.20373, 4.8085773 ], [ -74.2037189, 4.808594 ], [ -74.203708, 4.808611 ], [ -74.2036975, 4.8086281 ], [ -74.2036873, 4.8086455 ], [ -74.2036773, 4.808663 ], [ -74.2036677, 4.8086806 ], [ -74.2036584, 4.8086985 ], [ -74.2036494, 4.8087165 ], [ -74.2036407, 4.8087346 ], [ -74.2036323, 4.8087529 ], [ -74.2036243, 4.8087713 ], [ -74.2036165, 4.8087899 ], [ -74.2036091, 4.8088086 ], [ -74.203602, 4.8088274 ], [ -74.2035953, 4.8088463 ], [ -74.2035889, 4.8088654 ], [ -74.2035828, 4.8088846 ], [ -74.203577, 4.8089038 ], [ -74.2035716, 4.8089232 ], [ -74.2035665, 4.8089427 ], [ -74.2035617, 4.8089622 ], [ -74.2035573, 4.8089818 ], [ -74.2035533, 4.8090015 ], [ -74.2035495, 4.8090213 ], [ -74.2035462, 4.8090411 ], [ -74.2035431, 4.809061 ], [ -74.2035416, 4.8090638 ], [ -74.2035401, 4.8090667 ], [ -74.2035385, 4.8090695 ], [ -74.2035369, 4.8090723 ], [ -74.2035352, 4.809075 ], [ -74.2035334, 4.8090778 ], [ -74.2035317, 4.8090805 ], [ -74.2035298, 4.8090831 ], [ -74.203528, 4.8090858 ], [ -74.203526, 4.8090884 ], [ -74.2035241, 4.809091 ], [ -74.2035221, 4.8090935 ], [ -74.20352, 4.809096 ], [ -74.2035179, 4.8090985 ], [ -74.2035158, 4.8091009 ], [ -74.2035136, 4.8091033 ], [ -74.2035114, 4.8091057 ], [ -74.2035091, 4.809108 ], [ -74.2035068, 4.8091103 ], [ -74.2035045, 4.8091125 ], [ -74.2035021, 4.8091147 ], [ -74.2034997, 4.8091168 ], [ -74.2034972, 4.809119 ], [ -74.2034947, 4.809121 ], [ -74.2034922, 4.8091231 ], [ -74.2034896, 4.809125 ], [ -74.203487, 4.809127 ], [ -74.2034844, 4.8091289 ], [ -74.2034817, 4.8091307 ], [ -74.203479, 4.8091325 ], [ -74.2034763, 4.8091343 ], [ -74.2034735, 4.809136 ], [ -74.2034708, 4.8091376 ], [ -74.2034679, 4.8091392 ], [ -74.2034651, 4.8091408 ], [ -74.2034622, 4.8091423 ], [ -74.2034593, 4.8091438 ], [ -74.2034564, 4.8091452 ], [ -74.2034535, 4.8091466 ], [ -74.2034505, 4.8091479 ], [ -74.2034475, 4.8091491 ], [ -74.2034445, 4.8091503 ], [ -74.2034415, 4.8091515 ], [ -74.2034384, 4.8091526 ], [ -74.2034354, 4.8091537 ], [ -74.2034323, 4.8091547 ], [ -74.2034292, 4.8091556 ], [ -74.203426, 4.8091565 ], [ -74.2034229, 4.8091573 ], [ -74.2034198, 4.8091581 ], [ -74.2034166, 4.8091588 ], [ -74.2034134, 4.8091595 ], [ -74.2034102, 4.8091601 ], [ -74.203407, 4.8091607 ], [ -74.2034038, 4.8091612 ], [ -74.2034006, 4.8091617 ], [ -74.2033974, 4.809162 ], [ -74.2033942, 4.8091624 ], [ -74.2033909, 4.8091627 ], [ -74.2033877, 4.8091629 ], [ -74.2033845, 4.8091631 ], [ -74.2033812, 4.8091632 ], [ -74.203378, 4.8091633 ], [ -74.2033747, 4.8091633 ], [ -74.2033715, 4.8091632 ], [ -74.2033683, 4.8091631 ], [ -74.203365, 4.8091629 ], [ -74.2033618, 4.8091627 ], [ -74.2033585, 4.8091625 ], [ -74.2033553, 4.8091621 ], [ -74.2033521, 4.8091617 ], [ -74.2033489, 4.8091613 ], [ -74.2033457, 4.8091608 ], [ -74.2033425, 4.8091603 ], [ -74.2033393, 4.8091596 ], [ -74.2033361, 4.809159 ], [ -74.2033329, 4.8091583 ], [ -74.2033298, 4.8091575 ], [ -74.2033266, 4.8091567 ], [ -74.2033235, 4.8091558 ], [ -74.2033204, 4.8091549 ], [ -74.2033173, 4.8091539 ], [ -74.2033143, 4.8091528 ], [ -74.2033112, 4.8091517 ], [ -74.2033082, 4.8091506 ], [ -74.2033051, 4.8091494 ], [ -74.2033022, 4.8091482 ], [ -74.2032992, 4.8091469 ], [ -74.2032962, 4.8091455 ], [ -74.2032933, 4.8091441 ], [ -74.2032904, 4.8091426 ], [ -74.2032875, 4.8091411 ], [ -74.2032847, 4.8091396 ], [ -74.2032819, 4.809138 ], [ -74.2032791, 4.8091363 ], [ -74.2032763, 4.8091346 ], [ -74.2032736, 4.8091329 ], [ -74.2032709, 4.8091311 ], [ -74.2032682, 4.8091293 ], [ -74.2032656, 4.8091274 ], [ -74.203263, 4.8091255 ], [ -74.2032604, 4.8091235 ], [ -74.2032579, 4.8091215 ], [ -74.2032554, 4.8091194 ], [ -74.2032529, 4.8091173 ], [ -74.2032505, 4.8091152 ], [ -74.2032481, 4.809113 ], [ -74.2032457, 4.8091107 ], [ -74.2032434, 4.8091085 ], [ -74.2032411, 4.8091062 ], [ -74.2032389, 4.8091038 ], [ -74.2032367, 4.8091014 ], [ -74.2032346, 4.809099 ], [ -74.2032325, 4.8090965 ], [ -74.2032304, 4.809094 ], [ -74.2032284, 4.8090915 ], [ -74.2032264, 4.809089 ], [ -74.2032245, 4.8090864 ], [ -74.2032226, 4.8090837 ], [ -74.2032207, 4.8090811 ], [ -74.203219, 4.8090784 ], [ -74.2032172, 4.8090756 ], [ -74.2032155, 4.8090729 ], [ -74.2032139, 4.8090701 ], [ -74.2032123, 4.8090673 ], [ -74.2032107, 4.8090644 ], [ -74.2032092, 4.8090616 ], [ -74.2032078, 4.8090587 ], [ -74.2032064, 4.8090558 ], [ -74.203205, 4.8090528 ], [ -74.2032037, 4.8090499 ], [ -74.2032025, 4.8090469 ], [ -74.2032013, 4.8090439 ], [ -74.2032001, 4.8090408 ], [ -74.2031838, 4.8090244 ], [ -74.2031677, 4.8090076 ], [ -74.203152, 4.8089906 ], [ -74.2031365, 4.8089733 ], [ -74.2031214, 4.8089558 ], [ -74.2031065, 4.808938 ], [ -74.2030919, 4.8089199 ], [ -74.2030777, 4.8089016 ], [ -74.2030638, 4.8088831 ], [ -74.2030502, 4.8088643 ], [ -74.2030369, 4.8088453 ], [ -74.203024, 4.8088261 ], [ -74.2030114, 4.8088066 ], [ -74.2029991, 4.8087869 ], [ -74.2029872, 4.8087671 ], [ -74.2029756, 4.808747 ], [ -74.2029644, 4.8087267 ], [ -74.2029535, 4.8087063 ], [ -74.2029429, 4.8086856 ], [ -74.2029328, 4.8086648 ], [ -74.202923, 4.8086438 ], [ -74.2029135, 4.8086227 ], [ -74.2029044, 4.8086014 ], [ -74.2028957, 4.8085799 ], [ -74.2028874, 4.8085583 ], [ -74.2027634, 4.8082909 ], [ -74.2026352, 4.8080255 ], [ -74.2024974, 4.8078002 ], [ -74.2023628, 4.8075731 ], [ -74.20236, 4.8075699 ], [ -74.2023572, 4.8075668 ], [ -74.2023544, 4.8075637 ], [ -74.2023515, 4.8075607 ], [ -74.2023485, 4.8075577 ], [ -74.2023455, 4.8075548 ], [ -74.2023424, 4.807552 ], [ -74.2023393, 4.8075491 ], [ -74.2023362, 4.8075464 ], [ -74.202333, 4.8075437 ], [ -74.2023297, 4.807541 ], [ -74.2023264, 4.8075384 ], [ -74.2023231, 4.8075359 ], [ -74.2023197, 4.8075334 ], [ -74.2023163, 4.807531 ], [ -74.2023128, 4.8075287 ], [ -74.2023093, 4.8075264 ], [ -74.2023057, 4.8075241 ], [ -74.2023021, 4.8075219 ], [ -74.2022985, 4.8075198 ], [ -74.2022949, 4.8075178 ], [ -74.2022912, 4.8075158 ], [ -74.2022874, 4.8075139 ], [ -74.2022837, 4.807512 ], [ -74.2022799, 4.8075102 ], [ -74.2022761, 4.8075085 ], [ -74.2022722, 4.8075069 ], [ -74.2022683, 4.8075053 ], [ -74.2022644, 4.8075037 ], [ -74.2022605, 4.8075023 ], [ -74.2022565, 4.8075009 ], [ -74.2022525, 4.8074996 ], [ -74.2022485, 4.8074983 ], [ -74.2022445, 4.8074972 ], [ -74.2022404, 4.807496 ], [ -74.2022364, 4.807495 ], [ -74.2022323, 4.807494 ], [ -74.2022282, 4.8074931 ], [ -74.2022241, 4.8074923 ], [ -74.2022199, 4.8074916 ], [ -74.2022158, 4.8074909 ], [ -74.2022116, 4.8074903 ], [ -74.2022075, 4.8074897 ], [ -74.2022033, 4.8074892 ], [ -74.2021991, 4.8074888 ], [ -74.2021949, 4.8074885 ], [ -74.2021908, 4.8074883 ], [ -74.2021866, 4.8074881 ], [ -74.2021824, 4.807488 ], [ -74.2021782, 4.8074879 ], [ -74.202174, 4.807488 ], [ -74.2021698, 4.8074881 ], [ -74.2021656, 4.8074883 ], [ -74.2021614, 4.8074885 ], [ -74.2021572, 4.8074889 ], [ -74.202153, 4.8074893 ], [ -74.2021488, 4.8074897 ], [ -74.2021447, 4.8074903 ], [ -74.2021405, 4.8074909 ], [ -74.2021364, 4.8074916 ], [ -74.2021323, 4.8074924 ], [ -74.2021281, 4.8074932 ], [ -74.202124, 4.8074941 ], [ -74.20212, 4.8074951 ], [ -74.2021159, 4.8074961 ], [ -74.2021119, 4.8074972 ], [ -74.2021078, 4.8074984 ], [ -74.2021038, 4.8074997 ], [ -74.2020998, 4.807501 ], [ -74.2020959, 4.8075024 ], [ -74.2020919, 4.8075038 ], [ -74.202088, 4.8075054 ], [ -74.2020842, 4.807507 ], [ -74.2020803, 4.8075086 ], [ -74.2020765, 4.8075103 ], [ -74.2020727, 4.8075121 ], [ -74.2020689, 4.807514 ], [ -74.2020652, 4.8075159 ], [ -74.2020615, 4.8075179 ], [ -74.2020578, 4.80752 ], [ -74.2020542, 4.8075221 ], [ -74.2020506, 4.8075243 ], [ -74.2020471, 4.8075265 ], [ -74.2020436, 4.8075288 ], [ -74.2020401, 4.8075312 ], [ -74.2020367, 4.8075336 ], [ -74.2020333, 4.8075361 ], [ -74.20203, 4.8075386 ], [ -74.2020267, 4.8075412 ], [ -74.2020234, 4.8075438 ], [ -74.2020202, 4.8075465 ], [ -74.2020171, 4.8075493 ], [ -74.202014, 4.8075521 ], [ -74.2020109, 4.807555 ], [ -74.2020079, 4.8075579 ], [ -74.2020049, 4.8075609 ], [ -74.202002, 4.8075639 ], [ -74.2019992, 4.807567 ], [ -74.2019964, 4.8075701 ], [ -74.2019937, 4.8075733 ], [ -74.201991, 4.8075765 ], [ -74.2019884, 4.8075798 ], [ -74.2019858, 4.8075831 ], [ -74.2019833, 4.8075864 ], [ -74.2019808, 4.8075898 ], [ -74.2019784, 4.8075933 ], [ -74.2019761, 4.8075967 ], [ -74.2019738, 4.8076002 ], [ -74.2019716, 4.8076038 ], [ -74.2019695, 4.8076074 ], [ -74.2019674, 4.807611 ], [ -74.2019653, 4.8076147 ], [ -74.2019634, 4.8076184 ], [ -74.2019615, 4.8076221 ], [ -74.2019597, 4.8076259 ], [ -74.2019579, 4.8076297 ], [ -74.2019562, 4.8076335 ], [ -74.2019546, 4.8076374 ], [ -74.201953, 4.8076413 ], [ -74.2019515, 4.8076452 ], [ -74.2019501, 4.8076491 ], [ -74.2019487, 4.8076531 ], [ -74.2019475, 4.8076571 ], [ -74.2019462, 4.8076611 ], [ -74.2019451, 4.8076651 ], [ -74.201944, 4.8076691 ], [ -74.201943, 4.8076732 ], [ -74.2019421, 4.8076773 ], [ -74.2019412, 4.8076814 ], [ -74.2019404, 4.8076855 ], [ -74.2019397, 4.8076896 ], [ -74.201939, 4.8076937 ], [ -74.2019378, 4.8077024 ], [ -74.2019365, 4.807711 ], [ -74.201935, 4.8077196 ], [ -74.2019334, 4.8077281 ], [ -74.2019316, 4.8077367 ], [ -74.2019296, 4.8077452 ], [ -74.2019276, 4.8077536 ], [ -74.2019253, 4.807762 ], [ -74.201923, 4.8077704 ], [ -74.2019204, 4.8077788 ], [ -74.2019178, 4.8077871 ], [ -74.201915, 4.8077953 ], [ -74.201912, 4.8078035 ], [ -74.2019089, 4.8078117 ], [ -74.2019057, 4.8078198 ], [ -74.2019023, 4.8078278 ], [ -74.2018988, 4.8078358 ], [ -74.2018951, 4.8078437 ], [ -74.2018913, 4.8078516 ], [ -74.2018874, 4.8078594 ], [ -74.2018834, 4.8078671 ], [ -74.2018792, 4.8078747 ], [ -74.2018748, 4.8078823 ], [ -74.2018704, 4.8078898 ], [ -74.2018658, 4.8078972 ], [ -74.2018611, 4.8079046 ], [ -74.2018562, 4.8079118 ], [ -74.2018513, 4.807919 ], [ -74.2018462, 4.8079261 ], [ -74.201841, 4.8079331 ], [ -74.2018356, 4.80794 ], [ -74.2018302, 4.8079468 ], [ -74.2018246, 4.8079535 ], [ -74.2018189, 4.8079602 ], [ -74.2018131, 4.8079667 ], [ -74.2018072, 4.8079731 ], [ -74.2018012, 4.8079794 ], [ -74.2017951, 4.8079856 ], [ -74.2017888, 4.8079917 ], [ -74.2017825, 4.8079977 ], [ -74.201776, 4.8080036 ], [ -74.2017695, 4.8080094 ], [ -74.2017628, 4.8080151 ], [ -74.2017561, 4.8080206 ], [ -74.2017492, 4.808026 ], [ -74.2017423, 4.8080314 ], [ -74.2017353, 4.8080365 ], [ -74.2017282, 4.8080416 ], [ -74.201721, 4.8080466 ], [ -74.2017137, 4.8080514 ], [ -74.2017063, 4.8080561 ], [ -74.2016988, 4.8080606 ], [ -74.2016913, 4.8080651 ], [ -74.2016837, 4.8080694 ], [ -74.201676, 4.8080736 ], [ -74.2016683, 4.8080776 ], [ -74.2016605, 4.8080815 ], [ -74.2016526, 4.8080853 ], [ -74.2016446, 4.8080889 ], [ -74.2016366, 4.8080924 ], [ -74.2016286, 4.8080958 ], [ -74.2016204, 4.808099 ], [ -74.2016122, 4.8081021 ], [ -74.201604, 4.808105 ], [ -74.2015957, 4.8081078 ], [ -74.2015874, 4.8081105 ], [ -74.201579, 4.808113 ], [ -74.2015706, 4.8081153 ], [ -74.2015621, 4.8081175 ], [ -74.2015536, 4.8081196 ], [ -74.2015451, 4.8081215 ], [ -74.2015365, 4.8081233 ], [ -74.201528, 4.8081249 ], [ -74.2015193, 4.8081264 ], [ -74.2015107, 4.8081277 ], [ -74.201502, 4.8081289 ], [ -74.2014933, 4.80813 ], [ -74.2014846, 4.8081308 ], [ -74.2014759, 4.8081316 ], [ -74.2014672, 4.8081322 ], [ -74.2014585, 4.8081326 ], [ -74.2014497, 4.8081329 ], [ -74.201441, 4.808133 ], [ -74.2014322, 4.808133 ], [ -74.2014235, 4.8081328 ], [ -74.2014147, 4.8081325 ], [ -74.201406, 4.808132 ], [ -74.2013973, 4.8081314 ], [ -74.2013886, 4.8081306 ], [ -74.2013799, 4.8081297 ], [ -74.2013712, 4.8081286 ], [ -74.2013625, 4.8081274 ], [ -74.2013539, 4.808126 ], [ -74.2013487, 4.808123 ], [ -74.2013435, 4.8081199 ], [ -74.2013384, 4.8081167 ], [ -74.2013334, 4.8081135 ], [ -74.2013284, 4.8081101 ], [ -74.2013235, 4.8081067 ], [ -74.2013186, 4.8081032 ], [ -74.2013138, 4.8080996 ], [ -74.201309, 4.8080959 ], [ -74.2013044, 4.8080921 ], [ -74.2012998, 4.8080882 ], [ -74.2012952, 4.8080843 ], [ -74.2012907, 4.8080803 ], [ -74.2012863, 4.8080762 ], [ -74.201282, 4.8080721 ], [ -74.2012777, 4.8080678 ], [ -74.2012735, 4.8080635 ], [ -74.2012694, 4.8080592 ], [ -74.2012654, 4.8080547 ], [ -74.2012614, 4.8080502 ], [ -74.2012576, 4.8080456 ], [ -74.2012538, 4.808041 ], [ -74.20125, 4.8080363 ], [ -74.2012464, 4.8080315 ], [ -74.2012428, 4.8080266 ], [ -74.2012394, 4.8080217 ], [ -74.201236, 4.8080168 ], [ -74.2012327, 4.8080118 ], [ -74.2012295, 4.8080067 ], [ -74.2012264, 4.8080016 ], [ -74.2012233, 4.8079964 ], [ -74.2012204, 4.8079911 ], [ -74.2012176, 4.8079859 ], [ -74.2012148, 4.8079805 ], [ -74.2012121, 4.8079752 ], [ -74.2012096, 4.8079697 ], [ -74.2012071, 4.8079643 ], [ -74.2012047, 4.8079588 ], [ -74.2012024, 4.8079532 ], [ -74.2012002, 4.8079476 ], [ -74.2011982, 4.807942 ], [ -74.2011962, 4.8079364 ], [ -74.2011943, 4.8079307 ], [ -74.2011925, 4.8079249 ], [ -74.2011854, 4.8078841 ], [ -74.2011777, 4.8078433 ], [ -74.2011694, 4.8078027 ], [ -74.2011603, 4.8077622 ], [ -74.2011506, 4.8077219 ], [ -74.2011403, 4.8076818 ], [ -74.2011292, 4.8076418 ], [ -74.2011175, 4.807602 ], [ -74.2011052, 4.8075624 ], [ -74.2010922, 4.807523 ], [ -74.2010786, 4.8074838 ], [ -74.2010643, 4.8074449 ], [ -74.2010494, 4.8074062 ], [ -74.2010338, 4.8073677 ], [ -74.2010176, 4.8073295 ], [ -74.2010008, 4.8072916 ], [ -74.2009931, 4.8072849 ], [ -74.2009852, 4.8072783 ], [ -74.2009773, 4.8072718 ], [ -74.2009692, 4.8072655 ], [ -74.2009611, 4.8072593 ], [ -74.2009528, 4.8072532 ], [ -74.2009444, 4.8072473 ], [ -74.200936, 4.8072416 ], [ -74.2009274, 4.807236 ], [ -74.2009187, 4.8072305 ], [ -74.20091, 4.8072252 ], [ -74.2009011, 4.80722 ], [ -74.2008922, 4.807215 ], [ -74.2008832, 4.8072101 ], [ -74.200874, 4.8072054 ], [ -74.2008649, 4.8072009 ], [ -74.2008556, 4.8071965 ], [ -74.2008463, 4.8071922 ], [ -74.2008369, 4.8071882 ], [ -74.2008274, 4.8071842 ], [ -74.2008178, 4.8071805 ], [ -74.2008082, 4.8071769 ], [ -74.2007986, 4.8071735 ], [ -74.2007888, 4.8071702 ], [ -74.2007791, 4.8071671 ], [ -74.2007692, 4.8071642 ], [ -74.2007594, 4.8071615 ], [ -74.2007494, 4.8071589 ], [ -74.2007395, 4.8071565 ], [ -74.2007295, 4.8071542 ], [ -74.2007194, 4.8071521 ], [ -74.2007093, 4.8071502 ], [ -74.2006992, 4.8071485 ], [ -74.2006891, 4.807147 ], [ -74.2006789, 4.8071456 ], [ -74.2006687, 4.8071444 ], [ -74.2006585, 4.8071433 ], [ -74.2006483, 4.8071425 ], [ -74.2006381, 4.8071418 ], [ -74.2006278, 4.8071413 ], [ -74.2006176, 4.807141 ], [ -74.2006073, 4.8071408 ], [ -74.200596, 4.8071477 ], [ -74.2005847, 4.8071548 ], [ -74.2005736, 4.8071621 ], [ -74.2005626, 4.8071695 ], [ -74.2005517, 4.8071772 ], [ -74.200541, 4.807185 ], [ -74.2005304, 4.8071931 ], [ -74.2005199, 4.8072013 ], [ -74.2005096, 4.8072096 ], [ -74.2004994, 4.8072182 ], [ -74.2004894, 4.8072269 ], [ -74.2004795, 4.8072358 ], [ -74.2004698, 4.8072449 ], [ -74.2004602, 4.8072541 ], [ -74.2004508, 4.8072635 ], [ -74.2004416, 4.807273 ], [ -74.2004325, 4.8072827 ], [ -74.2004236, 4.8072926 ], [ -74.2004148, 4.8073026 ], [ -74.2004063, 4.8073127 ], [ -74.2003979, 4.807323 ], [ -74.2003897, 4.8073335 ], [ -74.2003816, 4.807344 ], [ -74.2003738, 4.8073547 ], [ -74.2003661, 4.8073656 ], [ -74.2003586, 4.8073766 ], [ -74.2003514, 4.8073877 ], [ -74.2003443, 4.8073989 ], [ -74.2003373, 4.8074102 ], [ -74.2003306, 4.8074217 ], [ -74.2003241, 4.8074332 ], [ -74.2003178, 4.8074449 ], [ -74.2003117, 4.8074567 ], [ -74.2003058, 4.8074686 ], [ -74.2003001, 4.8074806 ], [ -74.2002946, 4.8074927 ], [ -74.2002994, 4.8075034 ], [ -74.200303, 4.807512 ], [ -74.2002643, 4.808116 ], [ -74.2002358, 4.8084641 ], [ -74.2002123, 4.8088127 ], [ -74.2001937, 4.8091615 ], [ -74.2001461, 4.8092557 ], [ -74.2001, 4.8093507 ], [ -74.2000556, 4.8094464 ], [ -74.2000127, 4.8095429 ], [ -74.1999715, 4.8096401 ], [ -74.199932, 4.809738 ], [ -74.1998941, 4.8098365 ], [ -74.1998578, 4.8099356 ], [ -74.1998232, 4.8100353 ], [ -74.1997903, 4.8101356 ], [ -74.1997591, 4.8102364 ], [ -74.1997296, 4.8103377 ], [ -74.1996683, 4.8105465 ], [ -74.1996107, 4.8107562 ], [ -74.1995567, 4.810967 ], [ -74.1995064, 4.8111786 ], [ -74.1994598, 4.8113911 ], [ -74.1994169, 4.8116044 ], [ -74.1994077, 4.811626 ], [ -74.199399, 4.8116477 ], [ -74.1993906, 4.8116696 ], [ -74.1993826, 4.8116917 ], [ -74.1993749, 4.8117138 ], [ -74.1993677, 4.8117361 ], [ -74.1993608, 4.8117585 ], [ -74.1993543, 4.811781 ], [ -74.1993482, 4.8118037 ], [ -74.1993424, 4.8118264 ], [ -74.1993371, 4.8118492 ], [ -74.1993321, 4.8118721 ], [ -74.1993276, 4.8118951 ], [ -74.1993234, 4.8119182 ], [ -74.1993196, 4.8119413 ], [ -74.1993162, 4.8119645 ], [ -74.1993132, 4.8119877 ], [ -74.1993106, 4.812011 ], [ -74.1993084, 4.8120343 ], [ -74.1993066, 4.8120577 ], [ -74.1993052, 4.8120811 ], [ -74.1993042, 4.8121045 ], [ -74.1993036, 4.8121279 ], [ -74.1993034, 4.8121514 ], [ -74.1993036, 4.8121748 ], [ -74.1993042, 4.8121982 ], [ -74.1993051, 4.8122216 ], [ -74.1993065, 4.812245 ], [ -74.1993083, 4.8122684 ], [ -74.1993105, 4.8122917 ], [ -74.199313, 4.812315 ], [ -74.199316, 4.8123383 ], [ -74.1992997, 4.8124099 ], [ -74.1992823, 4.8124812 ], [ -74.1992636, 4.8125522 ], [ -74.1992438, 4.812623 ], [ -74.1992228, 4.8126933 ], [ -74.1992006, 4.8127633 ], [ -74.1991772, 4.812833 ], [ -74.1991527, 4.8129022 ], [ -74.1991271, 4.8129711 ], [ -74.1991003, 4.8130395 ], [ -74.1990724, 4.8131074 ], [ -74.1990433, 4.8131749 ], [ -74.1990131, 4.8132418 ], [ -74.1989818, 4.8133083 ], [ -74.1989494, 4.8133743 ], [ -74.1989159, 4.8134397 ], [ -74.1988814, 4.8135045 ], [ -74.1988457, 4.8135687 ], [ -74.198809, 4.8136324 ], [ -74.1987712, 4.8136954 ], [ -74.1985599, 4.8138805 ], [ -74.1983513, 4.8140686 ], [ -74.1981455, 4.8142596 ], [ -74.1979424, 4.8144536 ], [ -74.1977422, 4.8146505 ], [ -74.1977211, 4.8146752 ], [ -74.1977004, 4.8147003 ], [ -74.1976802, 4.8147257 ], [ -74.1976604, 4.8147515 ], [ -74.197641, 4.8147776 ], [ -74.1976221, 4.814804 ], [ -74.1976037, 4.8148307 ], [ -74.1975857, 4.8148577 ], [ -74.1975682, 4.8148851 ], [ -74.1975511, 4.8149127 ], [ -74.1975345, 4.8149406 ], [ -74.1975184, 4.8149688 ], [ -74.1975027, 4.8149973 ], [ -74.1974876, 4.815026 ], [ -74.1974729, 4.815055 ], [ -74.1974588, 4.8150842 ], [ -74.1974451, 4.8151137 ], [ -74.197432, 4.8151433 ], [ -74.1974193, 4.8151732 ], [ -74.1973966, 4.8152199 ], [ -74.1973747, 4.8152669 ], [ -74.1973536, 4.8153143 ], [ -74.1973333, 4.8153621 ], [ -74.1973139, 4.8154102 ], [ -74.1972953, 4.8154587 ], [ -74.1972776, 4.8155074 ], [ -74.1972608, 4.8155565 ], [ -74.1972448, 4.8156059 ], [ -74.1972296, 4.8156555 ], [ -74.1972154, 4.8157054 ], [ -74.197202, 4.8157555 ], [ -74.1971895, 4.8158058 ], [ -74.1971778, 4.8158564 ], [ -74.1971671, 4.8159071 ], [ -74.1971558, 4.8159771 ], [ -74.1971456, 4.8160473 ], [ -74.1971366, 4.8161176 ], [ -74.1971288, 4.8161881 ], [ -74.1971221, 4.8162586 ], [ -74.1971167, 4.8163293 ], [ -74.1971375, 4.8164002 ], [ -74.1971572, 4.8164715 ], [ -74.1971757, 4.816543 ], [ -74.197193, 4.8166149 ], [ -74.1972091, 4.816687 ], [ -74.197224, 4.8167594 ], [ -74.1972377, 4.816832 ], [ -74.1972702, 4.8168669 ], [ -74.1973034, 4.8169012 ], [ -74.197337, 4.816935 ], [ -74.1973713, 4.8169683 ], [ -74.1974061, 4.8170009 ], [ -74.1974414, 4.817033 ], [ -74.1974773, 4.8170645 ], [ -74.1975137, 4.8170954 ], [ -74.1975506, 4.8171256 ], [ -74.1975881, 4.8171553 ], [ -74.197626, 4.8171843 ], [ -74.1976644, 4.8172126 ], [ -74.1977032, 4.8172404 ], [ -74.1977426, 4.8172674 ], [ -74.1977824, 4.8172939 ], [ -74.1978226, 4.8173196 ], [ -74.1978632, 4.8173447 ], [ -74.1978806, 4.8173575 ], [ -74.1978981, 4.81737 ], [ -74.1979159, 4.8173822 ], [ -74.1979339, 4.8173941 ], [ -74.1979522, 4.8174057 ], [ -74.1979706, 4.817417 ], [ -74.1979892, 4.8174279 ], [ -74.198008, 4.8174386 ], [ -74.1980269, 4.8174489 ], [ -74.1980461, 4.8174588 ], [ -74.1980654, 4.8174684 ], [ -74.1980849, 4.8174777 ], [ -74.1981046, 4.8174867 ], [ -74.1981244, 4.8174953 ], [ -74.1981443, 4.8175036 ], [ -74.1981644, 4.8175115 ], [ -74.1981846, 4.817519 ], [ -74.198205, 4.8175262 ], [ -74.1982255, 4.8175331 ], [ -74.1982461, 4.8175396 ], [ -74.1982668, 4.8175457 ], [ -74.1982856, 4.8175502 ], [ -74.1983045, 4.8175542 ], [ -74.1983235, 4.817558 ], [ -74.1983425, 4.8175615 ], [ -74.1983616, 4.8175646 ], [ -74.1983808, 4.8175674 ], [ -74.1983999, 4.8175698 ], [ -74.1984192, 4.8175719 ], [ -74.1984384, 4.8175737 ], [ -74.1984577, 4.8175752 ], [ -74.198477, 4.8175764 ], [ -74.1984964, 4.8175772 ], [ -74.1985157, 4.8175777 ], [ -74.1985351, 4.8175778 ], [ -74.1985544, 4.8175776 ], [ -74.1985738, 4.8175771 ], [ -74.1985931, 4.8175763 ], [ -74.1986124, 4.8175751 ], [ -74.1986317, 4.8175736 ], [ -74.1986509, 4.8175718 ], [ -74.1986702, 4.8175697 ], [ -74.1986894, 4.8175672 ], [ -74.1987085, 4.8175644 ], [ -74.1987276, 4.8175612 ], [ -74.1987466, 4.8175578 ], [ -74.1987656, 4.817554 ], [ -74.1987845, 4.8175499 ], [ -74.1988033, 4.8175455 ], [ -74.1988221, 4.8175407 ], [ -74.1988407, 4.8175356 ], [ -74.1988593, 4.8175302 ], [ -74.1988778, 4.8175245 ], [ -74.1988962, 4.8175185 ], [ -74.1989145, 4.8175122 ], [ -74.1989326, 4.8175055 ], [ -74.1991702, 4.8174215 ], [ -74.1994068, 4.8173346 ], [ -74.1994371, 4.8173237 ], [ -74.1994672, 4.8173122 ], [ -74.1994971, 4.8173002 ], [ -74.1995267, 4.8172878 ], [ -74.1995562, 4.8172748 ], [ -74.1995855, 4.8172613 ], [ -74.1996145, 4.8172474 ], [ -74.1996432, 4.8172329 ], [ -74.1996718, 4.817218 ], [ -74.1997, 4.8172026 ], [ -74.199728, 4.8171867 ], [ -74.1997557, 4.8171703 ], [ -74.1997832, 4.8171535 ], [ -74.1998103, 4.8171362 ], [ -74.1998372, 4.8171185 ], [ -74.1998637, 4.8171003 ], [ -74.19989, 4.8170817 ], [ -74.1999159, 4.8170626 ], [ -74.1999415, 4.8170431 ], [ -74.2000077, 4.8169908 ], [ -74.2000731, 4.8169374 ], [ -74.2001376, 4.8168831 ], [ -74.2002014, 4.8168279 ], [ -74.2002643, 4.8167717 ], [ -74.2002855, 4.8167479 ], [ -74.2003063, 4.8167238 ], [ -74.2003266, 4.8166993 ], [ -74.2003466, 4.8166745 ], [ -74.2003661, 4.8166494 ], [ -74.2003852, 4.816624 ], [ -74.2004039, 4.8165982 ], [ -74.2004221, 4.8165722 ], [ -74.2004399, 4.8165458 ], [ -74.2004573, 4.8165191 ], [ -74.2004742, 4.8164922 ], [ -74.2004906, 4.816465 ], [ -74.2005066, 4.8164375 ], [ -74.2005221, 4.8164097 ], [ -74.2005372, 4.8163817 ], [ -74.2005517, 4.8163534 ], [ -74.2005659, 4.8163249 ], [ -74.2005795, 4.8162962 ], [ -74.2005926, 4.8162672 ], [ -74.2006053, 4.8162381 ], [ -74.2006174, 4.8162087 ], [ -74.2006322, 4.8161603 ], [ -74.2006462, 4.8161118 ], [ -74.2006593, 4.8160629 ], [ -74.2006717, 4.8160139 ], [ -74.2006832, 4.8159647 ], [ -74.2006939, 4.8159153 ], [ -74.2007038, 4.8158657 ], [ -74.2007128, 4.815816 ], [ -74.200721, 4.8157661 ], [ -74.2007284, 4.8157161 ], [ -74.2007274, 4.8156734 ], [ -74.200727, 4.8156307 ], [ -74.2007274, 4.8155879 ], [ -74.2007284, 4.8155452 ], [ -74.2007301, 4.8155025 ], [ -74.2007325, 4.8154599 ], [ -74.2007357, 4.8154173 ], [ -74.2007395, 4.8153747 ], [ -74.2007439, 4.8153322 ], [ -74.2007491, 4.8152898 ], [ -74.200755, 4.8152475 ], [ -74.2007615, 4.8152053 ], [ -74.2007688, 4.8151632 ], [ -74.2007741, 4.8151471 ], [ -74.2007798, 4.8151311 ], [ -74.2007857, 4.8151153 ], [ -74.2007919, 4.8150995 ], [ -74.2007984, 4.8150838 ], [ -74.2008051, 4.8150683 ], [ -74.2008122, 4.8150529 ], [ -74.2008195, 4.8150376 ], [ -74.200827, 4.8150224 ], [ -74.2008348, 4.8150073 ], [ -74.2008429, 4.8149924 ], [ -74.2008513, 4.8149777 ], [ -74.2008599, 4.8149631 ], [ -74.2008687, 4.8149486 ], [ -74.2008778, 4.8149343 ], [ -74.2008872, 4.8149202 ], [ -74.2008968, 4.8149062 ], [ -74.2009067, 4.8148924 ], [ -74.2009167, 4.8148788 ], [ -74.2009271, 4.8148653 ], [ -74.2009376, 4.814852 ], [ -74.2009484, 4.8148389 ], [ -74.2009594, 4.814826 ], [ -74.2009707, 4.8148133 ], [ -74.2009821, 4.8148008 ], [ -74.2009938, 4.8147885 ], [ -74.2010057, 4.8147764 ], [ -74.2010178, 4.8147645 ], [ -74.2010301, 4.8147528 ], [ -74.2010426, 4.8147413 ], [ -74.2010553, 4.8147301 ], [ -74.2010682, 4.8147191 ], [ -74.2010813, 4.8147083 ], [ -74.2010946, 4.8146977 ], [ -74.2011081, 4.8146874 ], [ -74.2011217, 4.8146772 ], [ -74.2011355, 4.8146674 ], [ -74.2011495, 4.8146578 ], [ -74.2011637, 4.8146484 ], [ -74.201178, 4.8146392 ], [ -74.2011925, 4.8146304 ], [ -74.201201, 4.8146301 ], [ -74.2012096, 4.81463 ], [ -74.2012182, 4.81463 ], [ -74.2012267, 4.8146302 ], [ -74.2012353, 4.8146305 ], [ -74.2012438, 4.8146309 ], [ -74.2012524, 4.8146315 ], [ -74.2012609, 4.8146323 ], [ -74.2012694, 4.8146332 ], [ -74.2012779, 4.8146342 ], [ -74.2012864, 4.8146354 ], [ -74.2012949, 4.8146368 ], [ -74.2013033, 4.8146383 ], [ -74.2013117, 4.8146399 ], [ -74.2013201, 4.8146417 ], [ -74.2013285, 4.8146436 ], [ -74.2013368, 4.8146456 ], [ -74.2013451, 4.8146478 ], [ -74.2013533, 4.8146502 ], [ -74.2013615, 4.8146526 ], [ -74.2013696, 4.8146553 ], [ -74.2013778, 4.814658 ], [ -74.2013858, 4.8146609 ], [ -74.2013938, 4.814664 ], [ -74.2014018, 4.8146671 ], [ -74.2014097, 4.8146705 ], [ -74.2014175, 4.8146739 ], [ -74.2014253, 4.8146775 ], [ -74.201433, 4.8146812 ], [ -74.2014406, 4.814685 ], [ -74.2014482, 4.814689 ], [ -74.2014557, 4.8146931 ], [ -74.2014632, 4.8146973 ], [ -74.2014705, 4.8147017 ], [ -74.2014778, 4.8147062 ], [ -74.201485, 4.8147108 ], [ -74.201495, 4.814713 ], [ -74.201505, 4.8147151 ], [ -74.201515, 4.8147169 ], [ -74.2015251, 4.8147186 ], [ -74.2015352, 4.8147202 ], [ -74.2015453, 4.8147215 ], [ -74.2015555, 4.8147227 ], [ -74.2015656, 4.8147237 ], [ -74.2015758, 4.8147245 ], [ -74.201586, 4.8147252 ], [ -74.2015962, 4.8147257 ], [ -74.2016064, 4.814726 ], [ -74.2016166, 4.8147261 ], [ -74.2016268, 4.814726 ], [ -74.201637, 4.8147258 ], [ -74.2016472, 4.8147254 ], [ -74.2016574, 4.8147248 ], [ -74.2016676, 4.814724 ], [ -74.2016778, 4.8147231 ], [ -74.2016879, 4.814722 ], [ -74.2016981, 4.8147207 ], [ -74.2017082, 4.8147192 ], [ -74.2017182, 4.8147176 ], [ -74.2017283, 4.8147158 ], [ -74.2017383, 4.8147138 ], [ -74.2017483, 4.8147116 ], [ -74.2017582, 4.8147093 ], [ -74.2017681, 4.8147068 ], [ -74.201778, 4.8147041 ], [ -74.2017878, 4.8147013 ], [ -74.2017975, 4.8146982 ], [ -74.2018072, 4.8146951 ], [ -74.2018169, 4.8146917 ], [ -74.2018264, 4.8146882 ], [ -74.201836, 4.8146845 ], [ -74.2018454, 4.8146806 ], [ -74.2018548, 4.8146766 ], [ -74.2018641, 4.8146725 ], [ -74.2018734, 4.8146681 ], [ -74.2018825, 4.8146636 ], [ -74.2018916, 4.814659 ], [ -74.2019006, 4.8146542 ], [ -74.2019095, 4.8146492 ], [ -74.2019183, 4.8146441 ], [ -74.2019271, 4.8146388 ], [ -74.2019357, 4.8146334 ], [ -74.2019443, 4.8146278 ], [ -74.2019527, 4.8146221 ], [ -74.2019611, 4.8146163 ], [ -74.2019693, 4.8146103 ], [ -74.2019958, 4.8145767 ], [ -74.2020229, 4.8145435 ], [ -74.2020505, 4.8145108 ], [ -74.2020786, 4.8144786 ], [ -74.2021073, 4.8144468 ], [ -74.2021365, 4.8144155 ], [ -74.2021663, 4.8143847 ], [ -74.2021965, 4.8143544 ], [ -74.2022273, 4.8143246 ], [ -74.2022585, 4.8142953 ], [ -74.2022902, 4.8142665 ], [ -74.2023224, 4.8142383 ], [ -74.2023252, 4.8142293 ], [ -74.2023282, 4.8142204 ], [ -74.2023313, 4.8142115 ], [ -74.2023345, 4.8142027 ], [ -74.202338, 4.8141939 ], [ -74.2023415, 4.8141852 ], [ -74.2023452, 4.8141766 ], [ -74.2023491, 4.814168 ], [ -74.2023531, 4.8141595 ], [ -74.2023573, 4.814151 ], [ -74.2023616, 4.8141427 ], [ -74.202366, 4.8141344 ], [ -74.2023706, 4.8141262 ], [ -74.2023753, 4.814118 ], [ -74.2023802, 4.81411 ], [ -74.2023852, 4.814102 ], [ -74.2023904, 4.8140941 ], [ -74.2023956, 4.8140863 ], [ -74.2024011, 4.8140786 ], [ -74.2024066, 4.814071 ], [ -74.2024123, 4.8140635 ], [ -74.2024181, 4.8140561 ], [ -74.202424, 4.8140488 ], [ -74.2024301, 4.8140416 ], [ -74.2024363, 4.8140345 ], [ -74.2024426, 4.8140275 ], [ -74.202449, 4.8140206 ], [ -74.2024555, 4.8140138 ], [ -74.2024622, 4.8140071 ], [ -74.202469, 4.8140006 ], [ -74.2024759, 4.8139941 ], [ -74.2024828, 4.8139878 ], [ -74.20249, 4.8139816 ], [ -74.2024972, 4.8139756 ], [ -74.2025045, 4.8139696 ], [ -74.2025119, 4.8139638 ], [ -74.2025194, 4.8139581 ], [ -74.202527, 4.8139526 ], [ -74.2025347, 4.8139471 ], [ -74.2025425, 4.8139418 ], [ -74.2025504, 4.8139367 ], [ -74.2025584, 4.8139316 ], [ -74.2025664, 4.8139267 ], [ -74.2025746, 4.813922 ], [ -74.2025828, 4.8139174 ], [ -74.2025911, 4.8139129 ], [ -74.2025995, 4.8139086 ], [ -74.2026079, 4.8139044 ], [ -74.2026165, 4.8139004 ], [ -74.2026251, 4.8138965 ], [ -74.2026957, 4.8139267 ], [ -74.2028672, 4.8140071 ], [ -74.2030084, 4.8141277 ], [ -74.2032304, 4.814188 ], [ -74.2034221, 4.8141579 ], [ -74.2035431, 4.8140976 ], [ -74.203644, 4.8139669 ], [ -74.2037247, 4.8138362 ], [ -74.2037752, 4.8137256 ], [ -74.2037853, 4.8135145 ], [ -74.2036844, 4.8133436 ], [ -74.2034826, 4.813243 ], [ -74.203412, 4.8132129 ], [ -74.2032808, 4.8131425 ], [ -74.203069, 4.8130018 ], [ -74.2030488, 4.8129213 ], [ -74.2031598, 4.8127504 ], [ -74.2032606, 4.8126298 ], [ -74.2034221, 4.8124991 ], [ -74.2035129, 4.8123584 ], [ -74.2034826, 4.8122981 ], [ -74.2033918, 4.8122176 ], [ -74.2033111, 4.812097 ], [ -74.2033414, 4.8120367 ], [ -74.2034322, 4.8119562 ], [ -74.2035129, 4.8119261 ], [ -74.2037348, 4.8119462 ], [ -74.2039063, 4.8119864 ], [ -74.2041081, 4.8120166 ], [ -74.2041283, 4.8118959 ], [ -74.2041283, 4.8118155 ], [ -74.2041485, 4.8115943 ], [ -74.2041686, 4.8115742 ], [ -74.2042695, 4.8115139 ], [ -74.2045116, 4.8114335 ], [ -74.2046731, 4.8114134 ], [ -74.2049757, 4.8114134 ], [ -74.2050564, 4.8114134 ], [ -74.2053389, 4.8112927 ], [ -74.2055205, 4.8111118 ], [ -74.2057626, 4.8108504 ], [ -74.2059846, 4.8106091 ], [ -74.206146, 4.8102874 ], [ -74.2061864, 4.8098049 ], [ -74.2061258, 4.8096038 ], [ -74.2062469, 4.809262 ], [ -74.2063276, 4.8091012 ], [ -74.2065697, 4.8086789 ], [ -74.2067513, 4.8080958 ], [ -74.2067715, 4.8077741 ], [ -74.2065899, 4.807171 ] ], [ [ -74.2020651, 4.8168571 ], [ -74.2020114, 4.8168643 ], [ -74.2019576, 4.8168706 ], [ -74.2019037, 4.816876 ], [ -74.2018497, 4.8168805 ], [ -74.2017957, 4.8168841 ], [ -74.2017415, 4.8168869 ], [ -74.2016874, 4.8168888 ], [ -74.2016332, 4.8168898 ], [ -74.201579, 4.8168899 ], [ -74.2015249, 4.8168891 ], [ -74.2014707, 4.8168875 ], [ -74.2014166, 4.8168849 ], [ -74.2013625, 4.8168815 ], [ -74.2013085, 4.8168772 ], [ -74.2013007, 4.8168779 ], [ -74.2012929, 4.8168788 ], [ -74.2012852, 4.8168798 ], [ -74.2012775, 4.8168809 ], [ -74.2012697, 4.8168822 ], [ -74.201262, 4.8168836 ], [ -74.2012544, 4.8168851 ], [ -74.2012467, 4.8168868 ], [ -74.2012391, 4.8168886 ], [ -74.2012316, 4.8168905 ], [ -74.201224, 4.8168925 ], [ -74.2012165, 4.8168947 ], [ -74.201209, 4.816897 ], [ -74.2012016, 4.8168994 ], [ -74.2011942, 4.816902 ], [ -74.2011869, 4.8169047 ], [ -74.2011796, 4.8169075 ], [ -74.2011724, 4.8169105 ], [ -74.2011652, 4.8169135 ], [ -74.2011581, 4.8169167 ], [ -74.201151, 4.81692 ], [ -74.201144, 4.8169234 ], [ -74.201137, 4.816927 ], [ -74.2011301, 4.8169307 ], [ -74.2011233, 4.8169345 ], [ -74.2011165, 4.8169384 ], [ -74.2011098, 4.8169424 ], [ -74.2011032, 4.8169465 ], [ -74.2010966, 4.8169508 ], [ -74.2010902, 4.8169551 ], [ -74.2010838, 4.8169596 ], [ -74.2010774, 4.8169642 ], [ -74.2010712, 4.8169689 ], [ -74.201065, 4.8169737 ], [ -74.201059, 4.8169786 ], [ -74.201053, 4.8169836 ], [ -74.2010471, 4.8169887 ], [ -74.2010413, 4.8169939 ], [ -74.2010355, 4.8169992 ], [ -74.2010299, 4.8170046 ], [ -74.2010244, 4.8170101 ], [ -74.2010189, 4.8170157 ], [ -74.2010136, 4.8170214 ], [ -74.2010084, 4.8170272 ], [ -74.2010032, 4.8170331 ], [ -74.2009982, 4.817039 ], [ -74.2009933, 4.8170451 ], [ -74.2009884, 4.8170512 ], [ -74.2009837, 4.8170574 ], [ -74.2009791, 4.8170637 ], [ -74.2009746, 4.8170701 ], [ -74.2009702, 4.8170765 ], [ -74.2009659, 4.817083 ], [ -74.2009618, 4.8170896 ], [ -74.2009577, 4.8170963 ], [ -74.2009538, 4.817103 ], [ -74.20095, 4.8171098 ], [ -74.2009463, 4.8171167 ], [ -74.2009427, 4.8171236 ], [ -74.2009392, 4.8171306 ], [ -74.2009359, 4.8171376 ], [ -74.2009327, 4.8171447 ], [ -74.2009296, 4.8171519 ], [ -74.2009266, 4.8171591 ], [ -74.2009238, 4.8171663 ], [ -74.2009211, 4.8171737 ], [ -74.2009185, 4.817181 ], [ -74.200916, 4.8171884 ], [ -74.2009137, 4.8171958 ], [ -74.2009115, 4.8172033 ], [ -74.2009094, 4.8172108 ], [ -74.2009075, 4.8172184 ], [ -74.2009057, 4.8172259 ], [ -74.200904, 4.8172335 ], [ -74.2009024, 4.8172412 ], [ -74.200901, 4.8172488 ], [ -74.2008998, 4.8172565 ], [ -74.2008986, 4.8172642 ], [ -74.2008976, 4.817272 ], [ -74.2008967, 4.8172797 ], [ -74.200896, 4.8172875 ], [ -74.2008954, 4.8172952 ], [ -74.2008949, 4.817303 ], [ -74.2008945, 4.8173108 ], [ -74.2008943, 4.8173186 ], [ -74.2008943, 4.8173264 ], [ -74.2008943, 4.8173341 ], [ -74.2008945, 4.8173419 ], [ -74.2008949, 4.8173497 ], [ -74.2009039, 4.8173713 ], [ -74.2009125, 4.817393 ], [ -74.2009207, 4.8174149 ], [ -74.2009286, 4.8174369 ], [ -74.2009362, 4.8174591 ], [ -74.2009433, 4.8174813 ], [ -74.2009501, 4.8175037 ], [ -74.2009564, 4.8175262 ], [ -74.2009625, 4.8175488 ], [ -74.2009681, 4.8175715 ], [ -74.2009733, 4.8175943 ], [ -74.2009782, 4.8176172 ], [ -74.2009826, 4.8176401 ], [ -74.2009867, 4.8176631 ], [ -74.2009904, 4.8176862 ], [ -74.2009937, 4.8177094 ], [ -74.2009966, 4.8177326 ], [ -74.2009991, 4.8177558 ], [ -74.2010013, 4.8177791 ], [ -74.201003, 4.8178024 ], [ -74.2010043, 4.8178257 ], [ -74.2010053, 4.8178491 ], [ -74.2010058, 4.8178725 ], [ -74.2010102, 4.8178777 ], [ -74.2010144, 4.817883 ], [ -74.2010186, 4.8178884 ], [ -74.2010226, 4.8178939 ], [ -74.2010266, 4.8178994 ], [ -74.2010304, 4.817905 ], [ -74.2010342, 4.8179107 ], [ -74.2010379, 4.8179164 ], [ -74.2010414, 4.8179222 ], [ -74.2010449, 4.8179281 ], [ -74.2010483, 4.817934 ], [ -74.2010515, 4.81794 ], [ -74.2010547, 4.817946 ], [ -74.2010577, 4.8179521 ], [ -74.2010607, 4.8179582 ], [ -74.2010635, 4.8179644 ], [ -74.2010662, 4.8179706 ], [ -74.2010689, 4.8179769 ], [ -74.2010714, 4.8179832 ], [ -74.2010738, 4.8179896 ], [ -74.2010761, 4.817996 ], [ -74.2010782, 4.8180024 ], [ -74.2010803, 4.8180089 ], [ -74.2010823, 4.8180154 ], [ -74.2010841, 4.8180219 ], [ -74.2010858, 4.8180285 ], [ -74.2010875, 4.8180351 ], [ -74.201089, 4.8180417 ], [ -74.2010903, 4.8180484 ], [ -74.2010916, 4.8180551 ], [ -74.2010928, 4.8180618 ], [ -74.2010938, 4.8180685 ], [ -74.2010947, 4.8180752 ], [ -74.2010955, 4.818082 ], [ -74.2010962, 4.8180887 ], [ -74.2010968, 4.8180955 ], [ -74.2010972, 4.8181023 ], [ -74.2010976, 4.8181091 ], [ -74.2010978, 4.8181159 ], [ -74.2010979, 4.8181227 ], [ -74.2010979, 4.8181295 ], [ -74.2010977, 4.8181363 ], [ -74.2010975, 4.8181431 ], [ -74.2010971, 4.8181498 ], [ -74.2010966, 4.8181566 ], [ -74.201096, 4.8181634 ], [ -74.2010953, 4.8181702 ], [ -74.2010944, 4.8181769 ], [ -74.2010935, 4.8181836 ], [ -74.2010924, 4.8181903 ], [ -74.2010912, 4.818197 ], [ -74.2010899, 4.8182037 ], [ -74.2010884, 4.8182103 ], [ -74.2010869, 4.818217 ], [ -74.2010853, 4.8182236 ], [ -74.2010835, 4.8182301 ], [ -74.2010816, 4.8182367 ], [ -74.2010796, 4.8182432 ], [ -74.2010775, 4.8182496 ], [ -74.2010753, 4.818256 ], [ -74.2010729, 4.8182624 ], [ -74.2010705, 4.8182688 ], [ -74.201068, 4.8182751 ], [ -74.2010653, 4.8182813 ], [ -74.2010625, 4.8182876 ], [ -74.2010597, 4.8182937 ], [ -74.2010567, 4.8182998 ], [ -74.2010536, 4.8183059 ], [ -74.2010504, 4.8183119 ], [ -74.2010471, 4.8183178 ], [ -74.2010437, 4.8183237 ], [ -74.2010402, 4.8183296 ], [ -74.2010366, 4.8183353 ], [ -74.2010329, 4.8183411 ], [ -74.2010291, 4.8183467 ], [ -74.2010252, 4.8183523 ], [ -74.2010212, 4.8183578 ], [ -74.2010171, 4.8183632 ], [ -74.2010129, 4.8183686 ], [ -74.2010087, 4.8183739 ], [ -74.2010043, 4.8183791 ], [ -74.2009998, 4.8183843 ], [ -74.2009953, 4.8183893 ], [ -74.2009907, 4.8183943 ], [ -74.200986, 4.8183992 ], [ -74.2009812, 4.8184041 ], [ -74.2009763, 4.8184088 ], [ -74.2009713, 4.8184135 ], [ -74.2009663, 4.818418 ], [ -74.2009611, 4.8184225 ], [ -74.2009559, 4.8184269 ], [ -74.2009507, 4.8184312 ], [ -74.2009453, 4.8184354 ], [ -74.200898, 4.8184722 ], [ -74.2008513, 4.8185097 ], [ -74.2008053, 4.8185481 ], [ -74.2007599, 4.8185872 ], [ -74.2007153, 4.8186271 ], [ -74.2006713, 4.8186678 ], [ -74.200628, 4.8187092 ], [ -74.2005855, 4.8187513 ], [ -74.2005436, 4.8187942 ], [ -74.2005026, 4.8188378 ], [ -74.2004623, 4.8188821 ], [ -74.2004227, 4.818927 ], [ -74.200384, 4.8189727 ], [ -74.200346, 4.819019 ], [ -74.2003089, 4.8190659 ], [ -74.2002725, 4.8191135 ], [ -74.200237, 4.8191616 ], [ -74.2002023, 4.8192104 ], [ -74.2001685, 4.8192598 ], [ -74.2001642, 4.8192679 ], [ -74.20016, 4.819276 ], [ -74.200156, 4.8192842 ], [ -74.2001521, 4.8192925 ], [ -74.2001484, 4.8193009 ], [ -74.2001448, 4.8193093 ], [ -74.2001414, 4.8193177 ], [ -74.2001381, 4.8193263 ], [ -74.2001349, 4.8193349 ], [ -74.200132, 4.8193435 ], [ -74.2001291, 4.8193522 ], [ -74.2001264, 4.8193609 ], [ -74.2001239, 4.8193697 ], [ -74.2001215, 4.8193786 ], [ -74.2001193, 4.8193874 ], [ -74.2001172, 4.8193963 ], [ -74.2001153, 4.8194053 ], [ -74.2001135, 4.8194142 ], [ -74.2001119, 4.8194232 ], [ -74.2001105, 4.8194323 ], [ -74.2001092, 4.8194413 ], [ -74.200108, 4.8194504 ], [ -74.200107, 4.8194595 ], [ -74.2001062, 4.8194686 ], [ -74.2001056, 4.8194777 ], [ -74.2001051, 4.8194868 ], [ -74.2001047, 4.8194959 ], [ -74.2001045, 4.8195051 ], [ -74.2001045, 4.8195142 ], [ -74.2001046, 4.8195234 ], [ -74.2001049, 4.8195325 ], [ -74.2001054, 4.8195416 ], [ -74.200106, 4.8195508 ], [ -74.2001067, 4.8195599 ], [ -74.2001077, 4.819569 ], [ -74.2001087, 4.819578 ], [ -74.20011, 4.8195871 ], [ -74.2001114, 4.8195961 ], [ -74.2001129, 4.8196051 ], [ -74.2001146, 4.8196141 ], [ -74.2001165, 4.8196231 ], [ -74.2001185, 4.819632 ], [ -74.2001207, 4.8196409 ], [ -74.200123, 4.8196497 ], [ -74.2001255, 4.8196585 ], [ -74.2001282, 4.8196673 ], [ -74.2001309, 4.819676 ], [ -74.2001339, 4.8196846 ], [ -74.200137, 4.8196932 ], [ -74.2001402, 4.8197018 ], [ -74.2001436, 4.8197103 ], [ -74.2001471, 4.8197187 ], [ -74.2001508, 4.8197271 ], [ -74.2001546, 4.8197354 ], [ -74.2001586, 4.8197436 ], [ -74.2001627, 4.8197518 ], [ -74.200167, 4.8197599 ], [ -74.2001714, 4.8197679 ], [ -74.2001759, 4.8197759 ], [ -74.2001806, 4.8197837 ], [ -74.2001854, 4.8197915 ], [ -74.2001903, 4.8197992 ], [ -74.2001954, 4.8198069 ], [ -74.2002006, 4.8198144 ], [ -74.2002059, 4.8198218 ], [ -74.2002114, 4.8198292 ], [ -74.200217, 4.8198364 ], [ -74.2002227, 4.8198436 ], [ -74.2002285, 4.8198506 ], [ -74.2002345, 4.8198576 ], [ -74.2002406, 4.8198644 ], [ -74.2002468, 4.8198711 ], [ -74.2002531, 4.8198778 ], [ -74.2002595, 4.8198843 ], [ -74.200266, 4.8198907 ], [ -74.2002727, 4.819897 ], [ -74.2002795, 4.8199032 ], [ -74.2002999, 4.8199103 ], [ -74.2003205, 4.8199171 ], [ -74.2003412, 4.8199236 ], [ -74.2003621, 4.8199297 ], [ -74.200383, 4.8199354 ], [ -74.200404, 4.8199408 ], [ -74.2004251, 4.8199458 ], [ -74.2004463, 4.8199505 ], [ -74.2004676, 4.8199548 ], [ -74.2004889, 4.8199588 ], [ -74.2005103, 4.8199624 ], [ -74.2005317, 4.8199656 ], [ -74.2005533, 4.8199684 ], [ -74.2005748, 4.8199709 ], [ -74.2005964, 4.819973 ], [ -74.200618, 4.8199748 ], [ -74.2006397, 4.8199762 ], [ -74.2006614, 4.8199772 ], [ -74.2006831, 4.8199778 ], [ -74.2007048, 4.8199781 ], [ -74.2007265, 4.819978 ], [ -74.2007482, 4.8199776 ], [ -74.2007698, 4.8199767 ], [ -74.2007915, 4.8199755 ], [ -74.2008131, 4.819974 ], [ -74.2008348, 4.819972 ], [ -74.2008563, 4.8199697 ], [ -74.2008779, 4.8199671 ], [ -74.2008994, 4.819964 ], [ -74.2009208, 4.8199606 ], [ -74.2009422, 4.8199569 ], [ -74.2009635, 4.8199527 ], [ -74.2009847, 4.8199482 ], [ -74.2010058, 4.8199434 ], [ -74.2010577, 4.8199085 ], [ -74.201109, 4.8198728 ], [ -74.2011598, 4.8198364 ], [ -74.20121, 4.8197991 ], [ -74.2012595, 4.819761 ], [ -74.2013085, 4.8197222 ], [ -74.2013206, 4.8197152 ], [ -74.2013325, 4.8197081 ], [ -74.2013443, 4.8197007 ], [ -74.201356, 4.8196931 ], [ -74.2013676, 4.8196853 ], [ -74.201379, 4.8196773 ], [ -74.2013903, 4.8196691 ], [ -74.2014014, 4.8196608 ], [ -74.2014124, 4.8196522 ], [ -74.2014233, 4.8196435 ], [ -74.201434, 4.8196345 ], [ -74.2014445, 4.8196254 ], [ -74.2014549, 4.8196162 ], [ -74.2014651, 4.8196067 ], [ -74.2014752, 4.8195971 ], [ -74.2014851, 4.8195873 ], [ -74.2014948, 4.8195773 ], [ -74.2015044, 4.8195672 ], [ -74.2015137, 4.8195569 ], [ -74.2015229, 4.8195464 ], [ -74.201532, 4.8195358 ], [ -74.2015408, 4.819525 ], [ -74.2015494, 4.8195141 ], [ -74.2015579, 4.8195031 ], [ -74.2015662, 4.8194919 ], [ -74.2015742, 4.8194805 ], [ -74.2015821, 4.8194691 ], [ -74.2015898, 4.8194575 ], [ -74.2015973, 4.8194457 ], [ -74.2016046, 4.8194339 ], [ -74.2016116, 4.8194219 ], [ -74.2016185, 4.8194098 ], [ -74.2016252, 4.8193976 ], [ -74.2016316, 4.8193852 ], [ -74.2016379, 4.8193728 ], [ -74.2016439, 4.8193603 ], [ -74.2016497, 4.8193476 ], [ -74.2016553, 4.8193349 ], [ -74.2016606, 4.819322 ], [ -74.2016658, 4.8193091 ], [ -74.2016707, 4.8192961 ], [ -74.2016754, 4.819283 ], [ -74.2016799, 4.8192698 ], [ -74.2016841, 4.8192566 ], [ -74.2016882, 4.8192433 ], [ -74.201692, 4.8192299 ], [ -74.2016955, 4.8192165 ], [ -74.2016989, 4.819203 ], [ -74.201702, 4.8191894 ], [ -74.2017355, 4.8191112 ], [ -74.2017704, 4.8190335 ], [ -74.2018065, 4.8189564 ], [ -74.201844, 4.81888 ], [ -74.2018828, 4.8188042 ], [ -74.2019228, 4.818729 ], [ -74.2019641, 4.8186546 ], [ -74.2020066, 4.8185808 ], [ -74.2020504, 4.8185077 ], [ -74.2020954, 4.8184354 ], [ -74.2021142, 4.8184139 ], [ -74.2021325, 4.8183921 ], [ -74.2021505, 4.8183699 ], [ -74.2021682, 4.8183475 ], [ -74.2021854, 4.8183247 ], [ -74.2022022, 4.8183016 ], [ -74.2022186, 4.8182783 ], [ -74.2022346, 4.8182547 ], [ -74.2022502, 4.8182308 ], [ -74.2022654, 4.8182066 ], [ -74.2022801, 4.8181822 ], [ -74.2022944, 4.8181575 ], [ -74.2023083, 4.8181326 ], [ -74.2023218, 4.8181074 ], [ -74.2023348, 4.818082 ], [ -74.2023473, 4.8180564 ], [ -74.2023595, 4.8180306 ], [ -74.2023711, 4.8180046 ], [ -74.2023823, 4.8179784 ], [ -74.2023931, 4.817952 ], [ -74.2024034, 4.8179254 ], [ -74.2024132, 4.8178986 ], [ -74.2024226, 4.8178717 ], [ -74.2024315, 4.8178446 ], [ -74.2024399, 4.8178173 ], [ -74.2024478, 4.81779 ], [ -74.2024553, 4.8177624 ], [ -74.2024623, 4.8177348 ], [ -74.2024688, 4.817707 ], [ -74.2024748, 4.8176792 ], [ -74.2024803, 4.8176512 ], [ -74.2024854, 4.8176232 ], [ -74.2024899, 4.817595 ], [ -74.202494, 4.8175668 ], [ -74.2024976, 4.8175385 ], [ -74.2025006, 4.8175102 ], [ -74.2025032, 4.8174818 ], [ -74.2025053, 4.8174534 ], [ -74.2025069, 4.8174249 ], [ -74.202508, 4.8173964 ], [ -74.2025086, 4.8173679 ], [ -74.2025087, 4.8173394 ], [ -74.2025083, 4.8173109 ], [ -74.2025075, 4.8172824 ], [ -74.2025061, 4.817254 ], [ -74.2025042, 4.8172255 ], [ -74.2025018, 4.8171971 ], [ -74.202499, 4.8171688 ], [ -74.2020651, 4.8168571 ] ], [ [ -74.1962541, 4.8192698 ], [ -74.196022, 4.8193402 ], [ -74.1959688, 4.8194422 ], [ -74.1959173, 4.8195451 ], [ -74.1958675, 4.8196488 ], [ -74.1958194, 4.8197533 ], [ -74.1957731, 4.8198586 ], [ -74.1957285, 4.8199647 ], [ -74.1956857, 4.8200714 ], [ -74.1956447, 4.8201789 ], [ -74.1956055, 4.820287 ], [ -74.195568, 4.8203958 ], [ -74.1955057, 4.8204533 ], [ -74.1954443, 4.8205119 ], [ -74.1953839, 4.8205715 ], [ -74.1953245, 4.8206321 ], [ -74.1952661, 4.8206937 ], [ -74.1952088, 4.8207562 ], [ -74.1951524, 4.8208196 ], [ -74.1950972, 4.820884 ], [ -74.195043, 4.8209492 ], [ -74.1949899, 4.8210154 ], [ -74.1949379, 4.8210824 ], [ -74.1948871, 4.8211502 ], [ -74.1948373, 4.8212189 ], [ -74.1947887, 4.8212884 ], [ -74.1947413, 4.8213587 ], [ -74.194695, 4.8214298 ], [ -74.19465, 4.8215016 ], [ -74.1937622, 4.8240953 ], [ -74.1933485, 4.8252513 ], [ -74.1929248, 4.826136 ], [ -74.1919059, 4.8281767 ], [ -74.1917041, 4.8286392 ], [ -74.1909474, 4.8302878 ], [ -74.1907457, 4.8307804 ], [ -74.1907383, 4.8307877 ], [ -74.1907311, 4.8307951 ], [ -74.1907241, 4.8308026 ], [ -74.1907171, 4.8308103 ], [ -74.1907103, 4.8308181 ], [ -74.1907037, 4.830826 ], [ -74.1906971, 4.830834 ], [ -74.1906908, 4.8308421 ], [ -74.1906845, 4.8308503 ], [ -74.1906784, 4.8308586 ], [ -74.1906725, 4.8308671 ], [ -74.1906667, 4.8308756 ], [ -74.190661, 4.8308843 ], [ -74.1906555, 4.830893 ], [ -74.1906502, 4.8309018 ], [ -74.190645, 4.8309107 ], [ -74.1906399, 4.8309198 ], [ -74.1906351, 4.8309289 ], [ -74.1906303, 4.830938 ], [ -74.1906258, 4.8309473 ], [ -74.1906214, 4.8309566 ], [ -74.1906172, 4.8309661 ], [ -74.1906131, 4.8309755 ], [ -74.1906092, 4.8309851 ], [ -74.1906055, 4.8309947 ], [ -74.1906019, 4.8310044 ], [ -74.1905985, 4.8310141 ], [ -74.1905953, 4.8310239 ], [ -74.1905922, 4.8310338 ], [ -74.1905894, 4.8310437 ], [ -74.1905867, 4.8310537 ], [ -74.1905841, 4.8310637 ], [ -74.1905818, 4.8310737 ], [ -74.1905796, 4.8310838 ], [ -74.1905776, 4.8310939 ], [ -74.1905758, 4.8311041 ], [ -74.1905741, 4.8311142 ], [ -74.1905727, 4.8311245 ], [ -74.1905714, 4.8311347 ], [ -74.1905703, 4.8311449 ], [ -74.1905693, 4.8311552 ], [ -74.1905686, 4.8311655 ], [ -74.190568, 4.8311758 ], [ -74.1905676, 4.8311861 ], [ -74.1905674, 4.8311964 ], [ -74.1905674, 4.8312067 ], [ -74.1905675, 4.831217 ], [ -74.1905679, 4.8312274 ], [ -74.1905684, 4.8312377 ], [ -74.1905691, 4.8312479 ], [ -74.1905699, 4.8312582 ], [ -74.190571, 4.8312685 ], [ -74.1905722, 4.8312787 ], [ -74.1905736, 4.8312889 ], [ -74.1905752, 4.8312991 ], [ -74.190577, 4.8313093 ], [ -74.1905789, 4.8313194 ], [ -74.190581, 4.8313295 ], [ -74.1905833, 4.8313396 ], [ -74.1905858, 4.8313496 ], [ -74.1905885, 4.8313596 ], [ -74.1905913, 4.8313695 ], [ -74.1905943, 4.8313794 ], [ -74.1905974, 4.8313892 ], [ -74.1906008, 4.8313989 ], [ -74.1906043, 4.8314087 ], [ -74.1906079, 4.8314183 ], [ -74.1906118, 4.8314279 ], [ -74.1906158, 4.8314374 ], [ -74.19062, 4.8314468 ], [ -74.1906243, 4.8314562 ], [ -74.1906288, 4.8314655 ], [ -74.1906335, 4.8314747 ], [ -74.1906383, 4.8314838 ], [ -74.1906433, 4.8314928 ], [ -74.1906484, 4.8315018 ], [ -74.1906537, 4.8315107 ], [ -74.1906592, 4.8315194 ], [ -74.1906648, 4.8315281 ], [ -74.1906705, 4.8315367 ], [ -74.1906764, 4.8315451 ], [ -74.1906825, 4.8315535 ], [ -74.1906887, 4.8315618 ], [ -74.190695, 4.8315699 ], [ -74.1907015, 4.831578 ], [ -74.1907081, 4.8315859 ], [ -74.1907149, 4.8315937 ], [ -74.1907218, 4.8316014 ], [ -74.1907288, 4.831609 ], [ -74.1907359, 4.8316164 ], [ -74.1907432, 4.8316238 ], [ -74.1907506, 4.8316309 ], [ -74.1907582, 4.831638 ], [ -74.1907658, 4.831645 ], [ -74.1908012, 4.8316437 ], [ -74.1908365, 4.8316418 ], [ -74.1908717, 4.8316393 ], [ -74.1909069, 4.8316362 ], [ -74.1909421, 4.8316325 ], [ -74.1909772, 4.8316282 ], [ -74.1910122, 4.8316233 ], [ -74.1910471, 4.8316178 ], [ -74.1910819, 4.8316117 ], [ -74.1911166, 4.8316051 ], [ -74.1911512, 4.8315978 ], [ -74.1911856, 4.8315899 ], [ -74.1912199, 4.8315814 ], [ -74.1912541, 4.8315724 ], [ -74.1912881, 4.8315627 ], [ -74.1913219, 4.8315525 ], [ -74.1913556, 4.8315417 ], [ -74.191389, 4.8315304 ], [ -74.1914223, 4.8315184 ], [ -74.1914553, 4.8315059 ], [ -74.1914881, 4.8314928 ], [ -74.1915207, 4.8314792 ], [ -74.1915531, 4.831465 ], [ -74.1915851, 4.8314503 ], [ -74.191617, 4.831435 ], [ -74.1916486, 4.8314191 ], [ -74.1916798, 4.8314027 ], [ -74.1917109, 4.8313858 ], [ -74.1917416, 4.8313684 ], [ -74.191772, 4.8313504 ], [ -74.1918021, 4.831332 ], [ -74.1918318, 4.831313 ], [ -74.1918612, 4.8312935 ], [ -74.1918903, 4.8312735 ], [ -74.1919191, 4.831253 ], [ -74.1919475, 4.831232 ], [ -74.1919755, 4.8312105 ], [ -74.1920031, 4.8311885 ], [ -74.1920304, 4.8311661 ], [ -74.1920572, 4.8311432 ], [ -74.1920837, 4.8311199 ], [ -74.1921098, 4.8310961 ], [ -74.1921354, 4.8310719 ], [ -74.1921606, 4.8310472 ], [ -74.1921854, 4.8310221 ], [ -74.1922098, 4.8309966 ], [ -74.1922337, 4.8309706 ], [ -74.1922572, 4.8309443 ], [ -74.1922802, 4.8309175 ], [ -74.1923027, 4.8308904 ], [ -74.1923248, 4.8308629 ], [ -74.1923464, 4.830835 ], [ -74.1923675, 4.8308068 ], [ -74.1923881, 4.8307782 ], [ -74.1924082, 4.8307492 ], [ -74.1924278, 4.8307199 ], [ -74.1924469, 4.8306903 ], [ -74.1924655, 4.8306603 ], [ -74.1924836, 4.83063 ], [ -74.1925011, 4.8305995 ], [ -74.1935402, 4.8299259 ], [ -74.1935636, 4.8299196 ], [ -74.1935869, 4.8299129 ], [ -74.1936101, 4.8299058 ], [ -74.1936332, 4.8298983 ], [ -74.1936561, 4.8298903 ], [ -74.1936789, 4.829882 ], [ -74.1937015, 4.8298733 ], [ -74.193724, 4.8298643 ], [ -74.1937463, 4.8298548 ], [ -74.1937684, 4.829845 ], [ -74.1937904, 4.8298347 ], [ -74.1938122, 4.8298241 ], [ -74.1938338, 4.8298132 ], [ -74.1938552, 4.8298018 ], [ -74.1938764, 4.8297901 ], [ -74.1938974, 4.829778 ], [ -74.1939182, 4.8297656 ], [ -74.1939388, 4.8297528 ], [ -74.1939592, 4.8297397 ], [ -74.1939793, 4.8297262 ], [ -74.1939992, 4.8297123 ], [ -74.1940188, 4.8296982 ], [ -74.1940382, 4.8296837 ], [ -74.1940574, 4.8296688 ], [ -74.1940762, 4.8296537 ], [ -74.1940949, 4.8296382 ], [ -74.1941132, 4.8296224 ], [ -74.1941313, 4.8296063 ], [ -74.1941491, 4.8295898 ], [ -74.1941666, 4.8295731 ], [ -74.1941838, 4.8295561 ], [ -74.1942007, 4.8295388 ], [ -74.1942173, 4.8295211 ], [ -74.1942336, 4.8295033 ], [ -74.1942496, 4.8294851 ], [ -74.1942653, 4.8294666 ], [ -74.1942806, 4.8294479 ], [ -74.1942956, 4.829429 ], [ -74.1943103, 4.8294097 ], [ -74.1943247, 4.8293903 ], [ -74.1943387, 4.8293706 ], [ -74.1943524, 4.8293506 ], [ -74.1943657, 4.8293304 ], [ -74.1943787, 4.82931 ], [ -74.1943913, 4.8292894 ], [ -74.1944036, 4.8292685 ], [ -74.1944155, 4.8292475 ], [ -74.1944271, 4.8292262 ], [ -74.1944382, 4.8292048 ], [ -74.194449, 4.8291831 ], [ -74.1944594, 4.8291613 ], [ -74.1944695, 4.8291393 ], [ -74.1944791, 4.8291171 ], [ -74.1944884, 4.8290948 ], [ -74.1944973, 4.8290723 ], [ -74.1945058, 4.8290497 ], [ -74.1945139, 4.8290269 ], [ -74.1945216, 4.829004 ], [ -74.1945289, 4.828981 ], [ -74.1945252, 4.8289598 ], [ -74.1945218, 4.8289386 ], [ -74.1945188, 4.8289173 ], [ -74.1945162, 4.8288959 ], [ -74.1945139, 4.8288746 ], [ -74.1945121, 4.8288532 ], [ -74.1945105, 4.8288317 ], [ -74.1945094, 4.8288103 ], [ -74.1945086, 4.8287888 ], [ -74.1945082, 4.8287673 ], [ -74.1945082, 4.8287458 ], [ -74.1945085, 4.8287243 ], [ -74.1945092, 4.8287028 ], [ -74.1945103, 4.8286814 ], [ -74.1945117, 4.8286599 ], [ -74.1945136, 4.8286385 ], [ -74.1945158, 4.8286171 ], [ -74.1945183, 4.8285958 ], [ -74.1945212, 4.8285745 ], [ -74.1945245, 4.8285533 ], [ -74.1945282, 4.8285321 ], [ -74.1945322, 4.828511 ], [ -74.1945366, 4.8284899 ], [ -74.1945414, 4.828469 ], [ -74.1945465, 4.8284481 ], [ -74.194552, 4.8284273 ], [ -74.1945578, 4.8284066 ], [ -74.194564, 4.828386 ], [ -74.1945705, 4.8283656 ], [ -74.1945774, 4.8283452 ], [ -74.1945847, 4.8283249 ], [ -74.1945923, 4.8283048 ], [ -74.1946002, 4.8282849 ], [ -74.1946085, 4.828265 ], [ -74.1946172, 4.8282453 ], [ -74.1946261, 4.8282258 ], [ -74.1946354, 4.8282064 ], [ -74.1946451, 4.8281872 ], [ -74.194655, 4.8281681 ], [ -74.1946653, 4.8281492 ], [ -74.194676, 4.8281305 ], [ -74.1946869, 4.828112 ], [ -74.1946982, 4.8280937 ], [ -74.1947098, 4.8280755 ], [ -74.1947216, 4.8280576 ], [ -74.1947338, 4.8280399 ], [ -74.1947463, 4.8280224 ], [ -74.1947591, 4.8280051 ], [ -74.1947723, 4.827988 ], [ -74.1947856, 4.8279712 ], [ -74.1947993, 4.8279546 ], [ -74.1948133, 4.8279382 ], [ -74.1948275, 4.827922 ], [ -74.1948421, 4.8279062 ], [ -74.1948569, 4.8278905 ], [ -74.1948719, 4.8278751 ], [ -74.194885, 4.8278719 ], [ -74.1948982, 4.8278689 ], [ -74.1949114, 4.8278661 ], [ -74.1949246, 4.8278635 ], [ -74.1949379, 4.8278611 ], [ -74.1949512, 4.827859 ], [ -74.1949646, 4.8278571 ], [ -74.194978, 4.8278555 ], [ -74.1949914, 4.827854 ], [ -74.1950049, 4.8278528 ], [ -74.1950183, 4.8278519 ], [ -74.1950318, 4.8278511 ], [ -74.1950453, 4.8278506 ], [ -74.1950588, 4.8278504 ], [ -74.1950723, 4.8278503 ], [ -74.1950858, 4.8278505 ], [ -74.1950993, 4.8278509 ], [ -74.1951127, 4.8278516 ], [ -74.1951262, 4.8278524 ], [ -74.1951397, 4.8278535 ], [ -74.1951531, 4.8278549 ], [ -74.1951665, 4.8278565 ], [ -74.1951799, 4.8278583 ], [ -74.1951932, 4.8278603 ], [ -74.1952065, 4.8278625 ], [ -74.1952198, 4.827865 ], [ -74.195233, 4.8278677 ], [ -74.1952462, 4.8278707 ], [ -74.1952593, 4.8278738 ], [ -74.1952723, 4.8278772 ], [ -74.1952853, 4.8278808 ], [ -74.1952983, 4.8278847 ], [ -74.1953111, 4.8278887 ], [ -74.1953239, 4.827893 ], [ -74.1953367, 4.8278975 ], [ -74.1953493, 4.8279022 ], [ -74.1953619, 4.8279071 ], [ -74.1953743, 4.8279123 ], [ -74.1953867, 4.8279176 ], [ -74.195399, 4.8279232 ], [ -74.1954112, 4.827929 ], [ -74.1954233, 4.827935 ], [ -74.1954353, 4.8279412 ], [ -74.1954471, 4.8279475 ], [ -74.1954589, 4.8279541 ], [ -74.1954705, 4.8279609 ], [ -74.1954821, 4.8279679 ], [ -74.1954935, 4.8279751 ], [ -74.1955047, 4.8279825 ], [ -74.1955159, 4.8279901 ], [ -74.1955269, 4.8279979 ], [ -74.1955378, 4.8280058 ], [ -74.1955411, 4.8280099 ], [ -74.1955444, 4.8280138 ], [ -74.1955478, 4.8280177 ], [ -74.1955513, 4.8280216 ], [ -74.1955548, 4.8280254 ], [ -74.1955584, 4.8280291 ], [ -74.1955621, 4.8280327 ], [ -74.1955658, 4.8280363 ], [ -74.1955696, 4.8280399 ], [ -74.1955735, 4.8280433 ], [ -74.1955774, 4.8280467 ], [ -74.1955814, 4.8280501 ], [ -74.1955854, 4.8280533 ], [ -74.1955895, 4.8280565 ], [ -74.1955937, 4.8280596 ], [ -74.1955979, 4.8280627 ], [ -74.1956021, 4.8280657 ], [ -74.1956064, 4.8280686 ], [ -74.1956108, 4.8280714 ], [ -74.1956152, 4.8280741 ], [ -74.1956196, 4.8280768 ], [ -74.1956241, 4.8280794 ], [ -74.1956287, 4.8280819 ], [ -74.1956332, 4.8280843 ], [ -74.1956379, 4.8280867 ], [ -74.1956425, 4.828089 ], [ -74.1956472, 4.8280912 ], [ -74.195652, 4.8280933 ], [ -74.1956568, 4.8280953 ], [ -74.1956616, 4.8280973 ], [ -74.1956664, 4.8280991 ], [ -74.1956713, 4.8281009 ], [ -74.1956762, 4.8281026 ], [ -74.1956811, 4.8281042 ], [ -74.1956861, 4.8281057 ], [ -74.1956911, 4.8281071 ], [ -74.1956961, 4.8281085 ], [ -74.1957012, 4.8281098 ], [ -74.1957062, 4.8281109 ], [ -74.1957113, 4.828112 ], [ -74.1957164, 4.828113 ], [ -74.1957215, 4.8281139 ], [ -74.1957266, 4.8281147 ], [ -74.1957318, 4.8281155 ], [ -74.1957369, 4.8281161 ], [ -74.1957421, 4.8281167 ], [ -74.1957473, 4.8281171 ], [ -74.1957524, 4.8281175 ], [ -74.1957576, 4.8281178 ], [ -74.1957628, 4.828118 ], [ -74.195768, 4.8281181 ], [ -74.1957732, 4.8281181 ], [ -74.1957784, 4.828118 ], [ -74.1957836, 4.8281178 ], [ -74.1957888, 4.8281176 ], [ -74.195794, 4.8281172 ], [ -74.1957991, 4.8281168 ], [ -74.1958043, 4.8281163 ], [ -74.1958095, 4.8281157 ], [ -74.1958146, 4.828115 ], [ -74.1958198, 4.8281142 ], [ -74.1958249, 4.8281133 ], [ -74.19583, 4.8281123 ], [ -74.1958351, 4.8281112 ], [ -74.1958401, 4.8281101 ], [ -74.1958452, 4.8281089 ], [ -74.1958502, 4.8281075 ], [ -74.1958552, 4.8281061 ], [ -74.1958602, 4.8281046 ], [ -74.1958651, 4.828103 ], [ -74.19587, 4.8281014 ], [ -74.1958749, 4.8280996 ], [ -74.1958798, 4.8280978 ], [ -74.1958846, 4.8280959 ], [ -74.1958894, 4.8280938 ], [ -74.1958941, 4.8280918 ], [ -74.1958988, 4.8280896 ], [ -74.1959035, 4.8280873 ], [ -74.1959082, 4.828085 ], [ -74.1959128, 4.8280826 ], [ -74.1959173, 4.8280801 ], [ -74.1959218, 4.8280775 ], [ -74.1959263, 4.8280749 ], [ -74.1959307, 4.8280722 ], [ -74.1959351, 4.8280694 ], [ -74.1959394, 4.8280665 ], [ -74.1959437, 4.8280635 ], [ -74.1959479, 4.8280605 ], [ -74.195952, 4.8280574 ], [ -74.1959561, 4.8280542 ], [ -74.1959602, 4.828051 ], [ -74.1959642, 4.8280477 ], [ -74.1959681, 4.8280443 ], [ -74.195972, 4.8280408 ], [ -74.1959758, 4.8280373 ], [ -74.1959796, 4.8280338 ], [ -74.1959832, 4.8280301 ], [ -74.1959869, 4.8280264 ], [ -74.1959904, 4.8280226 ], [ -74.1959939, 4.8280188 ], [ -74.1959974, 4.8280149 ], [ -74.1960007, 4.828011 ], [ -74.196004, 4.828007 ], [ -74.1960072, 4.8280029 ], [ -74.1960104, 4.8279988 ], [ -74.1960134, 4.8279946 ], [ -74.1960164, 4.8279904 ], [ -74.1960194, 4.8279861 ], [ -74.1960222, 4.8279818 ], [ -74.196025, 4.8279774 ], [ -74.1960277, 4.827973 ], [ -74.1960303, 4.8279685 ], [ -74.1960328, 4.827964 ], [ -74.1960353, 4.8279594 ], [ -74.1960377, 4.8279548 ], [ -74.19604, 4.8279502 ], [ -74.1960422, 4.8279455 ], [ -74.1965265, 4.827272 ], [ -74.1967787, 4.8266487 ], [ -74.1969905, 4.8262667 ], [ -74.197273, 4.8257339 ], [ -74.1975252, 4.8253318 ], [ -74.1977169, 4.8248693 ], [ -74.1977775, 4.824618 ], [ -74.1979086, 4.8241154 ], [ -74.1978582, 4.8234418 ], [ -74.1977068, 4.8226778 ], [ -74.1975051, 4.8220042 ], [ -74.1972327, 4.8211799 ], [ -74.1970914, 4.8205968 ], [ -74.1968796, 4.8200841 ], [ -74.1967182, 4.8198026 ], [ -74.1964962, 4.8195111 ], [ -74.1962541, 4.8192698 ] ], [ [ -74.2077753, 4.8234418 ], [ -74.2079771, 4.8229794 ], [ -74.2079546, 4.8229466 ], [ -74.2079316, 4.8229142 ], [ -74.207908, 4.8228822 ], [ -74.2078839, 4.8228505 ], [ -74.2078592, 4.8228194 ], [ -74.207834, 4.8227886 ], [ -74.2078083, 4.8227583 ], [ -74.207782, 4.8227284 ], [ -74.2077553, 4.8226989 ], [ -74.207728, 4.82267 ], [ -74.2077003, 4.8226415 ], [ -74.207672, 4.8226135 ], [ -74.2076433, 4.8225859 ], [ -74.2076141, 4.8225589 ], [ -74.2075845, 4.8225323 ], [ -74.2075544, 4.8225063 ], [ -74.2075238, 4.8224808 ], [ -74.2074929, 4.8224558 ], [ -74.2074615, 4.8224314 ], [ -74.2074296, 4.8224074 ], [ -74.2073974, 4.8223841 ], [ -74.2073648, 4.8223613 ], [ -74.2073318, 4.822339 ], [ -74.2072984, 4.8223173 ], [ -74.2072646, 4.8222962 ], [ -74.2072305, 4.8222757 ], [ -74.2072235, 4.822276 ], [ -74.2072166, 4.8222765 ], [ -74.2072096, 4.8222771 ], [ -74.2072026, 4.8222779 ], [ -74.2071957, 4.8222787 ], [ -74.2071887, 4.8222797 ], [ -74.2071818, 4.8222808 ], [ -74.2071749, 4.822282 ], [ -74.2071681, 4.8222833 ], [ -74.2071612, 4.8222848 ], [ -74.2071544, 4.8222863 ], [ -74.2071476, 4.822288 ], [ -74.2071408, 4.8222898 ], [ -74.2071341, 4.8222917 ], [ -74.2071274, 4.8222937 ], [ -74.2071207, 4.8222959 ], [ -74.2071141, 4.8222982 ], [ -74.2071075, 4.8223005 ], [ -74.207101, 4.822303 ], [ -74.2070945, 4.8223056 ], [ -74.2070881, 4.8223083 ], [ -74.2070817, 4.8223111 ], [ -74.2070753, 4.8223141 ], [ -74.207069, 4.8223171 ], [ -74.2070628, 4.8223203 ], [ -74.2070566, 4.8223235 ], [ -74.2070504, 4.8223269 ], [ -74.2070444, 4.8223304 ], [ -74.2070384, 4.8223339 ], [ -74.2070324, 4.8223376 ], [ -74.2070265, 4.8223414 ], [ -74.2070207, 4.8223453 ], [ -74.207015, 4.8223493 ], [ -74.2070093, 4.8223533 ], [ -74.2070037, 4.8223575 ], [ -74.2069981, 4.8223618 ], [ -74.2069927, 4.8223662 ], [ -74.2069873, 4.8223706 ], [ -74.206982, 4.8223752 ], [ -74.2069768, 4.8223798 ], [ -74.2069716, 4.8223846 ], [ -74.2069666, 4.8223894 ], [ -74.2069616, 4.8223943 ], [ -74.2069567, 4.8223993 ], [ -74.2069519, 4.8224044 ], [ -74.2069472, 4.8224095 ], [ -74.2069426, 4.8224148 ], [ -74.2069381, 4.8224201 ], [ -74.2069336, 4.8224255 ], [ -74.2069293, 4.8224309 ], [ -74.206925, 4.8224365 ], [ -74.2069209, 4.8224421 ], [ -74.2069168, 4.8224478 ], [ -74.2069129, 4.8224536 ], [ -74.206909, 4.8224594 ], [ -74.2069053, 4.8224653 ], [ -74.2069016, 4.8224712 ], [ -74.2068981, 4.8224773 ], [ -74.2068947, 4.8224833 ], [ -74.2068913, 4.8224895 ], [ -74.2068881, 4.8224957 ], [ -74.206885, 4.8225019 ], [ -74.206882, 4.8225082 ], [ -74.2068791, 4.8225146 ], [ -74.2068763, 4.822521 ], [ -74.2068737, 4.8225274 ], [ -74.2068711, 4.8225339 ], [ -74.2068686, 4.8225404 ], [ -74.2068663, 4.822547 ], [ -74.2068641, 4.8225536 ], [ -74.206862, 4.8225603 ], [ -74.20686, 4.822567 ], [ -74.2068581, 4.8225737 ], [ -74.2068564, 4.8225804 ], [ -74.2068548, 4.8225872 ], [ -74.2068532, 4.822594 ], [ -74.2068518, 4.8226009 ], [ -74.2068506, 4.8226077 ], [ -74.2068494, 4.8226146 ], [ -74.2068484, 4.8226215 ], [ -74.2068474, 4.8226284 ], [ -74.2068467, 4.8226354 ], [ -74.206846, 4.8226423 ], [ -74.2068454, 4.8226493 ], [ -74.206845, 4.8226562 ], [ -74.2068447, 4.8226632 ], [ -74.2068445, 4.8226702 ], [ -74.2068444, 4.8226771 ], [ -74.2068444, 4.8226841 ], [ -74.2068446, 4.8226911 ], [ -74.2068449, 4.822698 ], [ -74.2068453, 4.822705 ], [ -74.2068459, 4.822712 ], [ -74.2068465, 4.8227189 ], [ -74.2068473, 4.8227258 ], [ -74.2068482, 4.8227328 ], [ -74.2068492, 4.8227397 ], [ -74.2068503, 4.8227465 ], [ -74.2068516, 4.8227534 ], [ -74.206853, 4.8227602 ], [ -74.2068545, 4.8227671 ], [ -74.2068561, 4.8227739 ], [ -74.2068578, 4.8227806 ], [ -74.2068596, 4.8227873 ], [ -74.2068616, 4.822794 ], [ -74.2068637, 4.8228007 ], [ -74.2068659, 4.8228073 ], [ -74.2068682, 4.8228139 ], [ -74.2068706, 4.8228204 ], [ -74.2068732, 4.8228269 ], [ -74.2068758, 4.8228334 ], [ -74.2068786, 4.8228398 ], [ -74.2068814, 4.8228462 ], [ -74.2068844, 4.8228525 ], [ -74.2068875, 4.8228587 ], [ -74.2067241, 4.8231763 ], [ -74.206556, 4.8234913 ], [ -74.2063831, 4.8238037 ], [ -74.206333, 4.8239913 ], [ -74.2062858, 4.8241797 ], [ -74.2062414, 4.8243687 ], [ -74.2061998, 4.8245584 ], [ -74.2061611, 4.8247487 ], [ -74.2061367, 4.8248082 ], [ -74.2061113, 4.8248674 ], [ -74.2060849, 4.8249261 ], [ -74.2060575, 4.8249843 ], [ -74.2060292, 4.8250421 ], [ -74.2059999, 4.8250994 ], [ -74.2059696, 4.8251562 ], [ -74.2059384, 4.8252125 ], [ -74.2059062, 4.8252683 ], [ -74.2058732, 4.8253235 ], [ -74.2058392, 4.8253782 ], [ -74.2058042, 4.8254323 ], [ -74.2057684, 4.8254858 ], [ -74.2057317, 4.8255387 ], [ -74.2056941, 4.825591 ], [ -74.2056557, 4.8256427 ], [ -74.2056163, 4.8256937 ], [ -74.2055075, 4.825813 ], [ -74.2053966, 4.8259305 ], [ -74.2052837, 4.8260462 ], [ -74.2051689, 4.8261599 ], [ -74.2050522, 4.8262717 ], [ -74.2049337, 4.8263816 ], [ -74.2048133, 4.8264894 ], [ -74.2046911, 4.8265952 ], [ -74.2045671, 4.826699 ], [ -74.2044097, 4.8268435 ], [ -74.2042546, 4.8269906 ], [ -74.204102, 4.8271402 ], [ -74.2039518, 4.8272923 ], [ -74.2038042, 4.8274468 ], [ -74.2036592, 4.8276037 ], [ -74.2036201, 4.8276696 ], [ -74.2035822, 4.8277361 ], [ -74.2035454, 4.8278032 ], [ -74.2035097, 4.8278709 ], [ -74.2034752, 4.8279393 ], [ -74.2034419, 4.8280082 ], [ -74.2034097, 4.8280776 ], [ -74.2033788, 4.8281476 ], [ -74.203349, 4.8282181 ], [ -74.2033204, 4.8282891 ], [ -74.2032931, 4.8283606 ], [ -74.2032669, 4.8284325 ], [ -74.203242, 4.8285049 ], [ -74.2032183, 4.8285776 ], [ -74.2031959, 4.8286508 ], [ -74.2031747, 4.8287243 ], [ -74.2031547, 4.8287982 ], [ -74.2031361, 4.8288724 ], [ -74.2031186, 4.8289469 ], [ -74.2031025, 4.8290216 ], [ -74.2030876, 4.8290967 ], [ -74.203074, 4.829172 ], [ -74.2027108, 4.8304185 ], [ -74.2026959, 4.830464 ], [ -74.2026801, 4.8305092 ], [ -74.2026637, 4.8305542 ], [ -74.2026464, 4.8305989 ], [ -74.2026284, 4.8306432 ], [ -74.2026096, 4.8306873 ], [ -74.2025901, 4.830731 ], [ -74.2025698, 4.8307744 ], [ -74.2025488, 4.8308175 ], [ -74.2025271, 4.8308602 ], [ -74.2025046, 4.8309025 ], [ -74.2024814, 4.8309444 ], [ -74.2024575, 4.8309859 ], [ -74.2024329, 4.8310271 ], [ -74.2024076, 4.8310677 ], [ -74.2023816, 4.831108 ], [ -74.2023549, 4.8311478 ], [ -74.2023275, 4.8311872 ], [ -74.2022995, 4.831226 ], [ -74.2022708, 4.8312644 ], [ -74.2022415, 4.8313023 ], [ -74.2022115, 4.8313397 ], [ -74.2021809, 4.8313766 ], [ -74.2021496, 4.831413 ], [ -74.2021178, 4.8314488 ], [ -74.2020853, 4.8314841 ], [ -74.2019351, 4.8316685 ], [ -74.2017817, 4.8318502 ], [ -74.2016251, 4.8320292 ], [ -74.2014654, 4.8322055 ], [ -74.2013027, 4.832379 ], [ -74.201137, 4.8325497 ], [ -74.201051, 4.8326396 ], [ -74.2009666, 4.832731 ], [ -74.2008838, 4.8328238 ], [ -74.2008026, 4.832918 ], [ -74.2007231, 4.8330136 ], [ -74.2006452, 4.8331106 ], [ -74.2005691, 4.8332089 ], [ -74.2004947, 4.8333085 ], [ -74.200422, 4.8334094 ], [ -74.2003511, 4.8335116 ], [ -74.200282, 4.8336149 ], [ -74.2002147, 4.8337194 ], [ -74.2001493, 4.8338251 ], [ -74.2000857, 4.8339319 ], [ -74.2000239, 4.8340398 ], [ -74.1999641, 4.8341487 ], [ -74.1999062, 4.8342587 ], [ -74.1998419, 4.8343654 ], [ -74.1997795, 4.8344731 ], [ -74.1997188, 4.8345819 ], [ -74.19966, 4.8346916 ], [ -74.199603, 4.8348023 ], [ -74.1995479, 4.834914 ], [ -74.1994947, 4.8350265 ], [ -74.1994434, 4.83514 ], [ -74.1993939, 4.8352542 ], [ -74.1993464, 4.8353693 ], [ -74.1993009, 4.8354851 ], [ -74.1992847, 4.8355563 ], [ -74.1992674, 4.8356273 ], [ -74.1992489, 4.8356979 ], [ -74.1992292, 4.8357682 ], [ -74.1992083, 4.8358382 ], [ -74.1991863, 4.8359079 ], [ -74.1991631, 4.8359771 ], [ -74.1991387, 4.836046 ], [ -74.1991132, 4.8361144 ], [ -74.1990865, 4.8361824 ], [ -74.1990587, 4.83625 ], [ -74.1990298, 4.8363171 ], [ -74.1989998, 4.8363837 ], [ -74.1989686, 4.8364497 ], [ -74.1989363, 4.8365153 ], [ -74.198903, 4.8365803 ], [ -74.1988685, 4.8366447 ], [ -74.198833, 4.8367086 ], [ -74.1987964, 4.8367719 ], [ -74.1987028, 4.8369306 ], [ -74.1986065, 4.8370877 ], [ -74.1985077, 4.8372432 ], [ -74.1984063, 4.8373971 ], [ -74.1983024, 4.8375494 ], [ -74.198196, 4.8376999 ], [ -74.1980872, 4.8378486 ], [ -74.1979759, 4.8379956 ], [ -74.1978622, 4.8381407 ], [ -74.1977461, 4.8382839 ], [ -74.1976277, 4.8384253 ], [ -74.197507, 4.8385646 ], [ -74.197384, 4.838702 ], [ -74.1966825, 4.8396531 ], [ -74.1959918, 4.840612 ], [ -74.1959415, 4.8406793 ], [ -74.19589, 4.8407458 ], [ -74.1958374, 4.8408115 ], [ -74.1957837, 4.8408762 ], [ -74.195729, 4.84094 ], [ -74.1956731, 4.8410029 ], [ -74.1956162, 4.8410648 ], [ -74.1955583, 4.8411258 ], [ -74.1954993, 4.8411857 ], [ -74.1954393, 4.8412447 ], [ -74.1953784, 4.8413027 ], [ -74.1953164, 4.8413596 ], [ -74.1952535, 4.8414155 ], [ -74.1951897, 4.8414703 ], [ -74.195125, 4.841524 ], [ -74.1950593, 4.8415767 ], [ -74.1949928, 4.8416282 ], [ -74.1949254, 4.8416786 ], [ -74.1948571, 4.8417278 ], [ -74.194788, 4.8417759 ], [ -74.1947182, 4.8418228 ], [ -74.1946475, 4.8418686 ], [ -74.1945761, 4.8419131 ], [ -74.1945039, 4.8419565 ], [ -74.194431, 4.8419986 ], [ -74.1943574, 4.8420395 ], [ -74.1939209, 4.8425618 ], [ -74.193477, 4.8430779 ], [ -74.1930257, 4.8435876 ], [ -74.1928635, 4.8437558 ], [ -74.1927041, 4.8439268 ], [ -74.1925477, 4.8441005 ], [ -74.1923943, 4.8442768 ], [ -74.192244, 4.8444557 ], [ -74.1920967, 4.8446371 ], [ -74.1919525, 4.844821 ], [ -74.1918116, 4.8450073 ], [ -74.1916738, 4.845196 ], [ -74.1916505, 4.8452175 ], [ -74.1916275, 4.8452394 ], [ -74.1916049, 4.8452617 ], [ -74.1915827, 4.8452843 ], [ -74.1915609, 4.8453074 ], [ -74.1915395, 4.8453308 ], [ -74.1915185, 4.8453546 ], [ -74.1914979, 4.8453788 ], [ -74.1914778, 4.8454033 ], [ -74.191458, 4.8454281 ], [ -74.1914388, 4.8454533 ], [ -74.1914199, 4.8454789 ], [ -74.1914016, 4.8455047 ], [ -74.1913836, 4.8455309 ], [ -74.1913662, 4.8455574 ], [ -74.1913492, 4.8455842 ], [ -74.1913327, 4.8456112 ], [ -74.1913166, 4.8456386 ], [ -74.191301, 4.8456662 ], [ -74.191286, 4.8456941 ], [ -74.1912714, 4.8457222 ], [ -74.1912573, 4.8457506 ], [ -74.1912437, 4.8457793 ], [ -74.1912306, 4.8458081 ], [ -74.191218, 4.8458372 ], [ -74.1912059, 4.8458665 ], [ -74.1911944, 4.8458961 ], [ -74.1911833, 4.8459258 ], [ -74.1911728, 4.8459557 ], [ -74.1911628, 4.8459857 ], [ -74.1911533, 4.846016 ], [ -74.1911444, 4.8460464 ], [ -74.191136, 4.8460769 ], [ -74.1911281, 4.8461076 ], [ -74.1911208, 4.8461385 ], [ -74.191114, 4.8461694 ], [ -74.1911077, 4.8462005 ], [ -74.191102, 4.8462317 ], [ -74.1910969, 4.8462629 ], [ -74.1910923, 4.8462943 ], [ -74.1910882, 4.8463257 ], [ -74.1910847, 4.8463572 ], [ -74.1910818, 4.8463887 ], [ -74.1910794, 4.8464203 ], [ -74.1910775, 4.8464519 ], [ -74.1910762, 4.8464836 ], [ -74.1910755, 4.8465153 ], [ -74.1910753, 4.846547 ], [ -74.1910756, 4.8465786 ], [ -74.1910766, 4.8466103 ], [ -74.191078, 4.846642 ], [ -74.1910801, 4.8466736 ], [ -74.1910827, 4.8467051 ], [ -74.1910858, 4.8467367 ], [ -74.1910895, 4.8467681 ], [ -74.1910937, 4.8467995 ], [ -74.1910985, 4.8468309 ], [ -74.1911038, 4.8468621 ], [ -74.1911097, 4.8468932 ], [ -74.1911161, 4.8469243 ], [ -74.1911231, 4.8469552 ], [ -74.1911306, 4.846986 ], [ -74.1911386, 4.8470166 ], [ -74.1911472, 4.8470471 ], [ -74.1911563, 4.8470775 ], [ -74.191166, 4.8471077 ], [ -74.1911761, 4.8471377 ], [ -74.1911868, 4.8471675 ], [ -74.191198, 4.8471972 ], [ -74.1912097, 4.8472266 ], [ -74.1912098, 4.8472343 ], [ -74.19121, 4.847242 ], [ -74.1912103, 4.8472497 ], [ -74.1912108, 4.8472574 ], [ -74.1912114, 4.847265 ], [ -74.1912121, 4.8472727 ], [ -74.1912129, 4.8472804 ], [ -74.1912139, 4.847288 ], [ -74.191215, 4.8472956 ], [ -74.1912163, 4.8473032 ], [ -74.1912177, 4.8473108 ], [ -74.1912192, 4.8473183 ], [ -74.1912209, 4.8473258 ], [ -74.1912227, 4.8473333 ], [ -74.1912246, 4.8473408 ], [ -74.1912266, 4.8473482 ], [ -74.1912288, 4.8473556 ], [ -74.1912311, 4.8473629 ], [ -74.1912335, 4.8473702 ], [ -74.1912361, 4.8473775 ], [ -74.1912388, 4.8473847 ], [ -74.1912416, 4.8473918 ], [ -74.1912445, 4.847399 ], [ -74.1912476, 4.847406 ], [ -74.1912507, 4.847413 ], [ -74.191254, 4.84742 ], [ -74.1912575, 4.8474269 ], [ -74.191261, 4.8474337 ], [ -74.1912647, 4.8474405 ], [ -74.1912685, 4.8474472 ], [ -74.1912723, 4.8474538 ], [ -74.1912764, 4.8474604 ], [ -74.1912805, 4.8474669 ], [ -74.1912847, 4.8474733 ], [ -74.1912891, 4.8474797 ], [ -74.1912935, 4.847486 ], [ -74.1912981, 4.8474922 ], [ -74.1913028, 4.8474983 ], [ -74.1913076, 4.8475043 ], [ -74.1913125, 4.8475103 ], [ -74.1913175, 4.8475162 ], [ -74.1913226, 4.8475219 ], [ -74.1913277, 4.8475276 ], [ -74.191333, 4.8475332 ], [ -74.1913384, 4.8475388 ], [ -74.1913439, 4.8475442 ], [ -74.1913495, 4.8475495 ], [ -74.1913552, 4.8475547 ], [ -74.1913609, 4.8475598 ], [ -74.1913668, 4.8475648 ], [ -74.1913727, 4.8475698 ], [ -74.1913787, 4.8475746 ], [ -74.1913849, 4.8475793 ], [ -74.191391, 4.8475839 ], [ -74.1913973, 4.8475884 ], [ -74.1914036, 4.8475928 ], [ -74.1914101, 4.847597 ], [ -74.1914166, 4.8476012 ], [ -74.1914231, 4.8476053 ], [ -74.1914298, 4.8476092 ], [ -74.1914365, 4.847613 ], [ -74.1914432, 4.8476167 ], [ -74.1914501, 4.8476203 ], [ -74.191457, 4.8476238 ], [ -74.1914639, 4.8476271 ], [ -74.1914709, 4.8476303 ], [ -74.191478, 4.8476334 ], [ -74.1914851, 4.8476364 ], [ -74.1914923, 4.8476393 ], [ -74.1914995, 4.847642 ], [ -74.1915068, 4.8476446 ], [ -74.1915141, 4.8476471 ], [ -74.1915214, 4.8476494 ], [ -74.1915288, 4.8476517 ], [ -74.1915362, 4.8476538 ], [ -74.1915437, 4.8476557 ], [ -74.1915512, 4.8476576 ], [ -74.1915587, 4.8476593 ], [ -74.1915663, 4.8476608 ], [ -74.1915739, 4.8476623 ], [ -74.1915815, 4.8476636 ], [ -74.1915891, 4.8476648 ], [ -74.1915968, 4.8476658 ], [ -74.1916044, 4.8476667 ], [ -74.1916121, 4.8476675 ], [ -74.1916198, 4.8476682 ], [ -74.1916275, 4.8476687 ], [ -74.1916352, 4.847669 ], [ -74.191643, 4.8476693 ], [ -74.1916507, 4.8476694 ], [ -74.1916584, 4.8476694 ], [ -74.1916661, 4.8476692 ], [ -74.1916738, 4.8476689 ], [ -74.1916858, 4.8476681 ], [ -74.1916977, 4.8476675 ], [ -74.1917097, 4.8476671 ], [ -74.1917217, 4.8476668 ], [ -74.1917337, 4.8476668 ], [ -74.1917456, 4.847667 ], [ -74.1917576, 4.8476674 ], [ -74.1917696, 4.847668 ], [ -74.1917815, 4.8476688 ], [ -74.1917934, 4.8476699 ], [ -74.1918053, 4.8476711 ], [ -74.1918172, 4.8476725 ], [ -74.1918291, 4.8476741 ], [ -74.1918409, 4.847676 ], [ -74.1918527, 4.847678 ], [ -74.1918645, 4.8476802 ], [ -74.1918762, 4.8476827 ], [ -74.1918879, 4.8476853 ], [ -74.1918995, 4.8476882 ], [ -74.1919111, 4.8476912 ], [ -74.1919226, 4.8476945 ], [ -74.1919341, 4.8476979 ], [ -74.1919455, 4.8477015 ], [ -74.1919568, 4.8477054 ], [ -74.1919681, 4.8477094 ], [ -74.1919793, 4.8477136 ], [ -74.1919905, 4.847718 ], [ -74.1920015, 4.8477226 ], [ -74.1920125, 4.8477274 ], [ -74.1920234, 4.8477324 ], [ -74.1920342, 4.8477375 ], [ -74.1920449, 4.8477429 ], [ -74.1920555, 4.8477484 ], [ -74.192066, 4.8477541 ], [ -74.1920764, 4.84776 ], [ -74.1920867, 4.8477661 ], [ -74.1920969, 4.8477724 ], [ -74.192107, 4.8477788 ], [ -74.192117, 4.8477854 ], [ -74.1921268, 4.8477921 ], [ -74.1921366, 4.8477991 ], [ -74.1921462, 4.8478062 ], [ -74.1921557, 4.8478134 ], [ -74.1921651, 4.8478209 ], [ -74.1921743, 4.8478285 ], [ -74.1921834, 4.8478362 ], [ -74.1921924, 4.8478441 ], [ -74.1922013, 4.8478522 ], [ -74.1922099, 4.8478604 ], [ -74.1922185, 4.8478687 ], [ -74.1922269, 4.8478772 ], [ -74.1922352, 4.8478859 ], [ -74.1922433, 4.8478946 ], [ -74.1922512, 4.8479036 ], [ -74.192259, 4.8479126 ], [ -74.1922667, 4.8479218 ], [ -74.1922741, 4.8479311 ], [ -74.1922815, 4.8479406 ], [ -74.1922886, 4.8479501 ], [ -74.1922956, 4.8479598 ], [ -74.1923024, 4.8479696 ], [ -74.1923091, 4.8479796 ], [ -74.1923155, 4.8479896 ], [ -74.1923218, 4.8479998 ], [ -74.192328, 4.84801 ], [ -74.1923339, 4.8480204 ], [ -74.1923397, 4.8480308 ], [ -74.1923807, 4.8481524 ], [ -74.1924196, 4.8482747 ], [ -74.1924564, 4.8483977 ], [ -74.192491, 4.8485213 ], [ -74.1925234, 4.8486454 ], [ -74.1925537, 4.8487701 ], [ -74.1925818, 4.8488953 ], [ -74.192584, 4.8489078 ], [ -74.1925864, 4.8489202 ], [ -74.192589, 4.8489325 ], [ -74.1925919, 4.8489448 ], [ -74.1925949, 4.8489571 ], [ -74.1925982, 4.8489693 ], [ -74.1926017, 4.8489814 ], [ -74.1926054, 4.8489935 ], [ -74.1926093, 4.8490055 ], [ -74.1926134, 4.8490174 ], [ -74.1926177, 4.8490293 ], [ -74.1926222, 4.8490411 ], [ -74.1926269, 4.8490528 ], [ -74.1926319, 4.8490644 ], [ -74.192637, 4.8490759 ], [ -74.1926423, 4.8490874 ], [ -74.1926479, 4.8490987 ], [ -74.1926536, 4.84911 ], [ -74.1926595, 4.8491212 ], [ -74.1926656, 4.8491322 ], [ -74.1926719, 4.8491432 ], [ -74.1926784, 4.849154 ], [ -74.1926851, 4.8491647 ], [ -74.192692, 4.8491753 ], [ -74.192699, 4.8491858 ], [ -74.1927063, 4.8491962 ], [ -74.1927137, 4.8492064 ], [ -74.1927213, 4.8492165 ], [ -74.192729, 4.8492265 ], [ -74.192737, 4.8492363 ], [ -74.1927451, 4.849246 ], [ -74.1927534, 4.8492555 ], [ -74.1927618, 4.849265 ], [ -74.1927704, 4.8492742 ], [ -74.1927792, 4.8492833 ], [ -74.1927881, 4.8492923 ], [ -74.1927972, 4.8493011 ], [ -74.1928064, 4.8493097 ], [ -74.1928158, 4.8493182 ], [ -74.1928253, 4.8493265 ], [ -74.192835, 4.8493347 ], [ -74.1928448, 4.8493427 ], [ -74.1928547, 4.8493505 ], [ -74.1928648, 4.8493581 ], [ -74.192875, 4.8493656 ], [ -74.1928853, 4.8493729 ], [ -74.1928958, 4.84938 ], [ -74.1929064, 4.8493869 ], [ -74.1929171, 4.8493937 ], [ -74.1929279, 4.8494002 ], [ -74.1929389, 4.8494066 ], [ -74.1929499, 4.8494128 ], [ -74.1929611, 4.8494188 ], [ -74.1929723, 4.8494246 ], [ -74.1929837, 4.8494302 ], [ -74.1929951, 4.8494356 ], [ -74.1930066, 4.8494408 ], [ -74.1930183, 4.8494458 ], [ -74.19303, 4.8494506 ], [ -74.1930418, 4.8494552 ], [ -74.1930537, 4.8494596 ], [ -74.1930656, 4.8494638 ], [ -74.1930776, 4.8494677 ], [ -74.1930897, 4.8494715 ], [ -74.1931019, 4.8494751 ], [ -74.1931141, 4.8494784 ], [ -74.1931263, 4.8494816 ], [ -74.1931387, 4.8494845 ], [ -74.193151, 4.8494872 ], [ -74.1931634, 4.8494897 ], [ -74.1931759, 4.849492 ], [ -74.1931884, 4.8494941 ], [ -74.1932009, 4.8494959 ], [ -74.1932135, 4.8494976 ], [ -74.1932261, 4.849499 ], [ -74.1932387, 4.8495002 ], [ -74.1932513, 4.8495012 ], [ -74.193264, 4.8495019 ], [ -74.1932766, 4.8495025 ], [ -74.1932893, 4.8495028 ], [ -74.1933019, 4.8495029 ], [ -74.1933146, 4.8495028 ], [ -74.1933273, 4.8495025 ], [ -74.1933399, 4.8495019 ], [ -74.1933526, 4.8495012 ], [ -74.1933652, 4.8495002 ], [ -74.1933778, 4.849499 ], [ -74.1933904, 4.8494975 ], [ -74.1934029, 4.8494959 ], [ -74.1934155, 4.849494 ], [ -74.193428, 4.849492 ], [ -74.1934404, 4.8494897 ], [ -74.1934528, 4.8494872 ], [ -74.1934652, 4.8494845 ], [ -74.1934775, 4.8494815 ], [ -74.1934898, 4.8494784 ], [ -74.1935071, 4.8494715 ], [ -74.1935242, 4.8494644 ], [ -74.1935413, 4.8494569 ], [ -74.1935582, 4.8494492 ], [ -74.193575, 4.8494411 ], [ -74.1935916, 4.8494328 ], [ -74.1936081, 4.8494242 ], [ -74.1936244, 4.8494153 ], [ -74.1936406, 4.8494061 ], [ -74.1936566, 4.8493967 ], [ -74.1936724, 4.849387 ], [ -74.1936881, 4.849377 ], [ -74.1937036, 4.8493667 ], [ -74.1937189, 4.8493562 ], [ -74.1937341, 4.8493454 ], [ -74.193749, 4.8493344 ], [ -74.1937638, 4.8493231 ], [ -74.1937783, 4.8493115 ], [ -74.1937927, 4.8492997 ], [ -74.1938069, 4.8492877 ], [ -74.1938208, 4.8492754 ], [ -74.1938345, 4.8492628 ], [ -74.193848, 4.8492501 ], [ -74.1938613, 4.8492371 ], [ -74.1938744, 4.8492239 ], [ -74.1938872, 4.8492104 ], [ -74.1938998, 4.8491968 ], [ -74.1939121, 4.8491829 ], [ -74.1939242, 4.8491688 ], [ -74.1939361, 4.8491545 ], [ -74.1939477, 4.84914 ], [ -74.1939591, 4.8491254 ], [ -74.1939702, 4.8491105 ], [ -74.193981, 4.8490954 ], [ -74.1939916, 4.8490802 ], [ -74.1940019, 4.8490647 ], [ -74.194012, 4.8490491 ], [ -74.1940217, 4.8490333 ], [ -74.1940312, 4.8490174 ], [ -74.1940405, 4.8490013 ], [ -74.1940494, 4.848985 ], [ -74.1940581, 4.8489686 ], [ -74.1940665, 4.8489521 ], [ -74.1940745, 4.8489354 ], [ -74.1940823, 4.8489185 ], [ -74.1940898, 4.8489015 ], [ -74.1940971, 4.8488845 ], [ -74.194104, 4.8488672 ], [ -74.1941106, 4.8488499 ], [ -74.1941169, 4.8488325 ], [ -74.1941229, 4.8488149 ], [ -74.1941286, 4.8487973 ], [ -74.194134, 4.8487795 ], [ -74.1941391, 4.8487617 ], [ -74.1941439, 4.8487438 ], [ -74.1941483, 4.8487257 ], [ -74.1941525, 4.8487077 ], [ -74.1941563, 4.8486895 ], [ -74.1941599, 4.8486713 ], [ -74.1941631, 4.8486531 ], [ -74.194166, 4.8486347 ], [ -74.1941686, 4.8486164 ], [ -74.1941708, 4.848598 ], [ -74.1941728, 4.8485795 ], [ -74.1941744, 4.8485611 ], [ -74.1941757, 4.8485426 ], [ -74.1941767, 4.848524 ], [ -74.1941773, 4.8485055 ], [ -74.1941777, 4.848487 ], [ -74.1941777, 4.8484684 ], [ -74.1941774, 4.8484499 ], [ -74.1941768, 4.8484313 ], [ -74.1941758, 4.8484128 ], [ -74.1941765, 4.8483984 ], [ -74.1941774, 4.8483839 ], [ -74.1941786, 4.8483695 ], [ -74.19418, 4.8483551 ], [ -74.1941817, 4.8483407 ], [ -74.1941837, 4.8483263 ], [ -74.1941858, 4.848312 ], [ -74.1941883, 4.8482977 ], [ -74.1941909, 4.8482835 ], [ -74.1941939, 4.8482693 ], [ -74.194197, 4.8482552 ], [ -74.1942004, 4.8482411 ], [ -74.1942041, 4.8482271 ], [ -74.194208, 4.8482131 ], [ -74.1942121, 4.8481993 ], [ -74.1942165, 4.8481854 ], [ -74.1942211, 4.8481717 ], [ -74.194226, 4.8481581 ], [ -74.1942311, 4.8481445 ], [ -74.1942364, 4.848131 ], [ -74.194242, 4.8481177 ], [ -74.1942478, 4.8481044 ], [ -74.1942538, 4.8480912 ], [ -74.19426, 4.8480781 ], [ -74.1942665, 4.8480652 ], [ -74.1942732, 4.8480523 ], [ -74.1942801, 4.8480396 ], [ -74.1942873, 4.848027 ], [ -74.1942946, 4.8480145 ], [ -74.1943022, 4.8480021 ], [ -74.19431, 4.8479899 ], [ -74.194318, 4.8479778 ], [ -74.1943262, 4.8479658 ], [ -74.1943346, 4.847954 ], [ -74.1943432, 4.8479424 ], [ -74.194352, 4.8479308 ], [ -74.194361, 4.8479195 ], [ -74.1943702, 4.8479083 ], [ -74.1943796, 4.8478972 ], [ -74.1943892, 4.8478864 ], [ -74.194399, 4.8478757 ], [ -74.194409, 4.8478651 ], [ -74.1944191, 4.8478547 ], [ -74.1944295, 4.8478446 ], [ -74.19444, 4.8478345 ], [ -74.1944506, 4.8478247 ], [ -74.1944615, 4.8478151 ], [ -74.1944725, 4.8478056 ], [ -74.1944836, 4.8477963 ], [ -74.194495, 4.8477873 ], [ -74.1945064, 4.8477784 ], [ -74.1945181, 4.8477697 ], [ -74.1945299, 4.8477612 ], [ -74.1945418, 4.847753 ], [ -74.1945539, 4.8477449 ], [ -74.1945661, 4.847737 ], [ -74.1945784, 4.8477294 ], [ -74.1945909, 4.847722 ], [ -74.1946035, 4.8477148 ], [ -74.1946162, 4.8477078 ], [ -74.1946291, 4.847701 ], [ -74.194642, 4.8476944 ], [ -74.1946551, 4.8476881 ], [ -74.1946683, 4.847682 ], [ -74.1946816, 4.8476761 ], [ -74.1946949, 4.8476705 ], [ -74.1947084, 4.8476651 ], [ -74.194722, 4.8476599 ], [ -74.1947356, 4.8476549 ], [ -74.1947494, 4.8476502 ], [ -74.1947632, 4.8476457 ], [ -74.1947771, 4.8476415 ], [ -74.1947911, 4.8476375 ], [ -74.1948051, 4.8476337 ], [ -74.1948192, 4.8476302 ], [ -74.1948334, 4.847627 ], [ -74.1948476, 4.8476239 ], [ -74.1948618, 4.8476212 ], [ -74.1948761, 4.8476186 ], [ -74.1948905, 4.8476163 ], [ -74.1949049, 4.8476143 ], [ -74.1949193, 4.8476125 ], [ -74.1949338, 4.847611 ], [ -74.1949482, 4.8476097 ], [ -74.1949627, 4.8476086 ], [ -74.1951614, 4.8475544 ], [ -74.195361, 4.8475037 ], [ -74.1955614, 4.8474565 ], [ -74.1957627, 4.8474127 ], [ -74.1959647, 4.8473725 ], [ -74.1961673, 4.8473357 ], [ -74.1963706, 4.8473025 ], [ -74.1965744, 4.8472729 ], [ -74.1967787, 4.8472467 ], [ -74.1967971, 4.8472481 ], [ -74.1968156, 4.8472491 ], [ -74.1968341, 4.8472498 ], [ -74.1968526, 4.8472502 ], [ -74.1968711, 4.8472503 ], [ -74.1968895, 4.8472501 ], [ -74.196908, 4.8472495 ], [ -74.1969265, 4.8472486 ], [ -74.196945, 4.8472474 ], [ -74.1969634, 4.8472459 ], [ -74.1969818, 4.8472441 ], [ -74.1970002, 4.8472419 ], [ -74.1970185, 4.8472395 ], [ -74.1970368, 4.8472367 ], [ -74.197055, 4.8472336 ], [ -74.1970732, 4.8472302 ], [ -74.1970913, 4.8472265 ], [ -74.1971093, 4.8472225 ], [ -74.1971273, 4.8472181 ], [ -74.1971452, 4.8472135 ], [ -74.197163, 4.8472085 ], [ -74.1971807, 4.8472033 ], [ -74.1971984, 4.8471977 ], [ -74.1972159, 4.8471919 ], [ -74.1972333, 4.8471857 ], [ -74.1972506, 4.8471792 ], [ -74.1972678, 4.8471725 ], [ -74.1972849, 4.8471654 ], [ -74.1973019, 4.8471581 ], [ -74.1973187, 4.8471504 ], [ -74.1973354, 4.8471425 ], [ -74.197352, 4.8471343 ], [ -74.1973684, 4.8471258 ], [ -74.1973846, 4.847117 ], [ -74.1974007, 4.847108 ], [ -74.1974167, 4.8470986 ], [ -74.1974325, 4.847089 ], [ -74.1974481, 4.8470792 ], [ -74.1974635, 4.847069 ], [ -74.1974788, 4.8470586 ], [ -74.1974939, 4.847048 ], [ -74.1975088, 4.847037 ], [ -74.1975235, 4.8470258 ], [ -74.197538, 4.8470144 ], [ -74.1975523, 4.8470027 ], [ -74.1975664, 4.8469908 ], [ -74.1975803, 4.8469787 ], [ -74.197594, 4.8469663 ], [ -74.1976074, 4.8469536 ], [ -74.1976207, 4.8469408 ], [ -74.1976337, 4.8469277 ], [ -74.1976465, 4.8469144 ], [ -74.197659, 4.8469008 ], [ -74.1976713, 4.8468871 ], [ -74.1976834, 4.8468731 ], [ -74.1976953, 4.846859 ], [ -74.1977068, 4.8468446 ], [ -74.1977141, 4.8468152 ], [ -74.1977208, 4.8467856 ], [ -74.197727, 4.846756 ], [ -74.1977326, 4.8467262 ], [ -74.1977378, 4.8466963 ], [ -74.1977424, 4.8466664 ], [ -74.1977465, 4.8466363 ], [ -74.1977501, 4.8466063 ], [ -74.1977532, 4.8465761 ], [ -74.1977557, 4.8465459 ], [ -74.1977577, 4.8465157 ], [ -74.1977592, 4.8464854 ], [ -74.1977601, 4.8464551 ], [ -74.1977605, 4.8464248 ], [ -74.1977604, 4.8463945 ], [ -74.1977598, 4.8463642 ], [ -74.1977586, 4.8463339 ], [ -74.1977569, 4.8463037 ], [ -74.1977547, 4.8462734 ], [ -74.1977519, 4.8462433 ], [ -74.1977486, 4.8462131 ], [ -74.1977448, 4.8461831 ], [ -74.1977405, 4.8461531 ], [ -74.1977356, 4.8461232 ], [ -74.1977303, 4.8460933 ], [ -74.1977244, 4.8460636 ], [ -74.1977179, 4.846034 ], [ -74.197711, 4.8460045 ], [ -74.1977036, 4.8459751 ], [ -74.1976956, 4.8459459 ], [ -74.1976871, 4.8459168 ], [ -74.1976782, 4.8458878 ], [ -74.1976687, 4.845859 ], [ -74.1976587, 4.8458304 ], [ -74.1976482, 4.8458019 ], [ -74.1976372, 4.8457737 ], [ -74.1976258, 4.8457456 ], [ -74.1976138, 4.8457177 ], [ -74.1976014, 4.8456901 ], [ -74.1975885, 4.8456627 ], [ -74.1975751, 4.8456355 ], [ -74.1975612, 4.8456085 ], [ -74.1975469, 4.8455818 ], [ -74.197532, 4.8455553 ], [ -74.1975168, 4.8455291 ], [ -74.1975011, 4.8455031 ], [ -74.1974849, 4.8454775 ], [ -74.1974815, 4.8454534 ], [ -74.1974785, 4.8454293 ], [ -74.1974759, 4.8454052 ], [ -74.1974737, 4.845381 ], [ -74.197472, 4.8453567 ], [ -74.1974707, 4.8453325 ], [ -74.1974698, 4.8453082 ], [ -74.1974693, 4.8452839 ], [ -74.1974692, 4.8452596 ], [ -74.1974696, 4.8452353 ], [ -74.1974704, 4.845211 ], [ -74.1974716, 4.8451868 ], [ -74.1974733, 4.8451625 ], [ -74.1974753, 4.8451383 ], [ -74.1974778, 4.8451142 ], [ -74.1974807, 4.8450901 ], [ -74.197484, 4.845066 ], [ -74.1974877, 4.845042 ], [ -74.1974919, 4.845018 ], [ -74.1974964, 4.8449942 ], [ -74.1975014, 4.8449704 ], [ -74.1975068, 4.8449467 ], [ -74.1975126, 4.8449231 ], [ -74.1975188, 4.8448996 ], [ -74.1975255, 4.8448762 ], [ -74.1975325, 4.844853 ], [ -74.1975399, 4.8448298 ], [ -74.1975477, 4.8448068 ], [ -74.197556, 4.844784 ], [ -74.1975646, 4.8447612 ], [ -74.1975736, 4.8447387 ], [ -74.197583, 4.8447163 ], [ -74.1975928, 4.844694 ], [ -74.197603, 4.8446719 ], [ -74.1976135, 4.8446501 ], [ -74.1976245, 4.8446283 ], [ -74.1976358, 4.8446068 ], [ -74.1976475, 4.8445855 ], [ -74.1976596, 4.8445644 ], [ -74.197672, 4.8445435 ], [ -74.1976848, 4.8445228 ], [ -74.1976979, 4.8445024 ], [ -74.1977114, 4.8444821 ], [ -74.1977253, 4.8444621 ], [ -74.1977394, 4.8444424 ], [ -74.197754, 4.8444229 ], [ -74.1977688, 4.8444036 ], [ -74.197784, 4.8443846 ], [ -74.1977996, 4.8443659 ], [ -74.1978154, 4.8443474 ], [ -74.1978316, 4.8443293 ], [ -74.1978481, 4.8443114 ], [ -74.197858, 4.8443019 ], [ -74.197868, 4.8442927 ], [ -74.1978782, 4.8442836 ], [ -74.1978886, 4.8442747 ], [ -74.1978991, 4.8442659 ], [ -74.1979098, 4.8442574 ], [ -74.1979206, 4.844249 ], [ -74.1979316, 4.8442409 ], [ -74.1979426, 4.8442329 ], [ -74.1979539, 4.8442251 ], [ -74.1979652, 4.8442175 ], [ -74.1979767, 4.8442101 ], [ -74.1979884, 4.8442029 ], [ -74.1980001, 4.8441958 ], [ -74.198012, 4.844189 ], [ -74.1980239, 4.8441824 ], [ -74.198036, 4.844176 ], [ -74.1980482, 4.8441699 ], [ -74.1980605, 4.8441639 ], [ -74.198073, 4.8441581 ], [ -74.1980855, 4.8441526 ], [ -74.1980981, 4.8441472 ], [ -74.1981107, 4.8441421 ], [ -74.1981235, 4.8441372 ], [ -74.1981364, 4.8441325 ], [ -74.1981493, 4.8441281 ], [ -74.1981623, 4.8441239 ], [ -74.1981754, 4.8441198 ], [ -74.1981886, 4.8441161 ], [ -74.1982018, 4.8441125 ], [ -74.1982151, 4.8441092 ], [ -74.1982284, 4.8441061 ], [ -74.1982418, 4.8441032 ], [ -74.1982552, 4.8441005 ], [ -74.1982687, 4.8440981 ], [ -74.1982822, 4.844096 ], [ -74.1982957, 4.844094 ], [ -74.1983093, 4.8440923 ], [ -74.1983229, 4.8440908 ], [ -74.1983366, 4.8440896 ], [ -74.1983502, 4.8440885 ], [ -74.1983639, 4.8440878 ], [ -74.1983775, 4.8440872 ], [ -74.1983912, 4.8440869 ], [ -74.1984049, 4.8440868 ], [ -74.1984186, 4.844087 ], [ -74.1984323, 4.8440874 ], [ -74.198446, 4.844088 ], [ -74.1984596, 4.8440889 ], [ -74.1984733, 4.84409 ], [ -74.1984869, 4.8440913 ], [ -74.1985005, 4.8440929 ], [ -74.1985141, 4.8440947 ], [ -74.1985276, 4.8440967 ], [ -74.1985411, 4.844099 ], [ -74.1985546, 4.8441015 ], [ -74.198568, 4.8441042 ], [ -74.1985813, 4.8441071 ], [ -74.1985946, 4.8441103 ], [ -74.1986086, 4.8441032 ], [ -74.1986224, 4.8440958 ], [ -74.1986361, 4.8440882 ], [ -74.1986497, 4.8440804 ], [ -74.1986631, 4.8440723 ], [ -74.1986764, 4.844064 ], [ -74.1986895, 4.8440554 ], [ -74.1987025, 4.8440466 ], [ -74.1987153, 4.8440376 ], [ -74.198728, 4.8440284 ], [ -74.1987405, 4.844019 ], [ -74.1987528, 4.8440093 ], [ -74.198765, 4.8439995 ], [ -74.198777, 4.8439894 ], [ -74.1987888, 4.8439791 ], [ -74.1988005, 4.8439687 ], [ -74.1988119, 4.843958 ], [ -74.1988232, 4.8439471 ], [ -74.1988342, 4.843936 ], [ -74.1988451, 4.8439248 ], [ -74.1988558, 4.8439133 ], [ -74.1988663, 4.8439017 ], [ -74.1988765, 4.8438899 ], [ -74.1988866, 4.8438779 ], [ -74.1988964, 4.8438657 ], [ -74.1989061, 4.8438534 ], [ -74.1989155, 4.8438409 ], [ -74.1989247, 4.8438282 ], [ -74.1989337, 4.8438154 ], [ -74.1989424, 4.8438024 ], [ -74.1989509, 4.8437893 ], [ -74.1989592, 4.8437761 ], [ -74.1989673, 4.8437626 ], [ -74.1989751, 4.8437491 ], [ -74.1989827, 4.8437354 ], [ -74.19899, 4.8437216 ], [ -74.1989971, 4.8437077 ], [ -74.199004, 4.8436936 ], [ -74.1990106, 4.8436795 ], [ -74.199017, 4.8436652 ], [ -74.1990231, 4.8436508 ], [ -74.199029, 4.8436363 ], [ -74.1990346, 4.8436217 ], [ -74.1990399, 4.843607 ], [ -74.199045, 4.8435922 ], [ -74.1990498, 4.8435773 ], [ -74.1990544, 4.8435624 ], [ -74.1990587, 4.8435474 ], [ -74.1995228, 4.8424416 ], [ -74.1997649, 4.8421601 ], [ -74.2001887, 4.8417379 ], [ -74.2006931, 4.8414765 ], [ -74.2010159, 4.8413157 ], [ -74.2014598, 4.840994 ], [ -74.2015204, 4.8407929 ], [ -74.2014598, 4.8405115 ], [ -74.2013589, 4.8401697 ], [ -74.2014195, 4.8397073 ], [ -74.2015405, 4.8394459 ], [ -74.2016616, 4.839285 ], [ -74.2019037, 4.839084 ], [ -74.2020853, 4.8390237 ], [ -74.2022266, 4.8390036 ], [ -74.2022325, 4.8390038 ], [ -74.2022384, 4.839004 ], [ -74.2022443, 4.839004 ], [ -74.2022501, 4.8390039 ], [ -74.202256, 4.8390038 ], [ -74.2022619, 4.8390035 ], [ -74.2022678, 4.8390031 ], [ -74.2022737, 4.8390027 ], [ -74.2022796, 4.8390021 ], [ -74.2022854, 4.8390014 ], [ -74.2022913, 4.8390007 ], [ -74.2022971, 4.8389998 ], [ -74.2023029, 4.8389988 ], [ -74.2023087, 4.8389977 ], [ -74.2023145, 4.8389966 ], [ -74.2023203, 4.8389953 ], [ -74.202326, 4.8389939 ], [ -74.2023317, 4.8389925 ], [ -74.2023374, 4.8389909 ], [ -74.2023431, 4.8389892 ], [ -74.2023487, 4.8389874 ], [ -74.2023543, 4.8389856 ], [ -74.2023598, 4.8389836 ], [ -74.2023654, 4.8389816 ], [ -74.2023709, 4.8389794 ], [ -74.2023763, 4.8389772 ], [ -74.2023817, 4.8389748 ], [ -74.2023871, 4.8389724 ], [ -74.2023924, 4.8389699 ], [ -74.2023977, 4.8389673 ], [ -74.2024029, 4.8389646 ], [ -74.2024081, 4.8389618 ], [ -74.2024133, 4.8389589 ], [ -74.2024184, 4.8389559 ], [ -74.2024234, 4.8389528 ], [ -74.2024284, 4.8389497 ], [ -74.2024333, 4.8389465 ], [ -74.2024382, 4.8389431 ], [ -74.202443, 4.8389397 ], [ -74.2024477, 4.8389363 ], [ -74.2024524, 4.8389327 ], [ -74.202457, 4.838929 ], [ -74.2024616, 4.8389253 ], [ -74.2024661, 4.8389215 ], [ -74.2024705, 4.8389176 ], [ -74.2024749, 4.8389137 ], [ -74.2024792, 4.8389096 ], [ -74.2024834, 4.8389055 ], [ -74.2024876, 4.8389014 ], [ -74.2024916, 4.8388971 ], [ -74.2024956, 4.8388928 ], [ -74.2024996, 4.8388884 ], [ -74.2025034, 4.838884 ], [ -74.2025072, 4.8388794 ], [ -74.2025109, 4.8388749 ], [ -74.2025145, 4.8388702 ], [ -74.202518, 4.8388655 ], [ -74.2025215, 4.8388607 ], [ -74.2025248, 4.8388559 ], [ -74.2025281, 4.838851 ], [ -74.2025313, 4.8388461 ], [ -74.2025344, 4.8388411 ], [ -74.2025374, 4.838836 ], [ -74.2025404, 4.8388309 ], [ -74.2025432, 4.8388258 ], [ -74.202546, 4.8388206 ], [ -74.2025486, 4.8388153 ], [ -74.2025512, 4.83881 ], [ -74.2025537, 4.8388047 ], [ -74.202556, 4.8387993 ], [ -74.2025583, 4.8387939 ], [ -74.2025605, 4.8387885 ], [ -74.2025626, 4.838783 ], [ -74.2025646, 4.8387774 ], [ -74.2025665, 4.8387719 ], [ -74.2025684, 4.8387663 ], [ -74.2025701, 4.8387607 ], [ -74.2025717, 4.838755 ], [ -74.2025732, 4.8387493 ], [ -74.2025746, 4.8387436 ], [ -74.2025759, 4.8387379 ], [ -74.2025772, 4.8387321 ], [ -74.2025783, 4.8387264 ], [ -74.2025793, 4.8387206 ], [ -74.2025802, 4.8387148 ], [ -74.202581, 4.8387089 ], [ -74.2025817, 4.8387031 ], [ -74.2025823, 4.8386973 ], [ -74.2025829, 4.8386914 ], [ -74.2025833, 4.8386855 ], [ -74.2025836, 4.8386797 ], [ -74.2025838, 4.8386738 ], [ -74.2025839, 4.8386679 ], [ -74.2025839, 4.838662 ], [ -74.2025838, 4.8386562 ], [ -74.2025836, 4.8386503 ], [ -74.2025833, 4.8386444 ], [ -74.2025829, 4.8386386 ], [ -74.2025823, 4.8386327 ], [ -74.2025817, 4.8386269 ], [ -74.202581, 4.838621 ], [ -74.2025802, 4.8386152 ], [ -74.2025793, 4.8386094 ], [ -74.2025783, 4.8386036 ], [ -74.2025771, 4.8385978 ], [ -74.2025759, 4.8385921 ], [ -74.2025746, 4.8385864 ], [ -74.2025732, 4.8385807 ], [ -74.2025717, 4.838575 ], [ -74.2025701, 4.8385693 ], [ -74.2025683, 4.8385637 ], [ -74.2025665, 4.8385581 ], [ -74.2025646, 4.8385525 ], [ -74.2025626, 4.838547 ], [ -74.2025605, 4.8385415 ], [ -74.2025583, 4.8385361 ], [ -74.202556, 4.8385307 ], [ -74.2025536, 4.8385253 ], [ -74.2025512, 4.8385199 ], [ -74.2025486, 4.8385147 ], [ -74.2025459, 4.8385094 ], [ -74.2025432, 4.8385042 ], [ -74.2025403, 4.8384991 ], [ -74.2025374, 4.838494 ], [ -74.2025344, 4.8384889 ], [ -74.2025313, 4.8384839 ], [ -74.2025281, 4.838479 ], [ -74.2025248, 4.8384741 ], [ -74.2025214, 4.8384693 ], [ -74.202518, 4.8384645 ], [ -74.2025145, 4.8384598 ], [ -74.2025108, 4.8384551 ], [ -74.2025072, 4.8384505 ], [ -74.2025034, 4.838446 ], [ -74.2024995, 4.8384416 ], [ -74.2024956, 4.8384372 ], [ -74.2024916, 4.8384329 ], [ -74.2024875, 4.8384286 ], [ -74.2024834, 4.8384244 ], [ -74.2024792, 4.8384203 ], [ -74.2024749, 4.8384163 ], [ -74.2024705, 4.8384124 ], [ -74.2024661, 4.8384085 ], [ -74.2024616, 4.8384047 ], [ -74.202457, 4.8384009 ], [ -74.2024524, 4.8383973 ], [ -74.2024477, 4.8383937 ], [ -74.2024429, 4.8383903 ], [ -74.2024381, 4.8383868 ], [ -74.2024333, 4.8383835 ], [ -74.2024283, 4.8383803 ], [ -74.2024493, 4.8383432 ], [ -74.2024708, 4.8383065 ], [ -74.2024931, 4.8382701 ], [ -74.2025159, 4.8382342 ], [ -74.2025393, 4.8381986 ], [ -74.2025634, 4.8381634 ], [ -74.202588, 4.8381287 ], [ -74.2026133, 4.8380944 ], [ -74.2026391, 4.8380605 ], [ -74.2026655, 4.838027 ], [ -74.2026925, 4.837994 ], [ -74.2027201, 4.8379615 ], [ -74.2027482, 4.8379295 ], [ -74.2027768, 4.8378979 ], [ -74.202806, 4.8378669 ], [ -74.2028357, 4.8378363 ], [ -74.202866, 4.8378063 ], [ -74.2028967, 4.8377767 ], [ -74.202928, 4.8377477 ], [ -74.2029597, 4.8377193 ], [ -74.202992, 4.8376914 ], [ -74.2030247, 4.837664 ], [ -74.2030579, 4.8376372 ], [ -74.2030915, 4.837611 ], [ -74.2031256, 4.8375854 ], [ -74.2031601, 4.8375603 ], [ -74.2031951, 4.8375359 ], [ -74.2032026, 4.8375317 ], [ -74.2032101, 4.8375274 ], [ -74.2032175, 4.837523 ], [ -74.2032248, 4.8375185 ], [ -74.203232, 4.8375138 ], [ -74.2032392, 4.8375091 ], [ -74.2032463, 4.8375042 ], [ -74.2032533, 4.8374991 ], [ -74.2032602, 4.837494 ], [ -74.203267, 4.8374887 ], [ -74.2032737, 4.8374833 ], [ -74.2032803, 4.8374778 ], [ -74.2032868, 4.8374722 ], [ -74.2032932, 4.8374665 ], [ -74.2032996, 4.8374607 ], [ -74.2033058, 4.8374547 ], [ -74.2033119, 4.8374487 ], [ -74.2033179, 4.8374425 ], [ -74.2033238, 4.8374363 ], [ -74.2033296, 4.8374299 ], [ -74.2033353, 4.8374235 ], [ -74.2033409, 4.8374169 ], [ -74.2033463, 4.8374103 ], [ -74.2033516, 4.8374035 ], [ -74.2033569, 4.8373967 ], [ -74.203362, 4.8373898 ], [ -74.2033669, 4.8373827 ], [ -74.2033718, 4.8373757 ], [ -74.2033765, 4.8373685 ], [ -74.2033811, 4.8373612 ], [ -74.2033856, 4.8373539 ], [ -74.20339, 4.8373465 ], [ -74.2033942, 4.837339 ], [ -74.2033983, 4.8373314 ], [ -74.2034022, 4.8373238 ], [ -74.203406, 4.8373161 ], [ -74.2034097, 4.8373083 ], [ -74.2034133, 4.8373005 ], [ -74.2034167, 4.8372926 ], [ -74.20342, 4.8372847 ], [ -74.2034231, 4.8372767 ], [ -74.2034261, 4.8372687 ], [ -74.203429, 4.8372606 ], [ -74.2034317, 4.8372524 ], [ -74.2034343, 4.8372442 ], [ -74.2034367, 4.837236 ], [ -74.203439, 4.8372277 ], [ -74.2034412, 4.8372194 ], [ -74.2034432, 4.837211 ], [ -74.203445, 4.8372026 ], [ -74.2034467, 4.8371942 ], [ -74.2034483, 4.8371858 ], [ -74.2034497, 4.8371773 ], [ -74.203451, 4.8371688 ], [ -74.2034521, 4.8371603 ], [ -74.2034531, 4.8371518 ], [ -74.2034539, 4.8371432 ], [ -74.2034546, 4.8371347 ], [ -74.2034551, 4.8371261 ], [ -74.2034555, 4.8371175 ], [ -74.2034557, 4.8371089 ], [ -74.2034558, 4.8371003 ], [ -74.2034557, 4.8370918 ], [ -74.2034555, 4.8370832 ], [ -74.2034551, 4.8370746 ], [ -74.2034546, 4.837066 ], [ -74.2034539, 4.8370575 ], [ -74.2034531, 4.8370489 ], [ -74.2034521, 4.8370404 ], [ -74.203451, 4.8370319 ], [ -74.2034497, 4.8370234 ], [ -74.2034483, 4.8370149 ], [ -74.2034468, 4.8370065 ], [ -74.2034451, 4.836998 ], [ -74.2034432, 4.8369897 ], [ -74.2034412, 4.8369813 ], [ -74.2034391, 4.836973 ], [ -74.2034368, 4.8369647 ], [ -74.2034344, 4.8369565 ], [ -74.2034318, 4.8369483 ], [ -74.2034291, 4.8369401 ], [ -74.2034262, 4.836932 ], [ -74.2034232, 4.836924 ], [ -74.2034201, 4.836916 ], [ -74.2034168, 4.836908 ], [ -74.2034134, 4.8369002 ], [ -74.2034098, 4.8368923 ], [ -74.2034062, 4.8368846 ], [ -74.2034023, 4.8368769 ], [ -74.2033984, 4.8368692 ], [ -74.2033943, 4.8368617 ], [ -74.2033901, 4.8368542 ], [ -74.2033857, 4.8368468 ], [ -74.2033813, 4.8368394 ], [ -74.2033767, 4.8368322 ], [ -74.2030159, 4.8363778 ], [ -74.2026503, 4.8359274 ], [ -74.2026824, 4.8358975 ], [ -74.202715, 4.8358682 ], [ -74.2027481, 4.8358394 ], [ -74.2027817, 4.8358112 ], [ -74.2028157, 4.8357835 ], [ -74.2028502, 4.8357564 ], [ -74.2028852, 4.8357299 ], [ -74.2029206, 4.835704 ], [ -74.2029565, 4.8356787 ], [ -74.2029928, 4.8356541 ], [ -74.2030295, 4.83563 ], [ -74.2030666, 4.8356066 ], [ -74.2031041, 4.8355838 ], [ -74.203142, 4.8355616 ], [ -74.2031803, 4.8355401 ], [ -74.2032189, 4.8355192 ], [ -74.2032579, 4.835499 ], [ -74.2032972, 4.8354794 ], [ -74.2033368, 4.8354605 ], [ -74.2033768, 4.8354423 ], [ -74.203417, 4.8354248 ], [ -74.2034247, 4.8354205 ], [ -74.2034323, 4.8354161 ], [ -74.2034399, 4.8354115 ], [ -74.2034474, 4.8354069 ], [ -74.2034547, 4.835402 ], [ -74.203462, 4.8353971 ], [ -74.2034693, 4.835392 ], [ -74.2034764, 4.8353869 ], [ -74.2034834, 4.8353815 ], [ -74.2034903, 4.8353761 ], [ -74.2034972, 4.8353706 ], [ -74.2035039, 4.8353649 ], [ -74.2035106, 4.8353591 ], [ -74.2035171, 4.8353532 ], [ -74.2035236, 4.8353472 ], [ -74.2035299, 4.8353411 ], [ -74.2035361, 4.8353349 ], [ -74.2035422, 4.8353285 ], [ -74.2035482, 4.8353221 ], [ -74.2035541, 4.8353156 ], [ -74.2035599, 4.8353089 ], [ -74.2035656, 4.8353022 ], [ -74.2035711, 4.8352953 ], [ -74.2035765, 4.8352884 ], [ -74.2035818, 4.8352814 ], [ -74.203587, 4.8352743 ], [ -74.2035921, 4.8352671 ], [ -74.203597, 4.8352598 ], [ -74.2036018, 4.8352524 ], [ -74.2036065, 4.8352449 ], [ -74.203611, 4.8352374 ], [ -74.2036154, 4.8352298 ], [ -74.2036197, 4.8352221 ], [ -74.2036238, 4.8352143 ], [ -74.2036278, 4.8352065 ], [ -74.2036317, 4.8351986 ], [ -74.2036354, 4.8351906 ], [ -74.203639, 4.8351826 ], [ -74.2036425, 4.8351745 ], [ -74.2036458, 4.8351664 ], [ -74.203649, 4.8351582 ], [ -74.203652, 4.8351499 ], [ -74.2036549, 4.8351416 ], [ -74.2036576, 4.8351333 ], [ -74.2036602, 4.8351249 ], [ -74.2036626, 4.8351164 ], [ -74.2036649, 4.8351079 ], [ -74.2036671, 4.8350994 ], [ -74.2036691, 4.8350908 ], [ -74.2036709, 4.8350822 ], [ -74.2036726, 4.8350736 ], [ -74.2036742, 4.835065 ], [ -74.2036756, 4.8350563 ], [ -74.2036768, 4.8350476 ], [ -74.2036779, 4.8350389 ], [ -74.2036789, 4.8350301 ], [ -74.2036797, 4.8350214 ], [ -74.2036803, 4.8350126 ], [ -74.2036808, 4.8350038 ], [ -74.2036811, 4.834995 ], [ -74.2036813, 4.8349862 ], [ -74.2036813, 4.8349775 ], [ -74.2036812, 4.8349687 ], [ -74.2036809, 4.8349599 ], [ -74.2036805, 4.8349511 ], [ -74.2036799, 4.8349423 ], [ -74.2036792, 4.8349336 ], [ -74.2036783, 4.8349248 ], [ -74.2036772, 4.8349161 ], [ -74.203676, 4.8349074 ], [ -74.2036747, 4.8348987 ], [ -74.2036732, 4.83489 ], [ -74.2036716, 4.8348814 ], [ -74.2036698, 4.8348728 ], [ -74.2036678, 4.8348642 ], [ -74.2036657, 4.8348557 ], [ -74.2036635, 4.8348472 ], [ -74.2036611, 4.8348387 ], [ -74.2036586, 4.8348303 ], [ -74.2036559, 4.8348219 ], [ -74.203653, 4.8348136 ], [ -74.2036501, 4.8348053 ], [ -74.203647, 4.8347971 ], [ -74.2036437, 4.8347889 ], [ -74.2036403, 4.8347808 ], [ -74.2036368, 4.8347728 ], [ -74.2036331, 4.8347648 ], [ -74.2036293, 4.8347569 ], [ -74.2036253, 4.834749 ], [ -74.2036212, 4.8347412 ], [ -74.203617, 4.8347335 ], [ -74.2036126, 4.8347259 ], [ -74.2036081, 4.8347183 ], [ -74.2036035, 4.8347108 ], [ -74.2035987, 4.8347034 ], [ -74.2035939, 4.8346961 ], [ -74.2035888, 4.8346889 ], [ -74.2035837, 4.8346817 ], [ -74.2035785, 4.8346747 ], [ -74.2035731, 4.8346677 ], [ -74.2035676, 4.8346608 ], [ -74.203562, 4.834654 ], [ -74.2035562, 4.8346474 ], [ -74.2035504, 4.8346408 ], [ -74.2035444, 4.8346343 ], [ -74.2035383, 4.8346279 ], [ -74.2035321, 4.8346217 ], [ -74.2035258, 4.8346155 ], [ -74.2035194, 4.8346095 ], [ -74.2035129, 4.8346035 ], [ -74.2035063, 4.8345977 ], [ -74.2034996, 4.834592 ], [ -74.2034928, 4.8345864 ], [ -74.2034859, 4.8345809 ], [ -74.2034789, 4.8345756 ], [ -74.2034718, 4.8345704 ], [ -74.2034646, 4.8345652 ], [ -74.2034574, 4.8345603 ], [ -74.2034872, 4.8345451 ], [ -74.2035173, 4.8345305 ], [ -74.2035477, 4.8345164 ], [ -74.2035782, 4.8345029 ], [ -74.203609, 4.8344898 ], [ -74.2036401, 4.8344772 ], [ -74.2036713, 4.8344652 ], [ -74.2037027, 4.8344537 ], [ -74.2037343, 4.8344427 ], [ -74.2037661, 4.8344323 ], [ -74.2037981, 4.8344224 ], [ -74.2038302, 4.834413 ], [ -74.2038625, 4.8344042 ], [ -74.2038949, 4.834396 ], [ -74.2039275, 4.8343882 ], [ -74.2039602, 4.8343811 ], [ -74.203993, 4.8343744 ], [ -74.2040259, 4.8343684 ], [ -74.2040589, 4.8343628 ], [ -74.204092, 4.8343579 ], [ -74.2041252, 4.8343535 ], [ -74.2041585, 4.8343496 ], [ -74.2041918, 4.8343463 ], [ -74.2042252, 4.8343436 ], [ -74.2042586, 4.8343415 ], [ -74.204292, 4.8343399 ], [ -74.2043255, 4.8343388 ], [ -74.2043589, 4.8343384 ], [ -74.2043924, 4.8343384 ], [ -74.2044259, 4.8343391 ], [ -74.2044165, 4.8343342 ], [ -74.2044072, 4.8343291 ], [ -74.2043979, 4.8343239 ], [ -74.2043888, 4.8343185 ], [ -74.2043797, 4.8343129 ], [ -74.2043708, 4.8343072 ], [ -74.204362, 4.8343014 ], [ -74.2043532, 4.8342953 ], [ -74.2043446, 4.8342892 ], [ -74.2043361, 4.8342829 ], [ -74.2043276, 4.8342764 ], [ -74.2043194, 4.8342698 ], [ -74.2043112, 4.834263 ], [ -74.2043031, 4.8342562 ], [ -74.2042952, 4.8342491 ], [ -74.2042874, 4.834242 ], [ -74.2042797, 4.8342346 ], [ -74.2042721, 4.8342272 ], [ -74.2042647, 4.8342196 ], [ -74.2042574, 4.834212 ], [ -74.2042502, 4.8342041 ], [ -74.2042432, 4.8341962 ], [ -74.2042363, 4.8341881 ], [ -74.2042296, 4.8341799 ], [ -74.204223, 4.8341717 ], [ -74.2042165, 4.8341632 ], [ -74.2042102, 4.8341547 ], [ -74.2042041, 4.8341461 ], [ -74.2041981, 4.8341374 ], [ -74.2041923, 4.8341285 ], [ -74.2041866, 4.8341196 ], [ -74.204181, 4.8341105 ], [ -74.2041757, 4.8341014 ], [ -74.2041704, 4.8340922 ], [ -74.2041654, 4.8340829 ], [ -74.2041605, 4.8340735 ], [ -74.2041558, 4.834064 ], [ -74.2041512, 4.8340544 ], [ -74.2041469, 4.8340448 ], [ -74.2041426, 4.8340351 ], [ -74.2041386, 4.8340253 ], [ -74.2041347, 4.8340154 ], [ -74.204131, 4.8340055 ], [ -74.2041275, 4.8339955 ], [ -74.2041241, 4.8339855 ], [ -74.204121, 4.8339754 ], [ -74.204118, 4.8339652 ], [ -74.2041151, 4.833955 ], [ -74.2041125, 4.8339448 ], [ -74.20411, 4.8339345 ], [ -74.2041078, 4.8339242 ], [ -74.2041057, 4.8339138 ], [ -74.2041037, 4.8339034 ], [ -74.204102, 4.8338929 ], [ -74.2041005, 4.8338825 ], [ -74.2040991, 4.833872 ], [ -74.2040979, 4.8338614 ], [ -74.2040969, 4.8338509 ], [ -74.2040961, 4.8338404 ], [ -74.2040954, 4.8338298 ], [ -74.204095, 4.8338192 ], [ -74.2040947, 4.8338086 ], [ -74.2040947, 4.8337981 ], [ -74.2040948, 4.8337875 ], [ -74.2040951, 4.8337769 ], [ -74.2040955, 4.8337663 ], [ -74.2040962, 4.8337558 ], [ -74.2040971, 4.8337452 ], [ -74.2040981, 4.8337347 ], [ -74.2040993, 4.8337242 ], [ -74.2041007, 4.8337137 ], [ -74.2041023, 4.8337032 ], [ -74.2041041, 4.8336928 ], [ -74.204106, 4.8336824 ], [ -74.2041081, 4.833672 ], [ -74.2041105, 4.8336617 ], [ -74.204113, 4.8336514 ], [ -74.2041156, 4.8336411 ], [ -74.2041185, 4.8336309 ], [ -74.2041215, 4.8336208 ], [ -74.2041247, 4.8336107 ], [ -74.2041281, 4.8336007 ], [ -74.2041317, 4.8335907 ], [ -74.2041354, 4.8335808 ], [ -74.2041393, 4.8335709 ], [ -74.2041434, 4.8335612 ], [ -74.2041476, 4.8335515 ], [ -74.204152, 4.8335418 ], [ -74.2041566, 4.8335323 ], [ -74.2041614, 4.8335228 ], [ -74.2041663, 4.8335134 ], [ -74.2041714, 4.8335042 ], [ -74.2041766, 4.8334949 ], [ -74.204182, 4.8334858 ], [ -74.2041876, 4.8334768 ], [ -74.2041933, 4.8334679 ], [ -74.2041991, 4.8334591 ], [ -74.2042052, 4.8334504 ], [ -74.2042113, 4.8334417 ], [ -74.2042177, 4.8334332 ], [ -74.2042242, 4.8334249 ], [ -74.2042308, 4.8334166 ], [ -74.2042375, 4.8334084 ], [ -74.2042444, 4.8334004 ], [ -74.2042515, 4.8333925 ], [ -74.2042587, 4.8333847 ], [ -74.204266, 4.833377 ], [ -74.2042734, 4.8333694 ], [ -74.204281, 4.833362 ], [ -74.2042887, 4.8333548 ], [ -74.2042966, 4.8333476 ], [ -74.2043045, 4.8333406 ], [ -74.2043126, 4.8333337 ], [ -74.2043208, 4.833327 ], [ -74.2043291, 4.8333204 ], [ -74.2043376, 4.833314 ], [ -74.2043461, 4.8333077 ], [ -74.2043548, 4.8333016 ], [ -74.2043635, 4.8332956 ], [ -74.2043724, 4.8332897 ], [ -74.2043813, 4.8332841 ], [ -74.2043904, 4.8332785 ], [ -74.2043996, 4.8332732 ], [ -74.2044088, 4.833268 ], [ -74.2044181, 4.8332629 ], [ -74.2044276, 4.833258 ], [ -74.2044371, 4.8332533 ], [ -74.2044467, 4.8332488 ], [ -74.2044563, 4.8332444 ], [ -74.2044661, 4.8332402 ], [ -74.2044759, 4.8332361 ], [ -74.2044858, 4.8332322 ], [ -74.2044957, 4.8332285 ], [ -74.2045057, 4.833225 ], [ -74.2045158, 4.8332217 ], [ -74.2045259, 4.8332185 ], [ -74.2045361, 4.8332155 ], [ -74.2045464, 4.8332127 ], [ -74.2045566, 4.83321 ], [ -74.204567, 4.8332075 ], [ -74.2045773, 4.8332053 ], [ -74.2045878, 4.8332031 ], [ -74.2045982, 4.8332012 ], [ -74.2046087, 4.8331995 ], [ -74.2046192, 4.8331979 ], [ -74.2046297, 4.8331965 ], [ -74.2046403, 4.8331953 ], [ -74.2046508, 4.8331943 ], [ -74.2046614, 4.8331935 ], [ -74.204672, 4.8331929 ], [ -74.2046826, 4.8331924 ], [ -74.2046933, 4.8331921 ], [ -74.2047039, 4.833192 ], [ -74.2047145, 4.8331921 ], [ -74.2047251, 4.8331924 ], [ -74.2047357, 4.8331929 ], [ -74.2047463, 4.8331935 ], [ -74.2047569, 4.8331943 ], [ -74.2047675, 4.8331954 ], [ -74.2047781, 4.8331966 ], [ -74.2047886, 4.8331979 ], [ -74.2047991, 4.8331995 ], [ -74.2048096, 4.8332013 ], [ -74.20482, 4.8332032 ], [ -74.2048304, 4.8332053 ], [ -74.2048408, 4.8332076 ], [ -74.2048511, 4.8332101 ], [ -74.2048614, 4.8332127 ], [ -74.2048716, 4.8332155 ], [ -74.2048818, 4.8332185 ], [ -74.2048919, 4.8332217 ], [ -74.204902, 4.8332251 ], [ -74.204912, 4.8332286 ], [ -74.204922, 4.8332323 ], [ -74.2049319, 4.8332362 ], [ -74.2049417, 4.8332402 ], [ -74.2049514, 4.8332445 ], [ -74.2049611, 4.8332488 ], [ -74.2049707, 4.8332534 ], [ -74.2049793, 4.8332276 ], [ -74.2049884, 4.833202 ], [ -74.2049978, 4.8331765 ], [ -74.2050078, 4.8331512 ], [ -74.2050181, 4.8331261 ], [ -74.2050289, 4.8331011 ], [ -74.2050401, 4.8330763 ], [ -74.2050517, 4.8330518 ], [ -74.2050637, 4.8330274 ], [ -74.2050761, 4.8330032 ], [ -74.205089, 4.8329792 ], [ -74.2051022, 4.8329555 ], [ -74.2051158, 4.8329319 ], [ -74.2051299, 4.8329087 ], [ -74.2051443, 4.8328856 ], [ -74.2051591, 4.8328628 ], [ -74.2051743, 4.8328402 ], [ -74.2051899, 4.8328179 ], [ -74.2052059, 4.8327959 ], [ -74.2052222, 4.8327741 ], [ -74.2052389, 4.8327527 ], [ -74.2052559, 4.8327315 ], [ -74.2052733, 4.8327105 ], [ -74.2052653, 4.8326973 ], [ -74.2052575, 4.832684 ], [ -74.20525, 4.8326705 ], [ -74.2052426, 4.8326569 ], [ -74.2052356, 4.8326431 ], [ -74.2052287, 4.8326292 ], [ -74.2052221, 4.8326153 ], [ -74.2052158, 4.8326012 ], [ -74.2052097, 4.832587 ], [ -74.2052038, 4.8325726 ], [ -74.2051982, 4.8325582 ], [ -74.2051929, 4.8325437 ], [ -74.2051878, 4.8325291 ], [ -74.2051829, 4.8325145 ], [ -74.2051783, 4.8324997 ], [ -74.205174, 4.8324849 ], [ -74.2051699, 4.8324699 ], [ -74.2051661, 4.832455 ], [ -74.2051626, 4.8324399 ], [ -74.2051593, 4.8324248 ], [ -74.2051563, 4.8324097 ], [ -74.2051536, 4.8323945 ], [ -74.2051511, 4.8323792 ], [ -74.2051489, 4.8323639 ], [ -74.2051469, 4.8323486 ], [ -74.2051452, 4.8323332 ], [ -74.2051438, 4.8323178 ], [ -74.2051427, 4.8323024 ], [ -74.2051418, 4.832287 ], [ -74.2051412, 4.8322716 ], [ -74.2051409, 4.8322561 ], [ -74.2051408, 4.8322407 ], [ -74.205141, 4.8322252 ], [ -74.2051415, 4.8322098 ], [ -74.2051422, 4.8321943 ], [ -74.2051433, 4.8321789 ], [ -74.2051446, 4.8321635 ], [ -74.2051461, 4.8321481 ], [ -74.2051479, 4.8321328 ], [ -74.20515, 4.8321175 ], [ -74.2051524, 4.8321022 ], [ -74.205155, 4.832087 ], [ -74.2051579, 4.8320718 ], [ -74.2051611, 4.8320567 ], [ -74.2051645, 4.8320416 ], [ -74.2051682, 4.8320266 ], [ -74.2051721, 4.8320116 ], [ -74.2051763, 4.8319968 ], [ -74.2051808, 4.831982 ], [ -74.2051855, 4.8319672 ], [ -74.2051905, 4.8319526 ], [ -74.2051957, 4.8319381 ], [ -74.2052012, 4.8319236 ], [ -74.2052069, 4.8319093 ], [ -74.2052129, 4.831895 ], [ -74.2052192, 4.8318809 ], [ -74.2052256, 4.8318668 ], [ -74.2052324, 4.8318529 ], [ -74.2052393, 4.8318391 ], [ -74.2052466, 4.8318254 ], [ -74.205254, 4.8318119 ], [ -74.2052617, 4.8317984 ], [ -74.2052696, 4.8317852 ], [ -74.2052778, 4.831772 ], [ -74.2052861, 4.831759 ], [ -74.2052947, 4.8317462 ], [ -74.2053036, 4.8317334 ], [ -74.2053126, 4.8317209 ], [ -74.2053219, 4.8317085 ], [ -74.2053313, 4.8316963 ], [ -74.205341, 4.8316842 ], [ -74.2053509, 4.8316723 ], [ -74.2053611, 4.8316606 ], [ -74.2053714, 4.8316491 ], [ -74.2053819, 4.8316377 ], [ -74.2053926, 4.8316265 ], [ -74.2054035, 4.8316155 ], [ -74.2054146, 4.8316047 ], [ -74.2055762, 4.8316043 ], [ -74.2057378, 4.8316013 ], [ -74.2058993, 4.8315959 ], [ -74.2060607, 4.8315879 ], [ -74.206222, 4.8315775 ], [ -74.2063831, 4.8315645 ], [ -74.2063944, 4.8315588 ], [ -74.2064056, 4.8315528 ], [ -74.2064167, 4.8315466 ], [ -74.2064277, 4.8315403 ], [ -74.2064386, 4.8315338 ], [ -74.2064494, 4.831527 ], [ -74.2064601, 4.8315201 ], [ -74.2064706, 4.831513 ], [ -74.206481, 4.8315058 ], [ -74.2064913, 4.8314983 ], [ -74.2065014, 4.8314907 ], [ -74.2065115, 4.8314829 ], [ -74.2065213, 4.8314749 ], [ -74.2065311, 4.8314667 ], [ -74.2065407, 4.8314584 ], [ -74.2065501, 4.8314499 ], [ -74.2065594, 4.8314413 ], [ -74.2065686, 4.8314325 ], [ -74.2065775, 4.8314235 ], [ -74.2065864, 4.8314144 ], [ -74.206595, 4.8314051 ], [ -74.2066036, 4.8313957 ], [ -74.2066119, 4.8313862 ], [ -74.2066201, 4.8313765 ], [ -74.2066281, 4.8313666 ], [ -74.2066359, 4.8313566 ], [ -74.2066436, 4.8313465 ], [ -74.206651, 4.8313363 ], [ -74.2066583, 4.8313259 ], [ -74.2066654, 4.8313154 ], [ -74.2066724, 4.8313048 ], [ -74.2066791, 4.831294 ], [ -74.2066857, 4.8312832 ], [ -74.206692, 4.8312722 ], [ -74.2066982, 4.8312611 ], [ -74.2067042, 4.8312499 ], [ -74.20671, 4.8312387 ], [ -74.2067156, 4.8312273 ], [ -74.2067209, 4.8312158 ], [ -74.2067261, 4.8312042 ], [ -74.2067311, 4.8311926 ], [ -74.2067359, 4.8311808 ], [ -74.2067405, 4.831169 ], [ -74.2067448, 4.8311571 ], [ -74.206749, 4.8311451 ], [ -74.2067529, 4.8311331 ], [ -74.2067567, 4.831121 ], [ -74.2067602, 4.8311088 ], [ -74.2067635, 4.8310966 ], [ -74.2067666, 4.8310843 ], [ -74.2067695, 4.8310719 ], [ -74.2067721, 4.8310596 ], [ -74.2067746, 4.8310471 ], [ -74.2067768, 4.8310347 ], [ -74.2067788, 4.8310221 ], [ -74.2067806, 4.8310096 ], [ -74.2067822, 4.830997 ], [ -74.2067836, 4.8309844 ], [ -74.2067847, 4.8309718 ], [ -74.2067856, 4.8309592 ], [ -74.2067863, 4.8309465 ], [ -74.2067868, 4.8309339 ], [ -74.206787, 4.8309212 ], [ -74.2067871, 4.8309085 ], [ -74.2067869, 4.8308959 ], [ -74.2067865, 4.8308832 ], [ -74.2067859, 4.8308705 ], [ -74.206785, 4.8308579 ], [ -74.2067839, 4.8308453 ], [ -74.2067826, 4.8308327 ], [ -74.2067811, 4.8308201 ], [ -74.2067794, 4.8308075 ], [ -74.2067774, 4.830795 ], [ -74.2067753, 4.8307825 ], [ -74.2067729, 4.8307701 ], [ -74.2067703, 4.8307577 ], [ -74.2067675, 4.8307453 ], [ -74.2067644, 4.830733 ], [ -74.2067612, 4.8307208 ], [ -74.2067577, 4.8307086 ], [ -74.2067541, 4.8306965 ], [ -74.2067502, 4.8306844 ], [ -74.2067461, 4.8306724 ], [ -74.2067418, 4.8306605 ], [ -74.2067373, 4.8306486 ], [ -74.2067325, 4.8306369 ], [ -74.2067276, 4.8306252 ], [ -74.2067225, 4.8306136 ], [ -74.2067172, 4.8306021 ], [ -74.2067116, 4.8305907 ], [ -74.2067059, 4.8305794 ], [ -74.2067067, 4.8305739 ], [ -74.2067073, 4.8305685 ], [ -74.2067079, 4.8305631 ], [ -74.2067084, 4.8305576 ], [ -74.2067088, 4.8305522 ], [ -74.2067091, 4.8305467 ], [ -74.2067092, 4.8305413 ], [ -74.2067093, 4.8305358 ], [ -74.2067093, 4.8305304 ], [ -74.2067092, 4.8305249 ], [ -74.2067091, 4.8305194 ], [ -74.2067088, 4.830514 ], [ -74.2067084, 4.8305085 ], [ -74.2067079, 4.8305031 ], [ -74.2067074, 4.8304976 ], [ -74.2067067, 4.8304922 ], [ -74.2067059, 4.8304868 ], [ -74.2067051, 4.8304814 ], [ -74.2067041, 4.830476 ], [ -74.2067031, 4.8304707 ], [ -74.206702, 4.8304653 ], [ -74.2067008, 4.83046 ], [ -74.2066994, 4.8304547 ], [ -74.206698, 4.8304494 ], [ -74.2066965, 4.8304442 ], [ -74.206695, 4.8304389 ], [ -74.2066933, 4.8304337 ], [ -74.2066915, 4.8304286 ], [ -74.2066896, 4.8304234 ], [ -74.2066877, 4.8304183 ], [ -74.2066857, 4.8304132 ], [ -74.2066835, 4.8304082 ], [ -74.2066813, 4.8304032 ], [ -74.206679, 4.8303982 ], [ -74.2066766, 4.8303933 ], [ -74.2066742, 4.8303884 ], [ -74.2066716, 4.8303836 ], [ -74.206669, 4.8303788 ], [ -74.2066663, 4.8303741 ], [ -74.2066635, 4.8303694 ], [ -74.2066606, 4.8303647 ], [ -74.2066576, 4.8303601 ], [ -74.2066546, 4.8303556 ], [ -74.2066515, 4.8303511 ], [ -74.2066483, 4.8303467 ], [ -74.206645, 4.8303423 ], [ -74.2066416, 4.8303379 ], [ -74.2066382, 4.8303337 ], [ -74.2066347, 4.8303295 ], [ -74.2066311, 4.8303253 ], [ -74.2066275, 4.8303212 ], [ -74.2066238, 4.8303172 ], [ -74.20662, 4.8303133 ], [ -74.2066161, 4.8303094 ], [ -74.2066122, 4.8303056 ], [ -74.2066082, 4.8303018 ], [ -74.2066042, 4.8302981 ], [ -74.2066001, 4.8302945 ], [ -74.2065959, 4.830291 ], [ -74.2065917, 4.8302875 ], [ -74.2065874, 4.8302841 ], [ -74.206583, 4.8302808 ], [ -74.2065786, 4.8302775 ], [ -74.2065742, 4.8302743 ], [ -74.2065696, 4.8302713 ], [ -74.2065651, 4.8302682 ], [ -74.2065604, 4.8302653 ], [ -74.2065558, 4.8302624 ], [ -74.206551, 4.8302597 ], [ -74.2065463, 4.830257 ], [ -74.2065415, 4.8302544 ], [ -74.2065366, 4.8302518 ], [ -74.2065317, 4.8302494 ], [ -74.2065267, 4.830247 ], [ -74.2065218, 4.8302448 ], [ -74.2065167, 4.8302426 ], [ -74.2065117, 4.8302405 ], [ -74.2065066, 4.8302385 ], [ -74.2065014, 4.8302366 ], [ -74.2064963, 4.8302347 ], [ -74.2064911, 4.830233 ], [ -74.2064859, 4.8302313 ], [ -74.2064806, 4.8302298 ], [ -74.2064753, 4.8302283 ], [ -74.20647, 4.8302269 ], [ -74.2064647, 4.8302256 ], [ -74.2064593, 4.8302244 ], [ -74.206454, 4.8302233 ], [ -74.2064486, 4.8302223 ], [ -74.2064432, 4.8302214 ], [ -74.2064378, 4.8302205 ], [ -74.2064323, 4.8302198 ], [ -74.2064269, 4.8302192 ], [ -74.2064214, 4.8302186 ], [ -74.206416, 4.8302182 ], [ -74.2064105, 4.8302178 ], [ -74.206405, 4.8302176 ], [ -74.2063995, 4.8302174 ], [ -74.2063941, 4.8302173 ], [ -74.2063886, 4.8302173 ], [ -74.2063831, 4.8302175 ], [ -74.2064455, 4.8301736 ], [ -74.2065071, 4.8301287 ], [ -74.2065679, 4.8300828 ], [ -74.206628, 4.8300358 ], [ -74.2066872, 4.8299879 ], [ -74.2067456, 4.8299389 ], [ -74.2068031, 4.8298889 ], [ -74.2068598, 4.829838 ], [ -74.2069156, 4.8297861 ], [ -74.2069705, 4.8297332 ], [ -74.2070245, 4.8296794 ], [ -74.2070775, 4.8296247 ], [ -74.2071296, 4.8295691 ], [ -74.2071807, 4.8295127 ], [ -74.2072309, 4.8294553 ], [ -74.20728, 4.8293971 ], [ -74.2073282, 4.8293381 ], [ -74.2073753, 4.8292783 ], [ -74.2074214, 4.8292177 ], [ -74.2074665, 4.8291563 ], [ -74.2075105, 4.8290941 ], [ -74.2075534, 4.8290312 ], [ -74.2082192, 4.8283074 ], [ -74.2088447, 4.8282471 ], [ -74.2092281, 4.8279254 ], [ -74.20945, 4.8274228 ], [ -74.2093895, 4.8270206 ], [ -74.2091877, 4.8268397 ], [ -74.2091474, 4.8264376 ], [ -74.2088649, 4.826136 ], [ -74.2085219, 4.8258545 ], [ -74.2084008, 4.8254926 ], [ -74.2084614, 4.8250101 ], [ -74.208421, 4.8247085 ], [ -74.2082596, 4.8245275 ], [ -74.2079166, 4.8244069 ], [ -74.2077753, 4.8243466 ], [ -74.2074727, 4.824246 ], [ -74.207392, 4.8241656 ], [ -74.207392, 4.8240048 ], [ -74.2075735, 4.8238238 ], [ -74.2077148, 4.8235826 ], [ -74.2077753, 4.8234418 ] ] ] ] } },
{ "type": "Feature", "properties": { "id": 0, "layer": "MADRID OFICIAL — AREA DE RESERVA FORESTAL PROTECTORA", "clas_CIAF": "5a" }, "geometry": { "type": "Polygon", "coordinates": [ [ [ -74.2702645, 4.7055649 ], [ -74.2705772, 4.7058665 ], [ -74.2706377, 4.7061681 ], [ -74.2703653, 4.7065201 ], [ -74.2698609, 4.7068619 ], [ -74.2694473, 4.7072138 ], [ -74.269417, 4.7073948 ], [ -74.2695482, 4.7075356 ], [ -74.2695179, 4.7076763 ], [ -74.2686604, 4.7079177 ], [ -74.2681458, 4.7080886 ], [ -74.2679037, 4.7080886 ], [ -74.26748, 4.7081288 ], [ -74.2672076, 4.7082394 ], [ -74.2670159, 4.7085712 ], [ -74.2666325, 4.7091343 ], [ -74.2665317, 4.7093555 ], [ -74.266229, 4.7098984 ], [ -74.2658456, 4.7103207 ], [ -74.2656237, 4.7105419 ], [ -74.2653008, 4.710743 ], [ -74.2651394, 4.7108234 ], [ -74.2643727, 4.7104011 ], [ -74.2639288, 4.7103408 ], [ -74.2635858, 4.7103207 ], [ -74.2632629, 4.7103408 ], [ -74.263162, 4.7103006 ], [ -74.2630612, 4.7099788 ], [ -74.2626778, 4.7095163 ], [ -74.2625365, 4.7094158 ], [ -74.2623146, 4.7094761 ], [ -74.2621935, 4.7095968 ], [ -74.2620321, 4.7097576 ], [ -74.2618102, 4.7102805 ], [ -74.2616084, 4.7098582 ], [ -74.2615075, 4.7097174 ], [ -74.261225, 4.7095767 ], [ -74.2612452, 4.7093555 ], [ -74.2616084, 4.7093354 ], [ -74.2618505, 4.7093555 ], [ -74.2620321, 4.7090739 ], [ -74.2618707, 4.7087924 ], [ -74.2616891, 4.7085511 ], [ -74.2617698, 4.70835 ], [ -74.2618909, 4.708169 ], [ -74.2622339, 4.7080484 ], [ -74.2625365, 4.708169 ], [ -74.2628997, 4.7079478 ], [ -74.263041, 4.7077266 ], [ -74.2631217, 4.7075456 ], [ -74.2632629, 4.7071233 ], [ -74.2633638, 4.7068217 ], [ -74.2634849, 4.7065603 ], [ -74.2635858, 4.7062787 ], [ -74.2635656, 4.7060575 ], [ -74.2634849, 4.7056956 ], [ -74.2635858, 4.7053939 ], [ -74.2636059, 4.7052733 ], [ -74.2635252, 4.7050521 ], [ -74.2634445, 4.7047907 ], [ -74.2634445, 4.7045292 ], [ -74.2637068, 4.7044488 ], [ -74.2639288, 4.7045493 ], [ -74.2642113, 4.7046499 ], [ -74.2642113, 4.7049314 ], [ -74.2641104, 4.7052532 ], [ -74.2642718, 4.7053939 ], [ -74.2643727, 4.7054543 ], [ -74.2645341, 4.7056755 ], [ -74.264756, 4.7058967 ], [ -74.2650385, 4.7059972 ], [ -74.265321, 4.7060978 ], [ -74.2656035, 4.706138 ], [ -74.2658658, 4.7058766 ], [ -74.2658658, 4.7057358 ], [ -74.2658254, 4.7053939 ], [ -74.2659263, 4.7053336 ], [ -74.2665317, 4.7052733 ], [ -74.2669554, 4.7051325 ], [ -74.26748, 4.705213 ], [ -74.268166, 4.7054543 ], [ -74.2684889, 4.7055347 ], [ -74.2686503, 4.7058162 ], [ -74.269074, 4.7058565 ], [ -74.2702645, 4.7055649 ] ] ] } },
{ "type": "Feature", "properties": { "id": 0, "layer": "MADRID OFICIAL — AREA DE RESERVA FORESTAL PROTECTORA", "clas_CIAF": "5a" }, "geometry": { "type": "Polygon", "coordinates": [ [ [ -74.2652201, 4.7115574 ], [ -74.2654824, 4.7116781 ], [ -74.2655228, 4.7119194 ], [ -74.2653815, 4.7119998 ], [ -74.2648771, 4.7123819 ], [ -74.264756, 4.7126232 ], [ -74.2646552, 4.7129852 ], [ -74.2648973, 4.7131259 ], [ -74.2650789, 4.7128645 ], [ -74.2653614, 4.7126433 ], [ -74.2658254, 4.7125227 ], [ -74.2665518, 4.7123216 ], [ -74.2668545, 4.7122813 ], [ -74.2670563, 4.7122813 ], [ -74.2673387, 4.712402 ], [ -74.2677625, 4.712583 ], [ -74.2680651, 4.7125629 ], [ -74.2685897, 4.7126835 ], [ -74.2690538, 4.7130053 ], [ -74.2692556, 4.7131863 ], [ -74.2693161, 4.7134678 ], [ -74.2691951, 4.7137091 ], [ -74.2687915, 4.7135482 ], [ -74.2684485, 4.7133873 ], [ -74.2683476, 4.7135884 ], [ -74.2684081, 4.7139102 ], [ -74.2685494, 4.7141716 ], [ -74.2688319, 4.7145537 ], [ -74.269074, 4.7146944 ], [ -74.269074, 4.7149357 ], [ -74.2690135, 4.71572 ], [ -74.2690538, 4.7159613 ], [ -74.2689933, 4.7163434 ], [ -74.2688117, 4.716645 ], [ -74.2686704, 4.716826 ], [ -74.2686503, 4.7170271 ], [ -74.2687512, 4.7172483 ], [ -74.2689731, 4.7172483 ], [ -74.2693767, 4.7172684 ], [ -74.2694977, 4.7172885 ], [ -74.2695784, 4.71757 ], [ -74.2692556, 4.7177912 ], [ -74.2690336, 4.7180325 ], [ -74.2689328, 4.718495 ], [ -74.2689328, 4.7187564 ], [ -74.2688924, 4.7188369 ], [ -74.2686906, 4.7189575 ], [ -74.2685494, 4.7191787 ], [ -74.2684889, 4.7192793 ], [ -74.2684283, 4.7196211 ], [ -74.2684081, 4.7196613 ], [ -74.2682467, 4.7199429 ], [ -74.2680248, 4.7202445 ], [ -74.2679239, 4.7204657 ], [ -74.2678432, 4.7206065 ], [ -74.2675002, 4.7208478 ], [ -74.2672379, 4.7210086 ], [ -74.2671773, 4.7210891 ], [ -74.2668343, 4.721451 ], [ -74.2666931, 4.7217728 ], [ -74.2664711, 4.7220945 ], [ -74.2661886, 4.722376 ], [ -74.2659465, 4.722557 ], [ -74.2655026, 4.7228385 ], [ -74.2652403, 4.7229793 ], [ -74.2649376, 4.7231804 ], [ -74.2646955, 4.7232005 ], [ -74.2641507, 4.7230396 ], [ -74.2636867, 4.7227581 ], [ -74.2635051, 4.722376 ], [ -74.2634849, 4.7218733 ], [ -74.2635858, 4.7213505 ], [ -74.263727, 4.7209483 ], [ -74.2636867, 4.7204456 ], [ -74.2636261, 4.7199228 ], [ -74.2635454, 4.7196211 ], [ -74.2634042, 4.7193396 ], [ -74.2632427, 4.7189776 ], [ -74.2629199, 4.7186157 ], [ -74.262698, 4.7183945 ], [ -74.2625164, 4.7183342 ], [ -74.2621734, 4.7180526 ], [ -74.261911, 4.7178717 ], [ -74.2618102, 4.7178113 ], [ -74.2613663, 4.7176505 ], [ -74.2610636, 4.7175499 ], [ -74.2606802, 4.717389 ], [ -74.2606802, 4.7173488 ], [ -74.2609224, 4.7169466 ], [ -74.2612452, 4.7164439 ], [ -74.2619312, 4.7160618 ], [ -74.2625769, 4.716283 ], [ -74.2625567, 4.716082 ], [ -74.2627383, 4.7157803 ], [ -74.2631419, 4.7155792 ], [ -74.2634798, 4.7155667 ], [ -74.2635353, 4.7154008 ], [ -74.2632024, 4.7152575 ], [ -74.2628997, 4.7150564 ], [ -74.262698, 4.7149156 ], [ -74.2626173, 4.7147749 ], [ -74.2626173, 4.7145336 ], [ -74.262698, 4.7142721 ], [ -74.2627988, 4.7140509 ], [ -74.2628997, 4.7138297 ], [ -74.2630612, 4.713689 ], [ -74.2632427, 4.7136287 ], [ -74.2636463, 4.7135884 ], [ -74.2640095, 4.7135884 ], [ -74.264213, 4.7135112 ], [ -74.2643929, 4.7132265 ], [ -74.263949, 4.7131058 ], [ -74.2637674, 4.7130455 ], [ -74.2633638, 4.7129449 ], [ -74.2632226, 4.7127841 ], [ -74.2632427, 4.712402 ], [ -74.263384, 4.7121406 ], [ -74.2636665, 4.7117585 ], [ -74.2639893, 4.7114971 ], [ -74.2643121, 4.7114167 ], [ -74.2647762, 4.7113161 ], [ -74.2652201, 4.7115574 ] ] ] } },
{ "type": "Feature", "properties": { "id": 0, "layer": "MADRID OFICIAL — AREA DE RESERVA FORESTAL PROTECTORA", "clas_CIAF": "5a" }, "geometry": { "type": "Polygon", "coordinates": [ [ [ -74.2068421, 4.8054217 ], [ -74.2070338, 4.805673 ], [ -74.2070943, 4.8059646 ], [ -74.2071145, 4.806236 ], [ -74.2070136, 4.8064672 ], [ -74.2068119, 4.8066381 ], [ -74.2065899, 4.8066582 ], [ -74.2063276, 4.8065376 ], [ -74.2061359, 4.8064069 ], [ -74.206035, 4.806226 ], [ -74.2059341, 4.8059344 ], [ -74.2059644, 4.8056228 ], [ -74.2060451, 4.8053614 ], [ -74.2062469, 4.8051603 ], [ -74.2064184, 4.8050497 ], [ -74.206489, 4.8050497 ], [ -74.2068421, 4.8054217 ] ] ] } },
{ "type": "Feature", "properties": { "id": 0, "layer": "MADRID OFICIAL — AREA DE RESERVA FORESTAL PROTECTORA", "clas_CIAF": "5a" }, "geometry": { "type": "Polygon", "coordinates": [ [ [ -74.2067715, 4.8077741 ], [ -74.2067513, 4.8080958 ], [ -74.2065697, 4.8086789 ], [ -74.2063276, 4.8091012 ], [ -74.2062469, 4.809262 ], [ -74.2061258, 4.8096038 ], [ -74.2061864, 4.8098049 ], [ -74.206146, 4.8102874 ], [ -74.2059846, 4.8106091 ], [ -74.2057626, 4.8108504 ], [ -74.2055205, 4.8111118 ], [ -74.2053389, 4.8112927 ], [ -74.2050564, 4.8114134 ], [ -74.2049757, 4.8114134 ], [ -74.2046731, 4.8114134 ], [ -74.2045116, 4.8114335 ], [ -74.2042695, 4.8115139 ], [ -74.2041686, 4.8115742 ], [ -74.2041485, 4.8115943 ], [ -74.2041283, 4.8118155 ], [ -74.2041283, 4.8118959 ], [ -74.2041081, 4.8120166 ], [ -74.2039063, 4.8119864 ], [ -74.2037348, 4.8119462 ], [ -74.2035129, 4.8119261 ], [ -74.2034322, 4.8119562 ], [ -74.2033414, 4.8120367 ], [ -74.2033111, 4.812097 ], [ -74.2033918, 4.8122176 ], [ -74.2034826, 4.8122981 ], [ -74.2035129, 4.8123584 ], [ -74.2034221, 4.8124991 ], [ -74.2032606, 4.8126298 ], [ -74.2031598, 4.8127504 ], [ -74.2030488, 4.8129213 ], [ -74.203069, 4.8130018 ], [ -74.2032808, 4.8131425 ], [ -74.203412, 4.8132129 ], [ -74.2034826, 4.813243 ], [ -74.2036844, 4.8133436 ], [ -74.2037853, 4.8135145 ], [ -74.2037752, 4.8137256 ], [ -74.2037247, 4.8138362 ], [ -74.203644, 4.8139669 ], [ -74.2035431, 4.8140976 ], [ -74.2034221, 4.8141579 ], [ -74.2032304, 4.814188 ], [ -74.2030084, 4.8141277 ], [ -74.2028672, 4.8140071 ], [ -74.2026957, 4.8139267 ], [ -74.2026251, 4.8138965 ], [ -74.2026165, 4.8139004 ], [ -74.2026079, 4.8139044 ], [ -74.2025995, 4.8139086 ], [ -74.2025911, 4.8139129 ], [ -74.2025828, 4.8139174 ], [ -74.2025746, 4.813922 ], [ -74.2025664, 4.8139267 ], [ -74.2025584, 4.8139316 ], [ -74.2025504, 4.8139367 ], [ -74.2025425, 4.8139418 ], [ -74.2025347, 4.8139471 ], [ -74.202527, 4.8139526 ], [ -74.2025194, 4.8139581 ], [ -74.2025119, 4.8139638 ], [ -74.2025045, 4.8139696 ], [ -74.2024972, 4.8139756 ], [ -74.20249, 4.8139816 ], [ -74.2024828, 4.8139878 ], [ -74.2024759, 4.8139941 ], [ -74.202469, 4.8140006 ], [ -74.2024622, 4.8140071 ], [ -74.2024555, 4.8140138 ], [ -74.202449, 4.8140206 ], [ -74.2024426, 4.8140275 ], [ -74.2024363, 4.8140345 ], [ -74.2024301, 4.8140416 ], [ -74.202424, 4.8140488 ], [ -74.2024181, 4.8140561 ], [ -74.2024123, 4.8140635 ], [ -74.2024066, 4.814071 ], [ -74.2024011, 4.8140786 ], [ -74.2023956, 4.8140863 ], [ -74.2023904, 4.8140941 ], [ -74.2023852, 4.814102 ], [ -74.2023802, 4.81411 ], [ -74.2023753, 4.814118 ], [ -74.2023706, 4.8141262 ], [ -74.202366, 4.8141344 ], [ -74.2023616, 4.8141427 ], [ -74.2023573, 4.814151 ], [ -74.2023531, 4.8141595 ], [ -74.2023491, 4.814168 ], [ -74.2023452, 4.8141766 ], [ -74.2023415, 4.8141852 ], [ -74.202338, 4.8141939 ], [ -74.2023345, 4.8142027 ], [ -74.2023313, 4.8142115 ], [ -74.2023282, 4.8142204 ], [ -74.2023252, 4.8142293 ], [ -74.2023224, 4.8142383 ], [ -74.2022902, 4.8142665 ], [ -74.2022585, 4.8142953 ], [ -74.2022273, 4.8143246 ], [ -74.2021965, 4.8143544 ], [ -74.2021663, 4.8143847 ], [ -74.2021365, 4.8144155 ], [ -74.2021073, 4.8144468 ], [ -74.2020786, 4.8144786 ], [ -74.2020505, 4.8145108 ], [ -74.2020229, 4.8145435 ], [ -74.2019958, 4.8145767 ], [ -74.2019693, 4.8146103 ], [ -74.2019611, 4.8146163 ], [ -74.2019527, 4.8146221 ], [ -74.2019443, 4.8146278 ], [ -74.2019357, 4.8146334 ], [ -74.2019271, 4.8146388 ], [ -74.2019183, 4.8146441 ], [ -74.2019095, 4.8146492 ], [ -74.2019006, 4.8146542 ], [ -74.2018916, 4.814659 ], [ -74.2018825, 4.8146636 ], [ -74.2018734, 4.8146681 ], [ -74.2018641, 4.8146725 ], [ -74.2018548, 4.8146766 ], [ -74.2018454, 4.8146806 ], [ -74.201836, 4.8146845 ], [ -74.2018264, 4.8146882 ], [ -74.2018169, 4.8146917 ], [ -74.2018072, 4.8146951 ], [ -74.2017975, 4.8146982 ], [ -74.2017878, 4.8147013 ], [ -74.201778, 4.8147041 ], [ -74.2017681, 4.8147068 ], [ -74.2017582, 4.8147093 ], [ -74.2017483, 4.8147116 ], [ -74.2017383, 4.8147138 ], [ -74.2017283, 4.8147158 ], [ -74.2017182, 4.8147176 ], [ -74.2017082, 4.8147192 ], [ -74.2016981, 4.8147207 ], [ -74.2016879, 4.814722 ], [ -74.2016778, 4.8147231 ], [ -74.2016676, 4.814724 ], [ -74.2016574, 4.8147248 ], [ -74.2016472, 4.8147254 ], [ -74.201637, 4.8147258 ], [ -74.2016268, 4.814726 ], [ -74.2016166, 4.8147261 ], [ -74.2016064, 4.814726 ], [ -74.2015962, 4.8147257 ], [ -74.201586, 4.8147252 ], [ -74.2015758, 4.8147245 ], [ -74.2015656, 4.8147237 ], [ -74.2015555, 4.8147227 ], [ -74.2015453, 4.8147215 ], [ -74.2015352, 4.8147202 ], [ -74.2015251, 4.8147186 ], [ -74.201515, 4.8147169 ], [ -74.201505, 4.8147151 ], [ -74.201495, 4.814713 ], [ -74.201485, 4.8147108 ], [ -74.2014778, 4.8147062 ], [ -74.2014705, 4.8147017 ], [ -74.2014632, 4.8146973 ], [ -74.2014557, 4.8146931 ], [ -74.2014482, 4.814689 ], [ -74.2014406, 4.814685 ], [ -74.201433, 4.8146812 ], [ -74.2014253, 4.8146775 ], [ -74.2014175, 4.8146739 ], [ -74.2014097, 4.8146705 ], [ -74.2014018, 4.8146671 ], [ -74.2013938, 4.814664 ], [ -74.2013858, 4.8146609 ], [ -74.2013778, 4.814658 ], [ -74.2013696, 4.8146553 ], [ -74.2013615, 4.8146526 ], [ -74.2013533, 4.8146502 ], [ -74.2013451, 4.8146478 ], [ -74.2013368, 4.8146456 ], [ -74.2013285, 4.8146436 ], [ -74.2013201, 4.8146417 ], [ -74.2013117, 4.8146399 ], [ -74.2013033, 4.8146383 ], [ -74.2012949, 4.8146368 ], [ -74.2012864, 4.8146354 ], [ -74.2012779, 4.8146342 ], [ -74.2012694, 4.8146332 ], [ -74.2012609, 4.8146323 ], [ -74.2012524, 4.8146315 ], [ -74.2012438, 4.8146309 ], [ -74.2012353, 4.8146305 ], [ -74.2012267, 4.8146302 ], [ -74.2012182, 4.81463 ], [ -74.2012096, 4.81463 ], [ -74.201201, 4.8146301 ], [ -74.2011925, 4.8146304 ], [ -74.201178, 4.8146392 ], [ -74.2011637, 4.8146484 ], [ -74.2011495, 4.8146578 ], [ -74.2011355, 4.8146674 ], [ -74.2011217, 4.8146772 ], [ -74.2011081, 4.8146874 ], [ -74.2010946, 4.8146977 ], [ -74.2010813, 4.8147083 ], [ -74.2010682, 4.8147191 ], [ -74.2010553, 4.8147301 ], [ -74.2010426, 4.8147413 ], [ -74.2010301, 4.8147528 ], [ -74.2010178, 4.8147645 ], [ -74.2010057, 4.8147764 ], [ -74.2009938, 4.8147885 ], [ -74.2009821, 4.8148008 ], [ -74.2009707, 4.8148133 ], [ -74.2009594, 4.814826 ], [ -74.2009484, 4.8148389 ], [ -74.2009376, 4.814852 ], [ -74.2009271, 4.8148653 ], [ -74.2009167, 4.8148788 ], [ -74.2009067, 4.8148924 ], [ -74.2008968, 4.8149062 ], [ -74.2008872, 4.8149202 ], [ -74.2008778, 4.8149343 ], [ -74.2008687, 4.8149486 ], [ -74.2008599, 4.8149631 ], [ -74.2008513, 4.8149777 ], [ -74.2008429, 4.8149924 ], [ -74.2008348, 4.8150073 ], [ -74.200827, 4.8150224 ], [ -74.2008195, 4.8150376 ], [ -74.2008122, 4.8150529 ], [ -74.2008051, 4.8150683 ], [ -74.2007984, 4.8150838 ], [ -74.2007919, 4.8150995 ], [ -74.2007857, 4.8151153 ], [ -74.2007798, 4.8151311 ], [ -74.2007741, 4.8151471 ], [ -74.2007688, 4.8151632 ], [ -74.2007615, 4.8152053 ], [ -74.200755, 4.8152475 ], [ -74.2007491, 4.8152898 ], [ -74.2007439, 4.8153322 ], [ -74.2007395, 4.8153747 ], [ -74.2007357, 4.8154173 ], [ -74.2007325, 4.8154599 ], [ -74.2007301, 4.8155025 ], [ -74.2007284, 4.8155452 ], [ -74.2007274, 4.8155879 ], [ -74.200727, 4.8156307 ], [ -74.2007274, 4.8156734 ], [ -74.2007284, 4.8157161 ], [ -74.200721, 4.8157661 ], [ -74.2007128, 4.815816 ], [ -74.2007038, 4.8158657 ], [ -74.2006939, 4.8159153 ], [ -74.2006832, 4.8159647 ], [ -74.2006717, 4.8160139 ], [ -74.2006593, 4.8160629 ], [ -74.2006462, 4.8161118 ], [ -74.2006322, 4.8161603 ], [ -74.2006174, 4.8162087 ], [ -74.2006053, 4.8162381 ], [ -74.2005926, 4.8162672 ], [ -74.2005795, 4.8162962 ], [ -74.2005659, 4.8163249 ], [ -74.2005517, 4.8163534 ], [ -74.2005372, 4.8163817 ], [ -74.2005221, 4.8164097 ], [ -74.2005066, 4.8164375 ], [ -74.2004906, 4.816465 ], [ -74.2004742, 4.8164922 ], [ -74.2004573, 4.8165191 ], [ -74.2004399, 4.8165458 ], [ -74.2004221, 4.8165722 ], [ -74.2004039, 4.8165982 ], [ -74.2003852, 4.816624 ], [ -74.2003661, 4.8166494 ], [ -74.2003466, 4.8166745 ], [ -74.2003266, 4.8166993 ], [ -74.2003063, 4.8167238 ], [ -74.2002855, 4.8167479 ], [ -74.2002643, 4.8167717 ], [ -74.2002014, 4.8168279 ], [ -74.2001376, 4.8168831 ], [ -74.2000731, 4.8169374 ], [ -74.2000077, 4.8169908 ], [ -74.1999415, 4.8170431 ], [ -74.1999159, 4.8170626 ], [ -74.19989, 4.8170817 ], [ -74.1998637, 4.8171003 ], [ -74.1998372, 4.8171185 ], [ -74.1998103, 4.8171362 ], [ -74.1997832, 4.8171535 ], [ -74.1997557, 4.8171703 ], [ -74.199728, 4.8171867 ], [ -74.1997, 4.8172026 ], [ -74.1996718, 4.817218 ], [ -74.1996432, 4.8172329 ], [ -74.1996145, 4.8172474 ], [ -74.1995855, 4.8172613 ], [ -74.1995562, 4.8172748 ], [ -74.1995267, 4.8172878 ], [ -74.1994971, 4.8173002 ], [ -74.1994672, 4.8173122 ], [ -74.1994371, 4.8173237 ], [ -74.1994068, 4.8173346 ], [ -74.1991702, 4.8174215 ], [ -74.1989326, 4.8175055 ], [ -74.1989145, 4.8175122 ], [ -74.1988962, 4.8175185 ], [ -74.1988778, 4.8175245 ], [ -74.1988593, 4.8175302 ], [ -74.1988407, 4.8175356 ], [ -74.1988221, 4.8175407 ], [ -74.1988033, 4.8175455 ], [ -74.1987845, 4.8175499 ], [ -74.1987656, 4.817554 ], [ -74.1987466, 4.8175578 ], [ -74.1987276, 4.8175612 ], [ -74.1987085, 4.8175644 ], [ -74.1986894, 4.8175672 ], [ -74.1986702, 4.8175697 ], [ -74.1986509, 4.8175718 ], [ -74.1986317, 4.8175736 ], [ -74.1986124, 4.8175751 ], [ -74.1985931, 4.8175763 ], [ -74.1985738, 4.8175771 ], [ -74.1985544, 4.8175776 ], [ -74.1985351, 4.8175778 ], [ -74.1985157, 4.8175777 ], [ -74.1984964, 4.8175772 ], [ -74.198477, 4.8175764 ], [ -74.1984577, 4.8175752 ], [ -74.1984384, 4.8175737 ], [ -74.1984192, 4.8175719 ], [ -74.1983999, 4.8175698 ], [ -74.1983808, 4.8175674 ], [ -74.1983616, 4.8175646 ], [ -74.1983425, 4.8175615 ], [ -74.1983235, 4.817558 ], [ -74.1983045, 4.8175542 ], [ -74.1982856, 4.8175502 ], [ -74.1982668, 4.8175457 ], [ -74.1982461, 4.8175396 ], [ -74.1982255, 4.8175331 ], [ -74.198205, 4.8175262 ], [ -74.1981846, 4.817519 ], [ -74.1981644, 4.8175115 ], [ -74.1981443, 4.8175036 ], [ -74.1981244, 4.8174953 ], [ -74.1981046, 4.8174867 ], [ -74.1980849, 4.8174777 ], [ -74.1980654, 4.8174684 ], [ -74.1980461, 4.8174588 ], [ -74.1980269, 4.8174489 ], [ -74.198008, 4.8174386 ], [ -74.1979892, 4.8174279 ], [ -74.1979706, 4.817417 ], [ -74.1979522, 4.8174057 ], [ -74.1979339, 4.8173941 ], [ -74.1979159, 4.8173822 ], [ -74.1978981, 4.81737 ], [ -74.1978806, 4.8173575 ], [ -74.1978632, 4.8173447 ], [ -74.1978226, 4.8173196 ], [ -74.1977824, 4.8172939 ], [ -74.1977426, 4.8172674 ], [ -74.1977032, 4.8172404 ], [ -74.1976644, 4.8172126 ], [ -74.197626, 4.8171843 ], [ -74.1975881, 4.8171553 ], [ -74.1975506, 4.8171256 ], [ -74.1975137, 4.8170954 ], [ -74.1974773, 4.8170645 ], [ -74.1974414, 4.817033 ], [ -74.1974061, 4.8170009 ], [ -74.1973713, 4.8169683 ], [ -74.197337, 4.816935 ], [ -74.1973034, 4.8169012 ], [ -74.1972702, 4.8168669 ], [ -74.1972377, 4.816832 ], [ -74.197224, 4.8167594 ], [ -74.1972091, 4.816687 ], [ -74.197193, 4.8166149 ], [ -74.1971757, 4.816543 ], [ -74.1971572, 4.8164715 ], [ -74.1971375, 4.8164002 ], [ -74.1971167, 4.8163293 ], [ -74.1971221, 4.8162586 ], [ -74.1971288, 4.8161881 ], [ -74.1971366, 4.8161176 ], [ -74.1971456, 4.8160473 ], [ -74.1971558, 4.8159771 ], [ -74.1971671, 4.8159071 ], [ -74.1971778, 4.8158564 ], [ -74.1971895, 4.8158058 ], [ -74.197202, 4.8157555 ], [ -74.1972154, 4.8157054 ], [ -74.1972296, 4.8156555 ], [ -74.1972448, 4.8156059 ], [ -74.1972608, 4.8155565 ], [ -74.1972776, 4.8155074 ], [ -74.1972953, 4.8154587 ], [ -74.1973139, 4.8154102 ], [ -74.1973333, 4.8153621 ], [ -74.1973536, 4.8153143 ], [ -74.1973747, 4.8152669 ], [ -74.1973966, 4.8152199 ], [ -74.1974193, 4.8151732 ], [ -74.197432, 4.8151433 ], [ -74.1974451, 4.8151137 ], [ -74.1974588, 4.8150842 ], [ -74.1974729, 4.815055 ], [ -74.1974876, 4.815026 ], [ -74.1975027, 4.8149973 ], [ -74.1975184, 4.8149688 ], [ -74.1975345, 4.8149406 ], [ -74.1975511, 4.8149127 ], [ -74.1975682, 4.8148851 ], [ -74.1975857, 4.8148577 ], [ -74.1976037, 4.8148307 ], [ -74.1976221, 4.814804 ], [ -74.197641, 4.8147776 ], [ -74.1976604, 4.8147515 ], [ -74.1976802, 4.8147257 ], [ -74.1977004, 4.8147003 ], [ -74.1977211, 4.8146752 ], [ -74.1977422, 4.8146505 ], [ -74.1979424, 4.8144536 ], [ -74.1981455, 4.8142596 ], [ -74.1983513, 4.8140686 ], [ -74.1985599, 4.8138805 ], [ -74.1987712, 4.8136954 ], [ -74.198809, 4.8136324 ], [ -74.1988457, 4.8135687 ], [ -74.1988814, 4.8135045 ], [ -74.1989159, 4.8134397 ], [ -74.1989494, 4.8133743 ], [ -74.1989818, 4.8133083 ], [ -74.1990131, 4.8132418 ], [ -74.1990433, 4.8131749 ], [ -74.1990724, 4.8131074 ], [ -74.1991003, 4.8130395 ], [ -74.1991271, 4.8129711 ], [ -74.1991527, 4.8129022 ], [ -74.1991772, 4.812833 ], [ -74.1992006, 4.8127633 ], [ -74.1992228, 4.8126933 ], [ -74.1992438, 4.812623 ], [ -74.1992636, 4.8125522 ], [ -74.1992823, 4.8124812 ], [ -74.1992997, 4.8124099 ], [ -74.199316, 4.8123383 ], [ -74.199313, 4.812315 ], [ -74.1993105, 4.8122917 ], [ -74.1993083, 4.8122684 ], [ -74.1993065, 4.812245 ], [ -74.1993051, 4.8122216 ], [ -74.1993042, 4.8121982 ], [ -74.1993036, 4.8121748 ], [ -74.1993034, 4.8121514 ], [ -74.1993036, 4.8121279 ], [ -74.1993042, 4.8121045 ], [ -74.1993052, 4.8120811 ], [ -74.1993066, 4.8120577 ], [ -74.1993084, 4.8120343 ], [ -74.1993106, 4.812011 ], [ -74.1993132, 4.8119877 ], [ -74.1993162, 4.8119645 ], [ -74.1993196, 4.8119413 ], [ -74.1993234, 4.8119182 ], [ -74.1993276, 4.8118951 ], [ -74.1993321, 4.8118721 ], [ -74.1993371, 4.8118492 ], [ -74.1993424, 4.8118264 ], [ -74.1993482, 4.8118037 ], [ -74.1993543, 4.811781 ], [ -74.1993608, 4.8117585 ], [ -74.1993677, 4.8117361 ], [ -74.1993749, 4.8117138 ], [ -74.1993826, 4.8116917 ], [ -74.1993906, 4.8116696 ], [ -74.199399, 4.8116477 ], [ -74.1994077, 4.811626 ], [ -74.1994169, 4.8116044 ], [ -74.1994598, 4.8113911 ], [ -74.1995064, 4.8111786 ], [ -74.1995567, 4.810967 ], [ -74.1996107, 4.8107562 ], [ -74.1996683, 4.8105465 ], [ -74.1997296, 4.8103377 ], [ -74.1997591, 4.8102364 ], [ -74.1997903, 4.8101356 ], [ -74.1998232, 4.8100353 ], [ -74.1998578, 4.8099356 ], [ -74.1998941, 4.8098365 ], [ -74.199932, 4.809738 ], [ -74.1999715, 4.8096401 ], [ -74.2000127, 4.8095429 ], [ -74.2000556, 4.8094464 ], [ -74.2001, 4.8093507 ], [ -74.2001461, 4.8092557 ], [ -74.2001937, 4.8091615 ], [ -74.2002123, 4.8088127 ], [ -74.2002358, 4.8084641 ], [ -74.2002643, 4.808116 ], [ -74.200303, 4.807512 ], [ -74.2002994, 4.8075034 ], [ -74.2002946, 4.8074927 ], [ -74.2003001, 4.8074806 ], [ -74.2003058, 4.8074686 ], [ -74.2003058, 4.8074686 ], [ -74.2003058, 4.8074686 ], [ -74.2003058, 4.8074686 ], [ -74.2003117, 4.8074567 ], [ -74.2003178, 4.8074449 ], [ -74.2003241, 4.8074332 ], [ -74.2003306, 4.8074217 ], [ -74.2003373, 4.8074102 ], [ -74.2003443, 4.8073989 ], [ -74.2003514, 4.8073877 ], [ -74.2003586, 4.8073766 ], [ -74.2003661, 4.8073656 ], [ -74.2003738, 4.8073547 ], [ -74.2003816, 4.807344 ], [ -74.2003897, 4.8073335 ], [ -74.2003979, 4.807323 ], [ -74.2004063, 4.8073127 ], [ -74.2004148, 4.8073026 ], [ -74.2004236, 4.8072926 ], [ -74.2004325, 4.8072827 ], [ -74.2004416, 4.807273 ], [ -74.2004508, 4.8072635 ], [ -74.2004602, 4.8072541 ], [ -74.2004698, 4.8072449 ], [ -74.2004795, 4.8072358 ], [ -74.2004894, 4.8072269 ], [ -74.2004994, 4.8072182 ], [ -74.2005096, 4.8072096 ], [ -74.2005199, 4.8072013 ], [ -74.2005304, 4.8071931 ], [ -74.200541, 4.807185 ], [ -74.2005517, 4.8071772 ], [ -74.2005626, 4.8071695 ], [ -74.2005736, 4.8071621 ], [ -74.2005847, 4.8071548 ], [ -74.200596, 4.8071477 ], [ -74.2006073, 4.8071408 ], [ -74.2006176, 4.807141 ], [ -74.2006278, 4.8071413 ], [ -74.2006381, 4.8071418 ], [ -74.2006483, 4.8071425 ], [ -74.2006585, 4.8071433 ], [ -74.2006687, 4.8071444 ], [ -74.2006789, 4.8071456 ], [ -74.2006891, 4.807147 ], [ -74.2006992, 4.8071485 ], [ -74.2007093, 4.8071502 ], [ -74.2007194, 4.8071521 ], [ -74.2007295, 4.8071542 ], [ -74.2007395, 4.8071565 ], [ -74.2007494, 4.8071589 ], [ -74.2007594, 4.8071615 ], [ -74.2007692, 4.8071642 ], [ -74.2007791, 4.8071671 ], [ -74.2007888, 4.8071702 ], [ -74.2007986, 4.8071735 ], [ -74.2008082, 4.8071769 ], [ -74.2008178, 4.8071805 ], [ -74.2008274, 4.8071842 ], [ -74.2008369, 4.8071882 ], [ -74.2008463, 4.8071922 ], [ -74.2008556, 4.8071965 ], [ -74.2008649, 4.8072009 ], [ -74.200874, 4.8072054 ], [ -74.2008832, 4.8072101 ], [ -74.2008922, 4.807215 ], [ -74.2009011, 4.80722 ], [ -74.20091, 4.8072252 ], [ -74.2009187, 4.8072305 ], [ -74.2009274, 4.807236 ], [ -74.200936, 4.8072416 ], [ -74.2009444, 4.8072473 ], [ -74.2009528, 4.8072532 ], [ -74.2009611, 4.8072593 ], [ -74.2009692, 4.8072655 ], [ -74.2009773, 4.8072718 ], [ -74.2009852, 4.8072783 ], [ -74.2009931, 4.8072849 ], [ -74.2010008, 4.8072916 ], [ -74.2010176, 4.8073295 ], [ -74.2010338, 4.8073677 ], [ -74.2010494, 4.8074062 ], [ -74.2010643, 4.8074449 ], [ -74.2010786, 4.8074838 ], [ -74.2010922, 4.807523 ], [ -74.2011052, 4.8075624 ], [ -74.2011175, 4.807602 ], [ -74.2011292, 4.8076418 ], [ -74.2011403, 4.8076818 ], [ -74.2011506, 4.8077219 ], [ -74.2011603, 4.8077622 ], [ -74.2011694, 4.8078027 ], [ -74.2011777, 4.8078433 ], [ -74.2011854, 4.8078841 ], [ -74.2011925, 4.8079249 ], [ -74.2011943, 4.8079307 ], [ -74.2011962, 4.8079364 ], [ -74.2011982, 4.807942 ], [ -74.2012002, 4.8079476 ], [ -74.2012024, 4.8079532 ], [ -74.2012047, 4.8079588 ], [ -74.2012071, 4.8079643 ], [ -74.2012096, 4.8079697 ], [ -74.2012121, 4.8079752 ], [ -74.2012148, 4.8079805 ], [ -74.2012176, 4.8079859 ], [ -74.2012204, 4.8079911 ], [ -74.2012233, 4.8079964 ], [ -74.2012264, 4.8080016 ], [ -74.2012295, 4.8080067 ], [ -74.2012327, 4.8080118 ], [ -74.201236, 4.8080168 ], [ -74.2012394, 4.8080217 ], [ -74.2012428, 4.8080266 ], [ -74.2012464, 4.8080315 ], [ -74.20125, 4.8080363 ], [ -74.2012538, 4.808041 ], [ -74.2012576, 4.8080456 ], [ -74.2012614, 4.8080502 ], [ -74.2012654, 4.8080547 ], [ -74.2012694, 4.8080592 ], [ -74.2012735, 4.8080635 ], [ -74.2012777, 4.8080678 ], [ -74.201282, 4.8080721 ], [ -74.2012863, 4.8080762 ], [ -74.2012907, 4.8080803 ], [ -74.2012952, 4.8080843 ], [ -74.2012998, 4.8080882 ], [ -74.2013044, 4.8080921 ], [ -74.201309, 4.8080959 ], [ -74.2013138, 4.8080996 ], [ -74.2013186, 4.8081032 ], [ -74.2013235, 4.8081067 ], [ -74.2013284, 4.8081101 ], [ -74.2013334, 4.8081135 ], [ -74.2013384, 4.8081167 ], [ -74.2013435, 4.8081199 ], [ -74.2013487, 4.808123 ], [ -74.2013539, 4.808126 ], [ -74.2013625, 4.8081274 ], [ -74.2013712, 4.8081286 ], [ -74.2013799, 4.8081297 ], [ -74.2013886, 4.8081306 ], [ -74.2013973, 4.8081314 ], [ -74.201406, 4.808132 ], [ -74.2014147, 4.8081325 ], [ -74.2014235, 4.8081328 ], [ -74.2014322, 4.808133 ], [ -74.201441, 4.808133 ], [ -74.2014497, 4.8081329 ], [ -74.2014585, 4.8081326 ], [ -74.2014672, 4.8081322 ], [ -74.2014759, 4.8081316 ], [ -74.2014846, 4.8081308 ], [ -74.2014933, 4.80813 ], [ -74.201502, 4.8081289 ], [ -74.2015107, 4.8081277 ], [ -74.2015193, 4.8081264 ], [ -74.201528, 4.8081249 ], [ -74.2015365, 4.8081233 ], [ -74.2015451, 4.8081215 ], [ -74.2015536, 4.8081196 ], [ -74.2015621, 4.8081175 ], [ -74.2015706, 4.8081153 ], [ -74.201579, 4.808113 ], [ -74.2015874, 4.8081105 ], [ -74.2015957, 4.8081078 ], [ -74.201604, 4.808105 ], [ -74.2016122, 4.8081021 ], [ -74.2016204, 4.808099 ], [ -74.2016286, 4.8080958 ], [ -74.2016366, 4.8080924 ], [ -74.2016446, 4.8080889 ], [ -74.2016526, 4.8080853 ], [ -74.2016605, 4.8080815 ], [ -74.2016683, 4.8080776 ], [ -74.201676, 4.8080736 ], [ -74.2016837, 4.8080694 ], [ -74.2016913, 4.8080651 ], [ -74.2016988, 4.8080606 ], [ -74.2017063, 4.8080561 ], [ -74.2017137, 4.8080514 ], [ -74.201721, 4.8080466 ], [ -74.2017282, 4.8080416 ], [ -74.2017353, 4.8080365 ], [ -74.2017423, 4.8080314 ], [ -74.2017492, 4.808026 ], [ -74.2017561, 4.8080206 ], [ -74.2017628, 4.8080151 ], [ -74.2017695, 4.8080094 ], [ -74.201776, 4.8080036 ], [ -74.2017825, 4.8079977 ], [ -74.2017888, 4.8079917 ], [ -74.2017951, 4.8079856 ], [ -74.2018012, 4.8079794 ], [ -74.2018072, 4.8079731 ], [ -74.2018131, 4.8079667 ], [ -74.2018189, 4.8079602 ], [ -74.2018246, 4.8079535 ], [ -74.2018302, 4.8079468 ], [ -74.2018356, 4.80794 ], [ -74.201841, 4.8079331 ], [ -74.2018462, 4.8079261 ], [ -74.2018513, 4.807919 ], [ -74.2018562, 4.8079118 ], [ -74.2018611, 4.8079046 ], [ -74.2018658, 4.8078972 ], [ -74.2018704, 4.8078898 ], [ -74.2018748, 4.8078823 ], [ -74.2018792, 4.8078747 ], [ -74.2018834, 4.8078671 ], [ -74.2018874, 4.8078594 ], [ -74.2018913, 4.8078516 ], [ -74.2018951, 4.8078437 ], [ -74.2018988, 4.8078358 ], [ -74.2019023, 4.8078278 ], [ -74.2019057, 4.8078198 ], [ -74.2019089, 4.8078117 ], [ -74.201912, 4.8078035 ], [ -74.201915, 4.8077953 ], [ -74.2019178, 4.8077871 ], [ -74.2019204, 4.8077788 ], [ -74.201923, 4.8077704 ], [ -74.2019253, 4.807762 ], [ -74.2019276, 4.8077536 ], [ -74.2019296, 4.8077452 ], [ -74.2019316, 4.8077367 ], [ -74.2019334, 4.8077281 ], [ -74.201935, 4.8077196 ], [ -74.2019365, 4.807711 ], [ -74.2019378, 4.8077024 ], [ -74.201939, 4.8076937 ], [ -74.2019397, 4.8076896 ], [ -74.2019404, 4.8076855 ], [ -74.2019412, 4.8076814 ], [ -74.2019421, 4.8076773 ], [ -74.201943, 4.8076732 ], [ -74.201944, 4.8076691 ], [ -74.2019451, 4.8076651 ], [ -74.2019462, 4.8076611 ], [ -74.2019475, 4.8076571 ], [ -74.2019487, 4.8076531 ], [ -74.2019501, 4.8076491 ], [ -74.2019515, 4.8076452 ], [ -74.201953, 4.8076413 ], [ -74.2019546, 4.8076374 ], [ -74.2019562, 4.8076335 ], [ -74.2019579, 4.8076297 ], [ -74.2019597, 4.8076259 ], [ -74.2019615, 4.8076221 ], [ -74.2019634, 4.8076184 ], [ -74.2019653, 4.8076147 ], [ -74.2019674, 4.807611 ], [ -74.2019695, 4.8076074 ], [ -74.2019716, 4.8076038 ], [ -74.2019738, 4.8076002 ], [ -74.2019761, 4.8075967 ], [ -74.2019784, 4.8075933 ], [ -74.2019808, 4.8075898 ], [ -74.2019833, 4.8075864 ], [ -74.2019858, 4.8075831 ], [ -74.2019884, 4.8075798 ], [ -74.201991, 4.8075765 ], [ -74.2019937, 4.8075733 ], [ -74.2019964, 4.8075701 ], [ -74.2019992, 4.807567 ], [ -74.202002, 4.8075639 ], [ -74.2020049, 4.8075609 ], [ -74.2020079, 4.8075579 ], [ -74.2020109, 4.807555 ], [ -74.202014, 4.8075521 ], [ -74.2020171, 4.8075493 ], [ -74.2020202, 4.8075465 ], [ -74.2020234, 4.8075438 ], [ -74.2020267, 4.8075412 ], [ -74.20203, 4.8075386 ], [ -74.2020333, 4.8075361 ], [ -74.2020367, 4.8075336 ], [ -74.2020401, 4.8075312 ], [ -74.2020436, 4.8075288 ], [ -74.2020471, 4.8075265 ], [ -74.2020506, 4.8075243 ], [ -74.2020542, 4.8075221 ], [ -74.2020578, 4.80752 ], [ -74.2020615, 4.8075179 ], [ -74.2020652, 4.8075159 ], [ -74.2020689, 4.807514 ], [ -74.2020727, 4.8075121 ], [ -74.2020765, 4.8075103 ], [ -74.2020803, 4.8075086 ], [ -74.2020842, 4.807507 ], [ -74.202088, 4.8075054 ], [ -74.2020919, 4.8075038 ], [ -74.2020959, 4.8075024 ], [ -74.2020998, 4.807501 ], [ -74.2021038, 4.8074997 ], [ -74.2021078, 4.8074984 ], [ -74.2021119, 4.8074972 ], [ -74.2021159, 4.8074961 ], [ -74.20212, 4.8074951 ], [ -74.202124, 4.8074941 ], [ -74.2021281, 4.8074932 ], [ -74.2021323, 4.8074924 ], [ -74.2021364, 4.8074916 ], [ -74.2021405, 4.8074909 ], [ -74.2021447, 4.8074903 ], [ -74.2021488, 4.8074897 ], [ -74.202153, 4.8074893 ], [ -74.2021572, 4.8074889 ], [ -74.2021614, 4.8074885 ], [ -74.2021656, 4.8074883 ], [ -74.2021698, 4.8074881 ], [ -74.202174, 4.807488 ], [ -74.2021782, 4.8074879 ], [ -74.2021824, 4.807488 ], [ -74.2021866, 4.8074881 ], [ -74.2021908, 4.8074883 ], [ -74.2021949, 4.8074885 ], [ -74.2021991, 4.8074888 ], [ -74.2022033, 4.8074892 ], [ -74.2022075, 4.8074897 ], [ -74.2022116, 4.8074903 ], [ -74.2022158, 4.8074909 ], [ -74.2022199, 4.8074916 ], [ -74.2022241, 4.8074923 ], [ -74.2022282, 4.8074931 ], [ -74.2022323, 4.807494 ], [ -74.2022364, 4.807495 ], [ -74.2022404, 4.807496 ], [ -74.2022445, 4.8074972 ], [ -74.2022485, 4.8074983 ], [ -74.2022525, 4.8074996 ], [ -74.2022565, 4.8075009 ], [ -74.2022605, 4.8075023 ], [ -74.2022644, 4.8075037 ], [ -74.2022683, 4.8075053 ], [ -74.2022722, 4.8075069 ], [ -74.2022761, 4.8075085 ], [ -74.2022799, 4.8075102 ], [ -74.2022837, 4.807512 ], [ -74.2022874, 4.8075139 ], [ -74.2022912, 4.8075158 ], [ -74.2022949, 4.8075178 ], [ -74.2022985, 4.8075198 ], [ -74.2023021, 4.8075219 ], [ -74.2023057, 4.8075241 ], [ -74.2023093, 4.8075264 ], [ -74.2023128, 4.8075287 ], [ -74.2023163, 4.807531 ], [ -74.2023197, 4.8075334 ], [ -74.2023231, 4.8075359 ], [ -74.2023264, 4.8075384 ], [ -74.2023297, 4.807541 ], [ -74.202333, 4.8075437 ], [ -74.2023362, 4.8075464 ], [ -74.2023393, 4.8075491 ], [ -74.2023424, 4.807552 ], [ -74.2023455, 4.8075548 ], [ -74.2023485, 4.8075577 ], [ -74.2023515, 4.8075607 ], [ -74.2023544, 4.8075637 ], [ -74.2023572, 4.8075668 ], [ -74.20236, 4.8075699 ], [ -74.2023628, 4.8075731 ], [ -74.2024974, 4.8078002 ], [ -74.2026352, 4.8080255 ], [ -74.2027634, 4.8082909 ], [ -74.2028874, 4.8085583 ], [ -74.2028957, 4.8085799 ], [ -74.2029044, 4.8086014 ], [ -74.2029135, 4.8086227 ], [ -74.202923, 4.8086438 ], [ -74.2029328, 4.8086648 ], [ -74.2029429, 4.8086856 ], [ -74.2029535, 4.8087063 ], [ -74.2029644, 4.8087267 ], [ -74.2029756, 4.808747 ], [ -74.2029872, 4.8087671 ], [ -74.2029991, 4.8087869 ], [ -74.2030114, 4.8088066 ], [ -74.203024, 4.8088261 ], [ -74.2030369, 4.8088453 ], [ -74.2030502, 4.8088643 ], [ -74.2030638, 4.8088831 ], [ -74.2030777, 4.8089016 ], [ -74.2030919, 4.8089199 ], [ -74.2031065, 4.808938 ], [ -74.2031214, 4.8089558 ], [ -74.2031365, 4.8089733 ], [ -74.203152, 4.8089906 ], [ -74.2031677, 4.8090076 ], [ -74.2031838, 4.8090244 ], [ -74.2032001, 4.8090408 ], [ -74.2032013, 4.8090439 ], [ -74.2032025, 4.8090469 ], [ -74.2032037, 4.8090499 ], [ -74.203205, 4.8090528 ], [ -74.2032064, 4.8090558 ], [ -74.2032078, 4.8090587 ], [ -74.2032092, 4.8090616 ], [ -74.2032107, 4.8090644 ], [ -74.2032123, 4.8090673 ], [ -74.2032139, 4.8090701 ], [ -74.2032155, 4.8090729 ], [ -74.2032172, 4.8090756 ], [ -74.203219, 4.8090784 ], [ -74.2032207, 4.8090811 ], [ -74.2032226, 4.8090837 ], [ -74.2032245, 4.8090864 ], [ -74.2032264, 4.809089 ], [ -74.2032284, 4.8090915 ], [ -74.2032304, 4.809094 ], [ -74.2032325, 4.8090965 ], [ -74.2032346, 4.809099 ], [ -74.2032367, 4.8091014 ], [ -74.2032389, 4.8091038 ], [ -74.2032411, 4.8091062 ], [ -74.2032434, 4.8091085 ], [ -74.2032457, 4.8091107 ], [ -74.2032481, 4.809113 ], [ -74.2032505, 4.8091152 ], [ -74.2032529, 4.8091173 ], [ -74.2032554, 4.8091194 ], [ -74.2032579, 4.8091215 ], [ -74.2032604, 4.8091235 ], [ -74.203263, 4.8091255 ], [ -74.2032656, 4.8091274 ], [ -74.2032682, 4.8091293 ], [ -74.2032709, 4.8091311 ], [ -74.2032736, 4.8091329 ], [ -74.2032763, 4.8091346 ], [ -74.2032791, 4.8091363 ], [ -74.2032819, 4.809138 ], [ -74.2032847, 4.8091396 ], [ -74.2032875, 4.8091411 ], [ -74.2032904, 4.8091426 ], [ -74.2032933, 4.8091441 ], [ -74.2032962, 4.8091455 ], [ -74.2032992, 4.8091469 ], [ -74.2033022, 4.8091482 ], [ -74.2033051, 4.8091494 ], [ -74.2033082, 4.8091506 ], [ -74.2033112, 4.8091517 ], [ -74.2033143, 4.8091528 ], [ -74.2033173, 4.8091539 ], [ -74.2033204, 4.8091549 ], [ -74.2033235, 4.8091558 ], [ -74.2033266, 4.8091567 ], [ -74.2033298, 4.8091575 ], [ -74.2033329, 4.8091583 ], [ -74.2033361, 4.809159 ], [ -74.2033393, 4.8091596 ], [ -74.2033425, 4.8091603 ], [ -74.2033457, 4.8091608 ], [ -74.2033489, 4.8091613 ], [ -74.2033521, 4.8091617 ], [ -74.2033553, 4.8091621 ], [ -74.2033585, 4.8091625 ], [ -74.2033618, 4.8091627 ], [ -74.203365, 4.8091629 ], [ -74.2033683, 4.8091631 ], [ -74.2033715, 4.8091632 ], [ -74.2033747, 4.8091633 ], [ -74.203378, 4.8091633 ], [ -74.2033812, 4.8091632 ], [ -74.2033845, 4.8091631 ], [ -74.2033877, 4.8091629 ], [ -74.2033909, 4.8091627 ], [ -74.2033942, 4.8091624 ], [ -74.2033974, 4.809162 ], [ -74.2034006, 4.8091617 ], [ -74.2034038, 4.8091612 ], [ -74.203407, 4.8091607 ], [ -74.2034102, 4.8091601 ], [ -74.2034134, 4.8091595 ], [ -74.2034166, 4.8091588 ], [ -74.2034198, 4.8091581 ], [ -74.2034229, 4.8091573 ], [ -74.203426, 4.8091565 ], [ -74.2034292, 4.8091556 ], [ -74.2034323, 4.8091547 ], [ -74.2034354, 4.8091537 ], [ -74.2034384, 4.8091526 ], [ -74.2034415, 4.8091515 ], [ -74.2034445, 4.8091503 ], [ -74.2034475, 4.8091491 ], [ -74.2034505, 4.8091479 ], [ -74.2034535, 4.8091466 ], [ -74.2034564, 4.8091452 ], [ -74.2034593, 4.8091438 ], [ -74.2034622, 4.8091423 ], [ -74.2034651, 4.8091408 ], [ -74.2034679, 4.8091392 ], [ -74.2034708, 4.8091376 ], [ -74.2034735, 4.809136 ], [ -74.2034763, 4.8091343 ], [ -74.203479, 4.8091325 ], [ -74.2034817, 4.8091307 ], [ -74.2034844, 4.8091289 ], [ -74.203487, 4.809127 ], [ -74.2034896, 4.809125 ], [ -74.2034922, 4.8091231 ], [ -74.2034947, 4.809121 ], [ -74.2034972, 4.809119 ], [ -74.2034997, 4.8091168 ], [ -74.2035021, 4.8091147 ], [ -74.2035045, 4.8091125 ], [ -74.2035068, 4.8091103 ], [ -74.2035091, 4.809108 ], [ -74.2035114, 4.8091057 ], [ -74.2035136, 4.8091033 ], [ -74.2035158, 4.8091009 ], [ -74.2035179, 4.8090985 ], [ -74.20352, 4.809096 ], [ -74.2035221, 4.8090935 ], [ -74.2035241, 4.809091 ], [ -74.203526, 4.8090884 ], [ -74.203528, 4.8090858 ], [ -74.2035298, 4.8090831 ], [ -74.2035317, 4.8090805 ], [ -74.2035334, 4.8090778 ], [ -74.2035352, 4.809075 ], [ -74.2035369, 4.8090723 ], [ -74.2035385, 4.8090695 ], [ -74.2035401, 4.8090667 ], [ -74.2035416, 4.8090638 ], [ -74.2035431, 4.809061 ], [ -74.2035462, 4.8090411 ], [ -74.2035495, 4.8090213 ], [ -74.2035533, 4.8090015 ], [ -74.2035573, 4.8089818 ], [ -74.2035617, 4.8089622 ], [ -74.2035665, 4.8089427 ], [ -74.2035716, 4.8089232 ], [ -74.203577, 4.8089038 ], [ -74.2035828, 4.8088846 ], [ -74.2035889, 4.8088654 ], [ -74.2035953, 4.8088463 ], [ -74.203602, 4.8088274 ], [ -74.2036091, 4.8088086 ], [ -74.2036165, 4.8087899 ], [ -74.2036243, 4.8087713 ], [ -74.2036323, 4.8087529 ], [ -74.2036407, 4.8087346 ], [ -74.2036494, 4.8087165 ], [ -74.2036584, 4.8086985 ], [ -74.2036677, 4.8086806 ], [ -74.2036773, 4.808663 ], [ -74.2036873, 4.8086455 ], [ -74.2036975, 4.8086281 ], [ -74.203708, 4.808611 ], [ -74.2037189, 4.808594 ], [ -74.20373, 4.8085773 ], [ -74.2037414, 4.8085607 ], [ -74.2037531, 4.8085443 ], [ -74.2037651, 4.8085281 ], [ -74.2037659, 4.8085219 ], [ -74.2037668, 4.8085157 ], [ -74.2037678, 4.8085096 ], [ -74.2037689, 4.8085034 ], [ -74.2037701, 4.8084973 ], [ -74.2037714, 4.8084911 ], [ -74.2037729, 4.8084851 ], [ -74.2037744, 4.808479 ], [ -74.2037761, 4.8084729 ], [ -74.2037778, 4.8084669 ], [ -74.2037797, 4.808461 ], [ -74.2037816, 4.808455 ], [ -74.2037837, 4.8084491 ], [ -74.2037858, 4.8084432 ], [ -74.2037881, 4.8084374 ], [ -74.2037905, 4.8084316 ], [ -74.203793, 4.8084259 ], [ -74.2037955, 4.8084201 ], [ -74.2037982, 4.8084145 ], [ -74.203801, 4.8084089 ], [ -74.2038038, 4.8084033 ], [ -74.2038068, 4.8083978 ], [ -74.2038099, 4.8083923 ], [ -74.203813, 4.8083869 ], [ -74.2038163, 4.8083816 ], [ -74.2038196, 4.8083763 ], [ -74.203823, 4.808371 ], [ -74.2038265, 4.8083658 ], [ -74.2038302, 4.8083607 ], [ -74.2038339, 4.8083557 ], [ -74.2038377, 4.8083507 ], [ -74.2038415, 4.8083458 ], [ -74.2038455, 4.8083409 ], [ -74.2038495, 4.8083361 ], [ -74.2038537, 4.8083314 ], [ -74.2038579, 4.8083268 ], [ -74.2038622, 4.8083222 ], [ -74.2038665, 4.8083177 ], [ -74.203871, 4.8083133 ], [ -74.2038755, 4.8083089 ], [ -74.2038801, 4.8083047 ], [ -74.2038848, 4.8083005 ], [ -74.2038895, 4.8082964 ], [ -74.2038943, 4.8082924 ], [ -74.2038992, 4.8082885 ], [ -74.2039042, 4.8082846 ], [ -74.2039092, 4.8082808 ], [ -74.2039143, 4.8082772 ], [ -74.2039194, 4.8082736 ], [ -74.2039246, 4.8082701 ], [ -74.2039299, 4.8082667 ], [ -74.2039352, 4.8082634 ], [ -74.2039406, 4.8082602 ], [ -74.2039461, 4.808257 ], [ -74.2039516, 4.808254 ], [ -74.2039571, 4.8082511 ], [ -74.2039627, 4.8082482 ], [ -74.2039683, 4.8082455 ], [ -74.203974, 4.8082429 ], [ -74.2039798, 4.8082403 ], [ -74.2039856, 4.8082379 ], [ -74.2039914, 4.8082355 ], [ -74.2039972, 4.8082333 ], [ -74.2040031, 4.8082312 ], [ -74.2040091, 4.8082291 ], [ -74.2040151, 4.8082272 ], [ -74.2040211, 4.8082254 ], [ -74.2040271, 4.8082236 ], [ -74.2040332, 4.808222 ], [ -74.2040393, 4.8082205 ], [ -74.2040454, 4.8082191 ], [ -74.2040515, 4.8082178 ], [ -74.2040577, 4.8082166 ], [ -74.2040639, 4.8082155 ], [ -74.2040701, 4.8082145 ], [ -74.2040763, 4.8082137 ], [ -74.2040825, 4.8082129 ], [ -74.2040888, 4.8082122 ], [ -74.204095, 4.8082117 ], [ -74.2041013, 4.8082112 ], [ -74.2041075, 4.8082109 ], [ -74.2041138, 4.8082107 ], [ -74.2041201, 4.8082106 ], [ -74.2041264, 4.8082106 ], [ -74.2041327, 4.8082107 ], [ -74.2041389, 4.8082109 ], [ -74.2041452, 4.8082112 ], [ -74.2041515, 4.8082116 ], [ -74.2041577, 4.8082122 ], [ -74.204164, 4.8082128 ], [ -74.2041702, 4.8082136 ], [ -74.2041764, 4.8082144 ], [ -74.2041826, 4.8082154 ], [ -74.2041888, 4.8082165 ], [ -74.2042211, 4.8082159 ], [ -74.2042533, 4.8082159 ], [ -74.2042856, 4.8082164 ], [ -74.2043179, 4.8082175 ], [ -74.2043501, 4.8082191 ], [ -74.2043823, 4.8082212 ], [ -74.2044145, 4.8082238 ], [ -74.2044466, 4.808227 ], [ -74.2044787, 4.8082307 ], [ -74.2045106, 4.808235 ], [ -74.2045426, 4.8082398 ], [ -74.2045744, 4.8082451 ], [ -74.2046061, 4.8082509 ], [ -74.2046378, 4.8082573 ], [ -74.2046693, 4.8082642 ], [ -74.2047007, 4.8082716 ], [ -74.204732, 4.8082795 ], [ -74.2047631, 4.8082879 ], [ -74.2047941, 4.8082969 ], [ -74.2048094, 4.8083048 ], [ -74.2048247, 4.8083125 ], [ -74.2048402, 4.8083198 ], [ -74.2048559, 4.808327 ], [ -74.2048716, 4.8083338 ], [ -74.2048875, 4.8083404 ], [ -74.2049035, 4.8083467 ], [ -74.2049196, 4.8083527 ], [ -74.2049357, 4.8083584 ], [ -74.204952, 4.8083639 ], [ -74.2049684, 4.808369 ], [ -74.2049849, 4.8083739 ], [ -74.2050014, 4.8083785 ], [ -74.2050181, 4.8083828 ], [ -74.2050348, 4.8083869 ], [ -74.2050515, 4.8083906 ], [ -74.2050684, 4.808394 ], [ -74.2050852, 4.8083972 ], [ -74.2051022, 4.8084 ], [ -74.2051192, 4.8084026 ], [ -74.2051362, 4.8084049 ], [ -74.2051533, 4.8084069 ], [ -74.2051704, 4.8084086 ], [ -74.2051875, 4.8084099 ], [ -74.2052046, 4.808411 ], [ -74.2052218, 4.8084118 ], [ -74.205239, 4.8084123 ], [ -74.2052562, 4.8084125 ], [ -74.2052733, 4.8084124 ], [ -74.2052905, 4.808412 ], [ -74.2053077, 4.8084113 ], [ -74.2053248, 4.8084104 ], [ -74.205342, 4.8084091 ], [ -74.2053591, 4.8084075 ], [ -74.2053628, 4.8084087 ], [ -74.2053666, 4.8084098 ], [ -74.2053704, 4.8084108 ], [ -74.2053742, 4.8084117 ], [ -74.205378, 4.8084126 ], [ -74.2053819, 4.8084135 ], [ -74.2053857, 4.8084142 ], [ -74.2053896, 4.8084149 ], [ -74.2053935, 4.8084156 ], [ -74.2053973, 4.8084161 ], [ -74.2054012, 4.8084166 ], [ -74.2054051, 4.8084171 ], [ -74.205409, 4.8084174 ], [ -74.205413, 4.8084177 ], [ -74.2054169, 4.8084179 ], [ -74.2054208, 4.8084181 ], [ -74.2054247, 4.8084182 ], [ -74.2054287, 4.8084182 ], [ -74.2054326, 4.8084182 ], [ -74.2054365, 4.808418 ], [ -74.2054404, 4.8084179 ], [ -74.2054443, 4.8084176 ], [ -74.2054483, 4.8084173 ], [ -74.2054522, 4.8084169 ], [ -74.2054561, 4.8084164 ], [ -74.20546, 4.8084159 ], [ -74.2054638, 4.8084153 ], [ -74.2054677, 4.8084147 ], [ -74.2054716, 4.8084139 ], [ -74.2054754, 4.8084131 ], [ -74.2054792, 4.8084123 ], [ -74.2054831, 4.8084114 ], [ -74.2054869, 4.8084104 ], [ -74.2054906, 4.8084093 ], [ -74.2054944, 4.8084082 ], [ -74.2054981, 4.808407 ], [ -74.2055019, 4.8084057 ], [ -74.2055056, 4.8084044 ], [ -74.2055092, 4.808403 ], [ -74.2055129, 4.8084016 ], [ -74.2055165, 4.8084001 ], [ -74.2055201, 4.8083985 ], [ -74.2055237, 4.8083969 ], [ -74.2055272, 4.8083952 ], [ -74.2055307, 4.8083934 ], [ -74.2055342, 4.8083916 ], [ -74.2055376, 4.8083897 ], [ -74.2055411, 4.8083878 ], [ -74.2055444, 4.8083858 ], [ -74.2055478, 4.8083838 ], [ -74.2055511, 4.8083817 ], [ -74.2055544, 4.8083795 ], [ -74.2055576, 4.8083773 ], [ -74.2055608, 4.808375 ], [ -74.2055639, 4.8083726 ], [ -74.205567, 4.8083703 ], [ -74.2055701, 4.8083678 ], [ -74.2055731, 4.8083653 ], [ -74.2055761, 4.8083628 ], [ -74.205579, 4.8083602 ], [ -74.2055819, 4.8083575 ], [ -74.2055848, 4.8083548 ], [ -74.2055876, 4.8083521 ], [ -74.2055903, 4.8083493 ], [ -74.205593, 4.8083464 ], [ -74.2055957, 4.8083435 ], [ -74.2055983, 4.8083406 ], [ -74.2056008, 4.8083376 ], [ -74.2056033, 4.8083346 ], [ -74.2056057, 4.8083315 ], [ -74.2056081, 4.8083284 ], [ -74.2056104, 4.8083253 ], [ -74.2056127, 4.8083221 ], [ -74.2056149, 4.8083189 ], [ -74.2056171, 4.8083156 ], [ -74.2056192, 4.8083123 ], [ -74.2056212, 4.8083089 ], [ -74.2056232, 4.8083056 ], [ -74.2056252, 4.8083022 ], [ -74.205627, 4.8082987 ], [ -74.2056288, 4.8082952 ], [ -74.2056306, 4.8082917 ], [ -74.2056323, 4.8082882 ], [ -74.2056339, 4.8082846 ], [ -74.2056354, 4.8082811 ], [ -74.2056369, 4.8082774 ], [ -74.2056384, 4.8082738 ], [ -74.2056397, 4.8082701 ], [ -74.2056411, 4.8082664 ], [ -74.2056423, 4.8082627 ], [ -74.2056435, 4.808259 ], [ -74.2056446, 4.8082552 ], [ -74.2056456, 4.8082515 ], [ -74.2056466, 4.8082477 ], [ -74.2056475, 4.8082439 ], [ -74.2056484, 4.80824 ], [ -74.2056491, 4.8082362 ], [ -74.2056499, 4.8082324 ], [ -74.2056505, 4.8082285 ], [ -74.2056511, 4.8082246 ], [ -74.2056516, 4.8082208 ], [ -74.205652, 4.8082169 ], [ -74.2056524, 4.808213 ], [ -74.2056527, 4.8082091 ], [ -74.2056529, 4.8082052 ], [ -74.2056531, 4.8082013 ], [ -74.2056532, 4.8081973 ], [ -74.2056532, 4.8081934 ], [ -74.2056532, 4.8081895 ], [ -74.2056531, 4.8081856 ], [ -74.2056529, 4.8081817 ], [ -74.2056527, 4.8081778 ], [ -74.2056524, 4.8081739 ], [ -74.205652, 4.80817 ], [ -74.2056515, 4.8081661 ], [ -74.205651, 4.8081622 ], [ -74.2056504, 4.8081584 ], [ -74.2056498, 4.8081545 ], [ -74.2056491, 4.8081507 ], [ -74.2056483, 4.8081468 ], [ -74.2056474, 4.808143 ], [ -74.2056465, 4.8081392 ], [ -74.2056455, 4.8081354 ], [ -74.2056445, 4.8081316 ], [ -74.2056434, 4.8081279 ], [ -74.2056422, 4.8081242 ], [ -74.2056409, 4.8081204 ], [ -74.2056396, 4.8081168 ], [ -74.2056382, 4.8081131 ], [ -74.2056368, 4.8081094 ], [ -74.2056353, 4.8081058 ], [ -74.2056337, 4.8081022 ], [ -74.2056321, 4.8080987 ], [ -74.2056304, 4.8080952 ], [ -74.2056287, 4.8080917 ], [ -74.2056269, 4.8080882 ], [ -74.205625, 4.8080847 ], [ -74.205623, 4.8080813 ], [ -74.2056211, 4.808078 ], [ -74.205619, 4.8080746 ], [ -74.2056169, 4.8080713 ], [ -74.2056147, 4.8080681 ], [ -74.2056125, 4.8080648 ], [ -74.2056102, 4.8080617 ], [ -74.2056079, 4.8080585 ], [ -74.2056055, 4.8080554 ], [ -74.2056031, 4.8080523 ], [ -74.2056006, 4.8080493 ], [ -74.205598, 4.8080463 ], [ -74.2055954, 4.8080434 ], [ -74.2055928, 4.8080405 ], [ -74.2055901, 4.8080377 ], [ -74.2055873, 4.8080349 ], [ -74.2055845, 4.8080321 ], [ -74.2055817, 4.8080295 ], [ -74.2055788, 4.8080268 ], [ -74.2055758, 4.8080242 ], [ -74.2055728, 4.8080217 ], [ -74.2055698, 4.8080192 ], [ -74.2055667, 4.8080167 ], [ -74.2055636, 4.8080144 ], [ -74.2055605, 4.808012 ], [ -74.2055573, 4.8080098 ], [ -74.205554, 4.8080075 ], [ -74.2055508, 4.8080054 ], [ -74.2055521, 4.8079878 ], [ -74.2055538, 4.8079702 ], [ -74.2055558, 4.8079526 ], [ -74.2055581, 4.8079351 ], [ -74.2055607, 4.8079176 ], [ -74.2055636, 4.8079002 ], [ -74.2055668, 4.8078828 ], [ -74.2055703, 4.8078655 ], [ -74.2055741, 4.8078483 ], [ -74.2055783, 4.8078311 ], [ -74.2055827, 4.807814 ], [ -74.2055874, 4.807797 ], [ -74.2055924, 4.80778 ], [ -74.2055977, 4.8077632 ], [ -74.2056033, 4.8077464 ], [ -74.2056092, 4.8077297 ], [ -74.2056154, 4.8077132 ], [ -74.2056218, 4.8076967 ], [ -74.2056286, 4.8076804 ], [ -74.2056356, 4.8076642 ], [ -74.2056429, 4.8076481 ], [ -74.2056505, 4.8076321 ], [ -74.2056584, 4.8076163 ], [ -74.2056666, 4.8076006 ], [ -74.205675, 4.8075851 ], [ -74.2056837, 4.8075697 ], [ -74.2056926, 4.8075545 ], [ -74.2057019, 4.8075394 ], [ -74.2057114, 4.8075245 ], [ -74.2057211, 4.8075097 ], [ -74.2057311, 4.8074951 ], [ -74.2057414, 4.8074807 ], [ -74.2057519, 4.8074665 ], [ -74.2057626, 4.8074524 ], [ -74.2057662, 4.8074444 ], [ -74.2057699, 4.8074365 ], [ -74.2057737, 4.8074286 ], [ -74.2057777, 4.8074207 ], [ -74.2057818, 4.807413 ], [ -74.2057861, 4.8074053 ], [ -74.2057904, 4.8073976 ], [ -74.205795, 4.8073901 ], [ -74.2057996, 4.8073826 ], [ -74.2058044, 4.8073753 ], [ -74.2058092, 4.807368 ], [ -74.2058143, 4.8073607 ], [ -74.2058194, 4.8073536 ], [ -74.2058247, 4.8073466 ], [ -74.2058301, 4.8073396 ], [ -74.2058356, 4.8073328 ], [ -74.2058412, 4.807326 ], [ -74.2058469, 4.8073194 ], [ -74.2058528, 4.8073128 ], [ -74.2058587, 4.8073063 ], [ -74.2058648, 4.8073 ], [ -74.205871, 4.8072937 ], [ -74.2058773, 4.8072876 ], [ -74.2058837, 4.8072815 ], [ -74.2058902, 4.8072756 ], [ -74.2058968, 4.8072698 ], [ -74.2059035, 4.8072641 ], [ -74.2059103, 4.8072585 ], [ -74.2059172, 4.8072531 ], [ -74.2059242, 4.8072477 ], [ -74.2059313, 4.8072425 ], [ -74.2059384, 4.8072374 ], [ -74.2059457, 4.8072324 ], [ -74.205953, 4.8072276 ], [ -74.2059605, 4.8072228 ], [ -74.205968, 4.8072183 ], [ -74.2059755, 4.8072138 ], [ -74.2059832, 4.8072095 ], [ -74.2059909, 4.8072052 ], [ -74.2059987, 4.8072012 ], [ -74.2060066, 4.8071972 ], [ -74.2060146, 4.8071934 ], [ -74.2060226, 4.8071898 ], [ -74.2060306, 4.8071863 ], [ -74.2060388, 4.8071829 ], [ -74.206047, 4.8071796 ], [ -74.2060552, 4.8071765 ], [ -74.2060635, 4.8071736 ], [ -74.2060718, 4.8071707 ], [ -74.2060802, 4.8071681 ], [ -74.2060887, 4.8071655 ], [ -74.2060971, 4.8071631 ], [ -74.2061056, 4.8071609 ], [ -74.2065899, 4.807171 ], [ -74.2067715, 4.8077741 ] ] ] } },
{ "type": "Feature", "properties": { "id": 0, "layer": "MADRID OFICIAL — AREA DE RESERVA FORESTAL PROTECTORA", "clas_CIAF": "5a" }, "geometry": { "type": "Polygon", "coordinates": [ [ [ -74.202499, 4.8171688 ], [ -74.2025018, 4.8171971 ], [ -74.2025042, 4.8172255 ], [ -74.2025061, 4.817254 ], [ -74.2025075, 4.8172824 ], [ -74.2025083, 4.8173109 ], [ -74.2025087, 4.8173394 ], [ -74.2025086, 4.8173679 ], [ -74.202508, 4.8173964 ], [ -74.2025069, 4.8174249 ], [ -74.2025053, 4.8174534 ], [ -74.2025032, 4.8174818 ], [ -74.2025006, 4.8175102 ], [ -74.2024976, 4.8175385 ], [ -74.202494, 4.8175668 ], [ -74.2024899, 4.817595 ], [ -74.2024854, 4.8176232 ], [ -74.2024803, 4.8176512 ], [ -74.2024748, 4.8176792 ], [ -74.2024688, 4.817707 ], [ -74.2024623, 4.8177348 ], [ -74.2024553, 4.8177624 ], [ -74.2024478, 4.81779 ], [ -74.2024399, 4.8178173 ], [ -74.2024315, 4.8178446 ], [ -74.2024226, 4.8178717 ], [ -74.2024132, 4.8178986 ], [ -74.2024034, 4.8179254 ], [ -74.2023931, 4.817952 ], [ -74.2023823, 4.8179784 ], [ -74.2023711, 4.8180046 ], [ -74.2023595, 4.8180306 ], [ -74.2023473, 4.8180564 ], [ -74.2023348, 4.818082 ], [ -74.2023218, 4.8181074 ], [ -74.2023083, 4.8181326 ], [ -74.2022944, 4.8181575 ], [ -74.2022801, 4.8181822 ], [ -74.2022654, 4.8182066 ], [ -74.2022502, 4.8182308 ], [ -74.2022346, 4.8182547 ], [ -74.2022186, 4.8182783 ], [ -74.2022022, 4.8183016 ], [ -74.2021854, 4.8183247 ], [ -74.2021682, 4.8183475 ], [ -74.2021505, 4.8183699 ], [ -74.2021325, 4.8183921 ], [ -74.2021142, 4.8184139 ], [ -74.2020954, 4.8184354 ], [ -74.2020504, 4.8185077 ], [ -74.2020066, 4.8185808 ], [ -74.2019641, 4.8186546 ], [ -74.2019228, 4.818729 ], [ -74.2018828, 4.8188042 ], [ -74.201844, 4.81888 ], [ -74.2018065, 4.8189564 ], [ -74.2017704, 4.8190335 ], [ -74.2017355, 4.8191112 ], [ -74.201702, 4.8191894 ], [ -74.2016989, 4.819203 ], [ -74.2016955, 4.8192165 ], [ -74.201692, 4.8192299 ], [ -74.2016882, 4.8192433 ], [ -74.2016841, 4.8192566 ], [ -74.2016799, 4.8192698 ], [ -74.2016754, 4.819283 ], [ -74.2016707, 4.8192961 ], [ -74.2016658, 4.8193091 ], [ -74.2016606, 4.819322 ], [ -74.2016553, 4.8193349 ], [ -74.2016497, 4.8193476 ], [ -74.2016439, 4.8193603 ], [ -74.2016379, 4.8193728 ], [ -74.2016316, 4.8193852 ], [ -74.2016252, 4.8193976 ], [ -74.2016185, 4.8194098 ], [ -74.2016116, 4.8194219 ], [ -74.2016046, 4.8194339 ], [ -74.2015973, 4.8194457 ], [ -74.2015898, 4.8194575 ], [ -74.2015821, 4.8194691 ], [ -74.2015742, 4.8194805 ], [ -74.2015662, 4.8194919 ], [ -74.2015579, 4.8195031 ], [ -74.2015494, 4.8195141 ], [ -74.2015408, 4.819525 ], [ -74.201532, 4.8195358 ], [ -74.2015229, 4.8195464 ], [ -74.2015137, 4.8195569 ], [ -74.2015044, 4.8195672 ], [ -74.2014948, 4.8195773 ], [ -74.2014851, 4.8195873 ], [ -74.2014752, 4.8195971 ], [ -74.2014651, 4.8196067 ], [ -74.2014549, 4.8196162 ], [ -74.2014445, 4.8196254 ], [ -74.201434, 4.8196345 ], [ -74.2014233, 4.8196435 ], [ -74.2014124, 4.8196522 ], [ -74.2014014, 4.8196608 ], [ -74.2013903, 4.8196691 ], [ -74.201379, 4.8196773 ], [ -74.2013676, 4.8196853 ], [ -74.201356, 4.8196931 ], [ -74.2013443, 4.8197007 ], [ -74.2013325, 4.8197081 ], [ -74.2013206, 4.8197152 ], [ -74.2013085, 4.8197222 ], [ -74.2012595, 4.819761 ], [ -74.20121, 4.8197991 ], [ -74.2011598, 4.8198364 ], [ -74.201109, 4.8198728 ], [ -74.2010577, 4.8199085 ], [ -74.2010058, 4.8199434 ], [ -74.2009847, 4.8199482 ], [ -74.2009635, 4.8199527 ], [ -74.2009422, 4.8199569 ], [ -74.2009208, 4.8199606 ], [ -74.2008994, 4.819964 ], [ -74.2008779, 4.8199671 ], [ -74.2008563, 4.8199697 ], [ -74.2008348, 4.819972 ], [ -74.2008131, 4.819974 ], [ -74.2007915, 4.8199755 ], [ -74.2007698, 4.8199767 ], [ -74.2007482, 4.8199776 ], [ -74.2007265, 4.819978 ], [ -74.2007048, 4.8199781 ], [ -74.2006831, 4.8199778 ], [ -74.2006614, 4.8199772 ], [ -74.2006397, 4.8199762 ], [ -74.200618, 4.8199748 ], [ -74.2005964, 4.819973 ], [ -74.2005748, 4.8199709 ], [ -74.2005533, 4.8199684 ], [ -74.2005317, 4.8199656 ], [ -74.2005103, 4.8199624 ], [ -74.2004889, 4.8199588 ], [ -74.2004676, 4.8199548 ], [ -74.2004463, 4.8199505 ], [ -74.2004251, 4.8199458 ], [ -74.200404, 4.8199408 ], [ -74.200383, 4.8199354 ], [ -74.2003621, 4.8199297 ], [ -74.2003412, 4.8199236 ], [ -74.2003205, 4.8199171 ], [ -74.2002999, 4.8199103 ], [ -74.2002795, 4.8199032 ], [ -74.2002727, 4.819897 ], [ -74.200266, 4.8198907 ], [ -74.2002595, 4.8198843 ], [ -74.2002531, 4.8198778 ], [ -74.2002468, 4.8198711 ], [ -74.2002406, 4.8198644 ], [ -74.2002345, 4.8198576 ], [ -74.2002285, 4.8198506 ], [ -74.2002227, 4.8198436 ], [ -74.200217, 4.8198364 ], [ -74.2002114, 4.8198292 ], [ -74.2002059, 4.8198218 ], [ -74.2002006, 4.8198144 ], [ -74.2001954, 4.8198069 ], [ -74.2001903, 4.8197992 ], [ -74.2001854, 4.8197915 ], [ -74.2001806, 4.8197837 ], [ -74.2001759, 4.8197759 ], [ -74.2001714, 4.8197679 ], [ -74.200167, 4.8197599 ], [ -74.2001627, 4.8197518 ], [ -74.2001586, 4.8197436 ], [ -74.2001546, 4.8197354 ], [ -74.2001508, 4.8197271 ], [ -74.2001471, 4.8197187 ], [ -74.2001436, 4.8197103 ], [ -74.2001402, 4.8197018 ], [ -74.200137, 4.8196932 ], [ -74.2001339, 4.8196846 ], [ -74.2001309, 4.819676 ], [ -74.2001282, 4.8196673 ], [ -74.2001255, 4.8196585 ], [ -74.200123, 4.8196497 ], [ -74.2001207, 4.8196409 ], [ -74.2001185, 4.819632 ], [ -74.2001165, 4.8196231 ], [ -74.2001146, 4.8196141 ], [ -74.2001129, 4.8196051 ], [ -74.2001114, 4.8195961 ], [ -74.20011, 4.8195871 ], [ -74.2001087, 4.819578 ], [ -74.2001077, 4.819569 ], [ -74.2001067, 4.8195599 ], [ -74.200106, 4.8195508 ], [ -74.2001054, 4.8195416 ], [ -74.2001049, 4.8195325 ], [ -74.2001046, 4.8195234 ], [ -74.2001045, 4.8195142 ], [ -74.2001045, 4.8195051 ], [ -74.2001047, 4.8194959 ], [ -74.2001051, 4.8194868 ], [ -74.2001056, 4.8194777 ], [ -74.2001062, 4.8194686 ], [ -74.200107, 4.8194595 ], [ -74.200108, 4.8194504 ], [ -74.2001092, 4.8194413 ], [ -74.2001105, 4.8194323 ], [ -74.2001119, 4.8194232 ], [ -74.2001135, 4.8194142 ], [ -74.2001153, 4.8194053 ], [ -74.2001172, 4.8193963 ], [ -74.2001193, 4.8193874 ], [ -74.2001215, 4.8193786 ], [ -74.2001239, 4.8193697 ], [ -74.2001264, 4.8193609 ], [ -74.2001291, 4.8193522 ], [ -74.200132, 4.8193435 ], [ -74.2001349, 4.8193349 ], [ -74.2001381, 4.8193263 ], [ -74.2001414, 4.8193177 ], [ -74.2001448, 4.8193093 ], [ -74.2001484, 4.8193009 ], [ -74.2001521, 4.8192925 ], [ -74.200156, 4.8192842 ], [ -74.20016, 4.819276 ], [ -74.2001642, 4.8192679 ], [ -74.2001685, 4.8192598 ], [ -74.2002023, 4.8192104 ], [ -74.200237, 4.8191616 ], [ -74.2002725, 4.8191135 ], [ -74.2003089, 4.8190659 ], [ -74.200346, 4.819019 ], [ -74.200384, 4.8189727 ], [ -74.2004227, 4.818927 ], [ -74.2004623, 4.8188821 ], [ -74.2005026, 4.8188378 ], [ -74.2005436, 4.8187942 ], [ -74.2005855, 4.8187513 ], [ -74.200628, 4.8187092 ], [ -74.2006713, 4.8186678 ], [ -74.2007153, 4.8186271 ], [ -74.2007599, 4.8185872 ], [ -74.2008053, 4.8185481 ], [ -74.2008513, 4.8185097 ], [ -74.200898, 4.8184722 ], [ -74.2009453, 4.8184354 ], [ -74.2009507, 4.8184312 ], [ -74.2009559, 4.8184269 ], [ -74.2009611, 4.8184225 ], [ -74.2009663, 4.818418 ], [ -74.2009713, 4.8184135 ], [ -74.2009763, 4.8184088 ], [ -74.2009812, 4.8184041 ], [ -74.200986, 4.8183992 ], [ -74.2009907, 4.8183943 ], [ -74.2009953, 4.8183893 ], [ -74.2009998, 4.8183843 ], [ -74.2010043, 4.8183791 ], [ -74.2010087, 4.8183739 ], [ -74.2010129, 4.8183686 ], [ -74.2010171, 4.8183632 ], [ -74.2010212, 4.8183578 ], [ -74.2010252, 4.8183523 ], [ -74.2010291, 4.8183467 ], [ -74.2010329, 4.8183411 ], [ -74.2010366, 4.8183353 ], [ -74.2010402, 4.8183296 ], [ -74.2010437, 4.8183237 ], [ -74.2010471, 4.8183178 ], [ -74.2010504, 4.8183119 ], [ -74.2010536, 4.8183059 ], [ -74.2010567, 4.8182998 ], [ -74.2010597, 4.8182937 ], [ -74.2010625, 4.8182876 ], [ -74.2010653, 4.8182813 ], [ -74.201068, 4.8182751 ], [ -74.2010705, 4.8182688 ], [ -74.2010729, 4.8182624 ], [ -74.2010753, 4.818256 ], [ -74.2010775, 4.8182496 ], [ -74.2010796, 4.8182432 ], [ -74.2010816, 4.8182367 ], [ -74.2010835, 4.8182301 ], [ -74.2010853, 4.8182236 ], [ -74.2010869, 4.818217 ], [ -74.2010884, 4.8182103 ], [ -74.2010899, 4.8182037 ], [ -74.2010912, 4.818197 ], [ -74.2010924, 4.8181903 ], [ -74.2010935, 4.8181836 ], [ -74.2010944, 4.8181769 ], [ -74.2010953, 4.8181702 ], [ -74.201096, 4.8181634 ], [ -74.2010966, 4.8181566 ], [ -74.2010971, 4.8181498 ], [ -74.2010975, 4.8181431 ], [ -74.2010977, 4.8181363 ], [ -74.2010979, 4.8181295 ], [ -74.2010979, 4.8181227 ], [ -74.2010978, 4.8181159 ], [ -74.2010976, 4.8181091 ], [ -74.2010972, 4.8181023 ], [ -74.2010968, 4.8180955 ], [ -74.2010962, 4.8180887 ], [ -74.2010955, 4.818082 ], [ -74.2010947, 4.8180752 ], [ -74.2010938, 4.8180685 ], [ -74.2010928, 4.8180618 ], [ -74.2010916, 4.8180551 ], [ -74.2010903, 4.8180484 ], [ -74.201089, 4.8180417 ], [ -74.2010875, 4.8180351 ], [ -74.2010858, 4.8180285 ], [ -74.2010841, 4.8180219 ], [ -74.2010823, 4.8180154 ], [ -74.2010803, 4.8180089 ], [ -74.2010782, 4.8180024 ], [ -74.2010761, 4.817996 ], [ -74.2010738, 4.8179896 ], [ -74.2010714, 4.8179832 ], [ -74.2010689, 4.8179769 ], [ -74.2010662, 4.8179706 ], [ -74.2010635, 4.8179644 ], [ -74.2010607, 4.8179582 ], [ -74.2010577, 4.8179521 ], [ -74.2010547, 4.817946 ], [ -74.2010515, 4.81794 ], [ -74.2010483, 4.817934 ], [ -74.2010449, 4.8179281 ], [ -74.2010414, 4.8179222 ], [ -74.2010379, 4.8179164 ], [ -74.2010342, 4.8179107 ], [ -74.2010304, 4.817905 ], [ -74.2010266, 4.8178994 ], [ -74.2010226, 4.8178939 ], [ -74.2010186, 4.8178884 ], [ -74.2010144, 4.817883 ], [ -74.2010102, 4.8178777 ], [ -74.2010058, 4.8178725 ], [ -74.2010053, 4.8178491 ], [ -74.2010043, 4.8178257 ], [ -74.201003, 4.8178024 ], [ -74.2010013, 4.8177791 ], [ -74.2009991, 4.8177558 ], [ -74.2009966, 4.8177326 ], [ -74.2009937, 4.8177094 ], [ -74.2009904, 4.8176862 ], [ -74.2009867, 4.8176631 ], [ -74.2009826, 4.8176401 ], [ -74.2009782, 4.8176172 ], [ -74.2009733, 4.8175943 ], [ -74.2009681, 4.8175715 ], [ -74.2009625, 4.8175488 ], [ -74.2009564, 4.8175262 ], [ -74.2009501, 4.8175037 ], [ -74.2009433, 4.8174813 ], [ -74.2009362, 4.8174591 ], [ -74.2009286, 4.8174369 ], [ -74.2009207, 4.8174149 ], [ -74.2009125, 4.817393 ], [ -74.2009039, 4.8173713 ], [ -74.2008949, 4.8173497 ], [ -74.2008945, 4.8173419 ], [ -74.2008943, 4.8173341 ], [ -74.2008943, 4.8173264 ], [ -74.2008943, 4.8173186 ], [ -74.2008945, 4.8173108 ], [ -74.2008949, 4.817303 ], [ -74.2008954, 4.8172952 ], [ -74.200896, 4.8172875 ], [ -74.2008967, 4.8172797 ], [ -74.2008976, 4.817272 ], [ -74.2008986, 4.8172642 ], [ -74.2008998, 4.8172565 ], [ -74.200901, 4.8172488 ], [ -74.2009024, 4.8172412 ], [ -74.200904, 4.8172335 ], [ -74.2009057, 4.8172259 ], [ -74.2009075, 4.8172184 ], [ -74.2009094, 4.8172108 ], [ -74.2009115, 4.8172033 ], [ -74.2009137, 4.8171958 ], [ -74.200916, 4.8171884 ], [ -74.2009185, 4.817181 ], [ -74.2009211, 4.8171737 ], [ -74.2009238, 4.8171663 ], [ -74.2009266, 4.8171591 ], [ -74.2009296, 4.8171519 ], [ -74.2009327, 4.8171447 ], [ -74.2009359, 4.8171376 ], [ -74.2009392, 4.8171306 ], [ -74.2009427, 4.8171236 ], [ -74.2009463, 4.8171167 ], [ -74.20095, 4.8171098 ], [ -74.2009538, 4.817103 ], [ -74.2009577, 4.8170963 ], [ -74.2009618, 4.8170896 ], [ -74.2009659, 4.817083 ], [ -74.2009702, 4.8170765 ], [ -74.2009746, 4.8170701 ], [ -74.2009791, 4.8170637 ], [ -74.2009837, 4.8170574 ], [ -74.2009884, 4.8170512 ], [ -74.2009933, 4.8170451 ], [ -74.2009982, 4.817039 ], [ -74.2010032, 4.8170331 ], [ -74.2010084, 4.8170272 ], [ -74.2010136, 4.8170214 ], [ -74.2010189, 4.8170157 ], [ -74.2010244, 4.8170101 ], [ -74.2010299, 4.8170046 ], [ -74.2010355, 4.8169992 ], [ -74.2010413, 4.8169939 ], [ -74.2010471, 4.8169887 ], [ -74.201053, 4.8169836 ], [ -74.201059, 4.8169786 ], [ -74.201065, 4.8169737 ], [ -74.2010712, 4.8169689 ], [ -74.2010774, 4.8169642 ], [ -74.2010838, 4.8169596 ], [ -74.2010902, 4.8169551 ], [ -74.2010966, 4.8169508 ], [ -74.2011032, 4.8169465 ], [ -74.2011098, 4.8169424 ], [ -74.2011165, 4.8169384 ], [ -74.2011233, 4.8169345 ], [ -74.2011301, 4.8169307 ], [ -74.201137, 4.816927 ], [ -74.201144, 4.8169234 ], [ -74.201151, 4.81692 ], [ -74.2011581, 4.8169167 ], [ -74.2011652, 4.8169135 ], [ -74.2011724, 4.8169105 ], [ -74.2011796, 4.8169075 ], [ -74.2011869, 4.8169047 ], [ -74.2011942, 4.816902 ], [ -74.2012016, 4.8168994 ], [ -74.201209, 4.816897 ], [ -74.2012165, 4.8168947 ], [ -74.201224, 4.8168925 ], [ -74.2012316, 4.8168905 ], [ -74.2012391, 4.8168886 ], [ -74.2012467, 4.8168868 ], [ -74.2012544, 4.8168851 ], [ -74.201262, 4.8168836 ], [ -74.2012697, 4.8168822 ], [ -74.2012775, 4.8168809 ], [ -74.2012852, 4.8168798 ], [ -74.2012929, 4.8168788 ], [ -74.2013007, 4.8168779 ], [ -74.2013085, 4.8168772 ], [ -74.2013625, 4.8168815 ], [ -74.2014166, 4.8168849 ], [ -74.2014707, 4.8168875 ], [ -74.2015249, 4.8168891 ], [ -74.201579, 4.8168899 ], [ -74.2016332, 4.8168898 ], [ -74.2016874, 4.8168888 ], [ -74.2017415, 4.8168869 ], [ -74.2017957, 4.8168841 ], [ -74.2018497, 4.8168805 ], [ -74.2019037, 4.816876 ], [ -74.2019576, 4.8168706 ], [ -74.2020114, 4.8168643 ], [ -74.2020651, 4.8168571 ], [ -74.202499, 4.8171688 ] ] ] } },
{ "type": "Feature", "properties": { "id": 0, "layer": "MADRID OFICIAL — AREA DE RESERVA FORESTAL PROTECTORA", "clas_CIAF": "5a" }, "geometry": { "type": "Polygon", "coordinates": [ [ [ -74.196022, 4.8193402 ], [ -74.1962541, 4.8192698 ], [ -74.1964962, 4.8195111 ], [ -74.1967182, 4.8198026 ], [ -74.1968796, 4.8200841 ], [ -74.1970914, 4.8205968 ], [ -74.1972327, 4.8211799 ], [ -74.1975051, 4.8220042 ], [ -74.1977068, 4.8226778 ], [ -74.1978582, 4.8234418 ], [ -74.1979086, 4.8241154 ], [ -74.1977775, 4.824618 ], [ -74.1977169, 4.8248693 ], [ -74.1975252, 4.8253318 ], [ -74.197273, 4.8257339 ], [ -74.1969905, 4.8262667 ], [ -74.1967787, 4.8266487 ], [ -74.1965265, 4.827272 ], [ -74.1960422, 4.8279455 ], [ -74.19604, 4.8279502 ], [ -74.1960377, 4.8279548 ], [ -74.1960353, 4.8279594 ], [ -74.1960328, 4.827964 ], [ -74.1960303, 4.8279685 ], [ -74.1960277, 4.827973 ], [ -74.196025, 4.8279774 ], [ -74.1960222, 4.8279818 ], [ -74.1960194, 4.8279861 ], [ -74.1960164, 4.8279904 ], [ -74.1960134, 4.8279946 ], [ -74.1960104, 4.8279988 ], [ -74.1960072, 4.8280029 ], [ -74.196004, 4.828007 ], [ -74.1960007, 4.828011 ], [ -74.1959974, 4.8280149 ], [ -74.1959939, 4.8280188 ], [ -74.1959904, 4.8280226 ], [ -74.1959869, 4.8280264 ], [ -74.1959832, 4.8280301 ], [ -74.1959796, 4.8280338 ], [ -74.1959758, 4.8280373 ], [ -74.195972, 4.8280408 ], [ -74.1959681, 4.8280443 ], [ -74.1959642, 4.8280477 ], [ -74.1959602, 4.828051 ], [ -74.1959561, 4.8280542 ], [ -74.195952, 4.8280574 ], [ -74.1959479, 4.8280605 ], [ -74.1959437, 4.8280635 ], [ -74.1959394, 4.8280665 ], [ -74.1959351, 4.8280694 ], [ -74.1959307, 4.8280722 ], [ -74.1959263, 4.8280749 ], [ -74.1959218, 4.8280775 ], [ -74.1959173, 4.8280801 ], [ -74.1959128, 4.8280826 ], [ -74.1959082, 4.828085 ], [ -74.1959035, 4.8280873 ], [ -74.1958988, 4.8280896 ], [ -74.1958941, 4.8280918 ], [ -74.1958894, 4.8280938 ], [ -74.1958846, 4.8280959 ], [ -74.1958798, 4.8280978 ], [ -74.1958749, 4.8280996 ], [ -74.19587, 4.8281014 ], [ -74.1958651, 4.828103 ], [ -74.1958602, 4.8281046 ], [ -74.1958552, 4.8281061 ], [ -74.1958502, 4.8281075 ], [ -74.1958452, 4.8281089 ], [ -74.1958401, 4.8281101 ], [ -74.1958351, 4.8281112 ], [ -74.19583, 4.8281123 ], [ -74.1958249, 4.8281133 ], [ -74.1958198, 4.8281142 ], [ -74.1958146, 4.828115 ], [ -74.1958095, 4.8281157 ], [ -74.1958043, 4.8281163 ], [ -74.1957991, 4.8281168 ], [ -74.195794, 4.8281172 ], [ -74.1957888, 4.8281176 ], [ -74.1957836, 4.8281178 ], [ -74.1957784, 4.828118 ], [ -74.1957732, 4.8281181 ], [ -74.195768, 4.8281181 ], [ -74.1957628, 4.828118 ], [ -74.1957576, 4.8281178 ], [ -74.1957524, 4.8281175 ], [ -74.1957473, 4.8281171 ], [ -74.1957421, 4.8281167 ], [ -74.1957369, 4.8281161 ], [ -74.1957318, 4.8281155 ], [ -74.1957266, 4.8281147 ], [ -74.1957215, 4.8281139 ], [ -74.1957164, 4.828113 ], [ -74.1957113, 4.828112 ], [ -74.1957062, 4.8281109 ], [ -74.1957012, 4.8281098 ], [ -74.1956961, 4.8281085 ], [ -74.1956911, 4.8281071 ], [ -74.1956861, 4.8281057 ], [ -74.1956811, 4.8281042 ], [ -74.1956762, 4.8281026 ], [ -74.1956713, 4.8281009 ], [ -74.1956664, 4.8280991 ], [ -74.1956616, 4.8280973 ], [ -74.1956568, 4.8280953 ], [ -74.195652, 4.8280933 ], [ -74.1956472, 4.8280912 ], [ -74.1956425, 4.828089 ], [ -74.1956379, 4.8280867 ], [ -74.1956332, 4.8280843 ], [ -74.1956287, 4.8280819 ], [ -74.1956241, 4.8280794 ], [ -74.1956196, 4.8280768 ], [ -74.1956152, 4.8280741 ], [ -74.1956108, 4.8280714 ], [ -74.1956064, 4.8280686 ], [ -74.1956021, 4.8280657 ], [ -74.1955979, 4.8280627 ], [ -74.1955937, 4.8280596 ], [ -74.1955895, 4.8280565 ], [ -74.1955854, 4.8280533 ], [ -74.1955814, 4.8280501 ], [ -74.1955774, 4.8280467 ], [ -74.1955735, 4.8280433 ], [ -74.1955696, 4.8280399 ], [ -74.1955658, 4.8280363 ], [ -74.1955621, 4.8280327 ], [ -74.1955584, 4.8280291 ], [ -74.1955548, 4.8280254 ], [ -74.1955513, 4.8280216 ], [ -74.1955478, 4.8280177 ], [ -74.1955444, 4.8280138 ], [ -74.1955411, 4.8280099 ], [ -74.1955378, 4.8280058 ], [ -74.1955269, 4.8279979 ], [ -74.1955159, 4.8279901 ], [ -74.1955047, 4.8279825 ], [ -74.1954935, 4.8279751 ], [ -74.1954821, 4.8279679 ], [ -74.1954705, 4.8279609 ], [ -74.1954589, 4.8279541 ], [ -74.1954471, 4.8279475 ], [ -74.1954353, 4.8279412 ], [ -74.1954233, 4.827935 ], [ -74.1954112, 4.827929 ], [ -74.195399, 4.8279232 ], [ -74.1953867, 4.8279176 ], [ -74.1953743, 4.8279123 ], [ -74.1953619, 4.8279071 ], [ -74.1953493, 4.8279022 ], [ -74.1953367, 4.8278975 ], [ -74.1953239, 4.827893 ], [ -74.1953111, 4.8278887 ], [ -74.1952983, 4.8278847 ], [ -74.1952853, 4.8278808 ], [ -74.1952723, 4.8278772 ], [ -74.1952593, 4.8278738 ], [ -74.1952462, 4.8278707 ], [ -74.195233, 4.8278677 ], [ -74.1952198, 4.827865 ], [ -74.1952065, 4.8278625 ], [ -74.1951932, 4.8278603 ], [ -74.1951799, 4.8278583 ], [ -74.1951665, 4.8278565 ], [ -74.1951531, 4.8278549 ], [ -74.1951397, 4.8278535 ], [ -74.1951262, 4.8278524 ], [ -74.1951127, 4.8278516 ], [ -74.1950993, 4.8278509 ], [ -74.1950858, 4.8278505 ], [ -74.1950723, 4.8278503 ], [ -74.1950588, 4.8278504 ], [ -74.1950453, 4.8278506 ], [ -74.1950318, 4.8278511 ], [ -74.1950183, 4.8278519 ], [ -74.1950049, 4.8278528 ], [ -74.1949914, 4.827854 ], [ -74.194978, 4.8278555 ], [ -74.1949646, 4.8278571 ], [ -74.1949512, 4.827859 ], [ -74.1949379, 4.8278611 ], [ -74.1949246, 4.8278635 ], [ -74.1949114, 4.8278661 ], [ -74.1948982, 4.8278689 ], [ -74.194885, 4.8278719 ], [ -74.1948719, 4.8278751 ], [ -74.1948569, 4.8278905 ], [ -74.1948421, 4.8279062 ], [ -74.1948275, 4.827922 ], [ -74.1948133, 4.8279382 ], [ -74.1947993, 4.8279546 ], [ -74.1947856, 4.8279712 ], [ -74.1947723, 4.827988 ], [ -74.1947591, 4.8280051 ], [ -74.1947463, 4.8280224 ], [ -74.1947338, 4.8280399 ], [ -74.1947216, 4.8280576 ], [ -74.1947098, 4.8280755 ], [ -74.1946982, 4.8280937 ], [ -74.1946869, 4.828112 ], [ -74.194676, 4.8281305 ], [ -74.1946653, 4.8281492 ], [ -74.194655, 4.8281681 ], [ -74.1946451, 4.8281872 ], [ -74.1946354, 4.8282064 ], [ -74.1946261, 4.8282258 ], [ -74.1946172, 4.8282453 ], [ -74.1946085, 4.828265 ], [ -74.1946002, 4.8282849 ], [ -74.1945923, 4.8283048 ], [ -74.1945847, 4.8283249 ], [ -74.1945774, 4.8283452 ], [ -74.1945705, 4.8283656 ], [ -74.194564, 4.828386 ], [ -74.1945578, 4.8284066 ], [ -74.194552, 4.8284273 ], [ -74.1945465, 4.8284481 ], [ -74.1945414, 4.828469 ], [ -74.1945366, 4.8284899 ], [ -74.1945322, 4.828511 ], [ -74.1945282, 4.8285321 ], [ -74.1945245, 4.8285533 ], [ -74.1945212, 4.8285745 ], [ -74.1945183, 4.8285958 ], [ -74.1945158, 4.8286171 ], [ -74.1945136, 4.8286385 ], [ -74.1945117, 4.8286599 ], [ -74.1945103, 4.8286814 ], [ -74.1945092, 4.8287028 ], [ -74.1945085, 4.8287243 ], [ -74.1945082, 4.8287458 ], [ -74.1945082, 4.8287673 ], [ -74.1945086, 4.8287888 ], [ -74.1945094, 4.8288103 ], [ -74.1945105, 4.8288317 ], [ -74.1945121, 4.8288532 ], [ -74.1945139, 4.8288746 ], [ -74.1945162, 4.8288959 ], [ -74.1945188, 4.8289173 ], [ -74.1945218, 4.8289386 ], [ -74.1945252, 4.8289598 ], [ -74.1945289, 4.828981 ], [ -74.1945216, 4.829004 ], [ -74.1945139, 4.8290269 ], [ -74.1945058, 4.8290497 ], [ -74.1944973, 4.8290723 ], [ -74.1944884, 4.8290948 ], [ -74.1944791, 4.8291171 ], [ -74.1944695, 4.8291393 ], [ -74.1944594, 4.8291613 ], [ -74.194449, 4.8291831 ], [ -74.1944382, 4.8292048 ], [ -74.1944271, 4.8292262 ], [ -74.1944155, 4.8292475 ], [ -74.1944036, 4.8292685 ], [ -74.1943913, 4.8292894 ], [ -74.1943787, 4.82931 ], [ -74.1943657, 4.8293304 ], [ -74.1943524, 4.8293506 ], [ -74.1943387, 4.8293706 ], [ -74.1943247, 4.8293903 ], [ -74.1943103, 4.8294097 ], [ -74.1942956, 4.829429 ], [ -74.1942806, 4.8294479 ], [ -74.1942653, 4.8294666 ], [ -74.1942496, 4.8294851 ], [ -74.1942336, 4.8295033 ], [ -74.1942173, 4.8295211 ], [ -74.1942007, 4.8295388 ], [ -74.1941838, 4.8295561 ], [ -74.1941666, 4.8295731 ], [ -74.1941491, 4.8295898 ], [ -74.1941313, 4.8296063 ], [ -74.1941132, 4.8296224 ], [ -74.1940949, 4.8296382 ], [ -74.1940762, 4.8296537 ], [ -74.1940574, 4.8296688 ], [ -74.1940382, 4.8296837 ], [ -74.1940188, 4.8296982 ], [ -74.1939992, 4.8297123 ], [ -74.1939793, 4.8297262 ], [ -74.1939592, 4.8297397 ], [ -74.1939388, 4.8297528 ], [ -74.1939182, 4.8297656 ], [ -74.1938974, 4.829778 ], [ -74.1938764, 4.8297901 ], [ -74.1938552, 4.8298018 ], [ -74.1938338, 4.8298132 ], [ -74.1938122, 4.8298241 ], [ -74.1937904, 4.8298347 ], [ -74.1937684, 4.829845 ], [ -74.1937463, 4.8298548 ], [ -74.193724, 4.8298643 ], [ -74.1937015, 4.8298733 ], [ -74.1936789, 4.829882 ], [ -74.1936561, 4.8298903 ], [ -74.1936332, 4.8298983 ], [ -74.1936101, 4.8299058 ], [ -74.1935869, 4.8299129 ], [ -74.1935636, 4.8299196 ], [ -74.1935402, 4.8299259 ], [ -74.1925011, 4.8305995 ], [ -74.1924836, 4.83063 ], [ -74.1924655, 4.8306603 ], [ -74.1924469, 4.8306903 ], [ -74.1924278, 4.8307199 ], [ -74.1924082, 4.8307492 ], [ -74.1923881, 4.8307782 ], [ -74.1923675, 4.8308068 ], [ -74.1923464, 4.830835 ], [ -74.1923248, 4.8308629 ], [ -74.1923027, 4.8308904 ], [ -74.1922802, 4.8309175 ], [ -74.1922572, 4.8309443 ], [ -74.1922337, 4.8309706 ], [ -74.1922098, 4.8309966 ], [ -74.1921854, 4.8310221 ], [ -74.1921606, 4.8310472 ], [ -74.1921354, 4.8310719 ], [ -74.1921098, 4.8310961 ], [ -74.1920837, 4.8311199 ], [ -74.1920572, 4.8311432 ], [ -74.1920304, 4.8311661 ], [ -74.1920031, 4.8311885 ], [ -74.1919755, 4.8312105 ], [ -74.1919475, 4.831232 ], [ -74.1919191, 4.831253 ], [ -74.1918903, 4.8312735 ], [ -74.1918612, 4.8312935 ], [ -74.1918318, 4.831313 ], [ -74.1918021, 4.831332 ], [ -74.191772, 4.8313504 ], [ -74.1917416, 4.8313684 ], [ -74.1917109, 4.8313858 ], [ -74.1916798, 4.8314027 ], [ -74.1916486, 4.8314191 ], [ -74.191617, 4.831435 ], [ -74.1915851, 4.8314503 ], [ -74.1915531, 4.831465 ], [ -74.1915207, 4.8314792 ], [ -74.1914881, 4.8314928 ], [ -74.1914553, 4.8315059 ], [ -74.1914223, 4.8315184 ], [ -74.191389, 4.8315304 ], [ -74.1913556, 4.8315417 ], [ -74.1913219, 4.8315525 ], [ -74.1912881, 4.8315627 ], [ -74.1912541, 4.8315724 ], [ -74.1912199, 4.8315814 ], [ -74.1911856, 4.8315899 ], [ -74.1911512, 4.8315978 ], [ -74.1911166, 4.8316051 ], [ -74.1910819, 4.8316117 ], [ -74.1910471, 4.8316178 ], [ -74.1910122, 4.8316233 ], [ -74.1909772, 4.8316282 ], [ -74.1909421, 4.8316325 ], [ -74.1909069, 4.8316362 ], [ -74.1908717, 4.8316393 ], [ -74.1908365, 4.8316418 ], [ -74.1908012, 4.8316437 ], [ -74.1907658, 4.831645 ], [ -74.1907582, 4.831638 ], [ -74.1907506, 4.8316309 ], [ -74.1907432, 4.8316238 ], [ -74.1907359, 4.8316164 ], [ -74.1907288, 4.831609 ], [ -74.1907218, 4.8316014 ], [ -74.1907149, 4.8315937 ], [ -74.1907081, 4.8315859 ], [ -74.1907015, 4.831578 ], [ -74.190695, 4.8315699 ], [ -74.1906887, 4.8315618 ], [ -74.1906825, 4.8315535 ], [ -74.1906764, 4.8315451 ], [ -74.1906705, 4.8315367 ], [ -74.1906648, 4.8315281 ], [ -74.1906592, 4.8315194 ], [ -74.1906537, 4.8315107 ], [ -74.1906484, 4.8315018 ], [ -74.1906433, 4.8314928 ], [ -74.1906383, 4.8314838 ], [ -74.1906335, 4.8314747 ], [ -74.1906288, 4.8314655 ], [ -74.1906243, 4.8314562 ], [ -74.19062, 4.8314468 ], [ -74.1906158, 4.8314374 ], [ -74.1906118, 4.8314279 ], [ -74.1906079, 4.8314183 ], [ -74.1906043, 4.8314087 ], [ -74.1906008, 4.8313989 ], [ -74.1905974, 4.8313892 ], [ -74.1905943, 4.8313794 ], [ -74.1905913, 4.8313695 ], [ -74.1905885, 4.8313596 ], [ -74.1905858, 4.8313496 ], [ -74.1905833, 4.8313396 ], [ -74.190581, 4.8313295 ], [ -74.1905789, 4.8313194 ], [ -74.190577, 4.8313093 ], [ -74.1905752, 4.8312991 ], [ -74.1905736, 4.8312889 ], [ -74.1905722, 4.8312787 ], [ -74.190571, 4.8312685 ], [ -74.1905699, 4.8312582 ], [ -74.1905691, 4.8312479 ], [ -74.1905684, 4.8312377 ], [ -74.1905679, 4.8312274 ], [ -74.1905675, 4.831217 ], [ -74.1905674, 4.8312067 ], [ -74.1905674, 4.8311964 ], [ -74.1905676, 4.8311861 ], [ -74.190568, 4.8311758 ], [ -74.1905686, 4.8311655 ], [ -74.1905693, 4.8311552 ], [ -74.1905703, 4.8311449 ], [ -74.1905714, 4.8311347 ], [ -74.1905727, 4.8311245 ], [ -74.1905741, 4.8311142 ], [ -74.1905758, 4.8311041 ], [ -74.1905776, 4.8310939 ], [ -74.1905796, 4.8310838 ], [ -74.1905818, 4.8310737 ], [ -74.1905841, 4.8310637 ], [ -74.1905867, 4.8310537 ], [ -74.1905894, 4.8310437 ], [ -74.1905922, 4.8310338 ], [ -74.1905953, 4.8310239 ], [ -74.1905985, 4.8310141 ], [ -74.1906019, 4.8310044 ], [ -74.1906055, 4.8309947 ], [ -74.1906092, 4.8309851 ], [ -74.1906131, 4.8309755 ], [ -74.1906172, 4.8309661 ], [ -74.1906214, 4.8309566 ], [ -74.1906258, 4.8309473 ], [ -74.1906303, 4.830938 ], [ -74.1906351, 4.8309289 ], [ -74.1906399, 4.8309198 ], [ -74.190645, 4.8309107 ], [ -74.1906502, 4.8309018 ], [ -74.1906555, 4.830893 ], [ -74.190661, 4.8308843 ], [ -74.1906667, 4.8308756 ], [ -74.1906725, 4.8308671 ], [ -74.1906784, 4.8308586 ], [ -74.1906845, 4.8308503 ], [ -74.1906908, 4.8308421 ], [ -74.1906971, 4.830834 ], [ -74.1907037, 4.830826 ], [ -74.1907103, 4.8308181 ], [ -74.1907171, 4.8308103 ], [ -74.1907241, 4.8308026 ], [ -74.1907311, 4.8307951 ], [ -74.1907383, 4.8307877 ], [ -74.1907457, 4.8307804 ], [ -74.1909474, 4.8302878 ], [ -74.1917041, 4.8286392 ], [ -74.1919059, 4.8281767 ], [ -74.1929248, 4.826136 ], [ -74.1933485, 4.8252513 ], [ -74.1937622, 4.8240953 ], [ -74.19465, 4.8215016 ], [ -74.194695, 4.8214298 ], [ -74.1947413, 4.8213587 ], [ -74.1947887, 4.8212884 ], [ -74.1948373, 4.8212189 ], [ -74.1948871, 4.8211502 ], [ -74.1949379, 4.8210824 ], [ -74.1949899, 4.8210154 ], [ -74.195043, 4.8209492 ], [ -74.1950972, 4.820884 ], [ -74.1951524, 4.8208196 ], [ -74.1952088, 4.8207562 ], [ -74.1952661, 4.8206937 ], [ -74.1953245, 4.8206321 ], [ -74.1953839, 4.8205715 ], [ -74.1954443, 4.8205119 ], [ -74.1955057, 4.8204533 ], [ -74.195568, 4.8203958 ], [ -74.1956055, 4.820287 ], [ -74.1956447, 4.8201789 ], [ -74.1956857, 4.8200714 ], [ -74.1957285, 4.8199647 ], [ -74.1957731, 4.8198586 ], [ -74.1958194, 4.8197533 ], [ -74.1958675, 4.8196488 ], [ -74.1959173, 4.8195451 ], [ -74.1959688, 4.8194422 ], [ -74.196022, 4.8193402 ] ] ] } },
{ "type": "Feature", "properties": { "id": 0, "layer": "MADRID OFICIAL — AREA DE RESERVA FORESTAL PROTECTORA", "clas_CIAF": "5a" }, "geometry": { "type": "Polygon", "coordinates": [ [ [ -74.2079771, 4.8229794 ], [ -74.2077753, 4.8234418 ], [ -74.2077148, 4.8235826 ], [ -74.2075735, 4.8238238 ], [ -74.207392, 4.8240048 ], [ -74.207392, 4.8241656 ], [ -74.2074727, 4.824246 ], [ -74.2077753, 4.8243466 ], [ -74.2079166, 4.8244069 ], [ -74.2082596, 4.8245275 ], [ -74.208421, 4.8247085 ], [ -74.2084614, 4.8250101 ], [ -74.2084008, 4.8254926 ], [ -74.2085219, 4.8258545 ], [ -74.2088649, 4.826136 ], [ -74.2091474, 4.8264376 ], [ -74.2091877, 4.8268397 ], [ -74.2093895, 4.8270206 ], [ -74.20945, 4.8274228 ], [ -74.2092281, 4.8279254 ], [ -74.2088447, 4.8282471 ], [ -74.2082192, 4.8283074 ], [ -74.2075534, 4.8290312 ], [ -74.2075105, 4.8290941 ], [ -74.2074665, 4.8291563 ], [ -74.2074214, 4.8292177 ], [ -74.2073753, 4.8292783 ], [ -74.2073282, 4.8293381 ], [ -74.20728, 4.8293971 ], [ -74.2072309, 4.8294553 ], [ -74.2071807, 4.8295127 ], [ -74.2071296, 4.8295691 ], [ -74.2070775, 4.8296247 ], [ -74.2070245, 4.8296794 ], [ -74.2069705, 4.8297332 ], [ -74.2069156, 4.8297861 ], [ -74.2068598, 4.829838 ], [ -74.2068031, 4.8298889 ], [ -74.2067456, 4.8299389 ], [ -74.2066872, 4.8299879 ], [ -74.206628, 4.8300358 ], [ -74.2065679, 4.8300828 ], [ -74.2065071, 4.8301287 ], [ -74.2064455, 4.8301736 ], [ -74.2063831, 4.8302175 ], [ -74.2063886, 4.8302173 ], [ -74.2063941, 4.8302173 ], [ -74.2063995, 4.8302174 ], [ -74.206405, 4.8302176 ], [ -74.2064105, 4.8302178 ], [ -74.206416, 4.8302182 ], [ -74.2064214, 4.8302186 ], [ -74.2064269, 4.8302192 ], [ -74.2064323, 4.8302198 ], [ -74.2064378, 4.8302205 ], [ -74.2064432, 4.8302214 ], [ -74.2064486, 4.8302223 ], [ -74.206454, 4.8302233 ], [ -74.2064593, 4.8302244 ], [ -74.2064647, 4.8302256 ], [ -74.20647, 4.8302269 ], [ -74.2064753, 4.8302283 ], [ -74.2064806, 4.8302298 ], [ -74.2064859, 4.8302313 ], [ -74.2064911, 4.830233 ], [ -74.2064963, 4.8302347 ], [ -74.2065014, 4.8302366 ], [ -74.2065066, 4.8302385 ], [ -74.2065117, 4.8302405 ], [ -74.2065167, 4.8302426 ], [ -74.2065218, 4.8302448 ], [ -74.2065267, 4.830247 ], [ -74.2065317, 4.8302494 ], [ -74.2065366, 4.8302518 ], [ -74.2065415, 4.8302544 ], [ -74.2065463, 4.830257 ], [ -74.206551, 4.8302597 ], [ -74.2065558, 4.8302624 ], [ -74.2065604, 4.8302653 ], [ -74.2065651, 4.8302682 ], [ -74.2065696, 4.8302713 ], [ -74.2065742, 4.8302743 ], [ -74.2065786, 4.8302775 ], [ -74.206583, 4.8302808 ], [ -74.2065874, 4.8302841 ], [ -74.2065917, 4.8302875 ], [ -74.2065959, 4.830291 ], [ -74.2066001, 4.8302945 ], [ -74.2066042, 4.8302981 ], [ -74.2066082, 4.8303018 ], [ -74.2066122, 4.8303056 ], [ -74.2066161, 4.8303094 ], [ -74.20662, 4.8303133 ], [ -74.2066238, 4.8303172 ], [ -74.2066275, 4.8303212 ], [ -74.2066311, 4.8303253 ], [ -74.2066347, 4.8303295 ], [ -74.2066382, 4.8303337 ], [ -74.2066416, 4.8303379 ], [ -74.206645, 4.8303423 ], [ -74.2066483, 4.8303467 ], [ -74.2066515, 4.8303511 ], [ -74.2066546, 4.8303556 ], [ -74.2066576, 4.8303601 ], [ -74.2066606, 4.8303647 ], [ -74.2066635, 4.8303694 ], [ -74.2066663, 4.8303741 ], [ -74.206669, 4.8303788 ], [ -74.2066716, 4.8303836 ], [ -74.2066742, 4.8303884 ], [ -74.2066766, 4.8303933 ], [ -74.206679, 4.8303982 ], [ -74.2066813, 4.8304032 ], [ -74.2066835, 4.8304082 ], [ -74.2066857, 4.8304132 ], [ -74.2066877, 4.8304183 ], [ -74.2066896, 4.8304234 ], [ -74.2066915, 4.8304286 ], [ -74.2066933, 4.8304337 ], [ -74.206695, 4.8304389 ], [ -74.2066965, 4.8304442 ], [ -74.206698, 4.8304494 ], [ -74.2066994, 4.8304547 ], [ -74.2067008, 4.83046 ], [ -74.206702, 4.8304653 ], [ -74.2067031, 4.8304707 ], [ -74.2067041, 4.830476 ], [ -74.2067051, 4.8304814 ], [ -74.2067059, 4.8304868 ], [ -74.2067067, 4.8304922 ], [ -74.2067074, 4.8304976 ], [ -74.2067079, 4.8305031 ], [ -74.2067084, 4.8305085 ], [ -74.2067088, 4.830514 ], [ -74.2067091, 4.8305194 ], [ -74.2067092, 4.8305249 ], [ -74.2067093, 4.8305304 ], [ -74.2067093, 4.8305358 ], [ -74.2067092, 4.8305413 ], [ -74.2067091, 4.8305467 ], [ -74.2067088, 4.8305522 ], [ -74.2067084, 4.8305576 ], [ -74.2067079, 4.8305631 ], [ -74.2067073, 4.8305685 ], [ -74.2067067, 4.8305739 ], [ -74.2067059, 4.8305794 ], [ -74.2067116, 4.8305907 ], [ -74.2067172, 4.8306021 ], [ -74.2067225, 4.8306136 ], [ -74.2067276, 4.8306252 ], [ -74.2067325, 4.8306369 ], [ -74.2067373, 4.8306486 ], [ -74.2067418, 4.8306605 ], [ -74.2067461, 4.8306724 ], [ -74.2067502, 4.8306844 ], [ -74.2067541, 4.8306965 ], [ -74.2067577, 4.8307086 ], [ -74.2067612, 4.8307208 ], [ -74.2067644, 4.830733 ], [ -74.2067675, 4.8307453 ], [ -74.2067703, 4.8307577 ], [ -74.2067729, 4.8307701 ], [ -74.2067753, 4.8307825 ], [ -74.2067774, 4.830795 ], [ -74.2067794, 4.8308075 ], [ -74.2067811, 4.8308201 ], [ -74.2067826, 4.8308327 ], [ -74.2067839, 4.8308453 ], [ -74.206785, 4.8308579 ], [ -74.2067859, 4.8308705 ], [ -74.2067865, 4.8308832 ], [ -74.2067869, 4.8308959 ], [ -74.2067871, 4.8309085 ], [ -74.206787, 4.8309212 ], [ -74.2067868, 4.8309339 ], [ -74.2067863, 4.8309465 ], [ -74.2067856, 4.8309592 ], [ -74.2067847, 4.8309718 ], [ -74.2067836, 4.8309844 ], [ -74.2067822, 4.830997 ], [ -74.2067806, 4.8310096 ], [ -74.2067788, 4.8310221 ], [ -74.2067768, 4.8310347 ], [ -74.2067746, 4.8310471 ], [ -74.2067721, 4.8310596 ], [ -74.2067695, 4.8310719 ], [ -74.2067666, 4.8310843 ], [ -74.2067635, 4.8310966 ], [ -74.2067602, 4.8311088 ], [ -74.2067567, 4.831121 ], [ -74.2067529, 4.8311331 ], [ -74.206749, 4.8311451 ], [ -74.2067448, 4.8311571 ], [ -74.2067405, 4.831169 ], [ -74.2067359, 4.8311808 ], [ -74.2067311, 4.8311926 ], [ -74.2067261, 4.8312042 ], [ -74.2067209, 4.8312158 ], [ -74.2067156, 4.8312273 ], [ -74.20671, 4.8312387 ], [ -74.2067042, 4.8312499 ], [ -74.2066982, 4.8312611 ], [ -74.206692, 4.8312722 ], [ -74.2066857, 4.8312832 ], [ -74.2066791, 4.831294 ], [ -74.2066724, 4.8313048 ], [ -74.2066654, 4.8313154 ], [ -74.2066583, 4.8313259 ], [ -74.206651, 4.8313363 ], [ -74.2066436, 4.8313465 ], [ -74.2066359, 4.8313566 ], [ -74.2066281, 4.8313666 ], [ -74.2066201, 4.8313765 ], [ -74.2066119, 4.8313862 ], [ -74.2066036, 4.8313957 ], [ -74.206595, 4.8314051 ], [ -74.2065864, 4.8314144 ], [ -74.2065775, 4.8314235 ], [ -74.2065686, 4.8314325 ], [ -74.2065594, 4.8314413 ], [ -74.2065501, 4.8314499 ], [ -74.2065407, 4.8314584 ], [ -74.2065311, 4.8314667 ], [ -74.2065213, 4.8314749 ], [ -74.2065115, 4.8314829 ], [ -74.2065014, 4.8314907 ], [ -74.2064913, 4.8314983 ], [ -74.206481, 4.8315058 ], [ -74.2064706, 4.831513 ], [ -74.2064601, 4.8315201 ], [ -74.2064494, 4.831527 ], [ -74.2064386, 4.8315338 ], [ -74.2064277, 4.8315403 ], [ -74.2064167, 4.8315466 ], [ -74.2064056, 4.8315528 ], [ -74.2063944, 4.8315588 ], [ -74.2063831, 4.8315645 ], [ -74.206222, 4.8315775 ], [ -74.2060607, 4.8315879 ], [ -74.2058993, 4.8315959 ], [ -74.2057378, 4.8316013 ], [ -74.2055762, 4.8316043 ], [ -74.2054146, 4.8316047 ], [ -74.2054035, 4.8316155 ], [ -74.2053926, 4.8316265 ], [ -74.2053819, 4.8316377 ], [ -74.2053714, 4.8316491 ], [ -74.2053611, 4.8316606 ], [ -74.2053509, 4.8316723 ], [ -74.205341, 4.8316842 ], [ -74.2053313, 4.8316963 ], [ -74.2053219, 4.8317085 ], [ -74.2053126, 4.8317209 ], [ -74.2053036, 4.8317334 ], [ -74.2052947, 4.8317462 ], [ -74.2052861, 4.831759 ], [ -74.2052778, 4.831772 ], [ -74.2052696, 4.8317852 ], [ -74.2052617, 4.8317984 ], [ -74.205254, 4.8318119 ], [ -74.2052466, 4.8318254 ], [ -74.2052393, 4.8318391 ], [ -74.2052324, 4.8318529 ], [ -74.2052256, 4.8318668 ], [ -74.2052192, 4.8318809 ], [ -74.2052129, 4.831895 ], [ -74.2052069, 4.8319093 ], [ -74.2052012, 4.8319236 ], [ -74.2051957, 4.8319381 ], [ -74.2051905, 4.8319526 ], [ -74.2051855, 4.8319672 ], [ -74.2051808, 4.831982 ], [ -74.2051763, 4.8319968 ], [ -74.2051721, 4.8320116 ], [ -74.2051682, 4.8320266 ], [ -74.2051645, 4.8320416 ], [ -74.2051611, 4.8320567 ], [ -74.2051579, 4.8320718 ], [ -74.205155, 4.832087 ], [ -74.2051524, 4.8321022 ], [ -74.20515, 4.8321175 ], [ -74.2051479, 4.8321328 ], [ -74.2051461, 4.8321481 ], [ -74.2051446, 4.8321635 ], [ -74.2051433, 4.8321789 ], [ -74.2051422, 4.8321943 ], [ -74.2051415, 4.8322098 ], [ -74.205141, 4.8322252 ], [ -74.2051408, 4.8322407 ], [ -74.2051409, 4.8322561 ], [ -74.2051412, 4.8322716 ], [ -74.2051418, 4.832287 ], [ -74.2051427, 4.8323024 ], [ -74.2051438, 4.8323178 ], [ -74.2051452, 4.8323332 ], [ -74.2051469, 4.8323486 ], [ -74.2051489, 4.8323639 ], [ -74.2051511, 4.8323792 ], [ -74.2051536, 4.8323945 ], [ -74.2051563, 4.8324097 ], [ -74.2051593, 4.8324248 ], [ -74.2051626, 4.8324399 ], [ -74.2051661, 4.832455 ], [ -74.2051699, 4.8324699 ], [ -74.205174, 4.8324849 ], [ -74.2051783, 4.8324997 ], [ -74.2051829, 4.8325145 ], [ -74.2051878, 4.8325291 ], [ -74.2051929, 4.8325437 ], [ -74.2051982, 4.8325582 ], [ -74.2052038, 4.8325726 ], [ -74.2052097, 4.832587 ], [ -74.2052158, 4.8326012 ], [ -74.2052221, 4.8326153 ], [ -74.2052287, 4.8326292 ], [ -74.2052356, 4.8326431 ], [ -74.2052426, 4.8326569 ], [ -74.20525, 4.8326705 ], [ -74.2052575, 4.832684 ], [ -74.2052653, 4.8326973 ], [ -74.2052733, 4.8327105 ], [ -74.2052559, 4.8327315 ], [ -74.2052389, 4.8327527 ], [ -74.2052222, 4.8327741 ], [ -74.2052059, 4.8327959 ], [ -74.2051899, 4.8328179 ], [ -74.2051743, 4.8328402 ], [ -74.2051591, 4.8328628 ], [ -74.2051443, 4.8328856 ], [ -74.2051299, 4.8329087 ], [ -74.2051158, 4.8329319 ], [ -74.2051022, 4.8329555 ], [ -74.205089, 4.8329792 ], [ -74.2050761, 4.8330032 ], [ -74.2050637, 4.8330274 ], [ -74.2050517, 4.8330518 ], [ -74.2050401, 4.8330763 ], [ -74.2050289, 4.8331011 ], [ -74.2050181, 4.8331261 ], [ -74.2050078, 4.8331512 ], [ -74.2049978, 4.8331765 ], [ -74.2049884, 4.833202 ], [ -74.2049793, 4.8332276 ], [ -74.2049707, 4.8332534 ], [ -74.2049611, 4.8332488 ], [ -74.2049514, 4.8332445 ], [ -74.2049417, 4.8332402 ], [ -74.2049319, 4.8332362 ], [ -74.204922, 4.8332323 ], [ -74.204912, 4.8332286 ], [ -74.204902, 4.8332251 ], [ -74.2048919, 4.8332217 ], [ -74.2048818, 4.8332185 ], [ -74.2048716, 4.8332155 ], [ -74.2048614, 4.8332127 ], [ -74.2048511, 4.8332101 ], [ -74.2048408, 4.8332076 ], [ -74.2048304, 4.8332053 ], [ -74.20482, 4.8332032 ], [ -74.2048096, 4.8332013 ], [ -74.2047991, 4.8331995 ], [ -74.2047886, 4.8331979 ], [ -74.2047781, 4.8331966 ], [ -74.2047675, 4.8331954 ], [ -74.2047569, 4.8331943 ], [ -74.2047463, 4.8331935 ], [ -74.2047357, 4.8331929 ], [ -74.2047251, 4.8331924 ], [ -74.2047145, 4.8331921 ], [ -74.2047039, 4.833192 ], [ -74.2046933, 4.8331921 ], [ -74.2046826, 4.8331924 ], [ -74.204672, 4.8331929 ], [ -74.2046614, 4.8331935 ], [ -74.2046508, 4.8331943 ], [ -74.2046403, 4.8331953 ], [ -74.2046297, 4.8331965 ], [ -74.2046192, 4.8331979 ], [ -74.2046087, 4.8331995 ], [ -74.2045982, 4.8332012 ], [ -74.2045878, 4.8332031 ], [ -74.2045773, 4.8332053 ], [ -74.204567, 4.8332075 ], [ -74.2045566, 4.83321 ], [ -74.2045464, 4.8332127 ], [ -74.2045361, 4.8332155 ], [ -74.2045259, 4.8332185 ], [ -74.2045158, 4.8332217 ], [ -74.2045057, 4.833225 ], [ -74.2044957, 4.8332285 ], [ -74.2044858, 4.8332322 ], [ -74.2044759, 4.8332361 ], [ -74.2044661, 4.8332402 ], [ -74.2044563, 4.8332444 ], [ -74.2044467, 4.8332488 ], [ -74.2044371, 4.8332533 ], [ -74.2044276, 4.833258 ], [ -74.2044181, 4.8332629 ], [ -74.2044088, 4.833268 ], [ -74.2043996, 4.8332732 ], [ -74.2043904, 4.8332785 ], [ -74.2043813, 4.8332841 ], [ -74.2043724, 4.8332897 ], [ -74.2043635, 4.8332956 ], [ -74.2043548, 4.8333016 ], [ -74.2043461, 4.8333077 ], [ -74.2043376, 4.833314 ], [ -74.2043291, 4.8333204 ], [ -74.2043208, 4.833327 ], [ -74.2043126, 4.8333337 ], [ -74.2043045, 4.8333406 ], [ -74.2042966, 4.8333476 ], [ -74.2042887, 4.8333548 ], [ -74.204281, 4.833362 ], [ -74.2042734, 4.8333694 ], [ -74.204266, 4.833377 ], [ -74.2042587, 4.8333847 ], [ -74.2042515, 4.8333925 ], [ -74.2042444, 4.8334004 ], [ -74.2042375, 4.8334084 ], [ -74.2042308, 4.8334166 ], [ -74.2042242, 4.8334249 ], [ -74.2042177, 4.8334332 ], [ -74.2042113, 4.8334417 ], [ -74.2042052, 4.8334504 ], [ -74.2041991, 4.8334591 ], [ -74.2041933, 4.8334679 ], [ -74.2041876, 4.8334768 ], [ -74.204182, 4.8334858 ], [ -74.2041766, 4.8334949 ], [ -74.2041714, 4.8335042 ], [ -74.2041663, 4.8335134 ], [ -74.2041614, 4.8335228 ], [ -74.2041566, 4.8335323 ], [ -74.204152, 4.8335418 ], [ -74.2041476, 4.8335515 ], [ -74.2041434, 4.8335612 ], [ -74.2041393, 4.8335709 ], [ -74.2041354, 4.8335808 ], [ -74.2041317, 4.8335907 ], [ -74.2041281, 4.8336007 ], [ -74.2041247, 4.8336107 ], [ -74.2041215, 4.8336208 ], [ -74.2041185, 4.8336309 ], [ -74.2041156, 4.8336411 ], [ -74.204113, 4.8336514 ], [ -74.2041105, 4.8336617 ], [ -74.2041081, 4.833672 ], [ -74.204106, 4.8336824 ], [ -74.2041041, 4.8336928 ], [ -74.2041023, 4.8337032 ], [ -74.2041007, 4.8337137 ], [ -74.2040993, 4.8337242 ], [ -74.2040981, 4.8337347 ], [ -74.2040971, 4.8337452 ], [ -74.2040962, 4.8337558 ], [ -74.2040955, 4.8337663 ], [ -74.2040951, 4.8337769 ], [ -74.2040948, 4.8337875 ], [ -74.2040947, 4.8337981 ], [ -74.2040947, 4.8338086 ], [ -74.204095, 4.8338192 ], [ -74.2040954, 4.8338298 ], [ -74.2040961, 4.8338404 ], [ -74.2040969, 4.8338509 ], [ -74.2040979, 4.8338614 ], [ -74.2040991, 4.833872 ], [ -74.2041005, 4.8338825 ], [ -74.204102, 4.8338929 ], [ -74.2041037, 4.8339034 ], [ -74.2041057, 4.8339138 ], [ -74.2041078, 4.8339242 ], [ -74.20411, 4.8339345 ], [ -74.2041125, 4.8339448 ], [ -74.2041151, 4.833955 ], [ -74.204118, 4.8339652 ], [ -74.204121, 4.8339754 ], [ -74.2041241, 4.8339855 ], [ -74.2041275, 4.8339955 ], [ -74.204131, 4.8340055 ], [ -74.2041347, 4.8340154 ], [ -74.2041386, 4.8340253 ], [ -74.2041426, 4.8340351 ], [ -74.2041469, 4.8340448 ], [ -74.2041512, 4.8340544 ], [ -74.2041558, 4.834064 ], [ -74.2041605, 4.8340735 ], [ -74.2041654, 4.8340829 ], [ -74.2041704, 4.8340922 ], [ -74.2041757, 4.8341014 ], [ -74.204181, 4.8341105 ], [ -74.2041866, 4.8341196 ], [ -74.2041923, 4.8341285 ], [ -74.2041981, 4.8341374 ], [ -74.2042041, 4.8341461 ], [ -74.2042102, 4.8341547 ], [ -74.2042165, 4.8341632 ], [ -74.204223, 4.8341717 ], [ -74.2042296, 4.8341799 ], [ -74.2042363, 4.8341881 ], [ -74.2042432, 4.8341962 ], [ -74.2042502, 4.8342041 ], [ -74.2042574, 4.834212 ], [ -74.2042647, 4.8342196 ], [ -74.2042721, 4.8342272 ], [ -74.2042797, 4.8342346 ], [ -74.2042874, 4.834242 ], [ -74.2042952, 4.8342491 ], [ -74.2043031, 4.8342562 ], [ -74.2043112, 4.834263 ], [ -74.2043194, 4.8342698 ], [ -74.2043276, 4.8342764 ], [ -74.2043361, 4.8342829 ], [ -74.2043446, 4.8342892 ], [ -74.2043532, 4.8342953 ], [ -74.204362, 4.8343014 ], [ -74.2043708, 4.8343072 ], [ -74.2043797, 4.8343129 ], [ -74.2043888, 4.8343185 ], [ -74.2043979, 4.8343239 ], [ -74.2044072, 4.8343291 ], [ -74.2044165, 4.8343342 ], [ -74.2044259, 4.8343391 ], [ -74.2043924, 4.8343384 ], [ -74.2043589, 4.8343384 ], [ -74.2043255, 4.8343388 ], [ -74.204292, 4.8343399 ], [ -74.2042586, 4.8343415 ], [ -74.2042252, 4.8343436 ], [ -74.2041918, 4.8343463 ], [ -74.2041585, 4.8343496 ], [ -74.2041252, 4.8343535 ], [ -74.204092, 4.8343579 ], [ -74.2040589, 4.8343628 ], [ -74.2040259, 4.8343684 ], [ -74.203993, 4.8343744 ], [ -74.2039602, 4.8343811 ], [ -74.2039275, 4.8343882 ], [ -74.2038949, 4.834396 ], [ -74.2038625, 4.8344042 ], [ -74.2038302, 4.834413 ], [ -74.2037981, 4.8344224 ], [ -74.2037661, 4.8344323 ], [ -74.2037343, 4.8344427 ], [ -74.2037027, 4.8344537 ], [ -74.2036713, 4.8344652 ], [ -74.2036401, 4.8344772 ], [ -74.203609, 4.8344898 ], [ -74.2035782, 4.8345029 ], [ -74.2035477, 4.8345164 ], [ -74.2035173, 4.8345305 ], [ -74.2034872, 4.8345451 ], [ -74.2034574, 4.8345603 ], [ -74.2034646, 4.8345652 ], [ -74.2034718, 4.8345704 ], [ -74.2034789, 4.8345756 ], [ -74.2034859, 4.8345809 ], [ -74.2034928, 4.8345864 ], [ -74.2034996, 4.834592 ], [ -74.2035063, 4.8345977 ], [ -74.2035129, 4.8346035 ], [ -74.2035194, 4.8346095 ], [ -74.2035258, 4.8346155 ], [ -74.2035321, 4.8346217 ], [ -74.2035383, 4.8346279 ], [ -74.2035444, 4.8346343 ], [ -74.2035504, 4.8346408 ], [ -74.2035562, 4.8346474 ], [ -74.203562, 4.834654 ], [ -74.2035676, 4.8346608 ], [ -74.2035731, 4.8346677 ], [ -74.2035785, 4.8346747 ], [ -74.2035837, 4.8346817 ], [ -74.2035888, 4.8346889 ], [ -74.2035939, 4.8346961 ], [ -74.2035987, 4.8347034 ], [ -74.2036035, 4.8347108 ], [ -74.2036081, 4.8347183 ], [ -74.2036126, 4.8347259 ], [ -74.203617, 4.8347335 ], [ -74.2036212, 4.8347412 ], [ -74.2036253, 4.834749 ], [ -74.2036293, 4.8347569 ], [ -74.2036331, 4.8347648 ], [ -74.2036368, 4.8347728 ], [ -74.2036403, 4.8347808 ], [ -74.2036437, 4.8347889 ], [ -74.203647, 4.8347971 ], [ -74.2036501, 4.8348053 ], [ -74.203653, 4.8348136 ], [ -74.2036559, 4.8348219 ], [ -74.2036586, 4.8348303 ], [ -74.2036611, 4.8348387 ], [ -74.2036635, 4.8348472 ], [ -74.2036657, 4.8348557 ], [ -74.2036678, 4.8348642 ], [ -74.2036698, 4.8348728 ], [ -74.2036716, 4.8348814 ], [ -74.2036732, 4.83489 ], [ -74.2036747, 4.8348987 ], [ -74.203676, 4.8349074 ], [ -74.2036772, 4.8349161 ], [ -74.2036783, 4.8349248 ], [ -74.2036792, 4.8349336 ], [ -74.2036799, 4.8349423 ], [ -74.2036805, 4.8349511 ], [ -74.2036809, 4.8349599 ], [ -74.2036812, 4.8349687 ], [ -74.2036813, 4.8349775 ], [ -74.2036813, 4.8349862 ], [ -74.2036811, 4.834995 ], [ -74.2036808, 4.8350038 ], [ -74.2036803, 4.8350126 ], [ -74.2036797, 4.8350214 ], [ -74.2036789, 4.8350301 ], [ -74.2036779, 4.8350389 ], [ -74.2036768, 4.8350476 ], [ -74.2036756, 4.8350563 ], [ -74.2036742, 4.835065 ], [ -74.2036726, 4.8350736 ], [ -74.2036709, 4.8350822 ], [ -74.2036691, 4.8350908 ], [ -74.2036671, 4.8350994 ], [ -74.2036649, 4.8351079 ], [ -74.2036626, 4.8351164 ], [ -74.2036602, 4.8351249 ], [ -74.2036576, 4.8351333 ], [ -74.2036549, 4.8351416 ], [ -74.203652, 4.8351499 ], [ -74.203649, 4.8351582 ], [ -74.2036458, 4.8351664 ], [ -74.2036425, 4.8351745 ], [ -74.203639, 4.8351826 ], [ -74.2036354, 4.8351906 ], [ -74.2036317, 4.8351986 ], [ -74.2036278, 4.8352065 ], [ -74.2036238, 4.8352143 ], [ -74.2036197, 4.8352221 ], [ -74.2036154, 4.8352298 ], [ -74.203611, 4.8352374 ], [ -74.2036065, 4.8352449 ], [ -74.2036018, 4.8352524 ], [ -74.203597, 4.8352598 ], [ -74.2035921, 4.8352671 ], [ -74.203587, 4.8352743 ], [ -74.2035818, 4.8352814 ], [ -74.2035765, 4.8352884 ], [ -74.2035711, 4.8352953 ], [ -74.2035656, 4.8353022 ], [ -74.2035599, 4.8353089 ], [ -74.2035541, 4.8353156 ], [ -74.2035482, 4.8353221 ], [ -74.2035422, 4.8353285 ], [ -74.2035361, 4.8353349 ], [ -74.2035299, 4.8353411 ], [ -74.2035236, 4.8353472 ], [ -74.2035171, 4.8353532 ], [ -74.2035106, 4.8353591 ], [ -74.2035039, 4.8353649 ], [ -74.2034972, 4.8353706 ], [ -74.2034903, 4.8353761 ], [ -74.2034834, 4.8353815 ], [ -74.2034764, 4.8353869 ], [ -74.2034693, 4.835392 ], [ -74.203462, 4.8353971 ], [ -74.2034547, 4.835402 ], [ -74.2034474, 4.8354069 ], [ -74.2034399, 4.8354115 ], [ -74.2034323, 4.8354161 ], [ -74.2034247, 4.8354205 ], [ -74.203417, 4.8354248 ], [ -74.2033768, 4.8354423 ], [ -74.2033368, 4.8354605 ], [ -74.2032972, 4.8354794 ], [ -74.2032579, 4.835499 ], [ -74.2032189, 4.8355192 ], [ -74.2031803, 4.8355401 ], [ -74.203142, 4.8355616 ], [ -74.2031041, 4.8355838 ], [ -74.2030666, 4.8356066 ], [ -74.2030295, 4.83563 ], [ -74.2029928, 4.8356541 ], [ -74.2029565, 4.8356787 ], [ -74.2029206, 4.835704 ], [ -74.2028852, 4.8357299 ], [ -74.2028502, 4.8357564 ], [ -74.2028157, 4.8357835 ], [ -74.2027817, 4.8358112 ], [ -74.2027481, 4.8358394 ], [ -74.202715, 4.8358682 ], [ -74.2026824, 4.8358975 ], [ -74.2026503, 4.8359274 ], [ -74.2030159, 4.8363778 ], [ -74.2033767, 4.8368322 ], [ -74.2033813, 4.8368394 ], [ -74.2033857, 4.8368468 ], [ -74.2033901, 4.8368542 ], [ -74.2033943, 4.8368617 ], [ -74.2033984, 4.8368692 ], [ -74.2034023, 4.8368769 ], [ -74.2034062, 4.8368846 ], [ -74.2034098, 4.8368923 ], [ -74.2034134, 4.8369002 ], [ -74.2034168, 4.836908 ], [ -74.2034201, 4.836916 ], [ -74.2034232, 4.836924 ], [ -74.2034262, 4.836932 ], [ -74.2034291, 4.8369401 ], [ -74.2034318, 4.8369483 ], [ -74.2034344, 4.8369565 ], [ -74.2034368, 4.8369647 ], [ -74.2034391, 4.836973 ], [ -74.2034412, 4.8369813 ], [ -74.2034432, 4.8369897 ], [ -74.2034451, 4.836998 ], [ -74.2034468, 4.8370065 ], [ -74.2034483, 4.8370149 ], [ -74.2034497, 4.8370234 ], [ -74.203451, 4.8370319 ], [ -74.2034521, 4.8370404 ], [ -74.2034531, 4.8370489 ], [ -74.2034539, 4.8370575 ], [ -74.2034546, 4.837066 ], [ -74.2034551, 4.8370746 ], [ -74.2034555, 4.8370832 ], [ -74.2034557, 4.8370918 ], [ -74.2034558, 4.8371003 ], [ -74.2034557, 4.8371089 ], [ -74.2034555, 4.8371175 ], [ -74.2034551, 4.8371261 ], [ -74.2034546, 4.8371347 ], [ -74.2034539, 4.8371432 ], [ -74.2034531, 4.8371518 ], [ -74.2034521, 4.8371603 ], [ -74.203451, 4.8371688 ], [ -74.2034497, 4.8371773 ], [ -74.2034483, 4.8371858 ], [ -74.2034467, 4.8371942 ], [ -74.203445, 4.8372026 ], [ -74.2034432, 4.837211 ], [ -74.2034412, 4.8372194 ], [ -74.203439, 4.8372277 ], [ -74.2034367, 4.837236 ], [ -74.2034343, 4.8372442 ], [ -74.2034317, 4.8372524 ], [ -74.203429, 4.8372606 ], [ -74.2034261, 4.8372687 ], [ -74.2034231, 4.8372767 ], [ -74.20342, 4.8372847 ], [ -74.2034167, 4.8372926 ], [ -74.2034133, 4.8373005 ], [ -74.2034097, 4.8373083 ], [ -74.203406, 4.8373161 ], [ -74.2034022, 4.8373238 ], [ -74.2033983, 4.8373314 ], [ -74.2033942, 4.837339 ], [ -74.20339, 4.8373465 ], [ -74.2033856, 4.8373539 ], [ -74.2033811, 4.8373612 ], [ -74.2033765, 4.8373685 ], [ -74.2033718, 4.8373757 ], [ -74.2033669, 4.8373827 ], [ -74.203362, 4.8373898 ], [ -74.2033569, 4.8373967 ], [ -74.2033516, 4.8374035 ], [ -74.2033463, 4.8374103 ], [ -74.2033409, 4.8374169 ], [ -74.2033353, 4.8374235 ], [ -74.2033296, 4.8374299 ], [ -74.2033238, 4.8374363 ], [ -74.2033179, 4.8374425 ], [ -74.2033119, 4.8374487 ], [ -74.2033058, 4.8374547 ], [ -74.2032996, 4.8374607 ], [ -74.2032932, 4.8374665 ], [ -74.2032868, 4.8374722 ], [ -74.2032803, 4.8374778 ], [ -74.2032737, 4.8374833 ], [ -74.203267, 4.8374887 ], [ -74.2032602, 4.837494 ], [ -74.2032533, 4.8374991 ], [ -74.2032463, 4.8375042 ], [ -74.2032392, 4.8375091 ], [ -74.203232, 4.8375138 ], [ -74.2032248, 4.8375185 ], [ -74.2032175, 4.837523 ], [ -74.2032101, 4.8375274 ], [ -74.2032026, 4.8375317 ], [ -74.2031951, 4.8375359 ], [ -74.2031601, 4.8375603 ], [ -74.2031256, 4.8375854 ], [ -74.2030915, 4.837611 ], [ -74.2030579, 4.8376372 ], [ -74.2030247, 4.837664 ], [ -74.202992, 4.8376914 ], [ -74.2029597, 4.8377193 ], [ -74.202928, 4.8377477 ], [ -74.2028967, 4.8377767 ], [ -74.202866, 4.8378063 ], [ -74.2028357, 4.8378363 ], [ -74.202806, 4.8378669 ], [ -74.2027768, 4.8378979 ], [ -74.2027482, 4.8379295 ], [ -74.2027201, 4.8379615 ], [ -74.2026925, 4.837994 ], [ -74.2026655, 4.838027 ], [ -74.2026391, 4.8380605 ], [ -74.2026133, 4.8380944 ], [ -74.202588, 4.8381287 ], [ -74.2025634, 4.8381634 ], [ -74.2025393, 4.8381986 ], [ -74.2025159, 4.8382342 ], [ -74.2024931, 4.8382701 ], [ -74.2024708, 4.8383065 ], [ -74.2024493, 4.8383432 ], [ -74.2024283, 4.8383803 ], [ -74.2024333, 4.8383835 ], [ -74.2024381, 4.8383868 ], [ -74.2024429, 4.8383903 ], [ -74.2024477, 4.8383937 ], [ -74.2024524, 4.8383973 ], [ -74.202457, 4.8384009 ], [ -74.2024616, 4.8384047 ], [ -74.2024661, 4.8384085 ], [ -74.2024705, 4.8384124 ], [ -74.2024749, 4.8384163 ], [ -74.2024792, 4.8384203 ], [ -74.2024834, 4.8384244 ], [ -74.2024875, 4.8384286 ], [ -74.2024916, 4.8384329 ], [ -74.2024956, 4.8384372 ], [ -74.2024995, 4.8384416 ], [ -74.2025034, 4.838446 ], [ -74.2025072, 4.8384505 ], [ -74.2025108, 4.8384551 ], [ -74.2025145, 4.8384598 ], [ -74.202518, 4.8384645 ], [ -74.2025214, 4.8384693 ], [ -74.2025248, 4.8384741 ], [ -74.2025281, 4.838479 ], [ -74.2025313, 4.8384839 ], [ -74.2025344, 4.8384889 ], [ -74.2025374, 4.838494 ], [ -74.2025403, 4.8384991 ], [ -74.2025432, 4.8385042 ], [ -74.2025459, 4.8385094 ], [ -74.2025486, 4.8385147 ], [ -74.2025512, 4.8385199 ], [ -74.2025536, 4.8385253 ], [ -74.202556, 4.8385307 ], [ -74.2025583, 4.8385361 ], [ -74.2025605, 4.8385415 ], [ -74.2025626, 4.838547 ], [ -74.2025646, 4.8385525 ], [ -74.2025665, 4.8385581 ], [ -74.2025683, 4.8385637 ], [ -74.2025701, 4.8385693 ], [ -74.2025717, 4.838575 ], [ -74.2025732, 4.8385807 ], [ -74.2025746, 4.8385864 ], [ -74.2025759, 4.8385921 ], [ -74.2025771, 4.8385978 ], [ -74.2025783, 4.8386036 ], [ -74.2025793, 4.8386094 ], [ -74.2025802, 4.8386152 ], [ -74.202581, 4.838621 ], [ -74.2025817, 4.8386269 ], [ -74.2025823, 4.8386327 ], [ -74.2025829, 4.8386386 ], [ -74.2025833, 4.8386444 ], [ -74.2025836, 4.8386503 ], [ -74.2025838, 4.8386562 ], [ -74.2025839, 4.838662 ], [ -74.2025839, 4.8386679 ], [ -74.2025838, 4.8386738 ], [ -74.2025836, 4.8386797 ], [ -74.2025833, 4.8386855 ], [ -74.2025829, 4.8386914 ], [ -74.2025823, 4.8386973 ], [ -74.2025817, 4.8387031 ], [ -74.202581, 4.8387089 ], [ -74.2025802, 4.8387148 ], [ -74.2025793, 4.8387206 ], [ -74.2025783, 4.8387264 ], [ -74.2025772, 4.8387321 ], [ -74.2025759, 4.8387379 ], [ -74.2025746, 4.8387436 ], [ -74.2025732, 4.8387493 ], [ -74.2025717, 4.838755 ], [ -74.2025701, 4.8387607 ], [ -74.2025684, 4.8387663 ], [ -74.2025665, 4.8387719 ], [ -74.2025646, 4.8387774 ], [ -74.2025626, 4.838783 ], [ -74.2025605, 4.8387885 ], [ -74.2025583, 4.8387939 ], [ -74.202556, 4.8387993 ], [ -74.2025537, 4.8388047 ], [ -74.2025512, 4.83881 ], [ -74.2025486, 4.8388153 ], [ -74.202546, 4.8388206 ], [ -74.2025432, 4.8388258 ], [ -74.2025404, 4.8388309 ], [ -74.2025374, 4.838836 ], [ -74.2025344, 4.8388411 ], [ -74.2025313, 4.8388461 ], [ -74.2025281, 4.838851 ], [ -74.2025248, 4.8388559 ], [ -74.2025215, 4.8388607 ], [ -74.202518, 4.8388655 ], [ -74.2025145, 4.8388702 ], [ -74.2025109, 4.8388749 ], [ -74.2025072, 4.8388794 ], [ -74.2025034, 4.838884 ], [ -74.2024996, 4.8388884 ], [ -74.2024956, 4.8388928 ], [ -74.2024916, 4.8388971 ], [ -74.2024876, 4.8389014 ], [ -74.2024834, 4.8389055 ], [ -74.2024792, 4.8389096 ], [ -74.2024749, 4.8389137 ], [ -74.2024705, 4.8389176 ], [ -74.2024661, 4.8389215 ], [ -74.2024616, 4.8389253 ], [ -74.202457, 4.838929 ], [ -74.2024524, 4.8389327 ], [ -74.2024477, 4.8389363 ], [ -74.202443, 4.8389397 ], [ -74.2024382, 4.8389431 ], [ -74.2024333, 4.8389465 ], [ -74.2024284, 4.8389497 ], [ -74.2024234, 4.8389528 ], [ -74.2024184, 4.8389559 ], [ -74.2024133, 4.8389589 ], [ -74.2024081, 4.8389618 ], [ -74.2024029, 4.8389646 ], [ -74.2023977, 4.8389673 ], [ -74.2023924, 4.8389699 ], [ -74.2023871, 4.8389724 ], [ -74.2023817, 4.8389748 ], [ -74.2023763, 4.8389772 ], [ -74.2023709, 4.8389794 ], [ -74.2023654, 4.8389816 ], [ -74.2023598, 4.8389836 ], [ -74.2023543, 4.8389856 ], [ -74.2023487, 4.8389874 ], [ -74.2023431, 4.8389892 ], [ -74.2023374, 4.8389909 ], [ -74.2023317, 4.8389925 ], [ -74.202326, 4.8389939 ], [ -74.2023203, 4.8389953 ], [ -74.2023145, 4.8389966 ], [ -74.2023087, 4.8389977 ], [ -74.2023029, 4.8389988 ], [ -74.2022971, 4.8389998 ], [ -74.2022913, 4.8390007 ], [ -74.2022854, 4.8390014 ], [ -74.2022796, 4.8390021 ], [ -74.2022737, 4.8390027 ], [ -74.2022678, 4.8390031 ], [ -74.2022619, 4.8390035 ], [ -74.202256, 4.8390038 ], [ -74.2022501, 4.8390039 ], [ -74.2022443, 4.839004 ], [ -74.2022384, 4.839004 ], [ -74.2022325, 4.8390038 ], [ -74.2022266, 4.8390036 ], [ -74.2020853, 4.8390237 ], [ -74.2019037, 4.839084 ], [ -74.2016616, 4.839285 ], [ -74.2015405, 4.8394459 ], [ -74.2014195, 4.8397073 ], [ -74.2013589, 4.8401697 ], [ -74.2014598, 4.8405115 ], [ -74.2015204, 4.8407929 ], [ -74.2014598, 4.840994 ], [ -74.2010159, 4.8413157 ], [ -74.2006931, 4.8414765 ], [ -74.2001887, 4.8417379 ], [ -74.1997649, 4.8421601 ], [ -74.1995228, 4.8424416 ], [ -74.1990587, 4.8435474 ], [ -74.1990544, 4.8435624 ], [ -74.1990498, 4.8435773 ], [ -74.199045, 4.8435922 ], [ -74.1990399, 4.843607 ], [ -74.1990346, 4.8436217 ], [ -74.199029, 4.8436363 ], [ -74.1990231, 4.8436508 ], [ -74.199017, 4.8436652 ], [ -74.1990106, 4.8436795 ], [ -74.199004, 4.8436936 ], [ -74.1989971, 4.8437077 ], [ -74.19899, 4.8437216 ], [ -74.1989827, 4.8437354 ], [ -74.1989751, 4.8437491 ], [ -74.1989673, 4.8437626 ], [ -74.1989592, 4.8437761 ], [ -74.1989509, 4.8437893 ], [ -74.1989424, 4.8438024 ], [ -74.1989337, 4.8438154 ], [ -74.1989247, 4.8438282 ], [ -74.1989155, 4.8438409 ], [ -74.1989061, 4.8438534 ], [ -74.1988964, 4.8438657 ], [ -74.1988866, 4.8438779 ], [ -74.1988765, 4.8438899 ], [ -74.1988663, 4.8439017 ], [ -74.1988558, 4.8439133 ], [ -74.1988451, 4.8439248 ], [ -74.1988342, 4.843936 ], [ -74.1988232, 4.8439471 ], [ -74.1988119, 4.843958 ], [ -74.1988005, 4.8439687 ], [ -74.1987888, 4.8439791 ], [ -74.198777, 4.8439894 ], [ -74.198765, 4.8439995 ], [ -74.1987528, 4.8440093 ], [ -74.1987405, 4.844019 ], [ -74.198728, 4.8440284 ], [ -74.1987153, 4.8440376 ], [ -74.1987025, 4.8440466 ], [ -74.1986895, 4.8440554 ], [ -74.1986764, 4.844064 ], [ -74.1986631, 4.8440723 ], [ -74.1986497, 4.8440804 ], [ -74.1986361, 4.8440882 ], [ -74.1986224, 4.8440958 ], [ -74.1986086, 4.8441032 ], [ -74.1985946, 4.8441103 ], [ -74.1985813, 4.8441071 ], [ -74.198568, 4.8441042 ], [ -74.1985546, 4.8441015 ], [ -74.1985411, 4.844099 ], [ -74.1985276, 4.8440967 ], [ -74.1985141, 4.8440947 ], [ -74.1985005, 4.8440929 ], [ -74.1984869, 4.8440913 ], [ -74.1984733, 4.84409 ], [ -74.1984596, 4.8440889 ], [ -74.198446, 4.844088 ], [ -74.1984323, 4.8440874 ], [ -74.1984186, 4.844087 ], [ -74.1984049, 4.8440868 ], [ -74.1983912, 4.8440869 ], [ -74.1983775, 4.8440872 ], [ -74.1983639, 4.8440878 ], [ -74.1983502, 4.8440885 ], [ -74.1983366, 4.8440896 ], [ -74.1983229, 4.8440908 ], [ -74.1983093, 4.8440923 ], [ -74.1982957, 4.844094 ], [ -74.1982822, 4.844096 ], [ -74.1982687, 4.8440981 ], [ -74.1982552, 4.8441005 ], [ -74.1982418, 4.8441032 ], [ -74.1982284, 4.8441061 ], [ -74.1982151, 4.8441092 ], [ -74.1982018, 4.8441125 ], [ -74.1981886, 4.8441161 ], [ -74.1981754, 4.8441198 ], [ -74.1981623, 4.8441239 ], [ -74.1981493, 4.8441281 ], [ -74.1981364, 4.8441325 ], [ -74.1981235, 4.8441372 ], [ -74.1981107, 4.8441421 ], [ -74.1980981, 4.8441472 ], [ -74.1980855, 4.8441526 ], [ -74.198073, 4.8441581 ], [ -74.1980605, 4.8441639 ], [ -74.1980482, 4.8441699 ], [ -74.198036, 4.844176 ], [ -74.1980239, 4.8441824 ], [ -74.198012, 4.844189 ], [ -74.1980001, 4.8441958 ], [ -74.1979884, 4.8442029 ], [ -74.1979767, 4.8442101 ], [ -74.1979652, 4.8442175 ], [ -74.1979539, 4.8442251 ], [ -74.1979426, 4.8442329 ], [ -74.1979316, 4.8442409 ], [ -74.1979206, 4.844249 ], [ -74.1979098, 4.8442574 ], [ -74.1978991, 4.8442659 ], [ -74.1978886, 4.8442747 ], [ -74.1978782, 4.8442836 ], [ -74.197868, 4.8442927 ], [ -74.197858, 4.8443019 ], [ -74.1978481, 4.8443114 ], [ -74.1978316, 4.8443293 ], [ -74.1978154, 4.8443474 ], [ -74.1977996, 4.8443659 ], [ -74.197784, 4.8443846 ], [ -74.1977688, 4.8444036 ], [ -74.197754, 4.8444229 ], [ -74.1977394, 4.8444424 ], [ -74.1977253, 4.8444621 ], [ -74.1977114, 4.8444821 ], [ -74.1976979, 4.8445024 ], [ -74.1976848, 4.8445228 ], [ -74.197672, 4.8445435 ], [ -74.1976596, 4.8445644 ], [ -74.1976475, 4.8445855 ], [ -74.1976358, 4.8446068 ], [ -74.1976245, 4.8446283 ], [ -74.1976135, 4.8446501 ], [ -74.197603, 4.8446719 ], [ -74.1975928, 4.844694 ], [ -74.197583, 4.8447163 ], [ -74.1975736, 4.8447387 ], [ -74.1975646, 4.8447612 ], [ -74.197556, 4.844784 ], [ -74.1975477, 4.8448068 ], [ -74.1975399, 4.8448298 ], [ -74.1975325, 4.844853 ], [ -74.1975255, 4.8448762 ], [ -74.1975188, 4.8448996 ], [ -74.1975126, 4.8449231 ], [ -74.1975068, 4.8449467 ], [ -74.1975014, 4.8449704 ], [ -74.1974964, 4.8449942 ], [ -74.1974919, 4.845018 ], [ -74.1974877, 4.845042 ], [ -74.197484, 4.845066 ], [ -74.1974807, 4.8450901 ], [ -74.1974778, 4.8451142 ], [ -74.1974753, 4.8451383 ], [ -74.1974733, 4.8451625 ], [ -74.1974716, 4.8451868 ], [ -74.1974704, 4.845211 ], [ -74.1974696, 4.8452353 ], [ -74.1974692, 4.8452596 ], [ -74.1974693, 4.8452839 ], [ -74.1974698, 4.8453082 ], [ -74.1974707, 4.8453325 ], [ -74.197472, 4.8453567 ], [ -74.1974737, 4.845381 ], [ -74.1974759, 4.8454052 ], [ -74.1974785, 4.8454293 ], [ -74.1974815, 4.8454534 ], [ -74.1974849, 4.8454775 ], [ -74.1975011, 4.8455031 ], [ -74.1975168, 4.8455291 ], [ -74.197532, 4.8455553 ], [ -74.1975469, 4.8455818 ], [ -74.1975612, 4.8456085 ], [ -74.1975751, 4.8456355 ], [ -74.1975885, 4.8456627 ], [ -74.1976014, 4.8456901 ], [ -74.1976138, 4.8457177 ], [ -74.1976258, 4.8457456 ], [ -74.1976372, 4.8457737 ], [ -74.1976482, 4.8458019 ], [ -74.1976587, 4.8458304 ], [ -74.1976687, 4.845859 ], [ -74.1976782, 4.8458878 ], [ -74.1976871, 4.8459168 ], [ -74.1976956, 4.8459459 ], [ -74.1977036, 4.8459751 ], [ -74.197711, 4.8460045 ], [ -74.1977179, 4.846034 ], [ -74.1977244, 4.8460636 ], [ -74.1977303, 4.8460933 ], [ -74.1977356, 4.8461232 ], [ -74.1977405, 4.8461531 ], [ -74.1977448, 4.8461831 ], [ -74.1977486, 4.8462131 ], [ -74.1977519, 4.8462433 ], [ -74.1977547, 4.8462734 ], [ -74.1977569, 4.8463037 ], [ -74.1977586, 4.8463339 ], [ -74.1977598, 4.8463642 ], [ -74.1977604, 4.8463945 ], [ -74.1977605, 4.8464248 ], [ -74.1977601, 4.8464551 ], [ -74.1977592, 4.8464854 ], [ -74.1977577, 4.8465157 ], [ -74.1977557, 4.8465459 ], [ -74.1977532, 4.8465761 ], [ -74.1977501, 4.8466063 ], [ -74.1977465, 4.8466363 ], [ -74.1977424, 4.8466664 ], [ -74.1977378, 4.8466963 ], [ -74.1977326, 4.8467262 ], [ -74.197727, 4.846756 ], [ -74.1977208, 4.8467856 ], [ -74.1977141, 4.8468152 ], [ -74.1977068, 4.8468446 ], [ -74.1976953, 4.846859 ], [ -74.1976834, 4.8468731 ], [ -74.1976713, 4.8468871 ], [ -74.197659, 4.8469008 ], [ -74.1976465, 4.8469144 ], [ -74.1976337, 4.8469277 ], [ -74.1976207, 4.8469408 ], [ -74.1976074, 4.8469536 ], [ -74.197594, 4.8469663 ], [ -74.1975803, 4.8469787 ], [ -74.1975664, 4.8469908 ], [ -74.1975523, 4.8470027 ], [ -74.197538, 4.8470144 ], [ -74.1975235, 4.8470258 ], [ -74.1975088, 4.847037 ], [ -74.1974939, 4.847048 ], [ -74.1974788, 4.8470586 ], [ -74.1974635, 4.847069 ], [ -74.1974481, 4.8470792 ], [ -74.1974325, 4.847089 ], [ -74.1974167, 4.8470986 ], [ -74.1974007, 4.847108 ], [ -74.1973846, 4.847117 ], [ -74.1973684, 4.8471258 ], [ -74.197352, 4.8471343 ], [ -74.1973354, 4.8471425 ], [ -74.1973187, 4.8471504 ], [ -74.1973019, 4.8471581 ], [ -74.1972849, 4.8471654 ], [ -74.1972678, 4.8471725 ], [ -74.1972506, 4.8471792 ], [ -74.1972333, 4.8471857 ], [ -74.1972159, 4.8471919 ], [ -74.1971984, 4.8471977 ], [ -74.1971807, 4.8472033 ], [ -74.197163, 4.8472085 ], [ -74.1971452, 4.8472135 ], [ -74.1971273, 4.8472181 ], [ -74.1971093, 4.8472225 ], [ -74.1970913, 4.8472265 ], [ -74.1970732, 4.8472302 ], [ -74.197055, 4.8472336 ], [ -74.1970368, 4.8472367 ], [ -74.1970185, 4.8472395 ], [ -74.1970002, 4.8472419 ], [ -74.1969818, 4.8472441 ], [ -74.1969634, 4.8472459 ], [ -74.196945, 4.8472474 ], [ -74.1969265, 4.8472486 ], [ -74.196908, 4.8472495 ], [ -74.1968895, 4.8472501 ], [ -74.1968711, 4.8472503 ], [ -74.1968526, 4.8472502 ], [ -74.1968341, 4.8472498 ], [ -74.1968156, 4.8472491 ], [ -74.1967971, 4.8472481 ], [ -74.1967787, 4.8472467 ], [ -74.1965744, 4.8472729 ], [ -74.1963706, 4.8473025 ], [ -74.1961673, 4.8473357 ], [ -74.1959647, 4.8473725 ], [ -74.1957627, 4.8474127 ], [ -74.1955614, 4.8474565 ], [ -74.195361, 4.8475037 ], [ -74.1951614, 4.8475544 ], [ -74.1949627, 4.8476086 ], [ -74.1949482, 4.8476097 ], [ -74.1949338, 4.847611 ], [ -74.1949193, 4.8476125 ], [ -74.1949049, 4.8476143 ], [ -74.1948905, 4.8476163 ], [ -74.1948761, 4.8476186 ], [ -74.1948618, 4.8476212 ], [ -74.1948476, 4.8476239 ], [ -74.1948334, 4.847627 ], [ -74.1948192, 4.8476302 ], [ -74.1948051, 4.8476337 ], [ -74.1947911, 4.8476375 ], [ -74.1947771, 4.8476415 ], [ -74.1947632, 4.8476457 ], [ -74.1947494, 4.8476502 ], [ -74.1947356, 4.8476549 ], [ -74.194722, 4.8476599 ], [ -74.1947084, 4.8476651 ], [ -74.1946949, 4.8476705 ], [ -74.1946816, 4.8476761 ], [ -74.1946683, 4.847682 ], [ -74.1946551, 4.8476881 ], [ -74.194642, 4.8476944 ], [ -74.1946291, 4.847701 ], [ -74.1946162, 4.8477078 ], [ -74.1946035, 4.8477148 ], [ -74.1945909, 4.847722 ], [ -74.1945784, 4.8477294 ], [ -74.1945661, 4.847737 ], [ -74.1945539, 4.8477449 ], [ -74.1945418, 4.847753 ], [ -74.1945299, 4.8477612 ], [ -74.1945181, 4.8477697 ], [ -74.1945064, 4.8477784 ], [ -74.194495, 4.8477873 ], [ -74.1944836, 4.8477963 ], [ -74.1944725, 4.8478056 ], [ -74.1944615, 4.8478151 ], [ -74.1944506, 4.8478247 ], [ -74.19444, 4.8478345 ], [ -74.1944295, 4.8478446 ], [ -74.1944191, 4.8478547 ], [ -74.194409, 4.8478651 ], [ -74.194399, 4.8478757 ], [ -74.1943892, 4.8478864 ], [ -74.1943796, 4.8478972 ], [ -74.1943702, 4.8479083 ], [ -74.194361, 4.8479195 ], [ -74.194352, 4.8479308 ], [ -74.1943432, 4.8479424 ], [ -74.1943346, 4.847954 ], [ -74.1943262, 4.8479658 ], [ -74.194318, 4.8479778 ], [ -74.19431, 4.8479899 ], [ -74.1943022, 4.8480021 ], [ -74.1942946, 4.8480145 ], [ -74.1942873, 4.848027 ], [ -74.1942801, 4.8480396 ], [ -74.1942732, 4.8480523 ], [ -74.1942665, 4.8480652 ], [ -74.19426, 4.8480781 ], [ -74.1942538, 4.8480912 ], [ -74.1942478, 4.8481044 ], [ -74.194242, 4.8481177 ], [ -74.1942364, 4.848131 ], [ -74.1942311, 4.8481445 ], [ -74.194226, 4.8481581 ], [ -74.1942211, 4.8481717 ], [ -74.1942165, 4.8481854 ], [ -74.1942121, 4.8481993 ], [ -74.194208, 4.8482131 ], [ -74.1942041, 4.8482271 ], [ -74.1942004, 4.8482411 ], [ -74.194197, 4.8482552 ], [ -74.1941939, 4.8482693 ], [ -74.1941909, 4.8482835 ], [ -74.1941883, 4.8482977 ], [ -74.1941858, 4.848312 ], [ -74.1941837, 4.8483263 ], [ -74.1941817, 4.8483407 ], [ -74.19418, 4.8483551 ], [ -74.1941786, 4.8483695 ], [ -74.1941774, 4.8483839 ], [ -74.1941765, 4.8483984 ], [ -74.1941758, 4.8484128 ], [ -74.1941768, 4.8484313 ], [ -74.1941774, 4.8484499 ], [ -74.1941777, 4.8484684 ], [ -74.1941777, 4.848487 ], [ -74.1941773, 4.8485055 ], [ -74.1941767, 4.848524 ], [ -74.1941757, 4.8485426 ], [ -74.1941744, 4.8485611 ], [ -74.1941728, 4.8485795 ], [ -74.1941708, 4.848598 ], [ -74.1941686, 4.8486164 ], [ -74.194166, 4.8486347 ], [ -74.1941631, 4.8486531 ], [ -74.1941599, 4.8486713 ], [ -74.1941563, 4.8486895 ], [ -74.1941525, 4.8487077 ], [ -74.1941483, 4.8487257 ], [ -74.1941439, 4.8487438 ], [ -74.1941391, 4.8487617 ], [ -74.194134, 4.8487795 ], [ -74.1941286, 4.8487973 ], [ -74.1941229, 4.8488149 ], [ -74.1941169, 4.8488325 ], [ -74.1941106, 4.8488499 ], [ -74.194104, 4.8488672 ], [ -74.1940971, 4.8488845 ], [ -74.1940898, 4.8489015 ], [ -74.1940823, 4.8489185 ], [ -74.1940745, 4.8489354 ], [ -74.1940665, 4.8489521 ], [ -74.1940581, 4.8489686 ], [ -74.1940494, 4.848985 ], [ -74.1940405, 4.8490013 ], [ -74.1940312, 4.8490174 ], [ -74.1940217, 4.8490333 ], [ -74.194012, 4.8490491 ], [ -74.1940019, 4.8490647 ], [ -74.1939916, 4.8490802 ], [ -74.193981, 4.8490954 ], [ -74.1939702, 4.8491105 ], [ -74.1939591, 4.8491254 ], [ -74.1939477, 4.84914 ], [ -74.1939361, 4.8491545 ], [ -74.1939242, 4.8491688 ], [ -74.1939121, 4.8491829 ], [ -74.1938998, 4.8491968 ], [ -74.1938872, 4.8492104 ], [ -74.1938744, 4.8492239 ], [ -74.1938613, 4.8492371 ], [ -74.193848, 4.8492501 ], [ -74.1938345, 4.8492628 ], [ -74.1938208, 4.8492754 ], [ -74.1938069, 4.8492877 ], [ -74.1937927, 4.8492997 ], [ -74.1937783, 4.8493115 ], [ -74.1937638, 4.8493231 ], [ -74.193749, 4.8493344 ], [ -74.1937341, 4.8493454 ], [ -74.1937189, 4.8493562 ], [ -74.1937036, 4.8493667 ], [ -74.1936881, 4.849377 ], [ -74.1936724, 4.849387 ], [ -74.1936566, 4.8493967 ], [ -74.1936406, 4.8494061 ], [ -74.1936244, 4.8494153 ], [ -74.1936081, 4.8494242 ], [ -74.1935916, 4.8494328 ], [ -74.193575, 4.8494411 ], [ -74.1935582, 4.8494492 ], [ -74.1935413, 4.8494569 ], [ -74.1935242, 4.8494644 ], [ -74.1935071, 4.8494715 ], [ -74.1934898, 4.8494784 ], [ -74.1934775, 4.8494815 ], [ -74.1934652, 4.8494845 ], [ -74.1934528, 4.8494872 ], [ -74.1934404, 4.8494897 ], [ -74.193428, 4.849492 ], [ -74.1934155, 4.849494 ], [ -74.1934029, 4.8494959 ], [ -74.1933904, 4.8494975 ], [ -74.1933778, 4.849499 ], [ -74.1933652, 4.8495002 ], [ -74.1933526, 4.8495012 ], [ -74.1933399, 4.8495019 ], [ -74.1933273, 4.8495025 ], [ -74.1933146, 4.8495028 ], [ -74.1933019, 4.8495029 ], [ -74.1932893, 4.8495028 ], [ -74.1932766, 4.8495025 ], [ -74.193264, 4.8495019 ], [ -74.1932513, 4.8495012 ], [ -74.1932387, 4.8495002 ], [ -74.1932261, 4.849499 ], [ -74.1932135, 4.8494976 ], [ -74.1932009, 4.8494959 ], [ -74.1931884, 4.8494941 ], [ -74.1931759, 4.849492 ], [ -74.1931634, 4.8494897 ], [ -74.193151, 4.8494872 ], [ -74.1931387, 4.8494845 ], [ -74.1931263, 4.8494816 ], [ -74.1931141, 4.8494784 ], [ -74.1931019, 4.8494751 ], [ -74.1930897, 4.8494715 ], [ -74.1930776, 4.8494677 ], [ -74.1930656, 4.8494638 ], [ -74.1930537, 4.8494596 ], [ -74.1930418, 4.8494552 ], [ -74.19303, 4.8494506 ], [ -74.1930183, 4.8494458 ], [ -74.1930066, 4.8494408 ], [ -74.1929951, 4.8494356 ], [ -74.1929837, 4.8494302 ], [ -74.1929723, 4.8494246 ], [ -74.1929611, 4.8494188 ], [ -74.1929499, 4.8494128 ], [ -74.1929389, 4.8494066 ], [ -74.1929279, 4.8494002 ], [ -74.1929171, 4.8493937 ], [ -74.1929064, 4.8493869 ], [ -74.1928958, 4.84938 ], [ -74.1928853, 4.8493729 ], [ -74.192875, 4.8493656 ], [ -74.1928648, 4.8493581 ], [ -74.1928547, 4.8493505 ], [ -74.1928448, 4.8493427 ], [ -74.192835, 4.8493347 ], [ -74.1928253, 4.8493265 ], [ -74.1928158, 4.8493182 ], [ -74.1928064, 4.8493097 ], [ -74.1927972, 4.8493011 ], [ -74.1927881, 4.8492923 ], [ -74.1927792, 4.8492833 ], [ -74.1927704, 4.8492742 ], [ -74.1927618, 4.849265 ], [ -74.1927534, 4.8492555 ], [ -74.1927451, 4.849246 ], [ -74.192737, 4.8492363 ], [ -74.192729, 4.8492265 ], [ -74.1927213, 4.8492165 ], [ -74.1927137, 4.8492064 ], [ -74.1927063, 4.8491962 ], [ -74.192699, 4.8491858 ], [ -74.192692, 4.8491753 ], [ -74.1926851, 4.8491647 ], [ -74.1926784, 4.849154 ], [ -74.1926719, 4.8491432 ], [ -74.1926656, 4.8491322 ], [ -74.1926595, 4.8491212 ], [ -74.1926536, 4.84911 ], [ -74.1926479, 4.8490987 ], [ -74.1926423, 4.8490874 ], [ -74.192637, 4.8490759 ], [ -74.1926319, 4.8490644 ], [ -74.1926269, 4.8490528 ], [ -74.1926222, 4.8490411 ], [ -74.1926177, 4.8490293 ], [ -74.1926134, 4.8490174 ], [ -74.1926093, 4.8490055 ], [ -74.1926054, 4.8489935 ], [ -74.1926017, 4.8489814 ], [ -74.1925982, 4.8489693 ], [ -74.1925949, 4.8489571 ], [ -74.1925919, 4.8489448 ], [ -74.192589, 4.8489325 ], [ -74.1925864, 4.8489202 ], [ -74.192584, 4.8489078 ], [ -74.1925818, 4.8488953 ], [ -74.1925537, 4.8487701 ], [ -74.1925234, 4.8486454 ], [ -74.192491, 4.8485213 ], [ -74.1924564, 4.8483977 ], [ -74.1924196, 4.8482747 ], [ -74.1923807, 4.8481524 ], [ -74.1923397, 4.8480308 ], [ -74.1923339, 4.8480204 ], [ -74.192328, 4.84801 ], [ -74.1923218, 4.8479998 ], [ -74.1923155, 4.8479896 ], [ -74.1923091, 4.8479796 ], [ -74.1923024, 4.8479696 ], [ -74.1922956, 4.8479598 ], [ -74.1922886, 4.8479501 ], [ -74.1922815, 4.8479406 ], [ -74.1922741, 4.8479311 ], [ -74.1922667, 4.8479218 ], [ -74.192259, 4.8479126 ], [ -74.1922512, 4.8479036 ], [ -74.1922433, 4.8478946 ], [ -74.1922352, 4.8478859 ], [ -74.1922269, 4.8478772 ], [ -74.1922185, 4.8478687 ], [ -74.1922099, 4.8478604 ], [ -74.1922013, 4.8478522 ], [ -74.1921924, 4.8478441 ], [ -74.1921834, 4.8478362 ], [ -74.1921743, 4.8478285 ], [ -74.1921651, 4.8478209 ], [ -74.1921557, 4.8478134 ], [ -74.1921462, 4.8478062 ], [ -74.1921366, 4.8477991 ], [ -74.1921268, 4.8477921 ], [ -74.192117, 4.8477854 ], [ -74.192107, 4.8477788 ], [ -74.1920969, 4.8477724 ], [ -74.1920867, 4.8477661 ], [ -74.1920764, 4.84776 ], [ -74.192066, 4.8477541 ], [ -74.1920555, 4.8477484 ], [ -74.1920449, 4.8477429 ], [ -74.1920342, 4.8477375 ], [ -74.1920234, 4.8477324 ], [ -74.1920125, 4.8477274 ], [ -74.1920015, 4.8477226 ], [ -74.1919905, 4.847718 ], [ -74.1919793, 4.8477136 ], [ -74.1919681, 4.8477094 ], [ -74.1919568, 4.8477054 ], [ -74.1919455, 4.8477015 ], [ -74.1919341, 4.8476979 ], [ -74.1919226, 4.8476945 ], [ -74.1919111, 4.8476912 ], [ -74.1918995, 4.8476882 ], [ -74.1918879, 4.8476853 ], [ -74.1918762, 4.8476827 ], [ -74.1918645, 4.8476802 ], [ -74.1918527, 4.847678 ], [ -74.1918409, 4.847676 ], [ -74.1918291, 4.8476741 ], [ -74.1918172, 4.8476725 ], [ -74.1918053, 4.8476711 ], [ -74.1917934, 4.8476699 ], [ -74.1917815, 4.8476688 ], [ -74.1917696, 4.847668 ], [ -74.1917576, 4.8476674 ], [ -74.1917456, 4.847667 ], [ -74.1917337, 4.8476668 ], [ -74.1917217, 4.8476668 ], [ -74.1917097, 4.8476671 ], [ -74.1916977, 4.8476675 ], [ -74.1916858, 4.8476681 ], [ -74.1916738, 4.8476689 ], [ -74.1916661, 4.8476692 ], [ -74.1916584, 4.8476694 ], [ -74.1916507, 4.8476694 ], [ -74.191643, 4.8476693 ], [ -74.1916352, 4.847669 ], [ -74.1916275, 4.8476687 ], [ -74.1916198, 4.8476682 ], [ -74.1916121, 4.8476675 ], [ -74.1916044, 4.8476667 ], [ -74.1915968, 4.8476658 ], [ -74.1915891, 4.8476648 ], [ -74.1915815, 4.8476636 ], [ -74.1915739, 4.8476623 ], [ -74.1915663, 4.8476608 ], [ -74.1915587, 4.8476593 ], [ -74.1915512, 4.8476576 ], [ -74.1915437, 4.8476557 ], [ -74.1915362, 4.8476538 ], [ -74.1915288, 4.8476517 ], [ -74.1915214, 4.8476494 ], [ -74.1915141, 4.8476471 ], [ -74.1915068, 4.8476446 ], [ -74.1914995, 4.847642 ], [ -74.1914923, 4.8476393 ], [ -74.1914851, 4.8476364 ], [ -74.191478, 4.8476334 ], [ -74.1914709, 4.8476303 ], [ -74.1914639, 4.8476271 ], [ -74.191457, 4.8476238 ], [ -74.1914501, 4.8476203 ], [ -74.1914432, 4.8476167 ], [ -74.1914365, 4.847613 ], [ -74.1914298, 4.8476092 ], [ -74.1914231, 4.8476053 ], [ -74.1914166, 4.8476012 ], [ -74.1914101, 4.847597 ], [ -74.1914036, 4.8475928 ], [ -74.1913973, 4.8475884 ], [ -74.191391, 4.8475839 ], [ -74.1913849, 4.8475793 ], [ -74.1913787, 4.8475746 ], [ -74.1913727, 4.8475698 ], [ -74.1913668, 4.8475648 ], [ -74.1913609, 4.8475598 ], [ -74.1913552, 4.8475547 ], [ -74.1913495, 4.8475495 ], [ -74.1913439, 4.8475442 ], [ -74.1913384, 4.8475388 ], [ -74.191333, 4.8475332 ], [ -74.1913277, 4.8475276 ], [ -74.1913226, 4.8475219 ], [ -74.1913175, 4.8475162 ], [ -74.1913125, 4.8475103 ], [ -74.1913076, 4.8475043 ], [ -74.1913028, 4.8474983 ], [ -74.1912981, 4.8474922 ], [ -74.1912935, 4.847486 ], [ -74.1912891, 4.8474797 ], [ -74.1912847, 4.8474733 ], [ -74.1912805, 4.8474669 ], [ -74.1912764, 4.8474604 ], [ -74.1912723, 4.8474538 ], [ -74.1912685, 4.8474472 ], [ -74.1912647, 4.8474405 ], [ -74.191261, 4.8474337 ], [ -74.1912575, 4.8474269 ], [ -74.191254, 4.84742 ], [ -74.1912507, 4.847413 ], [ -74.1912476, 4.847406 ], [ -74.1912445, 4.847399 ], [ -74.1912416, 4.8473918 ], [ -74.1912388, 4.8473847 ], [ -74.1912361, 4.8473775 ], [ -74.1912335, 4.8473702 ], [ -74.1912311, 4.8473629 ], [ -74.1912288, 4.8473556 ], [ -74.1912266, 4.8473482 ], [ -74.1912246, 4.8473408 ], [ -74.1912227, 4.8473333 ], [ -74.1912209, 4.8473258 ], [ -74.1912192, 4.8473183 ], [ -74.1912177, 4.8473108 ], [ -74.1912163, 4.8473032 ], [ -74.191215, 4.8472956 ], [ -74.1912139, 4.847288 ], [ -74.1912129, 4.8472804 ], [ -74.1912121, 4.8472727 ], [ -74.1912114, 4.847265 ], [ -74.1912108, 4.8472574 ], [ -74.1912103, 4.8472497 ], [ -74.19121, 4.847242 ], [ -74.1912098, 4.8472343 ], [ -74.1912097, 4.8472266 ], [ -74.191198, 4.8471972 ], [ -74.1911868, 4.8471675 ], [ -74.1911761, 4.8471377 ], [ -74.191166, 4.8471077 ], [ -74.1911563, 4.8470775 ], [ -74.1911472, 4.8470471 ], [ -74.1911386, 4.8470166 ], [ -74.1911306, 4.846986 ], [ -74.1911231, 4.8469552 ], [ -74.1911161, 4.8469243 ], [ -74.1911097, 4.8468932 ], [ -74.1911038, 4.8468621 ], [ -74.1910985, 4.8468309 ], [ -74.1910937, 4.8467995 ], [ -74.1910895, 4.8467681 ], [ -74.1910858, 4.8467367 ], [ -74.1910827, 4.8467051 ], [ -74.1910801, 4.8466736 ], [ -74.191078, 4.846642 ], [ -74.1910766, 4.8466103 ], [ -74.1910756, 4.8465786 ], [ -74.1910753, 4.846547 ], [ -74.1910755, 4.8465153 ], [ -74.1910762, 4.8464836 ], [ -74.1910775, 4.8464519 ], [ -74.1910794, 4.8464203 ], [ -74.1910818, 4.8463887 ], [ -74.1910847, 4.8463572 ], [ -74.1910882, 4.8463257 ], [ -74.1910923, 4.8462943 ], [ -74.1910969, 4.8462629 ], [ -74.191102, 4.8462317 ], [ -74.1911077, 4.8462005 ], [ -74.191114, 4.8461694 ], [ -74.1911208, 4.8461385 ], [ -74.1911281, 4.8461076 ], [ -74.191136, 4.8460769 ], [ -74.1911444, 4.8460464 ], [ -74.1911533, 4.846016 ], [ -74.1911628, 4.8459857 ], [ -74.1911728, 4.8459557 ], [ -74.1911833, 4.8459258 ], [ -74.1911944, 4.8458961 ], [ -74.1912059, 4.8458665 ], [ -74.191218, 4.8458372 ], [ -74.1912306, 4.8458081 ], [ -74.1912437, 4.8457793 ], [ -74.1912573, 4.8457506 ], [ -74.1912714, 4.8457222 ], [ -74.191286, 4.8456941 ], [ -74.191301, 4.8456662 ], [ -74.1913166, 4.8456386 ], [ -74.1913327, 4.8456112 ], [ -74.1913492, 4.8455842 ], [ -74.1913662, 4.8455574 ], [ -74.1913836, 4.8455309 ], [ -74.1914016, 4.8455047 ], [ -74.1914199, 4.8454789 ], [ -74.1914388, 4.8454533 ], [ -74.191458, 4.8454281 ], [ -74.1914778, 4.8454033 ], [ -74.1914979, 4.8453788 ], [ -74.1915185, 4.8453546 ], [ -74.1915395, 4.8453308 ], [ -74.1915609, 4.8453074 ], [ -74.1915827, 4.8452843 ], [ -74.1916049, 4.8452617 ], [ -74.1916275, 4.8452394 ], [ -74.1916505, 4.8452175 ], [ -74.1916738, 4.845196 ], [ -74.1918116, 4.8450073 ], [ -74.1919525, 4.844821 ], [ -74.1920967, 4.8446371 ], [ -74.192244, 4.8444557 ], [ -74.1923943, 4.8442768 ], [ -74.1925477, 4.8441005 ], [ -74.1927041, 4.8439268 ], [ -74.1928635, 4.8437558 ], [ -74.1930257, 4.8435876 ], [ -74.193477, 4.8430779 ], [ -74.1939209, 4.8425618 ], [ -74.1943574, 4.8420395 ], [ -74.194431, 4.8419986 ], [ -74.1945039, 4.8419565 ], [ -74.1945761, 4.8419131 ], [ -74.1946475, 4.8418686 ], [ -74.1947182, 4.8418228 ], [ -74.194788, 4.8417759 ], [ -74.1948571, 4.8417278 ], [ -74.1949254, 4.8416786 ], [ -74.1949928, 4.8416282 ], [ -74.1950593, 4.8415767 ], [ -74.195125, 4.841524 ], [ -74.1951897, 4.8414703 ], [ -74.1952535, 4.8414155 ], [ -74.1953164, 4.8413596 ], [ -74.1953784, 4.8413027 ], [ -74.1954393, 4.8412447 ], [ -74.1954993, 4.8411857 ], [ -74.1955583, 4.8411258 ], [ -74.1956162, 4.8410648 ], [ -74.1956731, 4.8410029 ], [ -74.195729, 4.84094 ], [ -74.1957837, 4.8408762 ], [ -74.1958374, 4.8408115 ], [ -74.19589, 4.8407458 ], [ -74.1959415, 4.8406793 ], [ -74.1959918, 4.840612 ], [ -74.1966825, 4.8396531 ], [ -74.197384, 4.838702 ], [ -74.197507, 4.8385646 ], [ -74.1976277, 4.8384253 ], [ -74.1977461, 4.8382839 ], [ -74.1978622, 4.8381407 ], [ -74.1979759, 4.8379956 ], [ -74.1980872, 4.8378486 ], [ -74.198196, 4.8376999 ], [ -74.1983024, 4.8375494 ], [ -74.1984063, 4.8373971 ], [ -74.1985077, 4.8372432 ], [ -74.1986065, 4.8370877 ], [ -74.1987028, 4.8369306 ], [ -74.1987964, 4.8367719 ], [ -74.198833, 4.8367086 ], [ -74.1988685, 4.8366447 ], [ -74.198903, 4.8365803 ], [ -74.1989363, 4.8365153 ], [ -74.1989686, 4.8364497 ], [ -74.1989998, 4.8363837 ], [ -74.1990298, 4.8363171 ], [ -74.1990587, 4.83625 ], [ -74.1990865, 4.8361824 ], [ -74.1991132, 4.8361144 ], [ -74.1991387, 4.836046 ], [ -74.1991631, 4.8359771 ], [ -74.1991863, 4.8359079 ], [ -74.1992083, 4.8358382 ], [ -74.1992292, 4.8357682 ], [ -74.1992489, 4.8356979 ], [ -74.1992674, 4.8356273 ], [ -74.1992847, 4.8355563 ], [ -74.1993009, 4.8354851 ], [ -74.1993464, 4.8353693 ], [ -74.1993939, 4.8352542 ], [ -74.1994434, 4.83514 ], [ -74.1994947, 4.8350265 ], [ -74.1995479, 4.834914 ], [ -74.199603, 4.8348023 ], [ -74.19966, 4.8346916 ], [ -74.1997188, 4.8345819 ], [ -74.1997795, 4.8344731 ], [ -74.1998419, 4.8343654 ], [ -74.1999062, 4.8342587 ], [ -74.1999641, 4.8341487 ], [ -74.2000239, 4.8340398 ], [ -74.2000857, 4.8339319 ], [ -74.2001493, 4.8338251 ], [ -74.2002147, 4.8337194 ], [ -74.200282, 4.8336149 ], [ -74.2003511, 4.8335116 ], [ -74.200422, 4.8334094 ], [ -74.2004947, 4.8333085 ], [ -74.2005691, 4.8332089 ], [ -74.2006452, 4.8331106 ], [ -74.2007231, 4.8330136 ], [ -74.2008026, 4.832918 ], [ -74.2008838, 4.8328238 ], [ -74.2009666, 4.832731 ], [ -74.201051, 4.8326396 ], [ -74.201137, 4.8325497 ], [ -74.2013027, 4.832379 ], [ -74.2014654, 4.8322055 ], [ -74.2016251, 4.8320292 ], [ -74.2017817, 4.8318502 ], [ -74.2019351, 4.8316685 ], [ -74.2020853, 4.8314841 ], [ -74.2021178, 4.8314488 ], [ -74.2021496, 4.831413 ], [ -74.2021809, 4.8313766 ], [ -74.2022115, 4.8313397 ], [ -74.2022415, 4.8313023 ], [ -74.2022708, 4.8312644 ], [ -74.2022995, 4.831226 ], [ -74.2023275, 4.8311872 ], [ -74.2023549, 4.8311478 ], [ -74.2023816, 4.831108 ], [ -74.2024076, 4.8310677 ], [ -74.2024329, 4.8310271 ], [ -74.2024575, 4.8309859 ], [ -74.2024814, 4.8309444 ], [ -74.2025046, 4.8309025 ], [ -74.2025271, 4.8308602 ], [ -74.2025488, 4.8308175 ], [ -74.2025698, 4.8307744 ], [ -74.2025901, 4.830731 ], [ -74.2026096, 4.8306873 ], [ -74.2026284, 4.8306432 ], [ -74.2026464, 4.8305989 ], [ -74.2026637, 4.8305542 ], [ -74.2026801, 4.8305092 ], [ -74.2026959, 4.830464 ], [ -74.2027108, 4.8304185 ], [ -74.203074, 4.829172 ], [ -74.2030876, 4.8290967 ], [ -74.2031025, 4.8290216 ], [ -74.2031186, 4.8289469 ], [ -74.2031361, 4.8288724 ], [ -74.2031547, 4.8287982 ], [ -74.2031747, 4.8287243 ], [ -74.2031959, 4.8286508 ], [ -74.2032183, 4.8285776 ], [ -74.203242, 4.8285049 ], [ -74.2032669, 4.8284325 ], [ -74.2032931, 4.8283606 ], [ -74.2033204, 4.8282891 ], [ -74.203349, 4.8282181 ], [ -74.2033788, 4.8281476 ], [ -74.2034097, 4.8280776 ], [ -74.2034419, 4.8280082 ], [ -74.2034752, 4.8279393 ], [ -74.2035097, 4.8278709 ], [ -74.2035454, 4.8278032 ], [ -74.2035822, 4.8277361 ], [ -74.2036201, 4.8276696 ], [ -74.2036592, 4.8276037 ], [ -74.2038042, 4.8274468 ], [ -74.2039518, 4.8272923 ], [ -74.204102, 4.8271402 ], [ -74.2042546, 4.8269906 ], [ -74.2044097, 4.8268435 ], [ -74.2045671, 4.826699 ], [ -74.2046911, 4.8265952 ], [ -74.2048133, 4.8264894 ], [ -74.2049337, 4.8263816 ], [ -74.2050522, 4.8262717 ], [ -74.2051689, 4.8261599 ], [ -74.2052837, 4.8260462 ], [ -74.2053966, 4.8259305 ], [ -74.2055075, 4.825813 ], [ -74.2056163, 4.8256937 ], [ -74.2056557, 4.8256427 ], [ -74.2056941, 4.825591 ], [ -74.2057317, 4.8255387 ], [ -74.2057684, 4.8254858 ], [ -74.2058042, 4.8254323 ], [ -74.2058392, 4.8253782 ], [ -74.2058732, 4.8253235 ], [ -74.2059062, 4.8252683 ], [ -74.2059384, 4.8252125 ], [ -74.2059696, 4.8251562 ], [ -74.2059999, 4.8250994 ], [ -74.2060292, 4.8250421 ], [ -74.2060575, 4.8249843 ], [ -74.2060849, 4.8249261 ], [ -74.2061113, 4.8248674 ], [ -74.2061367, 4.8248082 ], [ -74.2061611, 4.8247487 ], [ -74.2061998, 4.8245584 ], [ -74.2062414, 4.8243687 ], [ -74.2062858, 4.8241797 ], [ -74.206333, 4.8239913 ], [ -74.2063831, 4.8238037 ], [ -74.206556, 4.8234913 ], [ -74.2067241, 4.8231763 ], [ -74.2068875, 4.8228587 ], [ -74.2068844, 4.8228525 ], [ -74.2068814, 4.8228462 ], [ -74.2068786, 4.8228398 ], [ -74.2068758, 4.8228334 ], [ -74.2068732, 4.8228269 ], [ -74.2068706, 4.8228204 ], [ -74.2068682, 4.8228139 ], [ -74.2068659, 4.8228073 ], [ -74.2068637, 4.8228007 ], [ -74.2068616, 4.822794 ], [ -74.2068596, 4.8227873 ], [ -74.2068578, 4.8227806 ], [ -74.2068561, 4.8227739 ], [ -74.2068545, 4.8227671 ], [ -74.206853, 4.8227602 ], [ -74.2068516, 4.8227534 ], [ -74.2068503, 4.8227465 ], [ -74.2068492, 4.8227397 ], [ -74.2068482, 4.8227328 ], [ -74.2068473, 4.8227258 ], [ -74.2068465, 4.8227189 ], [ -74.2068459, 4.822712 ], [ -74.2068453, 4.822705 ], [ -74.2068449, 4.822698 ], [ -74.2068446, 4.8226911 ], [ -74.2068444, 4.8226841 ], [ -74.2068444, 4.8226771 ], [ -74.2068445, 4.8226702 ], [ -74.2068447, 4.8226632 ], [ -74.206845, 4.8226562 ], [ -74.2068454, 4.8226493 ], [ -74.206846, 4.8226423 ], [ -74.2068467, 4.8226354 ], [ -74.2068474, 4.8226284 ], [ -74.2068484, 4.8226215 ], [ -74.2068494, 4.8226146 ], [ -74.2068506, 4.8226077 ], [ -74.2068518, 4.8226009 ], [ -74.2068532, 4.822594 ], [ -74.2068548, 4.8225872 ], [ -74.2068564, 4.8225804 ], [ -74.2068581, 4.8225737 ], [ -74.20686, 4.822567 ], [ -74.206862, 4.8225603 ], [ -74.2068641, 4.8225536 ], [ -74.2068663, 4.822547 ], [ -74.2068686, 4.8225404 ], [ -74.2068711, 4.8225339 ], [ -74.2068737, 4.8225274 ], [ -74.2068763, 4.822521 ], [ -74.2068791, 4.8225146 ], [ -74.206882, 4.8225082 ], [ -74.206885, 4.8225019 ], [ -74.2068881, 4.8224957 ], [ -74.2068913, 4.8224895 ], [ -74.2068947, 4.8224833 ], [ -74.2068981, 4.8224773 ], [ -74.2069016, 4.8224712 ], [ -74.2069053, 4.8224653 ], [ -74.206909, 4.8224594 ], [ -74.2069129, 4.8224536 ], [ -74.2069168, 4.8224478 ], [ -74.2069209, 4.8224421 ], [ -74.206925, 4.8224365 ], [ -74.2069293, 4.8224309 ], [ -74.2069336, 4.8224255 ], [ -74.2069381, 4.8224201 ], [ -74.2069426, 4.8224148 ], [ -74.2069472, 4.8224095 ], [ -74.2069519, 4.8224044 ], [ -74.2069567, 4.8223993 ], [ -74.2069616, 4.8223943 ], [ -74.2069666, 4.8223894 ], [ -74.2069716, 4.8223846 ], [ -74.2069768, 4.8223798 ], [ -74.206982, 4.8223752 ], [ -74.2069873, 4.8223706 ], [ -74.2069927, 4.8223662 ], [ -74.2069981, 4.8223618 ], [ -74.2070037, 4.8223575 ], [ -74.2070093, 4.8223533 ], [ -74.207015, 4.8223493 ], [ -74.2070207, 4.8223453 ], [ -74.2070265, 4.8223414 ], [ -74.2070324, 4.8223376 ], [ -74.2070384, 4.8223339 ], [ -74.2070444, 4.8223304 ], [ -74.2070504, 4.8223269 ], [ -74.2070566, 4.8223235 ], [ -74.2070628, 4.8223203 ], [ -74.207069, 4.8223171 ], [ -74.2070753, 4.8223141 ], [ -74.2070817, 4.8223111 ], [ -74.2070881, 4.8223083 ], [ -74.2070945, 4.8223056 ], [ -74.207101, 4.822303 ], [ -74.2071075, 4.8223005 ], [ -74.2071141, 4.8222982 ], [ -74.2071207, 4.8222959 ], [ -74.2071274, 4.8222937 ], [ -74.2071341, 4.8222917 ], [ -74.2071408, 4.8222898 ], [ -74.2071476, 4.822288 ], [ -74.2071544, 4.8222863 ], [ -74.2071612, 4.8222848 ], [ -74.2071681, 4.8222833 ], [ -74.2071749, 4.822282 ], [ -74.2071818, 4.8222808 ], [ -74.2071887, 4.8222797 ], [ -74.2071957, 4.8222787 ], [ -74.2072026, 4.8222779 ], [ -74.2072096, 4.8222771 ], [ -74.2072166, 4.8222765 ], [ -74.2072235, 4.822276 ], [ -74.2072305, 4.8222757 ], [ -74.2072646, 4.8222962 ], [ -74.2072984, 4.8223173 ], [ -74.2073318, 4.822339 ], [ -74.2073648, 4.8223613 ], [ -74.2073974, 4.8223841 ], [ -74.2074296, 4.8224074 ], [ -74.2074615, 4.8224314 ], [ -74.2074929, 4.8224558 ], [ -74.2075238, 4.8224808 ], [ -74.2075544, 4.8225063 ], [ -74.2075845, 4.8225323 ], [ -74.2076141, 4.8225589 ], [ -74.2076433, 4.8225859 ], [ -74.207672, 4.8226135 ], [ -74.2077003, 4.8226415 ], [ -74.207728, 4.82267 ], [ -74.2077553, 4.8226989 ], [ -74.207782, 4.8227284 ], [ -74.2078083, 4.8227583 ], [ -74.207834, 4.8227886 ], [ -74.2078592, 4.8228194 ], [ -74.2078839, 4.8228505 ], [ -74.207908, 4.8228822 ], [ -74.2079316, 4.8229142 ], [ -74.2079546, 4.8229466 ], [ -74.2079771, 4.8229794 ] ] ] } },
{ "type": "Feature", "properties": { "id": 0, "layer": "MADRID OFICIAL — AREA DE RESERVA FORESTAL PROTECTORA", "clas_CIAF": "5a" }, "geometry": { "type": "Polygon", "coordinates": [ [ [ -74.1911391, 4.8338867 ], [ -74.1915023, 4.8329016 ], [ -74.1916738, 4.8328111 ], [ -74.1919059, 4.8324894 ], [ -74.1923195, 4.8327709 ], [ -74.1927836, 4.8336354 ], [ -74.1931871, 4.8348317 ], [ -74.1931569, 4.8359073 ], [ -74.193056, 4.8362391 ], [ -74.1928138, 4.8371036 ], [ -74.1925112, 4.8378978 ], [ -74.191926, 4.8391544 ], [ -74.1914922, 4.840612 ], [ -74.1914216, 4.8407829 ], [ -74.1911896, 4.8412353 ], [ -74.1907457, 4.8415771 ], [ -74.1901504, 4.8419289 ], [ -74.1898377, 4.8421601 ], [ -74.1896057, 4.842522 ], [ -74.1896057, 4.8425321 ], [ -74.1896763, 4.8428839 ], [ -74.1897973, 4.8430347 ], [ -74.1895249, 4.8431955 ], [ -74.1894846, 4.8432156 ], [ -74.1890911, 4.8433664 ], [ -74.1889297, 4.8434871 ], [ -74.1888894, 4.8437987 ], [ -74.1889297, 4.8442008 ], [ -74.1890104, 4.8444923 ], [ -74.1889196, 4.8447135 ], [ -74.188738, 4.8448039 ], [ -74.1881125, 4.8452463 ], [ -74.1875274, 4.8453468 ], [ -74.1875476, 4.8456283 ], [ -74.1876888, 4.8458092 ], [ -74.1878099, 4.8462515 ], [ -74.1876485, 4.8465933 ], [ -74.1873962, 4.8470055 ], [ -74.1870129, 4.8474377 ], [ -74.1867808, 4.8478398 ], [ -74.1864782, 4.8482319 ], [ -74.1860847, 4.8487546 ], [ -74.185772, 4.8491165 ], [ -74.18555, 4.8494683 ], [ -74.18555, 4.8498704 ], [ -74.1856105, 4.850172 ], [ -74.1857921, 4.8504535 ], [ -74.1859737, 4.8506545 ], [ -74.1861957, 4.8510365 ], [ -74.1863773, 4.8512577 ], [ -74.186458, 4.851499 ], [ -74.1866396, 4.8519212 ], [ -74.1866396, 4.8524238 ], [ -74.1866799, 4.852846 ], [ -74.1866799, 4.853228 ], [ -74.1862159, 4.8536502 ], [ -74.1859132, 4.8538512 ], [ -74.185429, 4.8538914 ], [ -74.1848035, 4.8535497 ], [ -74.1846017, 4.8532682 ], [ -74.1843192, 4.8530671 ], [ -74.1841174, 4.852846 ], [ -74.1840165, 4.8526851 ], [ -74.1838753, 4.8522629 ], [ -74.1838349, 4.8518005 ], [ -74.1837542, 4.8515794 ], [ -74.1835121, 4.8514587 ], [ -74.1832094, 4.8514386 ], [ -74.1829673, 4.8520016 ], [ -74.1830279, 4.8522428 ], [ -74.183048, 4.8527254 ], [ -74.1829471, 4.8534692 ], [ -74.1829068, 4.8539317 ], [ -74.1830279, 4.854193 ], [ -74.1830077, 4.8545549 ], [ -74.1828059, 4.8548163 ], [ -74.1826848, 4.8550173 ], [ -74.1823822, 4.8550575 ], [ -74.1820795, 4.8548766 ], [ -74.1819585, 4.8547157 ], [ -74.1816558, 4.8546755 ], [ -74.1816961, 4.8548565 ], [ -74.1816961, 4.855138 ], [ -74.1813128, 4.8550374 ], [ -74.180768, 4.8549168 ], [ -74.1802636, 4.8547962 ], [ -74.17986, 4.8548565 ], [ -74.1794565, 4.8548967 ], [ -74.1793758, 4.855339 ], [ -74.1795372, 4.855721 ], [ -74.1794968, 4.8560628 ], [ -74.1789319, 4.8561633 ], [ -74.1787906, 4.8562236 ], [ -74.1785888, 4.8562437 ], [ -74.1785081, 4.8564649 ], [ -74.1785687, 4.8567463 ], [ -74.1786292, 4.8569474 ], [ -74.1786292, 4.8572289 ], [ -74.1786292, 4.8573093 ], [ -74.178488, 4.8576109 ], [ -74.178266, 4.857631 ], [ -74.1780239, 4.8574902 ], [ -74.1778625, 4.8574902 ], [ -74.1778019, 4.8575304 ], [ -74.1776607, 4.857832 ], [ -74.1774186, 4.8581135 ], [ -74.1770957, 4.8578923 ], [ -74.1767124, 4.8577516 ], [ -74.17645, 4.857832 ], [ -74.1763492, 4.857631 ], [ -74.1762886, 4.8570881 ], [ -74.1762483, 4.8565654 ], [ -74.1767124, 4.8565453 ], [ -74.1768132, 4.8563643 ], [ -74.1768334, 4.8562035 ], [ -74.1769343, 4.8557411 ], [ -74.1770554, 4.8554797 ], [ -74.1773782, 4.855339 ], [ -74.1779633, 4.8548364 ], [ -74.1780037, 4.8545147 ], [ -74.1780037, 4.8541528 ], [ -74.1780642, 4.8538311 ], [ -74.1781651, 4.8536703 ], [ -74.1785081, 4.8533888 ], [ -74.1789722, 4.853047 ], [ -74.1792749, 4.8529264 ], [ -74.1799407, 4.8527455 ], [ -74.1804048, 4.8525444 ], [ -74.180768, 4.8523032 ], [ -74.1811312, 4.8519815 ], [ -74.1812522, 4.8517201 ], [ -74.1814137, 4.8514185 ], [ -74.1816154, 4.8510164 ], [ -74.1817365, 4.8507752 ], [ -74.18214, 4.8505741 ], [ -74.1824024, 4.8504535 ], [ -74.1828664, 4.8501519 ], [ -74.1831489, 4.8499509 ], [ -74.1832498, 4.8497699 ], [ -74.1833103, 4.8493678 ], [ -74.1832296, 4.8489255 ], [ -74.1830682, 4.8488049 ], [ -74.1831893, 4.8486641 ], [ -74.1834718, 4.848443 ], [ -74.1837139, 4.8481816 ], [ -74.1839157, 4.8478599 ], [ -74.1841981, 4.8474176 ], [ -74.184299, 4.8471563 ], [ -74.1843797, 4.8466335 ], [ -74.1844604, 4.8464526 ], [ -74.1846017, 4.8461711 ], [ -74.1846017, 4.8458092 ], [ -74.1843797, 4.8454875 ], [ -74.1850456, 4.8451658 ], [ -74.1847631, 4.8448643 ], [ -74.1846219, 4.8447034 ], [ -74.1844403, 4.8444823 ], [ -74.1843797, 4.8442812 ], [ -74.1844806, 4.8438992 ], [ -74.1845411, 4.8437987 ], [ -74.1847631, 4.8436177 ], [ -74.1850859, 4.8433966 ], [ -74.1852474, 4.8430548 ], [ -74.185207, 4.8429141 ], [ -74.1850658, 4.8427331 ], [ -74.1850859, 4.8425321 ], [ -74.1851263, 4.8421903 ], [ -74.1852272, 4.8418887 ], [ -74.1854088, 4.8415871 ], [ -74.1856913, 4.8412051 ], [ -74.185772, 4.8408834 ], [ -74.1857114, 4.8405818 ], [ -74.1856913, 4.8403808 ], [ -74.185772, 4.840039 ], [ -74.1863369, 4.8401797 ], [ -74.1871238, 4.8406019 ], [ -74.1880318, 4.8410644 ], [ -74.1881415, 4.8411436 ], [ -74.1888183, 4.8416326 ], [ -74.1888389, 4.8416474 ], [ -74.1888793, 4.8416273 ], [ -74.1890872, 4.8413373 ], [ -74.1891819, 4.8412051 ], [ -74.1895451, 4.840622 ], [ -74.1895192, 4.8406008 ], [ -74.1889802, 4.8401596 ], [ -74.1885564, 4.8399787 ], [ -74.1881731, 4.8397374 ], [ -74.1876888, 4.8394961 ], [ -74.1867607, 4.8389935 ], [ -74.1868414, 4.8389734 ], [ -74.1869553, 4.8389086 ], [ -74.1869826, 4.838893 ], [ -74.1871037, 4.8385311 ], [ -74.1870677, 4.8383339 ], [ -74.1870633, 4.8383099 ], [ -74.1869422, 4.8379078 ], [ -74.1875677, 4.8378676 ], [ -74.1878704, 4.837747 ], [ -74.1877493, 4.8373248 ], [ -74.1876283, 4.8372443 ], [ -74.1876283, 4.8371237 ], [ -74.187709, 4.8370232 ], [ -74.1878704, 4.8369025 ], [ -74.1880924, 4.8367618 ], [ -74.1882941, 4.8366412 ], [ -74.1885564, 4.83642 ], [ -74.1886371, 4.8361586 ], [ -74.1886371, 4.8358973 ], [ -74.1886371, 4.8355153 ], [ -74.1886371, 4.8354147 ], [ -74.1886573, 4.8353142 ], [ -74.1887582, 4.835073 ], [ -74.1888994, 4.8348719 ], [ -74.1890407, 4.8347312 ], [ -74.1892425, 4.8346306 ], [ -74.1895451, 4.8345502 ], [ -74.1897469, 4.8345301 ], [ -74.1898881, 4.8345904 ], [ -74.1899688, 4.8346507 ], [ -74.1902917, 4.8347714 ], [ -74.1904127, 4.834892 ], [ -74.1907356, 4.8350126 ], [ -74.1908163, 4.8349121 ], [ -74.1909575, 4.8346909 ], [ -74.1909979, 4.8345301 ], [ -74.1910786, 4.8341481 ], [ -74.1911391, 4.8338867 ] ] ] } },
{ "type": "Feature", "properties": { "id": 0, "layer": "MADRID OFICIAL — CASCO URBANO", "clas_CIAF": "1a" }, "geometry": { "type": "Polygon", "coordinates": [ [ [ -74.2678331, 4.7459092 ], [ -74.2674295, 4.7457685 ], [ -74.2670159, 4.7459293 ], [ -74.2666729, 4.74605 ], [ -74.2663501, 4.7462913 ], [ -74.2662088, 4.7465628 ], [ -74.2660978, 4.7466834 ], [ -74.2658759, 4.746794 ], [ -74.2651798, 4.7467538 ], [ -74.2646047, 4.7468644 ], [ -74.2643222, 4.7469649 ], [ -74.2643021, 4.746985 ], [ -74.2639792, 4.7463516 ], [ -74.2636766, 4.7462109 ], [ -74.2634243, 4.7461706 ], [ -74.2632629, 4.7461706 ], [ -74.2629704, 4.7462109 ], [ -74.2626677, 4.7462812 ], [ -74.262476, 4.7464723 ], [ -74.2622036, 4.7463114 ], [ -74.2619413, 4.7461003 ], [ -74.2616588, 4.7458992 ], [ -74.2617093, 4.7457785 ], [ -74.2619211, 4.7455071 ], [ -74.2620119, 4.7452356 ], [ -74.2620826, 4.7448435 ], [ -74.2619615, 4.7445821 ], [ -74.2617093, 4.7445117 ], [ -74.2613057, 4.7447028 ], [ -74.2611443, 4.7447631 ], [ -74.2614571, 4.7440191 ], [ -74.2614268, 4.743828 ], [ -74.2610232, 4.7437376 ], [ -74.2606197, 4.7438884 ], [ -74.260307, 4.7440593 ], [ -74.2601859, 4.7435365 ], [ -74.2600648, 4.7432147 ], [ -74.2599538, 4.7430137 ], [ -74.259863, 4.7428126 ], [ -74.2597723, 4.7426115 ], [ -74.2596815, 4.7424104 ], [ -74.259753, 4.7421524 ], [ -74.2582842, 4.7417833 ], [ -74.2573762, 4.741542 ], [ -74.2565893, 4.7413007 ], [ -74.2554795, 4.7410795 ], [ -74.2545514, 4.7410594 ], [ -74.2541478, 4.7406371 ], [ -74.253603, 4.7400339 ], [ -74.2529372, 4.7397524 ], [ -74.2520292, 4.738948 ], [ -74.251323, 4.7377817 ], [ -74.250642, 4.7364244 ], [ -74.2505361, 4.7362133 ], [ -74.2494667, 4.7341622 ], [ -74.2441601, 4.736716 ], [ -74.2429494, 4.7342024 ], [ -74.248135, 4.7316084 ], [ -74.2447579, 4.7258256 ], [ -74.2455116, 4.7251901 ], [ -74.2458996, 4.7248633 ], [ -74.2462005, 4.7246309 ], [ -74.2465732, 4.7242562 ], [ -74.2466132, 4.7239238 ], [ -74.246754, 4.7238142 ], [ -74.2469212, 4.7236841 ], [ -74.2471324, 4.7235349 ], [ -74.2474797, 4.723293 ], [ -74.2478005, 4.7230695 ], [ -74.2479223, 4.7229662 ], [ -74.2481878, 4.722741 ], [ -74.2486605, 4.72234 ], [ -74.2495978, 4.7232533 ], [ -74.2505664, 4.7240375 ], [ -74.2513936, 4.7247614 ], [ -74.252463, 4.725787 ], [ -74.2534719, 4.7267723 ], [ -74.2547229, 4.7255457 ], [ -74.2547364, 4.7255461 ], [ -74.2547499, 4.7255463 ], [ -74.2547634, 4.7255463 ], [ -74.254777, 4.7255461 ], [ -74.2547905, 4.7255456 ], [ -74.254804, 4.7255449 ], [ -74.2548175, 4.7255439 ], [ -74.2548309, 4.7255427 ], [ -74.2548444, 4.7255413 ], [ -74.2548578, 4.7255397 ], [ -74.2548712, 4.7255378 ], [ -74.2548846, 4.7255357 ], [ -74.2548979, 4.7255333 ], [ -74.2549112, 4.7255307 ], [ -74.2549244, 4.7255279 ], [ -74.2549376, 4.7255249 ], [ -74.2549507, 4.7255217 ], [ -74.2549637, 4.7255182 ], [ -74.2549768, 4.7255145 ], [ -74.2549897, 4.7255106 ], [ -74.2550026, 4.7255064 ], [ -74.2550153, 4.725502 ], [ -74.2550281, 4.7254974 ], [ -74.2550407, 4.7254926 ], [ -74.2550532, 4.7254876 ], [ -74.2550657, 4.7254824 ], [ -74.2550781, 4.7254769 ], [ -74.2550903, 4.7254712 ], [ -74.2551025, 4.7254654 ], [ -74.2551146, 4.7254593 ], [ -74.2551265, 4.725453 ], [ -74.2551384, 4.7254465 ], [ -74.2551501, 4.7254398 ], [ -74.2551617, 4.7254329 ], [ -74.2551732, 4.7254258 ], [ -74.2551846, 4.7254185 ], [ -74.2551958, 4.725411 ], [ -74.2552069, 4.7254033 ], [ -74.2552179, 4.7253954 ], [ -74.2552287, 4.7253873 ], [ -74.2552394, 4.7253791 ], [ -74.25525, 4.7253706 ], [ -74.2552604, 4.725362 ], [ -74.2552706, 4.7253532 ], [ -74.2552807, 4.7253442 ], [ -74.2552906, 4.7253351 ], [ -74.2553004, 4.7253258 ], [ -74.25531, 4.7253163 ], [ -74.2553195, 4.7253067 ], [ -74.2553287, 4.7252969 ], [ -74.2553379, 4.7252869 ], [ -74.2553468, 4.7252768 ], [ -74.2553555, 4.7252665 ], [ -74.2553641, 4.7252561 ], [ -74.2553725, 4.7252455 ], [ -74.2553807, 4.7252348 ], [ -74.2553887, 4.7252239 ], [ -74.2553831, 4.7252101 ], [ -74.2553777, 4.7251961 ], [ -74.2553725, 4.725182 ], [ -74.2553676, 4.7251678 ], [ -74.255363, 4.7251536 ], [ -74.2553586, 4.7251393 ], [ -74.2553544, 4.7251249 ], [ -74.2553505, 4.7251104 ], [ -74.2553469, 4.7250958 ], [ -74.2553435, 4.7250812 ], [ -74.2553403, 4.7250666 ], [ -74.2553375, 4.7250519 ], [ -74.2553348, 4.7250371 ], [ -74.2553325, 4.7250223 ], [ -74.2553304, 4.7250075 ], [ -74.2553285, 4.7249926 ], [ -74.2553269, 4.7249777 ], [ -74.2553256, 4.7249628 ], [ -74.2553245, 4.7249478 ], [ -74.2553237, 4.7249329 ], [ -74.2553232, 4.7249179 ], [ -74.2553229, 4.7249029 ], [ -74.2553229, 4.7248879 ], [ -74.2553231, 4.724873 ], [ -74.2553236, 4.724858 ], [ -74.2553244, 4.724843 ], [ -74.2553254, 4.7248281 ], [ -74.2553267, 4.7248131 ], [ -74.2553283, 4.7247982 ], [ -74.2553301, 4.7247834 ], [ -74.2553322, 4.7247685 ], [ -74.2553345, 4.7247537 ], [ -74.2553348, 4.7247521 ], [ -74.2553348, 4.7247521 ], [ -74.2553371, 4.7247389 ], [ -74.2553399, 4.7247242 ], [ -74.255343, 4.7247096 ], [ -74.2553464, 4.724695 ], [ -74.25535, 4.7246804 ], [ -74.2553539, 4.7246659 ], [ -74.255358, 4.7246515 ], [ -74.2553624, 4.7246372 ], [ -74.255367, 4.7246229 ], [ -74.2553719, 4.7246088 ], [ -74.255377, 4.7245947 ], [ -74.2553824, 4.7245807 ], [ -74.255388, 4.7245668 ], [ -74.2553938, 4.724553 ], [ -74.2553999, 4.7245393 ], [ -74.2554062, 4.7245257 ], [ -74.2554128, 4.7245122 ], [ -74.2554196, 4.7244988 ], [ -74.2554267, 4.7244856 ], [ -74.2554339, 4.7244725 ], [ -74.2554414, 4.7244595 ], [ -74.2554491, 4.7244466 ], [ -74.2554571, 4.7244339 ], [ -74.2554652, 4.7244213 ], [ -74.2554736, 4.7244089 ], [ -74.2554822, 4.7243966 ], [ -74.255491, 4.7243844 ], [ -74.2555001, 4.7243724 ], [ -74.2555093, 4.7243606 ], [ -74.2555187, 4.724349 ], [ -74.2555284, 4.7243375 ], [ -74.2555382, 4.7243261 ], [ -74.2555482, 4.724315 ], [ -74.2555585, 4.724304 ], [ -74.2555689, 4.7242932 ], [ -74.2555795, 4.7242826 ], [ -74.2555903, 4.7242721 ], [ -74.2556013, 4.7242619 ], [ -74.2556124, 4.7242518 ], [ -74.2556237, 4.724242 ], [ -74.2556352, 4.7242323 ], [ -74.2556469, 4.7242229 ], [ -74.2556587, 4.7242136 ], [ -74.2556707, 4.7242046 ], [ -74.2556829, 4.7241957 ], [ -74.2556952, 4.7241871 ], [ -74.2557076, 4.7241787 ], [ -74.2557202, 4.7241705 ], [ -74.2557329, 4.7241625 ], [ -74.2557458, 4.7241548 ], [ -74.2557588, 4.7241472 ], [ -74.2557719, 4.7241399 ], [ -74.2557852, 4.7241329 ], [ -74.2557986, 4.724126 ], [ -74.2558121, 4.7241194 ], [ -74.2558257, 4.7241131 ], [ -74.2558286, 4.7241118 ], [ -74.2558394, 4.7241069 ], [ -74.2558532, 4.724101 ], [ -74.2558671, 4.7240954 ], [ -74.2558812, 4.72409 ], [ -74.2558953, 4.7240848 ], [ -74.2559095, 4.7240799 ], [ -74.2559238, 4.7240752 ], [ -74.2559381, 4.7240708 ], [ -74.2559526, 4.7240666 ], [ -74.2559671, 4.7240627 ], [ -74.2559817, 4.724059 ], [ -74.2559963, 4.7240556 ], [ -74.256011, 4.7240524 ], [ -74.2560257, 4.7240495 ], [ -74.2560405, 4.7240469 ], [ -74.2560554, 4.7240445 ], [ -74.2560703, 4.7240424 ], [ -74.2560852, 4.7240405 ], [ -74.2561001, 4.7240389 ], [ -74.2561151, 4.7240375 ], [ -74.256125, 4.7240372 ], [ -74.2561349, 4.7240368 ], [ -74.2561447, 4.7240361 ], [ -74.2561546, 4.7240353 ], [ -74.2561644, 4.7240344 ], [ -74.2561742, 4.7240332 ], [ -74.256184, 4.7240319 ], [ -74.2561938, 4.7240304 ], [ -74.2562035, 4.7240288 ], [ -74.2562132, 4.7240269 ], [ -74.2562229, 4.7240249 ], [ -74.2562325, 4.7240228 ], [ -74.2562421, 4.7240205 ], [ -74.2562517, 4.724018 ], [ -74.2562612, 4.7240153 ], [ -74.2562707, 4.7240125 ], [ -74.2562801, 4.7240095 ], [ -74.2562895, 4.7240064 ], [ -74.2562988, 4.7240031 ], [ -74.256308, 4.7239996 ], [ -74.2563172, 4.723996 ], [ -74.2563263, 4.7239922 ], [ -74.2563354, 4.7239882 ], [ -74.2563444, 4.7239841 ], [ -74.2563533, 4.7239799 ], [ -74.2563621, 4.7239755 ], [ -74.2563709, 4.7239709 ], [ -74.2563795, 4.7239662 ], [ -74.2563881, 4.7239613 ], [ -74.2563966, 4.7239563 ], [ -74.2564051, 4.7239512 ], [ -74.2564134, 4.7239459 ], [ -74.2564216, 4.7239404 ], [ -74.2564297, 4.7239348 ], [ -74.2564378, 4.7239291 ], [ -74.2564457, 4.7239232 ], [ -74.2564536, 4.7239172 ], [ -74.2564613, 4.7239111 ], [ -74.2564689, 4.7239048 ], [ -74.2564764, 4.7238984 ], [ -74.2564838, 4.7238919 ], [ -74.2564911, 4.7238852 ], [ -74.2564983, 4.7238785 ], [ -74.2565053, 4.7238715 ], [ -74.2565122, 4.7238645 ], [ -74.256519, 4.7238574 ], [ -74.2565257, 4.7238501 ], [ -74.2565322, 4.7238427 ], [ -74.2565387, 4.7238352 ], [ -74.2565449, 4.7238276 ], [ -74.2565511, 4.7238199 ], [ -74.2565571, 4.7238121 ], [ -74.256563, 4.7238042 ], [ -74.2565687, 4.7237962 ], [ -74.2565743, 4.7237881 ], [ -74.2565798, 4.7237799 ], [ -74.2565851, 4.7237716 ], [ -74.2565903, 4.7237632 ], [ -74.2565953, 4.7237547 ], [ -74.2566002, 4.7237461 ], [ -74.2566049, 4.7237375 ], [ -74.2566094, 4.7237288 ], [ -74.2566139, 4.7237199 ], [ -74.2566181, 4.7237111 ], [ -74.2566222, 4.7237021 ], [ -74.2566262, 4.7236931 ], [ -74.25663, 4.723684 ], [ -74.2566336, 4.7236748 ], [ -74.2566371, 4.7236656 ], [ -74.2566404, 4.7236563 ], [ -74.2566435, 4.723647 ], [ -74.2566465, 4.7236376 ], [ -74.2566493, 4.7236282 ], [ -74.256652, 4.7236187 ], [ -74.2566545, 4.7236092 ], [ -74.2566568, 4.7235996 ], [ -74.256659, 4.72359 ], [ -74.256661, 4.7235803 ], [ -74.2566628, 4.7235707 ], [ -74.2566644, 4.7235609 ], [ -74.2566659, 4.7235512 ], [ -74.2566672, 4.7235415 ], [ -74.2566684, 4.7235317 ], [ -74.2566693, 4.7235219 ], [ -74.2566701, 4.7235121 ], [ -74.2566708, 4.7235022 ], [ -74.2566712, 4.7234924 ], [ -74.2566715, 4.7234825 ], [ -74.2566716, 4.7234727 ], [ -74.2566716, 4.7234629 ], [ -74.2566713, 4.723453 ], [ -74.2566709, 4.7234432 ], [ -74.2566704, 4.7234333 ], [ -74.2566696, 4.7234235 ], [ -74.2566687, 4.7234137 ], [ -74.2566676, 4.7234039 ], [ -74.2566664, 4.7233942 ], [ -74.2566649, 4.7233844 ], [ -74.2566633, 4.7233747 ], [ -74.2566616, 4.723365 ], [ -74.2566596, 4.7233554 ], [ -74.2566575, 4.7233457 ], [ -74.2566553, 4.7233361 ], [ -74.2566528, 4.7233266 ], [ -74.2566502, 4.7233171 ], [ -74.2566474, 4.7233077 ], [ -74.2566445, 4.7232983 ], [ -74.2566414, 4.7232889 ], [ -74.2566382, 4.7232796 ], [ -74.2566347, 4.7232704 ], [ -74.2566312, 4.7232612 ], [ -74.2566274, 4.7232521 ], [ -74.2566235, 4.723243 ], [ -74.2566195, 4.723234 ], [ -74.2566152, 4.7232251 ], [ -74.2566109, 4.7232163 ], [ -74.2566064, 4.7232075 ], [ -74.2566017, 4.7231989 ], [ -74.2565969, 4.7231903 ], [ -74.2565919, 4.7231818 ], [ -74.2565868, 4.7231733 ], [ -74.2565815, 4.723165 ], [ -74.2565761, 4.7231568 ], [ -74.2565709, 4.7231491 ], [ -74.2565629, 4.7231087 ], [ -74.256563, 4.7231081 ], [ -74.2565647, 4.7230999 ], [ -74.2565664, 4.7230918 ], [ -74.2565683, 4.7230837 ], [ -74.2565704, 4.7230757 ], [ -74.2565726, 4.7230677 ], [ -74.2565749, 4.7230597 ], [ -74.2565774, 4.7230518 ], [ -74.25658, 4.7230439 ], [ -74.2565827, 4.723036 ], [ -74.2565856, 4.7230282 ], [ -74.2565886, 4.7230205 ], [ -74.2565917, 4.7230128 ], [ -74.256595, 4.7230052 ], [ -74.2565984, 4.7229976 ], [ -74.256602, 4.7229901 ], [ -74.2566056, 4.7229826 ], [ -74.2566094, 4.7229752 ], [ -74.2566133, 4.7229679 ], [ -74.2566174, 4.7229606 ], [ -74.2566216, 4.7229535 ], [ -74.2566259, 4.7229464 ], [ -74.2566303, 4.7229393 ], [ -74.2566349, 4.7229324 ], [ -74.2566395, 4.7229255 ], [ -74.2566443, 4.7229187 ], [ -74.2566492, 4.722912 ], [ -74.2566542, 4.7229054 ], [ -74.2566594, 4.7228988 ], [ -74.2566646, 4.7228924 ], [ -74.25667, 4.722886 ], [ -74.2566754, 4.7228797 ], [ -74.256681, 4.7228736 ], [ -74.2566867, 4.7228675 ], [ -74.2566925, 4.7228615 ], [ -74.2566984, 4.7228557 ], [ -74.2567044, 4.7228499 ], [ -74.2567105, 4.7228442 ], [ -74.2567166, 4.7228387 ], [ -74.2567229, 4.7228332 ], [ -74.2567293, 4.7228279 ], [ -74.2567358, 4.7228226 ], [ -74.2567423, 4.7228175 ], [ -74.256749, 4.7228125 ], [ -74.2567557, 4.7228076 ], [ -74.2567625, 4.7228028 ], [ -74.2567694, 4.7227982 ], [ -74.2567764, 4.7227937 ], [ -74.2567835, 4.7227892 ], [ -74.2567906, 4.722785 ], [ -74.2567978, 4.7227808 ], [ -74.2568051, 4.7227767 ], [ -74.2568124, 4.7227728 ], [ -74.2568198, 4.722769 ], [ -74.2568273, 4.7227654 ], [ -74.2568349, 4.7227618 ], [ -74.2568425, 4.7227584 ], [ -74.2568501, 4.7227552 ], [ -74.2568578, 4.722752 ], [ -74.2568656, 4.722749 ], [ -74.2568734, 4.7227462 ], [ -74.2568813, 4.7227434 ], [ -74.2568844, 4.7227424 ], [ -74.2568892, 4.7227408 ], [ -74.2568972, 4.7227384 ], [ -74.2569051, 4.7227361 ], [ -74.2569132, 4.7227339 ], [ -74.2569213, 4.7227318 ], [ -74.2569294, 4.7227299 ], [ -74.2569375, 4.7227282 ], [ -74.2569457, 4.7227266 ], [ -74.2569539, 4.7227251 ], [ -74.2569621, 4.7227237 ], [ -74.2569703, 4.7227225 ], [ -74.2569786, 4.7227215 ], [ -74.2569869, 4.7227206 ], [ -74.2569952, 4.7227198 ], [ -74.2570035, 4.7227192 ], [ -74.2570118, 4.7227187 ], [ -74.2570201, 4.7227183 ], [ -74.2570285, 4.7227181 ], [ -74.2570368, 4.7227181 ], [ -74.2570451, 4.7227182 ], [ -74.2570535, 4.7227184 ], [ -74.2570618, 4.7227188 ], [ -74.2570701, 4.7227193 ], [ -74.2570784, 4.72272 ], [ -74.2570867, 4.7227208 ], [ -74.257095, 4.7227218 ], [ -74.2571032, 4.7227229 ], [ -74.2571115, 4.7227241 ], [ -74.2571197, 4.7227255 ], [ -74.2571279, 4.722727 ], [ -74.257136, 4.7227287 ], [ -74.2571442, 4.7227305 ], [ -74.2572369, 4.7227176 ], [ -74.2573298, 4.7227062 ], [ -74.2574229, 4.7226964 ], [ -74.2575161, 4.7226881 ], [ -74.2576095, 4.7226814 ], [ -74.2577029, 4.7226763 ], [ -74.2577965, 4.7226727 ], [ -74.25789, 4.7226706 ], [ -74.2579836, 4.7226702 ], [ -74.2580772, 4.7226712 ], [ -74.2581708, 4.7226739 ], [ -74.2582643, 4.7226781 ], [ -74.2583578, 4.7226838 ], [ -74.2584511, 4.7226911 ], [ -74.2585443, 4.7227 ], [ -74.2586373, 4.7227104 ], [ -74.2589326, 4.7228295 ], [ -74.2592262, 4.722953 ], [ -74.2595179, 4.7230809 ], [ -74.2598076, 4.7232131 ], [ -74.2598181, 4.7232145 ], [ -74.2598285, 4.723216 ], [ -74.259839, 4.7232178 ], [ -74.2598494, 4.7232197 ], [ -74.2598598, 4.7232218 ], [ -74.2598701, 4.7232241 ], [ -74.2598804, 4.7232265 ], [ -74.2598906, 4.7232292 ], [ -74.2599008, 4.723232 ], [ -74.259911, 4.723235 ], [ -74.2599211, 4.7232381 ], [ -74.2599311, 4.7232415 ], [ -74.2599411, 4.723245 ], [ -74.259951, 4.7232486 ], [ -74.2599609, 4.7232525 ], [ -74.2599707, 4.7232565 ], [ -74.2599804, 4.7232607 ], [ -74.25999, 4.7232651 ], [ -74.2599996, 4.7232696 ], [ -74.2600091, 4.7232743 ], [ -74.2600185, 4.7232791 ], [ -74.2600278, 4.7232841 ], [ -74.2600371, 4.7232893 ], [ -74.2600462, 4.7232946 ], [ -74.2600552, 4.7233001 ], [ -74.2600642, 4.7233057 ], [ -74.260073, 4.7233115 ], [ -74.2600818, 4.7233175 ], [ -74.2600904, 4.7233236 ], [ -74.260099, 4.7233298 ], [ -74.2601074, 4.7233362 ], [ -74.2601157, 4.7233427 ], [ -74.2601239, 4.7233494 ], [ -74.260132, 4.7233562 ], [ -74.2601399, 4.7233632 ], [ -74.2601478, 4.7233703 ], [ -74.2601555, 4.7233775 ], [ -74.2601631, 4.7233848 ], [ -74.2601706, 4.7233923 ], [ -74.2601779, 4.7233999 ], [ -74.2601851, 4.7234077 ], [ -74.2601921, 4.7234155 ], [ -74.2601991, 4.7234235 ], [ -74.2602059, 4.7234316 ], [ -74.2602125, 4.7234398 ], [ -74.260219, 4.7234481 ], [ -74.2602253, 4.7234566 ], [ -74.2602316, 4.7234651 ], [ -74.2602376, 4.7234738 ], [ -74.2602435, 4.7234825 ], [ -74.2602493, 4.7234914 ], [ -74.2602549, 4.7235004 ], [ -74.2602603, 4.7235094 ], [ -74.2602656, 4.7235185 ], [ -74.2602707, 4.7235278 ], [ -74.2602757, 4.7235371 ], [ -74.2602805, 4.7235465 ], [ -74.2602851, 4.723556 ], [ -74.2602896, 4.7235655 ], [ -74.2602939, 4.7235752 ], [ -74.260298, 4.7235849 ], [ -74.260302, 4.7235947 ], [ -74.2603058, 4.7236045 ], [ -74.2603094, 4.7236144 ], [ -74.2603129, 4.7236244 ], [ -74.2603162, 4.7236344 ], [ -74.2603193, 4.7236445 ], [ -74.2603222, 4.7236547 ], [ -74.260325, 4.7236649 ], [ -74.2603276, 4.7236751 ], [ -74.26033, 4.7236854 ], [ -74.2603322, 4.7236957 ], [ -74.2603508, 4.7237835 ], [ -74.260368, 4.7238717 ], [ -74.2603838, 4.7239601 ], [ -74.260398, 4.7240488 ], [ -74.2604108, 4.7241377 ], [ -74.2604221, 4.7242268 ], [ -74.2604319, 4.7243161 ], [ -74.2604402, 4.7244055 ], [ -74.2604471, 4.7244951 ], [ -74.2604524, 4.7245847 ], [ -74.2604563, 4.7246745 ], [ -74.2604587, 4.7247643 ], [ -74.2604596, 4.7248541 ], [ -74.2604589, 4.7249439 ], [ -74.2604568, 4.7250337 ], [ -74.2604532, 4.7251234 ], [ -74.261504, 4.725391 ], [ -74.2615226, 4.7254653 ], [ -74.2615226, 4.7257066 ], [ -74.2615226, 4.7258674 ], [ -74.2615832, 4.72635 ], [ -74.2617648, 4.7266919 ], [ -74.2618656, 4.7268528 ], [ -74.2620069, 4.7271142 ], [ -74.2625315, 4.7274359 ], [ -74.2626727, 4.7274359 ], [ -74.2627131, 4.7273957 ], [ -74.2629552, 4.7271142 ], [ -74.2632982, 4.7271946 ], [ -74.2635807, 4.7272549 ], [ -74.2640852, 4.7272348 ], [ -74.2644282, 4.7269734 ], [ -74.2646703, 4.726712 ], [ -74.2651747, 4.7263903 ], [ -74.2653765, 4.7262897 ], [ -74.2655581, 4.7259278 ], [ -74.2656792, 4.7255859 ], [ -74.2655379, 4.7249826 ], [ -74.2655379, 4.7246207 ], [ -74.26578, 4.7243794 ], [ -74.2660827, 4.7241582 ], [ -74.2665871, 4.7239169 ], [ -74.267031, 4.723756 ], [ -74.2671117, 4.7237761 ], [ -74.2674548, 4.7238968 ], [ -74.2677574, 4.7237359 ], [ -74.2679592, 4.7234745 ], [ -74.2675758, 4.7231326 ], [ -74.2680197, 4.7228109 ], [ -74.2683426, 4.7228109 ], [ -74.2689277, 4.7225093 ], [ -74.2694523, 4.722268 ], [ -74.2698206, 4.7221046 ], [ -74.2698206, 4.7221046 ], [ -74.269982, 4.7224866 ], [ -74.2700519, 4.7224291 ], [ -74.2726908, 4.7266441 ], [ -74.2737955, 4.7263475 ], [ -74.2803935, 4.7240953 ], [ -74.2826785, 4.7234468 ], [ -74.2847719, 4.7246986 ], [ -74.2872537, 4.7262269 ], [ -74.2868502, 4.7264078 ], [ -74.2806759, 4.7309423 ], [ -74.2760957, 4.7388852 ], [ -74.2766154, 4.7392294 ], [ -74.2762319, 4.7396116 ], [ -74.2752936, 4.7395915 ], [ -74.2744866, 4.7395915 ], [ -74.2740326, 4.7396216 ], [ -74.2734878, 4.7399333 ], [ -74.2728724, 4.740245 ], [ -74.2719543, 4.7405366 ], [ -74.2710917, 4.7416966 ], [ -74.2678331, 4.7459092 ] ] ] } },
{ "type": "Feature", "properties": { "id": 0, "layer": "MADRID OFICIAL — CASCO URBANO", "clas_CIAF": "1a" }, "geometry": { "type": "Polygon", "coordinates": [ [ [ -74.221052, 4.8137407 ], [ -74.221298, 4.8138156 ], [ -74.2209713, 4.815128 ], [ -74.2272538, 4.8193723 ], [ -74.21969, 4.8207476 ], [ -74.2185197, 4.8195212 ], [ -74.2196093, 4.8147962 ], [ -74.2179144, 4.8128962 ], [ -74.221052, 4.8137407 ] ] ] } },
{ "type": "Feature", "properties": { "id": 0, "layer": "MADRID OFICIAL — CORREDOR VIAL SERVICIOS URBANOS", "clas_CIAF": "1a" }, "geometry": { "type": "MultiPolygon", "coordinates": [ [ [ [ -74.250642, 4.7364244 ], [ -74.2494667, 4.7341622 ], [ -74.2505361, 4.7362133 ], [ -74.250642, 4.7364244 ] ] ], [ [ [ -74.2494445, 4.7432921 ], [ -74.2486142, 4.7432349 ], [ -74.248005, 4.7431797 ], [ -74.2470605, 4.7430941 ], [ -74.2457692, 4.7426316 ], [ -74.2439936, 4.7413849 ], [ -74.2430049, 4.7402588 ], [ -74.2423189, 4.7387507 ], [ -74.2415925, 4.7373029 ], [ -74.2408863, 4.7360361 ], [ -74.2405029, 4.7350709 ], [ -74.2398169, 4.7337035 ], [ -74.2386466, 4.7317329 ], [ -74.2383302, 4.7313546 ], [ -74.2386327, 4.7310516 ], [ -74.2388081, 4.7309018 ], [ -74.2390895, 4.7306615 ], [ -74.2393288, 4.7303868 ], [ -74.2396657, 4.7300996 ], [ -74.2399912, 4.7298129 ], [ -74.2402825, 4.7295682 ], [ -74.2429494, 4.7342024 ], [ -74.2441601, 4.736716 ], [ -74.2441985, 4.7368323 ], [ -74.2442389, 4.736948 ], [ -74.2442813, 4.737063 ], [ -74.2443256, 4.7371772 ], [ -74.2443718, 4.7372907 ], [ -74.24442, 4.7374034 ], [ -74.2444701, 4.7375153 ], [ -74.244522, 4.7376263 ], [ -74.2445758, 4.7377364 ], [ -74.2446315, 4.7378456 ], [ -74.2446891, 4.7379538 ], [ -74.2447484, 4.7380611 ], [ -74.2448096, 4.7381673 ], [ -74.2448726, 4.7382725 ], [ -74.2449373, 4.7383766 ], [ -74.2450038, 4.7384797 ], [ -74.245072, 4.7385815 ], [ -74.245142, 4.7386822 ], [ -74.2452136, 4.7387818 ], [ -74.245287, 4.7388801 ], [ -74.245362, 4.7389771 ], [ -74.2454386, 4.7390729 ], [ -74.2455168, 4.7391674 ], [ -74.2455966, 4.7392605 ], [ -74.245678, 4.7393523 ], [ -74.245761, 4.7394427 ], [ -74.2458454, 4.7395317 ], [ -74.2459314, 4.7396192 ], [ -74.2460188, 4.7397053 ], [ -74.2461077, 4.7397899 ], [ -74.246198, 4.739873 ], [ -74.2462725, 4.7399269 ], [ -74.2463479, 4.7399796 ], [ -74.2464243, 4.7400309 ], [ -74.2465015, 4.7400809 ], [ -74.2465796, 4.7401296 ], [ -74.2466585, 4.7401769 ], [ -74.2467382, 4.7402228 ], [ -74.2468187, 4.7402674 ], [ -74.2469, 4.7403106 ], [ -74.246982, 4.7403523 ], [ -74.2470647, 4.7403927 ], [ -74.2471482, 4.7404316 ], [ -74.2472322, 4.740469 ], [ -74.2473169, 4.740505 ], [ -74.2474023, 4.7405396 ], [ -74.2474882, 4.7405726 ], [ -74.2475747, 4.7406042 ], [ -74.2476617, 4.7406343 ], [ -74.2477492, 4.7406629 ], [ -74.2478372, 4.74069 ], [ -74.2479256, 4.7407155 ], [ -74.2480145, 4.7407395 ], [ -74.2481038, 4.740762 ], [ -74.2481935, 4.7407829 ], [ -74.2482835, 4.7408023 ], [ -74.2483738, 4.7408201 ], [ -74.2484645, 4.7408364 ], [ -74.2485554, 4.7408511 ], [ -74.2486465, 4.7408643 ], [ -74.2487379, 4.7408758 ], [ -74.2488294, 4.7408858 ], [ -74.2489211, 4.7408942 ], [ -74.249013, 4.740901 ], [ -74.2491049, 4.7409063 ], [ -74.249197, 4.7409099 ], [ -74.249289, 4.740912 ], [ -74.2493811, 4.7409125 ], [ -74.2494732, 4.7409114 ], [ -74.2495653, 4.7409087 ], [ -74.2496573, 4.7409044 ], [ -74.2497492, 4.7408985 ], [ -74.2545514, 4.7410594 ], [ -74.2554795, 4.7410795 ], [ -74.2565893, 4.7413007 ], [ -74.2573762, 4.741542 ], [ -74.2582842, 4.7417833 ], [ -74.259753, 4.7421524 ], [ -74.2596815, 4.7424104 ], [ -74.2597723, 4.7426115 ], [ -74.259863, 4.7428126 ], [ -74.2599538, 4.7430137 ], [ -74.2600648, 4.7432147 ], [ -74.2601859, 4.7435365 ], [ -74.2601929, 4.7435667 ], [ -74.2584809, 4.7442805 ], [ -74.2567457, 4.7438381 ], [ -74.2546674, 4.7435767 ], [ -74.2512372, 4.7434158 ], [ -74.2494445, 4.7432921 ] ] ] ] } },
{ "type": "Feature", "properties": { "id": 0, "layer": "MADRID OFICIAL — CORREDOR VIAL SERVICIOS URBANOS", "clas_CIAF": "1a" }, "geometry": { "type": "Polygon", "coordinates": [ [ [ -74.2240261, 4.8199592 ], [ -74.2246025, 4.8198544 ], [ -74.2265347, 4.819503 ], [ -74.2264116, 4.8195262 ], [ -74.2272538, 4.8193723 ], [ -74.2266937, 4.8195742 ], [ -74.2265301, 4.8196317 ], [ -74.2343279, 4.8277332 ], [ -74.2342935, 4.8277407 ], [ -74.2339913, 4.8278219 ], [ -74.2336215, 4.8279797 ], [ -74.2334908, 4.8280474 ], [ -74.233369, 4.8281015 ], [ -74.2332472, 4.8281376 ], [ -74.2330804, 4.8281736 ], [ -74.232918, 4.8281872 ], [ -74.2327151, 4.8281872 ], [ -74.2325617, 4.8281736 ], [ -74.2324219, 4.828124 ], [ -74.2322957, 4.8280113 ], [ -74.2322506, 4.8279346 ], [ -74.2321468, 4.8277542 ], [ -74.2320251, 4.8275874 ], [ -74.2318808, 4.8275378 ], [ -74.2316598, 4.8275062 ], [ -74.2315335, 4.8275107 ], [ -74.2314693, 4.8275379 ], [ -74.2240261, 4.8199592 ] ] ] } },
{ "type": "Feature", "properties": { "id": 0, "layer": "MADRID OFICIAL — CORREDOR VIAL SERVICIOS URBANOS", "clas_CIAF": "1a" }, "geometry": { "type": "Polygon", "coordinates": [ [ [ -74.2209713, 4.815128 ], [ -74.2214397, 4.8132462 ], [ -74.2225419, 4.8141339 ], [ -74.2245931, 4.8154698 ], [ -74.2294962, 4.8187873 ], [ -74.2272626, 4.8193782 ], [ -74.2209713, 4.815128 ] ] ] } },
{ "type": "Feature", "properties": { "id": 0, "layer": "MADRID OFICIAL — CORREDOR VIAL SERVICIOS URBANOS", "clas_CIAF": "1a" }, "geometry": { "type": "Polygon", "coordinates": [ [ [ -74.2104286, 4.8079802 ], [ -74.2098031, 4.8073972 ], [ -74.209904, 4.8073167 ], [ -74.2102269, 4.8072966 ], [ -74.2105093, 4.806995 ], [ -74.2106506, 4.8068141 ], [ -74.2107515, 4.8065929 ], [ -74.2107313, 4.8062008 ], [ -74.2214397, 4.8132462 ], [ -74.221298, 4.8138156 ], [ -74.221052, 4.8137407 ], [ -74.2179144, 4.8128962 ], [ -74.2104286, 4.8079802 ] ] ] } },
{ "type": "Feature", "properties": { "id": 0, "layer": "MADRID OFICIAL — ESCOMBRERA MUNICIPAL", "clas_CIAF": "5b" }, "geometry": { "type": "Polygon", "coordinates": [ [ [ -74.2123505, 4.7975651 ], [ -74.2123404, 4.7973741 ], [ -74.2126027, 4.7971831 ], [ -74.2127541, 4.7970222 ], [ -74.2132383, 4.7966904 ], [ -74.213541, 4.7964592 ], [ -74.2137226, 4.7960973 ], [ -74.2140959, 4.795856 ], [ -74.2144389, 4.7955645 ], [ -74.2147718, 4.7953332 ], [ -74.2151653, 4.7952428 ], [ -74.2155385, 4.7951824 ], [ -74.2157938, 4.7951896 ], [ -74.2156949, 4.795283 ], [ -74.2153115, 4.7955343 ], [ -74.2148676, 4.795856 ], [ -74.2144944, 4.7963888 ], [ -74.2142422, 4.7969317 ], [ -74.2141715, 4.7970926 ], [ -74.2141581, 4.7971932 ], [ -74.2139899, 4.797168 ], [ -74.2139395, 4.7971881 ], [ -74.2138487, 4.7972082 ], [ -74.2137226, 4.7972635 ], [ -74.2136368, 4.7973188 ], [ -74.2135511, 4.7973942 ], [ -74.2134502, 4.7975148 ], [ -74.2133443, 4.7976958 ], [ -74.2132484, 4.7978265 ], [ -74.2131778, 4.7979722 ], [ -74.2130466, 4.7978868 ], [ -74.2123505, 4.7975651 ] ] ] } },
{ "type": "Feature", "properties": { "id": 0, "layer": "MADRID OFICIAL — PLANTA DE TRATAMIENTO", "clas_CIAF": "1a" }, "geometry": { "type": "Polygon", "coordinates": [ [ [ -74.2559587, 4.7224703 ], [ -74.2541024, 4.7239986 ], [ -74.2539814, 4.7244209 ], [ -74.2532146, 4.724823 ], [ -74.2528514, 4.7247024 ], [ -74.2526698, 4.7243605 ], [ -74.2527909, 4.7239382 ], [ -74.2531743, 4.7229931 ], [ -74.2522259, 4.720198 ], [ -74.2543647, 4.7194942 ], [ -74.2559587, 4.7224703 ] ] ] } },
{ "type": "Feature", "properties": { "id": 0, "layer": "MADRID OFICIAL — PUENTE DE PIEDRA", "clas_CIAF": "1a" }, "geometry": { "type": "Polygon", "coordinates": [ [ [ -74.2170569, 4.8182092 ], [ -74.2169056, 4.8180685 ], [ -74.2166533, 4.8178373 ], [ -74.2162901, 4.8175759 ], [ -74.216048, 4.8175055 ], [ -74.2159673, 4.8174854 ], [ -74.2153923, 4.8172844 ], [ -74.2150997, 4.8171537 ], [ -74.214908, 4.8169426 ], [ -74.2148475, 4.8168018 ], [ -74.2147668, 4.8165807 ], [ -74.2146154, 4.8162288 ], [ -74.2135763, 4.8146304 ], [ -74.2129306, 4.8134542 ], [ -74.2115687, 4.8114335 ], [ -74.210126, 4.8087392 ], [ -74.2098031, 4.8073972 ], [ -74.2104286, 4.8079802 ], [ -74.2179144, 4.8128962 ], [ -74.2196093, 4.8147962 ], [ -74.2185197, 4.8195212 ], [ -74.2170569, 4.8182092 ] ] ] } },
{ "type": "Feature", "properties": { "id": 0, "layer": "MADRID OFICIAL — VIVIENDA CAMPESTRE", "clas_CIAF": "1b" }, "geometry": { "type": "Polygon", "coordinates": [ [ [ -74.3286929, 4.7672474 ], [ -74.3283095, 4.76773 ], [ -74.3280876, 4.7679914 ], [ -74.3280271, 4.7681321 ], [ -74.3279463, 4.7683131 ], [ -74.3271191, 4.7693185 ], [ -74.3270384, 4.7698614 ], [ -74.3269577, 4.7700423 ], [ -74.3266752, 4.7702836 ], [ -74.3263725, 4.7704847 ], [ -74.3258681, 4.770726 ], [ -74.3259639, 4.7711633 ], [ -74.3250307, 4.7716459 ], [ -74.3249601, 4.7719525 ], [ -74.324496, 4.7721687 ], [ -74.3243447, 4.7724402 ], [ -74.3239916, 4.7731741 ], [ -74.3239411, 4.7737672 ], [ -74.3234872, 4.7744006 ], [ -74.3233413, 4.7744818 ], [ -74.3233459, 4.7744358 ], [ -74.3210961, 4.7722843 ], [ -74.3267861, 4.7668654 ], [ -74.3271493, 4.7666442 ], [ -74.3274722, 4.7665235 ], [ -74.328138, 4.766423 ], [ -74.3285416, 4.7664029 ], [ -74.3287433, 4.7663828 ], [ -74.3286929, 4.7672474 ] ] ] } },
{ "type": "Feature", "properties": { "id": 0, "layer": "MADRID OFICIAL — ZONA AGROPECUARIA - DISTRITO ADECUACION DE TIERRAS", "clas_CIAF": "2b" }, "geometry": { "type": "Polygon", "coordinates": [ [ [ -74.2736857, 4.6992933 ], [ -74.2781621, 4.7023164 ], [ -74.2790028, 4.7028248 ], [ -74.2791635, 4.7029158 ], [ -74.2794485, 4.7030772 ], [ -74.2798259, 4.7033004 ], [ -74.2803916, 4.7036202 ], [ -74.2806772, 4.7037868 ], [ -74.2809004, 4.7039298 ], [ -74.2815236, 4.7043246 ], [ -74.2820097, 4.7046574 ], [ -74.2827011, 4.7051144 ], [ -74.2829299, 4.7052862 ], [ -74.2832499, 4.7054867 ], [ -74.2835474, 4.7056929 ], [ -74.2840393, 4.7060935 ], [ -74.2842506, 4.7062709 ], [ -74.2845194, 4.7064653 ], [ -74.2848682, 4.7067342 ], [ -74.2856193, 4.7071892 ], [ -74.2857944, 4.7072946 ], [ -74.2859831, 4.7074098 ], [ -74.2864689, 4.7077476 ], [ -74.2867264, 4.708011 ], [ -74.2869552, 4.7083432 ], [ -74.2870569, 4.7084942 ], [ -74.2871968, 4.7087021 ], [ -74.287379, 4.7089727 ], [ -74.2876135, 4.7093626 ], [ -74.287951, 4.7098887 ], [ -74.2881343, 4.7102719 ], [ -74.2882074, 4.7104309 ], [ -74.2884181, 4.7108893 ], [ -74.2884375, 4.7109314 ], [ -74.2886269, 4.7112574 ], [ -74.289062, 4.7121271 ], [ -74.2894623, 4.7128606 ], [ -74.2896973, 4.71329 ], [ -74.2898802, 4.7135303 ], [ -74.2899718, 4.7136506 ], [ -74.2903317, 4.7138675 ], [ -74.2906805, 4.7140115 ], [ -74.2909323, 4.7140798 ], [ -74.2912749, 4.7141543 ], [ -74.2914557, 4.7142101 ], [ -74.2918867, 4.7143429 ], [ -74.292239, 4.7144859 ], [ -74.2924237, 4.7145609 ], [ -74.2925779, 4.7143258 ], [ -74.2928234, 4.7140906 ], [ -74.2932915, 4.7138785 ], [ -74.2934001, 4.7138715 ], [ -74.2937427, 4.7138495 ], [ -74.2940396, 4.713889 ], [ -74.294274, 4.7139522 ], [ -74.2943684, 4.713989 ], [ -74.2946402, 4.7140951 ], [ -74.2948684, 4.7141928 ], [ -74.2952346, 4.7143702 ], [ -74.295549, 4.7145362 ], [ -74.2959946, 4.7147305 ], [ -74.2964521, 4.714914 ], [ -74.2968347, 4.7150795 ], [ -74.2971609, 4.7152456 ], [ -74.2974922, 4.7154173 ], [ -74.2978523, 4.7156178 ], [ -74.298401, 4.7159494 ], [ -74.2987442, 4.7162184 ], [ -74.2989595, 4.7163451 ], [ -74.2990361, 4.7163901 ], [ -74.2993542, 4.7165419 ], [ -74.299435, 4.7165804 ], [ -74.3005841, 4.7179364 ], [ -74.3009877, 4.7185195 ], [ -74.3013711, 4.7192233 ], [ -74.3021782, 4.7199875 ], [ -74.3028155, 4.7208478 ], [ -74.3033805, 4.7214108 ], [ -74.3035621, 4.7218733 ], [ -74.304006, 4.7229391 ], [ -74.3050552, 4.7242663 ], [ -74.306064, 4.7253924 ], [ -74.3074966, 4.7275239 ], [ -74.3091714, 4.7302587 ], [ -74.3102004, 4.7318271 ], [ -74.310947, 4.7327521 ], [ -74.3127629, 4.7355673 ], [ -74.3137112, 4.7374173 ], [ -74.3160518, 4.7397699 ], [ -74.3177669, 4.740715 ], [ -74.3202487, 4.7423036 ], [ -74.322327, 4.7437715 ], [ -74.3232148, 4.7447568 ], [ -74.3237394, 4.7458024 ], [ -74.324264, 4.7472301 ], [ -74.3246474, 4.7485974 ], [ -74.3255251, 4.7514528 ], [ -74.325636, 4.7518248 ], [ -74.3257672, 4.7524381 ], [ -74.3258782, 4.7528905 ], [ -74.326201, 4.7538155 ], [ -74.3263523, 4.7547505 ], [ -74.3264129, 4.7553034 ], [ -74.326433, 4.7561882 ], [ -74.3264028, 4.7564094 ], [ -74.3263826, 4.7567613 ], [ -74.3265138, 4.7572237 ], [ -74.3267458, 4.7577968 ], [ -74.3269375, 4.7584302 ], [ -74.3272704, 4.7594658 ], [ -74.3273511, 4.7596869 ], [ -74.3273814, 4.7598679 ], [ -74.3273108, 4.7602902 ], [ -74.3275125, 4.7606923 ], [ -74.3280674, 4.7610141 ], [ -74.3283701, 4.7615167 ], [ -74.3285012, 4.7616977 ], [ -74.3284306, 4.7620295 ], [ -74.3284104, 4.762492 ], [ -74.3285718, 4.7628841 ], [ -74.3286122, 4.7631354 ], [ -74.3288644, 4.7642514 ], [ -74.3287232, 4.7642514 ], [ -74.3285617, 4.7644323 ], [ -74.3284407, 4.7650758 ], [ -74.3285416, 4.7654176 ], [ -74.3287433, 4.7663828 ], [ -74.3285416, 4.7664029 ], [ -74.328138, 4.766423 ], [ -74.3274722, 4.7665235 ], [ -74.3271493, 4.7666442 ], [ -74.3267861, 4.7668654 ], [ -74.3210961, 4.7722843 ], [ -74.3233459, 4.7744358 ], [ -74.3233257, 4.7746369 ], [ -74.3231341, 4.7749284 ], [ -74.3226296, 4.7753105 ], [ -74.3221353, 4.7757227 ], [ -74.3216712, 4.7758132 ], [ -74.3211668, 4.7759338 ], [ -74.3200267, 4.7762354 ], [ -74.3190986, 4.773541 ], [ -74.3165562, 4.7707662 ], [ -74.3136507, 4.7666643 ], [ -74.3111891, 4.7635677 ], [ -74.3095345, 4.7615167 ], [ -74.307194, 4.758581 ], [ -74.3058623, 4.757093 ], [ -74.2878238, 4.7467978 ], [ -74.2811249, 4.7422935 ], [ -74.2909512, 4.7353763 ], [ -74.2919601, 4.7334257 ], [ -74.2860078, 4.7284187 ], [ -74.2874807, 4.7268301 ], [ -74.2868502, 4.7264078 ], [ -74.2872537, 4.7262269 ], [ -74.2847719, 4.7246986 ], [ -74.2934684, 4.7196312 ], [ -74.2918945, 4.717198 ], [ -74.2866081, 4.7202344 ], [ -74.2855589, 4.7209986 ], [ -74.2831981, 4.7223861 ], [ -74.2803935, 4.7240953 ], [ -74.2737955, 4.7263475 ], [ -74.2729077, 4.7246584 ], [ -74.2731296, 4.7244573 ], [ -74.2727664, 4.7242763 ], [ -74.2724234, 4.7237334 ], [ -74.2719795, 4.7231301 ], [ -74.2714549, 4.7225872 ], [ -74.271233, 4.722185 ], [ -74.2707891, 4.721823 ], [ -74.269982, 4.7224866 ], [ -74.2698206, 4.7221046 ], [ -74.2697802, 4.721823 ], [ -74.26976, 4.7213203 ], [ -74.2695986, 4.7209785 ], [ -74.2696591, 4.7207171 ], [ -74.2698811, 4.720516 ], [ -74.2701837, 4.7203953 ], [ -74.2708294, 4.7204154 ], [ -74.2712733, 4.720335 ], [ -74.2716163, 4.7201138 ], [ -74.2716163, 4.7199127 ], [ -74.2715356, 4.7195507 ], [ -74.2715154, 4.7191084 ], [ -74.2716365, 4.718867 ], [ -74.2719392, 4.7186861 ], [ -74.2724436, 4.7187062 ], [ -74.2731296, 4.718867 ], [ -74.2732911, 4.7186861 ], [ -74.273513, 4.7184448 ], [ -74.2738964, 4.7178415 ], [ -74.2740174, 4.7178214 ], [ -74.2748649, 4.7177007 ], [ -74.2750061, 4.7176002 ], [ -74.2753491, 4.7170572 ], [ -74.2759545, 4.716273 ], [ -74.2762168, 4.7157502 ], [ -74.276358, 4.7151871 ], [ -74.2762168, 4.7149458 ], [ -74.27545, 4.7150463 ], [ -74.2749456, 4.7152675 ], [ -74.2739771, 4.715529 ], [ -74.2732507, 4.7154485 ], [ -74.2727866, 4.715167 ], [ -74.2726454, 4.715167 ], [ -74.2719795, 4.7154887 ], [ -74.2714146, 4.7157703 ], [ -74.2712531, 4.7156295 ], [ -74.2716163, 4.7151268 ], [ -74.2715558, 4.7149458 ], [ -74.2713742, 4.7145838 ], [ -74.2713742, 4.7145235 ], [ -74.2717778, 4.7142621 ], [ -74.2724638, 4.714805 ], [ -74.2724234, 4.7143224 ], [ -74.2723427, 4.71388 ], [ -74.2722217, 4.7135181 ], [ -74.2721409, 4.713317 ], [ -74.2719392, 4.7131159 ], [ -74.2719392, 4.712955 ], [ -74.2717778, 4.7127941 ], [ -74.2714751, 4.712593 ], [ -74.2713339, 4.7124121 ], [ -74.271576, 4.712211 ], [ -74.2717172, 4.7121506 ], [ -74.2720199, 4.7120702 ], [ -74.2724234, 4.7119495 ], [ -74.2727463, 4.7118691 ], [ -74.272827, 4.7118088 ], [ -74.2728068, 4.7116479 ], [ -74.2727261, 4.7114468 ], [ -74.2726252, 4.7112256 ], [ -74.272484, 4.7110446 ], [ -74.2723629, 4.7108636 ], [ -74.2723831, 4.7104816 ], [ -74.2725041, 4.7102403 ], [ -74.2726252, 4.7098783 ], [ -74.2726857, 4.7093957 ], [ -74.2726656, 4.7092147 ], [ -74.2724234, 4.7090337 ], [ -74.2722217, 4.7089131 ], [ -74.2717979, 4.7087522 ], [ -74.2715558, 4.7086315 ], [ -74.271011, 4.7084304 ], [ -74.2706882, 4.7080283 ], [ -74.2709707, 4.7079277 ], [ -74.271233, 4.7077467 ], [ -74.2713137, 4.7075456 ], [ -74.2713944, 4.7072641 ], [ -74.2715154, 4.7070228 ], [ -74.2720602, 4.7067413 ], [ -74.2722217, 4.7066407 ], [ -74.272605, 4.7065201 ], [ -74.2731498, 4.7063391 ], [ -74.2732709, 4.7061179 ], [ -74.2733718, 4.7057961 ], [ -74.2733314, 4.7055146 ], [ -74.2733112, 4.7050521 ], [ -74.272948, 4.7046298 ], [ -74.2727463, 4.7045896 ], [ -74.2722217, 4.7047504 ], [ -74.2717576, 4.7046901 ], [ -74.2714953, 4.7047504 ], [ -74.271011, 4.7048108 ], [ -74.2704057, 4.7047504 ], [ -74.269982, 4.7045695 ], [ -74.2696995, 4.7039863 ], [ -74.2692758, 4.7039461 ], [ -74.2689529, 4.7037852 ], [ -74.2686301, 4.7036243 ], [ -74.268509, 4.7034031 ], [ -74.268388, 4.7030613 ], [ -74.2682669, 4.7026792 ], [ -74.268166, 4.7024178 ], [ -74.2680853, 4.7020759 ], [ -74.2678634, 4.7012715 ], [ -74.2677221, 4.7009095 ], [ -74.2673993, 4.7002057 ], [ -74.267258, 4.699522 ], [ -74.2671168, 4.6993611 ], [ -74.266915, 4.6992002 ], [ -74.2664913, 4.6990595 ], [ -74.2664509, 4.6990595 ], [ -74.265664, 4.6992002 ], [ -74.265664, 4.6990595 ], [ -74.2655833, 4.6984964 ], [ -74.2654219, 4.6983355 ], [ -74.2650385, 4.6981546 ], [ -74.2646148, 4.6979736 ], [ -74.2643929, 4.697873 ], [ -74.2640498, 4.697692 ], [ -74.2638077, 4.6974909 ], [ -74.2634647, 4.6972496 ], [ -74.2631822, 4.6970485 ], [ -74.2630006, 4.6967469 ], [ -74.2627585, 4.6962441 ], [ -74.2625164, 4.6960028 ], [ -74.2622339, 4.695842 ], [ -74.261568, 4.6958017 ], [ -74.2610031, 4.6956006 ], [ -74.2604785, 4.695299 ], [ -74.2600346, 4.6950577 ], [ -74.2598731, 4.6950577 ], [ -74.2596815, 4.6950577 ], [ -74.2589349, 4.6949169 ], [ -74.258491, 4.6946052 ], [ -74.2580975, 4.6942734 ], [ -74.2577243, 4.6940723 ], [ -74.2570584, 4.6937103 ], [ -74.2568667, 4.6936098 ], [ -74.2567154, 4.6935293 ], [ -74.2564127, 4.6933785 ], [ -74.2561302, 4.6931875 ], [ -74.2557166, 4.6928557 ], [ -74.2549393, 4.6921181 ], [ -74.255013, 4.6917925 ], [ -74.2550417, 4.6915455 ], [ -74.2550698, 4.691173 ], [ -74.2550641, 4.6909509 ], [ -74.2548866, 4.690635 ], [ -74.2546283, 4.6904862 ], [ -74.2542891, 4.6901661 ], [ -74.2540797, 4.6897417 ], [ -74.2540453, 4.6895133 ], [ -74.2540165, 4.6892556 ], [ -74.2539933, 4.6887345 ], [ -74.2540157, 4.6884649 ], [ -74.2541813, 4.688288 ], [ -74.2547299, 4.6881555 ], [ -74.2549468, 4.6880233 ], [ -74.2554996, 4.6866486 ], [ -74.2556775, 4.6864208 ], [ -74.2563973, 4.6855858 ], [ -74.2567283, 4.6848827 ], [ -74.2565116, 4.6833233 ], [ -74.2570261, 4.6832234 ], [ -74.2573099, 4.6831683 ], [ -74.2574164, 4.6831476 ], [ -74.2575373, 4.6831241 ], [ -74.2577233, 4.6834496 ], [ -74.2578124, 4.6837204 ], [ -74.257884, 4.6839616 ], [ -74.2580156, 4.6843933 ], [ -74.2580559, 4.6845257 ], [ -74.2581328, 4.6847228 ], [ -74.2581681, 4.6848133 ], [ -74.2581939, 4.6848945 ], [ -74.2582448, 4.6850546 ], [ -74.2582784, 4.6851319 ], [ -74.2583699, 4.6853423 ], [ -74.2584455, 4.6855898 ], [ -74.2584947, 4.6857397 ], [ -74.2585497, 4.6859074 ], [ -74.2585653, 4.6859383 ], [ -74.258629, 4.6860644 ], [ -74.2586872, 4.6861798 ], [ -74.2587955, 4.6864516 ], [ -74.258813, 4.6864909 ], [ -74.2588883, 4.686659 ], [ -74.2588986, 4.6866822 ], [ -74.2591506, 4.6870546 ], [ -74.2593906, 4.6873643 ], [ -74.2594971, 4.6875188 ], [ -74.2596938, 4.6878044 ], [ -74.2599, 4.6880791 ], [ -74.2603001, 4.6885035 ], [ -74.2604719, 4.6886803 ], [ -74.2607519, 4.6889261 ], [ -74.2609064, 4.6890633 ], [ -74.261152, 4.6892815 ], [ -74.2615007, 4.6895273 ], [ -74.262067, 4.6899278 ], [ -74.2625414, 4.6902369 ], [ -74.2628121, 4.690386 ], [ -74.2629588, 4.6904667 ], [ -74.263822, 4.6911075 ], [ -74.2639491, 4.6920581 ], [ -74.2640859, 4.6922468 ], [ -74.2662985, 4.69393 ], [ -74.2685686, 4.6955729 ], [ -74.2687974, 4.6957334 ], [ -74.2703524, 4.6969068 ], [ -74.2705325, 4.6970117 ], [ -74.2723938, 4.6983549 ], [ -74.2736857, 4.6992933 ] ] ] } },
{ "type": "Feature", "properties": { "id": 0, "layer": "MADRID OFICIAL — ZONA AGROPECUARIA - DISTRITO ADECUACION DE TIERRAS", "clas_CIAF": "2b" }, "geometry": { "type": "Polygon", "coordinates": [ [ [ -74.2290169, 4.744034 ], [ -74.2289697, 4.7439962 ], [ -74.2288183, 4.7438751 ], [ -74.2287673, 4.7438342 ], [ -74.2287205, 4.7437968 ], [ -74.2278205, 4.743075 ], [ -74.2277239, 4.7429968 ], [ -74.2277096, 4.7429851 ], [ -74.2276165, 4.7429105 ], [ -74.227318, 4.7426712 ], [ -74.2272741, 4.742636 ], [ -74.2272301, 4.7426008 ], [ -74.2271473, 4.7425344 ], [ -74.227132, 4.7425248 ], [ -74.2270506, 4.7424739 ], [ -74.2270809, 4.7424439 ], [ -74.2280655, 4.7414087 ], [ -74.2284022, 4.741045 ], [ -74.2284731, 4.7409721 ], [ -74.2291393, 4.7402865 ], [ -74.2295666, 4.7398623 ], [ -74.2301086, 4.7392756 ], [ -74.2303762, 4.7390071 ], [ -74.2311235, 4.7382188 ], [ -74.2315746, 4.7377522 ], [ -74.2318774, 4.7374298 ], [ -74.2321818, 4.737116 ], [ -74.2322799, 4.7370122 ], [ -74.2322394, 4.7369858 ], [ -74.2325993, 4.7366602 ], [ -74.2337635, 4.7356516 ], [ -74.2353779, 4.7386099 ], [ -74.23562, 4.7391328 ], [ -74.2360236, 4.7399974 ], [ -74.2364473, 4.7413447 ], [ -74.2366692, 4.7419278 ], [ -74.2369921, 4.7431745 ], [ -74.2371131, 4.7437778 ], [ -74.2373754, 4.7442202 ], [ -74.2382027, 4.7461505 ], [ -74.2367701, 4.7463516 ], [ -74.2382027, 4.7489858 ], [ -74.2388484, 4.748463 ], [ -74.2407047, 4.7509966 ], [ -74.2389395, 4.7518264 ], [ -74.2356884, 4.7492946 ], [ -74.2350907, 4.7488442 ], [ -74.2290169, 4.744034 ] ] ] } },
{ "type": "Feature", "properties": { "id": 0, "layer": "MADRID OFICIAL — ZONA AGROPECUARIA INTENSIVA", "clas_CIAF": "2b" }, "geometry": { "type": "Polygon", "coordinates": [ [ [ -74.2604589, 4.7249439 ], [ -74.2604596, 4.7248541 ], [ -74.2604587, 4.7247643 ], [ -74.2604563, 4.7246745 ], [ -74.2604524, 4.7245847 ], [ -74.2604471, 4.7244951 ], [ -74.2604402, 4.7244055 ], [ -74.2604319, 4.7243161 ], [ -74.2604221, 4.7242268 ], [ -74.2604108, 4.7241377 ], [ -74.260398, 4.7240488 ], [ -74.2603838, 4.7239601 ], [ -74.260368, 4.7238717 ], [ -74.2603508, 4.7237835 ], [ -74.2603322, 4.7236957 ], [ -74.26033, 4.7236854 ], [ -74.2603276, 4.7236751 ], [ -74.260325, 4.7236649 ], [ -74.2603222, 4.7236547 ], [ -74.2603193, 4.7236445 ], [ -74.2603162, 4.7236344 ], [ -74.2603129, 4.7236244 ], [ -74.2603094, 4.7236144 ], [ -74.2603058, 4.7236045 ], [ -74.260302, 4.7235947 ], [ -74.260298, 4.7235849 ], [ -74.2602939, 4.7235752 ], [ -74.2602896, 4.7235655 ], [ -74.2602851, 4.723556 ], [ -74.2602805, 4.7235465 ], [ -74.2602757, 4.7235371 ], [ -74.2602707, 4.7235278 ], [ -74.2602656, 4.7235185 ], [ -74.2602603, 4.7235094 ], [ -74.2602549, 4.7235004 ], [ -74.2602493, 4.7234914 ], [ -74.2602435, 4.7234825 ], [ -74.2602376, 4.7234738 ], [ -74.2602316, 4.7234651 ], [ -74.2602253, 4.7234566 ], [ -74.260219, 4.7234481 ], [ -74.2602125, 4.7234398 ], [ -74.2602059, 4.7234316 ], [ -74.2601991, 4.7234235 ], [ -74.2601921, 4.7234155 ], [ -74.2601851, 4.7234077 ], [ -74.2601779, 4.7233999 ], [ -74.2601706, 4.7233923 ], [ -74.2601631, 4.7233848 ], [ -74.2601555, 4.7233775 ], [ -74.2601478, 4.7233703 ], [ -74.2601399, 4.7233632 ], [ -74.260132, 4.7233562 ], [ -74.2601239, 4.7233494 ], [ -74.2601157, 4.7233427 ], [ -74.2601074, 4.7233362 ], [ -74.260099, 4.7233298 ], [ -74.2600904, 4.7233236 ], [ -74.2600818, 4.7233175 ], [ -74.260073, 4.7233115 ], [ -74.2600642, 4.7233057 ], [ -74.2600552, 4.7233001 ], [ -74.2600462, 4.7232946 ], [ -74.2600371, 4.7232893 ], [ -74.2600278, 4.7232841 ], [ -74.2600185, 4.7232791 ], [ -74.2600091, 4.7232743 ], [ -74.2599996, 4.7232696 ], [ -74.25999, 4.7232651 ], [ -74.2599804, 4.7232607 ], [ -74.2599707, 4.7232565 ], [ -74.2599609, 4.7232525 ], [ -74.259951, 4.7232486 ], [ -74.2599411, 4.723245 ], [ -74.2599311, 4.7232415 ], [ -74.2599211, 4.7232381 ], [ -74.259911, 4.723235 ], [ -74.2599008, 4.723232 ], [ -74.2598906, 4.7232292 ], [ -74.2598804, 4.7232265 ], [ -74.2598701, 4.7232241 ], [ -74.2598598, 4.7232218 ], [ -74.2598494, 4.7232197 ], [ -74.259839, 4.7232178 ], [ -74.2598285, 4.723216 ], [ -74.2598181, 4.7232145 ], [ -74.2598076, 4.7232131 ], [ -74.2595179, 4.7230809 ], [ -74.2592262, 4.722953 ], [ -74.2589326, 4.7228295 ], [ -74.2586373, 4.7227104 ], [ -74.2585443, 4.7227 ], [ -74.2584511, 4.7226911 ], [ -74.2583578, 4.7226838 ], [ -74.2582643, 4.7226781 ], [ -74.2581708, 4.7226739 ], [ -74.2580772, 4.7226712 ], [ -74.2579836, 4.7226702 ], [ -74.25789, 4.7226706 ], [ -74.2577965, 4.7226727 ], [ -74.2577029, 4.7226763 ], [ -74.2576095, 4.7226814 ], [ -74.2575161, 4.7226881 ], [ -74.2574229, 4.7226964 ], [ -74.2573298, 4.7227062 ], [ -74.2572369, 4.7227176 ], [ -74.2571442, 4.7227305 ], [ -74.257136, 4.7227287 ], [ -74.2571279, 4.722727 ], [ -74.2571197, 4.7227255 ], [ -74.2571115, 4.7227241 ], [ -74.2571032, 4.7227229 ], [ -74.257095, 4.7227218 ], [ -74.2570867, 4.7227208 ], [ -74.2570784, 4.72272 ], [ -74.2570701, 4.7227193 ], [ -74.2570618, 4.7227188 ], [ -74.2570535, 4.7227184 ], [ -74.2570451, 4.7227182 ], [ -74.2570368, 4.7227181 ], [ -74.2570285, 4.7227181 ], [ -74.2570201, 4.7227183 ], [ -74.2570118, 4.7227187 ], [ -74.2570035, 4.7227192 ], [ -74.2569952, 4.7227198 ], [ -74.2569869, 4.7227206 ], [ -74.2569786, 4.7227215 ], [ -74.2569703, 4.7227225 ], [ -74.2569621, 4.7227237 ], [ -74.2569539, 4.7227251 ], [ -74.2569457, 4.7227266 ], [ -74.2569375, 4.7227282 ], [ -74.2569294, 4.7227299 ], [ -74.2569213, 4.7227318 ], [ -74.2569132, 4.7227339 ], [ -74.2569051, 4.7227361 ], [ -74.2568972, 4.7227384 ], [ -74.2568892, 4.7227408 ], [ -74.2568813, 4.7227434 ], [ -74.2568734, 4.7227462 ], [ -74.2568656, 4.722749 ], [ -74.2568578, 4.722752 ], [ -74.2568501, 4.7227552 ], [ -74.2568425, 4.7227584 ], [ -74.2568349, 4.7227618 ], [ -74.2568273, 4.7227654 ], [ -74.2568198, 4.722769 ], [ -74.2568124, 4.7227728 ], [ -74.2568051, 4.7227767 ], [ -74.2567978, 4.7227808 ], [ -74.2567906, 4.722785 ], [ -74.2567835, 4.7227892 ], [ -74.2567764, 4.7227937 ], [ -74.2567694, 4.7227982 ], [ -74.2567625, 4.7228028 ], [ -74.2567557, 4.7228076 ], [ -74.256749, 4.7228125 ], [ -74.2567423, 4.7228175 ], [ -74.2567358, 4.7228226 ], [ -74.2567293, 4.7228279 ], [ -74.2567229, 4.7228332 ], [ -74.2567166, 4.7228387 ], [ -74.2567105, 4.7228442 ], [ -74.2567044, 4.7228499 ], [ -74.2566984, 4.7228557 ], [ -74.2566925, 4.7228615 ], [ -74.2566867, 4.7228675 ], [ -74.256681, 4.7228736 ], [ -74.2566754, 4.7228797 ], [ -74.25667, 4.722886 ], [ -74.2566646, 4.7228924 ], [ -74.2566594, 4.7228988 ], [ -74.2566542, 4.7229054 ], [ -74.2566492, 4.722912 ], [ -74.2566443, 4.7229187 ], [ -74.2566395, 4.7229255 ], [ -74.2566349, 4.7229324 ], [ -74.2566303, 4.7229393 ], [ -74.2566259, 4.7229464 ], [ -74.2566216, 4.7229535 ], [ -74.2566174, 4.7229606 ], [ -74.2566133, 4.7229679 ], [ -74.2566094, 4.7229752 ], [ -74.2566056, 4.7229826 ], [ -74.256602, 4.7229901 ], [ -74.2565984, 4.7229976 ], [ -74.256595, 4.7230052 ], [ -74.2565917, 4.7230128 ], [ -74.2565886, 4.7230205 ], [ -74.2565856, 4.7230282 ], [ -74.2565827, 4.723036 ], [ -74.25658, 4.7230439 ], [ -74.2565774, 4.7230518 ], [ -74.2565749, 4.7230597 ], [ -74.2565726, 4.7230677 ], [ -74.2565704, 4.7230757 ], [ -74.2565683, 4.7230837 ], [ -74.2565664, 4.7230918 ], [ -74.2565647, 4.7230999 ], [ -74.256563, 4.7231081 ], [ -74.2565616, 4.7231162 ], [ -74.2565602, 4.7231244 ], [ -74.256559, 4.7231326 ], [ -74.2565648, 4.7231406 ], [ -74.2565705, 4.7231486 ], [ -74.2565761, 4.7231568 ], [ -74.2565815, 4.723165 ], [ -74.2565868, 4.7231733 ], [ -74.2565919, 4.7231818 ], [ -74.2565969, 4.7231903 ], [ -74.2566017, 4.7231989 ], [ -74.2566064, 4.7232075 ], [ -74.2566109, 4.7232163 ], [ -74.2566152, 4.7232251 ], [ -74.2566195, 4.723234 ], [ -74.2566235, 4.723243 ], [ -74.2566274, 4.7232521 ], [ -74.2566312, 4.7232612 ], [ -74.2566347, 4.7232704 ], [ -74.2566382, 4.7232796 ], [ -74.2566414, 4.7232889 ], [ -74.2566445, 4.7232983 ], [ -74.2566474, 4.7233077 ], [ -74.2566502, 4.7233171 ], [ -74.2566528, 4.7233266 ], [ -74.2566553, 4.7233361 ], [ -74.2566575, 4.7233457 ], [ -74.2566596, 4.7233554 ], [ -74.2566616, 4.723365 ], [ -74.2566633, 4.7233747 ], [ -74.2566649, 4.7233844 ], [ -74.2566664, 4.7233942 ], [ -74.2566676, 4.7234039 ], [ -74.2566687, 4.7234137 ], [ -74.2566696, 4.7234235 ], [ -74.2566704, 4.7234333 ], [ -74.2566709, 4.7234432 ], [ -74.2566713, 4.723453 ], [ -74.2566716, 4.7234629 ], [ -74.2566716, 4.7234727 ], [ -74.2566715, 4.7234825 ], [ -74.2566712, 4.7234924 ], [ -74.2566708, 4.7235022 ], [ -74.2566701, 4.7235121 ], [ -74.2566693, 4.7235219 ], [ -74.2566684, 4.7235317 ], [ -74.2566672, 4.7235415 ], [ -74.2566659, 4.7235512 ], [ -74.2566644, 4.7235609 ], [ -74.2566628, 4.7235707 ], [ -74.256661, 4.7235803 ], [ -74.256659, 4.72359 ], [ -74.2566568, 4.7235996 ], [ -74.2566545, 4.7236092 ], [ -74.256652, 4.7236187 ], [ -74.2566493, 4.7236282 ], [ -74.2566465, 4.7236376 ], [ -74.2566435, 4.723647 ], [ -74.2566404, 4.7236563 ], [ -74.2566371, 4.7236656 ], [ -74.2566336, 4.7236748 ], [ -74.25663, 4.723684 ], [ -74.2566262, 4.7236931 ], [ -74.2566222, 4.7237021 ], [ -74.2566181, 4.7237111 ], [ -74.2566139, 4.7237199 ], [ -74.2566094, 4.7237288 ], [ -74.2566049, 4.7237375 ], [ -74.2566002, 4.7237461 ], [ -74.2565953, 4.7237547 ], [ -74.2565903, 4.7237632 ], [ -74.2565851, 4.7237716 ], [ -74.2565798, 4.7237799 ], [ -74.2565743, 4.7237881 ], [ -74.2565687, 4.7237962 ], [ -74.256563, 4.7238042 ], [ -74.2565571, 4.7238121 ], [ -74.2565511, 4.7238199 ], [ -74.2565449, 4.7238276 ], [ -74.2565387, 4.7238352 ], [ -74.2565322, 4.7238427 ], [ -74.2565257, 4.7238501 ], [ -74.256519, 4.7238574 ], [ -74.2565122, 4.7238645 ], [ -74.2565053, 4.7238715 ], [ -74.2564983, 4.7238785 ], [ -74.2564911, 4.7238852 ], [ -74.2564838, 4.7238919 ], [ -74.2564764, 4.7238984 ], [ -74.2564689, 4.7239048 ], [ -74.2564613, 4.7239111 ], [ -74.2564536, 4.7239172 ], [ -74.2564457, 4.7239232 ], [ -74.2564378, 4.7239291 ], [ -74.2564297, 4.7239348 ], [ -74.2564216, 4.7239404 ], [ -74.2564134, 4.7239459 ], [ -74.2564051, 4.7239512 ], [ -74.2563966, 4.7239563 ], [ -74.2563881, 4.7239613 ], [ -74.2563795, 4.7239662 ], [ -74.2563709, 4.7239709 ], [ -74.2563621, 4.7239755 ], [ -74.2563533, 4.7239799 ], [ -74.2563444, 4.7239841 ], [ -74.2563354, 4.7239882 ], [ -74.2563263, 4.7239922 ], [ -74.2563172, 4.723996 ], [ -74.256308, 4.7239996 ], [ -74.2562988, 4.7240031 ], [ -74.2562895, 4.7240064 ], [ -74.2562801, 4.7240095 ], [ -74.2562707, 4.7240125 ], [ -74.2562612, 4.7240153 ], [ -74.2562517, 4.724018 ], [ -74.2562421, 4.7240205 ], [ -74.2562325, 4.7240228 ], [ -74.2562229, 4.7240249 ], [ -74.2562132, 4.7240269 ], [ -74.2562035, 4.7240288 ], [ -74.2561938, 4.7240304 ], [ -74.256184, 4.7240319 ], [ -74.2561742, 4.7240332 ], [ -74.2561644, 4.7240344 ], [ -74.2561546, 4.7240353 ], [ -74.2561447, 4.7240361 ], [ -74.2561349, 4.7240368 ], [ -74.256125, 4.7240372 ], [ -74.2561151, 4.7240375 ], [ -74.2561001, 4.7240389 ], [ -74.2560852, 4.7240405 ], [ -74.2560703, 4.7240424 ], [ -74.2560554, 4.7240445 ], [ -74.2560405, 4.7240469 ], [ -74.2560257, 4.7240495 ], [ -74.256011, 4.7240524 ], [ -74.2559963, 4.7240556 ], [ -74.2559817, 4.724059 ], [ -74.2559671, 4.7240627 ], [ -74.2559526, 4.7240666 ], [ -74.2559381, 4.7240708 ], [ -74.2559238, 4.7240752 ], [ -74.2559095, 4.7240799 ], [ -74.2558953, 4.7240848 ], [ -74.2558812, 4.72409 ], [ -74.2558671, 4.7240954 ], [ -74.2558532, 4.724101 ], [ -74.2558394, 4.7241069 ], [ -74.2558257, 4.7241131 ], [ -74.2558121, 4.7241194 ], [ -74.2557986, 4.724126 ], [ -74.2557852, 4.7241329 ], [ -74.2557719, 4.7241399 ], [ -74.2557588, 4.7241472 ], [ -74.2557458, 4.7241548 ], [ -74.2557329, 4.7241625 ], [ -74.2557202, 4.7241705 ], [ -74.2557076, 4.7241787 ], [ -74.2556952, 4.7241871 ], [ -74.2556829, 4.7241957 ], [ -74.2556707, 4.7242046 ], [ -74.2556587, 4.7242136 ], [ -74.2556469, 4.7242229 ], [ -74.2556352, 4.7242323 ], [ -74.2556237, 4.724242 ], [ -74.2556124, 4.7242518 ], [ -74.2556013, 4.7242619 ], [ -74.2555903, 4.7242721 ], [ -74.2555795, 4.7242826 ], [ -74.2555689, 4.7242932 ], [ -74.2555585, 4.724304 ], [ -74.2555482, 4.724315 ], [ -74.2555382, 4.7243261 ], [ -74.2555284, 4.7243375 ], [ -74.2555187, 4.724349 ], [ -74.2555093, 4.7243606 ], [ -74.2555001, 4.7243724 ], [ -74.255491, 4.7243844 ], [ -74.2554822, 4.7243966 ], [ -74.2554736, 4.7244089 ], [ -74.2554652, 4.7244213 ], [ -74.2554571, 4.7244339 ], [ -74.2554491, 4.7244466 ], [ -74.2554414, 4.7244595 ], [ -74.2554339, 4.7244725 ], [ -74.2554267, 4.7244856 ], [ -74.2554196, 4.7244988 ], [ -74.2554128, 4.7245122 ], [ -74.2554062, 4.7245257 ], [ -74.2553999, 4.7245393 ], [ -74.2553938, 4.724553 ], [ -74.255388, 4.7245668 ], [ -74.2553824, 4.7245807 ], [ -74.255377, 4.7245947 ], [ -74.2553719, 4.7246088 ], [ -74.255367, 4.7246229 ], [ -74.2553624, 4.7246372 ], [ -74.255358, 4.7246515 ], [ -74.2553539, 4.7246659 ], [ -74.25535, 4.7246804 ], [ -74.2553464, 4.724695 ], [ -74.255343, 4.7247096 ], [ -74.2553399, 4.7247242 ], [ -74.2553371, 4.7247389 ], [ -74.2553345, 4.7247537 ], [ -74.2553322, 4.7247685 ], [ -74.2553301, 4.7247834 ], [ -74.2553283, 4.7247982 ], [ -74.2553267, 4.7248131 ], [ -74.2553254, 4.7248281 ], [ -74.2553244, 4.724843 ], [ -74.2553236, 4.724858 ], [ -74.2553231, 4.724873 ], [ -74.2553229, 4.7248879 ], [ -74.2553229, 4.7249029 ], [ -74.2553232, 4.7249179 ], [ -74.2553237, 4.7249329 ], [ -74.2553245, 4.7249478 ], [ -74.2553256, 4.7249628 ], [ -74.2553269, 4.7249777 ], [ -74.2553285, 4.7249926 ], [ -74.2553304, 4.7250075 ], [ -74.2553325, 4.7250223 ], [ -74.2553348, 4.7250371 ], [ -74.2553375, 4.7250519 ], [ -74.2553403, 4.7250666 ], [ -74.2553435, 4.7250812 ], [ -74.2553469, 4.7250958 ], [ -74.2553505, 4.7251104 ], [ -74.2553544, 4.7251249 ], [ -74.2553586, 4.7251393 ], [ -74.255363, 4.7251536 ], [ -74.2553676, 4.7251678 ], [ -74.2553725, 4.725182 ], [ -74.2553777, 4.7251961 ], [ -74.2553831, 4.7252101 ], [ -74.2553887, 4.7252239 ], [ -74.2553807, 4.7252348 ], [ -74.2553725, 4.7252455 ], [ -74.2553641, 4.7252561 ], [ -74.2553555, 4.7252665 ], [ -74.2553468, 4.7252768 ], [ -74.2553379, 4.7252869 ], [ -74.2553287, 4.7252969 ], [ -74.2553195, 4.7253067 ], [ -74.25531, 4.7253163 ], [ -74.2553004, 4.7253258 ], [ -74.2552906, 4.7253351 ], [ -74.2552807, 4.7253442 ], [ -74.2552706, 4.7253532 ], [ -74.2552604, 4.725362 ], [ -74.25525, 4.7253706 ], [ -74.2552394, 4.7253791 ], [ -74.2552287, 4.7253873 ], [ -74.2552179, 4.7253954 ], [ -74.2552069, 4.7254033 ], [ -74.2551958, 4.725411 ], [ -74.2551846, 4.7254185 ], [ -74.2551732, 4.7254258 ], [ -74.2551617, 4.7254329 ], [ -74.2551501, 4.7254398 ], [ -74.2551384, 4.7254465 ], [ -74.2551265, 4.725453 ], [ -74.2551146, 4.7254593 ], [ -74.2551025, 4.7254654 ], [ -74.2550903, 4.7254712 ], [ -74.2550781, 4.7254769 ], [ -74.2550657, 4.7254824 ], [ -74.2550532, 4.7254876 ], [ -74.2550407, 4.7254926 ], [ -74.2550281, 4.7254974 ], [ -74.2550153, 4.725502 ], [ -74.2550026, 4.7255064 ], [ -74.2549897, 4.7255106 ], [ -74.2549768, 4.7255145 ], [ -74.2549637, 4.7255182 ], [ -74.2549507, 4.7255217 ], [ -74.2549376, 4.7255249 ], [ -74.2549244, 4.7255279 ], [ -74.2549112, 4.7255307 ], [ -74.2548979, 4.7255333 ], [ -74.2548846, 4.7255357 ], [ -74.2548712, 4.7255378 ], [ -74.2548578, 4.7255397 ], [ -74.2548444, 4.7255413 ], [ -74.2548309, 4.7255427 ], [ -74.2548175, 4.7255439 ], [ -74.254804, 4.7255449 ], [ -74.2547905, 4.7255456 ], [ -74.254777, 4.7255461 ], [ -74.2547634, 4.7255463 ], [ -74.2547499, 4.7255463 ], [ -74.2547364, 4.7255461 ], [ -74.2547229, 4.7255457 ], [ -74.2542184, 4.7260082 ], [ -74.2534719, 4.7267723 ], [ -74.252463, 4.725787 ], [ -74.2513936, 4.7247614 ], [ -74.2505664, 4.7240375 ], [ -74.2495978, 4.7232533 ], [ -74.2486605, 4.72234 ], [ -74.2491875, 4.7218929 ], [ -74.2493457, 4.7217586 ], [ -74.2494992, 4.7216285 ], [ -74.2493969, 4.7215427 ], [ -74.2493096, 4.7214694 ], [ -74.2488957, 4.7211222 ], [ -74.2483581, 4.7207335 ], [ -74.2481582, 4.7205617 ], [ -74.2479694, 4.7203956 ], [ -74.2472887, 4.7196802 ], [ -74.2474035, 4.719581 ], [ -74.2476993, 4.7193252 ], [ -74.248561, 4.7187784 ], [ -74.2490128, 4.7184658 ], [ -74.2493952, 4.718208 ], [ -74.249892, 4.7178348 ], [ -74.2505769, 4.7173825 ], [ -74.2507999, 4.7172107 ], [ -74.2513248, 4.7168092 ], [ -74.2513731, 4.7167774 ], [ -74.2517286, 4.716543 ], [ -74.2519138, 4.7164319 ], [ -74.2522616, 4.7162246 ], [ -74.2523866, 4.7159962 ], [ -74.2523353, 4.7157317 ], [ -74.2522851, 4.7154319 ], [ -74.2522721, 4.7153542 ], [ -74.2522545, 4.7151372 ], [ -74.2524363, 4.7143007 ], [ -74.2528692, 4.7129944 ], [ -74.2531694, 4.7103141 ], [ -74.2533734, 4.708831 ], [ -74.2528582, 4.7074053 ], [ -74.2523482, 4.7062077 ], [ -74.2515585, 4.704553 ], [ -74.2515066, 4.7042451 ], [ -74.2514603, 4.7037629 ], [ -74.2515058, 4.7034589 ], [ -74.2516083, 4.7032192 ], [ -74.2517164, 4.7030067 ], [ -74.2516133, 4.7026806 ], [ -74.2512244, 4.7024003 ], [ -74.2512449, 4.7021852 ], [ -74.2512588, 4.7020392 ], [ -74.2513436, 4.7019321 ], [ -74.2514581, 4.7017876 ], [ -74.2516749, 4.7015292 ], [ -74.2520172, 4.7008764 ], [ -74.2521772, 4.70067 ], [ -74.2525421, 4.70028 ], [ -74.2528452, 4.7000352 ], [ -74.2530219, 4.6998 ], [ -74.2531757, 4.699484 ], [ -74.2533125, 4.6991986 ], [ -74.2537118, 4.6987622 ], [ -74.2538892, 4.6986197 ], [ -74.2539173, 4.6983959 ], [ -74.2539173, 4.6981382 ], [ -74.2542197, 4.6978515 ], [ -74.2544935, 4.6976746 ], [ -74.2546933, 4.6975541 ], [ -74.2549158, 4.6974336 ], [ -74.2552014, 4.6970385 ], [ -74.2551325, 4.6967119 ], [ -74.2550222, 4.696548 ], [ -74.2549438, 4.6964316 ], [ -74.2548293, 4.6962986 ], [ -74.2547663, 4.6962254 ], [ -74.2545206, 4.6959218 ], [ -74.2544633, 4.6958593 ], [ -74.2541374, 4.6955043 ], [ -74.2540187, 4.6953209 ], [ -74.253748, 4.6949031 ], [ -74.2537115, 4.6947172 ], [ -74.2536736, 4.6945238 ], [ -74.2535242, 4.6939406 ], [ -74.253781, 4.6937172 ], [ -74.2539697, 4.6934991 ], [ -74.2541977, 4.6932876 ], [ -74.2544889, 4.6929202 ], [ -74.2547113, 4.6926172 ], [ -74.2548369, 4.692382 ], [ -74.2549393, 4.6921181 ], [ -74.2557166, 4.6928557 ], [ -74.2561302, 4.6931875 ], [ -74.2564127, 4.6933785 ], [ -74.2567154, 4.6935293 ], [ -74.2568667, 4.6936098 ], [ -74.2568819, 4.6945373 ], [ -74.2569827, 4.6952613 ], [ -74.2570836, 4.6953618 ], [ -74.2574266, 4.6956434 ], [ -74.2576082, 4.6958042 ], [ -74.2578705, 4.6960456 ], [ -74.2581127, 4.6964478 ], [ -74.2578705, 4.6965282 ], [ -74.2579311, 4.696669 ], [ -74.2582539, 4.6972924 ], [ -74.2584759, 4.6977348 ], [ -74.2585767, 4.6978956 ], [ -74.2588391, 4.6982576 ], [ -74.2587785, 4.6984386 ], [ -74.2586776, 4.6984989 ], [ -74.2587583, 4.6988006 ], [ -74.259061, 4.6989212 ], [ -74.2591014, 4.6989011 ], [ -74.2595856, 4.6989413 ], [ -74.2598277, 4.6989816 ], [ -74.2600497, 4.6991625 ], [ -74.2601506, 4.6989816 ], [ -74.2601909, 4.6989614 ], [ -74.2604532, 4.6990017 ], [ -74.2606752, 4.6991022 ], [ -74.2607155, 4.6991625 ], [ -74.2608568, 4.6993234 ], [ -74.2609375, 4.6993837 ], [ -74.2610384, 4.6994039 ], [ -74.2610989, 4.6995446 ], [ -74.2609577, 4.6997457 ], [ -74.260655, 4.6997457 ], [ -74.2605339, 4.6996854 ], [ -74.2603322, 4.6997256 ], [ -74.2600295, 4.6998463 ], [ -74.2596058, 4.7000272 ], [ -74.2595453, 4.7001077 ], [ -74.2593838, 4.7002887 ], [ -74.2591014, 4.7004898 ], [ -74.2588794, 4.7007914 ], [ -74.2587583, 4.7010528 ], [ -74.2586171, 4.7013545 ], [ -74.2585162, 4.7015153 ], [ -74.2583952, 4.7017768 ], [ -74.2582136, 4.7020784 ], [ -74.2581934, 4.7020985 ], [ -74.2580925, 4.7025007 ], [ -74.2580723, 4.7027822 ], [ -74.2579512, 4.7032448 ], [ -74.2577898, 4.7033051 ], [ -74.2576688, 4.703285 ], [ -74.2576486, 4.7037073 ], [ -74.2576082, 4.7038883 ], [ -74.2574266, 4.7040692 ], [ -74.2572854, 4.7043105 ], [ -74.2571845, 4.704572 ], [ -74.2570836, 4.7049138 ], [ -74.2570231, 4.705135 ], [ -74.256902, 4.7056981 ], [ -74.2568819, 4.7063617 ], [ -74.2568617, 4.7066633 ], [ -74.2568415, 4.7071057 ], [ -74.2567406, 4.7076286 ], [ -74.2566599, 4.7081112 ], [ -74.2566397, 4.7083927 ], [ -74.2566801, 4.7088754 ], [ -74.2566801, 4.7091167 ], [ -74.2566599, 4.7095993 ], [ -74.2565792, 4.7100417 ], [ -74.2565792, 4.7103835 ], [ -74.2565187, 4.7105243 ], [ -74.2564985, 4.7107053 ], [ -74.2565792, 4.7112683 ], [ -74.2567608, 4.7114493 ], [ -74.256781, 4.71157 ], [ -74.2568617, 4.7117912 ], [ -74.2569424, 4.7118716 ], [ -74.2569827, 4.7121531 ], [ -74.2569626, 4.7123341 ], [ -74.2569626, 4.7124749 ], [ -74.2571038, 4.7128167 ], [ -74.2572047, 4.7130178 ], [ -74.2572249, 4.7132591 ], [ -74.2569424, 4.7139227 ], [ -74.2570029, 4.7143249 ], [ -74.2570231, 4.7146065 ], [ -74.2570634, 4.7148478 ], [ -74.2571038, 4.7150891 ], [ -74.2573056, 4.7151695 ], [ -74.2574065, 4.7151896 ], [ -74.2575477, 4.7152701 ], [ -74.2576889, 4.7152902 ], [ -74.2579311, 4.715451 ], [ -74.2577495, 4.7160342 ], [ -74.2580925, 4.716919 ], [ -74.2584153, 4.7175223 ], [ -74.2584759, 4.7179244 ], [ -74.2585969, 4.7179647 ], [ -74.2586575, 4.7181859 ], [ -74.2588391, 4.7185679 ], [ -74.2589198, 4.7186685 ], [ -74.2591417, 4.7187288 ], [ -74.2591619, 4.7190908 ], [ -74.2592224, 4.7194125 ], [ -74.2593838, 4.7195734 ], [ -74.2594847, 4.7194326 ], [ -74.2596058, 4.7194326 ], [ -74.2595856, 4.7196538 ], [ -74.2595251, 4.7197946 ], [ -74.2595654, 4.7200158 ], [ -74.2598681, 4.7201565 ], [ -74.2599084, 4.7201766 ], [ -74.2601506, 4.7199152 ], [ -74.2602313, 4.7197745 ], [ -74.2604532, 4.7198147 ], [ -74.2604734, 4.7202571 ], [ -74.2603322, 4.7204783 ], [ -74.2602716, 4.7207397 ], [ -74.2602918, 4.7209609 ], [ -74.2604129, 4.7212223 ], [ -74.2602716, 4.7214234 ], [ -74.2602313, 4.7214636 ], [ -74.2601708, 4.7216245 ], [ -74.259969, 4.7216245 ], [ -74.2599084, 4.7217652 ], [ -74.2599892, 4.7222277 ], [ -74.2600497, 4.7223484 ], [ -74.2603523, 4.7225897 ], [ -74.2605339, 4.7226902 ], [ -74.2608366, 4.7228712 ], [ -74.2610787, 4.7230321 ], [ -74.2613007, 4.7234343 ], [ -74.2613814, 4.7236957 ], [ -74.2613814, 4.7242386 ], [ -74.2614217, 4.7244799 ], [ -74.2614419, 4.7249223 ], [ -74.2614823, 4.7253044 ], [ -74.261504, 4.725391 ], [ -74.2604532, 4.7251234 ], [ -74.2604568, 4.7250337 ], [ -74.2604589, 4.7249439 ] ], [ [ -74.2531743, 4.7229931 ], [ -74.2527909, 4.7239382 ], [ -74.2526698, 4.7243605 ], [ -74.2528514, 4.7247024 ], [ -74.2532146, 4.724823 ], [ -74.2539814, 4.7244209 ], [ -74.2541024, 4.7239986 ], [ -74.2559587, 4.7224703 ], [ -74.2543647, 4.7194942 ], [ -74.2522259, 4.720198 ], [ -74.2531743, 4.7229931 ] ] ] } },
{ "type": "Feature", "properties": { "id": 0, "layer": "MADRID OFICIAL — ZONA AGROPECUARIA INTENSIVA", "clas_CIAF": "2b" }, "geometry": { "type": "Polygon", "coordinates": [ [ [ -74.3173886, 4.7833697 ], [ -74.3154515, 4.7850587 ], [ -74.3132119, 4.7869688 ], [ -74.3127074, 4.7877731 ], [ -74.3112345, 4.7887382 ], [ -74.3103063, 4.7891605 ], [ -74.3093681, 4.78907 ], [ -74.3087123, 4.7890901 ], [ -74.307885, 4.7897436 ], [ -74.3071183, 4.7910204 ], [ -74.3062002, 4.7927194 ], [ -74.3051712, 4.7946999 ], [ -74.30503, 4.7951523 ], [ -74.3057866, 4.7982387 ], [ -74.305948, 4.7989625 ], [ -74.3061094, 4.8002292 ], [ -74.3056857, 4.800752 ], [ -74.3050602, 4.8010737 ], [ -74.3042733, 4.8021192 ], [ -74.3037285, 4.8028229 ], [ -74.3034057, 4.8026018 ], [ -74.3018319, 4.8016568 ], [ -74.3003387, 4.8002091 ], [ -74.2982403, 4.7981984 ], [ -74.2954962, 4.7950618 ], [ -74.2954834, 4.795036 ], [ -74.295471, 4.79501 ], [ -74.2954591, 4.7949838 ], [ -74.2954476, 4.7949574 ], [ -74.2954366, 4.7949308 ], [ -74.295426, 4.794904 ], [ -74.295416, 4.794877 ], [ -74.2954063, 4.7948499 ], [ -74.2953972, 4.7948226 ], [ -74.2953885, 4.7947951 ], [ -74.2953803, 4.7947675 ], [ -74.2953726, 4.7947398 ], [ -74.2953654, 4.794712 ], [ -74.2953587, 4.794684 ], [ -74.2953524, 4.7946559 ], [ -74.2953466, 4.7946277 ], [ -74.2953413, 4.7945994 ], [ -74.2953365, 4.794571 ], [ -74.2953322, 4.7945426 ], [ -74.2953284, 4.794514 ], [ -74.2953251, 4.7944854 ], [ -74.2953223, 4.7944568 ], [ -74.29532, 4.7944281 ], [ -74.2953181, 4.7943994 ], [ -74.2953168, 4.7943706 ], [ -74.295316, 4.7943419 ], [ -74.2953156, 4.7943131 ], [ -74.2953158, 4.7942843 ], [ -74.2953164, 4.7942555 ], [ -74.2953176, 4.7942268 ], [ -74.2953193, 4.7941981 ], [ -74.2953214, 4.7941694 ], [ -74.2953241, 4.7941407 ], [ -74.2953272, 4.7941121 ], [ -74.2953308, 4.7940835 ], [ -74.295335, 4.7940551 ], [ -74.2953396, 4.7940267 ], [ -74.2953447, 4.7939983 ], [ -74.2953503, 4.7939701 ], [ -74.2953564, 4.793942 ], [ -74.295363, 4.793914 ], [ -74.2953701, 4.793886 ], [ -74.2953776, 4.7938583 ], [ -74.2953856, 4.7938306 ], [ -74.2953941, 4.7938031 ], [ -74.2954031, 4.7937758 ], [ -74.2954126, 4.7937486 ], [ -74.2954225, 4.7937215 ], [ -74.2954329, 4.7936947 ], [ -74.2954437, 4.793668 ], [ -74.295455, 4.7936415 ], [ -74.2954668, 4.7936153 ], [ -74.295479, 4.7935892 ], [ -74.2954917, 4.7935633 ], [ -74.2955048, 4.7935377 ], [ -74.2955183, 4.7935123 ], [ -74.2955323, 4.7934871 ], [ -74.2955468, 4.7934622 ], [ -74.2955616, 4.7934375 ], [ -74.2955769, 4.7934131 ], [ -74.2951733, 4.7930914 ], [ -74.293317, 4.7921262 ], [ -74.290694, 4.7905378 ], [ -74.2880508, 4.7894118 ], [ -74.2820783, 4.787381 ], [ -74.2811905, 4.7871598 ], [ -74.2804641, 4.7874614 ], [ -74.2799395, 4.7876625 ], [ -74.2792736, 4.7875419 ], [ -74.2786279, 4.7874011 ], [ -74.2783858, 4.7875017 ], [ -74.2782042, 4.7877027 ], [ -74.2781857, 4.7876931 ], [ -74.278167, 4.7876838 ], [ -74.2781482, 4.7876748 ], [ -74.2781291, 4.7876662 ], [ -74.27811, 4.7876579 ], [ -74.2780907, 4.7876499 ], [ -74.2780713, 4.7876422 ], [ -74.2780517, 4.7876349 ], [ -74.278032, 4.787628 ], [ -74.2780122, 4.7876213 ], [ -74.2779923, 4.787615 ], [ -74.2779723, 4.7876091 ], [ -74.2779522, 4.7876035 ], [ -74.277932, 4.7875982 ], [ -74.2779116, 4.7875933 ], [ -74.2778913, 4.7875888 ], [ -74.2778708, 4.7875846 ], [ -74.2778503, 4.7875808 ], [ -74.2778297, 4.7875773 ], [ -74.277809, 4.7875741 ], [ -74.2777883, 4.7875714 ], [ -74.2777676, 4.7875689 ], [ -74.2777468, 4.7875669 ], [ -74.277726, 4.7875652 ], [ -74.2777051, 4.7875638 ], [ -74.2776842, 4.7875629 ], [ -74.2776634, 4.7875622 ], [ -74.2776425, 4.787562 ], [ -74.2776216, 4.7875621 ], [ -74.2776007, 4.7875625 ], [ -74.2775798, 4.7875634 ], [ -74.277559, 4.7875645 ], [ -74.2775381, 4.7875661 ], [ -74.2775173, 4.787568 ], [ -74.2774966, 4.7875703 ], [ -74.2774758, 4.7875729 ], [ -74.2774552, 4.7875758 ], [ -74.2774345, 4.7875792 ], [ -74.277414, 4.7875829 ], [ -74.2773935, 4.7875869 ], [ -74.2773731, 4.7875913 ], [ -74.2773527, 4.7875961 ], [ -74.2773325, 4.7876011 ], [ -74.2773123, 4.7876066 ], [ -74.2772922, 4.7876124 ], [ -74.2772723, 4.7876185 ], [ -74.2772524, 4.787625 ], [ -74.2772327, 4.7876318 ], [ -74.2772131, 4.787639 ], [ -74.2771936, 4.7876465 ], [ -74.2771742, 4.7876543 ], [ -74.277155, 4.7876625 ], [ -74.277114, 4.7876812 ], [ -74.2770734, 4.7877005 ], [ -74.2770331, 4.7877206 ], [ -74.2769931, 4.7877414 ], [ -74.2769535, 4.7877628 ], [ -74.2769143, 4.7877849 ], [ -74.2768755, 4.7878077 ], [ -74.2768371, 4.7878312 ], [ -74.2767991, 4.7878553 ], [ -74.2767616, 4.7878801 ], [ -74.2767244, 4.7879055 ], [ -74.2766878, 4.7879316 ], [ -74.2766515, 4.7879583 ], [ -74.2766158, 4.7879856 ], [ -74.2765805, 4.7880135 ], [ -74.2765457, 4.7880421 ], [ -74.2765114, 4.7880712 ], [ -74.2764777, 4.7881009 ], [ -74.2764444, 4.7881312 ], [ -74.2764117, 4.7881621 ], [ -74.2763795, 4.7881935 ], [ -74.2763479, 4.7882255 ], [ -74.2763468, 4.7882514 ], [ -74.2763452, 4.7882773 ], [ -74.2763431, 4.7883032 ], [ -74.2763406, 4.7883291 ], [ -74.2763377, 4.7883548 ], [ -74.2763343, 4.7883806 ], [ -74.2763304, 4.7884062 ], [ -74.2763261, 4.7884319 ], [ -74.2763214, 4.7884574 ], [ -74.2763162, 4.7884828 ], [ -74.2763106, 4.7885082 ], [ -74.2763046, 4.7885334 ], [ -74.2762981, 4.7885585 ], [ -74.2762912, 4.7885836 ], [ -74.2762838, 4.7886085 ], [ -74.276276, 4.7886332 ], [ -74.2762678, 4.7886579 ], [ -74.2762591, 4.7886823 ], [ -74.2762501, 4.7887067 ], [ -74.2762406, 4.7887309 ], [ -74.2762307, 4.7887549 ], [ -74.2762203, 4.7887787 ], [ -74.2762096, 4.7888023 ], [ -74.2761985, 4.7888258 ], [ -74.2761869, 4.7888491 ], [ -74.2761749, 4.7888721 ], [ -74.2761626, 4.788895 ], [ -74.2761498, 4.7889176 ], [ -74.2761367, 4.78894 ], [ -74.2761232, 4.7889622 ], [ -74.2761093, 4.7889841 ], [ -74.276095, 4.7890058 ], [ -74.2760803, 4.7890273 ], [ -74.2760653, 4.7890485 ], [ -74.2760499, 4.7890694 ], [ -74.2760341, 4.7890901 ], [ -74.276018, 4.7891105 ], [ -74.2760015, 4.7891306 ], [ -74.2759847, 4.7891504 ], [ -74.2753996, 4.7899346 ], [ -74.275382, 4.7899229 ], [ -74.2753642, 4.7899116 ], [ -74.2753463, 4.7899006 ], [ -74.2753281, 4.7898899 ], [ -74.2753098, 4.7898794 ], [ -74.2752913, 4.7898694 ], [ -74.2752726, 4.7898596 ], [ -74.2752538, 4.7898501 ], [ -74.2752348, 4.789841 ], [ -74.2752156, 4.7898322 ], [ -74.2751963, 4.7898238 ], [ -74.2751768, 4.7898156 ], [ -74.2751572, 4.7898078 ], [ -74.2751375, 4.7898004 ], [ -74.2751177, 4.7897933 ], [ -74.2750977, 4.7897865 ], [ -74.2750776, 4.7897801 ], [ -74.2750574, 4.789774 ], [ -74.2750371, 4.7897682 ], [ -74.2750167, 4.7897629 ], [ -74.2749962, 4.7897578 ], [ -74.2749757, 4.7897531 ], [ -74.274955, 4.7897488 ], [ -74.2749343, 4.7897448 ], [ -74.2749135, 4.7897412 ], [ -74.2748927, 4.789738 ], [ -74.2748718, 4.7897351 ], [ -74.2748508, 4.7897325 ], [ -74.2748298, 4.7897303 ], [ -74.2748088, 4.7897285 ], [ -74.2747878, 4.7897271 ], [ -74.2747667, 4.789726 ], [ -74.2747456, 4.7897252 ], [ -74.2747245, 4.7897249 ], [ -74.2747034, 4.7897249 ], [ -74.2746823, 4.7897252 ], [ -74.2746613, 4.7897259 ], [ -74.2746402, 4.789727 ], [ -74.2746191, 4.7897285 ], [ -74.2745981, 4.7897303 ], [ -74.2745771, 4.7897324 ], [ -74.2745562, 4.7897349 ], [ -74.2745353, 4.7897378 ], [ -74.2745144, 4.7897411 ], [ -74.2744937, 4.7897447 ], [ -74.2744729, 4.7897486 ], [ -74.2744523, 4.7897529 ], [ -74.2744317, 4.7897576 ], [ -74.2744112, 4.7897626 ], [ -74.2743908, 4.789768 ], [ -74.2743705, 4.7897737 ], [ -74.2743511, 4.789766 ], [ -74.2743316, 4.7897586 ], [ -74.2743119, 4.7897516 ], [ -74.2742921, 4.7897448 ], [ -74.2742722, 4.7897385 ], [ -74.2742522, 4.7897324 ], [ -74.2742321, 4.7897267 ], [ -74.2742119, 4.7897214 ], [ -74.2741916, 4.7897164 ], [ -74.2741712, 4.7897118 ], [ -74.2741508, 4.7897075 ], [ -74.2741302, 4.7897036 ], [ -74.2741096, 4.7897 ], [ -74.274089, 4.7896968 ], [ -74.2740683, 4.7896939 ], [ -74.2740475, 4.7896914 ], [ -74.2740267, 4.7896892 ], [ -74.2740059, 4.7896874 ], [ -74.2739851, 4.789686 ], [ -74.2739642, 4.7896849 ], [ -74.2739433, 4.7896842 ], [ -74.2739224, 4.7896838 ], [ -74.2739015, 4.7896838 ], [ -74.2738806, 4.7896842 ], [ -74.2738597, 4.7896849 ], [ -74.2738388, 4.789686 ], [ -74.273818, 4.7896874 ], [ -74.2737972, 4.7896892 ], [ -74.2737764, 4.7896914 ], [ -74.2737556, 4.7896939 ], [ -74.2737349, 4.7896968 ], [ -74.2737143, 4.7897 ], [ -74.2736937, 4.7897036 ], [ -74.2736731, 4.7897075 ], [ -74.2736527, 4.7897118 ], [ -74.2736323, 4.7897164 ], [ -74.273612, 4.7897214 ], [ -74.2735918, 4.7897268 ], [ -74.2735717, 4.7897325 ], [ -74.2735517, 4.7897385 ], [ -74.2735318, 4.7897449 ], [ -74.273512, 4.7897516 ], [ -74.2734923, 4.7897586 ], [ -74.2734728, 4.789766 ], [ -74.2734534, 4.7897738 ], [ -74.2734341, 4.7897818 ], [ -74.273415, 4.7897902 ], [ -74.273396, 4.7897989 ], [ -74.2733772, 4.789808 ], [ -74.2733585, 4.7898174 ], [ -74.27334, 4.789827 ], [ -74.2733216, 4.7898371 ], [ -74.2733035, 4.7898474 ], [ -74.2732855, 4.789858 ], [ -74.2732677, 4.7898689 ], [ -74.2732501, 4.7898802 ], [ -74.2732327, 4.7898917 ], [ -74.2732155, 4.7899036 ], [ -74.2731985, 4.7899157 ], [ -74.2731818, 4.7899281 ], [ -74.2731652, 4.7899409 ], [ -74.2731489, 4.7899539 ], [ -74.2731328, 4.7899671 ], [ -74.2731169, 4.7899807 ], [ -74.2731013, 4.7899945 ], [ -74.2730859, 4.7900086 ], [ -74.2730707, 4.790023 ], [ -74.2730558, 4.7900376 ], [ -74.2730412, 4.7900524 ], [ -74.2730268, 4.7900676 ], [ -74.2730127, 4.7900829 ], [ -74.2729988, 4.7900985 ], [ -74.2729853, 4.7901144 ], [ -74.272972, 4.7901304 ], [ -74.2729589, 4.7901467 ], [ -74.2729462, 4.7901633 ], [ -74.2729338, 4.79018 ], [ -74.2729216, 4.7901969 ], [ -74.2729097, 4.7902141 ], [ -74.2728982, 4.7902315 ], [ -74.2728869, 4.790249 ], [ -74.272876, 4.7902668 ], [ -74.2728653, 4.7902847 ], [ -74.272855, 4.7903028 ], [ -74.272845, 4.7903211 ], [ -74.2728353, 4.7903395 ], [ -74.2728259, 4.7903582 ], [ -74.2728169, 4.7903769 ], [ -74.2727855, 4.7903478 ], [ -74.2727545, 4.7903181 ], [ -74.2727241, 4.7902879 ], [ -74.2726941, 4.7902573 ], [ -74.2726647, 4.7902261 ], [ -74.2726358, 4.7901944 ], [ -74.2726075, 4.7901623 ], [ -74.2725796, 4.7901297 ], [ -74.2725523, 4.7900967 ], [ -74.2725256, 4.7900632 ], [ -74.2724995, 4.7900293 ], [ -74.2724739, 4.7899949 ], [ -74.2724523, 4.7899912 ], [ -74.2724308, 4.7899879 ], [ -74.2724091, 4.789985 ], [ -74.2723874, 4.7899825 ], [ -74.2723657, 4.7899803 ], [ -74.2723439, 4.7899785 ], [ -74.2723221, 4.7899771 ], [ -74.2723003, 4.7899761 ], [ -74.2722785, 4.7899754 ], [ -74.2722567, 4.7899752 ], [ -74.2722348, 4.7899753 ], [ -74.272213, 4.7899758 ], [ -74.2721912, 4.7899766 ], [ -74.2721694, 4.7899779 ], [ -74.2721476, 4.7899795 ], [ -74.2721259, 4.7899815 ], [ -74.2721042, 4.7899839 ], [ -74.2720825, 4.7899866 ], [ -74.2720609, 4.7899898 ], [ -74.2720393, 4.7899933 ], [ -74.2720178, 4.7899971 ], [ -74.2719964, 4.7900014 ], [ -74.2719751, 4.790006 ], [ -74.2719538, 4.790011 ], [ -74.2719327, 4.7900164 ], [ -74.2719116, 4.7900221 ], [ -74.2718906, 4.7900282 ], [ -74.2718698, 4.7900346 ], [ -74.271849, 4.7900415 ], [ -74.2718284, 4.7900486 ], [ -74.2718079, 4.7900562 ], [ -74.2717876, 4.790064 ], [ -74.2717674, 4.7900723 ], [ -74.2717473, 4.7900809 ], [ -74.2717274, 4.7900898 ], [ -74.2717077, 4.7900991 ], [ -74.2716881, 4.7901087 ], [ -74.2716686, 4.7901187 ], [ -74.2716494, 4.790129 ], [ -74.2716304, 4.7901396 ], [ -74.2716115, 4.7901506 ], [ -74.2715928, 4.7901618 ], [ -74.2715743, 4.7901734 ], [ -74.2715561, 4.7901854 ], [ -74.271538, 4.7901976 ], [ -74.2715202, 4.7902102 ], [ -74.2715026, 4.790223 ], [ -74.2714852, 4.7902362 ], [ -74.2714487, 4.7902842 ], [ -74.271413, 4.7903328 ], [ -74.2713781, 4.790382 ], [ -74.2713441, 4.7904318 ], [ -74.2713109, 4.7904821 ], [ -74.2712786, 4.790533 ], [ -74.2712471, 4.7905844 ], [ -74.2712166, 4.7906364 ], [ -74.2711869, 4.7906888 ], [ -74.271158, 4.7907418 ], [ -74.2711301, 4.7907952 ], [ -74.2711031, 4.7908491 ], [ -74.271077, 4.7909034 ], [ -74.2710519, 4.7909582 ], [ -74.2710276, 4.7910134 ], [ -74.2710043, 4.7910689 ], [ -74.270982, 4.7911249 ], [ -74.2709606, 4.7911812 ], [ -74.2709493, 4.791183 ], [ -74.270938, 4.7911849 ], [ -74.2709268, 4.7911871 ], [ -74.2709157, 4.7911894 ], [ -74.2709045, 4.7911919 ], [ -74.2708935, 4.7911947 ], [ -74.2708824, 4.7911976 ], [ -74.2708714, 4.7912007 ], [ -74.2708605, 4.791204 ], [ -74.2708496, 4.7912075 ], [ -74.2708388, 4.7912112 ], [ -74.2708281, 4.791215 ], [ -74.2708174, 4.7912191 ], [ -74.2708068, 4.7912233 ], [ -74.2707963, 4.7912277 ], [ -74.2707859, 4.7912323 ], [ -74.2707755, 4.7912371 ], [ -74.2707653, 4.7912421 ], [ -74.2707551, 4.7912472 ], [ -74.270745, 4.7912525 ], [ -74.270735, 4.791258 ], [ -74.2707251, 4.7912637 ], [ -74.2707153, 4.7912695 ], [ -74.2707056, 4.7912755 ], [ -74.270696, 4.7912817 ], [ -74.2706865, 4.791288 ], [ -74.2706771, 4.7912945 ], [ -74.2706679, 4.7913012 ], [ -74.2706587, 4.791308 ], [ -74.2706497, 4.791315 ], [ -74.2706408, 4.7913221 ], [ -74.2706321, 4.7913294 ], [ -74.2706234, 4.7913368 ], [ -74.2706149, 4.7913444 ], [ -74.2706066, 4.7913522 ], [ -74.2705983, 4.79136 ], [ -74.2705902, 4.791368 ], [ -74.2705823, 4.7913762 ], [ -74.2705744, 4.7913845 ], [ -74.2705668, 4.7913929 ], [ -74.2705593, 4.7914015 ], [ -74.2705519, 4.7914102 ], [ -74.2705447, 4.791419 ], [ -74.2705376, 4.7914279 ], [ -74.2705307, 4.791437 ], [ -74.270524, 4.7914462 ], [ -74.2705174, 4.7914555 ], [ -74.270511, 4.7914649 ], [ -74.2705047, 4.7914744 ], [ -74.2704987, 4.791484 ], [ -74.2704927, 4.7914938 ], [ -74.270487, 4.7915036 ], [ -74.2704814, 4.7915135 ], [ -74.270476, 4.7915235 ], [ -74.2704708, 4.7915337 ], [ -74.2704658, 4.7915439 ], [ -74.2704609, 4.7915542 ], [ -74.2704562, 4.7915645 ], [ -74.2704517, 4.791575 ], [ -74.2704474, 4.7915855 ], [ -74.2704433, 4.7915961 ], [ -74.2704393, 4.7916068 ], [ -74.2704356, 4.7916175 ], [ -74.270432, 4.7916284 ], [ -74.2704286, 4.7916392 ], [ -74.2704254, 4.7916501 ], [ -74.2704224, 4.7916611 ], [ -74.2704196, 4.7916721 ], [ -74.270417, 4.7916832 ], [ -74.2704146, 4.7916943 ], [ -74.2704124, 4.7917055 ], [ -74.2704104, 4.7917167 ], [ -74.2704085, 4.7917279 ], [ -74.2704069, 4.7917392 ], [ -74.2704054, 4.7917505 ], [ -74.2704042, 4.7917618 ], [ -74.2704032, 4.7917731 ], [ -74.2704023, 4.7917844 ], [ -74.2704017, 4.7917958 ], [ -74.2704012, 4.7918072 ], [ -74.270401, 4.7918185 ], [ -74.2704009, 4.7918299 ], [ -74.2704011, 4.7918413 ], [ -74.2704014, 4.7918527 ], [ -74.270402, 4.791864 ], [ -74.2704027, 4.7918754 ], [ -74.2704037, 4.7918867 ], [ -74.2704048, 4.791898 ], [ -74.2704061, 4.7919093 ], [ -74.2704077, 4.7919206 ], [ -74.2704094, 4.7919318 ], [ -74.2704113, 4.7919431 ], [ -74.2704135, 4.7919542 ], [ -74.2704158, 4.7919654 ], [ -74.2704027, 4.7919784 ], [ -74.2703898, 4.7919916 ], [ -74.2703771, 4.792005 ], [ -74.2703647, 4.7920186 ], [ -74.2703525, 4.7920325 ], [ -74.2703406, 4.7920465 ], [ -74.2703289, 4.7920608 ], [ -74.2703175, 4.7920753 ], [ -74.2703063, 4.7920899 ], [ -74.2702954, 4.7921048 ], [ -74.2702847, 4.7921198 ], [ -74.2702743, 4.7921351 ], [ -74.2702642, 4.7921505 ], [ -74.2702543, 4.792166 ], [ -74.2702447, 4.7921818 ], [ -74.2702354, 4.7921977 ], [ -74.2702263, 4.7922137 ], [ -74.2702176, 4.79223 ], [ -74.2702091, 4.7922463 ], [ -74.2702009, 4.7922628 ], [ -74.270193, 4.7922795 ], [ -74.2701854, 4.7922963 ], [ -74.2701781, 4.7923132 ], [ -74.2701711, 4.7923302 ], [ -74.2701643, 4.7923474 ], [ -74.2701579, 4.7923647 ], [ -74.2701518, 4.792382 ], [ -74.270146, 4.7923995 ], [ -74.2701405, 4.7924171 ], [ -74.2701353, 4.7924348 ], [ -74.2701304, 4.7924525 ], [ -74.2701258, 4.7924704 ], [ -74.2701215, 4.7924883 ], [ -74.2701175, 4.7925063 ], [ -74.2701139, 4.7925243 ], [ -74.2701106, 4.7925425 ], [ -74.2701075, 4.7925606 ], [ -74.2701048, 4.7925788 ], [ -74.2701025, 4.7925971 ], [ -74.2701004, 4.7926154 ], [ -74.2700987, 4.7926337 ], [ -74.2700972, 4.7926521 ], [ -74.2700961, 4.7926705 ], [ -74.2700953, 4.7926889 ], [ -74.2700949, 4.7927073 ], [ -74.2700947, 4.7927257 ], [ -74.2700949, 4.7927441 ], [ -74.2700954, 4.7927626 ], [ -74.2700962, 4.792781 ], [ -74.2700974, 4.7927993 ], [ -74.2700988, 4.7928177 ], [ -74.2701006, 4.792836 ], [ -74.2701027, 4.7928543 ], [ -74.2701051, 4.7928726 ], [ -74.2701078, 4.7928908 ], [ -74.2701109, 4.792909 ], [ -74.2701143, 4.7929271 ], [ -74.2701179, 4.7929451 ], [ -74.2701219, 4.7929631 ], [ -74.2701263, 4.792981 ], [ -74.2701309, 4.7929989 ], [ -74.2701358, 4.7930166 ], [ -74.270141, 4.7930343 ], [ -74.2701466, 4.7930518 ], [ -74.2701524, 4.7930693 ], [ -74.2701586, 4.7930867 ], [ -74.270165, 4.7931039 ], [ -74.2701718, 4.7931211 ], [ -74.2701788, 4.7931381 ], [ -74.2701862, 4.793155 ], [ -74.2701938, 4.7931718 ], [ -74.2701882, 4.7931822 ], [ -74.2701825, 4.7931926 ], [ -74.2701765, 4.7932029 ], [ -74.2701703, 4.793213 ], [ -74.270164, 4.7932231 ], [ -74.2701575, 4.793233 ], [ -74.2701509, 4.7932428 ], [ -74.270144, 4.7932525 ], [ -74.270137, 4.7932621 ], [ -74.2701299, 4.7932716 ], [ -74.2701225, 4.7932809 ], [ -74.270115, 4.7932901 ], [ -74.2701074, 4.7932992 ], [ -74.2700996, 4.7933081 ], [ -74.2700916, 4.7933169 ], [ -74.2700835, 4.7933256 ], [ -74.2700752, 4.7933341 ], [ -74.2700668, 4.7933425 ], [ -74.2700583, 4.7933507 ], [ -74.2700496, 4.7933588 ], [ -74.2700407, 4.7933667 ], [ -74.2700317, 4.7933745 ], [ -74.2700226, 4.7933821 ], [ -74.2700134, 4.7933896 ], [ -74.270004, 4.7933969 ], [ -74.2699945, 4.793404 ], [ -74.2699849, 4.793411 ], [ -74.2699751, 4.7934178 ], [ -74.2699653, 4.7934244 ], [ -74.2699553, 4.7934309 ], [ -74.2699452, 4.7934372 ], [ -74.269935, 4.7934433 ], [ -74.2699247, 4.7934492 ], [ -74.2699143, 4.793455 ], [ -74.2699038, 4.7934606 ], [ -74.2698932, 4.7934659 ], [ -74.2698825, 4.7934712 ], [ -74.2698717, 4.7934762 ], [ -74.2698609, 4.793481 ], [ -74.2698499, 4.7934856 ], [ -74.2698389, 4.7934901 ], [ -74.2698278, 4.7934944 ], [ -74.2698166, 4.7934984 ], [ -74.2698054, 4.7935023 ], [ -74.2697941, 4.793506 ], [ -74.2697827, 4.7935095 ], [ -74.2697713, 4.7935127 ], [ -74.2697598, 4.7935158 ], [ -74.2697482, 4.7935187 ], [ -74.2697367, 4.7935214 ], [ -74.269725, 4.7935239 ], [ -74.2697134, 4.7935262 ], [ -74.2697016, 4.7935282 ], [ -74.2696899, 4.7935301 ], [ -74.2696781, 4.7935318 ], [ -74.2696663, 4.7935333 ], [ -74.2696545, 4.7935345 ], [ -74.2696426, 4.7935356 ], [ -74.2696308, 4.7935364 ], [ -74.2696189, 4.7935371 ], [ -74.269607, 4.7935375 ], [ -74.2695951, 4.7935377 ], [ -74.2695832, 4.7935378 ], [ -74.2695713, 4.7935376 ], [ -74.2695594, 4.7935372 ], [ -74.2695475, 4.7935366 ], [ -74.2695357, 4.7935358 ], [ -74.2695238, 4.7935348 ], [ -74.269512, 4.7935336 ], [ -74.2695002, 4.7935322 ], [ -74.2694884, 4.7935306 ], [ -74.2694766, 4.7935288 ], [ -74.2694649, 4.7935267 ], [ -74.2694532, 4.7935245 ], [ -74.2694416, 4.7935221 ], [ -74.26943, 4.7935195 ], [ -74.2694184, 4.7935166 ], [ -74.2694069, 4.7935136 ], [ -74.2693558, 4.7935536 ], [ -74.2693041, 4.7935927 ], [ -74.2692517, 4.793631 ], [ -74.2691987, 4.7936683 ], [ -74.2691451, 4.7937048 ], [ -74.2690908, 4.7937404 ], [ -74.269036, 4.7937751 ], [ -74.2689805, 4.7938088 ], [ -74.2689246, 4.7938417 ], [ -74.268868, 4.7938735 ], [ -74.268811, 4.7939045 ], [ -74.2687534, 4.7939344 ], [ -74.2686954, 4.7939635 ], [ -74.2686368, 4.7939915 ], [ -74.2685778, 4.7940185 ], [ -74.2685184, 4.7940446 ], [ -74.2684585, 4.7940697 ], [ -74.2683982, 4.7940937 ], [ -74.2683375, 4.7941168 ], [ -74.2683282, 4.7941343 ], [ -74.2683192, 4.794152 ], [ -74.2683105, 4.7941698 ], [ -74.2683021, 4.7941878 ], [ -74.2682941, 4.7942059 ], [ -74.2682863, 4.7942241 ], [ -74.2682789, 4.7942425 ], [ -74.2682718, 4.794261 ], [ -74.268265, 4.7942796 ], [ -74.2682585, 4.7942984 ], [ -74.2682524, 4.7943172 ], [ -74.2682466, 4.7943362 ], [ -74.2682411, 4.7943552 ], [ -74.268236, 4.7943744 ], [ -74.2682312, 4.7943936 ], [ -74.2682267, 4.7944129 ], [ -74.2682225, 4.7944323 ], [ -74.2682187, 4.7944517 ], [ -74.2682153, 4.7944712 ], [ -74.2682122, 4.7944908 ], [ -74.2682094, 4.7945104 ], [ -74.2682069, 4.7945301 ], [ -74.2682048, 4.7945498 ], [ -74.2682031, 4.7945695 ], [ -74.2682017, 4.7945893 ], [ -74.2682006, 4.7946091 ], [ -74.2681999, 4.7946289 ], [ -74.2681995, 4.7946487 ], [ -74.2681995, 4.7946685 ], [ -74.2681998, 4.7946883 ], [ -74.2682004, 4.7947081 ], [ -74.2682014, 4.7947279 ], [ -74.2682028, 4.7947477 ], [ -74.2682045, 4.7947674 ], [ -74.2682065, 4.7947871 ], [ -74.2682089, 4.7948068 ], [ -74.2682116, 4.7948264 ], [ -74.2682147, 4.794846 ], [ -74.2682181, 4.7948655 ], [ -74.2682218, 4.794885 ], [ -74.2682259, 4.7949044 ], [ -74.2682303, 4.7949237 ], [ -74.268235, 4.794943 ], [ -74.2682401, 4.7949621 ], [ -74.2682455, 4.7949812 ], [ -74.2682513, 4.7950002 ], [ -74.2682573, 4.795019 ], [ -74.2682637, 4.7950378 ], [ -74.2682705, 4.7950564 ], [ -74.2682775, 4.795075 ], [ -74.2682849, 4.7950934 ], [ -74.2682926, 4.7951116 ], [ -74.2683006, 4.7951298 ], [ -74.2683089, 4.7951478 ], [ -74.2683175, 4.7951656 ], [ -74.2683265, 4.7951833 ], [ -74.2683357, 4.7952009 ], [ -74.2683453, 4.7952182 ], [ -74.2683551, 4.7952354 ], [ -74.2683653, 4.7952525 ], [ -74.2683757, 4.7952693 ], [ -74.2683865, 4.795286 ], [ -74.2683975, 4.7953025 ], [ -74.2684088, 4.7953188 ], [ -74.2684204, 4.7953349 ], [ -74.2684323, 4.7953508 ], [ -74.2684444, 4.7953665 ], [ -74.2684568, 4.795382 ], [ -74.2684695, 4.7953972 ], [ -74.2684825, 4.7954123 ], [ -74.2684957, 4.7954271 ], [ -74.2685091, 4.7954417 ], [ -74.2685229, 4.795456 ], [ -74.2685368, 4.7954701 ], [ -74.268551, 4.795484 ], [ -74.2685655, 4.7954976 ], [ -74.2685801, 4.795511 ], [ -74.2685951, 4.7955241 ], [ -74.2686102, 4.7955369 ], [ -74.2686255, 4.7955495 ], [ -74.2686411, 4.7955618 ], [ -74.2686569, 4.7955739 ], [ -74.2686729, 4.7955857 ], [ -74.2686891, 4.7955971 ], [ -74.2687055, 4.7956084 ], [ -74.2687221, 4.7956193 ], [ -74.2687388, 4.7956299 ], [ -74.2687558, 4.7956403 ], [ -74.2687729, 4.7956503 ], [ -74.2687902, 4.7956601 ], [ -74.2688077, 4.7956696 ], [ -74.2688253, 4.7956787 ], [ -74.2688431, 4.7956876 ], [ -74.2688611, 4.7956961 ], [ -74.2688792, 4.7957043 ], [ -74.2688974, 4.7957122 ], [ -74.2689158, 4.7957198 ], [ -74.2689343, 4.7957271 ], [ -74.2689529, 4.7957341 ], [ -74.2689716, 4.7957407 ], [ -74.2689905, 4.795747 ], [ -74.2690094, 4.795753 ], [ -74.2690285, 4.7957587 ], [ -74.2690476, 4.795764 ], [ -74.2690669, 4.795769 ], [ -74.2690862, 4.7957737 ], [ -74.2691056, 4.795778 ], [ -74.2691251, 4.795782 ], [ -74.2691446, 4.7957857 ], [ -74.2691514, 4.795802 ], [ -74.269158, 4.7958184 ], [ -74.2691643, 4.7958349 ], [ -74.2691702, 4.7958515 ], [ -74.2691759, 4.7958683 ], [ -74.2691813, 4.7958851 ], [ -74.2691864, 4.795902 ], [ -74.2691912, 4.795919 ], [ -74.2691957, 4.7959361 ], [ -74.2691999, 4.7959533 ], [ -74.2692038, 4.7959705 ], [ -74.2692074, 4.7959878 ], [ -74.2692107, 4.7960051 ], [ -74.2692137, 4.7960226 ], [ -74.2692164, 4.79604 ], [ -74.2692188, 4.7960575 ], [ -74.2692209, 4.7960751 ], [ -74.2692227, 4.7960926 ], [ -74.2692242, 4.7961102 ], [ -74.2692253, 4.7961279 ], [ -74.2692262, 4.7961455 ], [ -74.2692268, 4.7961632 ], [ -74.269227, 4.7961808 ], [ -74.269227, 4.7961985 ], [ -74.2692266, 4.7962162 ], [ -74.2692259, 4.7962338 ], [ -74.2692249, 4.7962514 ], [ -74.2692237, 4.7962691 ], [ -74.2692221, 4.7962867 ], [ -74.2692202, 4.7963042 ], [ -74.269218, 4.7963217 ], [ -74.2692155, 4.7963392 ], [ -74.2692127, 4.7963567 ], [ -74.2692095, 4.7963741 ], [ -74.2692061, 4.7963914 ], [ -74.2692024, 4.7964087 ], [ -74.2691984, 4.7964259 ], [ -74.2691941, 4.796443 ], [ -74.2691895, 4.7964601 ], [ -74.2691845, 4.796477 ], [ -74.2691793, 4.7964939 ], [ -74.2691738, 4.7965107 ], [ -74.269168, 4.7965274 ], [ -74.269162, 4.796544 ], [ -74.2691556, 4.7965605 ], [ -74.269149, 4.7965769 ], [ -74.269142, 4.7965931 ], [ -74.2691348, 4.7966093 ], [ -74.2691273, 4.7966253 ], [ -74.2691195, 4.7966411 ], [ -74.2691115, 4.7966569 ], [ -74.2691031, 4.7966725 ], [ -74.2690946, 4.7966879 ], [ -74.2690857, 4.7967032 ], [ -74.2690766, 4.7967184 ], [ -74.2690672, 4.7967334 ], [ -74.2690575, 4.7967482 ], [ -74.2690476, 4.7967628 ], [ -74.2690375, 4.7967773 ], [ -74.2690271, 4.7967916 ], [ -74.2690164, 4.7968057 ], [ -74.2690055, 4.7968197 ], [ -74.2689944, 4.7968334 ], [ -74.268983, 4.7968469 ], [ -74.2689714, 4.7968603 ], [ -74.2689595, 4.7968734 ], [ -74.2689475, 4.7968864 ], [ -74.2689352, 4.7968991 ], [ -74.2689227, 4.7969116 ], [ -74.2689625, 4.7969788 ], [ -74.2690011, 4.7970467 ], [ -74.2690386, 4.7971153 ], [ -74.2690748, 4.7971844 ], [ -74.2691099, 4.7972542 ], [ -74.2691438, 4.7973245 ], [ -74.2691765, 4.7973955 ], [ -74.269208, 4.7974669 ], [ -74.2692382, 4.7975389 ], [ -74.2692673, 4.7976114 ], [ -74.269295, 4.7976844 ], [ -74.2693215, 4.7977578 ], [ -74.2693468, 4.7978317 ], [ -74.2693707, 4.797906 ], [ -74.2693935, 4.7979807 ], [ -74.2694149, 4.7980557 ], [ -74.269435, 4.7981311 ], [ -74.2694539, 4.7982069 ], [ -74.2694714, 4.798283 ], [ -74.2694876, 4.7983593 ], [ -74.269469, 4.7983602 ], [ -74.2694503, 4.7983615 ], [ -74.2694317, 4.798363 ], [ -74.2694131, 4.7983649 ], [ -74.2693945, 4.7983671 ], [ -74.269376, 4.7983696 ], [ -74.2693575, 4.7983725 ], [ -74.2693391, 4.7983756 ], [ -74.2693208, 4.7983791 ], [ -74.2693025, 4.7983829 ], [ -74.2692842, 4.798387 ], [ -74.2692661, 4.7983914 ], [ -74.269248, 4.7983962 ], [ -74.26923, 4.7984012 ], [ -74.2692121, 4.7984066 ], [ -74.2691943, 4.7984123 ], [ -74.2691766, 4.7984182 ], [ -74.269159, 4.7984245 ], [ -74.2691415, 4.7984311 ], [ -74.2691242, 4.798438 ], [ -74.2691069, 4.7984452 ], [ -74.2690898, 4.7984526 ], [ -74.2690728, 4.7984604 ], [ -74.269056, 4.7984685 ], [ -74.2690393, 4.7984768 ], [ -74.2690227, 4.7984855 ], [ -74.2690063, 4.7984944 ], [ -74.2689901, 4.7985036 ], [ -74.268974, 4.7985131 ], [ -74.2689581, 4.7985229 ], [ -74.2689423, 4.7985329 ], [ -74.2689267, 4.7985432 ], [ -74.2689114, 4.7985538 ], [ -74.2688962, 4.7985647 ], [ -74.2688812, 4.7985758 ], [ -74.2688663, 4.7985871 ], [ -74.2688517, 4.7985987 ], [ -74.2688373, 4.7986106 ], [ -74.2688231, 4.7986227 ], [ -74.2688091, 4.7986351 ], [ -74.2687954, 4.7986477 ], [ -74.2687818, 4.7986605 ], [ -74.2687685, 4.7986736 ], [ -74.2687554, 4.7986869 ], [ -74.2687426, 4.7987004 ], [ -74.2687299, 4.7987141 ], [ -74.2687176, 4.7987281 ], [ -74.2687054, 4.7987422 ], [ -74.2686935, 4.7987566 ], [ -74.2686819, 4.7987712 ], [ -74.2686705, 4.798786 ], [ -74.2686594, 4.7988009 ], [ -74.2686485, 4.7988161 ], [ -74.2686379, 4.7988314 ], [ -74.2686276, 4.7988469 ], [ -74.2686176, 4.7988627 ], [ -74.2686078, 4.7988785 ], [ -74.2685983, 4.7988946 ], [ -74.2685891, 4.7989108 ], [ -74.2685801, 4.7989271 ], [ -74.2685715, 4.7989436 ], [ -74.2685631, 4.7989603 ], [ -74.268555, 4.7989771 ], [ -74.2685473, 4.798994 ], [ -74.2685398, 4.7990111 ], [ -74.2685326, 4.7990283 ], [ -74.2685257, 4.7990456 ], [ -74.2685191, 4.799063 ], [ -74.2685089, 4.7990649 ], [ -74.2684987, 4.7990669 ], [ -74.2684885, 4.799069 ], [ -74.2684784, 4.7990714 ], [ -74.2684683, 4.7990739 ], [ -74.2684583, 4.7990766 ], [ -74.2684483, 4.7990795 ], [ -74.2684384, 4.7990825 ], [ -74.2684285, 4.7990858 ], [ -74.2684187, 4.7990892 ], [ -74.2684089, 4.7990927 ], [ -74.2683993, 4.7990965 ], [ -74.2683896, 4.7991004 ], [ -74.2683801, 4.7991044 ], [ -74.2683706, 4.7991087 ], [ -74.2683612, 4.799113 ], [ -74.2683518, 4.7991176 ], [ -74.2683426, 4.7991223 ], [ -74.2683334, 4.7991272 ], [ -74.2683244, 4.7991322 ], [ -74.2683154, 4.7991374 ], [ -74.2683065, 4.7991428 ], [ -74.2682977, 4.7991483 ], [ -74.268289, 4.7991539 ], [ -74.2682804, 4.7991597 ], [ -74.2682719, 4.7991657 ], [ -74.2682635, 4.7991718 ], [ -74.2682552, 4.799178 ], [ -74.268247, 4.7991844 ], [ -74.2682389, 4.799191 ], [ -74.268231, 4.7991976 ], [ -74.2682231, 4.7992044 ], [ -74.2682154, 4.7992114 ], [ -74.2682078, 4.7992184 ], [ -74.2682004, 4.7992257 ], [ -74.268193, 4.799233 ], [ -74.2681858, 4.7992404 ], [ -74.2681788, 4.799248 ], [ -74.2681718, 4.7992557 ], [ -74.268165, 4.7992636 ], [ -74.2681583, 4.7992715 ], [ -74.2681518, 4.7992795 ], [ -74.2681454, 4.7992877 ], [ -74.2681392, 4.799296 ], [ -74.2681331, 4.7993044 ], [ -74.2681271, 4.7993129 ], [ -74.2681213, 4.7993215 ], [ -74.2681157, 4.7993301 ], [ -74.2681102, 4.7993389 ], [ -74.2681048, 4.7993478 ], [ -74.2680996, 4.7993568 ], [ -74.2680946, 4.7993658 ], [ -74.2680897, 4.799375 ], [ -74.268085, 4.7993842 ], [ -74.2680805, 4.7993935 ], [ -74.2680761, 4.7994029 ], [ -74.2680719, 4.7994124 ], [ -74.2680678, 4.7994219 ], [ -74.2680639, 4.7994315 ], [ -74.2680602, 4.7994412 ], [ -74.2680567, 4.7994509 ], [ -74.2680533, 4.7994607 ], [ -74.2680501, 4.7994706 ], [ -74.268047, 4.7994805 ], [ -74.2680442, 4.7994904 ], [ -74.2680415, 4.7995004 ], [ -74.268039, 4.7995105 ], [ -74.2680367, 4.7995206 ], [ -74.2680345, 4.7995307 ], [ -74.2680325, 4.7995408 ], [ -74.2680307, 4.799551 ], [ -74.2680291, 4.7995613 ], [ -74.2680276, 4.7995715 ], [ -74.2680264, 4.7995818 ], [ -74.2680253, 4.7995921 ], [ -74.2680244, 4.7996024 ], [ -74.2680237, 4.7996127 ], [ -74.2680231, 4.7996231 ], [ -74.2680228, 4.7996334 ], [ -74.2680226, 4.7996438 ], [ -74.2680226, 4.7996541 ], [ -74.2680227, 4.7996645 ], [ -74.2680231, 4.7996748 ], [ -74.2680236, 4.7996852 ], [ -74.2680244, 4.7996955 ], [ -74.2680253, 4.7997058 ], [ -74.2680264, 4.7997161 ], [ -74.2680276, 4.7997264 ], [ -74.2680291, 4.7997367 ], [ -74.2680307, 4.7997469 ], [ -74.2680325, 4.7997571 ], [ -74.2680345, 4.7997673 ], [ -74.2680366, 4.7997774 ], [ -74.2680389, 4.7997875 ], [ -74.2680415, 4.7997975 ], [ -74.2680441, 4.7998075 ], [ -74.268047, 4.7998175 ], [ -74.26805, 4.7998274 ], [ -74.2680532, 4.7998372 ], [ -74.2680566, 4.799847 ], [ -74.2680601, 4.7998568 ], [ -74.2680639, 4.7998664 ], [ -74.2680677, 4.799876 ], [ -74.2680718, 4.7998856 ], [ -74.268076, 4.799895 ], [ -74.2680804, 4.7999044 ], [ -74.2680849, 4.7999137 ], [ -74.2680897, 4.799923 ], [ -74.2680945, 4.7999321 ], [ -74.2680995, 4.7999412 ], [ -74.2681047, 4.7999502 ], [ -74.2681101, 4.799959 ], [ -74.2681156, 4.7999678 ], [ -74.2681201, 4.7999707 ], [ -74.2681246, 4.7999736 ], [ -74.2681291, 4.7999766 ], [ -74.2681335, 4.7999797 ], [ -74.2681378, 4.7999828 ], [ -74.2681421, 4.799986 ], [ -74.2681464, 4.7999893 ], [ -74.2681506, 4.7999927 ], [ -74.2681547, 4.7999961 ], [ -74.2681587, 4.7999997 ], [ -74.2681627, 4.8000032 ], [ -74.2681667, 4.8000069 ], [ -74.2681705, 4.8000106 ], [ -74.2681743, 4.8000144 ], [ -74.2681781, 4.8000183 ], [ -74.2681817, 4.8000222 ], [ -74.2681853, 4.8000261 ], [ -74.2681888, 4.8000302 ], [ -74.2681923, 4.8000343 ], [ -74.2681957, 4.8000385 ], [ -74.268199, 4.8000427 ], [ -74.2682022, 4.800047 ], [ -74.2682054, 4.8000513 ], [ -74.2682085, 4.8000557 ], [ -74.2682115, 4.8000601 ], [ -74.2682144, 4.8000646 ], [ -74.2682173, 4.8000692 ], [ -74.26822, 4.8000737 ], [ -74.2682227, 4.8000784 ], [ -74.2682253, 4.8000831 ], [ -74.2682279, 4.8000878 ], [ -74.2682303, 4.8000926 ], [ -74.2682327, 4.8000974 ], [ -74.2682349, 4.8001022 ], [ -74.2682371, 4.8001071 ], [ -74.2682392, 4.8001121 ], [ -74.2682412, 4.800117 ], [ -74.2682432, 4.800122 ], [ -74.268245, 4.8001271 ], [ -74.2682467, 4.8001321 ], [ -74.2682484, 4.8001372 ], [ -74.26825, 4.8001423 ], [ -74.2682515, 4.8001475 ], [ -74.2682529, 4.8001527 ], [ -74.2682542, 4.8001579 ], [ -74.2682554, 4.8001631 ], [ -74.2682565, 4.8001683 ], [ -74.2682575, 4.8001736 ], [ -74.2682585, 4.8001788 ], [ -74.2682593, 4.8001841 ], [ -74.2682601, 4.8001894 ], [ -74.2682607, 4.8001948 ], [ -74.2682613, 4.8002001 ], [ -74.2682618, 4.8002054 ], [ -74.2682621, 4.8002108 ], [ -74.2682624, 4.8002161 ], [ -74.2682626, 4.8002215 ], [ -74.2682627, 4.8002268 ], [ -74.2682627, 4.8002322 ], [ -74.2682626, 4.8002375 ], [ -74.2682624, 4.8002429 ], [ -74.2682622, 4.8002482 ], [ -74.2682618, 4.8002536 ], [ -74.2682613, 4.8002589 ], [ -74.2682608, 4.8002642 ], [ -74.2682601, 4.8002696 ], [ -74.2682594, 4.8002749 ], [ -74.2682585, 4.8002802 ], [ -74.2682576, 4.8002854 ], [ -74.2682566, 4.8002907 ], [ -74.2682555, 4.8002959 ], [ -74.2682543, 4.8003012 ], [ -74.268253, 4.8003064 ], [ -74.2682516, 4.8003115 ], [ -74.2682501, 4.8003167 ], [ -74.2682485, 4.8003218 ], [ -74.2682469, 4.8003269 ], [ -74.2682451, 4.800332 ], [ -74.2682433, 4.800337 ], [ -74.2682414, 4.800342 ], [ -74.2682394, 4.800347 ], [ -74.2682373, 4.8003519 ], [ -74.2682351, 4.8003568 ], [ -74.2682328, 4.8003617 ], [ -74.2682305, 4.8003665 ], [ -74.268228, 4.8003713 ], [ -74.2682255, 4.800376 ], [ -74.2682229, 4.8003807 ], [ -74.2682202, 4.8003853 ], [ -74.2682175, 4.8003899 ], [ -74.2682146, 4.8003945 ], [ -74.2682117, 4.800399 ], [ -74.2682087, 4.8004034 ], [ -74.2682056, 4.8004078 ], [ -74.2682025, 4.8004121 ], [ -74.2681992, 4.8004164 ], [ -74.2681959, 4.8004206 ], [ -74.2681925, 4.8004248 ], [ -74.2681891, 4.8004289 ], [ -74.2681856, 4.800433 ], [ -74.268182, 4.8004369 ], [ -74.2681783, 4.8004409 ], [ -74.2681746, 4.8004447 ], [ -74.2681708, 4.8004485 ], [ -74.2681669, 4.8004522 ], [ -74.268163, 4.8004559 ], [ -74.268159, 4.8004595 ], [ -74.268155, 4.800463 ], [ -74.2681508, 4.8004665 ], [ -74.2681467, 4.8004698 ], [ -74.2681424, 4.8004731 ], [ -74.2681382, 4.8004764 ], [ -74.2681338, 4.8004795 ], [ -74.2681294, 4.8004826 ], [ -74.268125, 4.8004856 ], [ -74.2681205, 4.8004885 ], [ -74.2681159, 4.8004914 ], [ -74.2681113, 4.8004941 ], [ -74.2681066, 4.8004968 ], [ -74.2681019, 4.8004994 ], [ -74.2680972, 4.8005019 ], [ -74.2680924, 4.8005044 ], [ -74.2680876, 4.8005067 ], [ -74.2680827, 4.800509 ], [ -74.2680778, 4.8005112 ], [ -74.2680729, 4.8005133 ], [ -74.2680679, 4.8005153 ], [ -74.2680629, 4.8005172 ], [ -74.2680578, 4.8005191 ], [ -74.2680527, 4.8005208 ], [ -74.2680476, 4.8005225 ], [ -74.2680425, 4.8005241 ], [ -74.2680373, 4.8005255 ], [ -74.2680321, 4.8005269 ], [ -74.2680269, 4.8005282 ], [ -74.2680217, 4.8005295 ], [ -74.2680164, 4.8005306 ], [ -74.2680112, 4.8005316 ], [ -74.2680059, 4.8005326 ], [ -74.2680006, 4.8005334 ], [ -74.2679952, 4.8005342 ], [ -74.2679899, 4.8005348 ], [ -74.2679846, 4.8005354 ], [ -74.2679792, 4.8005359 ], [ -74.2679738, 4.8005362 ], [ -74.2679685, 4.8005365 ], [ -74.2679631, 4.8005367 ], [ -74.2679577, 4.8005368 ], [ -74.2679523, 4.8005368 ], [ -74.267947, 4.8005368 ], [ -74.2679416, 4.8005366 ], [ -74.2679362, 4.8005363 ], [ -74.2679309, 4.800536 ], [ -74.2679255, 4.8005355 ], [ -74.2679202, 4.8005349 ], [ -74.2679148, 4.8005343 ], [ -74.2679095, 4.8005336 ], [ -74.2679042, 4.8005327 ], [ -74.2678989, 4.8005318 ], [ -74.2678936, 4.8005308 ], [ -74.2678324, 4.8005589 ], [ -74.2677717, 4.800588 ], [ -74.2677114, 4.8006181 ], [ -74.2676517, 4.8006492 ], [ -74.2675925, 4.8006813 ], [ -74.2675339, 4.8007144 ], [ -74.2674758, 4.8007484 ], [ -74.2674183, 4.8007835 ], [ -74.2673614, 4.8008194 ], [ -74.2673052, 4.8008564 ], [ -74.2672495, 4.8008942 ], [ -74.2671945, 4.800933 ], [ -74.2671402, 4.8009728 ], [ -74.2670865, 4.8010134 ], [ -74.267076, 4.8010355 ], [ -74.2670658, 4.8010578 ], [ -74.267056, 4.8010803 ], [ -74.2670466, 4.8011029 ], [ -74.2670376, 4.8011257 ], [ -74.267029, 4.8011487 ], [ -74.2670209, 4.8011718 ], [ -74.2670131, 4.801195 ], [ -74.2670057, 4.8012184 ], [ -74.2669987, 4.8012419 ], [ -74.2669922, 4.8012655 ], [ -74.2669861, 4.8012892 ], [ -74.2669803, 4.801313 ], [ -74.266975, 4.8013369 ], [ -74.2669702, 4.8013609 ], [ -74.2669657, 4.801385 ], [ -74.2669617, 4.8014092 ], [ -74.266958, 4.8014334 ], [ -74.2669548, 4.8014577 ], [ -74.2669521, 4.8014821 ], [ -74.2669497, 4.8015064 ], [ -74.2669478, 4.8015309 ], [ -74.2669463, 4.8015553 ], [ -74.2669453, 4.8015798 ], [ -74.2669446, 4.8016043 ], [ -74.2669444, 4.8016288 ], [ -74.2669447, 4.8016533 ], [ -74.2669453, 4.8016778 ], [ -74.2669464, 4.8017022 ], [ -74.2669479, 4.8017267 ], [ -74.2669498, 4.8017511 ], [ -74.2669522, 4.8017755 ], [ -74.266955, 4.8017998 ], [ -74.2669582, 4.8018241 ], [ -74.2669619, 4.8018483 ], [ -74.2669659, 4.8018725 ], [ -74.2669704, 4.8018966 ], [ -74.2669753, 4.8019206 ], [ -74.2669806, 4.8019445 ], [ -74.2669864, 4.8019683 ], [ -74.2669926, 4.801992 ], [ -74.2669991, 4.8020156 ], [ -74.2670061, 4.8020391 ], [ -74.2670135, 4.8020625 ], [ -74.2670213, 4.8020857 ], [ -74.2670295, 4.8021088 ], [ -74.2670381, 4.8021318 ], [ -74.2670471, 4.8021546 ], [ -74.2670565, 4.8021772 ], [ -74.2670663, 4.8021996 ], [ -74.2670426, 4.8022104 ], [ -74.267019, 4.8022217 ], [ -74.2669957, 4.8022333 ], [ -74.2669725, 4.8022453 ], [ -74.2669495, 4.8022577 ], [ -74.2669268, 4.8022705 ], [ -74.2669043, 4.8022837 ], [ -74.266882, 4.8022973 ], [ -74.26686, 4.8023112 ], [ -74.2668382, 4.8023256 ], [ -74.2668167, 4.8023403 ], [ -74.2667954, 4.8023554 ], [ -74.2667744, 4.8023708 ], [ -74.2667537, 4.8023866 ], [ -74.2667332, 4.8024028 ], [ -74.266713, 4.8024193 ], [ -74.2666931, 4.8024362 ], [ -74.2666735, 4.8024534 ], [ -74.2666542, 4.8024709 ], [ -74.2666353, 4.8024888 ], [ -74.2666166, 4.802507 ], [ -74.2665982, 4.8025255 ], [ -74.2665802, 4.8025443 ], [ -74.2665625, 4.8025634 ], [ -74.2665452, 4.8025829 ], [ -74.2665281, 4.8026026 ], [ -74.2665115, 4.8026226 ], [ -74.2664951, 4.8026429 ], [ -74.2664792, 4.8026635 ], [ -74.2664635, 4.8026844 ], [ -74.2664483, 4.8027055 ], [ -74.2664334, 4.8027269 ], [ -74.2664189, 4.8027485 ], [ -74.2664048, 4.8027704 ], [ -74.266391, 4.8027925 ], [ -74.2663777, 4.8028149 ], [ -74.2663647, 4.8028374 ], [ -74.2663521, 4.8028603 ], [ -74.26634, 4.8028833 ], [ -74.2663446, 4.8028897 ], [ -74.2663491, 4.8028961 ], [ -74.2663534, 4.8029027 ], [ -74.2663577, 4.8029093 ], [ -74.2663618, 4.802916 ], [ -74.2663659, 4.8029227 ], [ -74.2663698, 4.8029295 ], [ -74.2663736, 4.8029364 ], [ -74.2663772, 4.8029434 ], [ -74.2663808, 4.8029504 ], [ -74.2663842, 4.8029575 ], [ -74.2663875, 4.8029646 ], [ -74.2663907, 4.8029718 ], [ -74.2663937, 4.8029791 ], [ -74.2663967, 4.8029863 ], [ -74.2663994, 4.8029937 ], [ -74.2664021, 4.8030011 ], [ -74.2664047, 4.8030085 ], [ -74.2664071, 4.803016 ], [ -74.2664094, 4.8030235 ], [ -74.2664115, 4.8030311 ], [ -74.2664135, 4.8030387 ], [ -74.2664154, 4.8030463 ], [ -74.2664172, 4.803054 ], [ -74.2664188, 4.8030617 ], [ -74.2664203, 4.8030694 ], [ -74.2664216, 4.8030771 ], [ -74.2664228, 4.8030849 ], [ -74.2664239, 4.8030927 ], [ -74.2664249, 4.8031005 ], [ -74.2664257, 4.8031083 ], [ -74.2664263, 4.8031161 ], [ -74.2664269, 4.803124 ], [ -74.2664273, 4.8031318 ], [ -74.2664275, 4.8031397 ], [ -74.2664277, 4.8031475 ], [ -74.2664277, 4.8031554 ], [ -74.2664275, 4.8031632 ], [ -74.2664272, 4.8031711 ], [ -74.2664268, 4.8031789 ], [ -74.2664263, 4.8031868 ], [ -74.2664256, 4.8031946 ], [ -74.2664247, 4.8032024 ], [ -74.2664238, 4.8032102 ], [ -74.2664227, 4.803218 ], [ -74.2664214, 4.8032258 ], [ -74.2664201, 4.8032335 ], [ -74.2664186, 4.8032412 ], [ -74.2664169, 4.8032489 ], [ -74.2664152, 4.8032566 ], [ -74.2664133, 4.8032642 ], [ -74.2664112, 4.8032718 ], [ -74.2664091, 4.8032793 ], [ -74.2664068, 4.8032869 ], [ -74.2664043, 4.8032943 ], [ -74.2664018, 4.8033018 ], [ -74.2663991, 4.8033092 ], [ -74.2663963, 4.8033165 ], [ -74.2663933, 4.8033238 ], [ -74.2663903, 4.803331 ], [ -74.2663871, 4.8033382 ], [ -74.2663838, 4.8033453 ], [ -74.2663803, 4.8033524 ], [ -74.2663768, 4.8033594 ], [ -74.2663731, 4.8033664 ], [ -74.2663693, 4.8033732 ], [ -74.2663653, 4.8033801 ], [ -74.2663613, 4.8033868 ], [ -74.2663571, 4.8033935 ], [ -74.2663529, 4.8034001 ], [ -74.2663485, 4.8034066 ], [ -74.266344, 4.8034131 ], [ -74.2663394, 4.8034194 ], [ -74.2663346, 4.8034257 ], [ -74.2663298, 4.8034319 ], [ -74.2663249, 4.8034381 ], [ -74.2663198, 4.8034441 ], [ -74.2663147, 4.8034501 ], [ -74.2663094, 4.8034559 ], [ -74.2663041, 4.8034617 ], [ -74.2662986, 4.8034674 ], [ -74.2662931, 4.803473 ], [ -74.2662874, 4.8034784 ], [ -74.2662817, 4.8034838 ], [ -74.2662758, 4.8034891 ], [ -74.2662699, 4.8034943 ], [ -74.2662639, 4.8034994 ], [ -74.2662578, 4.8035044 ], [ -74.2662516, 4.8035092 ], [ -74.2662453, 4.803514 ], [ -74.266239, 4.8035187 ], [ -74.2662326, 4.8035232 ], [ -74.2662261, 4.8035276 ], [ -74.2662195, 4.803532 ], [ -74.2662128, 4.8035362 ], [ -74.2662061, 4.8035403 ], [ -74.2661993, 4.8035442 ], [ -74.2661924, 4.8035481 ], [ -74.2661855, 4.8035518 ], [ -74.2661785, 4.8035554 ], [ -74.2661714, 4.8035589 ], [ -74.2661643, 4.8035623 ], [ -74.2661571, 4.8035656 ], [ -74.2661499, 4.8035687 ], [ -74.2661426, 4.8035717 ], [ -74.2661352, 4.8035746 ], [ -74.2661278, 4.8035773 ], [ -74.2661204, 4.8035799 ], [ -74.2661129, 4.8035824 ], [ -74.2661054, 4.8035848 ], [ -74.2660978, 4.803587 ], [ -74.266083, 4.8035844 ], [ -74.266068, 4.803582 ], [ -74.2660531, 4.8035799 ], [ -74.2660381, 4.8035781 ], [ -74.266023, 4.8035765 ], [ -74.266008, 4.8035752 ], [ -74.2659929, 4.8035741 ], [ -74.2659778, 4.8035733 ], [ -74.2659627, 4.8035728 ], [ -74.2659476, 4.8035725 ], [ -74.2659325, 4.8035725 ], [ -74.2659174, 4.8035727 ], [ -74.2659023, 4.8035732 ], [ -74.2658872, 4.803574 ], [ -74.2658721, 4.803575 ], [ -74.2658571, 4.8035763 ], [ -74.2658421, 4.8035778 ], [ -74.2658271, 4.8035796 ], [ -74.2658121, 4.8035816 ], [ -74.2657972, 4.8035839 ], [ -74.2657823, 4.8035865 ], [ -74.2657674, 4.8035893 ], [ -74.2657526, 4.8035924 ], [ -74.2657379, 4.8035957 ], [ -74.2657232, 4.8035993 ], [ -74.2657086, 4.8036031 ], [ -74.2656941, 4.8036072 ], [ -74.2656796, 4.8036115 ], [ -74.2656652, 4.8036161 ], [ -74.2656509, 4.8036209 ], [ -74.2656366, 4.803626 ], [ -74.2656225, 4.8036313 ], [ -74.2656085, 4.8036368 ], [ -74.2655945, 4.8036426 ], [ -74.2655807, 4.8036486 ], [ -74.2655669, 4.8036549 ], [ -74.2655533, 4.8036614 ], [ -74.2655398, 4.8036681 ], [ -74.2655264, 4.8036751 ], [ -74.2655131, 4.8036823 ], [ -74.2655, 4.8036897 ], [ -74.265487, 4.8036974 ], [ -74.2654741, 4.8037052 ], [ -74.2654613, 4.8037133 ], [ -74.2654487, 4.8037216 ], [ -74.2654363, 4.8037302 ], [ -74.265424, 4.8037389 ], [ -74.2654118, 4.8037478 ], [ -74.2653994, 4.8037498 ], [ -74.265387, 4.8037519 ], [ -74.2653747, 4.8037542 ], [ -74.2653624, 4.8037568 ], [ -74.2653502, 4.8037595 ], [ -74.265338, 4.8037625 ], [ -74.2653259, 4.8037657 ], [ -74.2653138, 4.8037691 ], [ -74.2653018, 4.8037727 ], [ -74.2652899, 4.8037765 ], [ -74.265278, 4.8037806 ], [ -74.2652662, 4.8037848 ], [ -74.2652544, 4.8037892 ], [ -74.2652428, 4.8037939 ], [ -74.2652312, 4.8037987 ], [ -74.2652197, 4.8038038 ], [ -74.2652084, 4.803809 ], [ -74.2651971, 4.8038144 ], [ -74.2651859, 4.8038201 ], [ -74.2651748, 4.8038259 ], [ -74.2651638, 4.8038319 ], [ -74.2651529, 4.8038381 ], [ -74.2651421, 4.8038445 ], [ -74.2651314, 4.8038511 ], [ -74.2651209, 4.8038579 ], [ -74.2651104, 4.8038648 ], [ -74.2651001, 4.8038719 ], [ -74.26509, 4.8038793 ], [ -74.2650799, 4.8038867 ], [ -74.26507, 4.8038944 ], [ -74.2650602, 4.8039022 ], [ -74.2650506, 4.8039102 ], [ -74.2650411, 4.8039184 ], [ -74.2650317, 4.8039267 ], [ -74.2650225, 4.8039352 ], [ -74.2650134, 4.8039438 ], [ -74.2650045, 4.8039526 ], [ -74.2649958, 4.8039616 ], [ -74.2649872, 4.8039707 ], [ -74.2649787, 4.80398 ], [ -74.2649705, 4.8039894 ], [ -74.2649624, 4.8039989 ], [ -74.2649544, 4.8040086 ], [ -74.2649467, 4.8040184 ], [ -74.2649391, 4.8040284 ], [ -74.2649316, 4.8040384 ], [ -74.2649244, 4.8040487 ], [ -74.2649173, 4.804059 ], [ -74.2649105, 4.8040694 ], [ -74.2649038, 4.80408 ], [ -74.2648973, 4.8040907 ], [ -74.2648909, 4.8041015 ], [ -74.2648848, 4.8041124 ], [ -74.2648789, 4.8041234 ], [ -74.2648731, 4.8041345 ], [ -74.2648676, 4.8041458 ], [ -74.2648622, 4.8041571 ], [ -74.2648571, 4.8041685 ], [ -74.2648521, 4.8041799 ], [ -74.2648474, 4.8041915 ], [ -74.2648428, 4.8042032 ], [ -74.2648385, 4.8042149 ], [ -74.2648343, 4.8042267 ], [ -74.2648304, 4.8042386 ], [ -74.2648267, 4.8042505 ], [ -74.2647704, 4.8043823 ], [ -74.2647165, 4.8045151 ], [ -74.2646649, 4.8046487 ], [ -74.2646156, 4.8047833 ], [ -74.2645686, 4.8049186 ], [ -74.264524, 4.8050548 ], [ -74.2645281, 4.805091 ], [ -74.2645315, 4.8051273 ], [ -74.2645343, 4.8051637 ], [ -74.2645365, 4.8052001 ], [ -74.2645381, 4.8052365 ], [ -74.2645391, 4.805273 ], [ -74.2645394, 4.8053094 ], [ -74.2645391, 4.8053459 ], [ -74.2645382, 4.8053824 ], [ -74.2645366, 4.8054188 ], [ -74.2645345, 4.8054552 ], [ -74.2645317, 4.8054916 ], [ -74.2645283, 4.8055279 ], [ -74.2645242, 4.8055641 ], [ -74.2645196, 4.8056003 ], [ -74.2645143, 4.8056364 ], [ -74.2645084, 4.8056724 ], [ -74.2645019, 4.8057083 ], [ -74.2644948, 4.8057441 ], [ -74.2644871, 4.8057797 ], [ -74.2644788, 4.8058152 ], [ -74.2644698, 4.8058506 ], [ -74.2644603, 4.8058858 ], [ -74.2644501, 4.8059208 ], [ -74.2644394, 4.8059557 ], [ -74.2644281, 4.8059904 ], [ -74.2644161, 4.8060249 ], [ -74.2644036, 4.8060591 ], [ -74.2643905, 4.8060932 ], [ -74.2643768, 4.806127 ], [ -74.2643626, 4.8061606 ], [ -74.2643446, 4.8061479 ], [ -74.2643264, 4.8061355 ], [ -74.2643079, 4.8061235 ], [ -74.2642893, 4.8061117 ], [ -74.2642704, 4.8061003 ], [ -74.2642514, 4.8060892 ], [ -74.2642321, 4.8060785 ], [ -74.2642127, 4.8060681 ], [ -74.2641931, 4.806058 ], [ -74.2641734, 4.8060483 ], [ -74.2641534, 4.8060389 ], [ -74.2641333, 4.8060298 ], [ -74.2641131, 4.8060211 ], [ -74.2640927, 4.8060127 ], [ -74.2640721, 4.8060048 ], [ -74.2640514, 4.8059971 ], [ -74.2640306, 4.8059898 ], [ -74.2640097, 4.8059829 ], [ -74.2639887, 4.8059764 ], [ -74.2639675, 4.8059702 ], [ -74.2639462, 4.8059643 ], [ -74.2639249, 4.8059589 ], [ -74.2639034, 4.8059538 ], [ -74.2638819, 4.8059491 ], [ -74.2638602, 4.8059448 ], [ -74.2638385, 4.8059408 ], [ -74.2638168, 4.8059372 ], [ -74.263795, 4.805934 ], [ -74.2637731, 4.8059312 ], [ -74.2637512, 4.8059287 ], [ -74.2637292, 4.8059266 ], [ -74.2637072, 4.805925 ], [ -74.2636852, 4.8059236 ], [ -74.2636632, 4.8059227 ], [ -74.2636411, 4.8059222 ], [ -74.2636191, 4.805922 ], [ -74.263597, 4.8059222 ], [ -74.263575, 4.8059228 ], [ -74.2635529, 4.8059238 ], [ -74.2635309, 4.8059251 ], [ -74.2635089, 4.8059269 ], [ -74.263487, 4.805929 ], [ -74.2634651, 4.8059315 ], [ -74.2634432, 4.8059344 ], [ -74.2634214, 4.8059376 ], [ -74.2633996, 4.8059413 ], [ -74.263378, 4.8059453 ], [ -74.2633563, 4.8059497 ], [ -74.2633348, 4.8059544 ], [ -74.2633134, 4.8059595 ], [ -74.2633017, 4.8059713 ], [ -74.2632903, 4.8059832 ], [ -74.263279, 4.8059953 ], [ -74.263268, 4.8060075 ], [ -74.2632572, 4.80602 ], [ -74.2632466, 4.8060327 ], [ -74.2632362, 4.8060455 ], [ -74.2632261, 4.8060586 ], [ -74.2632162, 4.8060718 ], [ -74.2632065, 4.8060851 ], [ -74.2631971, 4.8060987 ], [ -74.2631878, 4.8061124 ], [ -74.2631789, 4.8061262 ], [ -74.2631701, 4.8061402 ], [ -74.2631617, 4.8061544 ], [ -74.2631534, 4.8061687 ], [ -74.2631455, 4.8061831 ], [ -74.2631377, 4.8061977 ], [ -74.2631303, 4.8062124 ], [ -74.263123, 4.8062272 ], [ -74.2631161, 4.8062422 ], [ -74.2631094, 4.8062573 ], [ -74.263103, 4.8062725 ], [ -74.2630968, 4.8062878 ], [ -74.2630909, 4.8063032 ], [ -74.2630853, 4.8063187 ], [ -74.2630799, 4.8063343 ], [ -74.2630748, 4.80635 ], [ -74.26307, 4.8063657 ], [ -74.2630655, 4.8063816 ], [ -74.2630613, 4.8063975 ], [ -74.2630573, 4.8064135 ], [ -74.2630536, 4.8064296 ], [ -74.2630502, 4.8064457 ], [ -74.263047, 4.8064619 ], [ -74.2630442, 4.8064781 ], [ -74.2630416, 4.8064944 ], [ -74.2630393, 4.8065108 ], [ -74.2630373, 4.8065271 ], [ -74.2630356, 4.8065435 ], [ -74.2630342, 4.8065599 ], [ -74.2630331, 4.8065764 ], [ -74.2630322, 4.8065929 ], [ -74.2630317, 4.8066093 ], [ -74.2630314, 4.8066258 ], [ -74.2630314, 4.8066423 ], [ -74.2630317, 4.8066588 ], [ -74.2630323, 4.8066753 ], [ -74.2630332, 4.8066917 ], [ -74.2630343, 4.8067082 ], [ -74.2630358, 4.8067246 ], [ -74.2630375, 4.806741 ], [ -74.2630395, 4.8067573 ], [ -74.2630418, 4.8067737 ], [ -74.2630444, 4.80679 ], [ -74.2630473, 4.8068062 ], [ -74.2630505, 4.8068224 ], [ -74.2630539, 4.8068385 ], [ -74.2630576, 4.8068546 ], [ -74.2630616, 4.8068706 ], [ -74.2630659, 4.8068865 ], [ -74.2630705, 4.8069023 ], [ -74.2630753, 4.8069181 ], [ -74.2630804, 4.8069338 ], [ -74.2630858, 4.8069494 ], [ -74.2630914, 4.8069649 ], [ -74.2630744, 4.8069734 ], [ -74.2630576, 4.8069823 ], [ -74.263041, 4.8069914 ], [ -74.2630244, 4.8070009 ], [ -74.2630081, 4.8070106 ], [ -74.2629919, 4.8070206 ], [ -74.2629759, 4.8070308 ], [ -74.2629601, 4.8070414 ], [ -74.2629445, 4.8070522 ], [ -74.2629291, 4.8070633 ], [ -74.2629138, 4.8070746 ], [ -74.2628988, 4.8070862 ], [ -74.2628839, 4.8070981 ], [ -74.2628693, 4.8071102 ], [ -74.2628549, 4.8071226 ], [ -74.2628407, 4.8071352 ], [ -74.2628267, 4.8071481 ], [ -74.2628129, 4.8071612 ], [ -74.2627994, 4.8071745 ], [ -74.2627861, 4.8071881 ], [ -74.2627731, 4.8072019 ], [ -74.2627602, 4.8072159 ], [ -74.2627477, 4.8072301 ], [ -74.2627354, 4.8072446 ], [ -74.2627233, 4.8072592 ], [ -74.2627115, 4.8072741 ], [ -74.2626999, 4.8072892 ], [ -74.2626886, 4.8073044 ], [ -74.2626776, 4.8073199 ], [ -74.2626669, 4.8073355 ], [ -74.2626564, 4.8073514 ], [ -74.2626462, 4.8073674 ], [ -74.2626363, 4.8073835 ], [ -74.2626266, 4.8073999 ], [ -74.2626173, 4.8074164 ], [ -74.2626082, 4.8074331 ], [ -74.2625994, 4.8074499 ], [ -74.2625909, 4.8074669 ], [ -74.2625827, 4.807484 ], [ -74.2625749, 4.8075012 ], [ -74.2625673, 4.8075186 ], [ -74.26256, 4.8075361 ], [ -74.262553, 4.8075538 ], [ -74.2625463, 4.8075715 ], [ -74.26254, 4.8075894 ], [ -74.2625339, 4.8076074 ], [ -74.2625282, 4.8076254 ], [ -74.2625227, 4.8076436 ], [ -74.2625176, 4.8076619 ], [ -74.2625128, 4.8076802 ], [ -74.2625084, 4.8076987 ], [ -74.2625042, 4.8077172 ], [ -74.2625004, 4.8077357 ], [ -74.2624969, 4.8077544 ], [ -74.2624937, 4.8077731 ], [ -74.2624908, 4.8077918 ], [ -74.2624883, 4.8078106 ], [ -74.2624861, 4.8078294 ], [ -74.2624888, 4.8078552 ], [ -74.262492, 4.807881 ], [ -74.2624956, 4.8079066 ], [ -74.2624997, 4.8079322 ], [ -74.2625042, 4.8079578 ], [ -74.2625091, 4.8079832 ], [ -74.2625145, 4.8080086 ], [ -74.2625203, 4.8080339 ], [ -74.2625266, 4.8080591 ], [ -74.2625332, 4.8080841 ], [ -74.2625403, 4.8081091 ], [ -74.2625479, 4.8081339 ], [ -74.2625558, 4.8081586 ], [ -74.2625642, 4.8081831 ], [ -74.262573, 4.8082075 ], [ -74.2625822, 4.8082318 ], [ -74.2625918, 4.8082559 ], [ -74.2626019, 4.8082798 ], [ -74.2626123, 4.8083035 ], [ -74.2626232, 4.8083271 ], [ -74.2626345, 4.8083505 ], [ -74.2626461, 4.8083736 ], [ -74.2626582, 4.8083966 ], [ -74.2626706, 4.8084194 ], [ -74.2626835, 4.8084419 ], [ -74.2626967, 4.8084643 ], [ -74.2627103, 4.8084864 ], [ -74.2627243, 4.8085082 ], [ -74.2627387, 4.8085298 ], [ -74.2627534, 4.8085512 ], [ -74.2627685, 4.8085723 ], [ -74.262784, 4.8085932 ], [ -74.2627998, 4.8086138 ], [ -74.2628159, 4.8086341 ], [ -74.2628324, 4.8086541 ], [ -74.2628493, 4.8086739 ], [ -74.2628415, 4.8086845 ], [ -74.2628339, 4.8086953 ], [ -74.2628264, 4.8087062 ], [ -74.2628192, 4.8087172 ], [ -74.2628121, 4.8087283 ], [ -74.2628053, 4.8087396 ], [ -74.2627986, 4.808751 ], [ -74.2627922, 4.8087625 ], [ -74.2627859, 4.8087741 ], [ -74.2627798, 4.8087858 ], [ -74.262774, 4.8087976 ], [ -74.2627684, 4.8088095 ], [ -74.2627629, 4.8088215 ], [ -74.2627577, 4.8088336 ], [ -74.2627527, 4.8088458 ], [ -74.2627479, 4.8088581 ], [ -74.2627433, 4.8088705 ], [ -74.2627389, 4.8088829 ], [ -74.2627348, 4.8088954 ], [ -74.2627309, 4.808908 ], [ -74.2627271, 4.8089206 ], [ -74.2627237, 4.8089333 ], [ -74.2627204, 4.8089461 ], [ -74.2627173, 4.8089589 ], [ -74.2627145, 4.8089718 ], [ -74.2627119, 4.8089847 ], [ -74.2627096, 4.8089976 ], [ -74.2627074, 4.8090106 ], [ -74.2627055, 4.8090237 ], [ -74.2627038, 4.8090367 ], [ -74.2627023, 4.8090498 ], [ -74.2627011, 4.8090629 ], [ -74.2627001, 4.8090761 ], [ -74.2626993, 4.8090892 ], [ -74.2626988, 4.8091024 ], [ -74.2626985, 4.8091156 ], [ -74.2626984, 4.8091287 ], [ -74.2626985, 4.8091419 ], [ -74.2626989, 4.8091551 ], [ -74.2626995, 4.8091682 ], [ -74.2627003, 4.8091814 ], [ -74.2627014, 4.8091945 ], [ -74.2627027, 4.8092076 ], [ -74.2627042, 4.8092207 ], [ -74.2627059, 4.8092338 ], [ -74.2627079, 4.8092468 ], [ -74.2627101, 4.8092598 ], [ -74.2627125, 4.8092727 ], [ -74.2627152, 4.8092856 ], [ -74.2627181, 4.8092985 ], [ -74.2627212, 4.8093113 ], [ -74.2627245, 4.809324 ], [ -74.262728, 4.8093367 ], [ -74.2627318, 4.8093494 ], [ -74.2627358, 4.8093619 ], [ -74.26274, 4.8093744 ], [ -74.2627444, 4.8093868 ], [ -74.262749, 4.8093992 ], [ -74.2627539, 4.8094114 ], [ -74.262759, 4.8094236 ], [ -74.2627642, 4.8094357 ], [ -74.2627697, 4.8094476 ], [ -74.2627754, 4.8094595 ], [ -74.2627813, 4.8094713 ], [ -74.2627874, 4.809483 ], [ -74.2627937, 4.8094946 ], [ -74.2628002, 4.809506 ], [ -74.2628069, 4.8095174 ], [ -74.2628138, 4.8095286 ], [ -74.2628209, 4.8095397 ], [ -74.2628282, 4.8095507 ], [ -74.2628357, 4.8095616 ], [ -74.2628434, 4.8095723 ], [ -74.2628512, 4.8095829 ], [ -74.2628593, 4.8095934 ], [ -74.2628675, 4.8096037 ], [ -74.2628759, 4.8096139 ], [ -74.2628845, 4.8096239 ], [ -74.2628932, 4.8096338 ], [ -74.2629021, 4.8096435 ], [ -74.2629112, 4.8096531 ], [ -74.2629205, 4.8096625 ], [ -74.2629299, 4.8096717 ], [ -74.2629395, 4.8096808 ], [ -74.2629492, 4.8096897 ], [ -74.2629591, 4.8096985 ], [ -74.2629691, 4.809707 ], [ -74.2629793, 4.8097154 ], [ -74.2629896, 4.8097236 ], [ -74.2630001, 4.8097317 ], [ -74.2630107, 4.8097395 ], [ -74.2630171, 4.8097583 ], [ -74.2630238, 4.8097769 ], [ -74.2630309, 4.8097954 ], [ -74.2630383, 4.8098138 ], [ -74.263046, 4.8098321 ], [ -74.263054, 4.8098502 ], [ -74.2630623, 4.8098682 ], [ -74.2630709, 4.809886 ], [ -74.2630799, 4.8099037 ], [ -74.2630891, 4.8099212 ], [ -74.2630987, 4.8099385 ], [ -74.2631085, 4.8099557 ], [ -74.2631187, 4.8099727 ], [ -74.2631292, 4.8099896 ], [ -74.2631399, 4.8100062 ], [ -74.2631509, 4.8100227 ], [ -74.2631623, 4.810039 ], [ -74.2631739, 4.810055 ], [ -74.2631857, 4.8100709 ], [ -74.2631979, 4.8100866 ], [ -74.2632103, 4.810102 ], [ -74.263223, 4.8101172 ], [ -74.263236, 4.8101323 ], [ -74.2632492, 4.810147 ], [ -74.2632627, 4.8101616 ], [ -74.2632764, 4.8101759 ], [ -74.2632904, 4.81019 ], [ -74.2633046, 4.8102038 ], [ -74.2633191, 4.8102174 ], [ -74.2633338, 4.8102307 ], [ -74.2633487, 4.8102438 ], [ -74.2633638, 4.8102566 ], [ -74.2633792, 4.8102691 ], [ -74.2633948, 4.8102814 ], [ -74.2634106, 4.8102934 ], [ -74.2634266, 4.8103051 ], [ -74.2634428, 4.8103166 ], [ -74.2634592, 4.8103278 ], [ -74.2634758, 4.8103386 ], [ -74.2634926, 4.8103492 ], [ -74.2635096, 4.8103595 ], [ -74.2635267, 4.8103695 ], [ -74.263544, 4.8103792 ], [ -74.2635615, 4.8103886 ], [ -74.2635792, 4.8103977 ], [ -74.263597, 4.8104065 ], [ -74.2636149, 4.810415 ], [ -74.263633, 4.8104232 ], [ -74.2636513, 4.8104311 ], [ -74.2636696, 4.8104386 ], [ -74.2636881, 4.8104458 ], [ -74.2637068, 4.8104527 ], [ -74.2637255, 4.8104593 ], [ -74.2637443, 4.8104655 ], [ -74.2637633, 4.8104714 ], [ -74.2637824, 4.810477 ], [ -74.2638015, 4.8104823 ], [ -74.2638208, 4.8104872 ], [ -74.2638401, 4.8104918 ], [ -74.2638595, 4.8104961 ], [ -74.263879, 4.8105 ], [ -74.2638985, 4.8105036 ], [ -74.2639231, 4.8104988 ], [ -74.2639477, 4.8104936 ], [ -74.2639721, 4.810488 ], [ -74.2639964, 4.810482 ], [ -74.2640207, 4.8104756 ], [ -74.2640448, 4.8104687 ], [ -74.2640688, 4.8104614 ], [ -74.2640926, 4.8104537 ], [ -74.2641164, 4.8104457 ], [ -74.2641399, 4.8104372 ], [ -74.2641634, 4.8104283 ], [ -74.2641867, 4.8104189 ], [ -74.2642098, 4.8104092 ], [ -74.2642327, 4.8103991 ], [ -74.2642555, 4.8103887 ], [ -74.264278, 4.8103778 ], [ -74.2643004, 4.8103665 ], [ -74.2643226, 4.8103549 ], [ -74.2643446, 4.8103428 ], [ -74.2643664, 4.8103304 ], [ -74.2643879, 4.8103176 ], [ -74.2644092, 4.8103045 ], [ -74.2644303, 4.810291 ], [ -74.2644512, 4.8102771 ], [ -74.2644718, 4.8102629 ], [ -74.2644922, 4.8102483 ], [ -74.2645123, 4.8102334 ], [ -74.2645321, 4.8102181 ], [ -74.2645517, 4.8102025 ], [ -74.264571, 4.8101865 ], [ -74.26459, 4.8101702 ], [ -74.2646088, 4.8101536 ], [ -74.2646272, 4.8101367 ], [ -74.2646454, 4.8101195 ], [ -74.2646632, 4.8101019 ], [ -74.2646808, 4.8100841 ], [ -74.264698, 4.8100659 ], [ -74.2647149, 4.8100475 ], [ -74.2647315, 4.8100288 ], [ -74.2647478, 4.8100098 ], [ -74.2647638, 4.8099905 ], [ -74.2647794, 4.8099709 ], [ -74.2647946, 4.8099511 ], [ -74.2648095, 4.809931 ], [ -74.2648241, 4.8099106 ], [ -74.2648383, 4.8098901 ], [ -74.2648522, 4.8098692 ], [ -74.2648657, 4.8098482 ], [ -74.2648788, 4.8098269 ], [ -74.2648916, 4.8098054 ], [ -74.2649039, 4.8097836 ], [ -74.2649159, 4.8097617 ], [ -74.2649276, 4.8097395 ], [ -74.2649405, 4.8097432 ], [ -74.2649535, 4.8097471 ], [ -74.2649663, 4.8097512 ], [ -74.2649791, 4.8097555 ], [ -74.2649918, 4.80976 ], [ -74.2650044, 4.8097648 ], [ -74.2650169, 4.8097697 ], [ -74.2650294, 4.8097749 ], [ -74.2650417, 4.8097804 ], [ -74.265054, 4.809786 ], [ -74.2650661, 4.8097918 ], [ -74.2650782, 4.8097979 ], [ -74.2650901, 4.8098041 ], [ -74.265102, 4.8098106 ], [ -74.2651137, 4.8098172 ], [ -74.2651253, 4.8098241 ], [ -74.2651368, 4.8098312 ], [ -74.2651481, 4.8098384 ], [ -74.2651593, 4.8098459 ], [ -74.2651704, 4.8098536 ], [ -74.2651814, 4.8098614 ], [ -74.2651922, 4.8098695 ], [ -74.2652029, 4.8098777 ], [ -74.2652134, 4.8098861 ], [ -74.2652238, 4.8098947 ], [ -74.265234, 4.8099034 ], [ -74.2652441, 4.8099124 ], [ -74.265254, 4.8099215 ], [ -74.2652637, 4.8099308 ], [ -74.2652733, 4.8099403 ], [ -74.2652827, 4.8099499 ], [ -74.265292, 4.8099597 ], [ -74.2653011, 4.8099696 ], [ -74.26531, 4.8099797 ], [ -74.2653187, 4.80999 ], [ -74.2653272, 4.8100004 ], [ -74.2653356, 4.8100109 ], [ -74.2653438, 4.8100216 ], [ -74.2653518, 4.8100324 ], [ -74.2653596, 4.8100434 ], [ -74.2653672, 4.8100545 ], [ -74.2653746, 4.8100658 ], [ -74.2653818, 4.8100771 ], [ -74.2653888, 4.8100886 ], [ -74.2653956, 4.8101002 ], [ -74.2654022, 4.8101119 ], [ -74.2654086, 4.8101238 ], [ -74.2654148, 4.8101357 ], [ -74.2654208, 4.8101478 ], [ -74.2654266, 4.8101599 ], [ -74.2654321, 4.8101722 ], [ -74.2654375, 4.8101845 ], [ -74.2654426, 4.810197 ], [ -74.2654475, 4.8102095 ], [ -74.2654522, 4.8102221 ], [ -74.2653642, 4.8102749 ], [ -74.2652753, 4.8103263 ], [ -74.2651856, 4.8103762 ], [ -74.2650952, 4.8104248 ], [ -74.2650039, 4.8104718 ], [ -74.2649119, 4.8105174 ], [ -74.2648192, 4.8105615 ], [ -74.2647258, 4.8106041 ], [ -74.2647064, 4.8106124 ], [ -74.2646872, 4.810621 ], [ -74.2646681, 4.81063 ], [ -74.2646492, 4.8106392 ], [ -74.2646304, 4.8106488 ], [ -74.2646118, 4.8106587 ], [ -74.2645934, 4.8106689 ], [ -74.2645751, 4.8106795 ], [ -74.2645571, 4.8106903 ], [ -74.2645392, 4.8107014 ], [ -74.2645215, 4.8107129 ], [ -74.264504, 4.8107246 ], [ -74.2644867, 4.8107366 ], [ -74.2644697, 4.810749 ], [ -74.2644528, 4.8107616 ], [ -74.2644361, 4.8107745 ], [ -74.2644197, 4.8107876 ], [ -74.2644035, 4.8108011 ], [ -74.2643875, 4.8108148 ], [ -74.2643718, 4.8108288 ], [ -74.2643563, 4.810843 ], [ -74.2643411, 4.8108575 ], [ -74.2643261, 4.8108723 ], [ -74.2643113, 4.8108873 ], [ -74.2642968, 4.8109026 ], [ -74.2642826, 4.8109181 ], [ -74.2642686, 4.8109338 ], [ -74.2642549, 4.8109498 ], [ -74.2642415, 4.810966 ], [ -74.2642183, 4.8109944 ], [ -74.2641956, 4.8110232 ], [ -74.2641734, 4.8110523 ], [ -74.2641517, 4.8110819 ], [ -74.2641305, 4.8111117 ], [ -74.2641098, 4.811142 ], [ -74.2640897, 4.8111726 ], [ -74.26407, 4.8112035 ], [ -74.2640509, 4.8112348 ], [ -74.2640324, 4.8112664 ], [ -74.2640144, 4.8112983 ], [ -74.2639969, 4.8113305 ], [ -74.26398, 4.811363 ], [ -74.2639637, 4.8113958 ], [ -74.2639479, 4.8114289 ], [ -74.2639327, 4.8114622 ], [ -74.2639181, 4.8114958 ], [ -74.2639041, 4.8115296 ], [ -74.2638906, 4.8115637 ], [ -74.2638777, 4.8115979 ], [ -74.2638654, 4.8116324 ], [ -74.2638538, 4.8116671 ], [ -74.2638427, 4.811702 ], [ -74.2638322, 4.8117371 ], [ -74.2638223, 4.8117724 ], [ -74.263813, 4.8118078 ], [ -74.2638044, 4.8118434 ], [ -74.2637963, 4.8118791 ], [ -74.2637889, 4.8119149 ], [ -74.263782, 4.8119509 ], [ -74.2637758, 4.811987 ], [ -74.2637703, 4.8120231 ], [ -74.2637653, 4.8120594 ], [ -74.263761, 4.8120958 ], [ -74.2637573, 4.8121322 ], [ -74.2637593, 4.8121435 ], [ -74.2637616, 4.8121547 ], [ -74.263764, 4.8121659 ], [ -74.2637667, 4.8121771 ], [ -74.2637695, 4.8121883 ], [ -74.2637726, 4.8121993 ], [ -74.2637758, 4.8122103 ], [ -74.2637792, 4.8122213 ], [ -74.2637828, 4.8122322 ], [ -74.2637866, 4.8122431 ], [ -74.2637906, 4.8122538 ], [ -74.2637948, 4.8122645 ], [ -74.2637991, 4.8122752 ], [ -74.2638036, 4.8122857 ], [ -74.2638084, 4.8122962 ], [ -74.2638133, 4.8123066 ], [ -74.2638183, 4.8123169 ], [ -74.2638236, 4.8123271 ], [ -74.263829, 4.8123372 ], [ -74.2638346, 4.8123473 ], [ -74.2638404, 4.8123572 ], [ -74.2638464, 4.812367 ], [ -74.2638525, 4.8123768 ], [ -74.2638588, 4.8123864 ], [ -74.2638652, 4.8123959 ], [ -74.2638719, 4.8124053 ], [ -74.2638786, 4.8124146 ], [ -74.2638856, 4.8124237 ], [ -74.2638927, 4.8124328 ], [ -74.2638999, 4.8124417 ], [ -74.2639073, 4.8124505 ], [ -74.2639149, 4.8124592 ], [ -74.2639226, 4.8124677 ], [ -74.2639305, 4.8124761 ], [ -74.2639385, 4.8124843 ], [ -74.2639466, 4.8124925 ], [ -74.2639549, 4.8125005 ], [ -74.2639633, 4.8125083 ], [ -74.2639719, 4.812516 ], [ -74.2639805, 4.8125235 ], [ -74.2639894, 4.8125309 ], [ -74.2639983, 4.8125382 ], [ -74.2640074, 4.8125453 ], [ -74.2640166, 4.8125522 ], [ -74.2640259, 4.8125589 ], [ -74.2640353, 4.8125656 ], [ -74.2640448, 4.812572 ], [ -74.2640545, 4.8125783 ], [ -74.2640642, 4.8125844 ], [ -74.2640741, 4.8125903 ], [ -74.264084, 4.8125961 ], [ -74.2640941, 4.8126017 ], [ -74.2641042, 4.8126071 ], [ -74.2641145, 4.8126124 ], [ -74.2641248, 4.8126175 ], [ -74.2641352, 4.8126224 ], [ -74.2641457, 4.8126271 ], [ -74.2641563, 4.8126316 ], [ -74.264167, 4.812636 ], [ -74.2641777, 4.8126401 ], [ -74.2641885, 4.8126441 ], [ -74.2641994, 4.8126479 ], [ -74.2642103, 4.8126515 ], [ -74.2642213, 4.8126549 ], [ -74.2642408, 4.8126645 ], [ -74.2642604, 4.8126737 ], [ -74.2642802, 4.8126826 ], [ -74.2643001, 4.8126911 ], [ -74.2643202, 4.8126993 ], [ -74.2643404, 4.8127072 ], [ -74.2643608, 4.8127147 ], [ -74.2643812, 4.8127218 ], [ -74.2644018, 4.8127286 ], [ -74.2644225, 4.8127351 ], [ -74.2644433, 4.8127411 ], [ -74.2644643, 4.8127469 ], [ -74.2644853, 4.8127522 ], [ -74.2645064, 4.8127572 ], [ -74.2645276, 4.8127619 ], [ -74.2645488, 4.8127661 ], [ -74.2645702, 4.81277 ], [ -74.2645916, 4.8127736 ], [ -74.264613, 4.8127768 ], [ -74.2646345, 4.8127796 ], [ -74.2646561, 4.812782 ], [ -74.2646777, 4.812784 ], [ -74.2646993, 4.8127857 ], [ -74.2647209, 4.812787 ], [ -74.2647426, 4.812788 ], [ -74.2647643, 4.8127886 ], [ -74.264786, 4.8127888 ], [ -74.2648077, 4.8127886 ], [ -74.2648294, 4.812788 ], [ -74.264851, 4.8127871 ], [ -74.2648727, 4.8127858 ], [ -74.2648943, 4.8127841 ], [ -74.2649159, 4.8127821 ], [ -74.2649375, 4.8127797 ], [ -74.264959, 4.8127769 ], [ -74.2649804, 4.8127737 ], [ -74.2650018, 4.8127702 ], [ -74.2650232, 4.8127663 ], [ -74.2650444, 4.8127621 ], [ -74.2650656, 4.8127575 ], [ -74.2650867, 4.8127525 ], [ -74.2651078, 4.8127471 ], [ -74.2651287, 4.8127414 ], [ -74.2651495, 4.8127354 ], [ -74.2651774, 4.8127698 ], [ -74.2652047, 4.8128047 ], [ -74.2652314, 4.81284 ], [ -74.2652575, 4.8128758 ], [ -74.2652829, 4.8129121 ], [ -74.2653077, 4.8129488 ], [ -74.2653318, 4.8129859 ], [ -74.2653553, 4.8130235 ], [ -74.2653782, 4.8130614 ], [ -74.2654004, 4.8130997 ], [ -74.2654219, 4.8131384 ], [ -74.2654427, 4.8131775 ], [ -74.2654628, 4.8132169 ], [ -74.2654823, 4.8132567 ], [ -74.265501, 4.8132968 ], [ -74.2655191, 4.8133372 ], [ -74.2655364, 4.8133779 ], [ -74.2655531, 4.813419 ], [ -74.2655532, 4.813474 ], [ -74.2655524, 4.8135291 ], [ -74.2655507, 4.8135841 ], [ -74.2655481, 4.8136391 ], [ -74.2655445, 4.813694 ], [ -74.2655401, 4.8137489 ], [ -74.2655348, 4.8138036 ], [ -74.2655285, 4.8138583 ], [ -74.2655214, 4.8139129 ], [ -74.2655133, 4.8139674 ], [ -74.2655044, 4.8140217 ], [ -74.2654945, 4.8140759 ], [ -74.2654838, 4.8141299 ], [ -74.2654722, 4.8141837 ], [ -74.2654597, 4.8142373 ], [ -74.2654463, 4.8142907 ], [ -74.265432, 4.8143439 ], [ -74.265425, 4.8143591 ], [ -74.2654182, 4.8143745 ], [ -74.2654118, 4.81439 ], [ -74.2654056, 4.8144057 ], [ -74.2653996, 4.8144214 ], [ -74.265394, 4.8144372 ], [ -74.2653886, 4.8144531 ], [ -74.2653835, 4.8144691 ], [ -74.2653786, 4.8144852 ], [ -74.2653741, 4.8145014 ], [ -74.2653698, 4.8145176 ], [ -74.2653658, 4.814534 ], [ -74.2653621, 4.8145503 ], [ -74.2653587, 4.8145668 ], [ -74.2653556, 4.8145833 ], [ -74.2653527, 4.8145999 ], [ -74.2653502, 4.8146165 ], [ -74.2653479, 4.8146331 ], [ -74.2653459, 4.8146498 ], [ -74.2653442, 4.8146665 ], [ -74.2653428, 4.8146832 ], [ -74.2653417, 4.8147 ], [ -74.2653409, 4.8147168 ], [ -74.2653404, 4.8147336 ], [ -74.2653401, 4.8147504 ], [ -74.2653402, 4.8147671 ], [ -74.2653405, 4.8147839 ], [ -74.2653411, 4.8148007 ], [ -74.2653421, 4.8148175 ], [ -74.2653433, 4.8148343 ], [ -74.2653448, 4.814851 ], [ -74.2653466, 4.8148677 ], [ -74.2653487, 4.8148844 ], [ -74.265351, 4.814901 ], [ -74.2653537, 4.8149176 ], [ -74.2653566, 4.8149341 ], [ -74.2653599, 4.8149506 ], [ -74.2653634, 4.814967 ], [ -74.2653672, 4.8149834 ], [ -74.2653713, 4.8149997 ], [ -74.2653756, 4.8150159 ], [ -74.2653803, 4.8150321 ], [ -74.2653852, 4.8150481 ], [ -74.2653904, 4.8150641 ], [ -74.2653959, 4.81508 ], [ -74.2654017, 4.8150958 ], [ -74.2654077, 4.8151114 ], [ -74.265414, 4.815127 ], [ -74.2654206, 4.8151425 ], [ -74.2654274, 4.8151579 ], [ -74.2654345, 4.8151731 ], [ -74.2654419, 4.8151882 ], [ -74.2654495, 4.8152032 ], [ -74.2654574, 4.815218 ], [ -74.2654655, 4.8152327 ], [ -74.2654739, 4.8152473 ], [ -74.2654825, 4.8152617 ], [ -74.2654914, 4.815276 ], [ -74.2655006, 4.8152901 ], [ -74.2655099, 4.8153041 ], [ -74.2655196, 4.8153179 ], [ -74.2655294, 4.8153315 ], [ -74.2655395, 4.8153449 ], [ -74.2655498, 4.8153582 ], [ -74.2655604, 4.8153713 ], [ -74.2655712, 4.8153842 ], [ -74.2655822, 4.8153969 ], [ -74.2655934, 4.8154095 ], [ -74.2655925, 4.8154206 ], [ -74.2655914, 4.8154317 ], [ -74.2655901, 4.8154427 ], [ -74.2655887, 4.8154537 ], [ -74.265587, 4.8154648 ], [ -74.2655852, 4.8154757 ], [ -74.2655831, 4.8154867 ], [ -74.2655809, 4.8154976 ], [ -74.2655784, 4.8155084 ], [ -74.2655758, 4.8155193 ], [ -74.265573, 4.81553 ], [ -74.26557, 4.8155408 ], [ -74.2655669, 4.8155514 ], [ -74.2655635, 4.8155621 ], [ -74.26556, 4.8155726 ], [ -74.2655562, 4.8155831 ], [ -74.2655523, 4.8155935 ], [ -74.2655482, 4.8156039 ], [ -74.265544, 4.8156142 ], [ -74.2655395, 4.8156244 ], [ -74.2655349, 4.8156345 ], [ -74.2655301, 4.8156446 ], [ -74.2655251, 4.8156545 ], [ -74.2655199, 4.8156644 ], [ -74.2655146, 4.8156742 ], [ -74.2655091, 4.8156839 ], [ -74.2655035, 4.8156935 ], [ -74.2654976, 4.815703 ], [ -74.2654917, 4.8157124 ], [ -74.2654855, 4.8157217 ], [ -74.2654792, 4.8157309 ], [ -74.2654727, 4.8157399 ], [ -74.2654661, 4.8157489 ], [ -74.2654593, 4.8157578 ], [ -74.2654524, 4.8157665 ], [ -74.2654453, 4.8157751 ], [ -74.265438, 4.8157836 ], [ -74.2654307, 4.8157919 ], [ -74.2654231, 4.8158001 ], [ -74.2654155, 4.8158082 ], [ -74.2654077, 4.8158162 ], [ -74.2653997, 4.815824 ], [ -74.2653916, 4.8158317 ], [ -74.2652742, 4.8159386 ], [ -74.2651584, 4.8160473 ], [ -74.2650443, 4.8161577 ], [ -74.2649318, 4.8162697 ], [ -74.2648211, 4.8163835 ], [ -74.264712, 4.8164988 ], [ -74.2646047, 4.8166158 ], [ -74.2645694, 4.8166228 ], [ -74.2645342, 4.8166303 ], [ -74.2644991, 4.8166384 ], [ -74.2644642, 4.8166472 ], [ -74.2644294, 4.8166565 ], [ -74.2643948, 4.8166664 ], [ -74.2643604, 4.8166768 ], [ -74.2643262, 4.8166879 ], [ -74.2642921, 4.8166995 ], [ -74.2642583, 4.8167117 ], [ -74.2642246, 4.8167245 ], [ -74.2641912, 4.8167379 ], [ -74.264158, 4.8167518 ], [ -74.2641251, 4.8167662 ], [ -74.2640924, 4.8167812 ], [ -74.2640599, 4.8167968 ], [ -74.2640534, 4.8168158 ], [ -74.2640465, 4.8168346 ], [ -74.2640394, 4.8168534 ], [ -74.2640319, 4.816872 ], [ -74.2640241, 4.8168905 ], [ -74.2640159, 4.8169089 ], [ -74.2640075, 4.8169271 ], [ -74.2639987, 4.8169451 ], [ -74.2639897, 4.8169631 ], [ -74.2639803, 4.8169808 ], [ -74.2639706, 4.8169984 ], [ -74.2639607, 4.8170158 ], [ -74.2639504, 4.8170331 ], [ -74.2639399, 4.8170502 ], [ -74.263929, 4.8170671 ], [ -74.2639179, 4.8170838 ], [ -74.2639065, 4.8171003 ], [ -74.2638947, 4.8171167 ], [ -74.2638828, 4.8171328 ], [ -74.2638705, 4.8171487 ], [ -74.263858, 4.8171644 ], [ -74.2638452, 4.8171799 ], [ -74.2638321, 4.8171952 ], [ -74.2638188, 4.8172102 ], [ -74.2638053, 4.817225 ], [ -74.2637914, 4.8172396 ], [ -74.2637774, 4.817254 ], [ -74.263763, 4.8172681 ], [ -74.2637485, 4.817282 ], [ -74.2637337, 4.8172956 ], [ -74.2637187, 4.8173089 ], [ -74.2637034, 4.817322 ], [ -74.263688, 4.8173349 ], [ -74.2636723, 4.8173475 ], [ -74.2636564, 4.8173598 ], [ -74.2636307, 4.8173495 ], [ -74.2636049, 4.8173396 ], [ -74.2635789, 4.8173302 ], [ -74.2635528, 4.8173212 ], [ -74.2635265, 4.8173127 ], [ -74.2635001, 4.8173047 ], [ -74.2634735, 4.8172971 ], [ -74.2634468, 4.8172899 ], [ -74.26342, 4.8172832 ], [ -74.2633931, 4.817277 ], [ -74.263366, 4.8172712 ], [ -74.2633389, 4.817266 ], [ -74.2633117, 4.8172611 ], [ -74.2632844, 4.8172568 ], [ -74.263257, 4.8172529 ], [ -74.2632296, 4.8172495 ], [ -74.2632021, 4.8172465 ], [ -74.2631746, 4.817244 ], [ -74.263147, 4.817242 ], [ -74.2631194, 4.8172405 ], [ -74.2630918, 4.8172395 ], [ -74.2630641, 4.8172389 ], [ -74.2630365, 4.8172388 ], [ -74.2630088, 4.8172392 ], [ -74.2629812, 4.81724 ], [ -74.2629536, 4.8172413 ], [ -74.262926, 4.8172431 ], [ -74.2628984, 4.8172454 ], [ -74.2628709, 4.8172482 ], [ -74.2628435, 4.8172514 ], [ -74.2628161, 4.8172551 ], [ -74.2627888, 4.8172592 ], [ -74.2627835, 4.8172714 ], [ -74.2627779, 4.8172834 ], [ -74.2627722, 4.8172953 ], [ -74.2627663, 4.8173072 ], [ -74.2627602, 4.8173189 ], [ -74.2627538, 4.8173305 ], [ -74.2627473, 4.817342 ], [ -74.2627405, 4.8173534 ], [ -74.2627336, 4.8173647 ], [ -74.2627265, 4.8173759 ], [ -74.2627191, 4.8173869 ], [ -74.2627116, 4.8173978 ], [ -74.2627039, 4.8174086 ], [ -74.262696, 4.8174192 ], [ -74.2626879, 4.8174297 ], [ -74.2626797, 4.81744 ], [ -74.2626712, 4.8174502 ], [ -74.2626626, 4.8174603 ], [ -74.2626538, 4.8174702 ], [ -74.2626448, 4.81748 ], [ -74.2626357, 4.8174896 ], [ -74.2626264, 4.817499 ], [ -74.262617, 4.8175083 ], [ -74.2626073, 4.8175174 ], [ -74.2625975, 4.8175263 ], [ -74.2625876, 4.8175351 ], [ -74.2625775, 4.8175437 ], [ -74.2625673, 4.8175521 ], [ -74.2625569, 4.8175604 ], [ -74.2625464, 4.8175684 ], [ -74.2625357, 4.8175763 ], [ -74.2625249, 4.817584 ], [ -74.262514, 4.8175915 ], [ -74.2625029, 4.8175988 ], [ -74.2624917, 4.817606 ], [ -74.2624804, 4.8176129 ], [ -74.262469, 4.8176196 ], [ -74.2624575, 4.8176261 ], [ -74.2624458, 4.8176325 ], [ -74.262434, 4.8176386 ], [ -74.2624222, 4.8176445 ], [ -74.2624102, 4.8176502 ], [ -74.2623981, 4.8176557 ], [ -74.262386, 4.817661 ], [ -74.2623737, 4.8176661 ], [ -74.2623614, 4.817671 ], [ -74.2623489, 4.8176757 ], [ -74.2623364, 4.8176801 ], [ -74.2623239, 4.8176843 ], [ -74.2623112, 4.8176883 ], [ -74.2622985, 4.8176921 ], [ -74.2622857, 4.8176957 ], [ -74.2622729, 4.817699 ], [ -74.26226, 4.8177021 ], [ -74.262247, 4.817705 ], [ -74.262234, 4.8177077 ], [ -74.262221, 4.8177101 ], [ -74.2622079, 4.8177124 ], [ -74.2621948, 4.8177144 ], [ -74.2621816, 4.8177161 ], [ -74.2621684, 4.8177177 ], [ -74.2621552, 4.817719 ], [ -74.262142, 4.81772 ], [ -74.2621287, 4.8177209 ], [ -74.2621155, 4.8177215 ], [ -74.2621022, 4.8177219 ], [ -74.2620889, 4.817722 ], [ -74.2620756, 4.817722 ], [ -74.2620624, 4.8177217 ], [ -74.2620517, 4.8177241 ], [ -74.262041, 4.8177267 ], [ -74.2620304, 4.8177294 ], [ -74.2620198, 4.8177324 ], [ -74.2620093, 4.8177355 ], [ -74.2619988, 4.8177388 ], [ -74.2619884, 4.8177423 ], [ -74.2619781, 4.817746 ], [ -74.2619678, 4.8177498 ], [ -74.2619576, 4.8177539 ], [ -74.2619475, 4.8177581 ], [ -74.2619374, 4.8177624 ], [ -74.2619274, 4.817767 ], [ -74.2619175, 4.8177717 ], [ -74.2619077, 4.8177766 ], [ -74.261898, 4.8177816 ], [ -74.2618883, 4.8177869 ], [ -74.2618788, 4.8177922 ], [ -74.2618693, 4.8177978 ], [ -74.2618599, 4.8178035 ], [ -74.2618507, 4.8178094 ], [ -74.2618415, 4.8178154 ], [ -74.2618325, 4.8178216 ], [ -74.2618235, 4.8178279 ], [ -74.2618147, 4.8178344 ], [ -74.261806, 4.8178411 ], [ -74.2617974, 4.8178479 ], [ -74.2617889, 4.8178548 ], [ -74.2617805, 4.8178619 ], [ -74.2617723, 4.8178691 ], [ -74.2617642, 4.8178765 ], [ -74.2617562, 4.817884 ], [ -74.2617484, 4.8178917 ], [ -74.2617407, 4.8178995 ], [ -74.2617331, 4.8179074 ], [ -74.2617256, 4.8179154 ], [ -74.2617183, 4.8179236 ], [ -74.2617112, 4.8179319 ], [ -74.2617042, 4.8179403 ], [ -74.2616973, 4.8179488 ], [ -74.2616906, 4.8179575 ], [ -74.261684, 4.8179662 ], [ -74.2616776, 4.8179751 ], [ -74.2616714, 4.8179841 ], [ -74.2616653, 4.8179932 ], [ -74.2616593, 4.8180024 ], [ -74.2616535, 4.8180117 ], [ -74.2616479, 4.8180211 ], [ -74.2616425, 4.8180306 ], [ -74.2616372, 4.8180402 ], [ -74.261632, 4.8180498 ], [ -74.2616271, 4.8180596 ], [ -74.2616223, 4.8180695 ], [ -74.2616177, 4.8180794 ], [ -74.2616132, 4.8180894 ], [ -74.261609, 4.8180995 ], [ -74.2616049, 4.8181096 ], [ -74.261601, 4.8181198 ], [ -74.2615972, 4.8181301 ], [ -74.2615937, 4.8181405 ], [ -74.2615903, 4.8181509 ], [ -74.2615871, 4.8181613 ], [ -74.2615841, 4.8181719 ], [ -74.2615813, 4.8181824 ], [ -74.2615786, 4.818193 ], [ -74.2615762, 4.8182037 ], [ -74.2615739, 4.8182144 ], [ -74.2615718, 4.8182251 ], [ -74.2615699, 4.8182359 ], [ -74.2615682, 4.8182467 ], [ -74.2615666, 4.8182575 ], [ -74.2615653, 4.8182684 ], [ -74.2615641, 4.8182793 ], [ -74.2615632, 4.8182902 ], [ -74.2615624, 4.8183011 ], [ -74.2615618, 4.818312 ], [ -74.2615614, 4.8183229 ], [ -74.2615612, 4.8183339 ], [ -74.2615612, 4.8183448 ], [ -74.2615613, 4.8183557 ], [ -74.2615617, 4.8183667 ], [ -74.2615623, 4.8183776 ], [ -74.261563, 4.8183885 ], [ -74.2615639, 4.8183994 ], [ -74.261565, 4.8184103 ], [ -74.2615664, 4.8184212 ], [ -74.2615678, 4.818432 ], [ -74.2615695, 4.8184428 ], [ -74.2615714, 4.8184536 ], [ -74.2615735, 4.8184643 ], [ -74.2615757, 4.818475 ], [ -74.2615781, 4.8184857 ], [ -74.2615753, 4.8188527 ], [ -74.2615777, 4.8192197 ], [ -74.2615854, 4.8195867 ], [ -74.264982, 4.8258075 ], [ -74.2649855, 4.8258691 ], [ -74.2649901, 4.8259306 ], [ -74.2649957, 4.825992 ], [ -74.2650024, 4.8260534 ], [ -74.2650101, 4.8261146 ], [ -74.2650189, 4.8261756 ], [ -74.2650287, 4.8262365 ], [ -74.2650395, 4.8262972 ], [ -74.2650515, 4.8263578 ], [ -74.2650644, 4.8264181 ], [ -74.2650784, 4.8264782 ], [ -74.2650934, 4.826538 ], [ -74.2651095, 4.8265976 ], [ -74.2651265, 4.8266569 ], [ -74.2651446, 4.8267159 ], [ -74.2651637, 4.8267746 ], [ -74.2651838, 4.8268329 ], [ -74.2651822, 4.8268445 ], [ -74.2651803, 4.826856 ], [ -74.2651783, 4.8268676 ], [ -74.265176, 4.8268791 ], [ -74.2651736, 4.8268905 ], [ -74.265171, 4.8269019 ], [ -74.2651681, 4.8269133 ], [ -74.2651651, 4.8269246 ], [ -74.2651618, 4.8269358 ], [ -74.2651584, 4.826947 ], [ -74.2651548, 4.8269581 ], [ -74.2651509, 4.8269692 ], [ -74.2651469, 4.8269802 ], [ -74.2651427, 4.8269911 ], [ -74.2651383, 4.827002 ], [ -74.2651337, 4.8270127 ], [ -74.265129, 4.8270234 ], [ -74.265124, 4.827034 ], [ -74.2651189, 4.8270446 ], [ -74.2651135, 4.827055 ], [ -74.265108, 4.8270653 ], [ -74.2651023, 4.8270756 ], [ -74.2650965, 4.8270857 ], [ -74.2650904, 4.8270957 ], [ -74.2650842, 4.8271057 ], [ -74.2650778, 4.8271155 ], [ -74.2650713, 4.8271252 ], [ -74.2650645, 4.8271348 ], [ -74.2650576, 4.8271443 ], [ -74.2650506, 4.8271536 ], [ -74.2650434, 4.8271629 ], [ -74.265036, 4.827172 ], [ -74.2650284, 4.8271809 ], [ -74.2650207, 4.8271898 ], [ -74.2650129, 4.8271985 ], [ -74.2650049, 4.827207 ], [ -74.2649967, 4.8272155 ], [ -74.2649885, 4.8272238 ], [ -74.26498, 4.8272319 ], [ -74.2649714, 4.8272399 ], [ -74.2649627, 4.8272477 ], [ -74.2649539, 4.8272554 ], [ -74.2649449, 4.827263 ], [ -74.2649358, 4.8272704 ], [ -74.2649265, 4.8272776 ], [ -74.2649172, 4.8272846 ], [ -74.2649077, 4.8272915 ], [ -74.2648981, 4.8272983 ], [ -74.2648884, 4.8273048 ], [ -74.2648785, 4.8273112 ], [ -74.2648686, 4.8273175 ], [ -74.2648585, 4.8273235 ], [ -74.2648484, 4.8273294 ], [ -74.2648381, 4.8273351 ], [ -74.2648277, 4.8273406 ], [ -74.2648173, 4.8273459 ], [ -74.2648068, 4.8273511 ], [ -74.2647961, 4.8273561 ], [ -74.2647854, 4.8273609 ], [ -74.2647746, 4.8273655 ], [ -74.2647637, 4.8273699 ], [ -74.2647528, 4.8273741 ], [ -74.2647418, 4.8273781 ], [ -74.2647307, 4.827382 ], [ -74.2647195, 4.8273856 ], [ -74.2647083, 4.8273891 ], [ -74.264697, 4.8273923 ], [ -74.2646857, 4.8273954 ], [ -74.2646743, 4.8273983 ], [ -74.2646628, 4.827401 ], [ -74.2646514, 4.8274034 ], [ -74.2646398, 4.8274057 ], [ -74.2646283, 4.8274078 ], [ -74.2646167, 4.8274096 ], [ -74.2646051, 4.8274113 ], [ -74.2645934, 4.8274128 ], [ -74.2645817, 4.827414 ], [ -74.26457, 4.8274151 ], [ -74.2645583, 4.827416 ], [ -74.264544, 4.8274019 ], [ -74.2645294, 4.8273881 ], [ -74.2645146, 4.8273745 ], [ -74.2644995, 4.8273612 ], [ -74.2644842, 4.8273481 ], [ -74.2644687, 4.8273353 ], [ -74.264453, 4.8273228 ], [ -74.2644371, 4.8273106 ], [ -74.2644209, 4.8272986 ], [ -74.2644046, 4.8272869 ], [ -74.264388, 4.8272755 ], [ -74.2643713, 4.8272644 ], [ -74.2643543, 4.8272535 ], [ -74.2643372, 4.827243 ], [ -74.2643199, 4.8272328 ], [ -74.2643024, 4.8272228 ], [ -74.2642847, 4.8272132 ], [ -74.2642669, 4.8272039 ], [ -74.2642489, 4.8271948 ], [ -74.2642308, 4.8271861 ], [ -74.2642125, 4.8271777 ], [ -74.2641941, 4.8271697 ], [ -74.2641755, 4.8271619 ], [ -74.2641568, 4.8271545 ], [ -74.264138, 4.8271473 ], [ -74.2641191, 4.8271405 ], [ -74.2641, 4.8271341 ], [ -74.2640809, 4.827128 ], [ -74.2640616, 4.8271221 ], [ -74.2640422, 4.8271167 ], [ -74.2640228, 4.8271115 ], [ -74.2640032, 4.8271067 ], [ -74.2639836, 4.8271023 ], [ -74.2639639, 4.8270982 ], [ -74.2639441, 4.8270944 ], [ -74.2639243, 4.8270909 ], [ -74.2639044, 4.8270878 ], [ -74.2638845, 4.8270851 ], [ -74.2638645, 4.8270827 ], [ -74.2638445, 4.8270806 ], [ -74.2638244, 4.8270789 ], [ -74.2638043, 4.8270775 ], [ -74.2637842, 4.8270765 ], [ -74.2637641, 4.8270758 ], [ -74.263744, 4.8270755 ], [ -74.2637238, 4.8270755 ], [ -74.2637037, 4.8270758 ], [ -74.2636836, 4.8270765 ], [ -74.2636635, 4.8270776 ], [ -74.2636434, 4.827079 ], [ -74.2636234, 4.8270807 ], [ -74.2636033, 4.8270828 ], [ -74.2635834, 4.8270852 ], [ -74.2635634, 4.827088 ], [ -74.2635435, 4.8270911 ], [ -74.2635237, 4.8270946 ], [ -74.2635039, 4.8270984 ], [ -74.2634843, 4.8271026 ], [ -74.2634646, 4.827107 ], [ -74.2634451, 4.8271119 ], [ -74.2634256, 4.827117 ], [ -74.2634063, 4.8271225 ], [ -74.263387, 4.8271283 ], [ -74.2633679, 4.8271345 ], [ -74.2633547, 4.8271386 ], [ -74.2633415, 4.8271429 ], [ -74.2633285, 4.8271474 ], [ -74.2633155, 4.8271522 ], [ -74.2633026, 4.8271572 ], [ -74.2632898, 4.8271624 ], [ -74.2632771, 4.8271678 ], [ -74.2632645, 4.8271735 ], [ -74.263252, 4.8271794 ], [ -74.2632396, 4.8271855 ], [ -74.2632273, 4.8271918 ], [ -74.2632152, 4.8271983 ], [ -74.2632031, 4.827205 ], [ -74.2631912, 4.8272119 ], [ -74.2631793, 4.8272191 ], [ -74.2631676, 4.8272264 ], [ -74.2631561, 4.8272339 ], [ -74.2631446, 4.8272417 ], [ -74.2631333, 4.8272496 ], [ -74.2631222, 4.8272577 ], [ -74.2631112, 4.8272661 ], [ -74.2631003, 4.8272746 ], [ -74.2630896, 4.8272833 ], [ -74.263079, 4.8272922 ], [ -74.2630686, 4.8273012 ], [ -74.2630584, 4.8273105 ], [ -74.2630483, 4.8273199 ], [ -74.2630384, 4.8273295 ], [ -74.2630286, 4.8273393 ], [ -74.2630191, 4.8273492 ], [ -74.2630097, 4.8273593 ], [ -74.2630004, 4.8273695 ], [ -74.2629914, 4.82738 ], [ -74.2629825, 4.8273905 ], [ -74.2629739, 4.8274013 ], [ -74.2629654, 4.8274121 ], [ -74.2629571, 4.8274231 ], [ -74.262949, 4.8274343 ], [ -74.2629411, 4.8274456 ], [ -74.2629334, 4.827457 ], [ -74.2629259, 4.8274686 ], [ -74.2629186, 4.8274803 ], [ -74.2629115, 4.8274921 ], [ -74.2629046, 4.8275041 ], [ -74.2628979, 4.8275161 ], [ -74.2628914, 4.8275283 ], [ -74.2628852, 4.8275406 ], [ -74.2628791, 4.8275529 ], [ -74.2628733, 4.8275654 ], [ -74.2628677, 4.827578 ], [ -74.2628623, 4.8275907 ], [ -74.2628571, 4.8276035 ], [ -74.2628522, 4.8276163 ], [ -74.2628475, 4.8276293 ], [ -74.262843, 4.8276423 ], [ -74.2628387, 4.8276554 ], [ -74.2628347, 4.8276686 ], [ -74.2628309, 4.8276818 ], [ -74.2628273, 4.8276951 ], [ -74.262824, 4.8277085 ], [ -74.2628209, 4.8277219 ], [ -74.262818, 4.8277354 ], [ -74.2628154, 4.8277489 ], [ -74.262813, 4.8277625 ], [ -74.2628125, 4.8277659 ], [ -74.2627963, 4.8277545 ], [ -74.2627012, 4.8277122 ], [ -74.262606, 4.8276593 ], [ -74.2625214, 4.8275695 ], [ -74.2624368, 4.8274584 ], [ -74.2623945, 4.8273051 ], [ -74.2623945, 4.8271307 ], [ -74.2624051, 4.8269721 ], [ -74.2623681, 4.8268452 ], [ -74.2622994, 4.8267183 ], [ -74.2622254, 4.826602 ], [ -74.2622201, 4.8263536 ], [ -74.2622148, 4.8262267 ], [ -74.2621461, 4.8261157 ], [ -74.2620932, 4.8260628 ], [ -74.2620615, 4.8259729 ], [ -74.2620985, 4.8258566 ], [ -74.2621619, 4.8257668 ], [ -74.2621725, 4.8257033 ], [ -74.2621721, 4.8256995 ], [ -74.2622124, 4.8255875 ], [ -74.2622092, 4.8255258 ], [ -74.2620004, 4.8253316 ], [ -74.2617912, 4.8251368 ], [ -74.2617202, 4.82511 ], [ -74.2616083, 4.8250372 ], [ -74.2614963, 4.8249819 ], [ -74.2613055, 4.8248791 ], [ -74.2612424, 4.8248412 ], [ -74.2611773, 4.8248912 ], [ -74.2611311, 4.8248205 ], [ -74.2610729, 4.824646 ], [ -74.260983, 4.8244927 ], [ -74.2609619, 4.8243129 ], [ -74.2609619, 4.8241491 ], [ -74.2609672, 4.8240328 ], [ -74.2609037, 4.823927 ], [ -74.2607504, 4.8236574 ], [ -74.2605442, 4.8233719 ], [ -74.2604332, 4.8232081 ], [ -74.2603192, 4.8232039 ], [ -74.2602029, 4.823199 ], [ -74.2601108, 4.8231869 ], [ -74.2600163, 4.8231239 ], [ -74.2598442, 4.8229421 ], [ -74.259723, 4.822787 ], [ -74.2596624, 4.8227361 ], [ -74.25958, 4.8228015 ], [ -74.2594976, 4.8228839 ], [ -74.2594079, 4.8230487 ], [ -74.2593279, 4.8232087 ], [ -74.2592843, 4.8233251 ], [ -74.2592431, 4.8234414 ], [ -74.2592261, 4.8235044 ], [ -74.2592213, 4.8235432 ], [ -74.2592237, 4.8236014 ], [ -74.2592601, 4.8236401 ], [ -74.2593061, 4.8236619 ], [ -74.2593982, 4.8236886 ], [ -74.2594564, 4.8236959 ], [ -74.2595291, 4.8237225 ], [ -74.2595618, 4.8237456 ], [ -74.2595848, 4.8237759 ], [ -74.2595848, 4.823805 ], [ -74.25958, 4.8238389 ], [ -74.2595679, 4.8238728 ], [ -74.2595461, 4.8239067 ], [ -74.2595218, 4.8239334 ], [ -74.2594709, 4.8239722 ], [ -74.2593716, 4.8240158 ], [ -74.2593207, 4.824011 ], [ -74.2592601, 4.8239843 ], [ -74.259214, 4.8239649 ], [ -74.2591365, 4.823897 ], [ -74.2590759, 4.8238437 ], [ -74.2590032, 4.8237904 ], [ -74.2589644, 4.8237686 ], [ -74.258928, 4.8237686 ], [ -74.2589014, 4.8237977 ], [ -74.2588408, 4.8239067 ], [ -74.2587826, 4.8239988 ], [ -74.2587026, 4.8240934 ], [ -74.2586444, 4.8241491 ], [ -74.2586202, 4.8241643 ], [ -74.2586042, 4.8241713 ], [ -74.2585201, 4.8241944 ], [ -74.2584462, 4.8242072 ], [ -74.2583799, 4.8242072 ], [ -74.2583187, 4.8242047 ], [ -74.2582703, 4.8241996 ], [ -74.2581912, 4.824174 ], [ -74.2581683, 4.8241715 ], [ -74.2581275, 4.8241485 ], [ -74.2580255, 4.8241331 ], [ -74.2580243, 4.8241658 ], [ -74.2579822, 4.8241511 ], [ -74.2578596, 4.8240745 ], [ -74.2577141, 4.8239137 ], [ -74.257641, 4.8237953 ], [ -74.2575392, 4.8236595 ], [ -74.2574326, 4.8235698 ], [ -74.2573259, 4.8234826 ], [ -74.2572435, 4.8234559 ], [ -74.2571805, 4.8234487 ], [ -74.257132, 4.8234511 ], [ -74.2570884, 4.8234753 ], [ -74.2570375, 4.8235093 ], [ -74.2570205, 4.823548 ], [ -74.2569963, 4.8235989 ], [ -74.2569866, 4.8236547 ], [ -74.2569697, 4.8237177 ], [ -74.2569624, 4.8237953 ], [ -74.2569721, 4.8238389 ], [ -74.2569721, 4.8238946 ], [ -74.2569721, 4.8239431 ], [ -74.2569721, 4.8239819 ], [ -74.2569697, 4.8240304 ], [ -74.2569527, 4.8240716 ], [ -74.2569139, 4.8241006 ], [ -74.2568557, 4.8241249 ], [ -74.2567709, 4.8241249 ], [ -74.2566861, 4.8241103 ], [ -74.2566328, 4.8240716 ], [ -74.2565794, 4.8240061 ], [ -74.2565043, 4.823897 ], [ -74.2564534, 4.8238195 ], [ -74.2564001, 4.8237056 ], [ -74.2563225, 4.8235577 ], [ -74.2562328, 4.8233905 ], [ -74.256165, 4.8232984 ], [ -74.2560923, 4.8232063 ], [ -74.2559638, 4.8230827 ], [ -74.2558475, 4.8229833 ], [ -74.2557117, 4.8228815 ], [ -74.2555712, 4.822804 ], [ -74.255433, 4.8227094 ], [ -74.2553658, 4.8226576 ], [ -74.2553354, 4.8226336 ], [ -74.2552973, 4.8225859 ], [ -74.2552878, 4.8225605 ], [ -74.2553036, 4.8225033 ], [ -74.2553163, 4.8224493 ], [ -74.2553227, 4.8223985 ], [ -74.2553132, 4.8223286 ], [ -74.2552528, 4.8222682 ], [ -74.2551734, 4.8221698 ], [ -74.2551448, 4.8221126 ], [ -74.2551289, 4.8220459 ], [ -74.2551162, 4.8219633 ], [ -74.2551289, 4.8219061 ], [ -74.2551829, 4.8217981 ], [ -74.2552179, 4.8217346 ], [ -74.255221, 4.8216996 ], [ -74.2551956, 4.8216551 ], [ -74.2551321, 4.821544 ], [ -74.2550876, 4.8215027 ], [ -74.2550082, 4.8214995 ], [ -74.2549383, 4.8214995 ], [ -74.2548811, 4.8214931 ], [ -74.2548303, 4.8214709 ], [ -74.2547795, 4.8214264 ], [ -74.2547477, 4.8213788 ], [ -74.2547255, 4.8213057 ], [ -74.254735, 4.8212517 ], [ -74.254735, 4.8211882 ], [ -74.2547572, 4.8211405 ], [ -74.2547541, 4.8211056 ], [ -74.2547064, 4.8210452 ], [ -74.2546747, 4.8210293 ], [ -74.2546238, 4.8210198 ], [ -74.254573, 4.8210262 ], [ -74.2545253, 4.8210611 ], [ -74.2544523, 4.8211151 ], [ -74.2544078, 4.8211564 ], [ -74.2543824, 4.8211786 ], [ -74.254357, 4.8211882 ], [ -74.2543062, 4.821185 ], [ -74.2542807, 4.8211437 ], [ -74.2542617, 4.8210865 ], [ -74.2541886, 4.820934 ], [ -74.2541251, 4.8207943 ], [ -74.2541029, 4.8207403 ], [ -74.2541029, 4.8206577 ], [ -74.2541219, 4.8205719 ], [ -74.2542045, 4.8204639 ], [ -74.2542363, 4.8204131 ], [ -74.2542522, 4.8203463 ], [ -74.2542776, 4.8202638 ], [ -74.2542776, 4.8201526 ], [ -74.2542839, 4.8200827 ], [ -74.254268, 4.8199906 ], [ -74.2542204, 4.8199238 ], [ -74.2541664, 4.8198826 ], [ -74.2541187, 4.819854 ], [ -74.254052, 4.8198349 ], [ -74.253998, 4.8198349 ], [ -74.2539472, 4.8198508 ], [ -74.2538932, 4.8198794 ], [ -74.2538519, 4.8198953 ], [ -74.2538169, 4.819908 ], [ -74.2537534, 4.819908 ], [ -74.2536931, 4.8198762 ], [ -74.2536518, 4.8198444 ], [ -74.2536232, 4.8198063 ], [ -74.2536168, 4.8197523 ], [ -74.2535914, 4.8196951 ], [ -74.2535152, 4.8196665 ], [ -74.2534262, 4.8196602 ], [ -74.2533309, 4.8196792 ], [ -74.2531657, 4.8197682 ], [ -74.2530673, 4.8198254 ], [ -74.2529675, 4.8198738 ], [ -74.2528828, 4.819878 ], [ -74.2526922, 4.8198568 ], [ -74.2525609, 4.8198484 ], [ -74.2524296, 4.8198484 ], [ -74.2522813, 4.819878 ], [ -74.2522136, 4.8199373 ], [ -74.2521924, 4.8200093 ], [ -74.2521966, 4.8201025 ], [ -74.2522178, 4.8201745 ], [ -74.2522644, 4.8202296 ], [ -74.252311, 4.8202931 ], [ -74.252366, 4.8203355 ], [ -74.2523999, 4.8203778 ], [ -74.2524042, 4.8204414 ], [ -74.2523576, 4.8204964 ], [ -74.252222, 4.8206065 ], [ -74.252078, 4.8207463 ], [ -74.2520187, 4.8208014 ], [ -74.2520102, 4.8208819 ], [ -74.2520102, 4.8209581 ], [ -74.2520611, 4.8210343 ], [ -74.2522051, 4.8211148 ], [ -74.2522644, 4.8211487 ], [ -74.2523194, 4.8211995 ], [ -74.2523406, 4.82128 ], [ -74.2523237, 4.821352 ], [ -74.2522813, 4.8214071 ], [ -74.2521797, 4.8214367 ], [ -74.252095, 4.8214537 ], [ -74.2520314, 4.8214875 ], [ -74.2519764, 4.8215299 ], [ -74.2518874, 4.8216146 ], [ -74.2518239, 4.8216612 ], [ -74.2517392, 4.8216824 ], [ -74.2516714, 4.8216824 ], [ -74.2515825, 4.8216824 ], [ -74.2515316, 4.821657 ], [ -74.2514893, 4.8215765 ], [ -74.2514723, 4.8214875 ], [ -74.2514554, 4.8214113 ], [ -74.2514342, 4.8213605 ], [ -74.2513791, 4.8213181 ], [ -74.2513283, 4.8213224 ], [ -74.2512521, 4.8213732 ], [ -74.251197, 4.8214325 ], [ -74.2511208, 4.8215045 ], [ -74.2510827, 4.8215257 ], [ -74.2509471, 4.8215257 ], [ -74.2508582, 4.8215426 ], [ -74.2507057, 4.8217163 ], [ -74.2505702, 4.8219577 ], [ -74.2504388, 4.8221949 ], [ -74.250333, 4.822377 ], [ -74.2502991, 4.8224533 ], [ -74.2503128, 4.8225004 ], [ -74.2503446, 4.8225575 ], [ -74.250351, 4.8225925 ], [ -74.250351, 4.822637 ], [ -74.2503255, 4.8226878 ], [ -74.250297, 4.8227259 ], [ -74.2502652, 4.8227545 ], [ -74.2502017, 4.822764 ], [ -74.2501222, 4.822764 ], [ -74.2500619, 4.822764 ], [ -74.2500015, 4.822764 ], [ -74.2499285, 4.8227863 ], [ -74.249849, 4.8228371 ], [ -74.2498205, 4.8229006 ], [ -74.2498141, 4.8229959 ], [ -74.2498173, 4.8231357 ], [ -74.2498141, 4.8231865 ], [ -74.2497919, 4.8232405 ], [ -74.2497823, 4.8232723 ], [ -74.2497601, 4.8233072 ], [ -74.249741, 4.8233295 ], [ -74.249722, 4.8233485 ], [ -74.2496934, 4.8233644 ], [ -74.249668, 4.8233612 ], [ -74.2496394, 4.8233454 ], [ -74.2496203, 4.8233072 ], [ -74.2496108, 4.8231992 ], [ -74.2496108, 4.8231071 ], [ -74.2496108, 4.8229928 ], [ -74.2496108, 4.822926 ], [ -74.2495917, 4.8228816 ], [ -74.24956, 4.8228403 ], [ -74.249525, 4.8228339 ], [ -74.2494615, 4.8228371 ], [ -74.2494138, 4.8228689 ], [ -74.2493598, 4.8229006 ], [ -74.2493185, 4.8229451 ], [ -74.2492709, 4.8229991 ], [ -74.2492359, 4.8230277 ], [ -74.2491502, 4.8230404 ], [ -74.2490358, 4.8230468 ], [ -74.2489056, 4.8230372 ], [ -74.2488262, 4.8229928 ], [ -74.2487976, 4.8229546 ], [ -74.2487658, 4.8228784 ], [ -74.2487213, 4.8227259 ], [ -74.2486705, 4.8224908 ], [ -74.2485974, 4.8223066 ], [ -74.2485237, 4.8220755 ], [ -74.2485011, 4.8218951 ], [ -74.2484966, 4.8216831 ], [ -74.2484876, 4.8215072 ], [ -74.2484831, 4.82139 ], [ -74.248456, 4.8213268 ], [ -74.2483974, 4.8212998 ], [ -74.2483478, 4.8212998 ], [ -74.2482846, 4.8213404 ], [ -74.248235, 4.8213945 ], [ -74.2481899, 4.8214351 ], [ -74.2481448, 4.8214757 ], [ -74.2480952, 4.8215027 ], [ -74.2480321, 4.8215027 ], [ -74.2479644, 4.8214937 ], [ -74.2479013, 4.8214937 ], [ -74.2478472, 4.8214892 ], [ -74.2477389, 4.8214892 ], [ -74.2476397, 4.8215117 ], [ -74.2476014, 4.8215529 ], [ -74.2475608, 4.8216138 ], [ -74.2475439, 4.8216713 ], [ -74.2475507, 4.8217491 ], [ -74.2476149, 4.8217964 ], [ -74.2477164, 4.8218539 ], [ -74.2478889, 4.8219249 ], [ -74.2479735, 4.8219655 ], [ -74.2479971, 4.8219926 ], [ -74.2480208, 4.8220399 ], [ -74.2480208, 4.822111 ], [ -74.248014, 4.8221549 ], [ -74.247987, 4.8221921 ], [ -74.2479363, 4.8222294 ], [ -74.247872, 4.8222564 ], [ -74.2477976, 4.8222666 ], [ -74.2476961, 4.8222632 ], [ -74.2475574, 4.8222395 ], [ -74.2474666, 4.8221892 ], [ -74.2473042, 4.8221891 ], [ -74.2471238, 4.8221846 ], [ -74.2469299, 4.8221621 ], [ -74.2466954, 4.8221035 ], [ -74.2464158, 4.8220764 ], [ -74.2462985, 4.8220539 ], [ -74.2461091, 4.8220088 ], [ -74.2459919, 4.8219637 ], [ -74.2459197, 4.8219005 ], [ -74.245825, 4.8217517 ], [ -74.2457033, 4.8215443 ], [ -74.245604, 4.8214405 ], [ -74.2455364, 4.8213774 ], [ -74.2454642, 4.8213503 ], [ -74.2453921, 4.8213548 ], [ -74.2453605, 4.8213819 ], [ -74.2453244, 4.821427 ], [ -74.2453244, 4.8214946 ], [ -74.2453289, 4.8215623 ], [ -74.245374, 4.8216435 ], [ -74.2454958, 4.821896 ], [ -74.2457213, 4.8222162 ], [ -74.2458205, 4.8223786 ], [ -74.2458656, 4.8224778 ], [ -74.2458836, 4.8226086 ], [ -74.2458611, 4.8227168 ], [ -74.2457438, 4.8228295 ], [ -74.2456491, 4.8229062 ], [ -74.2455364, 4.8228882 ], [ -74.2454462, 4.8228386 ], [ -74.2453831, 4.8227754 ], [ -74.2453199, 4.8226717 ], [ -74.2452613, 4.8226131 ], [ -74.2451035, 4.8225995 ], [ -74.2450358, 4.8226131 ], [ -74.2449862, 4.8226537 ], [ -74.2449591, 4.8227439 ], [ -74.2449591, 4.8228611 ], [ -74.2449591, 4.8229648 ], [ -74.2449546, 4.823055 ], [ -74.2448825, 4.8231182 ], [ -74.2447427, 4.8231723 ], [ -74.2445668, 4.8232625 ], [ -74.2444676, 4.8232625 ], [ -74.2442646, 4.8232444 ], [ -74.2441023, 4.8232264 ], [ -74.243976, 4.8232264 ], [ -74.2439039, 4.8232489 ], [ -74.2438497, 4.823276 ], [ -74.2438001, 4.823294 ], [ -74.2437099, 4.823294 ], [ -74.2436288, 4.823267 ], [ -74.2435656, 4.8232174 ], [ -74.243507, 4.8231542 ], [ -74.2434213, 4.8230144 ], [ -74.2433672, 4.8229017 ], [ -74.2433401, 4.8228566 ], [ -74.2432544, 4.8228476 ], [ -74.2429523, 4.8228476 ], [ -74.242799, 4.8228386 ], [ -74.2426772, 4.822825 ], [ -74.2426095, 4.822825 ], [ -74.2425419, 4.822825 ], [ -74.2424742, 4.8228521 ], [ -74.2424472, 4.8228701 ], [ -74.2423299, 4.8228837 ], [ -74.2422713, 4.8228746 ], [ -74.2422217, 4.8228295 ], [ -74.2421631, 4.8227709 ], [ -74.2421225, 4.8226942 ], [ -74.2420909, 4.8226176 ], [ -74.2420774, 4.8225454 ], [ -74.2421044, 4.8224868 ], [ -74.2421631, 4.8224146 ], [ -74.2422127, 4.822347 ], [ -74.2422262, 4.8222658 ], [ -74.2422262, 4.8222117 ], [ -74.2421856, 4.822117 ], [ -74.2421405, 4.8220178 ], [ -74.2420954, 4.8219005 ], [ -74.2420999, 4.8218329 ], [ -74.2421315, 4.8217833 ], [ -74.2421811, 4.8217246 ], [ -74.2422307, 4.821648 ], [ -74.2421946, 4.8215894 ], [ -74.242127, 4.8215533 ], [ -74.2420323, 4.8215082 ], [ -74.2419782, 4.8214721 ], [ -74.2419105, 4.8214135 ], [ -74.2418699, 4.8213458 ], [ -74.2418023, 4.8212511 ], [ -74.2417166, 4.821215 ], [ -74.2415633, 4.821197 ], [ -74.2413919, 4.821197 ], [ -74.2412566, 4.8212105 ], [ -74.2411484, 4.8212286 ], [ -74.2410176, 4.8212421 ], [ -74.2409003, 4.8212331 ], [ -74.2408011, 4.8212015 ], [ -74.2406658, 4.8211158 ], [ -74.2405847, 4.8210888 ], [ -74.240508, 4.8211113 ], [ -74.2404764, 4.8211564 ], [ -74.2404674, 4.8212421 ], [ -74.2404945, 4.8213954 ], [ -74.2405531, 4.8214811 ], [ -74.2405756, 4.8215488 ], [ -74.2405756, 4.8216074 ], [ -74.2405396, 4.821648 ], [ -74.2404899, 4.821666 ], [ -74.2403817, 4.821666 ], [ -74.240305, 4.8216209 ], [ -74.2402374, 4.8215894 ], [ -74.2401517, 4.8215623 ], [ -74.2401111, 4.8215623 ], [ -74.240066, 4.8215803 ], [ -74.240039, 4.8216119 ], [ -74.2400209, 4.821666 ], [ -74.2400209, 4.8217156 ], [ -74.2400074, 4.8217562 ], [ -74.2399803, 4.8217833 ], [ -74.2399307, 4.8217923 ], [ -74.2398856, 4.8217607 ], [ -74.2398811, 4.8217021 ], [ -74.2398811, 4.8216254 ], [ -74.2398586, 4.8215758 ], [ -74.2398045, 4.8215668 ], [ -74.2397323, 4.8215848 ], [ -74.2396917, 4.8216209 ], [ -74.2396421, 4.821657 ], [ -74.2395745, 4.821675 ], [ -74.2394933, 4.821675 ], [ -74.2393941, 4.8216705 ], [ -74.2393129, 4.8216615 ], [ -74.2392362, 4.8216886 ], [ -74.2392182, 4.8217292 ], [ -74.2392182, 4.8217607 ], [ -74.2392362, 4.8218058 ], [ -74.2392678, 4.8218419 ], [ -74.2393174, 4.821896 ], [ -74.239376, 4.8219727 ], [ -74.239376, 4.8220764 ], [ -74.2393715, 4.8221891 ], [ -74.2393445, 4.8222748 ], [ -74.2392858, 4.8223244 ], [ -74.2392137, 4.8223695 ], [ -74.2391776, 4.8223876 ], [ -74.2390603, 4.8223921 ], [ -74.2389792, 4.8223876 ], [ -74.2389205, 4.8223695 ], [ -74.2388439, 4.8223425 ], [ -74.2387086, 4.8223335 ], [ -74.2386454, 4.8223695 ], [ -74.2386049, 4.8224462 ], [ -74.2385868, 4.822568 ], [ -74.2386049, 4.8227078 ], [ -74.23865, 4.822798 ], [ -74.2386905, 4.8228791 ], [ -74.2387041, 4.8229648 ], [ -74.238686, 4.823037 ], [ -74.2386409, 4.8230776 ], [ -74.2385913, 4.8230956 ], [ -74.2385056, 4.8230956 ], [ -74.2384109, 4.8230686 ], [ -74.2383388, 4.823028 ], [ -74.2382892, 4.8230144 ], [ -74.238208, 4.8230415 ], [ -74.2381313, 4.8231137 ], [ -74.2380862, 4.8232084 ], [ -74.2380411, 4.8232895 ], [ -74.237987, 4.8233346 ], [ -74.2379329, 4.8233707 ], [ -74.2378698, 4.8233752 ], [ -74.2378247, 4.8233572 ], [ -74.2377841, 4.8233211 ], [ -74.2377254, 4.823267 ], [ -74.2376894, 4.823267 ], [ -74.2376127, 4.8232625 ], [ -74.2375541, 4.823285 ], [ -74.2374504, 4.8233256 ], [ -74.2373917, 4.8233933 ], [ -74.2373105, 4.8234654 ], [ -74.2372339, 4.8236142 ], [ -74.2371347, 4.8238668 ], [ -74.23704, 4.8242546 ], [ -74.2369904, 4.8245072 ], [ -74.2368776, 4.824886 ], [ -74.2366792, 4.825558 ], [ -74.2364853, 4.826045 ], [ -74.23635, 4.8262705 ], [ -74.2361425, 4.8264599 ], [ -74.2360523, 4.8265456 ], [ -74.2359441, 4.8266448 ], [ -74.2358494, 4.826735 ], [ -74.2357411, 4.8268523 ], [ -74.2356464, 4.8269966 ], [ -74.2355608, 4.8271229 ], [ -74.2354615, 4.8272446 ], [ -74.2353353, 4.8273529 ], [ -74.2351143, 4.8274701 ], [ -74.2346453, 4.827664 ], [ -74.234328, 4.8277332 ], [ -74.2265301, 4.8196317 ], [ -74.2272162, 4.8193905 ], [ -74.2294962, 4.8187873 ], [ -74.2245931, 4.8154698 ], [ -74.2225419, 4.8141339 ], [ -74.2214397, 4.8132462 ], [ -74.2212701, 4.8130275 ], [ -74.2211831, 4.8127354 ], [ -74.2216069, 4.8110263 ], [ -74.2217078, 4.8106443 ], [ -74.2220306, 4.809076 ], [ -74.2220911, 4.8085734 ], [ -74.2219701, 4.8075681 ], [ -74.2220104, 4.8071056 ], [ -74.2222929, 4.8059193 ], [ -74.2231605, 4.8046526 ], [ -74.223443, 4.8036875 ], [ -74.2236044, 4.8026621 ], [ -74.2234026, 4.8014758 ], [ -74.2229184, 4.8002895 ], [ -74.224584, 4.7995026 ], [ -74.2243621, 4.7984571 ], [ -74.2246647, 4.7975925 ], [ -74.2253911, 4.796185 ], [ -74.2257433, 4.7954165 ], [ -74.2257341, 4.7938325 ], [ -74.226178, 4.7930685 ], [ -74.2265412, 4.7924251 ], [ -74.2269851, 4.7917414 ], [ -74.2272676, 4.7910176 ], [ -74.2276711, 4.789972 ], [ -74.2277115, 4.7898112 ], [ -74.2278205, 4.7895264 ], [ -74.22831, 4.788716 ], [ -74.2286152, 4.7882693 ], [ -74.2289077, 4.7877397 ], [ -74.2291366, 4.7873249 ], [ -74.2294099, 4.7868527 ], [ -74.2296478, 4.7863568 ], [ -74.229944, 4.7858509 ], [ -74.2301299, 4.7855023 ], [ -74.2303159, 4.7851817 ], [ -74.2305925, 4.7847701 ], [ -74.2309883, 4.7841336 ], [ -74.2312171, 4.7838033 ], [ -74.2315866, 4.7831215 ], [ -74.2321516, 4.7822367 ], [ -74.2326077, 4.7815055 ], [ -74.2337162, 4.7805858 ], [ -74.2348361, 4.7796874 ], [ -74.2381981, 4.7770545 ], [ -74.2386016, 4.7764915 ], [ -74.2385797, 4.7751264 ], [ -74.2387411, 4.7746439 ], [ -74.2389025, 4.774483 ], [ -74.2398759, 4.7736678 ], [ -74.2427527, 4.7692242 ], [ -74.2433177, 4.7678167 ], [ -74.2434791, 4.7672135 ], [ -74.2438423, 4.7651625 ], [ -74.2442055, 4.7641571 ], [ -74.244609, 4.7618246 ], [ -74.2446897, 4.7604171 ], [ -74.2445989, 4.7583963 ], [ -74.2472421, 4.7584566 ], [ -74.2478676, 4.7582555 ], [ -74.2480089, 4.7580746 ], [ -74.248251, 4.7570692 ], [ -74.2483922, 4.7565263 ], [ -74.2485335, 4.7561442 ], [ -74.2486344, 4.7556013 ], [ -74.2529927, 4.7554605 ], [ -74.2531944, 4.7570893 ], [ -74.2567053, 4.7575115 ], [ -74.2561403, 4.7603668 ], [ -74.2563018, 4.7608695 ], [ -74.257008, 4.7614124 ], [ -74.2573106, 4.7620358 ], [ -74.2581379, 4.7635237 ], [ -74.2584607, 4.7642476 ], [ -74.2590257, 4.765997 ], [ -74.2591871, 4.76843 ], [ -74.2650991, 4.7681686 ], [ -74.2640095, 4.763946 ], [ -74.2635051, 4.7618146 ], [ -74.2632226, 4.759462 ], [ -74.2624155, 4.7567072 ], [ -74.2620321, 4.7556013 ], [ -74.2615075, 4.7545557 ], [ -74.2678432, 4.7500716 ], [ -74.2673993, 4.7468945 ], [ -74.2675002, 4.7464522 ], [ -74.2668768, 4.7459783 ], [ -74.2670159, 4.7459293 ], [ -74.2674295, 4.7457685 ], [ -74.2678331, 4.7459092 ], [ -74.2710917, 4.7416966 ], [ -74.2719543, 4.7405366 ], [ -74.2728724, 4.740245 ], [ -74.2734878, 4.7399333 ], [ -74.2740326, 4.7396216 ], [ -74.2744866, 4.7395915 ], [ -74.2752936, 4.7395915 ], [ -74.2762319, 4.7396116 ], [ -74.2766154, 4.7392294 ], [ -74.2795864, 4.7411976 ], [ -74.2811249, 4.7422935 ], [ -74.2878238, 4.7467978 ], [ -74.3058623, 4.757093 ], [ -74.307194, 4.758581 ], [ -74.3095345, 4.7615167 ], [ -74.3111891, 4.7635677 ], [ -74.3136507, 4.7666643 ], [ -74.3165562, 4.7707662 ], [ -74.3190986, 4.773541 ], [ -74.3200267, 4.7762354 ], [ -74.3205178, 4.7761055 ], [ -74.3199713, 4.7768248 ], [ -74.3181351, 4.7787149 ], [ -74.3147655, 4.7737283 ], [ -74.3121626, 4.7758395 ], [ -74.3101651, 4.7773476 ], [ -74.3105081, 4.7787953 ], [ -74.311174, 4.7801425 ], [ -74.3114363, 4.7807859 ], [ -74.3118196, 4.781369 ], [ -74.312546, 4.7814696 ], [ -74.3129899, 4.7812484 ], [ -74.3134742, 4.7809669 ], [ -74.3139382, 4.780806 ], [ -74.3163393, 4.7810674 ], [ -74.3163192, 4.7816002 ], [ -74.3169245, 4.7823442 ], [ -74.3171464, 4.7827665 ], [ -74.3173886, 4.7833697 ] ], [ [ -74.2930749, 4.75909 ], [ -74.2951128, 4.7561744 ], [ -74.3041724, 4.7621866 ], [ -74.3050199, 4.7571395 ], [ -74.3008028, 4.7547266 ], [ -74.293539, 4.7507452 ], [ -74.288192, 4.7561945 ], [ -74.2930749, 4.75909 ] ], [ [ -74.2656438, 4.7894118 ], [ -74.2672479, 4.7899849 ], [ -74.2682467, 4.7887885 ], [ -74.2692959, 4.787381 ], [ -74.2709606, 4.7851491 ], [ -74.2683779, 4.7824447 ], [ -74.2680349, 4.782686 ], [ -74.2675809, 4.7830681 ], [ -74.2673287, 4.7833496 ], [ -74.2670563, 4.7839427 ], [ -74.2670966, 4.7841036 ], [ -74.2665821, 4.7855714 ], [ -74.2636261, 4.7833295 ], [ -74.2623045, 4.7850486 ], [ -74.2616992, 4.7848676 ], [ -74.2599639, 4.7868884 ], [ -74.2657044, 4.7891806 ], [ -74.2656438, 4.7894118 ] ], [ [ -74.2331886, 4.818546 ], [ -74.2455372, 4.8169576 ], [ -74.2460416, 4.8183249 ], [ -74.248705, 4.8177217 ], [ -74.2486445, 4.8165354 ], [ -74.2502385, 4.8160931 ], [ -74.2500367, 4.8071458 ], [ -74.2449318, 4.8076284 ], [ -74.2447502, 4.8084125 ], [ -74.2416833, 4.8084728 ], [ -74.2417438, 4.8126147 ], [ -74.2323008, 4.8123735 ], [ -74.2331886, 4.818546 ] ] ] } },
{ "type": "Feature", "properties": { "id": 0, "layer": "MADRID OFICIAL — ZONA AGROPECUARIA INTENSIVA", "clas_CIAF": "2b" }, "geometry": { "type": "Polygon", "coordinates": [ [ [ -74.2512776, 4.746613 ], [ -74.2506723, 4.746613 ], [ -74.2502284, 4.7467538 ], [ -74.247686, 4.7435968 ], [ -74.248005, 4.7431797 ], [ -74.2494445, 4.7432921 ], [ -74.2512776, 4.746613 ] ] ] } },
{ "type": "Feature", "properties": { "id": 0, "layer": "MADRID OFICIAL — ZONA AGROPECUARIA INTENSIVA", "clas_CIAF": "2b" }, "geometry": { "type": "Polygon", "coordinates": [ [ [ -74.2496029, 4.7472163 ], [ -74.2492397, 4.7475581 ], [ -74.2489099, 4.7477124 ], [ -74.2488361, 4.7477391 ], [ -74.2486142, 4.7479603 ], [ -74.2484931, 4.7482217 ], [ -74.248473, 4.7492874 ], [ -74.2482462, 4.7494327 ], [ -74.2481905, 4.7494684 ], [ -74.2480605, 4.7495155 ], [ -74.2478475, 4.7496292 ], [ -74.2480089, 4.7502928 ], [ -74.2478475, 4.750514 ], [ -74.2478475, 4.7506547 ], [ -74.248473, 4.7511775 ], [ -74.2486142, 4.7517808 ], [ -74.2439936, 4.7516601 ], [ -74.2445384, 4.7473168 ], [ -74.2452244, 4.7463315 ], [ -74.2462938, 4.7442805 ], [ -74.2496029, 4.7472163 ] ] ] } },
{ "type": "Feature", "properties": { "id": 0, "layer": "MADRID OFICIAL — ZONA DE CENTROS POBLADOS", "clas_CIAF": "1a" }, "geometry": { "type": "Polygon", "coordinates": [ [ [ -74.2683779, 4.7824447 ], [ -74.2709606, 4.7851491 ], [ -74.2692959, 4.787381 ], [ -74.2682467, 4.7887885 ], [ -74.2672479, 4.7899849 ], [ -74.2656438, 4.7894118 ], [ -74.2657044, 4.7891806 ], [ -74.2599639, 4.7868884 ], [ -74.2616992, 4.7848676 ], [ -74.2623045, 4.7850486 ], [ -74.2636261, 4.7833295 ], [ -74.2665821, 4.7855714 ], [ -74.2670966, 4.7841036 ], [ -74.2670563, 4.7839427 ], [ -74.2673287, 4.7833496 ], [ -74.2675809, 4.7830681 ], [ -74.2680349, 4.782686 ], [ -74.2683779, 4.7824447 ] ] ] } },
{ "type": "Feature", "properties": { "id": 0, "layer": "MADRID OFICIAL — ZONA DE CENTROS POBLADOS", "clas_CIAF": "1a" }, "geometry": { "type": "Polygon", "coordinates": [ [ [ -74.2500367, 4.8071458 ], [ -74.2502385, 4.8160931 ], [ -74.2486445, 4.8165354 ], [ -74.248705, 4.8177217 ], [ -74.2460416, 4.8183249 ], [ -74.2455372, 4.8169576 ], [ -74.2331886, 4.818546 ], [ -74.2323008, 4.8123735 ], [ -74.2417438, 4.8126147 ], [ -74.2416833, 4.8084728 ], [ -74.2447502, 4.8084125 ], [ -74.2449318, 4.8076284 ], [ -74.2500367, 4.8071458 ] ] ] } },
{ "type": "Feature", "properties": { "id": 0, "layer": "MADRID OFICIAL — ZONA DE CENTROS POBLADOS", "clas_CIAF": "1a" }, "geometry": { "type": "Polygon", "coordinates": [ [ [ -74.2120983, 4.7995154 ], [ -74.2119648, 4.7996549 ], [ -74.2117957, 4.7997668 ], [ -74.2116757, 4.7998152 ], [ -74.2116241, 4.7998321 ], [ -74.2115502, 4.7998451 ], [ -74.2114123, 4.7998673 ], [ -74.2113157, 4.7998913 ], [ -74.21115, 4.7999276 ], [ -74.2109835, 4.8000633 ], [ -74.21092, 4.8001353 ], [ -74.2108317, 4.800246 ], [ -74.2107717, 4.8003297 ], [ -74.2107536, 4.8003733 ], [ -74.2106916, 4.8005226 ], [ -74.2106374, 4.8006547 ], [ -74.2105749, 4.8008123 ], [ -74.2105144, 4.8010083 ], [ -74.2104841, 4.8011591 ], [ -74.2104561, 4.8012266 ], [ -74.2103631, 4.8014507 ], [ -74.2103126, 4.801697 ], [ -74.2103479, 4.8019433 ], [ -74.2104296, 4.8023577 ], [ -74.2077451, 4.8034764 ], [ -74.2067434, 4.8008146 ], [ -74.2072577, 4.800481 ], [ -74.2086594, 4.7996168 ], [ -74.209218, 4.7995757 ], [ -74.2097224, 4.7995556 ], [ -74.2101663, 4.7994752 ], [ -74.2105093, 4.7993144 ], [ -74.2108178, 4.7991034 ], [ -74.2110757, 4.7989782 ], [ -74.2120983, 4.7995154 ] ] ] } },
{ "type": "Feature", "properties": { "id": 0, "layer": "MADRID OFICIAL — ZONA DE EXPANCION COMERCIAL", "clas_CIAF": "1a" }, "geometry": { "type": "MultiPolygon", "coordinates": [ [ [ [ -74.2171679, 4.825 ], [ -74.2177732, 4.824236 ], [ -74.2182373, 4.8235826 ], [ -74.2189334, 4.8224265 ], [ -74.2191553, 4.8220042 ], [ -74.2194983, 4.8214815 ], [ -74.21969, 4.8211598 ], [ -74.2197001, 4.8210593 ], [ -74.219852, 4.8207182 ], [ -74.2240261, 4.8199592 ], [ -74.2314693, 4.8275379 ], [ -74.2314163, 4.8275603 ], [ -74.2313712, 4.8276415 ], [ -74.2313441, 4.8277001 ], [ -74.2312043, 4.8279121 ], [ -74.2311321, 4.8280158 ], [ -74.231078, 4.8280654 ], [ -74.2310194, 4.828106 ], [ -74.2307894, 4.828106 ], [ -74.2305008, 4.8280925 ], [ -74.2302798, 4.8281015 ], [ -74.2301535, 4.828124 ], [ -74.2300227, 4.8281872 ], [ -74.2298829, 4.8282683 ], [ -74.2297792, 4.8283179 ], [ -74.2296935, 4.8283721 ], [ -74.2295808, 4.8284262 ], [ -74.2295131, 4.8284352 ], [ -74.2294365, 4.8284217 ], [ -74.2293643, 4.828363 ], [ -74.2293598, 4.8282909 ], [ -74.2293733, 4.8281962 ], [ -74.2293869, 4.8281105 ], [ -74.2293643, 4.8280564 ], [ -74.2292831, 4.8280383 ], [ -74.2291794, 4.8280293 ], [ -74.2290802, 4.8280248 ], [ -74.2290125, 4.8280383 ], [ -74.2289629, 4.8280609 ], [ -74.2289088, 4.8280654 ], [ -74.2288727, 4.8280609 ], [ -74.2288322, 4.8280338 ], [ -74.2288231, 4.8279932 ], [ -74.2288322, 4.8279301 ], [ -74.2288637, 4.8278625 ], [ -74.2288502, 4.8278128 ], [ -74.2287916, 4.8277903 ], [ -74.2287375, 4.8277903 ], [ -74.2286518, 4.8277903 ], [ -74.2285706, 4.8277903 ], [ -74.2285029, 4.8277723 ], [ -74.2284578, 4.8277678 ], [ -74.2284353, 4.8277407 ], [ -74.2284353, 4.8276956 ], [ -74.2284488, 4.827646 ], [ -74.2284939, 4.8275919 ], [ -74.228521, 4.8275423 ], [ -74.2285255, 4.8274791 ], [ -74.228512, 4.8274295 ], [ -74.2284624, 4.8273979 ], [ -74.2283631, 4.8273844 ], [ -74.2283135, 4.8273844 ], [ -74.2282369, 4.827425 ], [ -74.2281918, 4.8274566 ], [ -74.2281512, 4.8274881 ], [ -74.2281241, 4.8275107 ], [ -74.228052, 4.8275513 ], [ -74.2279708, 4.8275513 ], [ -74.2278941, 4.8275603 ], [ -74.2278445, 4.8275693 ], [ -74.2277724, 4.8275874 ], [ -74.2276867, 4.8276099 ], [ -74.2276055, 4.8276595 ], [ -74.2275424, 4.8277136 ], [ -74.2275333, 4.8278038 ], [ -74.2275153, 4.8279842 ], [ -74.2274837, 4.8281466 ], [ -74.2274567, 4.8282368 ], [ -74.2274026, 4.8283134 ], [ -74.2272177, 4.8285434 ], [ -74.2270102, 4.8287328 ], [ -74.2267306, 4.8288862 ], [ -74.2264871, 4.829017 ], [ -74.2263067, 4.8291613 ], [ -74.2261218, 4.8293372 ], [ -74.2258106, 4.8295897 ], [ -74.2255671, 4.8298287 ], [ -74.2253551, 4.8300452 ], [ -74.2251837, 4.8302887 ], [ -74.2251116, 4.8304421 ], [ -74.2250755, 4.8305593 ], [ -74.225071, 4.8307622 ], [ -74.2250665, 4.8309787 ], [ -74.2250665, 4.8311771 ], [ -74.2250349, 4.8313575 ], [ -74.2249447, 4.8314838 ], [ -74.2248049, 4.8317048 ], [ -74.224593, 4.8319618 ], [ -74.2244847, 4.832016 ], [ -74.2242141, 4.8321062 ], [ -74.2240563, 4.8321783 ], [ -74.2239706, 4.8322324 ], [ -74.2239616, 4.8323181 ], [ -74.2239571, 4.8324985 ], [ -74.2239526, 4.832706 ], [ -74.2239314, 4.8328151 ], [ -74.2164919, 4.8262365 ], [ -74.2171679, 4.825 ] ] ] ] } },
{ "type": "Feature", "properties": { "id": 0, "layer": "MADRID OFICIAL — ZONA DE EXPANCION COMERCIAL", "clas_CIAF": "1a" }, "geometry": { "type": "Polygon", "coordinates": [ [ [ -74.1752218, 4.8538914 ], [ -74.1743844, 4.8532481 ], [ -74.1743753, 4.8532431 ], [ -74.1743661, 4.8532383 ], [ -74.1743569, 4.8532337 ], [ -74.1743475, 4.8532292 ], [ -74.1743381, 4.8532249 ], [ -74.1743286, 4.8532208 ], [ -74.174319, 4.8532168 ], [ -74.1743094, 4.853213 ], [ -74.1742997, 4.8532093 ], [ -74.1742899, 4.8532058 ], [ -74.1742801, 4.8532025 ], [ -74.1742702, 4.8531994 ], [ -74.1742603, 4.8531964 ], [ -74.1742503, 4.8531936 ], [ -74.1742403, 4.853191 ], [ -74.1742302, 4.8531885 ], [ -74.1742201, 4.8531863 ], [ -74.17421, 4.8531842 ], [ -74.1741998, 4.8531822 ], [ -74.1741896, 4.8531805 ], [ -74.1741793, 4.8531789 ], [ -74.1741691, 4.8531775 ], [ -74.1741588, 4.8531763 ], [ -74.1741484, 4.8531753 ], [ -74.1741381, 4.8531744 ], [ -74.1741278, 4.8531737 ], [ -74.1741174, 4.8531732 ], [ -74.1741071, 4.8531729 ], [ -74.1740967, 4.8531728 ], [ -74.1740863, 4.8531728 ], [ -74.174076, 4.853173 ], [ -74.1740656, 4.8531734 ], [ -74.1740553, 4.853174 ], [ -74.1740449, 4.8531748 ], [ -74.1740346, 4.8531757 ], [ -74.1740243, 4.8531768 ], [ -74.174014, 4.8531781 ], [ -74.1740037, 4.8531796 ], [ -74.1739935, 4.8531812 ], [ -74.1739833, 4.8531831 ], [ -74.1739731, 4.8531851 ], [ -74.173963, 4.8531872 ], [ -74.1739529, 4.8531896 ], [ -74.1739428, 4.8531921 ], [ -74.1739328, 4.8531948 ], [ -74.1739229, 4.8531977 ], [ -74.173913, 4.8532007 ], [ -74.1739031, 4.853204 ], [ -74.1738933, 4.8532073 ], [ -74.1738836, 4.8532109 ], [ -74.1738739, 4.8532146 ], [ -74.1738643, 4.8532185 ], [ -74.1738548, 4.8532226 ], [ -74.1738453, 4.8532268 ], [ -74.1738359, 4.8532312 ], [ -74.1738266, 4.8532357 ], [ -74.1738174, 4.8532404 ], [ -74.1738083, 4.8532453 ], [ -74.1737992, 4.8532503 ], [ -74.1737902, 4.8532555 ], [ -74.1737814, 4.8532608 ], [ -74.1737726, 4.8532663 ], [ -74.1737639, 4.853272 ], [ -74.1737553, 4.8532777 ], [ -74.1737468, 4.8532837 ], [ -74.1737384, 4.8532898 ], [ -74.1737302, 4.853296 ], [ -74.173722, 4.8533024 ], [ -74.173714, 4.8533089 ], [ -74.173706, 4.8533155 ], [ -74.1736982, 4.8533223 ], [ -74.1736905, 4.8533292 ], [ -74.1736829, 4.8533363 ], [ -74.1736755, 4.8533434 ], [ -74.1736681, 4.8533508 ], [ -74.173661, 4.8533582 ], [ -74.1736539, 4.8533657 ], [ -74.1736469, 4.8533734 ], [ -74.1736402, 4.8533812 ], [ -74.1736335, 4.8533891 ], [ -74.173627, 4.8533972 ], [ -74.1736206, 4.8534053 ], [ -74.1736143, 4.8534135 ], [ -74.1736082, 4.8534219 ], [ -74.1736023, 4.8534304 ], [ -74.1735965, 4.8534389 ], [ -74.1735909, 4.8534476 ], [ -74.1735854, 4.8534563 ], [ -74.17358, 4.8534652 ], [ -74.1735748, 4.8534741 ], [ -74.1735698, 4.8534832 ], [ -74.1735649, 4.8534923 ], [ -74.1735602, 4.8535015 ], [ -74.1735557, 4.8535108 ], [ -74.1735513, 4.8535201 ], [ -74.173547, 4.8535296 ], [ -74.171832, 4.8519714 ], [ -74.1721044, 4.8506445 ], [ -74.1724272, 4.8492472 ], [ -74.1729316, 4.8467441 ], [ -74.1733936, 4.8454196 ], [ -74.1738699, 4.8441003 ], [ -74.1739547, 4.8440437 ], [ -74.1740405, 4.8439886 ], [ -74.1741272, 4.843935 ], [ -74.1742149, 4.8438829 ], [ -74.1743034, 4.8438323 ], [ -74.1743928, 4.8437832 ], [ -74.174483, 4.8437357 ], [ -74.1745741, 4.8436897 ], [ -74.1746659, 4.8436452 ], [ -74.1747585, 4.8436024 ], [ -74.1748518, 4.8435611 ], [ -74.1749458, 4.8435215 ], [ -74.1750404, 4.8434835 ], [ -74.1751357, 4.8434471 ], [ -74.1752316, 4.8434123 ], [ -74.1753281, 4.8433792 ], [ -74.1754252, 4.8433477 ], [ -74.1755228, 4.8433179 ], [ -74.1756209, 4.8432898 ], [ -74.1757195, 4.8432634 ], [ -74.1758185, 4.8432387 ], [ -74.1759179, 4.8432156 ], [ -74.1762815, 4.8430714 ], [ -74.176643, 4.8429219 ], [ -74.1770023, 4.8427671 ], [ -74.1773592, 4.8426069 ], [ -74.1777137, 4.8424416 ], [ -74.1777708, 4.8424373 ], [ -74.1778278, 4.842432 ], [ -74.1778847, 4.8424258 ], [ -74.1779415, 4.8424187 ], [ -74.1779982, 4.8424106 ], [ -74.1780547, 4.8424015 ], [ -74.1781111, 4.8423916 ], [ -74.1781673, 4.8423806 ], [ -74.1782233, 4.8423687 ], [ -74.1782791, 4.8423559 ], [ -74.1783347, 4.8423422 ], [ -74.17839, 4.8423275 ], [ -74.1784451, 4.8423119 ], [ -74.1784999, 4.8422954 ], [ -74.1785545, 4.842278 ], [ -74.1786087, 4.8422596 ], [ -74.1786626, 4.8422404 ], [ -74.1787162, 4.8422203 ], [ -74.1787694, 4.8421992 ], [ -74.1788223, 4.8421773 ], [ -74.1788748, 4.8421545 ], [ -74.1789269, 4.8421308 ], [ -74.1789786, 4.8421062 ], [ -74.1790298, 4.8420808 ], [ -74.1790807, 4.8420546 ], [ -74.1827121, 4.8448359 ], [ -74.1827, 4.8449145 ], [ -74.1826798, 4.8453568 ], [ -74.1829017, 4.8455679 ], [ -74.1829522, 4.8458896 ], [ -74.1829522, 4.8460103 ], [ -74.182932, 4.846352 ], [ -74.1829017, 4.8466536 ], [ -74.1829623, 4.8470758 ], [ -74.1828715, 4.8472869 ], [ -74.1825688, 4.8473271 ], [ -74.1822561, 4.8471764 ], [ -74.1819837, 4.847106 ], [ -74.1818223, 4.8471361 ], [ -74.1814893, 4.847307 ], [ -74.1812169, 4.8473674 ], [ -74.1809042, 4.8475282 ], [ -74.1807428, 4.8478197 ], [ -74.1807226, 4.8482319 ], [ -74.1808336, 4.8484832 ], [ -74.1809345, 4.8487747 ], [ -74.1808336, 4.8488652 ], [ -74.1803998, 4.849026 ], [ -74.1802888, 4.8492673 ], [ -74.1804098, 4.8495287 ], [ -74.1803998, 4.84978 ], [ -74.1802787, 4.8498704 ], [ -74.1800063, 4.8498403 ], [ -74.1796633, 4.8498704 ], [ -74.1796028, 4.8501419 ], [ -74.1793606, 4.8504937 ], [ -74.1791589, 4.8508154 ], [ -74.178947, 4.8509662 ], [ -74.1785132, 4.8510466 ], [ -74.1777767, 4.8509863 ], [ -74.1773631, 4.8510064 ], [ -74.1771109, 4.8512074 ], [ -74.1770705, 4.851509 ], [ -74.1768586, 4.8516296 ], [ -74.1766569, 4.8513381 ], [ -74.1765762, 4.8512074 ], [ -74.1764551, 4.8510164 ], [ -74.1762937, 4.8511069 ], [ -74.1761323, 4.8513683 ], [ -74.1758498, 4.8518709 ], [ -74.175759, 4.8521323 ], [ -74.1757186, 4.8523233 ], [ -74.1755471, 4.8522629 ], [ -74.1752445, 4.8522227 ], [ -74.1751032, 4.852273 ], [ -74.1749216, 4.8523434 ], [ -74.1748813, 4.8525042 ], [ -74.1748308, 4.852655 ], [ -74.1749317, 4.8528962 ], [ -74.1749721, 4.8529365 ], [ -74.1752142, 4.8531576 ], [ -74.1753958, 4.8532782 ], [ -74.1753756, 4.8533486 ], [ -74.1753857, 4.8536602 ], [ -74.1754361, 4.8537306 ], [ -74.1755572, 4.8537909 ], [ -74.1755673, 4.8539417 ], [ -74.1755673, 4.8540221 ], [ -74.1754462, 4.8540724 ], [ -74.1752218, 4.8538914 ] ] ] } },
{ "type": "Feature", "properties": { "id": 0, "layer": "MADRID OFICIAL — ZONA DE RESTAURACION MORFOLOGICA", "clas_CIAF": "5b" }, "geometry": { "type": "Polygon", "coordinates": [ [ [ -74.2120832, 4.8009028 ], [ -74.2118965, 4.8011591 ], [ -74.2118259, 4.8014004 ], [ -74.2118057, 4.8016015 ], [ -74.2118259, 4.8017824 ], [ -74.2121336, 4.8018126 ], [ -74.2123808, 4.8018629 ], [ -74.2125422, 4.8019131 ], [ -74.2126734, 4.8019584 ], [ -74.2126381, 4.8024158 ], [ -74.2125826, 4.8025163 ], [ -74.212401, 4.8026923 ], [ -74.2123102, 4.8027827 ], [ -74.2121841, 4.8029386 ], [ -74.2120882, 4.8031044 ], [ -74.2120277, 4.8032804 ], [ -74.2119924, 4.8034261 ], [ -74.2118764, 4.8036172 ], [ -74.2117049, 4.8038082 ], [ -74.2115939, 4.8038986 ], [ -74.2114224, 4.8040243 ], [ -74.2112357, 4.8041902 ], [ -74.2111096, 4.8042907 ], [ -74.2108927, 4.8045119 ], [ -74.2108524, 4.8045823 ], [ -74.2107111, 4.8047582 ], [ -74.2106203, 4.8048336 ], [ -74.2105749, 4.8048688 ], [ -74.2104488, 4.8048085 ], [ -74.2103883, 4.8047331 ], [ -74.2102924, 4.8047331 ], [ -74.2101411, 4.804904 ], [ -74.2100806, 4.8050598 ], [ -74.2100453, 4.8052407 ], [ -74.2100503, 4.8053815 ], [ -74.2099595, 4.8056378 ], [ -74.2098385, 4.8057535 ], [ -74.2096014, 4.805854 ], [ -74.2094097, 4.8057736 ], [ -74.2092331, 4.8055826 ], [ -74.2091373, 4.8054519 ], [ -74.209102, 4.8053564 ], [ -74.2090616, 4.8051101 ], [ -74.208996, 4.8048587 ], [ -74.2089406, 4.8045571 ], [ -74.2089355, 4.8043711 ], [ -74.2089809, 4.80416 ], [ -74.2091524, 4.8039288 ], [ -74.2093946, 4.8036724 ], [ -74.2095106, 4.8035116 ], [ -74.2095509, 4.803401 ], [ -74.2095509, 4.8031698 ], [ -74.2096064, 4.803024 ], [ -74.2097073, 4.8029084 ], [ -74.2099494, 4.8029034 ], [ -74.2101361, 4.8028833 ], [ -74.2102218, 4.8028481 ], [ -74.2103126, 4.8027174 ], [ -74.2104236, 4.802451 ], [ -74.2104337, 4.8022952 ], [ -74.2104034, 4.8021494 ], [ -74.2103479, 4.8019433 ], [ -74.2103126, 4.801697 ], [ -74.2103631, 4.8014507 ], [ -74.2104841, 4.8011591 ], [ -74.2105144, 4.8010083 ], [ -74.2105749, 4.8008123 ], [ -74.2106506, 4.8006213 ], [ -74.2107717, 4.8003297 ], [ -74.2108725, 4.800189 ], [ -74.2109835, 4.8000633 ], [ -74.2110894, 4.7999779 ], [ -74.21115, 4.7999276 ], [ -74.2114123, 4.7998673 ], [ -74.2116241, 4.7998321 ], [ -74.2117957, 4.7997668 ], [ -74.2119218, 4.7996763 ], [ -74.2120983, 4.7995154 ], [ -74.2121639, 4.7992641 ], [ -74.2121891, 4.7990831 ], [ -74.2122446, 4.7989072 ], [ -74.2123253, 4.7987665 ], [ -74.2124766, 4.7986157 ], [ -74.2125725, 4.7985553 ], [ -74.2125826, 4.7985352 ], [ -74.2126885, 4.7984347 ], [ -74.2129256, 4.7982537 ], [ -74.2131778, 4.7979722 ], [ -74.2132484, 4.7978265 ], [ -74.2133443, 4.7976958 ], [ -74.2134502, 4.7975148 ], [ -74.2135511, 4.7973942 ], [ -74.2136368, 4.7973188 ], [ -74.2137226, 4.7972635 ], [ -74.2138487, 4.7972082 ], [ -74.2139395, 4.7971881 ], [ -74.2139899, 4.797168 ], [ -74.2141581, 4.7971932 ], [ -74.2141514, 4.7972434 ], [ -74.2142522, 4.7973942 ], [ -74.2142522, 4.7974947 ], [ -74.2140606, 4.7977058 ], [ -74.2138588, 4.7978466 ], [ -74.2136873, 4.7980979 ], [ -74.2134754, 4.7983492 ], [ -74.2133543, 4.7985805 ], [ -74.2133241, 4.7989122 ], [ -74.2132333, 4.7992641 ], [ -74.2132232, 4.7995355 ], [ -74.2130214, 4.7998271 ], [ -74.2126078, 4.8003197 ], [ -74.2120832, 4.8009028 ] ] ] } },
{ "type": "Feature", "properties": { "id": 0, "layer": "MADRID OFICIAL — ZONA DE RESTAURACION MORFOLOGICA", "clas_CIAF": "5b" }, "geometry": { "type": "MultiPolygon", "coordinates": [ [ [ [ -74.199142, 4.8483726 ], [ -74.199606, 4.8479202 ], [ -74.1996559, 4.847859 ], [ -74.1997069, 4.8477986 ], [ -74.1997589, 4.8477391 ], [ -74.1998119, 4.8476805 ], [ -74.1998659, 4.8476228 ], [ -74.1999209, 4.847566 ], [ -74.1999769, 4.8475102 ], [ -74.2000339, 4.8474554 ], [ -74.2000918, 4.8474016 ], [ -74.2001506, 4.8473488 ], [ -74.2002103, 4.8472969 ], [ -74.2002709, 4.8472462 ], [ -74.2003324, 4.8471965 ], [ -74.2003752, 4.8471739 ], [ -74.2004177, 4.8471506 ], [ -74.2004597, 4.8471265 ], [ -74.2005013, 4.8471018 ], [ -74.2005425, 4.8470764 ], [ -74.2005833, 4.8470503 ], [ -74.2006236, 4.8470235 ], [ -74.2006634, 4.8469961 ], [ -74.2007028, 4.846968 ], [ -74.2007417, 4.8469392 ], [ -74.2007801, 4.8469098 ], [ -74.2008181, 4.8468798 ], [ -74.2008555, 4.8468491 ], [ -74.2008924, 4.8468178 ], [ -74.2009287, 4.8467859 ], [ -74.2009645, 4.8467534 ], [ -74.2009998, 4.8467203 ], [ -74.2010345, 4.8466866 ], [ -74.2010686, 4.8466523 ], [ -74.2011021, 4.8466175 ], [ -74.2011351, 4.8465821 ], [ -74.2011674, 4.8465462 ], [ -74.2011992, 4.8465097 ], [ -74.2012303, 4.8464727 ], [ -74.2014065, 4.8464091 ], [ -74.2015817, 4.8463427 ], [ -74.2017557, 4.8462735 ], [ -74.2019286, 4.8462014 ], [ -74.2021002, 4.8461265 ], [ -74.2022706, 4.8460488 ], [ -74.2024397, 4.8459683 ], [ -74.2026075, 4.8458851 ], [ -74.2027739, 4.8457992 ], [ -74.2044587, 4.8474076 ], [ -74.2050136, 4.8470155 ], [ -74.207311, 4.8504612 ], [ -74.2071995, 4.8504634 ], [ -74.2070825, 4.8504676 ], [ -74.206886, 4.8505178 ], [ -74.2067438, 4.850547 ], [ -74.2066561, 4.850593 ], [ -74.2066143, 4.8506306 ], [ -74.2065678, 4.8506931 ], [ -74.2065678, 4.8507544 ], [ -74.206618, 4.8507934 ], [ -74.2066849, 4.8508018 ], [ -74.2067406, 4.8508436 ], [ -74.2067685, 4.8508826 ], [ -74.2067406, 4.8509161 ], [ -74.2066793, 4.8509439 ], [ -74.2064675, 4.8509718 ], [ -74.2063114, 4.8510164 ], [ -74.2061888, 4.8510387 ], [ -74.2060829, 4.8511 ], [ -74.2060327, 4.8511557 ], [ -74.2060327, 4.8512839 ], [ -74.2060216, 4.8513954 ], [ -74.2059993, 4.8514902 ], [ -74.2059435, 4.8515626 ], [ -74.2058711, 4.8515738 ], [ -74.2057763, 4.8515682 ], [ -74.2056537, 4.8515348 ], [ -74.2055645, 4.8515069 ], [ -74.2055088, 4.8515069 ], [ -74.205453, 4.8515292 ], [ -74.2053304, 4.8516295 ], [ -74.2052022, 4.8517633 ], [ -74.2051186, 4.8518358 ], [ -74.2051297, 4.8520531 ], [ -74.2051019, 4.852343 ], [ -74.2050684, 4.8524099 ], [ -74.2049792, 4.8524656 ], [ -74.2049291, 4.85246 ], [ -74.2048845, 4.8523876 ], [ -74.2048455, 4.8522817 ], [ -74.2047897, 4.8520364 ], [ -74.204773, 4.8519249 ], [ -74.2047061, 4.8518915 ], [ -74.2046002, 4.8518748 ], [ -74.20455, 4.8519026 ], [ -74.2045054, 4.8519472 ], [ -74.2044943, 4.8520197 ], [ -74.2044943, 4.8521312 ], [ -74.2044943, 4.852304 ], [ -74.204472, 4.8527666 ], [ -74.2044274, 4.8529728 ], [ -74.2044051, 4.8530286 ], [ -74.2043773, 4.8531289 ], [ -74.2043382, 4.8531846 ], [ -74.2042713, 4.8532794 ], [ -74.2042323, 4.8533296 ], [ -74.2041877, 4.8533742 ], [ -74.2041487, 4.8534076 ], [ -74.2040763, 4.8534466 ], [ -74.2040205, 4.8534689 ], [ -74.2039648, 4.8534856 ], [ -74.2038812, 4.8534801 ], [ -74.2037976, 4.8534355 ], [ -74.2036861, 4.8533686 ], [ -74.2035802, 4.8533017 ], [ -74.2035021, 4.8532348 ], [ -74.2034241, 4.8532292 ], [ -74.2033461, 4.8532404 ], [ -74.2032792, 4.853285 ], [ -74.2032234, 4.8533351 ], [ -74.20319, 4.8533797 ], [ -74.203151, 4.853441 ], [ -74.2031231, 4.8535079 ], [ -74.2031231, 4.8535915 ], [ -74.2031231, 4.8536919 ], [ -74.2031231, 4.8537922 ], [ -74.2031231, 4.8538981 ], [ -74.2031343, 4.8540319 ], [ -74.2031287, 4.8541266 ], [ -74.2031064, 4.8541991 ], [ -74.203073, 4.8542493 ], [ -74.2030284, 4.8542883 ], [ -74.2029726, 4.8543329 ], [ -74.202926, 4.8543588 ], [ -74.199142, 4.8483726 ] ] ], [ [ [ -74.2076931, 4.8510343 ], [ -74.207658, 4.8510396 ], [ -74.2075744, 4.8510396 ], [ -74.2075409, 4.8510285 ], [ -74.2075353, 4.8509894 ], [ -74.2075854, 4.8508727 ], [ -74.2076931, 4.8510343 ] ] ] ] } },
{ "type": "Feature", "properties": { "id": 0, "layer": "MADRID OFICIAL — ZONA DE RESTAURACION MORFOLOGICA", "clas_CIAF": "5b" }, "geometry": { "type": "Polygon", "coordinates": [ [ [ -74.1888413, 4.8416462 ], [ -74.1888389, 4.8416474 ], [ -74.1888183, 4.8416326 ], [ -74.1881415, 4.8411436 ], [ -74.1880318, 4.8410644 ], [ -74.1871238, 4.8406019 ], [ -74.1863369, 4.8401797 ], [ -74.185772, 4.840039 ], [ -74.1843646, 4.8394358 ], [ -74.1851647, 4.8380899 ], [ -74.1867607, 4.8389935 ], [ -74.1876888, 4.8394961 ], [ -74.1881731, 4.8397374 ], [ -74.1885564, 4.8399787 ], [ -74.1889802, 4.8401596 ], [ -74.1895192, 4.8406008 ], [ -74.1895451, 4.840622 ], [ -74.1891819, 4.8412051 ], [ -74.1890872, 4.8413373 ], [ -74.1890545, 4.8413828 ], [ -74.1888413, 4.8416462 ] ] ] } },
{ "type": "Feature", "properties": { "id": 0, "layer": "MADRID OFICIAL — ZONA INDUSTRIAL", "clas_CIAF": "1a" }, "geometry": { "type": "Polygon", "coordinates": [ [ [ -74.3050199, 4.7571395 ], [ -74.3041724, 4.7621866 ], [ -74.2951128, 4.7561744 ], [ -74.2930749, 4.75909 ], [ -74.288192, 4.7561945 ], [ -74.293539, 4.7507452 ], [ -74.3008028, 4.7547266 ], [ -74.3050199, 4.7571395 ] ] ] } },
{ "type": "Feature", "properties": { "id": 0, "layer": "MADRID OFICIAL — ZONA INDUSTRIAL", "clas_CIAF": "1a" }, "geometry": { "type": "Polygon", "coordinates": [ [ [ -74.3181351, 4.7787149 ], [ -74.3163393, 4.7810674 ], [ -74.3139382, 4.780806 ], [ -74.3134742, 4.7809669 ], [ -74.3129899, 4.7812484 ], [ -74.312546, 4.7814696 ], [ -74.3118196, 4.781369 ], [ -74.3114363, 4.7807859 ], [ -74.311174, 4.7801425 ], [ -74.3105081, 4.7787953 ], [ -74.3101651, 4.7773476 ], [ -74.3121626, 4.7758395 ], [ -74.3147655, 4.7737283 ], [ -74.3181351, 4.7787149 ] ] ] } },
{ "type": "Feature", "properties": { "id": 0, "layer": "MADRID OFICIAL — ZONA INDUSTRIAL", "clas_CIAF": "1a" }, "geometry": { "type": "Polygon", "coordinates": [ [ [ -74.2678432, 4.7500716 ], [ -74.2615075, 4.7545557 ], [ -74.2620321, 4.7556013 ], [ -74.2624155, 4.7567072 ], [ -74.2632226, 4.759462 ], [ -74.2635051, 4.7618146 ], [ -74.2640095, 4.763946 ], [ -74.2650991, 4.7681686 ], [ -74.2591871, 4.76843 ], [ -74.2590257, 4.765997 ], [ -74.2584607, 4.7642476 ], [ -74.2581379, 4.7635237 ], [ -74.2573106, 4.7620358 ], [ -74.257008, 4.7614124 ], [ -74.2563018, 4.7608695 ], [ -74.2561403, 4.7603668 ], [ -74.2567053, 4.7575115 ], [ -74.2531944, 4.7570893 ], [ -74.2529927, 4.7554605 ], [ -74.2486344, 4.7556013 ], [ -74.2485335, 4.7561442 ], [ -74.2483922, 4.7565263 ], [ -74.248251, 4.7570692 ], [ -74.2480089, 4.7580746 ], [ -74.2478676, 4.7582555 ], [ -74.2472421, 4.7584566 ], [ -74.2445989, 4.7583963 ], [ -74.2438959, 4.7542119 ], [ -74.2434318, 4.7542119 ], [ -74.2430092, 4.7541508 ], [ -74.2418558, 4.7534686 ], [ -74.2411707, 4.7530441 ], [ -74.2409008, 4.7529268 ], [ -74.2389395, 4.7518264 ], [ -74.2407047, 4.7509966 ], [ -74.2388484, 4.748463 ], [ -74.2382027, 4.7489858 ], [ -74.2367701, 4.7463516 ], [ -74.2382027, 4.7461505 ], [ -74.2373754, 4.7442202 ], [ -74.2371131, 4.7437778 ], [ -74.2369921, 4.7431745 ], [ -74.2366692, 4.7419278 ], [ -74.2364473, 4.7413447 ], [ -74.2360236, 4.7399974 ], [ -74.23562, 4.7391328 ], [ -74.2353779, 4.7386099 ], [ -74.2337635, 4.7356516 ], [ -74.2341235, 4.7352848 ], [ -74.2343916, 4.7350157 ], [ -74.2346141, 4.7347579 ], [ -74.2347853, 4.7345798 ], [ -74.2349908, 4.7343627 ], [ -74.2353045, 4.7340705 ], [ -74.2366174, 4.732816 ], [ -74.2370004, 4.7325385 ], [ -74.2371317, 4.7324434 ], [ -74.2375479, 4.7320878 ], [ -74.2383302, 4.7313546 ], [ -74.2386466, 4.7317329 ], [ -74.2398169, 4.7337035 ], [ -74.2405029, 4.7350709 ], [ -74.2408863, 4.7360361 ], [ -74.2415925, 4.7373029 ], [ -74.2423189, 4.7387507 ], [ -74.2430049, 4.7402588 ], [ -74.2439936, 4.7413849 ], [ -74.2457692, 4.7426316 ], [ -74.2470605, 4.7430941 ], [ -74.248005, 4.7431797 ], [ -74.247686, 4.7435968 ], [ -74.2502284, 4.7467538 ], [ -74.2506723, 4.746613 ], [ -74.2512776, 4.746613 ], [ -74.2494445, 4.7432921 ], [ -74.2512372, 4.7434158 ], [ -74.2546674, 4.7435767 ], [ -74.2567457, 4.7438381 ], [ -74.2584809, 4.7442805 ], [ -74.2601929, 4.7435667 ], [ -74.260307, 4.7440593 ], [ -74.2606197, 4.7438884 ], [ -74.2610232, 4.7437376 ], [ -74.2614268, 4.743828 ], [ -74.2614571, 4.7440191 ], [ -74.2611443, 4.7447631 ], [ -74.2613057, 4.7447028 ], [ -74.2617093, 4.7445117 ], [ -74.2619615, 4.7445821 ], [ -74.2620826, 4.7448435 ], [ -74.2620119, 4.7452356 ], [ -74.2619211, 4.7455071 ], [ -74.2617093, 4.7457785 ], [ -74.2616588, 4.7458992 ], [ -74.2619413, 4.7461003 ], [ -74.2622036, 4.7463114 ], [ -74.262476, 4.7464723 ], [ -74.2626677, 4.7462812 ], [ -74.2629704, 4.7462109 ], [ -74.2632629, 4.7461706 ], [ -74.2634243, 4.7461706 ], [ -74.2636766, 4.7462109 ], [ -74.2639792, 4.7463516 ], [ -74.2643021, 4.746985 ], [ -74.2643222, 4.7469649 ], [ -74.2646047, 4.7468644 ], [ -74.2651798, 4.7467538 ], [ -74.2658759, 4.746794 ], [ -74.2660978, 4.7466834 ], [ -74.2662088, 4.7465628 ], [ -74.2663501, 4.7462913 ], [ -74.2666729, 4.74605 ], [ -74.2668768, 4.7459783 ], [ -74.2675002, 4.7464522 ], [ -74.2673993, 4.7468945 ], [ -74.2678432, 4.7500716 ] ], [ [ -74.2496029, 4.7472163 ], [ -74.2462938, 4.7442805 ], [ -74.2452244, 4.7463315 ], [ -74.2445384, 4.7473168 ], [ -74.2444173, 4.7483222 ], [ -74.2439936, 4.7516601 ], [ -74.2486142, 4.7517808 ], [ -74.2485537, 4.7515194 ], [ -74.248473, 4.7511775 ], [ -74.2481299, 4.750896 ], [ -74.2478475, 4.7506547 ], [ -74.2478475, 4.750514 ], [ -74.2480089, 4.7502928 ], [ -74.2479282, 4.7499711 ], [ -74.2478475, 4.7496292 ], [ -74.2479685, 4.7495488 ], [ -74.2481905, 4.7494684 ], [ -74.248473, 4.7492874 ], [ -74.248473, 4.7489053 ], [ -74.2484931, 4.7482217 ], [ -74.2486142, 4.7479603 ], [ -74.2488361, 4.7477391 ], [ -74.2492397, 4.7475581 ], [ -74.2496029, 4.7472163 ] ] ] } },
{ "type": "Feature", "properties": { "id": 0, "layer": "MADRID OFICIAL — ZONA INSTITUCIONAL", "clas_CIAF": "1a" }, "geometry": { "type": "Polygon", "coordinates": [ [ [ -74.2803935, 4.7240953 ], [ -74.2831981, 4.7223861 ], [ -74.2855589, 4.7209986 ], [ -74.2866081, 4.7202344 ], [ -74.2918945, 4.717198 ], [ -74.2934684, 4.7196312 ], [ -74.2847719, 4.7246986 ], [ -74.2826785, 4.7234468 ], [ -74.2803935, 4.7240953 ] ] ] } },
{ "type": "Feature", "properties": { "id": 0, "layer": "MADRID OFICIAL — ZONA INSTITUCIONAL", "clas_CIAF": "1a" }, "geometry": { "type": "MultiPolygon", "coordinates": [ [ [ [ -74.271233, 4.722185 ], [ -74.2714549, 4.7225872 ], [ -74.2719795, 4.7231301 ], [ -74.2724234, 4.7237334 ], [ -74.2727664, 4.7242763 ], [ -74.2731296, 4.7244573 ], [ -74.2729077, 4.7246584 ], [ -74.2737955, 4.7263475 ], [ -74.2726908, 4.7266441 ], [ -74.2700519, 4.7224291 ], [ -74.2707891, 4.721823 ], [ -74.271233, 4.722185 ] ] ] ] } },
{ "type": "Feature", "properties": { "id": 0, "layer": "MADRID OFICIAL — ZONA INSTITUCIONAL", "clas_CIAF": "1a" }, "geometry": { "type": "Polygon", "coordinates": [ [ [ -74.2795864, 4.7411976 ], [ -74.2874353, 4.7321287 ], [ -74.2909042, 4.7354094 ], [ -74.2811249, 4.7422935 ], [ -74.2795864, 4.7411976 ] ] ] } },
{ "type": "Feature", "properties": { "id": 0, "layer": "MADRID OFICIAL — ZONA INSTITUCIONAL", "clas_CIAF": "1a" }, "geometry": { "type": "Polygon", "coordinates": [ [ [ -74.2497492, 4.7408985 ], [ -74.2474893, 4.7373192 ], [ -74.250642, 4.7364244 ], [ -74.251323, 4.7377817 ], [ -74.2520292, 4.738948 ], [ -74.2529372, 4.7397524 ], [ -74.253603, 4.7400339 ], [ -74.2541478, 4.7406371 ], [ -74.2545514, 4.7410594 ], [ -74.2497492, 4.7408985 ] ] ] } }
]
}
