{
"type": "FeatureCollection",
"name": "mosquera",
"crs": { "type": "name", "properties": { "name": "urn:ogc:def:crs:OGC:1.3:CRS84" } },
"xy_coordinate_resolution": 1e-07,
"features": [
{ "type": "Feature", "properties": { "AREA": 118496.93618066607, "PERIMETER": 4900.5318255800003, "USO_PROPUE": 2, "USO_PROP_1": 6780, "SIMBOLO_MA": null, "DESC_MAPA": "Malla Ambiental", "GRUPO": "Suelo de Protección y de Importancia Ambiental", "SUB_GRUPO": "Zonas de Recuperación Ambiental", "SIMBOLO": "RA", "CLAS_CIAF": "3a" }, "geometry": { "type": "Polygon", "coordinates": [ [ [ -74.2322394, 4.7369858 ], [ -74.2318585, 4.7367709 ], [ -74.2316875, 4.7366761 ], [ -74.2459276, 4.7241485 ], [ -74.2461026, 4.7238237 ], [ -74.2464734, 4.7236377 ], [ -74.2473248, 4.7228229 ], [ -74.2477497, 4.7223864 ], [ -74.2481878, 4.722741 ], [ -74.2478005, 4.7230695 ], [ -74.2471324, 4.7235349 ], [ -74.2469212, 4.7236841 ], [ -74.2466132, 4.7239238 ], [ -74.2465732, 4.7242562 ], [ -74.2461795, 4.7246519 ], [ -74.2458996, 4.7248633 ], [ -74.2447579, 4.7258256 ], [ -74.2445123, 4.7260381 ], [ -74.2440499, 4.7264508 ], [ -74.2433994, 4.7269947 ], [ -74.2430969, 4.7272576 ], [ -74.2427601, 4.7275391 ], [ -74.2425545, 4.7276935 ], [ -74.2423264, 4.7278998 ], [ -74.242109, 4.7280892 ], [ -74.2414298, 4.7286161 ], [ -74.2411504, 4.7288451 ], [ -74.2407792, 4.7291204 ], [ -74.2402825, 4.7295682 ], [ -74.2399912, 4.7298129 ], [ -74.2396657, 4.7300996 ], [ -74.2393288, 4.7303868 ], [ -74.2390895, 4.7306615 ], [ -74.2386327, 4.7310516 ], [ -74.2383302, 4.7313546 ], [ -74.2375479, 4.7320878 ], [ -74.2371317, 4.7324434 ], [ -74.2366174, 4.732816 ], [ -74.2353045, 4.7340705 ], [ -74.2349908, 4.7343627 ], [ -74.2347853, 4.7345798 ], [ -74.2346141, 4.7347579 ], [ -74.2343916, 4.7350157 ], [ -74.2341235, 4.7352848 ], [ -74.2337635, 4.7356516 ], [ -74.2325993, 4.7366602 ], [ -74.2322394, 4.7369858 ] ] ] } },
{ "type": "Feature", "properties": { "AREA": 376477.7986151129, "PERIMETER": 2643.6688323600001, "USO_PROPUE": 3, "USO_PROP_1": 6775, "SIMBOLO_MA": "28", "DESC_MAPA": "Explotación Bajo Invernadero", "GRUPO": "Suelo de Desarrollo Rural", "SUB_GRUPO": "Zona de Desarrollo Agropecuario Con Restricciones", "SIMBOLO": "DA-cr", "CLAS_CIAF": "2b" }, "geometry": { "type": "Polygon", "coordinates": [ [ [ -74.2316875, 4.7366761 ], [ -74.2313019, 4.7364429 ], [ -74.2307475, 4.7361163 ], [ -74.2301699, 4.7357728 ], [ -74.229953, 4.73567 ], [ -74.2296786, 4.7355615 ], [ -74.2294268, 4.7354581 ], [ -74.2291587, 4.7353446 ], [ -74.2288324, 4.735252 ], [ -74.2284899, 4.7351266 ], [ -74.2284558, 4.7351089 ], [ -74.2341688, 4.7283574 ], [ -74.2367728, 4.7322024 ], [ -74.2316875, 4.7366761 ] ] ] } },
{ "type": "Feature", "properties": { "AREA": 2003477.3141146898, "PERIMETER": 7945.3231425599997, "USO_PROPUE": 4, "USO_PROP_1": 6758, "SIMBOLO_MA": "17", "DESC_MAPA": "Suelo De Expansión Uso Industrial", "GRUPO": "Suelos Urbanos", "SUB_GRUPO": "Suelos Urbanos", "SIMBOLO": "SU", "CLAS_CIAF": "1a" }, "geometry": { "type": "Polygon", "coordinates": [ [ [ -74.2284558, 4.7351089 ], [ -74.2282781, 4.735017 ], [ -74.2280555, 4.7348345 ], [ -74.2279124, 4.7346683 ], [ -74.2277524, 4.7345017 ], [ -74.2275861, 4.7342965 ], [ -74.2274204, 4.7341529 ], [ -74.2271286, 4.7338897 ], [ -74.2267342, 4.7335806 ], [ -74.2262423, 4.7331048 ], [ -74.2264709, 4.7328471 ], [ -74.226619, 4.7326074 ], [ -74.2267784, 4.7322919 ], [ -74.2270182, 4.7317595 ], [ -74.2271208, 4.7315475 ], [ -74.2272632, 4.7312717 ], [ -74.2274457, 4.7308031 ], [ -74.2275938, 4.7304018 ], [ -74.2277018, 4.7299892 ], [ -74.2277761, 4.7296059 ], [ -74.2277355, 4.7293539 ], [ -74.2276543, 4.7291346 ], [ -74.2264544, 4.7283444 ], [ -74.2299977, 4.7262768 ], [ -74.2299992, 4.7255403 ], [ -74.2300343, 4.7251836 ], [ -74.2301152, 4.7248385 ], [ -74.2292482, 4.7223971 ], [ -74.2320475, 4.7221264 ], [ -74.2344795, 4.7220021 ], [ -74.2355636, 4.7211714 ], [ -74.236352, 4.7201629 ], [ -74.238047, 4.7182248 ], [ -74.2381652, 4.7176909 ], [ -74.2390128, 4.7168208 ], [ -74.2387955, 4.7151995 ], [ -74.2397223, 4.7159506 ], [ -74.2425815, 4.718204 ], [ -74.2477497, 4.7223864 ], [ -74.2473248, 4.7228229 ], [ -74.2464734, 4.7236377 ], [ -74.2461026, 4.7238237 ], [ -74.2459276, 4.7241485 ], [ -74.2386306, 4.7305681 ], [ -74.2361861, 4.7259733 ], [ -74.2284558, 4.7351089 ] ] ] } },
{ "type": "Feature", "properties": { "AREA": 162529.80387407541, "PERIMETER": 1709.93891242, "USO_PROPUE": 5, "USO_PROP_1": 6738, "SIMBOLO_MA": "2", "DESC_MAPA": "Agropecuario Mecanizado Intensivo", "GRUPO": "Suelo de Desarrollo Rural", "SUB_GRUPO": "Zona de Desarrollo Agropecuario Sin Restricciones", "SIMBOLO": "DA-sr", "CLAS_CIAF": "2b" }, "geometry": { "type": "Polygon", "coordinates": [ [ [ -74.2386306, 4.7305681 ], [ -74.2367728, 4.7322024 ], [ -74.2341688, 4.7283574 ], [ -74.2361861, 4.7259733 ], [ -74.2386306, 4.7305681 ] ] ] } },
{ "type": "Feature", "properties": { "AREA": 3300318.1569462833, "PERIMETER": 13916.852588199999, "USO_PROPUE": 6, "USO_PROP_1": 6711, "SIMBOLO_MA": "22", "DESC_MAPA": "Uso Vivienda", "GRUPO": "Suelos Urbanos", "SUB_GRUPO": "Suelos Urbanos", "SIMBOLO": "SU", "CLAS_CIAF": "1a" }, "geometry": { "type": "Polygon", "coordinates": [ [ [ -74.2264544, 4.7283444 ], [ -74.2264429, 4.7283369 ], [ -74.2251525, 4.7296308 ], [ -74.2243998, 4.7290924 ], [ -74.2251523, 4.7284445 ], [ -74.2249376, 4.7280132 ], [ -74.2261198, 4.7269341 ], [ -74.2255823, 4.7266104 ], [ -74.2263348, 4.7258551 ], [ -74.2253669, 4.7252082 ], [ -74.2261194, 4.7246688 ], [ -74.2257407, 4.7240161 ], [ -74.2251864, 4.7245107 ], [ -74.225063, 4.7242022 ], [ -74.2247549, 4.7245108 ], [ -74.2245086, 4.7240163 ], [ -74.2242625, 4.7244493 ], [ -74.2219826, 4.7214832 ], [ -74.2204421, 4.7196907 ], [ -74.2202364, 4.7191775 ], [ -74.2173711, 4.7170303 ], [ -74.2166117, 4.7155237 ], [ -74.2164731, 4.7153305 ], [ -74.2162527, 4.7150389 ], [ -74.2160939, 4.714849 ], [ -74.2159011, 4.7145997 ], [ -74.2158065, 4.7143562 ], [ -74.2165112, 4.7140706 ], [ -74.2168626, 4.7138835 ], [ -74.2170964, 4.7137207 ], [ -74.2166259, 4.7131398 ], [ -74.2151776, 4.7108069 ], [ -74.2156024, 4.7105876 ], [ -74.2159431, 4.7103027 ], [ -74.2156991, 4.7099048 ], [ -74.2155498, 4.7096793 ], [ -74.2154095, 4.7094442 ], [ -74.2152749, 4.7092419 ], [ -74.2149513, 4.7087101 ], [ -74.2147316, 4.7084298 ], [ -74.2145091, 4.7083067 ], [ -74.2143823, 4.7080834 ], [ -74.2141354, 4.7076217 ], [ -74.2140109, 4.7073821 ], [ -74.2138452, 4.7071561 ], [ -74.2136914, 4.7069233 ], [ -74.213434, 4.7069346 ], [ -74.212973, 4.706192 ], [ -74.212163, 4.7065403 ], [ -74.2114886, 4.7055384 ], [ -74.2112727, 4.7052428 ], [ -74.2110857, 4.7049642 ], [ -74.2106878, 4.7043494 ], [ -74.2102827, 4.7037735 ], [ -74.2100544, 4.7034243 ], [ -74.2097789, 4.7030394 ], [ -74.2096972, 4.7028286 ], [ -74.2097267, 4.702742 ], [ -74.2106339, 4.7023537 ], [ -74.2108012, 4.7022632 ], [ -74.2109212, 4.7021727 ], [ -74.2110857, 4.7019919 ], [ -74.2112837, 4.7019014 ], [ -74.211783, 4.7018109 ], [ -74.2117973, 4.7017884 ], [ -74.2118418, 4.7018109 ], [ -74.2119318, 4.7018598 ], [ -74.2121059, 4.7018578 ], [ -74.2122721, 4.7018108 ], [ -74.2127072, 4.7017203 ], [ -74.2128563, 4.7016298 ], [ -74.213033, 4.7015393 ], [ -74.2132632, 4.7014489 ], [ -74.2133592, 4.7013996 ], [ -74.2134889, 4.7014036 ], [ -74.2136011, 4.7014488 ], [ -74.2139318, 4.7015392 ], [ -74.2150914, 4.7016294 ], [ -74.2155202, 4.7017197 ], [ -74.2161843, 4.70181 ], [ -74.2164341, 4.7019004 ], [ -74.2165971, 4.7019456 ], [ -74.2167533, 4.7023525 ], [ -74.2166608, 4.7024429 ], [ -74.2163314, 4.7027143 ], [ -74.2162322, 4.7028047 ], [ -74.2162848, 4.7028952 ], [ -74.2174469, 4.704794 ], [ -74.2175123, 4.7048844 ], [ -74.2175536, 4.7049748 ], [ -74.2178146, 4.7054042 ], [ -74.2179365, 4.7053365 ], [ -74.2185451, 4.7051555 ], [ -74.2185641, 4.7051488 ], [ -74.2185718, 4.7051555 ], [ -74.2187081, 4.7054267 ], [ -74.2187507, 4.705548 ], [ -74.218799, 4.7056076 ], [ -74.2194352, 4.7068735 ], [ -74.2195841, 4.706783 ], [ -74.2212951, 4.7056975 ], [ -74.2214451, 4.7056071 ], [ -74.2223997, 4.7050632 ], [ -74.2227347, 4.7052451 ], [ -74.2229099, 4.7053355 ], [ -74.2231211, 4.7054259 ], [ -74.2233425, 4.7055162 ], [ -74.2235792, 4.7056066 ], [ -74.2237905, 4.705697 ], [ -74.2239856, 4.7057874 ], [ -74.2241586, 4.7058778 ], [ -74.2244472, 4.7060586 ], [ -74.2246879, 4.706149 ], [ -74.2248017, 4.7062036 ], [ -74.2252647, 4.7062075 ], [ -74.2256581, 4.7061488 ], [ -74.2258505, 4.7060583 ], [ -74.2260147, 4.7059678 ], [ -74.2260839, 4.7058774 ], [ -74.2262536, 4.7056061 ], [ -74.2262478, 4.7055156 ], [ -74.2262081, 4.7053348 ], [ -74.2261566, 4.7052444 ], [ -74.2259495, 4.7050635 ], [ -74.2258412, 4.7049731 ], [ -74.2258578, 4.7049731 ], [ -74.2272088, 4.7036164 ], [ -74.2272329, 4.703526 ], [ -74.2289041, 4.7047201 ], [ -74.2278578, 4.7063292 ], [ -74.2278063, 4.7064196 ], [ -74.2286705, 4.7071429 ], [ -74.2287429, 4.7072021 ], [ -74.2270965, 4.7084997 ], [ -74.2249468, 4.7102183 ], [ -74.2249656, 4.7103087 ], [ -74.2262473, 4.7125692 ], [ -74.2263275, 4.7126422 ], [ -74.2264573, 4.7125692 ], [ -74.2293264, 4.7110312 ], [ -74.2318652, 4.7096397 ], [ -74.2353008, 4.7124774 ], [ -74.2346693, 4.7127984 ], [ -74.2344391, 4.7132352 ], [ -74.2342781, 4.7134191 ], [ -74.2338304, 4.7136138 ], [ -74.2334708, 4.7138137 ], [ -74.2332016, 4.7133294 ], [ -74.2329046, 4.7135158 ], [ -74.2327244, 4.7137871 ], [ -74.2306966, 4.7150807 ], [ -74.2281032, 4.7166483 ], [ -74.2297246, 4.7192563 ], [ -74.2305286, 4.7186825 ], [ -74.2322216, 4.7211025 ], [ -74.231854, 4.721355 ], [ -74.2319797, 4.7215854 ], [ -74.2320475, 4.7221264 ], [ -74.2292482, 4.7223971 ], [ -74.2301152, 4.7248385 ], [ -74.2300343, 4.7251836 ], [ -74.2299992, 4.7255403 ], [ -74.2299977, 4.7262768 ], [ -74.2264544, 4.7283444 ] ], [ [ -74.2255929, 4.7118459 ], [ -74.2238256, 4.7127506 ], [ -74.2238625, 4.712841 ], [ -74.2242305, 4.7135644 ], [ -74.2243107, 4.7136385 ], [ -74.2244452, 4.7135643 ], [ -74.2260072, 4.7127501 ], [ -74.2260789, 4.7126597 ], [ -74.2256434, 4.7118459 ], [ -74.2256301, 4.7118237 ], [ -74.2255929, 4.7118459 ] ] ] } },
{ "type": "Feature", "properties": { "AREA": 1130658.3845766187, "PERIMETER": 8701.3726950199998, "USO_PROPUE": 7, "USO_PROP_1": 6618, "SIMBOLO_MA": "19", "DESC_MAPA": "Uso Industrial", "GRUPO": "Suelo de Desarrollo Rural", "SUB_GRUPO": "Zonas de Actividad Industrial", "SIMBOLO": "A-IND", "CLAS_CIAF": "1a" }, "geometry": { "type": "Polygon", "coordinates": [ [ [ -74.2481878, 4.722741 ], [ -74.2425815, 4.718204 ], [ -74.2397223, 4.7159506 ], [ -74.2387955, 4.7151995 ], [ -74.2371294, 4.7139166 ], [ -74.2354214, 4.7151314 ], [ -74.2381184, 4.7179025 ], [ -74.238047, 4.7182248 ], [ -74.236352, 4.7201629 ], [ -74.2355636, 4.7211714 ], [ -74.2344795, 4.7220021 ], [ -74.2320475, 4.7221264 ], [ -74.2319797, 4.7215854 ], [ -74.231854, 4.721355 ], [ -74.2322216, 4.7211025 ], [ -74.2305286, 4.7186825 ], [ -74.2297246, 4.7192563 ], [ -74.2281032, 4.7166483 ], [ -74.2306966, 4.7150807 ], [ -74.2327244, 4.7137871 ], [ -74.2329046, 4.7135158 ], [ -74.2332016, 4.7133294 ], [ -74.2334708, 4.7138137 ], [ -74.2338304, 4.7136138 ], [ -74.2342781, 4.7134191 ], [ -74.2344391, 4.7132352 ], [ -74.2346693, 4.7127984 ], [ -74.2353008, 4.7124774 ], [ -74.2318652, 4.7096397 ], [ -74.230337, 4.7084572 ], [ -74.2309501, 4.707719 ], [ -74.2316641, 4.7068544 ], [ -74.2357069, 4.710073 ], [ -74.2367521, 4.7109918 ], [ -74.237654, 4.7118466 ], [ -74.2385925, 4.7129212 ], [ -74.2391991, 4.7133365 ], [ -74.2402523, 4.7144088 ], [ -74.2419927, 4.7160118 ], [ -74.2433898, 4.7172113 ], [ -74.2454634, 4.7185733 ], [ -74.2493457, 4.7217586 ], [ -74.2481878, 4.722741 ] ] ] } },
{ "type": "Feature", "properties": { "AREA": 482818.10697123967, "PERIMETER": 19363.205470699999, "USO_PROPUE": 8, "USO_PROP_1": 6610, "SIMBOLO_MA": null, "DESC_MAPA": "Malla Ambiental", "GRUPO": "Suelo de Protección y de Importancia Ambiental", "SUB_GRUPO": "Zonas de Recuperación Ambiental", "SIMBOLO": "RA", "CLAS_CIAF": "3a" }, "geometry": { "type": "Polygon", "coordinates": [ [ [ -74.2474035, 4.719581 ], [ -74.2472887, 4.7196802 ], [ -74.2479694, 4.7203956 ], [ -74.2481582, 4.7205617 ], [ -74.2483581, 4.7207335 ], [ -74.2488957, 4.7211222 ], [ -74.2494992, 4.7216285 ], [ -74.2493457, 4.7217586 ], [ -74.2454634, 4.7185733 ], [ -74.2433898, 4.7172113 ], [ -74.2419927, 4.7160118 ], [ -74.2402523, 4.7144088 ], [ -74.2391991, 4.7133365 ], [ -74.2387073, 4.7125991 ], [ -74.2383191, 4.7116661 ], [ -74.2378974, 4.7102498 ], [ -74.237556, 4.7088107 ], [ -74.237283, 4.7076133 ], [ -74.23698, 4.7066869 ], [ -74.2402943, 4.7036135 ], [ -74.2403144, 4.7036135 ], [ -74.2444295, 4.7088575 ], [ -74.2444573, 4.7089017 ], [ -74.2445059, 4.7088575 ], [ -74.2489997, 4.7044253 ], [ -74.2490351, 4.7043349 ], [ -74.2486138, 4.7036116 ], [ -74.2485722, 4.7035212 ], [ -74.2490037, 4.7030689 ], [ -74.2493755, 4.7027071 ], [ -74.2495693, 4.7025262 ], [ -74.2497746, 4.7023453 ], [ -74.2497813, 4.7022548 ], [ -74.2496717, 4.7000845 ], [ -74.2496547, 4.6999941 ], [ -74.2487077, 4.6996326 ], [ -74.2478585, 4.6993615 ], [ -74.2475929, 4.6992712 ], [ -74.2470869, 4.6990904 ], [ -74.2468113, 4.6990001 ], [ -74.246185, 4.6988193 ], [ -74.2461497, 4.6987289 ], [ -74.253571, 4.6921703 ], [ -74.2535942, 4.692114 ], [ -74.2536471, 4.69196 ], [ -74.2537261, 4.6916925 ], [ -74.2537622, 4.6915822 ], [ -74.2537727, 4.6915548 ], [ -74.2536269, 4.6914353 ], [ -74.2534056, 4.6911915 ], [ -74.2532583, 4.6909621 ], [ -74.2531941, 4.6908512 ], [ -74.2530822, 4.6906382 ], [ -74.2529927, 4.6904212 ], [ -74.2528943, 4.6901475 ], [ -74.2528288, 4.68998 ], [ -74.252781, 4.6898674 ], [ -74.2527086, 4.6896196 ], [ -74.252623, 4.6890338 ], [ -74.2527199, 4.6885731 ], [ -74.2527431, 4.6884711 ], [ -74.2527919, 4.6882807 ], [ -74.2528179, 4.6881829 ], [ -74.2528757, 4.687981 ], [ -74.2529781, 4.6876916 ], [ -74.2532228, 4.6874003 ], [ -74.2535392, 4.6877253 ], [ -74.2533754, 4.6879202 ], [ -74.253305, 4.6881192 ], [ -74.2532522, 4.6883036 ], [ -74.2532279, 4.6883952 ], [ -74.2531811, 4.6885777 ], [ -74.2531601, 4.6886701 ], [ -74.2530805, 4.6890483 ], [ -74.2531499, 4.6895227 ], [ -74.253206, 4.6897147 ], [ -74.2532459, 4.6898088 ], [ -74.2533158, 4.6899874 ], [ -74.2534136, 4.6902591 ], [ -74.2534906, 4.690446 ], [ -74.2535884, 4.6906322 ], [ -74.2536427, 4.690726 ], [ -74.253764, 4.6909149 ], [ -74.2539377, 4.6911063 ], [ -74.2540625, 4.6912085 ], [ -74.2542568, 4.6912955 ], [ -74.2542973, 4.691343 ], [ -74.2542947, 4.6913948 ], [ -74.2542862, 4.6914714 ], [ -74.254187, 4.6917336 ], [ -74.2541564, 4.6918273 ], [ -74.2540764, 4.692098 ], [ -74.2540158, 4.6922744 ], [ -74.2539439, 4.6924485 ], [ -74.2538554, 4.6926133 ], [ -74.2537744, 4.692693 ], [ -74.253477, 4.6929641 ], [ -74.2533824, 4.6930571 ], [ -74.2532079, 4.6932428 ], [ -74.2531271, 4.6933491 ], [ -74.2530328, 4.6936369 ], [ -74.2529992, 4.6937574 ], [ -74.2531381, 4.6941386 ], [ -74.2531517, 4.6942143 ], [ -74.2531539, 4.6943883 ], [ -74.2531607, 4.6946593 ], [ -74.2531614, 4.6947535 ], [ -74.2531726, 4.694856 ], [ -74.2532009, 4.6949567 ], [ -74.2533334, 4.6953235 ], [ -74.2533726, 4.6954206 ], [ -74.253634, 4.6958846 ], [ -74.2537134, 4.695982 ], [ -74.2537912, 4.6960718 ], [ -74.2539323, 4.696255 ], [ -74.2541243, 4.6964438 ], [ -74.2542447, 4.696539 ], [ -74.2544922, 4.6967126 ], [ -74.254506, 4.6967311 ], [ -74.2544785, 4.6967607 ], [ -74.2542502, 4.6969368 ], [ -74.25413, 4.6970274 ], [ -74.2540074, 4.6971232 ], [ -74.2538399, 4.6973092 ], [ -74.2535782, 4.6975864 ], [ -74.2535132, 4.6976913 ], [ -74.2534374, 4.69788 ], [ -74.2533748, 4.6980411 ], [ -74.2532943, 4.6981134 ], [ -74.2531666, 4.6982018 ], [ -74.2530431, 4.6982956 ], [ -74.2529352, 4.698392 ], [ -74.2527626, 4.6985873 ], [ -74.2527108, 4.6987041 ], [ -74.252702, 4.6987997 ], [ -74.2526787, 4.6988732 ], [ -74.2526366, 4.6989534 ], [ -74.2525878, 4.6990309 ], [ -74.2523093, 4.6992956 ], [ -74.2518513, 4.6997501 ], [ -74.2517662, 4.6998436 ], [ -74.2516885, 4.6999366 ], [ -74.2515428, 4.7001229 ], [ -74.2514296, 4.7003094 ], [ -74.2513766, 4.7004022 ], [ -74.2511875, 4.7007607 ], [ -74.2510665, 4.7009381 ], [ -74.2510052, 4.7010318 ], [ -74.2508471, 4.7013126 ], [ -74.2507468, 4.7015958 ], [ -74.2506811, 4.7018746 ], [ -74.2506622, 4.7019783 ], [ -74.2506759, 4.7021745 ], [ -74.2507062, 4.7023642 ], [ -74.2507335, 4.702464 ], [ -74.2508115, 4.7026635 ], [ -74.2508923, 4.7027584 ], [ -74.2509201, 4.7028089 ], [ -74.2509072, 4.7028571 ], [ -74.2508273, 4.7030356 ], [ -74.2507616, 4.7032379 ], [ -74.2507801, 4.7035323 ], [ -74.2508164, 4.7037168 ], [ -74.2508829, 4.7041701 ], [ -74.2509253, 4.7043585 ], [ -74.2509841, 4.7045392 ], [ -74.2510651, 4.7049024 ], [ -74.2511992, 4.7052741 ], [ -74.2512453, 4.7053682 ], [ -74.2514131, 4.7057292 ], [ -74.2516269, 4.7061832 ], [ -74.2516755, 4.7062763 ], [ -74.2517758, 4.7064566 ], [ -74.2518655, 4.7066339 ], [ -74.251947, 4.7068174 ], [ -74.2520683, 4.7070228 ], [ -74.252232, 4.7074949 ], [ -74.2522713, 4.7076217 ], [ -74.2523133, 4.7077162 ], [ -74.2523894, 4.7078954 ], [ -74.252425, 4.7079847 ], [ -74.2524962, 4.708165 ], [ -74.252565, 4.7083448 ], [ -74.2526633, 4.7086116 ], [ -74.2527073, 4.7087769 ], [ -74.2527072, 4.7088542 ], [ -74.2527024, 4.709027 ], [ -74.2526531, 4.7092945 ], [ -74.252587, 4.7099243 ], [ -74.2525658, 4.7100049 ], [ -74.2524395, 4.7103742 ], [ -74.2524237, 4.7105675 ], [ -74.2524081, 4.7108394 ], [ -74.2523901, 4.7111097 ], [ -74.2523753, 4.711291 ], [ -74.2523655, 4.7114744 ], [ -74.2523609, 4.7116458 ], [ -74.2523407, 4.7117215 ], [ -74.2523062, 4.7118126 ], [ -74.252282, 4.711909 ], [ -74.2522395, 4.7120945 ], [ -74.2522128, 4.71228 ], [ -74.2521581, 4.712724 ], [ -74.2521001, 4.7128983 ], [ -74.2520741, 4.7129899 ], [ -74.2520199, 4.7131692 ], [ -74.2519612, 4.7133505 ], [ -74.2519075, 4.7135345 ], [ -74.2518406, 4.7138128 ], [ -74.2518157, 4.7139992 ], [ -74.2517851, 4.7142667 ], [ -74.2517467, 4.7144438 ], [ -74.2517092, 4.7146282 ], [ -74.2516968, 4.7147207 ], [ -74.2516688, 4.7148998 ], [ -74.2516211, 4.7151747 ], [ -74.2515925, 4.7155418 ], [ -74.2515841, 4.7157263 ], [ -74.2515838, 4.7158272 ], [ -74.2516365, 4.7161091 ], [ -74.2516814, 4.7162968 ], [ -74.2517199, 4.7164056 ], [ -74.2517347, 4.7164606 ], [ -74.2517286, 4.716543 ], [ -74.2513731, 4.7167774 ], [ -74.2512487, 4.7164254 ], [ -74.2511956, 4.7162036 ], [ -74.251133, 4.7158685 ], [ -74.2511335, 4.7157152 ], [ -74.2511426, 4.7155131 ], [ -74.2511734, 4.715119 ], [ -74.2512242, 4.7148261 ], [ -74.2512508, 4.7146555 ], [ -74.2512646, 4.7145528 ], [ -74.2513057, 4.7143505 ], [ -74.25134, 4.7141924 ], [ -74.2513684, 4.7139437 ], [ -74.251397, 4.7137301 ], [ -74.2514722, 4.7134169 ], [ -74.2515305, 4.7132171 ], [ -74.25159, 4.7130337 ], [ -74.2516417, 4.7128624 ], [ -74.2516694, 4.7127649 ], [ -74.2517165, 4.7126232 ], [ -74.251766, 4.7122203 ], [ -74.2517961, 4.7120113 ], [ -74.2518439, 4.7118031 ], [ -74.2518756, 4.7116766 ], [ -74.2519118, 4.7115804 ], [ -74.2519152, 4.7114562 ], [ -74.2519257, 4.7112602 ], [ -74.2519407, 4.7110765 ], [ -74.2519583, 4.710811 ], [ -74.2519741, 4.7105361 ], [ -74.251995, 4.7102809 ], [ -74.2521342, 4.7098737 ], [ -74.2521424, 4.7098425 ], [ -74.2522069, 4.7092285 ], [ -74.2522529, 4.7089799 ], [ -74.2522565, 4.7088359 ], [ -74.2522333, 4.7087487 ], [ -74.2521432, 4.7085042 ], [ -74.2520763, 4.7083292 ], [ -74.251799, 4.7083306 ], [ -74.251644, 4.7084544 ], [ -74.2514757, 4.7084544 ], [ -74.2512883, 4.7083701 ], [ -74.251231, 4.7082551 ], [ -74.2512233, 4.7080633 ], [ -74.251185, 4.7079138 ], [ -74.2511161, 4.7078026 ], [ -74.2510587, 4.7076415 ], [ -74.2510931, 4.7075112 ], [ -74.2512231, 4.7073999 ], [ -74.2515061, 4.7073691 ], [ -74.2516055, 4.707373 ], [ -74.2516781, 4.7072924 ], [ -74.2516688, 4.7072332 ], [ -74.251546, 4.7070254 ], [ -74.2514585, 4.7068284 ], [ -74.2513779, 4.7066692 ], [ -74.2512791, 4.7064914 ], [ -74.2512234, 4.7063848 ], [ -74.2510051, 4.7059211 ], [ -74.2508389, 4.7055635 ], [ -74.2507839, 4.7054513 ], [ -74.2506317, 4.7050295 ], [ -74.250549, 4.7046591 ], [ -74.2504903, 4.7044787 ], [ -74.2504395, 4.7042529 ], [ -74.2503722, 4.7037936 ], [ -74.2503322, 4.7035906 ], [ -74.2503065, 4.703181 ], [ -74.2504078, 4.7028691 ], [ -74.2503053, 4.7026069 ], [ -74.2502651, 4.7024601 ], [ -74.2502327, 4.7022573 ], [ -74.2502102, 4.7025632 ], [ -74.2498716, 4.7028616 ], [ -74.249686, 4.7030349 ], [ -74.2493228, 4.7033883 ], [ -74.2491257, 4.7035943 ], [ -74.2495344, 4.704296 ], [ -74.2493841, 4.7046802 ], [ -74.2448154, 4.7091863 ], [ -74.2443629, 4.7095982 ], [ -74.244061, 4.7091188 ], [ -74.2402536, 4.704267 ], [ -74.2374985, 4.7068218 ], [ -74.2377112, 4.7074723 ], [ -74.2379945, 4.708706 ], [ -74.2383328, 4.7101327 ], [ -74.2387441, 4.7115139 ], [ -74.2391062, 4.7123842 ], [ -74.23955, 4.7130496 ], [ -74.2405654, 4.7140834 ], [ -74.2422917, 4.7156734 ], [ -74.2436609, 4.7168489 ], [ -74.2457302, 4.7182081 ], [ -74.2474035, 4.719581 ] ], [ [ -74.2525556, 4.6936702 ], [ -74.2469949, 4.6985846 ], [ -74.2472325, 4.6986625 ], [ -74.2477408, 4.6988441 ], [ -74.247999, 4.6989319 ], [ -74.2488567, 4.6992057 ], [ -74.2500505, 4.6996614 ], [ -74.2501203, 4.7000308 ], [ -74.2502155, 4.7019158 ], [ -74.2502396, 4.7017833 ], [ -74.2503141, 4.7014671 ], [ -74.2504355, 4.7011243 ], [ -74.2506202, 4.7007963 ], [ -74.2506921, 4.7006864 ], [ -74.2508012, 4.7005265 ], [ -74.2509818, 4.7001841 ], [ -74.2510415, 4.7000795 ], [ -74.2511718, 4.6998648 ], [ -74.2513385, 4.6996518 ], [ -74.2514269, 4.6995458 ], [ -74.2515258, 4.6994372 ], [ -74.251995, 4.6989716 ], [ -74.2522378, 4.6987403 ], [ -74.2522582, 4.698704 ], [ -74.2522689, 4.6985883 ], [ -74.2523793, 4.6983396 ], [ -74.2526156, 4.6980721 ], [ -74.2527567, 4.697946 ], [ -74.2529025, 4.6978352 ], [ -74.2529963, 4.6977703 ], [ -74.2531098, 4.6974858 ], [ -74.2532197, 4.6973087 ], [ -74.2535091, 4.6970021 ], [ -74.2536994, 4.6967908 ], [ -74.2537741, 4.6967325 ], [ -74.2535936, 4.696555 ], [ -74.2534437, 4.6963599 ], [ -74.2533688, 4.6962735 ], [ -74.2532607, 4.6961407 ], [ -74.2529659, 4.6956177 ], [ -74.2529132, 4.695487 ], [ -74.2527714, 4.6950947 ], [ -74.2527287, 4.6949425 ], [ -74.252711, 4.6947799 ], [ -74.2527101, 4.6946667 ], [ -74.2527033, 4.6943969 ], [ -74.2527015, 4.6942575 ], [ -74.252526, 4.6937766 ], [ -74.2525556, 4.6936702 ] ] ] } },
{ "type": "Feature", "properties": { "AREA": 282248.34905984998, "PERIMETER": 4093.67592732, "USO_PROPUE": 9, "USO_PROP_1": 6573, "SIMBOLO_MA": "15", "DESC_MAPA": "Corredor Vial Rural", "GRUPO": "Suelo de Desarrollo Rural", "SUB_GRUPO": "Zonas Viales de Servicios", "SIMBOLO": "Vs", "CLAS_CIAF": "1a" }, "geometry": { "type": "Polygon", "coordinates": [ [ [ -74.248561, 4.7187784 ], [ -74.248516, 4.7188096 ], [ -74.2476993, 4.7193252 ], [ -74.2474035, 4.719581 ], [ -74.2457302, 4.7182081 ], [ -74.2436609, 4.7168489 ], [ -74.2422917, 4.7156734 ], [ -74.2405654, 4.7140834 ], [ -74.23955, 4.7130496 ], [ -74.2391062, 4.7123842 ], [ -74.2387441, 4.7115139 ], [ -74.2383328, 4.7101327 ], [ -74.2379945, 4.708706 ], [ -74.2377112, 4.7074723 ], [ -74.2374985, 4.7068218 ], [ -74.2386627, 4.7057423 ], [ -74.2389717, 4.7068669 ], [ -74.2393116, 4.7083997 ], [ -74.2396392, 4.7097813 ], [ -74.2400191, 4.7110572 ], [ -74.2403031, 4.7117397 ], [ -74.2404831, 4.7120671 ], [ -74.2415046, 4.7131071 ], [ -74.2431887, 4.7146582 ], [ -74.244474, 4.7157617 ], [ -74.2465306, 4.7171126 ], [ -74.248561, 4.7187784 ] ] ] } },
{ "type": "Feature", "properties": { "AREA": 1407933.906305261, "PERIMETER": 6194.2936196500004, "USO_PROPUE": 10, "USO_PROP_1": 6559, "SIMBOLO_MA": "2", "DESC_MAPA": "Agropecuario Mecanizado Intensivo", "GRUPO": "Suelo de Desarrollo Rural", "SUB_GRUPO": "Zona de Desarrollo Agropecuario Sin Restricciones", "SIMBOLO": "DA-sr", "CLAS_CIAF": "2b" }, "geometry": { "type": "Polygon", "coordinates": [ [ [ -74.2490128, 4.7184658 ], [ -74.248561, 4.7187784 ], [ -74.2465306, 4.7171126 ], [ -74.244474, 4.7157617 ], [ -74.2431887, 4.7146582 ], [ -74.2415046, 4.7131071 ], [ -74.2404831, 4.7120671 ], [ -74.2403031, 4.7117397 ], [ -74.2400191, 4.7110572 ], [ -74.2396392, 4.7097813 ], [ -74.2393116, 4.7083997 ], [ -74.2389717, 4.7068669 ], [ -74.2386627, 4.7057423 ], [ -74.2402536, 4.704267 ], [ -74.244061, 4.7091188 ], [ -74.2443629, 4.7095982 ], [ -74.2448154, 4.7091863 ], [ -74.2493841, 4.7046802 ], [ -74.2495344, 4.704296 ], [ -74.2491257, 4.7035943 ], [ -74.2493228, 4.7033883 ], [ -74.249686, 4.7030349 ], [ -74.2498716, 4.7028616 ], [ -74.2502102, 4.7025632 ], [ -74.2502327, 4.7022573 ], [ -74.2502651, 4.7024601 ], [ -74.2503053, 4.7026069 ], [ -74.2504078, 4.7028691 ], [ -74.2503065, 4.703181 ], [ -74.2503322, 4.7035906 ], [ -74.2503722, 4.7037936 ], [ -74.2504395, 4.7042529 ], [ -74.2504903, 4.7044787 ], [ -74.250549, 4.7046591 ], [ -74.2506317, 4.7050295 ], [ -74.2507839, 4.7054513 ], [ -74.2508389, 4.7055635 ], [ -74.2510051, 4.7059211 ], [ -74.2512234, 4.7063848 ], [ -74.2512791, 4.7064914 ], [ -74.2513779, 4.7066692 ], [ -74.2514585, 4.7068284 ], [ -74.251546, 4.7070254 ], [ -74.2516688, 4.7072332 ], [ -74.2516781, 4.7072924 ], [ -74.2516055, 4.707373 ], [ -74.2515061, 4.7073691 ], [ -74.2512231, 4.7073999 ], [ -74.2510931, 4.7075112 ], [ -74.2510587, 4.7076415 ], [ -74.2511161, 4.7078026 ], [ -74.251185, 4.7079138 ], [ -74.2512233, 4.7080633 ], [ -74.251231, 4.7082551 ], [ -74.2512883, 4.7083701 ], [ -74.2514757, 4.7084544 ], [ -74.251644, 4.7084544 ], [ -74.251799, 4.7083306 ], [ -74.2520763, 4.7083292 ], [ -74.2521432, 4.7085042 ], [ -74.2522333, 4.7087487 ], [ -74.2522565, 4.7088359 ], [ -74.2522529, 4.7089799 ], [ -74.2522069, 4.7092285 ], [ -74.2521424, 4.7098425 ], [ -74.2521342, 4.7098737 ], [ -74.251995, 4.7102809 ], [ -74.2519741, 4.7105361 ], [ -74.2519583, 4.710811 ], [ -74.2519407, 4.7110765 ], [ -74.2519257, 4.7112602 ], [ -74.2519152, 4.7114562 ], [ -74.2519118, 4.7115804 ], [ -74.2518756, 4.7116766 ], [ -74.2518439, 4.7118031 ], [ -74.2517961, 4.7120113 ], [ -74.251766, 4.7122203 ], [ -74.2517165, 4.7126232 ], [ -74.2516694, 4.7127649 ], [ -74.2516417, 4.7128624 ], [ -74.25159, 4.7130337 ], [ -74.2515305, 4.7132171 ], [ -74.2514722, 4.7134169 ], [ -74.251397, 4.7137301 ], [ -74.2513684, 4.7139437 ], [ -74.25134, 4.7141924 ], [ -74.2513057, 4.7143505 ], [ -74.2512646, 4.7145528 ], [ -74.2512508, 4.7146555 ], [ -74.2512242, 4.7148261 ], [ -74.2511734, 4.715119 ], [ -74.2511426, 4.7155131 ], [ -74.2511335, 4.7157152 ], [ -74.251133, 4.7158685 ], [ -74.2511956, 4.7162036 ], [ -74.2512487, 4.7164254 ], [ -74.2513731, 4.7167774 ], [ -74.2513248, 4.7168092 ], [ -74.2505769, 4.7173825 ], [ -74.249892, 4.7178348 ], [ -74.2493952, 4.718208 ], [ -74.2490128, 4.7184658 ] ] ] } },
{ "type": "Feature", "properties": { "AREA": 91575.144345223904, "PERIMETER": 1233.0050539199999, "USO_PROPUE": 11, "USO_PROP_1": 6552, "SIMBOLO_MA": "21", "DESC_MAPA": "Equipamento Urbano (Plaza de mercado y Terminal de transportes)", "GRUPO": "Suelos Urbanos", "SUB_GRUPO": "Suelos Urbanos", "SIMBOLO": "SU", "CLAS_CIAF": "1a" }, "geometry": { "type": "Polygon", "coordinates": [ [ [ -74.2387955, 4.7151995 ], [ -74.2390128, 4.7168208 ], [ -74.2381652, 4.7176909 ], [ -74.2381184, 4.7179025 ], [ -74.2354214, 4.7151314 ], [ -74.2371294, 4.7139166 ], [ -74.2387955, 4.7151995 ] ] ] } },
{ "type": "Feature", "properties": { "AREA": 2214200.2487950083, "PERIMETER": 6627.4301964099996, "USO_PROPUE": 12, "USO_PROP_1": 6521, "SIMBOLO_MA": "2", "DESC_MAPA": "Agropecuario Mecanizado Intensivo", "GRUPO": "Suelo de Desarrollo Rural", "SUB_GRUPO": "Zona de Desarrollo Agropecuario Sin Restricciones", "SIMBOLO": "DA-sr", "CLAS_CIAF": "2b" }, "geometry": { "type": "Polygon", "coordinates": [ [ [ -74.299435, 4.7165804 ], [ -74.2990361, 4.7163901 ], [ -74.2987442, 4.7162184 ], [ -74.298401, 4.7159494 ], [ -74.2978523, 4.7156178 ], [ -74.2974922, 4.7154173 ], [ -74.2971609, 4.7152456 ], [ -74.2968347, 4.7150795 ], [ -74.2964521, 4.714914 ], [ -74.2959946, 4.7147305 ], [ -74.295549, 4.7145362 ], [ -74.2952346, 4.7143702 ], [ -74.2948684, 4.7141928 ], [ -74.2946402, 4.7140951 ], [ -74.294274, 4.7139522 ], [ -74.2940396, 4.713889 ], [ -74.2937427, 4.7138495 ], [ -74.2932915, 4.7138785 ], [ -74.2928234, 4.7140906 ], [ -74.2925779, 4.7143258 ], [ -74.2924237, 4.7145609 ], [ -74.2918867, 4.7143429 ], [ -74.2912749, 4.7141543 ], [ -74.2909323, 4.7140798 ], [ -74.2906805, 4.7140115 ], [ -74.2903317, 4.7138675 ], [ -74.2899718, 4.7136506 ], [ -74.2896973, 4.71329 ], [ -74.289062, 4.7121271 ], [ -74.2886269, 4.7112574 ], [ -74.2884375, 4.7109314 ], [ -74.2881343, 4.7102719 ], [ -74.287951, 4.7098887 ], [ -74.2876135, 4.7093626 ], [ -74.287379, 4.7089727 ], [ -74.2871968, 4.7087021 ], [ -74.2872411, 4.708429 ], [ -74.2873025, 4.7084072 ], [ -74.2874283, 4.7081765 ], [ -74.2874022, 4.7078936 ], [ -74.2872921, 4.7078308 ], [ -74.2872998, 4.7077034 ], [ -74.2872441, 4.7072198 ], [ -74.2871649, 4.7068973 ], [ -74.2871431, 4.7065865 ], [ -74.287213, 4.706276 ], [ -74.2873406, 4.7058391 ], [ -74.2873763, 4.7054709 ], [ -74.2872512, 4.7051597 ], [ -74.286954, 4.704871 ], [ -74.2865302, 4.7046854 ], [ -74.2859572, 4.7045107 ], [ -74.2856821, 4.7044522 ], [ -74.2854184, 4.7044168 ], [ -74.2852125, 4.7042435 ], [ -74.2849844, 4.7038629 ], [ -74.2846191, 4.7033667 ], [ -74.2842883, 4.7028362 ], [ -74.283957, 4.7024322 ], [ -74.2837169, 4.7021897 ], [ -74.2833051, 4.7018775 ], [ -74.2832372, 4.7016126 ], [ -74.2833983, 4.7014405 ], [ -74.2836513, 4.7012572 ], [ -74.2839847, 4.7010397 ], [ -74.2842836, 4.7008566 ], [ -74.2846285, 4.7006507 ], [ -74.2852256, 4.7004456 ], [ -74.2858456, 4.7002981 ], [ -74.2865224, 4.700289 ], [ -74.2871072, 4.700337 ], [ -74.2875429, 4.7004076 ], [ -74.2881852, 4.7004328 ], [ -74.2885873, 4.7002501 ], [ -74.2890594, 4.6997223 ], [ -74.2896006, 4.6991142 ], [ -74.2900959, 4.6985175 ], [ -74.2906707, 4.6981742 ], [ -74.2916005, 4.6979703 ], [ -74.292484, 4.6979043 ], [ -74.293333, 4.6978497 ], [ -74.2938949, 4.6978977 ], [ -74.2943876, 4.698049 ], [ -74.2948681, 4.6984189 ], [ -74.2953136, 4.6989844 ], [ -74.2956448, 4.6993999 ], [ -74.2959307, 4.699654 ], [ -74.2965488, 4.7000475 ], [ -74.2972483, 4.7001074 ], [ -74.2972624, 4.7001058 ], [ -74.2969213, 4.7019717 ], [ -74.296285, 4.7025642 ], [ -74.2962739, 4.703265 ], [ -74.2967316, 4.7041753 ], [ -74.2970979, 4.7047998 ], [ -74.2972699, 4.7050739 ], [ -74.2975275, 4.7054757 ], [ -74.2977163, 4.7057039 ], [ -74.2981794, 4.7061389 ], [ -74.2984026, 4.7063848 ], [ -74.2987345, 4.7069063 ], [ -74.2989922, 4.7074104 ], [ -74.2990897, 4.707754 ], [ -74.2991411, 4.708023 ], [ -74.2992098, 4.70824 ], [ -74.2994506, 4.7088306 ], [ -74.2996626, 4.7095234 ], [ -74.2998576, 4.7100213 ], [ -74.3000865, 4.7105078 ], [ -74.300144, 4.7107429 ], [ -74.3002698, 4.7111041 ], [ -74.3003505, 4.711499 ], [ -74.3004481, 4.7120026 ], [ -74.3004545, 4.7125062 ], [ -74.3003177, 4.712994 ], [ -74.3002154, 4.7135146 ], [ -74.3001585, 4.7138871 ], [ -74.3000393, 4.7144652 ], [ -74.2998113, 4.7149633 ], [ -74.2995209, 4.7158343 ], [ -74.2994472, 4.716178 ], [ -74.299435, 4.7165804 ] ] ] } },
{ "type": "Feature", "properties": { "AREA": 658951.29082592856, "PERIMETER": 65852.167202600001, "USO_PROPUE": 13, "USO_PROP_1": 6519, "SIMBOLO_MA": null, "DESC_MAPA": "Zona De Amortiguación 20 m", "GRUPO": "Suelo de Desarrollo Rural", "SUB_GRUPO": "Zona de Desarrollo Agropecuario Con Restricciones", "SIMBOLO": "DA-cr", "CLAS_CIAF": "2b" }, "geometry": { "type": "Polygon", "coordinates": [ [ [ -74.2519138, 4.7164319 ], [ -74.2517286, 4.716543 ], [ -74.2517347, 4.7164606 ], [ -74.2517199, 4.7164056 ], [ -74.2516814, 4.7162968 ], [ -74.2516365, 4.7161091 ], [ -74.2515838, 4.7158272 ], [ -74.2515841, 4.7157263 ], [ -74.2515925, 4.7155418 ], [ -74.2516211, 4.7151747 ], [ -74.2516688, 4.7148998 ], [ -74.2516968, 4.7147207 ], [ -74.2517092, 4.7146282 ], [ -74.2517467, 4.7144438 ], [ -74.2517851, 4.7142667 ], [ -74.2518157, 4.7139992 ], [ -74.2518406, 4.7138128 ], [ -74.2519075, 4.7135345 ], [ -74.2519612, 4.7133505 ], [ -74.2520199, 4.7131692 ], [ -74.2520741, 4.7129899 ], [ -74.2521001, 4.7128983 ], [ -74.2521581, 4.712724 ], [ -74.2522128, 4.71228 ], [ -74.2522395, 4.7120945 ], [ -74.252282, 4.711909 ], [ -74.2523062, 4.7118126 ], [ -74.2523407, 4.7117215 ], [ -74.2523609, 4.7116458 ], [ -74.2523655, 4.7114744 ], [ -74.2523753, 4.711291 ], [ -74.2523901, 4.7111097 ], [ -74.2524081, 4.7108394 ], [ -74.2524237, 4.7105675 ], [ -74.2524395, 4.7103742 ], [ -74.2525658, 4.7100049 ], [ -74.252587, 4.7099243 ], [ -74.2526531, 4.7092945 ], [ -74.2527024, 4.709027 ], [ -74.2527072, 4.7088542 ], [ -74.2527073, 4.7087769 ], [ -74.2526633, 4.7086116 ], [ -74.252565, 4.7083448 ], [ -74.2524962, 4.708165 ], [ -74.252425, 4.7079847 ], [ -74.2523894, 4.7078954 ], [ -74.2523133, 4.7077162 ], [ -74.2522713, 4.7076217 ], [ -74.252232, 4.7074949 ], [ -74.2520683, 4.7070228 ], [ -74.251947, 4.7068174 ], [ -74.2518655, 4.7066339 ], [ -74.2517758, 4.7064566 ], [ -74.2516755, 4.7062763 ], [ -74.2516269, 4.7061832 ], [ -74.2514131, 4.7057292 ], [ -74.2512453, 4.7053682 ], [ -74.2511992, 4.7052741 ], [ -74.2510651, 4.7049024 ], [ -74.2509841, 4.7045392 ], [ -74.2509253, 4.7043585 ], [ -74.2508829, 4.7041701 ], [ -74.2508164, 4.7037168 ], [ -74.2507801, 4.7035323 ], [ -74.2507616, 4.7032379 ], [ -74.2508273, 4.7030356 ], [ -74.2509072, 4.7028571 ], [ -74.2509201, 4.7028089 ], [ -74.2508923, 4.7027584 ], [ -74.2508115, 4.7026635 ], [ -74.2507335, 4.702464 ], [ -74.2507062, 4.7023642 ], [ -74.2506759, 4.7021745 ], [ -74.2506622, 4.7019783 ], [ -74.2506811, 4.7018746 ], [ -74.2507468, 4.7015958 ], [ -74.2508471, 4.7013126 ], [ -74.2510052, 4.7010318 ], [ -74.2510665, 4.7009381 ], [ -74.2511875, 4.7007607 ], [ -74.2513766, 4.7004022 ], [ -74.2514296, 4.7003094 ], [ -74.2515428, 4.7001229 ], [ -74.2516885, 4.6999366 ], [ -74.2517662, 4.6998436 ], [ -74.2518513, 4.6997501 ], [ -74.2523093, 4.6992956 ], [ -74.2525878, 4.6990309 ], [ -74.2526366, 4.6989534 ], [ -74.2526787, 4.6988732 ], [ -74.252702, 4.6987997 ], [ -74.2527108, 4.6987041 ], [ -74.2527626, 4.6985873 ], [ -74.2529352, 4.698392 ], [ -74.2530431, 4.6982956 ], [ -74.2531666, 4.6982018 ], [ -74.2532943, 4.6981134 ], [ -74.2533748, 4.6980411 ], [ -74.2534374, 4.69788 ], [ -74.2535132, 4.6976913 ], [ -74.2535782, 4.6975864 ], [ -74.2538399, 4.6973092 ], [ -74.2540074, 4.6971232 ], [ -74.25413, 4.6970274 ], [ -74.2542502, 4.6969368 ], [ -74.2544785, 4.6967607 ], [ -74.254506, 4.6967311 ], [ -74.2544922, 4.6967126 ], [ -74.2542447, 4.696539 ], [ -74.2541243, 4.6964438 ], [ -74.2539323, 4.696255 ], [ -74.2537912, 4.6960718 ], [ -74.2537134, 4.695982 ], [ -74.253634, 4.6958846 ], [ -74.2533726, 4.6954206 ], [ -74.2533334, 4.6953235 ], [ -74.2532009, 4.6949567 ], [ -74.2531726, 4.694856 ], [ -74.2531614, 4.6947535 ], [ -74.2531607, 4.6946593 ], [ -74.2531539, 4.6943883 ], [ -74.2531517, 4.6942143 ], [ -74.2531381, 4.6941386 ], [ -74.2529992, 4.6937574 ], [ -74.2530328, 4.6936369 ], [ -74.2531271, 4.6933491 ], [ -74.2532079, 4.6932428 ], [ -74.2533824, 4.6930571 ], [ -74.253477, 4.6929641 ], [ -74.2537744, 4.692693 ], [ -74.2538554, 4.6926133 ], [ -74.2539439, 4.6924485 ], [ -74.2540158, 4.6922744 ], [ -74.2540764, 4.692098 ], [ -74.2541564, 4.6918273 ], [ -74.254187, 4.6917336 ], [ -74.2542862, 4.6914714 ], [ -74.2542947, 4.6913948 ], [ -74.2542973, 4.691343 ], [ -74.2542568, 4.6912955 ], [ -74.2540625, 4.6912085 ], [ -74.2539377, 4.6911063 ], [ -74.253764, 4.6909149 ], [ -74.2536427, 4.690726 ], [ -74.2535884, 4.6906322 ], [ -74.2534906, 4.690446 ], [ -74.2534136, 4.6902591 ], [ -74.2533158, 4.6899874 ], [ -74.2532459, 4.6898088 ], [ -74.253206, 4.6897147 ], [ -74.2531499, 4.6895227 ], [ -74.2530805, 4.6890483 ], [ -74.2531601, 4.6886701 ], [ -74.2531811, 4.6885777 ], [ -74.2532279, 4.6883952 ], [ -74.2532522, 4.6883036 ], [ -74.253305, 4.6881192 ], [ -74.2533754, 4.6879202 ], [ -74.2537048, 4.6875282 ], [ -74.2539627, 4.6874278 ], [ -74.2542518, 4.6873461 ], [ -74.2542811, 4.6872948 ], [ -74.2543467, 4.6871093 ], [ -74.2548089, 4.6864704 ], [ -74.2549025, 4.6862969 ], [ -74.254989, 4.6861143 ], [ -74.2550466, 4.6860174 ], [ -74.2551133, 4.6859216 ], [ -74.2552651, 4.6857336 ], [ -74.255362, 4.6856414 ], [ -74.2554385, 4.6855571 ], [ -74.2555653, 4.6853822 ], [ -74.2556232, 4.6852922 ], [ -74.255814, 4.6850223 ], [ -74.2558548, 4.6849529 ], [ -74.2558602, 4.6848897 ], [ -74.255849, 4.684715 ], [ -74.2558402, 4.6845294 ], [ -74.2558439, 4.6844365 ], [ -74.2558446, 4.684342 ], [ -74.2558855, 4.684033 ], [ -74.2557303, 4.6834438 ], [ -74.2558185, 4.6831094 ], [ -74.2557361, 4.682997 ], [ -74.2555622, 4.6827121 ], [ -74.2554009, 4.6824208 ], [ -74.2553273, 4.6821407 ], [ -74.2552659, 4.6819409 ], [ -74.2552251, 4.6818625 ], [ -74.2551706, 4.6817811 ], [ -74.2550172, 4.6816055 ], [ -74.2549339, 4.6815151 ], [ -74.2548507, 4.6814201 ], [ -74.2547857, 4.6813267 ], [ -74.2547205, 4.6812388 ], [ -74.2545738, 4.6810564 ], [ -74.2544851, 4.6809248 ], [ -74.2546678, 4.6804142 ], [ -74.2547639, 4.6802991 ], [ -74.2552514, 4.680017 ], [ -74.2554712, 4.6799237 ], [ -74.2557028, 4.6798345 ], [ -74.2558312, 4.6797681 ], [ -74.2558471, 4.6796403 ], [ -74.2558468, 4.6795579 ], [ -74.2558373, 4.6793777 ], [ -74.2558356, 4.6792807 ], [ -74.2558523, 4.6790971 ], [ -74.2558559, 4.6790126 ], [ -74.2558527, 4.6789294 ], [ -74.2558428, 4.678845 ], [ -74.2558285, 4.6787637 ], [ -74.2557984, 4.6786731 ], [ -74.2557657, 4.678481 ], [ -74.2557376, 4.6781024 ], [ -74.2545919, 4.6780168 ], [ -74.2543921, 4.6779155 ], [ -74.2542547, 4.677821 ], [ -74.2541234, 4.6777252 ], [ -74.2539392, 4.677534 ], [ -74.2538019, 4.6773421 ], [ -74.2537525, 4.677244 ], [ -74.2537073, 4.6771454 ], [ -74.2536795, 4.6770448 ], [ -74.2536422, 4.6768575 ], [ -74.2536061, 4.6765718 ], [ -74.2536422, 4.6762836 ], [ -74.2536898, 4.6760958 ], [ -74.253717, 4.6760016 ], [ -74.2537822, 4.675814 ], [ -74.2538699, 4.6756278 ], [ -74.2539621, 4.6754419 ], [ -74.2540238, 4.6753447 ], [ -74.2541619, 4.6751584 ], [ -74.2542535, 4.6750524 ], [ -74.2544403, 4.6749548 ], [ -74.2545749, 4.6748777 ], [ -74.2546062, 4.6748214 ], [ -74.2546771, 4.6744717 ], [ -74.2547226, 4.6742879 ], [ -74.2547708, 4.6741098 ], [ -74.2547862, 4.6740256 ], [ -74.2548186, 4.6737627 ], [ -74.2548179, 4.6735851 ], [ -74.2548229, 4.6734882 ], [ -74.254861, 4.6732122 ], [ -74.2548762, 4.6731152 ], [ -74.2549961, 4.6726976 ], [ -74.2549615, 4.6726431 ], [ -74.2547698, 4.6723747 ], [ -74.2547047, 4.6722875 ], [ -74.2545526, 4.672111 ], [ -74.2542943, 4.6718448 ], [ -74.2539804, 4.671574 ], [ -74.2537998, 4.6713947 ], [ -74.2536895, 4.6713086 ], [ -74.2534337, 4.671125 ], [ -74.2532422, 4.6709348 ], [ -74.2530978, 4.670747 ], [ -74.2529724, 4.6705637 ], [ -74.2529112, 4.6704718 ], [ -74.2527979, 4.6702906 ], [ -74.252672, 4.6700979 ], [ -74.2526212, 4.6698989 ], [ -74.252604, 4.6697975 ], [ -74.2526025, 4.6694391 ], [ -74.252581, 4.6693516 ], [ -74.2525622, 4.6690775 ], [ -74.2525305, 4.6689036 ], [ -74.2525099, 4.6688135 ], [ -74.252459, 4.6685385 ], [ -74.2524173, 4.6682666 ], [ -74.2523733, 4.6679939 ], [ -74.2523284, 4.6676236 ], [ -74.2523361, 4.6673439 ], [ -74.2523428, 4.6672411 ], [ -74.2524316, 4.666954 ], [ -74.2524758, 4.6668574 ], [ -74.2525198, 4.6667657 ], [ -74.2525657, 4.6666735 ], [ -74.2526088, 4.6665929 ], [ -74.2526216, 4.6665343 ], [ -74.2526128, 4.6664946 ], [ -74.252524, 4.6664237 ], [ -74.2524126, 4.6663321 ], [ -74.2523009, 4.6662348 ], [ -74.2522236, 4.6661332 ], [ -74.2521654, 4.666037 ], [ -74.2520607, 4.665846 ], [ -74.2519766, 4.6655633 ], [ -74.2519549, 4.6654739 ], [ -74.2518692, 4.6652094 ], [ -74.2515623, 4.6644765 ], [ -74.2515377, 4.6641904 ], [ -74.2515305, 4.6640899 ], [ -74.2515845, 4.6637023 ], [ -74.2516481, 4.6635847 ], [ -74.2518269, 4.6634163 ], [ -74.251829, 4.6633987 ], [ -74.2517771, 4.6633397 ], [ -74.2516919, 4.6632482 ], [ -74.251536, 4.6630556 ], [ -74.2514462, 4.6628599 ], [ -74.2514132, 4.6627585 ], [ -74.2513612, 4.6624663 ], [ -74.2513921, 4.6622617 ], [ -74.2514656, 4.6620638 ], [ -74.25158, 4.6618726 ], [ -74.2517094, 4.6616929 ], [ -74.2518084, 4.6615156 ], [ -74.2518638, 4.6614215 ], [ -74.2519093, 4.6613552 ], [ -74.2519089, 4.6613502 ], [ -74.2517538, 4.6612805 ], [ -74.2515717, 4.6611864 ], [ -74.2514345, 4.661092 ], [ -74.2513057, 4.6609974 ], [ -74.2512059, 4.6609023 ], [ -74.2510181, 4.6607153 ], [ -74.250882, 4.6605228 ], [ -74.250785, 4.6603323 ], [ -74.2507096, 4.6601425 ], [ -74.2506619, 4.6599611 ], [ -74.2505955, 4.6597875 ], [ -74.2505544, 4.6596979 ], [ -74.2505173, 4.6596062 ], [ -74.2504426, 4.6594288 ], [ -74.2503552, 4.6592569 ], [ -74.2502984, 4.6591764 ], [ -74.2501386, 4.659002 ], [ -74.250047, 4.6589142 ], [ -74.2499415, 4.6588165 ], [ -74.2498739, 4.6587112 ], [ -74.2496914, 4.6583188 ], [ -74.2497122, 4.6581884 ], [ -74.249845, 4.6579049 ], [ -74.2498904, 4.6578114 ], [ -74.2500474, 4.6575366 ], [ -74.2501005, 4.6574466 ], [ -74.2501498, 4.6573585 ], [ -74.2502398, 4.6571815 ], [ -74.2503149, 4.657013 ], [ -74.2503277, 4.656939 ], [ -74.2503374, 4.6567556 ], [ -74.2503817, 4.6565636 ], [ -74.2504119, 4.6564669 ], [ -74.2504458, 4.6563802 ], [ -74.250463, 4.6563016 ], [ -74.2504714, 4.6562214 ], [ -74.2504704, 4.6561405 ], [ -74.2504641, 4.6560801 ], [ -74.2504203, 4.656024 ], [ -74.2502671, 4.6559358 ], [ -74.2501871, 4.6558512 ], [ -74.249952, 4.6557651 ], [ -74.2497917, 4.655668 ], [ -74.2496604, 4.6555705 ], [ -74.2495533, 4.6554581 ], [ -74.249471, 4.6551608 ], [ -74.249454, 4.6550649 ], [ -74.2494402, 4.6549718 ], [ -74.2494082, 4.654702 ], [ -74.2493931, 4.6546181 ], [ -74.2493432, 4.6544332 ], [ -74.2493204, 4.6541481 ], [ -74.2493232, 4.6540514 ], [ -74.2493405, 4.6537816 ], [ -74.2493398, 4.653605 ], [ -74.2493369, 4.6535092 ], [ -74.2493585, 4.6533207 ], [ -74.2493855, 4.6531288 ], [ -74.2494302, 4.6530093 ], [ -74.2496451, 4.6528071 ], [ -74.2498053, 4.6527126 ], [ -74.2498979, 4.6526516 ], [ -74.2498965, 4.6526181 ], [ -74.2498831, 4.6525396 ], [ -74.2498578, 4.6524595 ], [ -74.2498056, 4.6523373 ], [ -74.2495045, 4.6523374 ], [ -74.2491905, 4.6521369 ], [ -74.2490904, 4.6520349 ], [ -74.2489497, 4.6518475 ], [ -74.2488246, 4.6516586 ], [ -74.2487774, 4.65156 ], [ -74.2487409, 4.6514678 ], [ -74.2486652, 4.651291 ], [ -74.2486219, 4.6512069 ], [ -74.2485796, 4.6511394 ], [ -74.2484428, 4.6510634 ], [ -74.2482146, 4.6509761 ], [ -74.2479368, 4.6508863 ], [ -74.2476645, 4.6507942 ], [ -74.2474566, 4.6506984 ], [ -74.2473207, 4.6506022 ], [ -74.2471973, 4.650508 ], [ -74.2469998, 4.6503221 ], [ -74.2469126, 4.6502292 ], [ -74.2467452, 4.6500453 ], [ -74.2465995, 4.649859 ], [ -74.2465384, 4.6497662 ], [ -74.2464149, 4.6495866 ], [ -74.246351, 4.6494961 ], [ -74.2462264, 4.6493111 ], [ -74.2461238, 4.6491315 ], [ -74.2460671, 4.6490514 ], [ -74.2458878, 4.6488774 ], [ -74.2456929, 4.648699 ], [ -74.2455859, 4.6486104 ], [ -74.2453582, 4.6484289 ], [ -74.245048, 4.6481542 ], [ -74.2448646, 4.6479704 ], [ -74.244778, 4.6478782 ], [ -74.2446094, 4.6476901 ], [ -74.2444959, 4.6474999 ], [ -74.2443978, 4.647316 ], [ -74.2443069, 4.6471335 ], [ -74.2442631, 4.6470423 ], [ -74.2441343, 4.6467705 ], [ -74.244044, 4.6465764 ], [ -74.2440193, 4.6463767 ], [ -74.2440159, 4.6461876 ], [ -74.2440279, 4.6459783 ], [ -74.2442347, 4.6456744 ], [ -74.2443657, 4.6455728 ], [ -74.2445024, 4.6454848 ], [ -74.2445638, 4.6454263 ], [ -74.2445647, 4.6453753 ], [ -74.244562, 4.6452012 ], [ -74.2445264, 4.6449329 ], [ -74.2445193, 4.6448454 ], [ -74.2444859, 4.6446776 ], [ -74.244455, 4.6445986 ], [ -74.2444108, 4.6445111 ], [ -74.2443231, 4.6443268 ], [ -74.2442837, 4.6442292 ], [ -74.2442303, 4.6440384 ], [ -74.2441998, 4.6438443 ], [ -74.2442099, 4.6434737 ], [ -74.2442224, 4.6431087 ], [ -74.24424, 4.6429239 ], [ -74.2442513, 4.6428341 ], [ -74.2442656, 4.642656 ], [ -74.2442712, 4.6425679 ], [ -74.2442819, 4.6422088 ], [ -74.2442827, 4.6420321 ], [ -74.2442776, 4.6419477 ], [ -74.2442547, 4.6417717 ], [ -74.2441421, 4.6411392 ], [ -74.244106, 4.640861 ], [ -74.2441032, 4.640765 ], [ -74.2441028, 4.6405745 ], [ -74.2441205, 4.6404789 ], [ -74.2441404, 4.6403037 ], [ -74.2441594, 4.6399398 ], [ -74.2441759, 4.6398419 ], [ -74.2441971, 4.6397463 ], [ -74.2442746, 4.639477 ], [ -74.2443054, 4.6393101 ], [ -74.2443024, 4.6392408 ], [ -74.2442552, 4.6390755 ], [ -74.2441817, 4.6389017 ], [ -74.2441473, 4.6388292 ], [ -74.2439636, 4.6386646 ], [ -74.2437174, 4.6384937 ], [ -74.2434702, 4.6384063 ], [ -74.2432503, 4.6383104 ], [ -74.242996, 4.6381188 ], [ -74.2429039, 4.6380221 ], [ -74.2428195, 4.6379289 ], [ -74.2426692, 4.6377417 ], [ -74.2426101, 4.6376461 ], [ -74.242445, 4.6373728 ], [ -74.2423951, 4.6372818 ], [ -74.2423439, 4.6371939 ], [ -74.2421802, 4.6369339 ], [ -74.2420942, 4.6368546 ], [ -74.2419777, 4.636766 ], [ -74.2418636, 4.6366738 ], [ -74.2417491, 4.6365752 ], [ -74.2416821, 4.6364802 ], [ -74.241624, 4.636416 ], [ -74.241188, 4.6363303 ], [ -74.2409175, 4.6362382 ], [ -74.2406293, 4.6361444 ], [ -74.2403347, 4.6359544 ], [ -74.2402155, 4.6358563 ], [ -74.2401261, 4.6357564 ], [ -74.2399978, 4.6355691 ], [ -74.2398781, 4.635377 ], [ -74.2397854, 4.6350814 ], [ -74.2397861, 4.6347944 ], [ -74.2397889, 4.6347037 ], [ -74.2397915, 4.6345199 ], [ -74.2398013, 4.6344163 ], [ -74.2398342, 4.6343122 ], [ -74.2398755, 4.6342168 ], [ -74.2399566, 4.6340376 ], [ -74.2399839, 4.6339671 ], [ -74.2399813, 4.6339049 ], [ -74.2399611, 4.6338252 ], [ -74.2399052, 4.6336373 ], [ -74.23989, 4.6334398 ], [ -74.2398974, 4.633338 ], [ -74.2399297, 4.6331645 ], [ -74.2399232, 4.6331059 ], [ -74.2397815, 4.6328492 ], [ -74.2397298, 4.6327481 ], [ -74.2396169, 4.6322854 ], [ -74.2395569, 4.6320332 ], [ -74.239122, 4.6320807 ], [ -74.2388382, 4.6322551 ], [ -74.2385973, 4.6323508 ], [ -74.2382051, 4.6324453 ], [ -74.2363771, 4.6324457 ], [ -74.2361381, 4.6325311 ], [ -74.2358777, 4.6326219 ], [ -74.2356019, 4.6327141 ], [ -74.2351705, 4.6328066 ], [ -74.2343968, 4.6328983 ], [ -74.2340999, 4.6328984 ], [ -74.2334543, 4.6328069 ], [ -74.2329756, 4.6327175 ], [ -74.2300542, 4.6326277 ], [ -74.2296026, 4.6325376 ], [ -74.2295084, 4.6325376 ], [ -74.2291645, 4.6326243 ], [ -74.2289197, 4.6327125 ], [ -74.2287069, 4.6328018 ], [ -74.2285051, 4.6328905 ], [ -74.2283326, 4.6329838 ], [ -74.2280184, 4.6330746 ], [ -74.2278612, 4.6331554 ], [ -74.2277667, 4.6332431 ], [ -74.2276229, 4.633334 ], [ -74.2275229, 4.6334233 ], [ -74.2273836, 4.6335192 ], [ -74.227222, 4.6336109 ], [ -74.2270711, 4.6337022 ], [ -74.2268772, 4.6338042 ], [ -74.2260138, 4.6338044 ], [ -74.2257747, 4.6337044 ], [ -74.2256178, 4.6336094 ], [ -74.2253512, 4.633429 ], [ -74.2251896, 4.6333347 ], [ -74.2250871, 4.633236 ], [ -74.2250004, 4.633148 ], [ -74.224888, 4.6330548 ], [ -74.2248077, 4.6329561 ], [ -74.2246018, 4.6326807 ], [ -74.224545, 4.6325921 ], [ -74.2244727, 4.6325045 ], [ -74.22433, 4.632317 ], [ -74.2241797, 4.632045 ], [ -74.2241188, 4.6319616 ], [ -74.2240402, 4.6318679 ], [ -74.2239253, 4.6316745 ], [ -74.2238525, 4.6314904 ], [ -74.2238101, 4.6314047 ], [ -74.2236665, 4.631138 ], [ -74.2236084, 4.6310474 ], [ -74.223557, 4.6309513 ], [ -74.2234342, 4.6306817 ], [ -74.2233313, 4.6305067 ], [ -74.2232728, 4.6304168 ], [ -74.2231649, 4.630239 ], [ -74.2230995, 4.6301537 ], [ -74.223037, 4.6300777 ], [ -74.2229096, 4.6300069 ], [ -74.2228199, 4.6300069 ], [ -74.2227469, 4.6300727 ], [ -74.2225656, 4.6302552 ], [ -74.222446, 4.6303516 ], [ -74.222303, 4.6304452 ], [ -74.2221554, 4.6305365 ], [ -74.2218476, 4.6307221 ], [ -74.2215801, 4.6308211 ], [ -74.2210238, 4.6308212 ], [ -74.2205229, 4.6307285 ], [ -74.220211, 4.6306371 ], [ -74.2198739, 4.6305465 ], [ -74.2195892, 4.6304549 ], [ -74.2193348, 4.6303617 ], [ -74.2191642, 4.6302699 ], [ -74.2187622, 4.6300924 ], [ -74.2184905, 4.6300044 ], [ -74.2181386, 4.6299174 ], [ -74.2172591, 4.6299176 ], [ -74.2171727, 4.6299865 ], [ -74.2170801, 4.6300717 ], [ -74.2170043, 4.6301568 ], [ -74.2169374, 4.6302415 ], [ -74.2168344, 4.6304036 ], [ -74.216822, 4.6304718 ], [ -74.2168017, 4.6307357 ], [ -74.2168009, 4.6308168 ], [ -74.2168339, 4.6310786 ], [ -74.21685, 4.6311587 ], [ -74.2168788, 4.6312356 ], [ -74.2169779, 4.6314096 ], [ -74.2170847, 4.6315909 ], [ -74.2171335, 4.6316795 ], [ -74.2174852, 4.6322177 ], [ -74.2176125, 4.632394 ], [ -74.217696, 4.632494 ], [ -74.2177996, 4.6327759 ], [ -74.2178811, 4.6329447 ], [ -74.2179407, 4.6330239 ], [ -74.2180286, 4.6331166 ], [ -74.2180929, 4.6332152 ], [ -74.2181507, 4.6333109 ], [ -74.2182395, 4.6334991 ], [ -74.2183092, 4.6336819 ], [ -74.2183484, 4.6337762 ], [ -74.2183754, 4.6338728 ], [ -74.2184219, 4.6340533 ], [ -74.2184487, 4.6341458 ], [ -74.2184878, 4.6343352 ], [ -74.2185216, 4.6347104 ], [ -74.2185029, 4.634907 ], [ -74.2184287, 4.6351885 ], [ -74.2183943, 4.6352904 ], [ -74.2182856, 4.6354779 ], [ -74.2182334, 4.6355749 ], [ -74.2180755, 4.6357661 ], [ -74.2179813, 4.6358601 ], [ -74.2177855, 4.6360489 ], [ -74.2176206, 4.6361463 ], [ -74.2174333, 4.6362402 ], [ -74.2171803, 4.6363363 ], [ -74.2163923, 4.6364288 ], [ -74.2162723, 4.6364288 ], [ -74.2160927, 4.6365068 ], [ -74.2159971, 4.6365851 ], [ -74.2159283, 4.6366609 ], [ -74.2158528, 4.6368178 ], [ -74.215842, 4.6368872 ], [ -74.2158551, 4.6376064 ], [ -74.2158506, 4.6376821 ], [ -74.2158743, 4.6377494 ], [ -74.2159194, 4.6378373 ], [ -74.2160346, 4.6381098 ], [ -74.2161195, 4.6382874 ], [ -74.2163985, 4.6388231 ], [ -74.2164508, 4.638897 ], [ -74.2165554, 4.638976 ], [ -74.2167143, 4.6390707 ], [ -74.2168863, 4.6392582 ], [ -74.2169818, 4.6393449 ], [ -74.2170874, 4.6394352 ], [ -74.2171892, 4.639527 ], [ -74.217284, 4.6396157 ], [ -74.2173878, 4.6396997 ], [ -74.2175323, 4.6397831 ], [ -74.2177545, 4.6398691 ], [ -74.2180932, 4.6399577 ], [ -74.2185106, 4.6400484 ], [ -74.2188198, 4.640142 ], [ -74.2190079, 4.6402353 ], [ -74.2191979, 4.6403244 ], [ -74.219417, 4.6404148 ], [ -74.2196133, 4.6405082 ], [ -74.2197703, 4.6406029 ], [ -74.220027, 4.6407901 ], [ -74.220115, 4.6408776 ], [ -74.2204107, 4.6410527 ], [ -74.2205519, 4.6411386 ], [ -74.2207983, 4.6412261 ], [ -74.2210615, 4.6413227 ], [ -74.2213725, 4.641605 ], [ -74.2214802, 4.6416979 ], [ -74.2216567, 4.6418876 ], [ -74.2217808, 4.6420725 ], [ -74.2219836, 4.6423467 ], [ -74.2220399, 4.6424455 ], [ -74.2221217, 4.6426289 ], [ -74.2222107, 4.6428105 ], [ -74.2223331, 4.6430986 ], [ -74.2223393, 4.6432071 ], [ -74.2223397, 4.6433053 ], [ -74.2223286, 4.6434033 ], [ -74.2222828, 4.64368 ], [ -74.2222372, 4.6438714 ], [ -74.2221586, 4.6440568 ], [ -74.2220612, 4.6443331 ], [ -74.2219497, 4.6445245 ], [ -74.2218813, 4.6446243 ], [ -74.2217808, 4.6447262 ], [ -74.2216451, 4.6448225 ], [ -74.2214928, 4.6449192 ], [ -74.2212368, 4.6450161 ], [ -74.2206708, 4.645108 ], [ -74.2201442, 4.6451998 ], [ -74.2191521, 4.645227 ], [ -74.2182946, 4.6451821 ], [ -74.217448, 4.6452546 ], [ -74.2166989, 4.6452703 ], [ -74.2165583, 4.6452863 ], [ -74.2161968, 4.6452006 ], [ -74.2158719, 4.6451053 ], [ -74.2156392, 4.6450114 ], [ -74.2154591, 4.6449141 ], [ -74.2152356, 4.6447237 ], [ -74.21515, 4.6446315 ], [ -74.215059, 4.6445449 ], [ -74.2149512, 4.6444547 ], [ -74.2148503, 4.6443598 ], [ -74.2147642, 4.6442635 ], [ -74.2146289, 4.6440853 ], [ -74.2145365, 4.6439935 ], [ -74.2144673, 4.6438952 ], [ -74.2144068, 4.6438017 ], [ -74.2143509, 4.6437071 ], [ -74.2143038, 4.6436135 ], [ -74.2139489, 4.6428865 ], [ -74.2139073, 4.642782 ], [ -74.2138722, 4.6424938 ], [ -74.2138709, 4.6421254 ], [ -74.2138731, 4.6420322 ], [ -74.2138784, 4.641942 ], [ -74.213882, 4.6417601 ], [ -74.2138893, 4.6416701 ], [ -74.2138911, 4.6414915 ], [ -74.2139002, 4.6412206 ], [ -74.2139, 4.6411592 ], [ -74.2138651, 4.6411069 ], [ -74.2137483, 4.6410308 ], [ -74.2135534, 4.6409466 ], [ -74.2131678, 4.6408551 ], [ -74.2131194, 4.6408276 ], [ -74.2130757, 4.6408531 ], [ -74.2128033, 4.6409419 ], [ -74.212686, 4.641031 ], [ -74.2124294, 4.6411281 ], [ -74.2120374, 4.6412224 ], [ -74.2076243, 4.6412232 ], [ -74.2073508, 4.641309 ], [ -74.2071052, 4.6413971 ], [ -74.2069307, 4.6414836 ], [ -74.2067889, 4.6415698 ], [ -74.2066746, 4.6416551 ], [ -74.2065794, 4.6417413 ], [ -74.2064898, 4.64183 ], [ -74.2063198, 4.6420022 ], [ -74.2062764, 4.642078 ], [ -74.2062416, 4.6421586 ], [ -74.206218, 4.642239 ], [ -74.2062045, 4.6423158 ], [ -74.2062058, 4.6423942 ], [ -74.2062126, 4.6424699 ], [ -74.2063059, 4.6427313 ], [ -74.2063378, 4.6428276 ], [ -74.2063569, 4.6429188 ], [ -74.2064097, 4.6430882 ], [ -74.2064515, 4.6431703 ], [ -74.2065019, 4.6432607 ], [ -74.2065951, 4.6434458 ], [ -74.2066754, 4.6436296 ], [ -74.2067492, 4.6438055 ], [ -74.2067957, 4.643887 ], [ -74.2069233, 4.6440623 ], [ -74.2069926, 4.6441497 ], [ -74.2070705, 4.6442393 ], [ -74.2071469, 4.644331 ], [ -74.2072216, 4.6444239 ], [ -74.2072909, 4.64452 ], [ -74.2073448, 4.6446136 ], [ -74.2074511, 4.6447892 ], [ -74.2075188, 4.6448773 ], [ -74.2075835, 4.6449699 ], [ -74.2078364, 4.6453413 ], [ -74.207876, 4.6454496 ], [ -74.2079109, 4.6456427 ], [ -74.2079261, 4.6458378 ], [ -74.2078992, 4.646033 ], [ -74.2078757, 4.6461294 ], [ -74.2077971, 4.6464126 ], [ -74.2076871, 4.6466078 ], [ -74.2076152, 4.6467058 ], [ -74.2075313, 4.6468015 ], [ -74.2073437, 4.6469886 ], [ -74.2072202, 4.6470841 ], [ -74.2070792, 4.6471808 ], [ -74.2068468, 4.6472822 ], [ -74.2059551, 4.6472824 ], [ -74.2056881, 4.647185 ], [ -74.2054944, 4.6470916 ], [ -74.2053231, 4.6469977 ], [ -74.2050593, 4.646813 ], [ -74.2048147, 4.6466261 ], [ -74.2047299, 4.6465324 ], [ -74.2046362, 4.6464451 ], [ -74.2044367, 4.6462661 ], [ -74.2042248, 4.6460913 ], [ -74.2040763, 4.6460061 ], [ -74.2039153, 4.6459263 ], [ -74.2038993, 4.6459263 ], [ -74.2038709, 4.6459679 ], [ -74.2038096, 4.6461345 ], [ -74.2037885, 4.6462159 ], [ -74.2037597, 4.6464042 ], [ -74.2037144, 4.6465064 ], [ -74.2036707, 4.6466005 ], [ -74.2035651, 4.6467898 ], [ -74.2034216, 4.64698 ], [ -74.20333, 4.6470754 ], [ -74.2028678, 4.6475263 ], [ -74.2027123, 4.647702 ], [ -74.2026467, 4.6477892 ], [ -74.2024465, 4.6480627 ], [ -74.2023645, 4.6481583 ], [ -74.202275, 4.6482489 ], [ -74.202119, 4.6484284 ], [ -74.2020351, 4.6485206 ], [ -74.2018576, 4.6487048 ], [ -74.2017537, 4.6487979 ], [ -74.2016467, 4.6488908 ], [ -74.2015247, 4.6489834 ], [ -74.2011559, 4.6492561 ], [ -74.2010185, 4.6493497 ], [ -74.2006883, 4.6495359 ], [ -74.2004398, 4.6496294 ], [ -74.1998873, 4.6498105 ], [ -74.199644, 4.6499001 ], [ -74.199419, 4.6499889 ], [ -74.1992353, 4.6500783 ], [ -74.1990333, 4.6501702 ], [ -74.1988041, 4.6502613 ], [ -74.1985838, 4.6503512 ], [ -74.1983784, 4.6504416 ], [ -74.1981583, 4.6505314 ], [ -74.1979834, 4.650617 ], [ -74.1978652, 4.6507035 ], [ -74.1975974, 4.6508876 ], [ -74.1974299, 4.6509808 ], [ -74.1972622, 4.6510675 ], [ -74.197055, 4.6512389 ], [ -74.1969738, 4.6513234 ], [ -74.1968296, 4.6514956 ], [ -74.19673, 4.6516711 ], [ -74.1966175, 4.6518505 ], [ -74.1963837, 4.6522967 ], [ -74.1963088, 4.6524732 ], [ -74.1962715, 4.652566 ], [ -74.1961778, 4.6527563 ], [ -74.1960414, 4.65295 ], [ -74.1959445, 4.6530433 ], [ -74.195879, 4.6531208 ], [ -74.195843, 4.6531989 ], [ -74.1956883, 4.653561 ], [ -74.1956011, 4.6537419 ], [ -74.1955288, 4.6539191 ], [ -74.1954245, 4.654189 ], [ -74.1953573, 4.6543703 ], [ -74.1952863, 4.6545486 ], [ -74.1952594, 4.6546376 ], [ -74.1951912, 4.6548264 ], [ -74.1950918, 4.6550181 ], [ -74.1949596, 4.6552051 ], [ -74.1948132, 4.6553998 ], [ -74.1945215, 4.6555897 ], [ -74.1943687, 4.6556858 ], [ -74.1940966, 4.655783 ], [ -74.1933362, 4.6558754 ], [ -74.1925418, 4.6558755 ], [ -74.1921815, 4.6557814 ], [ -74.1919042, 4.6556858 ], [ -74.1917628, 4.6555872 ], [ -74.1916403, 4.6554945 ], [ -74.1910969, 4.6550427 ], [ -74.1909775, 4.6549541 ], [ -74.1904819, 4.6545931 ], [ -74.1903543, 4.6545046 ], [ -74.1902148, 4.6544172 ], [ -74.1900416, 4.6543269 ], [ -74.1897418, 4.6541424 ], [ -74.1896155, 4.6540492 ], [ -74.1893786, 4.6538657 ], [ -74.1892767, 4.6537743 ], [ -74.1890622, 4.6535962 ], [ -74.1888172, 4.6534179 ], [ -74.1885588, 4.6532371 ], [ -74.1884337, 4.6531473 ], [ -74.1883006, 4.6530585 ], [ -74.1881624, 4.6529728 ], [ -74.1877159, 4.6527875 ], [ -74.1874491, 4.6525089 ], [ -74.1873325, 4.6524267 ], [ -74.187009, 4.6522536 ], [ -74.1866799, 4.6521688 ], [ -74.1866609, 4.6521688 ], [ -74.1862673, 4.6522541 ], [ -74.1861368, 4.6523328 ], [ -74.1859341, 4.6525093 ], [ -74.1858212, 4.6526025 ], [ -74.1855622, 4.6527864 ], [ -74.1854243, 4.6528761 ], [ -74.185304, 4.6529675 ], [ -74.1848449, 4.6532419 ], [ -74.1846866, 4.6533331 ], [ -74.1845206, 4.6534247 ], [ -74.1843383, 4.6535172 ], [ -74.1841218, 4.6536098 ], [ -74.1838563, 4.6537065 ], [ -74.1832771, 4.6537066 ], [ -74.1829834, 4.6536009 ], [ -74.1828485, 4.6533997 ], [ -74.1827692, 4.6533065 ], [ -74.182712, 4.6532043 ], [ -74.18263, 4.6530147 ], [ -74.1825968, 4.6529066 ], [ -74.1825954, 4.6525977 ], [ -74.1826603, 4.6524837 ], [ -74.1827211, 4.6523912 ], [ -74.1828933, 4.6521228 ], [ -74.1829902, 4.6519507 ], [ -74.1830832, 4.6516894 ], [ -74.18311, 4.6515957 ], [ -74.1831545, 4.6514954 ], [ -74.1832576, 4.6513135 ], [ -74.1833423, 4.6511354 ], [ -74.1839969, 4.6497774 ], [ -74.1840454, 4.649684 ], [ -74.1842023, 4.6494134 ], [ -74.1842889, 4.6492364 ], [ -74.1844149, 4.6489641 ], [ -74.1845583, 4.648688 ], [ -74.1848978, 4.6481374 ], [ -74.1849789, 4.6480381 ], [ -74.1850756, 4.6479453 ], [ -74.1851531, 4.6478636 ], [ -74.1851972, 4.6477903 ], [ -74.1851623, 4.6478126 ], [ -74.1850419, 4.647901 ], [ -74.1848013, 4.648082 ], [ -74.1845483, 4.6482645 ], [ -74.1842751, 4.6484469 ], [ -74.1839849, 4.6486307 ], [ -74.1836352, 4.6488108 ], [ -74.183511, 4.6488958 ], [ -74.1834064, 4.648982 ], [ -74.1833102, 4.6490712 ], [ -74.1831094, 4.6492506 ], [ -74.1829399, 4.649424 ], [ -74.1828853, 4.649502 ], [ -74.1828018, 4.64968 ], [ -74.1827422, 4.649779 ], [ -74.1825321, 4.6500525 ], [ -74.1819651, 4.6508639 ], [ -74.1818505, 4.651038 ], [ -74.181729, 4.6513023 ], [ -74.1816511, 4.6514803 ], [ -74.1816173, 4.6515699 ], [ -74.1815406, 4.6517548 ], [ -74.1814953, 4.6518469 ], [ -74.1814557, 4.6519326 ], [ -74.18139, 4.6521164 ], [ -74.1812845, 4.6523088 ], [ -74.1810801, 4.6525883 ], [ -74.1809959, 4.6526829 ], [ -74.180823, 4.6528669 ], [ -74.1807202, 4.6529623 ], [ -74.180481, 4.6531467 ], [ -74.1803494, 4.6532411 ], [ -74.1800186, 4.6534234 ], [ -74.1798784, 4.6535116 ], [ -74.1796136, 4.6536909 ], [ -74.1794897, 4.6537802 ], [ -74.1792491, 4.6539599 ], [ -74.1791303, 4.6540535 ], [ -74.1789697, 4.6541474 ], [ -74.1784958, 4.6544165 ], [ -74.1783812, 4.6544998 ], [ -74.1782026, 4.6546783 ], [ -74.1780918, 4.6547725 ], [ -74.1778529, 4.6549562 ], [ -74.1775804, 4.6551421 ], [ -74.1773942, 4.655236 ], [ -74.1771846, 4.6553306 ], [ -74.1767998, 4.6554257 ], [ -74.1762385, 4.6554258 ], [ -74.1758882, 4.6553268 ], [ -74.1757747, 4.6552328 ], [ -74.1756883, 4.6551967 ], [ -74.1755959, 4.6552345 ], [ -74.1753483, 4.655409 ], [ -74.1752318, 4.6554944 ], [ -74.1748835, 4.6558542 ], [ -74.1747733, 4.6559456 ], [ -74.1743974, 4.656309 ], [ -74.1741532, 4.6564915 ], [ -74.1738422, 4.6567591 ], [ -74.1736545, 4.6569398 ], [ -74.1735476, 4.657033 ], [ -74.1732036, 4.6573069 ], [ -74.1730734, 4.6574015 ], [ -74.1725842, 4.6576772 ], [ -74.1723808, 4.6577712 ], [ -74.1721034, 4.6578647 ], [ -74.1716973, 4.657957 ], [ -74.1713177, 4.6580098 ], [ -74.1710934, 4.6580183 ], [ -74.1709054, 4.6579515 ], [ -74.1705341, 4.6577658 ], [ -74.1703889, 4.6576701 ], [ -74.1701581, 4.6574849 ], [ -74.1700581, 4.6573939 ], [ -74.1699536, 4.6573069 ], [ -74.1698315, 4.6572193 ], [ -74.1695653, 4.6570427 ], [ -74.1693922, 4.6569587 ], [ -74.1690666, 4.6568718 ], [ -74.1687332, 4.6568192 ], [ -74.168547, 4.6568169 ], [ -74.1683208, 4.656871 ], [ -74.1680133, 4.6569516 ], [ -74.1679832, 4.6570051 ], [ -74.1679036, 4.6571829 ], [ -74.1678201, 4.6573628 ], [ -74.1677412, 4.6575437 ], [ -74.1676174, 4.657814 ], [ -74.1675851, 4.6578953 ], [ -74.1674864, 4.6583384 ], [ -74.1674566, 4.6585094 ], [ -74.167456, 4.6587762 ], [ -74.1674373, 4.6590489 ], [ -74.1674307, 4.6592322 ], [ -74.1674075, 4.6594207 ], [ -74.1673687, 4.6596072 ], [ -74.1673199, 4.659799 ], [ -74.1672674, 4.6599067 ], [ -74.1670372, 4.6601952 ], [ -74.1667748, 4.6603888 ], [ -74.1665566, 4.6604871 ], [ -74.1662793, 4.6605478 ], [ -74.1658584, 4.6605505 ], [ -74.1656834, 4.6604847 ], [ -74.1654652, 4.6603899 ], [ -74.1653242, 4.6602924 ], [ -74.1652019, 4.660193 ], [ -74.1650571, 4.6600021 ], [ -74.1649305, 4.6598183 ], [ -74.1648075, 4.6596312 ], [ -74.1647647, 4.6595387 ], [ -74.1647216, 4.6594654 ], [ -74.1646241, 4.659383 ], [ -74.1645253, 4.6592875 ], [ -74.1644525, 4.6592026 ], [ -74.1643429, 4.6591262 ], [ -74.1642166, 4.659084 ], [ -74.1641733, 4.6590831 ], [ -74.1641338, 4.6591159 ], [ -74.1640117, 4.6592057 ], [ -74.1639247, 4.6592817 ], [ -74.1638897, 4.6593528 ], [ -74.1638529, 4.6594449 ], [ -74.1637016, 4.6597194 ], [ -74.1636635, 4.6597979 ], [ -74.1636275, 4.6599635 ], [ -74.1636182, 4.6600483 ], [ -74.1635624, 4.6606796 ], [ -74.1635444, 4.6609339 ], [ -74.163561, 4.6609913 ], [ -74.1636304, 4.6610769 ], [ -74.1636799, 4.6611898 ], [ -74.1637467, 4.6616556 ], [ -74.1637584, 4.6617598 ], [ -74.1636957, 4.6621413 ], [ -74.1635419, 4.662602 ], [ -74.1635045, 4.6626997 ], [ -74.1634034, 4.6628874 ], [ -74.1633472, 4.662982 ], [ -74.1632199, 4.6631662 ], [ -74.1631531, 4.6632601 ], [ -74.1630713, 4.6633565 ], [ -74.1628812, 4.6635448 ], [ -74.1627504, 4.6636409 ], [ -74.1626041, 4.6637343 ], [ -74.1624343, 4.66383 ], [ -74.1620141, 4.663975 ], [ -74.1617572, 4.6639773 ], [ -74.1616599, 4.6639229 ], [ -74.1612763, 4.6638337 ], [ -74.1610373, 4.6637358 ], [ -74.1609136, 4.6636386 ], [ -74.160794, 4.663551 ], [ -74.1606572, 4.6634652 ], [ -74.1604715, 4.6633781 ], [ -74.1602574, 4.6632913 ], [ -74.1598721, 4.6632031 ], [ -74.1595374, 4.6631464 ], [ -74.1592455, 4.6631489 ], [ -74.1592052, 4.6631706 ], [ -74.1592591, 4.6632158 ], [ -74.1594895, 4.6632998 ], [ -74.1597906, 4.66339 ], [ -74.1600584, 4.6634812 ], [ -74.1605537, 4.6636621 ], [ -74.1608135, 4.6637525 ], [ -74.1610688, 4.6638446 ], [ -74.1612616, 4.6639377 ], [ -74.1614545, 4.6640382 ], [ -74.1617438, 4.6644257 ], [ -74.1618244, 4.664624 ], [ -74.1618488, 4.6647279 ], [ -74.1618637, 4.6649166 ], [ -74.1618692, 4.665012 ], [ -74.1618632, 4.6652013 ], [ -74.1618497, 4.6653074 ], [ -74.1616643, 4.6657724 ], [ -74.161577, 4.6659631 ], [ -74.1615093, 4.6660584 ], [ -74.1614548, 4.6661451 ], [ -74.1613631, 4.6663052 ], [ -74.1616884, 4.6663707 ], [ -74.1624793, 4.6664606 ], [ -74.1628108, 4.6664996 ], [ -74.1631735, 4.6665122 ], [ -74.1634178, 4.6664599 ], [ -74.1635437, 4.6664599 ], [ -74.1641306, 4.6665523 ], [ -74.164449, 4.6666454 ], [ -74.1649091, 4.666827 ], [ -74.1651719, 4.6669169 ], [ -74.1654276, 4.667009 ], [ -74.1656274, 4.6671027 ], [ -74.165779, 4.667189 ], [ -74.1661199, 4.6672772 ], [ -74.1663866, 4.667369 ], [ -74.1668887, 4.6675512 ], [ -74.1670944, 4.6676424 ], [ -74.1672979, 4.6677271 ], [ -74.1682929, 4.6678165 ], [ -74.1688378, 4.6679081 ], [ -74.1691802, 4.6680001 ], [ -74.1694696, 4.6680905 ], [ -74.1698172, 4.6681831 ], [ -74.1701668, 4.6683727 ], [ -74.1702913, 4.6684704 ], [ -74.1703958, 4.6685697 ], [ -74.1704675, 4.6686704 ], [ -74.1705762, 4.6688543 ], [ -74.1706848, 4.6690323 ], [ -74.1707442, 4.6691206 ], [ -74.1708744, 4.6693039 ], [ -74.1709294, 4.6694006 ], [ -74.1709762, 4.669495 ], [ -74.1710197, 4.6695925 ], [ -74.1710489, 4.6696906 ], [ -74.1710726, 4.6697855 ], [ -74.1711065, 4.6699614 ], [ -74.1711366, 4.6700442 ], [ -74.1711751, 4.6701431 ], [ -74.1711905, 4.6702448 ], [ -74.1712021, 4.6703408 ], [ -74.1712072, 4.6705285 ], [ -74.1712046, 4.6706126 ], [ -74.1712158, 4.6706789 ], [ -74.1712567, 4.6707532 ], [ -74.1713156, 4.6708446 ], [ -74.1713662, 4.6709423 ], [ -74.171441, 4.671124 ], [ -74.1716611, 4.6715717 ], [ -74.1717566, 4.671746 ], [ -74.1718845, 4.6719249 ], [ -74.1719426, 4.6720187 ], [ -74.1719991, 4.6721144 ], [ -74.1720836, 4.6723042 ], [ -74.1721168, 4.6724057 ], [ -74.172148, 4.6725943 ], [ -74.1721623, 4.6726941 ], [ -74.172154, 4.6728853 ], [ -74.1721462, 4.6729752 ], [ -74.1721401, 4.6731586 ], [ -74.1720896, 4.6735204 ], [ -74.1720866, 4.6736019 ], [ -74.1720971, 4.6737822 ], [ -74.172095, 4.6738692 ], [ -74.1721048, 4.6739425 ], [ -74.1721229, 4.673991 ], [ -74.1722671, 4.6740669 ], [ -74.1725557, 4.6742476 ], [ -74.1727363, 4.6743413 ], [ -74.1729502, 4.6745255 ], [ -74.1730762, 4.674612 ], [ -74.1732238, 4.674703 ], [ -74.1733542, 4.674797 ], [ -74.1737972, 4.6751615 ], [ -74.1740003, 4.6753414 ], [ -74.1741141, 4.6754285 ], [ -74.1742371, 4.6755141 ], [ -74.1745841, 4.6756873 ], [ -74.1749658, 4.6757778 ], [ -74.1751593, 4.6758774 ], [ -74.1754009, 4.6760725 ], [ -74.1754687, 4.6761725 ], [ -74.1755358, 4.6762633 ], [ -74.1756011, 4.6763614 ], [ -74.1756525, 4.6764729 ], [ -74.1756606, 4.6765765 ], [ -74.1756724, 4.6766571 ], [ -74.1757287, 4.6768347 ], [ -74.1757513, 4.6769461 ], [ -74.1757211, 4.6771438 ], [ -74.1756893, 4.677328 ], [ -74.175645, 4.6775202 ], [ -74.1755148, 4.6778039 ], [ -74.1753113, 4.6781624 ], [ -74.1752138, 4.6784257 ], [ -74.1751524, 4.6786043 ], [ -74.175096, 4.6787866 ], [ -74.1750276, 4.6789663 ], [ -74.1750045, 4.6790491 ], [ -74.1749709, 4.6792243 ], [ -74.1749596, 4.6793018 ], [ -74.1749864, 4.6795823 ], [ -74.1748895, 4.6798624 ], [ -74.1748688, 4.6800318 ], [ -74.1748626, 4.6801198 ], [ -74.1748266, 4.6806604 ], [ -74.1748206, 4.6808479 ], [ -74.1747596, 4.6811263 ], [ -74.1747276, 4.6813024 ], [ -74.1747184, 4.6813818 ], [ -74.1747306, 4.6815623 ], [ -74.1747193, 4.6816662 ], [ -74.1746755, 4.6818536 ], [ -74.174629, 4.6820275 ], [ -74.1746237, 4.6821102 ], [ -74.1746134, 4.6822197 ], [ -74.174557, 4.6823273 ], [ -74.174451, 4.6825139 ], [ -74.1743193, 4.6826956 ], [ -74.1742675, 4.6827819 ], [ -74.1741629, 4.6829651 ], [ -74.173968, 4.6832503 ], [ -74.1738457, 4.6833495 ], [ -74.1737223, 4.6834461 ], [ -74.1735307, 4.683541 ], [ -74.1733388, 4.683632 ], [ -74.173142, 4.6837232 ], [ -74.1727155, 4.6839045 ], [ -74.1725107, 4.6839944 ], [ -74.172316, 4.6840843 ], [ -74.1721959, 4.6841414 ], [ -74.1718557, 4.6842656 ], [ -74.1717174, 4.6843455 ], [ -74.1714745, 4.684603 ], [ -74.1713462, 4.6847781 ], [ -74.1712856, 4.6848679 ], [ -74.1712189, 4.6849621 ], [ -74.1711441, 4.6850516 ], [ -74.1710917, 4.68513 ], [ -74.1709517, 4.6854844 ], [ -74.17091, 4.6855787 ], [ -74.1708155, 4.6857649 ], [ -74.1707539, 4.6858663 ], [ -74.1705764, 4.6860553 ], [ -74.1704821, 4.6861484 ], [ -74.1702828, 4.6863282 ], [ -74.1702007, 4.6864152 ], [ -74.1699529, 4.6866901 ], [ -74.1698397, 4.6867871 ], [ -74.1697071, 4.6868805 ], [ -74.1695721, 4.6869724 ], [ -74.1694227, 4.6870647 ], [ -74.1692661, 4.6871546 ], [ -74.1691342, 4.6872403 ], [ -74.1690369, 4.687325 ], [ -74.1687554, 4.6875984 ], [ -74.1686425, 4.6876842 ], [ -74.1685851, 4.6877623 ], [ -74.1685569, 4.6878051 ], [ -74.1685762, 4.6878401 ], [ -74.1686406, 4.6879178 ], [ -74.1687346, 4.6879974 ], [ -74.1688983, 4.6880884 ], [ -74.168995, 4.688175 ], [ -74.1692059, 4.6882599 ], [ -74.1694153, 4.6883498 ], [ -74.1696655, 4.6884419 ], [ -74.1698272, 4.6885343 ], [ -74.1700196, 4.6886252 ], [ -74.1701744, 4.6887189 ], [ -74.1703117, 4.688809 ], [ -74.1704667, 4.6889005 ], [ -74.170592, 4.6889916 ], [ -74.1707478, 4.6890894 ], [ -74.1708922, 4.6892825 ], [ -74.1710416, 4.6894691 ], [ -74.1710953, 4.6895724 ], [ -74.1711997, 4.6898535 ], [ -74.1712243, 4.6899506 ], [ -74.1712606, 4.6901258 ], [ -74.1712906, 4.6902021 ], [ -74.1713449, 4.6902932 ], [ -74.1714165, 4.6904847 ], [ -74.1714716, 4.6906714 ], [ -74.1715063, 4.6908275 ], [ -74.1714749, 4.6908588 ], [ -74.1715284, 4.6909492 ], [ -74.1715424, 4.6909636 ], [ -74.1715592, 4.691027 ], [ -74.1716342, 4.6912089 ], [ -74.1717011, 4.69149 ], [ -74.1717188, 4.691594 ], [ -74.1717003, 4.6918685 ], [ -74.1717166, 4.6920324 ], [ -74.1717419, 4.6921125 ], [ -74.1718031, 4.6922864 ], [ -74.1718883, 4.6924548 ], [ -74.1719481, 4.6925344 ], [ -74.1720301, 4.6926195 ], [ -74.1721222, 4.6927073 ], [ -74.1722236, 4.6927961 ], [ -74.1723269, 4.6928846 ], [ -74.1725665, 4.6930685 ], [ -74.1727413, 4.6932554 ], [ -74.1728341, 4.6933585 ], [ -74.1729483, 4.6936435 ], [ -74.1731059, 4.6940126 ], [ -74.1731271, 4.6941133 ], [ -74.1732074, 4.6945699 ], [ -74.1732179, 4.6946681 ], [ -74.1732185, 4.6949447 ], [ -74.1732175, 4.6950383 ], [ -74.1731995, 4.6953111 ], [ -74.1731955, 4.6954 ], [ -74.1731609, 4.696494 ], [ -74.173151, 4.6964952 ], [ -74.1729822, 4.6964387 ], [ -74.1730153, 4.695393 ], [ -74.1730195, 4.695301 ], [ -74.1730373, 4.6950313 ], [ -74.1730376, 4.694678 ], [ -74.1730288, 4.6945953 ], [ -74.1729501, 4.6941477 ], [ -74.1729332, 4.6940675 ], [ -74.1727819, 4.6937132 ], [ -74.1726787, 4.6934557 ], [ -74.1726087, 4.6933779 ], [ -74.1724452, 4.6932031 ], [ -74.1722136, 4.6930254 ], [ -74.1721058, 4.692933 ], [ -74.1720008, 4.692841 ], [ -74.1719032, 4.692748 ], [ -74.1718108, 4.6926522 ], [ -74.1717348, 4.6925509 ], [ -74.171637, 4.6923577 ], [ -74.171571, 4.6921699 ], [ -74.1715391, 4.6920691 ], [ -74.1715195, 4.6918713 ], [ -74.1715375, 4.6916032 ], [ -74.1715244, 4.6915263 ], [ -74.1714622, 4.6912649 ], [ -74.1713881, 4.6910851 ], [ -74.1713286, 4.6908609 ], [ -74.1712971, 4.6907173 ], [ -74.1712455, 4.6905422 ], [ -74.1711819, 4.690372 ], [ -74.1711283, 4.6902823 ], [ -74.1710873, 4.6901778 ], [ -74.1710486, 4.6899913 ], [ -74.1710274, 4.6899075 ], [ -74.1709303, 4.689646 ], [ -74.17089, 4.6895685 ], [ -74.1707498, 4.6893934 ], [ -74.1706237, 4.6892248 ], [ -74.1704912, 4.6891417 ], [ -74.1703678, 4.689052 ], [ -74.1702165, 4.6889627 ], [ -74.1700785, 4.688872 ], [ -74.1699344, 4.6887849 ], [ -74.1697441, 4.688695 ], [ -74.1695893, 4.6886065 ], [ -74.1693487, 4.6885179 ], [ -74.1691368, 4.688427 ], [ -74.1688986, 4.688331 ], [ -74.1687933, 4.6882368 ], [ -74.1686318, 4.688147 ], [ -74.1685122, 4.6880458 ], [ -74.1684266, 4.6879426 ], [ -74.1683465, 4.6877967 ], [ -74.1684372, 4.6876587 ], [ -74.1685129, 4.6875559 ], [ -74.1686378, 4.6874608 ], [ -74.1689151, 4.6871916 ], [ -74.1690256, 4.6870954 ], [ -74.1691723, 4.6870001 ], [ -74.1693307, 4.6869092 ], [ -74.1694742, 4.6868205 ], [ -74.1696047, 4.6867316 ], [ -74.1697292, 4.686644 ], [ -74.169827, 4.6865602 ], [ -74.1700684, 4.6862924 ], [ -74.1701569, 4.6861986 ], [ -74.1703586, 4.6860166 ], [ -74.1704476, 4.6859288 ], [ -74.1706098, 4.685756 ], [ -74.170658, 4.6856766 ], [ -74.1707471, 4.685501 ], [ -74.1707854, 4.6854144 ], [ -74.1709313, 4.6850454 ], [ -74.1709998, 4.6849429 ], [ -74.1710761, 4.6848515 ], [ -74.1711375, 4.6847648 ], [ -74.1711989, 4.6846738 ], [ -74.1713356, 4.6844871 ], [ -74.1716047, 4.6842019 ], [ -74.1717793, 4.684101 ], [ -74.1721263, 4.6839744 ], [ -74.1722397, 4.6839204 ], [ -74.1724369, 4.6838294 ], [ -74.1726442, 4.6837384 ], [ -74.1730691, 4.6835578 ], [ -74.1732625, 4.6834681 ], [ -74.1734523, 4.6833782 ], [ -74.173626, 4.6832922 ], [ -74.1737335, 4.6832079 ], [ -74.1738342, 4.6831262 ], [ -74.1740101, 4.6828688 ], [ -74.1741121, 4.6826903 ], [ -74.1741689, 4.6825956 ], [ -74.1742994, 4.6824156 ], [ -74.1743989, 4.6822404 ], [ -74.1744373, 4.6821672 ], [ -74.1744439, 4.6820959 ], [ -74.1744503, 4.6819976 ], [ -74.1745005, 4.6818098 ], [ -74.1745413, 4.6816355 ], [ -74.1745497, 4.6815585 ], [ -74.1745374, 4.6813774 ], [ -74.1745493, 4.6812758 ], [ -74.1745829, 4.6810902 ], [ -74.174641, 4.680826 ], [ -74.1746465, 4.6806518 ], [ -74.1746893, 4.6800144 ], [ -74.1747128, 4.679822 ], [ -74.1748033, 4.6795596 ], [ -74.174778, 4.6792975 ], [ -74.1747931, 4.6791941 ], [ -74.1748289, 4.6790076 ], [ -74.1748562, 4.6789095 ], [ -74.1749256, 4.6787275 ], [ -74.1749811, 4.678548 ], [ -74.175044, 4.6783649 ], [ -74.1751476, 4.6780855 ], [ -74.1753546, 4.6777206 ], [ -74.1753948, 4.6776339 ], [ -74.1754735, 4.6774616 ], [ -74.1755125, 4.6772921 ], [ -74.1755432, 4.6771146 ], [ -74.1755683, 4.6769506 ], [ -74.1755541, 4.6768811 ], [ -74.1755259, 4.6767948 ], [ -74.175496, 4.6766969 ], [ -74.1754814, 4.6765967 ], [ -74.1754753, 4.6765195 ], [ -74.1754433, 4.6764501 ], [ -74.1753883, 4.6763674 ], [ -74.1753217, 4.6762773 ], [ -74.175267, 4.6761965 ], [ -74.1750606, 4.6760299 ], [ -74.174903, 4.6759487 ], [ -74.1745225, 4.6758585 ], [ -74.174145, 4.6756701 ], [ -74.174008, 4.6755748 ], [ -74.1738857, 4.6754811 ], [ -74.1736805, 4.6752993 ], [ -74.1732444, 4.6749405 ], [ -74.1731239, 4.6748537 ], [ -74.1729781, 4.6747638 ], [ -74.1728406, 4.6746695 ], [ -74.1726345, 4.6744921 ], [ -74.1724665, 4.6744049 ], [ -74.1721774, 4.6742239 ], [ -74.1719781, 4.674119 ], [ -74.1719289, 4.6739867 ], [ -74.1719145, 4.6738792 ], [ -74.1719167, 4.6737853 ], [ -74.1719062, 4.6736038 ], [ -74.1719098, 4.6735045 ], [ -74.1719603, 4.6731429 ], [ -74.1719662, 4.6729645 ], [ -74.1719741, 4.6728735 ], [ -74.1719815, 4.6727031 ], [ -74.1719699, 4.672622 ], [ -74.1719412, 4.6724489 ], [ -74.1719153, 4.6723695 ], [ -74.1718387, 4.6721976 ], [ -74.1717884, 4.6721125 ], [ -74.1717345, 4.6720254 ], [ -74.1716038, 4.6718426 ], [ -74.1715012, 4.6716553 ], [ -74.1712767, 4.6711987 ], [ -74.1712026, 4.6710187 ], [ -74.1711595, 4.6709356 ], [ -74.1711019, 4.6708461 ], [ -74.1710432, 4.6707395 ], [ -74.1710238, 4.670625 ], [ -74.1710269, 4.6705282 ], [ -74.1710221, 4.6703542 ], [ -74.1710119, 4.6702693 ], [ -74.1709999, 4.6701902 ], [ -74.1709679, 4.6701082 ], [ -74.1709323, 4.6700102 ], [ -74.1708964, 4.6698243 ], [ -74.170875, 4.6697384 ], [ -74.1708504, 4.6696556 ], [ -74.1708132, 4.6695723 ], [ -74.1707703, 4.6694858 ], [ -74.1707225, 4.6694017 ], [ -74.1705958, 4.6692233 ], [ -74.1705335, 4.6691307 ], [ -74.1704762, 4.6690383 ], [ -74.1703164, 4.6687693 ], [ -74.1702593, 4.6686891 ], [ -74.1701735, 4.6686076 ], [ -74.1700677, 4.6685245 ], [ -74.1697503, 4.6683524 ], [ -74.1694196, 4.6682643 ], [ -74.1691301, 4.6681739 ], [ -74.1687995, 4.6680851 ], [ -74.1682699, 4.667996 ], [ -74.1672544, 4.6679048 ], [ -74.1670235, 4.6678086 ], [ -74.1668215, 4.6677191 ], [ -74.1663268, 4.6675396 ], [ -74.1660681, 4.6674506 ], [ -74.1657109, 4.6673581 ], [ -74.1655446, 4.6672635 ], [ -74.1653589, 4.6671764 ], [ -74.1651124, 4.6670877 ], [ -74.1648468, 4.6669968 ], [ -74.1643909, 4.6668168 ], [ -74.1640913, 4.6667291 ], [ -74.1635296, 4.6666408 ], [ -74.1634369, 4.6666408 ], [ -74.1631894, 4.6666938 ], [ -74.1627971, 4.6666801 ], [ -74.1624586, 4.6666403 ], [ -74.1616604, 4.6665496 ], [ -74.161089, 4.6664344 ], [ -74.1611952, 4.6662354 ], [ -74.1613004, 4.6660518 ], [ -74.1613595, 4.6659576 ], [ -74.1614204, 4.665872 ], [ -74.1614987, 4.665701 ], [ -74.1616738, 4.6652617 ], [ -74.1616833, 4.6651869 ], [ -74.1616888, 4.6650144 ], [ -74.1616838, 4.664929 ], [ -74.1616702, 4.6647559 ], [ -74.1616522, 4.6646791 ], [ -74.1615857, 4.6645156 ], [ -74.1613349, 4.6641797 ], [ -74.161181, 4.6640994 ], [ -74.1609991, 4.6640117 ], [ -74.1607535, 4.663923 ], [ -74.1604933, 4.6638325 ], [ -74.1599987, 4.6636519 ], [ -74.1597358, 4.6635623 ], [ -74.1594329, 4.6634716 ], [ -74.1591678, 4.6633749 ], [ -74.1590089, 4.6632418 ], [ -74.1590365, 4.6630563 ], [ -74.1591993, 4.6629684 ], [ -74.1595518, 4.6629655 ], [ -74.1599072, 4.6630257 ], [ -74.1603115, 4.6631182 ], [ -74.1605435, 4.6632122 ], [ -74.1607434, 4.663306 ], [ -74.1608951, 4.6634011 ], [ -74.1610223, 4.6634943 ], [ -74.1611287, 4.6635779 ], [ -74.1613311, 4.6636608 ], [ -74.1617255, 4.6637524 ], [ -74.1618034, 4.663796 ], [ -74.1619834, 4.6637944 ], [ -74.1623601, 4.6636643 ], [ -74.1625115, 4.663579 ], [ -74.1626486, 4.6634915 ], [ -74.1627641, 4.6634068 ], [ -74.1629391, 4.6632333 ], [ -74.1630108, 4.6631488 ], [ -74.1630726, 4.6630619 ], [ -74.1631954, 4.6628843 ], [ -74.1632467, 4.662798 ], [ -74.1633404, 4.662624 ], [ -74.1633722, 4.6625408 ], [ -74.1635203, 4.6620971 ], [ -74.1635765, 4.6617553 ], [ -74.1635679, 4.6616786 ], [ -74.163505, 4.66124 ], [ -74.1634752, 4.6611721 ], [ -74.1633981, 4.6610769 ], [ -74.1633623, 4.6609534 ], [ -74.1633827, 4.6606652 ], [ -74.1634388, 4.6600304 ], [ -74.1634494, 4.6599343 ], [ -74.163492, 4.6597382 ], [ -74.1635417, 4.6596358 ], [ -74.1636896, 4.6593676 ], [ -74.163725, 4.659279 ], [ -74.1637791, 4.6591691 ], [ -74.1638991, 4.6590643 ], [ -74.164023, 4.6589732 ], [ -74.16411, 4.658901 ], [ -74.1642475, 4.6589036 ], [ -74.1644245, 4.6589628 ], [ -74.1645742, 4.6590672 ], [ -74.1646565, 4.6591632 ], [ -74.1647448, 4.6592485 ], [ -74.1648612, 4.6593469 ], [ -74.1649245, 4.6594545 ], [ -74.1649654, 4.6595428 ], [ -74.1650801, 4.6597175 ], [ -74.1652027, 4.6598954 ], [ -74.1653323, 4.6600662 ], [ -74.1654323, 4.6601475 ], [ -74.165553, 4.6602309 ], [ -74.1657509, 4.6603169 ], [ -74.1658905, 4.6603694 ], [ -74.1662592, 4.660367 ], [ -74.1664999, 4.6603144 ], [ -74.1666835, 4.6602317 ], [ -74.1669113, 4.6600636 ], [ -74.1671142, 4.6598093 ], [ -74.1671498, 4.6597362 ], [ -74.1671931, 4.6595663 ], [ -74.1672296, 4.6593911 ], [ -74.1672509, 4.6592178 ], [ -74.1672573, 4.6590394 ], [ -74.1672758, 4.6587695 ], [ -74.1672763, 4.6584937 ], [ -74.1673096, 4.658303 ], [ -74.1674123, 4.6578418 ], [ -74.1674518, 4.6577422 ], [ -74.1675767, 4.6574699 ], [ -74.1676556, 4.657289 ], [ -74.1677398, 4.6571072 ], [ -74.1678222, 4.6569233 ], [ -74.167894, 4.6567959 ], [ -74.1682771, 4.6566955 ], [ -74.1685269, 4.6566358 ], [ -74.1687484, 4.6566385 ], [ -74.1691038, 4.6566946 ], [ -74.1694552, 4.6567884 ], [ -74.1696546, 4.6568852 ], [ -74.1699337, 4.6570703 ], [ -74.1700637, 4.6571635 ], [ -74.1701763, 4.6572573 ], [ -74.170275, 4.6573472 ], [ -74.1704949, 4.6575236 ], [ -74.1706241, 4.6576087 ], [ -74.1709759, 4.6577847 ], [ -74.171121, 4.6578363 ], [ -74.1713018, 4.6578294 ], [ -74.171665, 4.657779 ], [ -74.1720546, 4.6576903 ], [ -74.1723143, 4.6576029 ], [ -74.1725022, 4.657516 ], [ -74.1729761, 4.657249 ], [ -74.1730946, 4.6571627 ], [ -74.1734325, 4.6568939 ], [ -74.1735329, 4.6568062 ], [ -74.1737211, 4.6566251 ], [ -74.1740406, 4.6563501 ], [ -74.1742805, 4.6561708 ], [ -74.1746531, 4.6558106 ], [ -74.1747611, 4.6557211 ], [ -74.1751131, 4.6553574 ], [ -74.1752433, 4.655262 ], [ -74.175509, 4.6550747 ], [ -74.1756891, 4.655001 ], [ -74.1758688, 4.6550762 ], [ -74.1759737, 4.6551631 ], [ -74.1762633, 4.6552449 ], [ -74.1767779, 4.6552448 ], [ -74.1771256, 4.6551589 ], [ -74.1773167, 4.6550727 ], [ -74.1774892, 4.6549857 ], [ -74.177747, 4.6548098 ], [ -74.1779786, 4.6546317 ], [ -74.1780806, 4.654545 ], [ -74.178264, 4.6543617 ], [ -74.1783982, 4.6542641 ], [ -74.17888, 4.6539905 ], [ -74.1790288, 4.6539035 ], [ -74.1791396, 4.6538162 ], [ -74.1793833, 4.6536341 ], [ -74.1795107, 4.6535425 ], [ -74.17978, 4.65336 ], [ -74.1799273, 4.6532673 ], [ -74.1802532, 4.6530878 ], [ -74.1803737, 4.6530013 ], [ -74.1806039, 4.6528239 ], [ -74.180696, 4.6527384 ], [ -74.180863, 4.6525606 ], [ -74.1809399, 4.6524743 ], [ -74.1811323, 4.6522113 ], [ -74.1812252, 4.6520418 ], [ -74.1812887, 4.6518639 ], [ -74.1813327, 4.6517688 ], [ -74.1813765, 4.6516799 ], [ -74.1814498, 4.6515031 ], [ -74.1814842, 4.6514119 ], [ -74.1815646, 4.6512281 ], [ -74.1816925, 4.6509498 ], [ -74.1818161, 4.6507621 ], [ -74.1823865, 4.6499457 ], [ -74.1825933, 4.6496765 ], [ -74.1826426, 4.6495946 ], [ -74.1827288, 4.6494108 ], [ -74.1828008, 4.6493079 ], [ -74.182985, 4.6491196 ], [ -74.1831891, 4.6489372 ], [ -74.1832879, 4.6488456 ], [ -74.1834028, 4.6487509 ], [ -74.183543, 4.648655 ], [ -74.1838958, 4.6484733 ], [ -74.1841771, 4.6482952 ], [ -74.1844457, 4.6481158 ], [ -74.184571, 4.6480263 ], [ -74.1846942, 4.6479365 ], [ -74.1849346, 4.6477557 ], [ -74.1850605, 4.6476632 ], [ -74.1852264, 4.647557 ], [ -74.1855227, 4.647557 ], [ -74.1854177, 4.6477821 ], [ -74.1853558, 4.6478765 ], [ -74.1852973, 4.6479739 ], [ -74.1852033, 4.6480731 ], [ -74.1851114, 4.6481612 ], [ -74.1850448, 4.6482428 ], [ -74.1847151, 4.6487775 ], [ -74.1845767, 4.649044 ], [ -74.1844516, 4.6493143 ], [ -74.1843612, 4.649499 ], [ -74.1842034, 4.6497711 ], [ -74.184158, 4.6498586 ], [ -74.1835048, 4.6512137 ], [ -74.1834175, 4.6513973 ], [ -74.1833156, 4.6515771 ], [ -74.1832798, 4.6516577 ], [ -74.1832549, 4.6517448 ], [ -74.1831547, 4.6520262 ], [ -74.1830479, 4.6522159 ], [ -74.182872, 4.6524901 ], [ -74.1828139, 4.6525785 ], [ -74.1827759, 4.6526453 ], [ -74.1827769, 4.652879 ], [ -74.1827993, 4.6529518 ], [ -74.1828737, 4.6531239 ], [ -74.1829178, 4.6532025 ], [ -74.1829923, 4.6532902 ], [ -74.1831, 4.6534507 ], [ -74.1833085, 4.6535257 ], [ -74.1838246, 4.6535257 ], [ -74.1840557, 4.6534415 ], [ -74.1842622, 4.6533531 ], [ -74.1844365, 4.6532647 ], [ -74.1845983, 4.6531754 ], [ -74.184754, 4.6530857 ], [ -74.1852029, 4.6528174 ], [ -74.1853207, 4.6527279 ], [ -74.1854611, 4.6526366 ], [ -74.1857117, 4.6524587 ], [ -74.1858177, 4.6523711 ], [ -74.1860305, 4.6521858 ], [ -74.1862001, 4.6520836 ], [ -74.1866416, 4.6519879 ], [ -74.1867027, 4.6519879 ], [ -74.1870747, 4.6520838 ], [ -74.1874271, 4.6522724 ], [ -74.187567, 4.652371 ], [ -74.1878198, 4.6526349 ], [ -74.1882447, 4.6528112 ], [ -74.1883979, 4.6529063 ], [ -74.188536, 4.6529984 ], [ -74.1886628, 4.6530894 ], [ -74.1889213, 4.6532702 ], [ -74.189173, 4.6534535 ], [ -74.1893943, 4.6536371 ], [ -74.1894939, 4.6537265 ], [ -74.189724, 4.6539047 ], [ -74.1898425, 4.6539923 ], [ -74.1901304, 4.6541694 ], [ -74.1903042, 4.65426 ], [ -74.1904533, 4.6543534 ], [ -74.1905863, 4.6544457 ], [ -74.1910838, 4.654808 ], [ -74.1912081, 4.6549002 ], [ -74.1917521, 4.6553526 ], [ -74.1918686, 4.6554407 ], [ -74.1919865, 4.6555229 ], [ -74.1922335, 4.6556081 ], [ -74.1925649, 4.6556947 ], [ -74.1933253, 4.6556945 ], [ -74.194055, 4.6556059 ], [ -74.1942897, 4.6555221 ], [ -74.1944245, 4.6554373 ], [ -74.1946885, 4.6552654 ], [ -74.1948141, 4.6550983 ], [ -74.1949376, 4.6549236 ], [ -74.1950258, 4.6547535 ], [ -74.1950883, 4.6545805 ], [ -74.1951161, 4.6544887 ], [ -74.1951891, 4.6543052 ], [ -74.195256, 4.6541248 ], [ -74.1953613, 4.6538521 ], [ -74.1954367, 4.6536675 ], [ -74.1955239, 4.6534867 ], [ -74.1956783, 4.6531253 ], [ -74.1957257, 4.6530225 ], [ -74.1958131, 4.6529192 ], [ -74.1959042, 4.6528315 ], [ -74.1960224, 4.6526635 ], [ -74.1961069, 4.652492 ], [ -74.1961422, 4.652404 ], [ -74.1962209, 4.6522187 ], [ -74.196461, 4.6517605 ], [ -74.1965753, 4.6515781 ], [ -74.1966811, 4.6513919 ], [ -74.1968398, 4.6512023 ], [ -74.1969324, 4.6511059 ], [ -74.1971625, 4.6509156 ], [ -74.1973449, 4.6508213 ], [ -74.1975026, 4.6507336 ], [ -74.1977611, 4.6505559 ], [ -74.19789, 4.6504615 ], [ -74.1980848, 4.6503662 ], [ -74.1983082, 4.650275 ], [ -74.1985137, 4.6501845 ], [ -74.1987369, 4.6500935 ], [ -74.1989629, 4.6500036 ], [ -74.1991587, 4.6499146 ], [ -74.1993465, 4.6498231 ], [ -74.1995799, 4.649731 ], [ -74.1998282, 4.6496396 ], [ -74.2003801, 4.6494587 ], [ -74.200612, 4.6493714 ], [ -74.2009236, 4.6491957 ], [ -74.2010518, 4.6491084 ], [ -74.2014169, 4.6488384 ], [ -74.2015332, 4.6487501 ], [ -74.2016347, 4.6486621 ], [ -74.2017326, 4.6485743 ], [ -74.2019038, 4.6483967 ], [ -74.2019845, 4.648308 ], [ -74.2021429, 4.6481257 ], [ -74.202232, 4.6480355 ], [ -74.2023053, 4.6479501 ], [ -74.2025023, 4.647681 ], [ -74.2025727, 4.6475873 ], [ -74.2027374, 4.6474013 ], [ -74.2032022, 4.6469477 ], [ -74.2032843, 4.6468622 ], [ -74.2034139, 4.6466906 ], [ -74.2035101, 4.6465181 ], [ -74.2035852, 4.6463528 ], [ -74.2036117, 4.6461793 ], [ -74.2036375, 4.6460798 ], [ -74.2037092, 4.6458846 ], [ -74.2038043, 4.6457454 ], [ -74.2039574, 4.6457454 ], [ -74.204161, 4.6458464 ], [ -74.2043275, 4.6459419 ], [ -74.2045541, 4.6461288 ], [ -74.2047575, 4.6463114 ], [ -74.2048581, 4.646405 ], [ -74.204937, 4.6464922 ], [ -74.2051656, 4.6466669 ], [ -74.2054182, 4.6468438 ], [ -74.2055767, 4.6469307 ], [ -74.2057581, 4.6470181 ], [ -74.2059869, 4.6471015 ], [ -74.2068093, 4.6471014 ], [ -74.2069916, 4.6470218 ], [ -74.2071142, 4.6469377 ], [ -74.2072247, 4.6468522 ], [ -74.2073999, 4.6466775 ], [ -74.2074747, 4.6465923 ], [ -74.2075355, 4.6465094 ], [ -74.2076293, 4.6463429 ], [ -74.2077014, 4.6460835 ], [ -74.2077219, 4.6459991 ], [ -74.2077448, 4.6458324 ], [ -74.2077319, 4.6456659 ], [ -74.2077014, 4.6454972 ], [ -74.2076749, 4.6454247 ], [ -74.2074353, 4.6450728 ], [ -74.2073736, 4.6449845 ], [ -74.2073022, 4.6448917 ], [ -74.2071897, 4.6447057 ], [ -74.2071395, 4.6446185 ], [ -74.2070784, 4.6445338 ], [ -74.2070076, 4.6444458 ], [ -74.2069334, 4.6443567 ], [ -74.2068541, 4.6442654 ], [ -74.20678, 4.644172 ], [ -74.2066442, 4.6439856 ], [ -74.2065876, 4.6438863 ], [ -74.2065095, 4.6437005 ], [ -74.2064318, 4.6435226 ], [ -74.2063429, 4.643346 ], [ -74.2062926, 4.6432556 ], [ -74.2062422, 4.6431568 ], [ -74.2061823, 4.6429645 ], [ -74.2061635, 4.6428749 ], [ -74.2061355, 4.6427903 ], [ -74.2060351, 4.6425091 ], [ -74.2060257, 4.6424039 ], [ -74.2060239, 4.6423015 ], [ -74.2060423, 4.6421975 ], [ -74.2060718, 4.642097 ], [ -74.206115, 4.6419967 ], [ -74.2061753, 4.6418916 ], [ -74.2063625, 4.641702 ], [ -74.2064556, 4.6416098 ], [ -74.2065601, 4.6415151 ], [ -74.2066881, 4.6414196 ], [ -74.206844, 4.6413249 ], [ -74.2070347, 4.6412304 ], [ -74.2072935, 4.6411375 ], [ -74.2075967, 4.6410424 ], [ -74.2120161, 4.6410416 ], [ -74.2123764, 4.6409549 ], [ -74.2125979, 4.640871 ], [ -74.2127187, 4.6407793 ], [ -74.2128138, 4.6407483 ], [ -74.2131033, 4.6406859 ], [ -74.2132064, 4.6406692 ], [ -74.2132342, 4.640685 ], [ -74.2136102, 4.6407742 ], [ -74.2138336, 4.6408708 ], [ -74.2139944, 4.6409755 ], [ -74.21408, 4.641104 ], [ -74.2140805, 4.6412235 ], [ -74.2140713, 4.6414952 ], [ -74.2140695, 4.6416783 ], [ -74.2140621, 4.6417692 ], [ -74.2140585, 4.641949 ], [ -74.2140533, 4.6420396 ], [ -74.2140512, 4.6421273 ], [ -74.2140524, 4.6424824 ], [ -74.2140834, 4.6427367 ], [ -74.2141137, 4.642813 ], [ -74.2144651, 4.6435328 ], [ -74.2145091, 4.6436201 ], [ -74.21456, 4.6437063 ], [ -74.2146165, 4.6437937 ], [ -74.2146746, 4.6438762 ], [ -74.2147641, 4.6439652 ], [ -74.214838, 4.6440608 ], [ -74.2149037, 4.6441487 ], [ -74.2149793, 4.6442332 ], [ -74.2150707, 4.6443192 ], [ -74.2151788, 4.6444097 ], [ -74.2152781, 4.644504 ], [ -74.2153603, 4.6445927 ], [ -74.2155613, 4.6447639 ], [ -74.2157158, 4.6448474 ], [ -74.2159309, 4.6449342 ], [ -74.2162225, 4.6450197 ], [ -74.2201286, 4.6450189 ], [ -74.2206409, 4.6449297 ], [ -74.2211901, 4.6448405 ], [ -74.221412, 4.6447565 ], [ -74.2215447, 4.6446722 ], [ -74.2216638, 4.6445877 ], [ -74.2217419, 4.6445086 ], [ -74.2217974, 4.6444275 ], [ -74.2218966, 4.6442572 ], [ -74.2219907, 4.6439908 ], [ -74.2220654, 4.6438145 ], [ -74.222106, 4.6436441 ], [ -74.2221501, 4.6433782 ], [ -74.2221594, 4.6432954 ], [ -74.2221591, 4.6432127 ], [ -74.222155, 4.6431404 ], [ -74.2220468, 4.6428859 ], [ -74.2219585, 4.6427058 ], [ -74.221879, 4.6425275 ], [ -74.2218322, 4.6424455 ], [ -74.2216337, 4.6421772 ], [ -74.2215151, 4.6420005 ], [ -74.2213552, 4.6418285 ], [ -74.2212533, 4.6417406 ], [ -74.2209666, 4.6414804 ], [ -74.2207373, 4.6413963 ], [ -74.2204743, 4.6413029 ], [ -74.2203185, 4.6412081 ], [ -74.2200038, 4.6410216 ], [ -74.2199099, 4.6409283 ], [ -74.2196707, 4.6407538 ], [ -74.219528, 4.6406678 ], [ -74.2193441, 4.6405803 ], [ -74.2191254, 4.64049 ], [ -74.2189298, 4.6403983 ], [ -74.2187534, 4.6403108 ], [ -74.2184655, 4.6402236 ], [ -74.2180514, 4.6401337 ], [ -74.2176991, 4.6400415 ], [ -74.2174545, 4.6399468 ], [ -74.2172857, 4.6398494 ], [ -74.2171658, 4.6397525 ], [ -74.2170674, 4.6396604 ], [ -74.2169687, 4.6395713 ], [ -74.2168628, 4.6394808 ], [ -74.2167592, 4.6393867 ], [ -74.2165995, 4.6392126 ], [ -74.2164549, 4.6391265 ], [ -74.2163201, 4.6390246 ], [ -74.2162444, 4.6389178 ], [ -74.2159582, 4.6383683 ], [ -74.2158703, 4.6381843 ], [ -74.2157561, 4.6379142 ], [ -74.2157084, 4.6378213 ], [ -74.2156685, 4.6377078 ], [ -74.2156748, 4.6376026 ], [ -74.2156615, 4.6368749 ], [ -74.2156788, 4.6367634 ], [ -74.2157774, 4.6365586 ], [ -74.2158728, 4.6364535 ], [ -74.2159982, 4.6363508 ], [ -74.216235, 4.6362479 ], [ -74.2163817, 4.6362479 ], [ -74.2171373, 4.6361592 ], [ -74.2173609, 4.6360743 ], [ -74.2175345, 4.6359873 ], [ -74.2176759, 4.6359038 ], [ -74.2178553, 4.6357308 ], [ -74.2179423, 4.635644 ], [ -74.2180833, 4.6354733 ], [ -74.2181284, 4.6353895 ], [ -74.2182294, 4.6352152 ], [ -74.2182561, 4.6351363 ], [ -74.2183248, 4.6348751 ], [ -74.2183406, 4.63471 ], [ -74.2183092, 4.6343618 ], [ -74.2182737, 4.6341895 ], [ -74.2182481, 4.6341012 ], [ -74.2182014, 4.6339199 ], [ -74.2181778, 4.6338357 ], [ -74.2181418, 4.6337491 ], [ -74.2180736, 4.6335702 ], [ -74.2179918, 4.6333967 ], [ -74.2179403, 4.6333116 ], [ -74.2178868, 4.6332294 ], [ -74.2178031, 4.6331412 ], [ -74.2177266, 4.6330396 ], [ -74.2176335, 4.6328467 ], [ -74.2175377, 4.632586 ], [ -74.2174703, 4.6325052 ], [ -74.2173364, 4.6323199 ], [ -74.2169791, 4.6317731 ], [ -74.2169282, 4.6316807 ], [ -74.2168221, 4.6315004 ], [ -74.2167152, 4.6313128 ], [ -74.2166762, 4.6312087 ], [ -74.216656, 4.6311081 ], [ -74.2166205, 4.6308272 ], [ -74.2166216, 4.6307275 ], [ -74.2166429, 4.6304488 ], [ -74.2166635, 4.6303362 ], [ -74.2167904, 4.6301365 ], [ -74.2168663, 4.6300403 ], [ -74.2169517, 4.6299445 ], [ -74.2170556, 4.6298488 ], [ -74.2171963, 4.6297368 ], [ -74.2181605, 4.6297366 ], [ -74.2185398, 4.6298303 ], [ -74.2188264, 4.6299231 ], [ -74.2192432, 4.6301072 ], [ -74.2194087, 4.6301962 ], [ -74.2196476, 4.6302837 ], [ -74.2199248, 4.6303729 ], [ -74.2202596, 4.630463 ], [ -74.2205647, 4.6305523 ], [ -74.2210403, 4.6306403 ], [ -74.2215479, 4.6306402 ], [ -74.2217693, 4.6305583 ], [ -74.2220617, 4.630382 ], [ -74.2222065, 4.6302924 ], [ -74.22234, 4.630205 ], [ -74.2224447, 4.6301206 ], [ -74.222623, 4.6299413 ], [ -74.2227509, 4.6298261 ], [ -74.2229561, 4.6298261 ], [ -74.2231543, 4.6299361 ], [ -74.2232405, 4.6300409 ], [ -74.2233138, 4.6301365 ], [ -74.2234253, 4.6303203 ], [ -74.2234845, 4.6304113 ], [ -74.2235942, 4.6305979 ], [ -74.2237185, 4.6308709 ], [ -74.2237639, 4.6309556 ], [ -74.2238217, 4.6310459 ], [ -74.2239703, 4.6313217 ], [ -74.2240173, 4.6314168 ], [ -74.2240875, 4.6315944 ], [ -74.2241875, 4.6317627 ], [ -74.2242606, 4.6318498 ], [ -74.2243318, 4.6319473 ], [ -74.2244812, 4.6322178 ], [ -74.2246138, 4.6323919 ], [ -74.2246908, 4.6324852 ], [ -74.2247499, 4.6325774 ], [ -74.2249496, 4.6328445 ], [ -74.2250164, 4.6329267 ], [ -74.2251222, 4.6330143 ], [ -74.2252137, 4.6331071 ], [ -74.2252989, 4.6331892 ], [ -74.225447, 4.6332757 ], [ -74.2257149, 4.6334569 ], [ -74.2258564, 4.6335427 ], [ -74.2260498, 4.6336235 ], [ -74.2268328, 4.6336234 ], [ -74.2269827, 4.6335445 ], [ -74.2271311, 4.6334548 ], [ -74.2272881, 4.6333656 ], [ -74.2274116, 4.6332806 ], [ -74.2275142, 4.6331889 ], [ -74.2276566, 4.633099 ], [ -74.227757, 4.6330058 ], [ -74.2279517, 4.6329056 ], [ -74.2282642, 4.6328154 ], [ -74.228426, 4.6327278 ], [ -74.228636, 4.6326355 ], [ -74.2288544, 4.6325439 ], [ -74.229112, 4.6324511 ], [ -74.2294861, 4.6323568 ], [ -74.2296203, 4.6323567 ], [ -74.2300746, 4.6324474 ], [ -74.232995, 4.6325371 ], [ -74.2334834, 4.6326284 ], [ -74.2341125, 4.6327175 ], [ -74.2343862, 4.6327174 ], [ -74.235141, 4.632628 ], [ -74.2355544, 4.6325394 ], [ -74.2358196, 4.6324507 ], [ -74.2360783, 4.6323605 ], [ -74.236346, 4.6322649 ], [ -74.2381838, 4.6322645 ], [ -74.2385428, 4.6321779 ], [ -74.2387573, 4.6320927 ], [ -74.2390623, 4.6319053 ], [ -74.2392144, 4.6318887 ], [ -74.2392135, 4.6319184 ], [ -74.2396264, 4.6319347 ], [ -74.2397193, 4.6319358 ], [ -74.239792, 4.6322428 ], [ -74.2398998, 4.6326844 ], [ -74.2399406, 4.6327641 ], [ -74.2400984, 4.63305 ], [ -74.2401119, 4.6331722 ], [ -74.2400915, 4.6332754 ], [ -74.2400765, 4.6333604 ], [ -74.2400708, 4.6334395 ], [ -74.2400834, 4.6336037 ], [ -74.2401349, 4.6337775 ], [ -74.2401606, 4.6338786 ], [ -74.2401655, 4.6339973 ], [ -74.2401228, 4.6341077 ], [ -74.2400402, 4.6342903 ], [ -74.2400032, 4.6343757 ], [ -74.239979, 4.6344525 ], [ -74.2399716, 4.6345298 ], [ -74.2399691, 4.6347077 ], [ -74.2399664, 4.6347978 ], [ -74.2399655, 4.6350534 ], [ -74.2400429, 4.6353004 ], [ -74.2401486, 4.6354699 ], [ -74.2402681, 4.6356443 ], [ -74.2403404, 4.6357252 ], [ -74.2404409, 4.6358079 ], [ -74.2407071, 4.6359796 ], [ -74.2409743, 4.6360665 ], [ -74.2412345, 4.6361551 ], [ -74.2417172, 4.6362501 ], [ -74.2418229, 4.6363667 ], [ -74.2418834, 4.6364525 ], [ -74.2419788, 4.6365347 ], [ -74.2420886, 4.6366234 ], [ -74.2422099, 4.6367156 ], [ -74.2423199, 4.6368171 ], [ -74.2424978, 4.6370996 ], [ -74.2425519, 4.6371926 ], [ -74.2426011, 4.6372824 ], [ -74.2428165, 4.6376368 ], [ -74.2429565, 4.6378113 ], [ -74.2430358, 4.6378988 ], [ -74.243116, 4.6379831 ], [ -74.2433416, 4.638153 ], [ -74.2435362, 4.6382379 ], [ -74.2438, 4.6383312 ], [ -74.2440749, 4.6385219 ], [ -74.2442946, 4.638719 ], [ -74.244346, 4.6388273 ], [ -74.2444255, 4.6390152 ], [ -74.2444816, 4.6392116 ], [ -74.2444864, 4.6393231 ], [ -74.2444504, 4.639518 ], [ -74.2443718, 4.6397913 ], [ -74.2443528, 4.6398766 ], [ -74.2443389, 4.6399595 ], [ -74.2443201, 4.640319 ], [ -74.2442988, 4.6405057 ], [ -74.2442831, 4.6405909 ], [ -74.2442835, 4.6407621 ], [ -74.2442859, 4.640847 ], [ -74.2443202, 4.6411114 ], [ -74.2444329, 4.6417448 ], [ -74.2444571, 4.6419305 ], [ -74.244463, 4.642027 ], [ -74.2444622, 4.642212 ], [ -74.2444513, 4.6425763 ], [ -74.2444454, 4.6426691 ], [ -74.2444306, 4.6428527 ], [ -74.2444192, 4.6429438 ], [ -74.2444023, 4.6431207 ], [ -74.2443901, 4.6434792 ], [ -74.2443803, 4.643832 ], [ -74.2444067, 4.6439997 ], [ -74.2444545, 4.6441706 ], [ -74.2444881, 4.6442538 ], [ -74.2445725, 4.6444312 ], [ -74.2446196, 4.6445245 ], [ -74.2446596, 4.6446264 ], [ -74.2446981, 4.6448203 ], [ -74.2447057, 4.6449136 ], [ -74.244742, 4.6451878 ], [ -74.244745, 4.6453755 ], [ -74.2447427, 4.6455053 ], [ -74.2446141, 4.6456278 ], [ -74.2444697, 4.6457207 ], [ -74.2443675, 4.6458 ], [ -74.244205, 4.6460388 ], [ -74.2441962, 4.6461912 ], [ -74.2441993, 4.6463638 ], [ -74.2442194, 4.6465258 ], [ -74.2444256, 4.6469642 ], [ -74.2444687, 4.6470538 ], [ -74.244558, 4.6472329 ], [ -74.2446528, 4.6474107 ], [ -74.2447551, 4.6475822 ], [ -74.2449106, 4.6477557 ], [ -74.2449939, 4.6478443 ], [ -74.2451715, 4.6480222 ], [ -74.2454735, 4.6482899 ], [ -74.2456998, 4.6484701 ], [ -74.2458111, 4.6485623 ], [ -74.2460113, 4.6487455 ], [ -74.2462043, 4.6489331 ], [ -74.2462758, 4.6490339 ], [ -74.2463797, 4.6492159 ], [ -74.2464989, 4.6493926 ], [ -74.2465627, 4.649483 ], [ -74.2466877, 4.649665 ], [ -74.2467458, 4.6497531 ], [ -74.2468828, 4.6499283 ], [ -74.2470448, 4.6501062 ], [ -74.2471273, 4.650194 ], [ -74.2473139, 4.6503698 ], [ -74.2474272, 4.6504563 ], [ -74.2475469, 4.650541 ], [ -74.2477311, 4.6506259 ], [ -74.2479932, 4.6507146 ], [ -74.2482744, 4.6508055 ], [ -74.2485189, 4.650899 ], [ -74.2487075, 4.6510037 ], [ -74.2487786, 4.6511171 ], [ -74.2488283, 4.6512138 ], [ -74.2489075, 4.6513987 ], [ -74.2489426, 4.6514874 ], [ -74.2489819, 4.6515696 ], [ -74.2490965, 4.6517424 ], [ -74.2492272, 4.6519166 ], [ -74.2493046, 4.6519954 ], [ -74.2495569, 4.6521565 ], [ -74.2499257, 4.6521564 ], [ -74.2500268, 4.652396 ], [ -74.2500587, 4.6524967 ], [ -74.2500762, 4.6525991 ], [ -74.2500821, 4.6527464 ], [ -74.2499005, 4.6528663 ], [ -74.2497537, 4.6529528 ], [ -74.2495842, 4.6531124 ], [ -74.2495612, 4.6531738 ], [ -74.2495373, 4.6533436 ], [ -74.2495175, 4.6535168 ], [ -74.24952, 4.6536019 ], [ -74.2495207, 4.653787 ], [ -74.2495033, 4.6540598 ], [ -74.2495009, 4.6541439 ], [ -74.2495213, 4.6544014 ], [ -74.2495691, 4.6545782 ], [ -74.2495866, 4.6546752 ], [ -74.2496189, 4.6549479 ], [ -74.2496319, 4.6550357 ], [ -74.249647, 4.6551206 ], [ -74.2497149, 4.6553659 ], [ -74.24978, 4.6554343 ], [ -74.2498922, 4.6555176 ], [ -74.2500302, 4.6556013 ], [ -74.2502887, 4.6556959 ], [ -74.2503797, 4.6557921 ], [ -74.2505404, 4.6558847 ], [ -74.250638, 4.6560095 ], [ -74.2506505, 4.6561299 ], [ -74.2506518, 4.6562298 ], [ -74.2506412, 4.6563305 ], [ -74.2506189, 4.6564329 ], [ -74.250582, 4.656527 ], [ -74.2505558, 4.6566111 ], [ -74.2505166, 4.656781 ], [ -74.2505071, 4.6569593 ], [ -74.2504887, 4.6570661 ], [ -74.2504026, 4.6572594 ], [ -74.2503086, 4.6574441 ], [ -74.2502566, 4.6575369 ], [ -74.2502031, 4.6576278 ], [ -74.25005, 4.6578957 ], [ -74.2500075, 4.657983 ], [ -74.2498862, 4.6582422 ], [ -74.2498781, 4.6582927 ], [ -74.250032, 4.6586236 ], [ -74.2500806, 4.6586992 ], [ -74.2501704, 4.6587823 ], [ -74.2502674, 4.6588753 ], [ -74.2504388, 4.6590625 ], [ -74.2505098, 4.6591629 ], [ -74.2506062, 4.6593526 ], [ -74.2506838, 4.659537 ], [ -74.2507198, 4.659626 ], [ -74.2507617, 4.6597172 ], [ -74.2508336, 4.6599054 ], [ -74.2508811, 4.6600857 ], [ -74.2509493, 4.6602575 ], [ -74.2510366, 4.6604288 ], [ -74.2511561, 4.6605979 ], [ -74.2513315, 4.6607725 ], [ -74.2514215, 4.6608583 ], [ -74.2515387, 4.6609444 ], [ -74.2516643, 4.6610308 ], [ -74.251832, 4.6611175 ], [ -74.2520795, 4.6612286 ], [ -74.2520944, 4.6614044 ], [ -74.2520158, 4.661519 ], [ -74.2519646, 4.6616058 ], [ -74.2518616, 4.6617903 ], [ -74.2517306, 4.6619723 ], [ -74.2516285, 4.662143 ], [ -74.2515676, 4.6623068 ], [ -74.2515439, 4.6624639 ], [ -74.2515885, 4.6627143 ], [ -74.2516143, 4.6627938 ], [ -74.2516905, 4.6629598 ], [ -74.2518274, 4.6631288 ], [ -74.2519106, 4.6632181 ], [ -74.2520176, 4.6633399 ], [ -74.251998, 4.6635032 ], [ -74.2517927, 4.6636966 ], [ -74.2517585, 4.6637599 ], [ -74.2517116, 4.6640957 ], [ -74.2517174, 4.6641761 ], [ -74.2517394, 4.6644326 ], [ -74.2520384, 4.6651464 ], [ -74.2521284, 4.6654245 ], [ -74.2521506, 4.6655159 ], [ -74.252228, 4.6657758 ], [ -74.2523214, 4.6659464 ], [ -74.2523727, 4.6660311 ], [ -74.252433, 4.6661103 ], [ -74.2525288, 4.6661938 ], [ -74.2526373, 4.666283 ], [ -74.2527749, 4.6663929 ], [ -74.2528062, 4.666534 ], [ -74.2527795, 4.6666563 ], [ -74.2527258, 4.6667566 ], [ -74.2526817, 4.6668453 ], [ -74.2526003, 4.6670188 ], [ -74.2525213, 4.6672743 ], [ -74.2525162, 4.6673524 ], [ -74.2525089, 4.6676152 ], [ -74.2525517, 4.6679683 ], [ -74.2525953, 4.6682382 ], [ -74.2526368, 4.6685089 ], [ -74.2526864, 4.6687764 ], [ -74.2527071, 4.6688671 ], [ -74.2527414, 4.669055 ], [ -74.2527598, 4.6693235 ], [ -74.2527826, 4.6694168 ], [ -74.2527842, 4.6697818 ], [ -74.2527977, 4.6698612 ], [ -74.2528392, 4.6700239 ], [ -74.2529496, 4.6701929 ], [ -74.2530626, 4.6703735 ], [ -74.2531217, 4.6704623 ], [ -74.2532437, 4.6706407 ], [ -74.2533774, 4.6708146 ], [ -74.25355, 4.670986 ], [ -74.2537977, 4.6711639 ], [ -74.2539191, 4.6712587 ], [ -74.2541026, 4.671441 ], [ -74.2544175, 4.6717126 ], [ -74.2545091, 4.671806 ], [ -74.2546857, 4.6719889 ], [ -74.2548451, 4.672174 ], [ -74.2549151, 4.6722677 ], [ -74.2551109, 4.6725418 ], [ -74.2551911, 4.672668 ], [ -74.2551557, 4.6727977 ], [ -74.2550525, 4.6731548 ], [ -74.2550393, 4.6732387 ], [ -74.2550025, 4.6735053 ], [ -74.2549982, 4.6735893 ], [ -74.2549989, 4.6737734 ], [ -74.2549644, 4.6740531 ], [ -74.2549467, 4.6741498 ], [ -74.2548971, 4.6743334 ], [ -74.254853, 4.6745113 ], [ -74.2547771, 4.6748852 ], [ -74.2547079, 4.6750097 ], [ -74.2545267, 4.6751136 ], [ -74.2543672, 4.6751969 ], [ -74.2543024, 4.6752718 ], [ -74.2541723, 4.6754473 ], [ -74.2541192, 4.675531 ], [ -74.2540321, 4.6757069 ], [ -74.2539493, 4.6758824 ], [ -74.2538888, 4.6760566 ], [ -74.2538637, 4.6761433 ], [ -74.2538197, 4.6763172 ], [ -74.2537878, 4.6765715 ], [ -74.2538202, 4.6768285 ], [ -74.253855, 4.6770029 ], [ -74.2538771, 4.6770831 ], [ -74.2539148, 4.6771654 ], [ -74.2539565, 4.6772481 ], [ -74.2540779, 4.6774178 ], [ -74.2542421, 4.6775882 ], [ -74.2543587, 4.6776732 ], [ -74.2544841, 4.6777595 ], [ -74.2546411, 4.6778391 ], [ -74.2559082, 4.6779337 ], [ -74.2559182, 4.6781021 ], [ -74.2559449, 4.6784594 ], [ -74.2559738, 4.678629 ], [ -74.2560038, 4.6787192 ], [ -74.2560212, 4.6788188 ], [ -74.2560325, 4.6789153 ], [ -74.2560363, 4.6790129 ], [ -74.2560322, 4.6791092 ], [ -74.256016, 4.6792873 ], [ -74.2560175, 4.6793713 ], [ -74.256027, 4.6795528 ], [ -74.2560274, 4.6796512 ], [ -74.2559982, 4.6798852 ], [ -74.2557766, 4.6799997 ], [ -74.2555387, 4.6800915 ], [ -74.2553319, 4.6801792 ], [ -74.2548816, 4.6804398 ], [ -74.2548266, 4.6805057 ], [ -74.2546857, 4.6808995 ], [ -74.2547189, 4.6809487 ], [ -74.254863, 4.6811279 ], [ -74.2549319, 4.6812209 ], [ -74.2549928, 4.6813083 ], [ -74.2550678, 4.6813941 ], [ -74.2551511, 4.6814845 ], [ -74.2553137, 4.6816706 ], [ -74.2553803, 4.68177 ], [ -74.2554335, 4.6818724 ], [ -74.2555005, 4.6820906 ], [ -74.2555695, 4.6823527 ], [ -74.2557179, 4.682621 ], [ -74.2558858, 4.682896 ], [ -74.2559842, 4.6830302 ], [ -74.2559505, 4.683316 ], [ -74.2559167, 4.6834439 ], [ -74.2560689, 4.6840215 ], [ -74.2560247, 4.6843543 ], [ -74.2560241, 4.6844407 ], [ -74.2560207, 4.6845286 ], [ -74.256029, 4.6847048 ], [ -74.2560409, 4.6848917 ], [ -74.256031, 4.6850094 ], [ -74.2559654, 4.6851208 ], [ -74.2557725, 4.6853936 ], [ -74.255714, 4.6854845 ], [ -74.2555785, 4.6856715 ], [ -74.2554909, 4.685768 ], [ -74.2553978, 4.6858567 ], [ -74.2552574, 4.6860305 ], [ -74.255198, 4.6861157 ], [ -74.2551481, 4.6861996 ], [ -74.2550633, 4.6863788 ], [ -74.2549618, 4.686567 ], [ -74.2545079, 4.6871944 ], [ -74.2544456, 4.6873706 ], [ -74.2543716, 4.6875002 ], [ -74.2540198, 4.6875995 ], [ -74.2538129, 4.6876801 ], [ -74.2535343, 4.6880117 ], [ -74.2534767, 4.6881745 ], [ -74.253426, 4.6883518 ], [ -74.2534023, 4.6884411 ], [ -74.2533563, 4.6886203 ], [ -74.2533362, 4.6887088 ], [ -74.2532636, 4.6890541 ], [ -74.2533265, 4.689484 ], [ -74.253376, 4.6896536 ], [ -74.2534128, 4.6897404 ], [ -74.2534844, 4.6899234 ], [ -74.2535819, 4.6901943 ], [ -74.253654, 4.6903691 ], [ -74.2537462, 4.6905446 ], [ -74.2537965, 4.6906316 ], [ -74.2539074, 4.6908043 ], [ -74.2540621, 4.6909746 ], [ -74.2541579, 4.6910532 ], [ -74.2543674, 4.691147 ], [ -74.2544809, 4.6912803 ], [ -74.2544744, 4.6914094 ], [ -74.2544629, 4.6915136 ], [ -74.2543569, 4.6917941 ], [ -74.2543284, 4.6918812 ], [ -74.2542481, 4.6921532 ], [ -74.2541844, 4.6923385 ], [ -74.2541069, 4.6925262 ], [ -74.2540012, 4.6927232 ], [ -74.2538984, 4.6928244 ], [ -74.2536004, 4.693096 ], [ -74.2535111, 4.6931838 ], [ -74.2533455, 4.69336 ], [ -74.2532888, 4.6934346 ], [ -74.2532053, 4.6936894 ], [ -74.2531885, 4.6937497 ], [ -74.2533129, 4.694092 ], [ -74.2533317, 4.6941971 ], [ -74.2533342, 4.6943848 ], [ -74.253341, 4.6946564 ], [ -74.2533416, 4.694743 ], [ -74.2533502, 4.6948214 ], [ -74.2533727, 4.6949015 ], [ -74.2535014, 4.6952581 ], [ -74.2535353, 4.6953418 ], [ -74.2537834, 4.6957821 ], [ -74.2538512, 4.6958654 ], [ -74.2539302, 4.6959565 ], [ -74.2540678, 4.696135 ], [ -74.2542436, 4.6963078 ], [ -74.2543519, 4.6963934 ], [ -74.2544803, 4.6964825 ], [ -74.2546193, 4.6965814 ], [ -74.2547411, 4.6967437 ], [ -74.2546001, 4.696895 ], [ -74.2543593, 4.6970808 ], [ -74.2542395, 4.697171 ], [ -74.2541306, 4.6972562 ], [ -74.2539723, 4.697432 ], [ -74.2537216, 4.6976975 ], [ -74.2536745, 4.6977735 ], [ -74.253605, 4.6979466 ], [ -74.2535271, 4.6981471 ], [ -74.253406, 4.6982558 ], [ -74.2532722, 4.6983484 ], [ -74.2531576, 4.6984354 ], [ -74.2530631, 4.69852 ], [ -74.252916, 4.6986864 ], [ -74.2528875, 4.6987505 ], [ -74.2528797, 4.6988358 ], [ -74.2528457, 4.6989432 ], [ -74.2527929, 4.6990439 ], [ -74.2527279, 4.6991472 ], [ -74.2526232, 4.6992453 ], [ -74.2524351, 4.6994252 ], [ -74.2519815, 4.6998753 ], [ -74.2519019, 4.6999627 ], [ -74.2518286, 4.7000506 ], [ -74.2516912, 4.7002261 ], [ -74.2515848, 4.7004014 ], [ -74.2515346, 4.7004894 ], [ -74.2513421, 4.7008544 ], [ -74.2512162, 4.7010388 ], [ -74.2511592, 4.701126 ], [ -74.2510117, 4.7013879 ], [ -74.2509199, 4.7016473 ], [ -74.2508577, 4.7019111 ], [ -74.2508436, 4.7019883 ], [ -74.2508552, 4.7021538 ], [ -74.2508826, 4.7023258 ], [ -74.2509048, 4.7024069 ], [ -74.2509683, 4.7025691 ], [ -74.2510413, 4.702655 ], [ -74.251113, 4.7027853 ], [ -74.2510776, 4.702918 ], [ -74.2509955, 4.7031012 ], [ -74.2509436, 4.7032607 ], [ -74.2509592, 4.7035089 ], [ -74.2509941, 4.7036861 ], [ -74.2510602, 4.704137 ], [ -74.2510993, 4.7043104 ], [ -74.2511581, 4.7044913 ], [ -74.2512385, 4.7048516 ], [ -74.2513654, 4.7052032 ], [ -74.2514079, 4.70529 ], [ -74.2515763, 4.7056524 ], [ -74.2517882, 4.7061025 ], [ -74.2518341, 4.7061903 ], [ -74.2519349, 4.7063716 ], [ -74.2520282, 4.706556 ], [ -74.2521074, 4.7067342 ], [ -74.2522181, 4.7069216 ], [ -74.2523533, 4.707271 ], [ -74.2524401, 4.7075575 ], [ -74.2524785, 4.7076439 ], [ -74.252556, 4.7078263 ], [ -74.2525925, 4.7079178 ], [ -74.2526642, 4.7080993 ], [ -74.2527337, 4.7082811 ], [ -74.2528353, 4.7085568 ], [ -74.2528876, 4.7087533 ], [ -74.2528874, 4.7088568 ], [ -74.2528823, 4.7090458 ], [ -74.2528316, 4.7093209 ], [ -74.2527648, 4.7099571 ], [ -74.2527384, 4.7100574 ], [ -74.2526173, 4.7104115 ], [ -74.2526035, 4.71058 ], [ -74.252588, 4.7108507 ], [ -74.2525699, 4.711123 ], [ -74.2525552, 4.7113034 ], [ -74.2525457, 4.7114817 ], [ -74.2525405, 4.711672 ], [ -74.2525125, 4.7117772 ], [ -74.2524785, 4.711867 ], [ -74.2524573, 4.7119514 ], [ -74.2524168, 4.7121277 ], [ -74.2523915, 4.7123039 ], [ -74.2523347, 4.7127643 ], [ -74.2522724, 4.7129517 ], [ -74.2522471, 4.7130409 ], [ -74.2521919, 4.7132234 ], [ -74.2521335, 4.7134039 ], [ -74.2520816, 4.7135816 ], [ -74.2520181, 4.7138459 ], [ -74.2519946, 4.7140213 ], [ -74.2519632, 4.7142964 ], [ -74.2519231, 4.7144811 ], [ -74.2518871, 4.7146584 ], [ -74.2518752, 4.7147467 ], [ -74.2518467, 4.7149293 ], [ -74.2518002, 4.715197 ], [ -74.2517724, 4.7155534 ], [ -74.2517644, 4.7157307 ], [ -74.2517641, 4.7158106 ], [ -74.2518128, 4.7160713 ], [ -74.2518545, 4.7162453 ], [ -74.251892, 4.7163516 ], [ -74.2519138, 4.7164319 ] ] ] } },
{ "type": "Feature", "properties": { "AREA": 1208527.2546309084, "PERIMETER": 26853.766212400002, "USO_PROPUE": 14, "USO_PROP_1": 6515, "SIMBOLO_MA": "10", "DESC_MAPA": "Rondas De 50 m", "GRUPO": "Suelo de Protección y de Importancia Ambiental", "SUB_GRUPO": "Protección Hídrica", "SIMBOLO": "PH", "CLAS_CIAF": "3a" }, "geometry": { "type": "Polygon", "coordinates": [ [ [ -74.2522616, 4.7162246 ], [ -74.2519138, 4.7164319 ], [ -74.251892, 4.7163516 ], [ -74.2518545, 4.7162453 ], [ -74.2518128, 4.7160713 ], [ -74.2517641, 4.7158106 ], [ -74.2517644, 4.7157307 ], [ -74.2517724, 4.7155534 ], [ -74.2518002, 4.715197 ], [ -74.2518467, 4.7149293 ], [ -74.2518752, 4.7147467 ], [ -74.2518871, 4.7146584 ], [ -74.2519231, 4.7144811 ], [ -74.2519632, 4.7142964 ], [ -74.2519946, 4.7140213 ], [ -74.2520181, 4.7138459 ], [ -74.2520816, 4.7135816 ], [ -74.2521335, 4.7134039 ], [ -74.2521919, 4.7132234 ], [ -74.2522471, 4.7130409 ], [ -74.2522724, 4.7129517 ], [ -74.2523347, 4.7127643 ], [ -74.2523915, 4.7123039 ], [ -74.2524168, 4.7121277 ], [ -74.2524573, 4.7119514 ], [ -74.2524785, 4.711867 ], [ -74.2525125, 4.7117772 ], [ -74.2525405, 4.711672 ], [ -74.2525457, 4.7114817 ], [ -74.2525552, 4.7113034 ], [ -74.2525699, 4.711123 ], [ -74.252588, 4.7108507 ], [ -74.2526035, 4.71058 ], [ -74.2526173, 4.7104115 ], [ -74.2527384, 4.7100574 ], [ -74.2527648, 4.7099571 ], [ -74.2528316, 4.7093209 ], [ -74.2528823, 4.7090458 ], [ -74.2528874, 4.7088568 ], [ -74.2528876, 4.7087533 ], [ -74.2528353, 4.7085568 ], [ -74.2527337, 4.7082811 ], [ -74.2526642, 4.7080993 ], [ -74.2525925, 4.7079178 ], [ -74.252556, 4.7078263 ], [ -74.2524785, 4.7076439 ], [ -74.2524401, 4.7075575 ], [ -74.2523533, 4.707271 ], [ -74.2522181, 4.7069216 ], [ -74.2521074, 4.7067342 ], [ -74.2520282, 4.706556 ], [ -74.2519349, 4.7063716 ], [ -74.2518341, 4.7061903 ], [ -74.2517882, 4.7061025 ], [ -74.2515763, 4.7056524 ], [ -74.2514079, 4.70529 ], [ -74.2513654, 4.7052032 ], [ -74.2512385, 4.7048516 ], [ -74.2511581, 4.7044913 ], [ -74.2510993, 4.7043104 ], [ -74.2510602, 4.704137 ], [ -74.2509941, 4.7036861 ], [ -74.2509592, 4.7035089 ], [ -74.2509436, 4.7032607 ], [ -74.2509955, 4.7031012 ], [ -74.2510776, 4.702918 ], [ -74.251113, 4.7027853 ], [ -74.2510413, 4.702655 ], [ -74.2509683, 4.7025691 ], [ -74.2509048, 4.7024069 ], [ -74.2508826, 4.7023258 ], [ -74.2508552, 4.7021538 ], [ -74.2508436, 4.7019883 ], [ -74.2508577, 4.7019111 ], [ -74.2509199, 4.7016473 ], [ -74.2510117, 4.7013879 ], [ -74.2511592, 4.701126 ], [ -74.2512162, 4.7010388 ], [ -74.2513421, 4.7008544 ], [ -74.2515346, 4.7004894 ], [ -74.2515848, 4.7004014 ], [ -74.2516912, 4.7002261 ], [ -74.2518286, 4.7000506 ], [ -74.2519019, 4.6999627 ], [ -74.2519815, 4.6998753 ], [ -74.2524351, 4.6994252 ], [ -74.2526232, 4.6992453 ], [ -74.2527279, 4.6991472 ], [ -74.2527929, 4.6990439 ], [ -74.2528457, 4.6989432 ], [ -74.2528797, 4.6988358 ], [ -74.2528875, 4.6987505 ], [ -74.252916, 4.6986864 ], [ -74.2530631, 4.69852 ], [ -74.2531576, 4.6984354 ], [ -74.2532722, 4.6983484 ], [ -74.253406, 4.6982558 ], [ -74.2535271, 4.6981471 ], [ -74.253605, 4.6979466 ], [ -74.2536745, 4.6977735 ], [ -74.2537216, 4.6976975 ], [ -74.2539723, 4.697432 ], [ -74.2541306, 4.6972562 ], [ -74.2542395, 4.697171 ], [ -74.2543593, 4.6970808 ], [ -74.2546001, 4.696895 ], [ -74.2547411, 4.6967437 ], [ -74.2546193, 4.6965814 ], [ -74.2544803, 4.6964825 ], [ -74.2543519, 4.6963934 ], [ -74.2542436, 4.6963078 ], [ -74.2540678, 4.696135 ], [ -74.2539302, 4.6959565 ], [ -74.2538512, 4.6958654 ], [ -74.2537834, 4.6957821 ], [ -74.2535353, 4.6953418 ], [ -74.2535014, 4.6952581 ], [ -74.2533727, 4.6949015 ], [ -74.2533502, 4.6948214 ], [ -74.2533416, 4.694743 ], [ -74.253341, 4.6946564 ], [ -74.2533342, 4.6943848 ], [ -74.2533317, 4.6941971 ], [ -74.2533129, 4.694092 ], [ -74.2531885, 4.6937497 ], [ -74.2532053, 4.6936894 ], [ -74.2532888, 4.6934346 ], [ -74.2533455, 4.69336 ], [ -74.2535111, 4.6931838 ], [ -74.2536004, 4.693096 ], [ -74.2538984, 4.6928244 ], [ -74.2540012, 4.6927232 ], [ -74.2541069, 4.6925262 ], [ -74.2541844, 4.6923385 ], [ -74.2542481, 4.6921532 ], [ -74.2543284, 4.6918812 ], [ -74.2543569, 4.6917941 ], [ -74.2544629, 4.6915136 ], [ -74.2544744, 4.6914094 ], [ -74.2544809, 4.6912803 ], [ -74.2543674, 4.691147 ], [ -74.2541579, 4.6910532 ], [ -74.2540621, 4.6909746 ], [ -74.2539074, 4.6908043 ], [ -74.2537965, 4.6906316 ], [ -74.2537462, 4.6905446 ], [ -74.253654, 4.6903691 ], [ -74.2535819, 4.6901943 ], [ -74.2534844, 4.6899234 ], [ -74.2534128, 4.6897404 ], [ -74.253376, 4.6896536 ], [ -74.2533265, 4.689484 ], [ -74.2532636, 4.6890541 ], [ -74.2533362, 4.6887088 ], [ -74.2533563, 4.6886203 ], [ -74.2534023, 4.6884411 ], [ -74.253426, 4.6883518 ], [ -74.2534767, 4.6881745 ], [ -74.2535343, 4.6880117 ], [ -74.2538129, 4.6876801 ], [ -74.2540198, 4.6875995 ], [ -74.2543716, 4.6875002 ], [ -74.2544456, 4.6873706 ], [ -74.2545079, 4.6871944 ], [ -74.2549618, 4.686567 ], [ -74.2550633, 4.6863788 ], [ -74.2551481, 4.6861996 ], [ -74.255198, 4.6861157 ], [ -74.2552574, 4.6860305 ], [ -74.2553978, 4.6858567 ], [ -74.2554909, 4.685768 ], [ -74.2555785, 4.6856715 ], [ -74.255714, 4.6854845 ], [ -74.2557725, 4.6853936 ], [ -74.2559654, 4.6851208 ], [ -74.256031, 4.6850094 ], [ -74.2560409, 4.6848917 ], [ -74.256029, 4.6847048 ], [ -74.2560207, 4.6845286 ], [ -74.2560241, 4.6844407 ], [ -74.2560247, 4.6843543 ], [ -74.2560689, 4.6840215 ], [ -74.2559167, 4.6834439 ], [ -74.2559505, 4.683316 ], [ -74.2559402, 4.683403 ], [ -74.2562624, 4.6834463 ], [ -74.2563369, 4.6829892 ], [ -74.2559951, 4.682938 ], [ -74.2559842, 4.6830302 ], [ -74.2558858, 4.682896 ], [ -74.2557179, 4.682621 ], [ -74.2555695, 4.6823527 ], [ -74.2555005, 4.6820906 ], [ -74.2554335, 4.6818724 ], [ -74.2553803, 4.68177 ], [ -74.2553137, 4.6816706 ], [ -74.2551511, 4.6814845 ], [ -74.2550678, 4.6813941 ], [ -74.2549928, 4.6813083 ], [ -74.2549319, 4.6812209 ], [ -74.254863, 4.6811279 ], [ -74.2547189, 4.6809487 ], [ -74.2546857, 4.6808995 ], [ -74.2548266, 4.6805057 ], [ -74.2548816, 4.6804398 ], [ -74.2553319, 4.6801792 ], [ -74.2555387, 4.6800915 ], [ -74.2557766, 4.6799997 ], [ -74.2559982, 4.6798852 ], [ -74.2560274, 4.6796512 ], [ -74.256027, 4.6795528 ], [ -74.2560175, 4.6793713 ], [ -74.256016, 4.6792873 ], [ -74.2560322, 4.6791092 ], [ -74.2560363, 4.6790129 ], [ -74.2560325, 4.6789153 ], [ -74.2560212, 4.6788188 ], [ -74.2560038, 4.6787192 ], [ -74.2559738, 4.678629 ], [ -74.2559449, 4.6784594 ], [ -74.2559182, 4.6781021 ], [ -74.2559082, 4.6779337 ], [ -74.2546411, 4.6778391 ], [ -74.2544841, 4.6777595 ], [ -74.2543587, 4.6776732 ], [ -74.2542421, 4.6775882 ], [ -74.2540779, 4.6774178 ], [ -74.2539565, 4.6772481 ], [ -74.2539148, 4.6771654 ], [ -74.2538771, 4.6770831 ], [ -74.253855, 4.6770029 ], [ -74.2538202, 4.6768285 ], [ -74.2537878, 4.6765715 ], [ -74.2538197, 4.6763172 ], [ -74.2538637, 4.6761433 ], [ -74.2538888, 4.6760566 ], [ -74.2539493, 4.6758824 ], [ -74.2540321, 4.6757069 ], [ -74.2541192, 4.675531 ], [ -74.2541723, 4.6754473 ], [ -74.2543024, 4.6752718 ], [ -74.2543672, 4.6751969 ], [ -74.2545267, 4.6751136 ], [ -74.2547079, 4.6750097 ], [ -74.2547771, 4.6748852 ], [ -74.254853, 4.6745113 ], [ -74.2548971, 4.6743334 ], [ -74.2549467, 4.6741498 ], [ -74.2549644, 4.6740531 ], [ -74.2549989, 4.6737734 ], [ -74.2549982, 4.6735893 ], [ -74.2550025, 4.6735053 ], [ -74.2550393, 4.6732387 ], [ -74.2550525, 4.6731548 ], [ -74.2551557, 4.6727977 ], [ -74.2551911, 4.672668 ], [ -74.2551109, 4.6725418 ], [ -74.2549151, 4.6722677 ], [ -74.2548451, 4.672174 ], [ -74.2546857, 4.6719889 ], [ -74.2545091, 4.671806 ], [ -74.2544175, 4.6717126 ], [ -74.2541026, 4.671441 ], [ -74.2539191, 4.6712587 ], [ -74.2537977, 4.6711639 ], [ -74.25355, 4.670986 ], [ -74.2533774, 4.6708146 ], [ -74.2532437, 4.6706407 ], [ -74.2531217, 4.6704623 ], [ -74.2530626, 4.6703735 ], [ -74.2529496, 4.6701929 ], [ -74.2528392, 4.6700239 ], [ -74.2527977, 4.6698612 ], [ -74.2527842, 4.6697818 ], [ -74.2527826, 4.6694168 ], [ -74.2527598, 4.6693235 ], [ -74.2527414, 4.669055 ], [ -74.2527071, 4.6688671 ], [ -74.2526864, 4.6687764 ], [ -74.2526368, 4.6685089 ], [ -74.2525953, 4.6682382 ], [ -74.2525517, 4.6679683 ], [ -74.2525089, 4.6676152 ], [ -74.2525162, 4.6673524 ], [ -74.2525213, 4.6672743 ], [ -74.2526003, 4.6670188 ], [ -74.2526817, 4.6668453 ], [ -74.2527258, 4.6667566 ], [ -74.2527795, 4.6666563 ], [ -74.2528062, 4.666534 ], [ -74.2527749, 4.6663929 ], [ -74.2526373, 4.666283 ], [ -74.2525288, 4.6661938 ], [ -74.252433, 4.6661103 ], [ -74.2523727, 4.6660311 ], [ -74.2523214, 4.6659464 ], [ -74.252228, 4.6657758 ], [ -74.2521506, 4.6655159 ], [ -74.2521284, 4.6654245 ], [ -74.2520384, 4.6651464 ], [ -74.2517394, 4.6644326 ], [ -74.2517174, 4.6641761 ], [ -74.2517116, 4.6640957 ], [ -74.2517585, 4.6637599 ], [ -74.2517927, 4.6636966 ], [ -74.251998, 4.6635032 ], [ -74.2520176, 4.6633399 ], [ -74.2519106, 4.6632181 ], [ -74.2518274, 4.6631288 ], [ -74.2516905, 4.6629598 ], [ -74.2516143, 4.6627938 ], [ -74.2515885, 4.6627143 ], [ -74.2515439, 4.6624639 ], [ -74.2515676, 4.6623068 ], [ -74.2516285, 4.662143 ], [ -74.2517306, 4.6619723 ], [ -74.2518616, 4.6617903 ], [ -74.2519646, 4.6616058 ], [ -74.2520158, 4.661519 ], [ -74.2520944, 4.6614044 ], [ -74.2520795, 4.6612286 ], [ -74.251832, 4.6611175 ], [ -74.2516643, 4.6610308 ], [ -74.2515387, 4.6609444 ], [ -74.2514215, 4.6608583 ], [ -74.2513315, 4.6607725 ], [ -74.2511561, 4.6605979 ], [ -74.2510366, 4.6604288 ], [ -74.2509493, 4.6602575 ], [ -74.2508811, 4.6600857 ], [ -74.2508336, 4.6599054 ], [ -74.2507617, 4.6597172 ], [ -74.2507198, 4.659626 ], [ -74.2506838, 4.659537 ], [ -74.2506062, 4.6593526 ], [ -74.2505098, 4.6591629 ], [ -74.2504388, 4.6590625 ], [ -74.2502674, 4.6588753 ], [ -74.2501704, 4.6587823 ], [ -74.2500806, 4.6586992 ], [ -74.250032, 4.6586236 ], [ -74.2498781, 4.6582927 ], [ -74.2498862, 4.6582422 ], [ -74.2500075, 4.657983 ], [ -74.25005, 4.6578957 ], [ -74.2502031, 4.6576278 ], [ -74.2502566, 4.6575369 ], [ -74.2503086, 4.6574441 ], [ -74.2504026, 4.6572594 ], [ -74.2504887, 4.6570661 ], [ -74.2505071, 4.6569593 ], [ -74.2505166, 4.656781 ], [ -74.2505558, 4.6566111 ], [ -74.250582, 4.656527 ], [ -74.2506189, 4.6564329 ], [ -74.2506412, 4.6563305 ], [ -74.2506518, 4.6562298 ], [ -74.2506505, 4.6561299 ], [ -74.250638, 4.6560095 ], [ -74.2505404, 4.6558847 ], [ -74.2503797, 4.6557921 ], [ -74.2502887, 4.6556959 ], [ -74.2500302, 4.6556013 ], [ -74.2498922, 4.6555176 ], [ -74.24978, 4.6554343 ], [ -74.2497149, 4.6553659 ], [ -74.249647, 4.6551206 ], [ -74.2496319, 4.6550357 ], [ -74.2496189, 4.6549479 ], [ -74.2495866, 4.6546752 ], [ -74.2495691, 4.6545782 ], [ -74.2495213, 4.6544014 ], [ -74.2495009, 4.6541439 ], [ -74.2495033, 4.6540598 ], [ -74.2495207, 4.653787 ], [ -74.24952, 4.6536019 ], [ -74.2495175, 4.6535168 ], [ -74.2495373, 4.6533436 ], [ -74.2495612, 4.6531738 ], [ -74.2495842, 4.6531124 ], [ -74.2497537, 4.6529528 ], [ -74.2499005, 4.6528663 ], [ -74.2500821, 4.6527464 ], [ -74.2500762, 4.6525991 ], [ -74.2500587, 4.6524967 ], [ -74.2500268, 4.652396 ], [ -74.2499257, 4.6521564 ], [ -74.2495569, 4.6521565 ], [ -74.2493046, 4.6519954 ], [ -74.2492272, 4.6519166 ], [ -74.2490965, 4.6517424 ], [ -74.2489819, 4.6515696 ], [ -74.2489426, 4.6514874 ], [ -74.2489075, 4.6513987 ], [ -74.2488283, 4.6512138 ], [ -74.2487786, 4.6511171 ], [ -74.2487075, 4.6510037 ], [ -74.2485189, 4.650899 ], [ -74.2482744, 4.6508055 ], [ -74.2479932, 4.6507146 ], [ -74.2477311, 4.6506259 ], [ -74.2475469, 4.650541 ], [ -74.2474272, 4.6504563 ], [ -74.2473139, 4.6503698 ], [ -74.2471273, 4.650194 ], [ -74.2470448, 4.6501062 ], [ -74.2468828, 4.6499283 ], [ -74.2467458, 4.6497531 ], [ -74.2466877, 4.649665 ], [ -74.2465627, 4.649483 ], [ -74.2464989, 4.6493926 ], [ -74.2463797, 4.6492159 ], [ -74.2462758, 4.6490339 ], [ -74.2462043, 4.6489331 ], [ -74.2460113, 4.6487455 ], [ -74.2458111, 4.6485623 ], [ -74.2456998, 4.6484701 ], [ -74.2454735, 4.6482899 ], [ -74.2451715, 4.6480222 ], [ -74.2449939, 4.6478443 ], [ -74.2449106, 4.6477557 ], [ -74.2447551, 4.6475822 ], [ -74.2446528, 4.6474107 ], [ -74.244558, 4.6472329 ], [ -74.2444687, 4.6470538 ], [ -74.2442974, 4.6466934 ], [ -74.2442194, 4.6465258 ], [ -74.2441993, 4.6463638 ], [ -74.2441962, 4.6461912 ], [ -74.244205, 4.6460388 ], [ -74.2443675, 4.6458 ], [ -74.2444697, 4.6457207 ], [ -74.2446141, 4.6456278 ], [ -74.2447427, 4.6455053 ], [ -74.244745, 4.6453755 ], [ -74.244742, 4.6451878 ], [ -74.2447057, 4.6449136 ], [ -74.2446981, 4.6448203 ], [ -74.2446596, 4.6446264 ], [ -74.2446196, 4.6445245 ], [ -74.2445725, 4.6444312 ], [ -74.2444881, 4.6442538 ], [ -74.2444545, 4.6441706 ], [ -74.2444067, 4.6439997 ], [ -74.2443803, 4.643832 ], [ -74.2443901, 4.6434792 ], [ -74.2444023, 4.6431207 ], [ -74.2444192, 4.6429438 ], [ -74.2444306, 4.6428527 ], [ -74.2444454, 4.6426691 ], [ -74.2444513, 4.6425763 ], [ -74.2444622, 4.642212 ], [ -74.244463, 4.642027 ], [ -74.2444571, 4.6419305 ], [ -74.2444329, 4.6417448 ], [ -74.2443202, 4.6411114 ], [ -74.2442859, 4.640847 ], [ -74.2442835, 4.6407621 ], [ -74.2442831, 4.6405909 ], [ -74.2442988, 4.6405057 ], [ -74.2443201, 4.640319 ], [ -74.2443389, 4.6399595 ], [ -74.2443528, 4.6398766 ], [ -74.2443718, 4.6397913 ], [ -74.2444504, 4.639518 ], [ -74.2444864, 4.6393231 ], [ -74.2444816, 4.6392116 ], [ -74.2444255, 4.6390152 ], [ -74.244346, 4.6388273 ], [ -74.2442946, 4.638719 ], [ -74.2440749, 4.6385219 ], [ -74.2438, 4.6383312 ], [ -74.2435362, 4.6382379 ], [ -74.2433416, 4.638153 ], [ -74.243116, 4.6379831 ], [ -74.2430358, 4.6378988 ], [ -74.2429565, 4.6378113 ], [ -74.2428165, 4.6376368 ], [ -74.2426011, 4.6372824 ], [ -74.2425519, 4.6371926 ], [ -74.2424978, 4.6370996 ], [ -74.2423199, 4.6368171 ], [ -74.2422099, 4.6367156 ], [ -74.2420886, 4.6366234 ], [ -74.2419788, 4.6365347 ], [ -74.2418834, 4.6364525 ], [ -74.2418229, 4.6363667 ], [ -74.2417172, 4.6362501 ], [ -74.2412345, 4.6361551 ], [ -74.2409743, 4.6360665 ], [ -74.2407071, 4.6359796 ], [ -74.2404409, 4.6358079 ], [ -74.2403404, 4.6357252 ], [ -74.2402681, 4.6356443 ], [ -74.2401486, 4.6354699 ], [ -74.2400429, 4.6353004 ], [ -74.2399655, 4.6350534 ], [ -74.2399664, 4.6347978 ], [ -74.2399691, 4.6347077 ], [ -74.2399716, 4.6345298 ], [ -74.239979, 4.6344525 ], [ -74.2400032, 4.6343757 ], [ -74.2400402, 4.6342903 ], [ -74.2401228, 4.6341077 ], [ -74.2401655, 4.6339973 ], [ -74.2401606, 4.6338786 ], [ -74.2401349, 4.6337775 ], [ -74.2400834, 4.6336037 ], [ -74.2400708, 4.6334395 ], [ -74.2400765, 4.6333604 ], [ -74.2400915, 4.6332754 ], [ -74.2401119, 4.6331722 ], [ -74.2400984, 4.63305 ], [ -74.2399406, 4.6327641 ], [ -74.2398998, 4.6326844 ], [ -74.239792, 4.6322428 ], [ -74.2397193, 4.6319358 ], [ -74.2399235, 4.6319383 ], [ -74.2400871, 4.6328892 ], [ -74.240291, 4.6330931 ], [ -74.2406059, 4.6330931 ], [ -74.2406965, 4.6328941 ], [ -74.2408396, 4.6326652 ], [ -74.2409595, 4.6324238 ], [ -74.2411594, 4.6321158 ], [ -74.2413592, 4.631863 ], [ -74.2416217, 4.6314967 ], [ -74.2417585, 4.6312746 ], [ -74.2422038, 4.6306325 ], [ -74.2423238, 4.630438 ], [ -74.2425237, 4.6302141 ], [ -74.2426723, 4.6298999 ], [ -74.2428435, 4.6296534 ], [ -74.2429978, 4.6294419 ], [ -74.2430571, 4.6293392 ], [ -74.2441417, 4.6298136 ], [ -74.2443247, 4.6298981 ], [ -74.2445185, 4.6300681 ], [ -74.2446001, 4.6301512 ], [ -74.2446622, 4.6302375 ], [ -74.2447359, 4.6303313 ], [ -74.2448173, 4.6304247 ], [ -74.2449047, 4.6305176 ], [ -74.2451129, 4.6307229 ], [ -74.2463794, 4.6308144 ], [ -74.246574, 4.6308967 ], [ -74.2467128, 4.6309782 ], [ -74.2468723, 4.6311381 ], [ -74.2469012, 4.6312083 ], [ -74.2469745, 4.6314385 ], [ -74.2469473, 4.631487 ], [ -74.2468237, 4.6316324 ], [ -74.2455535, 4.6317235 ], [ -74.2454657, 4.6318513 ], [ -74.2454038, 4.6319501 ], [ -74.2453652, 4.6320457 ], [ -74.2452819, 4.6322235 ], [ -74.2452372, 4.6323142 ], [ -74.2451548, 4.6324927 ], [ -74.2451024, 4.6325854 ], [ -74.2450089, 4.6328213 ], [ -74.2451127, 4.6329497 ], [ -74.2452193, 4.6331087 ], [ -74.2452443, 4.6333453 ], [ -74.245217, 4.6335123 ], [ -74.2452005, 4.633591 ], [ -74.2451242, 4.6337597 ], [ -74.2449789, 4.6340262 ], [ -74.2448721, 4.634202 ], [ -74.2447443, 4.6343762 ], [ -74.2446644, 4.6344659 ], [ -74.2445925, 4.6345596 ], [ -74.2444841, 4.6347063 ], [ -74.2445998, 4.6348535 ], [ -74.2446675, 4.6349283 ], [ -74.2446811, 4.6349912 ], [ -74.2447049, 4.6351792 ], [ -74.2447395, 4.6352684 ], [ -74.2447459, 4.635333 ], [ -74.2446436, 4.6358455 ], [ -74.2444836, 4.6360928 ], [ -74.244401, 4.6361694 ], [ -74.2441195, 4.6363414 ], [ -74.2436602, 4.6365183 ], [ -74.2432488, 4.6366456 ], [ -74.2433874, 4.6368334 ], [ -74.2434385, 4.6369284 ], [ -74.2435316, 4.6370284 ], [ -74.2436219, 4.6371192 ], [ -74.2437147, 4.6372166 ], [ -74.2438729, 4.6373195 ], [ -74.2441677, 4.6374107 ], [ -74.2444681, 4.6375811 ], [ -74.2446467, 4.6377528 ], [ -74.2447307, 4.6378405 ], [ -74.2448072, 4.6379274 ], [ -74.2449466, 4.6381068 ], [ -74.245163, 4.6383744 ], [ -74.2452745, 4.6385533 ], [ -74.2453441, 4.6386486 ], [ -74.2454879, 4.6388221 ], [ -74.2455183, 4.6388899 ], [ -74.2455552, 4.6391403 ], [ -74.245552, 4.6392206 ], [ -74.2455389, 4.6393889 ], [ -74.2454559, 4.6396518 ], [ -74.245374, 4.6399247 ], [ -74.2453496, 4.640018 ], [ -74.2453065, 4.6402092 ], [ -74.2453031, 4.6402972 ], [ -74.2452654, 4.6404351 ], [ -74.2452305, 4.6405447 ], [ -74.2451729, 4.64064 ], [ -74.2451519, 4.640752 ], [ -74.2451455, 4.6408515 ], [ -74.2451469, 4.6409474 ], [ -74.2451524, 4.6410434 ], [ -74.2451782, 4.6412296 ], [ -74.2451951, 4.6413244 ], [ -74.2452175, 4.6414181 ], [ -74.2452635, 4.6415979 ], [ -74.2452821, 4.641685 ], [ -74.2453139, 4.6418632 ], [ -74.245327, 4.6419488 ], [ -74.2453515, 4.6423048 ], [ -74.2453554, 4.6424801 ], [ -74.2453466, 4.642655 ], [ -74.2453066, 4.6430127 ], [ -74.2452809, 4.6431953 ], [ -74.2452613, 4.6434789 ], [ -74.2452742, 4.6435816 ], [ -74.2452935, 4.6436737 ], [ -74.2453176, 4.6438201 ], [ -74.2453675, 4.6439605 ], [ -74.2454259, 4.6441057 ], [ -74.2455081, 4.6442375 ], [ -74.245547, 4.6443638 ], [ -74.2455818, 4.6444929 ], [ -74.2456119, 4.6446261 ], [ -74.245595, 4.6447104 ], [ -74.2455623, 4.6447689 ], [ -74.2455624, 4.644883 ], [ -74.2456001, 4.6451109 ], [ -74.2455998, 4.6451533 ], [ -74.2456147, 4.6452863 ], [ -74.2456114, 4.6453297 ], [ -74.2456187, 4.6454224 ], [ -74.2456181, 4.6455499 ], [ -74.2455843, 4.6458092 ], [ -74.2455666, 4.6458733 ], [ -74.2454209, 4.6460376 ], [ -74.245342, 4.6461215 ], [ -74.2451752, 4.6462478 ], [ -74.2452322, 4.646403 ], [ -74.2452709, 4.6464962 ], [ -74.2453548, 4.6466828 ], [ -74.2454613, 4.6468668 ], [ -74.2455108, 4.6469557 ], [ -74.2456075, 4.6471386 ], [ -74.2456676, 4.6472347 ], [ -74.2457423, 4.6473361 ], [ -74.245858, 4.647436 ], [ -74.2459906, 4.6475295 ], [ -74.2462585, 4.6477105 ], [ -74.2465138, 4.6478866 ], [ -74.2466887, 4.6480589 ], [ -74.2467591, 4.6481426 ], [ -74.247, 4.6485002 ], [ -74.2471852, 4.64877 ], [ -74.2474059, 4.6491312 ], [ -74.2474687, 4.6492253 ], [ -74.2475398, 4.6493195 ], [ -74.2476197, 4.6494155 ], [ -74.2477237, 4.649515 ], [ -74.247861, 4.6496062 ], [ -74.2479544, 4.6496898 ], [ -74.2480541, 4.6497952 ], [ -74.2483916, 4.6498943 ], [ -74.2490559, 4.6499833 ], [ -74.2492017, 4.6500614 ], [ -74.2494017, 4.6502333 ], [ -74.2494791, 4.6503119 ], [ -74.2496183, 4.6505685 ], [ -74.2496553, 4.6506537 ], [ -74.2497235, 4.6508294 ], [ -74.2497685, 4.6509809 ], [ -74.2499447, 4.6509808 ], [ -74.2501469, 4.6508838 ], [ -74.2503565, 4.6508114 ], [ -74.2504369, 4.6508782 ], [ -74.2506547, 4.6509689 ], [ -74.2507564, 4.6510497 ], [ -74.2508344, 4.6511205 ], [ -74.2509429, 4.6515124 ], [ -74.2508653, 4.6516576 ], [ -74.2507323, 4.6518594 ], [ -74.2507378, 4.6519944 ], [ -74.2507801, 4.6521014 ], [ -74.2508631, 4.6522809 ], [ -74.2508915, 4.6523612 ], [ -74.2509437, 4.6526203 ], [ -74.2509603, 4.6528707 ], [ -74.2508721, 4.653198 ], [ -74.2508101, 4.6532718 ], [ -74.2506483, 4.6534457 ], [ -74.2505399, 4.6535302 ], [ -74.2503678, 4.6536496 ], [ -74.2503827, 4.6537955 ], [ -74.2504942, 4.6545141 ], [ -74.2504938, 4.6545964 ], [ -74.2504881, 4.654794 ], [ -74.250543, 4.6549394 ], [ -74.2508232, 4.6550452 ], [ -74.2511002, 4.6551303 ], [ -74.251176, 4.6552004 ], [ -74.2513565, 4.6554557 ], [ -74.2513889, 4.6555335 ], [ -74.2514459, 4.6557098 ], [ -74.2514967, 4.6558779 ], [ -74.2515009, 4.656134 ], [ -74.2514952, 4.6563109 ], [ -74.2514819, 4.656483 ], [ -74.2514422, 4.6566564 ], [ -74.25142, 4.6567452 ], [ -74.2513703, 4.6569296 ], [ -74.2513396, 4.6571157 ], [ -74.251313, 4.6572947 ], [ -74.2512777, 4.6574638 ], [ -74.2511653, 4.6577224 ], [ -74.2511181, 4.6578064 ], [ -74.2510047, 4.657982 ], [ -74.2509384, 4.6580691 ], [ -74.2508301, 4.6582068 ], [ -74.2509214, 4.6583677 ], [ -74.2510639, 4.6584684 ], [ -74.251163, 4.6585466 ], [ -74.2512582, 4.6587115 ], [ -74.2513036, 4.6587943 ], [ -74.251332, 4.6588765 ], [ -74.2514205, 4.6591561 ], [ -74.2515824, 4.6594354 ], [ -74.2516817, 4.6596111 ], [ -74.2517547, 4.6597864 ], [ -74.2518282, 4.6599697 ], [ -74.2518753, 4.660067 ], [ -74.2519956, 4.660263 ], [ -74.2521152, 4.6603696 ], [ -74.2522989, 4.6604662 ], [ -74.2524934, 4.6605555 ], [ -74.2527843, 4.6607307 ], [ -74.252889, 4.6608139 ], [ -74.2529564, 4.6608829 ], [ -74.2529963, 4.6610394 ], [ -74.2530147, 4.6611175 ], [ -74.25301, 4.661281 ], [ -74.2529978, 4.6613609 ], [ -74.2529279, 4.6616208 ], [ -74.2528925, 4.6617021 ], [ -74.2528014, 4.6618753 ], [ -74.2527413, 4.6619629 ], [ -74.2526832, 4.6620558 ], [ -74.252631, 4.6621435 ], [ -74.2525937, 4.6621944 ], [ -74.2525149, 4.6623296 ], [ -74.2524496, 4.6624474 ], [ -74.2524706, 4.6625975 ], [ -74.2526674, 4.6627978 ], [ -74.2527393, 4.6628794 ], [ -74.2528865, 4.6631393 ], [ -74.252923, 4.6632179 ], [ -74.2529831, 4.6634756 ], [ -74.2530035, 4.6636433 ], [ -74.2529958, 4.6638066 ], [ -74.2529089, 4.6641156 ], [ -74.2526869, 4.6642052 ], [ -74.2526354, 4.6643635 ], [ -74.2527009, 4.6645713 ], [ -74.252837, 4.6650281 ], [ -74.2529168, 4.6652099 ], [ -74.2529438, 4.6652936 ], [ -74.2529935, 4.6654807 ], [ -74.253051, 4.6655989 ], [ -74.2531866, 4.6656996 ], [ -74.2532862, 4.6657909 ], [ -74.2534136, 4.6658802 ], [ -74.2534928, 4.6659595 ], [ -74.2537351, 4.6663008 ], [ -74.2537495, 4.6663617 ], [ -74.2537349, 4.6666908 ], [ -74.2536976, 4.6667629 ], [ -74.253594, 4.6669553 ], [ -74.253553, 4.6671689 ], [ -74.2535988, 4.6673623 ], [ -74.2536059, 4.6674442 ], [ -74.2536169, 4.6677095 ], [ -74.2536102, 4.6678898 ], [ -74.2536126, 4.6679886 ], [ -74.2536284, 4.6680959 ], [ -74.2537061, 4.6682789 ], [ -74.2537217, 4.6683574 ], [ -74.253758, 4.6686264 ], [ -74.2537842, 4.6688065 ], [ -74.2537944, 4.6688925 ], [ -74.2538046, 4.6691559 ], [ -74.2537917, 4.6694115 ], [ -74.2537564, 4.6695245 ], [ -74.2538223, 4.6696662 ], [ -74.2540617, 4.6698554 ], [ -74.2543736, 4.6702087 ], [ -74.2545875, 4.6704823 ], [ -74.2546822, 4.6705771 ], [ -74.2548735, 4.6707625 ], [ -74.2552367, 4.6710335 ], [ -74.2553222, 4.6711175 ], [ -74.2555598, 4.6713854 ], [ -74.2556334, 4.6714736 ], [ -74.2557759, 4.6716559 ], [ -74.2558543, 4.6717425 ], [ -74.255958, 4.6719107 ], [ -74.2559929, 4.6719918 ], [ -74.2560845, 4.6722593 ], [ -74.2561433, 4.6724375 ], [ -74.2561638, 4.6725121 ], [ -74.2561492, 4.6728579 ], [ -74.2561421, 4.6729456 ], [ -74.2561235, 4.6731271 ], [ -74.2561173, 4.6732224 ], [ -74.256118, 4.6734035 ], [ -74.2561075, 4.6735795 ], [ -74.2560986, 4.6736667 ], [ -74.256075, 4.6738456 ], [ -74.2559816, 4.6744793 ], [ -74.2559607, 4.6746573 ], [ -74.2558861, 4.6750086 ], [ -74.2558572, 4.6750873 ], [ -74.2557652, 4.6752619 ], [ -74.2556686, 4.675434 ], [ -74.2555236, 4.6756051 ], [ -74.255347, 4.6757781 ], [ -74.2552282, 4.6758625 ], [ -74.2550725, 4.6759564 ], [ -74.2549503, 4.6760736 ], [ -74.2548919, 4.6763758 ], [ -74.2548645, 4.6765669 ], [ -74.2548691, 4.6766726 ], [ -74.2548932, 4.6767956 ], [ -74.2550023, 4.6769103 ], [ -74.2551476, 4.677021 ], [ -74.2562443, 4.6771125 ], [ -74.2565275, 4.6771973 ], [ -74.2568312, 4.6773679 ], [ -74.2569064, 4.6774381 ], [ -74.2569751, 4.6775972 ], [ -74.2570017, 4.6776819 ], [ -74.2570515, 4.6778588 ], [ -74.257067, 4.6779303 ], [ -74.2570282, 4.678183 ], [ -74.2569759, 4.6784598 ], [ -74.2569719, 4.6785693 ], [ -74.2569951, 4.6786672 ], [ -74.2570306, 4.678932 ], [ -74.2570545, 4.6792035 ], [ -74.2570662, 4.6792891 ], [ -74.2570647, 4.6793713 ], [ -74.2570408, 4.679914 ], [ -74.2570391, 4.6800136 ], [ -74.257069, 4.6802014 ], [ -74.2570826, 4.680299 ], [ -74.2571453, 4.6804906 ], [ -74.2572203, 4.680674 ], [ -74.2573277, 4.6809445 ], [ -74.2573969, 4.6811229 ], [ -74.2574575, 4.6813063 ], [ -74.2575819, 4.681581 ], [ -74.2577355, 4.6819365 ], [ -74.2577583, 4.682017 ], [ -74.2578255, 4.6823838 ], [ -74.257867, 4.6824856 ], [ -74.2579147, 4.6825837 ], [ -74.2579759, 4.6826777 ], [ -74.2580287, 4.6827647 ], [ -74.2581203, 4.6829367 ], [ -74.2581786, 4.6831098 ], [ -74.2582353, 4.6832871 ], [ -74.258302, 4.6835582 ], [ -74.2584177, 4.6839151 ], [ -74.25844, 4.6840973 ], [ -74.2584767, 4.684199 ], [ -74.258585, 4.6844675 ], [ -74.2587374, 4.6850088 ], [ -74.2589821, 4.685643 ], [ -74.2590358, 4.685819 ], [ -74.2590835, 4.6860006 ], [ -74.2592128, 4.6863967 ], [ -74.258813, 4.6864909 ], [ -74.2587955, 4.6864516 ], [ -74.2586872, 4.6861798 ], [ -74.2585497, 4.6859074 ], [ -74.2584455, 4.6855898 ], [ -74.2583699, 4.6853423 ], [ -74.2582448, 4.6850546 ], [ -74.2581681, 4.6848133 ], [ -74.2580559, 4.6845257 ], [ -74.257884, 4.6839616 ], [ -74.2578124, 4.6837204 ], [ -74.2577233, 4.6834496 ], [ -74.2575373, 4.6831241 ], [ -74.2565116, 4.6833233 ], [ -74.2567283, 4.6848827 ], [ -74.2563973, 4.6855858 ], [ -74.2556775, 4.6864208 ], [ -74.2554996, 4.6866486 ], [ -74.2549468, 4.6880233 ], [ -74.2547299, 4.6881555 ], [ -74.2541813, 4.688288 ], [ -74.2540157, 4.6884649 ], [ -74.2539933, 4.6887345 ], [ -74.2540165, 4.6892556 ], [ -74.2540453, 4.6895133 ], [ -74.2540797, 4.6897417 ], [ -74.2542916, 4.6901712 ], [ -74.2546291, 4.690487 ], [ -74.2548866, 4.690635 ], [ -74.2550641, 4.6909509 ], [ -74.2550698, 4.691173 ], [ -74.2550417, 4.6915455 ], [ -74.255013, 4.6917925 ], [ -74.2549393, 4.6921181 ], [ -74.2548369, 4.692382 ], [ -74.2547113, 4.6926172 ], [ -74.2544889, 4.6929202 ], [ -74.2541977, 4.6932876 ], [ -74.2539697, 4.6934991 ], [ -74.253781, 4.6937172 ], [ -74.2535242, 4.6939406 ], [ -74.2536736, 4.6945238 ], [ -74.253748, 4.6949031 ], [ -74.2541374, 4.6955043 ], [ -74.2545206, 4.6959218 ], [ -74.2547663, 4.6962254 ], [ -74.2549438, 4.6964316 ], [ -74.2551325, 4.6967119 ], [ -74.2552014, 4.6970385 ], [ -74.2549158, 4.6974336 ], [ -74.2546933, 4.6975541 ], [ -74.2544935, 4.6976746 ], [ -74.2542197, 4.6978515 ], [ -74.2539173, 4.6981382 ], [ -74.2539173, 4.6983959 ], [ -74.2538892, 4.6986197 ], [ -74.2537118, 4.6987622 ], [ -74.2533125, 4.6991986 ], [ -74.2531757, 4.699484 ], [ -74.2530219, 4.6998 ], [ -74.2528452, 4.7000352 ], [ -74.2525421, 4.70028 ], [ -74.2521772, 4.70067 ], [ -74.2520172, 4.7008764 ], [ -74.2516749, 4.7015292 ], [ -74.2514581, 4.7017876 ], [ -74.2512588, 4.7020392 ], [ -74.2512244, 4.7024003 ], [ -74.2516133, 4.7026806 ], [ -74.2517164, 4.7030067 ], [ -74.2516083, 4.7032192 ], [ -74.2515058, 4.7034589 ], [ -74.2514603, 4.7037629 ], [ -74.2515066, 4.7042451 ], [ -74.2515585, 4.704553 ], [ -74.2523482, 4.7062077 ], [ -74.2528582, 4.7074053 ], [ -74.2533734, 4.708831 ], [ -74.2531694, 4.7103141 ], [ -74.2528692, 4.7129944 ], [ -74.2524363, 4.7143007 ], [ -74.2523457, 4.7147302 ], [ -74.2522545, 4.7151372 ], [ -74.2522721, 4.7153542 ], [ -74.2523353, 4.7157317 ], [ -74.2523866, 4.7159962 ], [ -74.2522616, 4.7162246 ] ], [ [ -74.2424086, 4.6357713 ], [ -74.2425505, 4.6358659 ], [ -74.2426559, 4.6359341 ], [ -74.2428338, 4.6358745 ], [ -74.2430372, 4.6357813 ], [ -74.2432154, 4.6356911 ], [ -74.2434181, 4.6356022 ], [ -74.2437114, 4.6354836 ], [ -74.2436763, 4.6353231 ], [ -74.2436651, 4.6352223 ], [ -74.2436133, 4.6351129 ], [ -74.2435552, 4.6350229 ], [ -74.2435174, 4.6349404 ], [ -74.2434653, 4.6348103 ], [ -74.2430861, 4.6347072 ], [ -74.2426078, 4.6346167 ], [ -74.2422625, 4.6345285 ], [ -74.2420492, 4.6344442 ], [ -74.2419216, 4.6343536 ], [ -74.2416618, 4.6342531 ], [ -74.2412897, 4.6342532 ], [ -74.2409373, 4.6343622 ], [ -74.2408968, 4.6345059 ], [ -74.2408835, 4.6346012 ], [ -74.2408691, 4.6346862 ], [ -74.240833, 4.6348218 ], [ -74.2409567, 4.6349508 ], [ -74.2410585, 4.6350458 ], [ -74.241184, 4.6351428 ], [ -74.2413645, 4.635244 ], [ -74.2418855, 4.6353341 ], [ -74.2420207, 4.6354147 ], [ -74.2421442, 4.6354976 ], [ -74.2423012, 4.6356731 ], [ -74.2424086, 4.6357713 ] ], [ [ -74.2434159, 4.633792 ], [ -74.2435817, 4.6338811 ], [ -74.2437122, 4.6339445 ], [ -74.2438166, 4.6338727 ], [ -74.2439343, 4.6337745 ], [ -74.2440159, 4.6336773 ], [ -74.2440921, 4.6335837 ], [ -74.2441773, 4.6334613 ], [ -74.2441575, 4.6333206 ], [ -74.2441082, 4.6332239 ], [ -74.2440578, 4.6330532 ], [ -74.2440367, 4.6329704 ], [ -74.2440284, 4.6328942 ], [ -74.2440398, 4.6327224 ], [ -74.2440466, 4.6326466 ], [ -74.2441146, 4.6324808 ], [ -74.2441559, 4.6323947 ], [ -74.2442523, 4.6322166 ], [ -74.2443021, 4.6321284 ], [ -74.2443595, 4.6320359 ], [ -74.2444505, 4.6318526 ], [ -74.2444971, 4.6317658 ], [ -74.2445828, 4.6316271 ], [ -74.2444801, 4.6314793 ], [ -74.2443796, 4.6313887 ], [ -74.2443197, 4.6313037 ], [ -74.2441693, 4.6311227 ], [ -74.244101, 4.6310257 ], [ -74.24398, 4.6309241 ], [ -74.2438337, 4.6308303 ], [ -74.2436742, 4.6307302 ], [ -74.2431365, 4.630637 ], [ -74.2429845, 4.6306089 ], [ -74.2428864, 4.6306524 ], [ -74.242586, 4.6310339 ], [ -74.2424578, 4.6312177 ], [ -74.2420347, 4.6318519 ], [ -74.2413911, 4.6328455 ], [ -74.2413274, 4.6329335 ], [ -74.2411191, 4.6332124 ], [ -74.2414988, 4.6333467 ], [ -74.2421435, 4.6334376 ], [ -74.2424893, 4.6335242 ], [ -74.2426641, 4.6336163 ], [ -74.243211, 4.6337073 ], [ -74.2434159, 4.633792 ] ] ] } },
{ "type": "Feature", "properties": { "AREA": 25089.851813435562, "PERIMETER": 667.735587893, "USO_PROPUE": 15, "USO_PROP_1": 6488, "SIMBOLO_MA": "20", "DESC_MAPA": "Parques", "GRUPO": "Suelo de Desarrollo Rural", "SUB_GRUPO": "Zonas de Actividad Turística y/o Ecoturística", "SIMBOLO": "A-TE", "CLAS_CIAF": "1a" }, "geometry": { "type": "Polygon", "coordinates": [ [ [ -74.2255929, 4.7118459 ], [ -74.2256301, 4.7118237 ], [ -74.2256434, 4.7118459 ], [ -74.2260789, 4.7126597 ], [ -74.2260072, 4.7127501 ], [ -74.2244452, 4.7135643 ], [ -74.2243107, 4.7136385 ], [ -74.2242305, 4.7135644 ], [ -74.2238625, 4.712841 ], [ -74.2238256, 4.7127506 ], [ -74.2255929, 4.7118459 ] ] ] } },
{ "type": "Feature", "properties": { "AREA": 347426.38962586224, "PERIMETER": 3319.42077328, "USO_PROPUE": 16, "USO_PROP_1": 6481, "SIMBOLO_MA": "22", "DESC_MAPA": "Uso Vivienda", "GRUPO": "Suelos Urbanos", "SUB_GRUPO": "Suelos Urbanos", "SIMBOLO": "SU", "CLAS_CIAF": "1a" }, "geometry": { "type": "Polygon", "coordinates": [ [ [ -74.2391991, 4.7133365 ], [ -74.2385925, 4.7129212 ], [ -74.237654, 4.7118466 ], [ -74.2367521, 4.7109918 ], [ -74.2357069, 4.710073 ], [ -74.2316641, 4.7068544 ], [ -74.2327205, 4.7056047 ], [ -74.2327829, 4.7055142 ], [ -74.2322294, 4.7049913 ], [ -74.2326608, 4.7047004 ], [ -74.2327773, 4.7046099 ], [ -74.2333357, 4.7041577 ], [ -74.2333054, 4.7040672 ], [ -74.2331233, 4.703796 ], [ -74.2331514, 4.7037056 ], [ -74.2344363, 4.7027398 ], [ -74.2346703, 4.7028913 ], [ -74.2347941, 4.7029818 ], [ -74.2356764, 4.7037954 ], [ -74.2357371, 4.7038858 ], [ -74.2358673, 4.7041571 ], [ -74.2359717, 4.7043379 ], [ -74.2362931, 4.7048805 ], [ -74.2363431, 4.7049709 ], [ -74.2368003, 4.7061464 ], [ -74.2368324, 4.7062368 ], [ -74.237283, 4.7076133 ], [ -74.237556, 4.7088107 ], [ -74.2378974, 4.7102498 ], [ -74.2383191, 4.7116661 ], [ -74.2387073, 4.7125991 ], [ -74.2391991, 4.7133365 ] ], [ [ -74.235492, 4.7092833 ], [ -74.2354921, 4.7098046 ], [ -74.2360324, 4.7098044 ], [ -74.2360323, 4.7092832 ], [ -74.235492, 4.7092833 ] ] ] } },
{ "type": "Feature", "properties": { "AREA": 223825.94267224337, "PERIMETER": 1984.3599786, "USO_PROPUE": 17, "USO_PROP_1": 6472, "SIMBOLO_MA": "18", "DESC_MAPA": "Uso Institucional", "GRUPO": "Suelo de Desarrollo Rural", "SUB_GRUPO": "Zonas de Actividad Institucional", "SIMBOLO": "A-INS", "CLAS_CIAF": "1a" }, "geometry": { "type": "Polygon", "coordinates": [ [ [ -74.230337, 4.7084572 ], [ -74.2318652, 4.7096397 ], [ -74.2293264, 4.7110312 ], [ -74.2264573, 4.7125692 ], [ -74.2263275, 4.7126422 ], [ -74.2262473, 4.7125692 ], [ -74.2249656, 4.7103087 ], [ -74.2249468, 4.7102183 ], [ -74.2270965, 4.7084997 ], [ -74.2287429, 4.7072021 ], [ -74.2287809, 4.7072333 ], [ -74.230337, 4.7084572 ] ] ] } },
{ "type": "Feature", "properties": { "AREA": 3455.0177406817702, "PERIMETER": 235.162692316, "USO_PROPUE": 18, "USO_PROP_1": 6436, "SIMBOLO_MA": "21", "DESC_MAPA": "Equipamento Urbano (Plaza de mercado y Terminal de transportes)", "GRUPO": "Suelos Urbanos", "SUB_GRUPO": "Suelos Urbanos", "SIMBOLO": "SU", "CLAS_CIAF": "1a" }, "geometry": { "type": "Polygon", "coordinates": [ [ [ -74.235492, 4.7092833 ], [ -74.2360323, 4.7092832 ], [ -74.2360324, 4.7098044 ], [ -74.2354921, 4.7098046 ], [ -74.235492, 4.7092833 ] ] ] } },
{ "type": "Feature", "properties": { "AREA": 1871024.3079414368, "PERIMETER": 8881.7437635400001, "USO_PROPUE": 19, "USO_PROP_1": 6429, "SIMBOLO_MA": "16", "DESC_MAPA": "Suelo Sub - Urbano", "GRUPO": "Suelo de Desarrollo Rural", "SUB_GRUPO": "Suelos Suburbanos", "SIMBOLO": "Sub", "CLAS_CIAF": "1a" }, "geometry": { "type": "Polygon", "coordinates": [ [ [ -74.23698, 4.7066869 ], [ -74.2368324, 4.7062368 ], [ -74.2368003, 4.7061464 ], [ -74.2363431, 4.7049709 ], [ -74.2362931, 4.7048805 ], [ -74.2359717, 4.7043379 ], [ -74.2358673, 4.7041571 ], [ -74.2357371, 4.7038858 ], [ -74.2356764, 4.7037954 ], [ -74.2347941, 4.7029818 ], [ -74.2346703, 4.7028913 ], [ -74.2344363, 4.7027398 ], [ -74.2343762, 4.7026792 ], [ -74.2371172, 4.7004543 ], [ -74.2398358, 4.698272 ], [ -74.2424917, 4.6964674 ], [ -74.2476777, 4.6915364 ], [ -74.2500826, 4.6893961 ], [ -74.2510028, 4.6889344 ], [ -74.2524247, 4.6875495 ], [ -74.2530938, 4.6865634 ], [ -74.2544112, 4.6854093 ], [ -74.2553898, 4.6845456 ], [ -74.255399, 4.6847405 ], [ -74.2554043, 4.6848204 ], [ -74.25525, 4.6850386 ], [ -74.2551935, 4.6851264 ], [ -74.2550886, 4.6852711 ], [ -74.2550398, 4.6853248 ], [ -74.2549335, 4.685426 ], [ -74.2548177, 4.6855695 ], [ -74.2547409, 4.6854711 ], [ -74.2536475, 4.6862862 ], [ -74.2539908, 4.6867366 ], [ -74.2541671, 4.6865878 ], [ -74.2539437, 4.6868965 ], [ -74.2539175, 4.6869708 ], [ -74.2538198, 4.6869984 ], [ -74.2537714, 4.6870173 ], [ -74.2533709, 4.6866196 ], [ -74.2529102, 4.6870793 ], [ -74.2532228, 4.6874003 ], [ -74.2529781, 4.6876916 ], [ -74.2528757, 4.687981 ], [ -74.2528179, 4.6881829 ], [ -74.2527919, 4.6882807 ], [ -74.2527431, 4.6884711 ], [ -74.2527199, 4.6885731 ], [ -74.252623, 4.6890338 ], [ -74.2527086, 4.6896196 ], [ -74.252781, 4.6898674 ], [ -74.2528288, 4.68998 ], [ -74.2528943, 4.6901475 ], [ -74.2529927, 4.6904212 ], [ -74.2530822, 4.6906382 ], [ -74.2531941, 4.6908512 ], [ -74.2532583, 4.6909621 ], [ -74.2534056, 4.6911915 ], [ -74.2536269, 4.6914353 ], [ -74.2537727, 4.6915548 ], [ -74.2537622, 4.6915822 ], [ -74.2537261, 4.6916925 ], [ -74.2536471, 4.69196 ], [ -74.2535942, 4.692114 ], [ -74.253571, 4.6921703 ], [ -74.2461497, 4.6987289 ], [ -74.246185, 4.6988193 ], [ -74.2468113, 4.6990001 ], [ -74.2470869, 4.6990904 ], [ -74.2475929, 4.6992712 ], [ -74.2478585, 4.6993615 ], [ -74.2487077, 4.6996326 ], [ -74.2496547, 4.6999941 ], [ -74.2496717, 4.7000845 ], [ -74.2497813, 4.7022548 ], [ -74.2497746, 4.7023453 ], [ -74.2495693, 4.7025262 ], [ -74.2493755, 4.7027071 ], [ -74.2490037, 4.7030689 ], [ -74.2485722, 4.7035212 ], [ -74.2486138, 4.7036116 ], [ -74.2490351, 4.7043349 ], [ -74.2489997, 4.7044253 ], [ -74.2445059, 4.7088575 ], [ -74.2444573, 4.7089017 ], [ -74.2444295, 4.7088575 ], [ -74.2403144, 4.7036135 ], [ -74.2402943, 4.7036135 ], [ -74.23698, 4.7066869 ] ] ] } },
{ "type": "Feature", "properties": { "AREA": 577600.6337180417, "PERIMETER": 16866.713523499999, "USO_PROPUE": 20, "USO_PROP_1": 6426, "SIMBOLO_MA": null, "DESC_MAPA": "Malla Ambiental", "GRUPO": "Suelo de Protección y de Importancia Ambiental", "SUB_GRUPO": "Zonas de Recuperación Ambiental", "SIMBOLO": "RA", "CLAS_CIAF": "3a" }, "geometry": { "type": "Polygon", "coordinates": [ [ [ -74.2871808, 4.7077674 ], [ -74.2874022, 4.7078936 ], [ -74.2874283, 4.7081765 ], [ -74.2873025, 4.7084072 ], [ -74.2872411, 4.708429 ], [ -74.2871968, 4.7087021 ], [ -74.2869552, 4.7083432 ], [ -74.2867264, 4.708011 ], [ -74.2864689, 4.7077476 ], [ -74.2859831, 4.7074098 ], [ -74.2848682, 4.7067342 ], [ -74.2845194, 4.7064653 ], [ -74.2842506, 4.7062709 ], [ -74.2840393, 4.7060935 ], [ -74.2835474, 4.7056929 ], [ -74.2832499, 4.7054867 ], [ -74.2829299, 4.7052862 ], [ -74.2827011, 4.7051144 ], [ -74.2820097, 4.7046574 ], [ -74.2815236, 4.7043246 ], [ -74.2809004, 4.7039298 ], [ -74.2806772, 4.7037868 ], [ -74.2803916, 4.7036202 ], [ -74.2798259, 4.7033004 ], [ -74.2794485, 4.7030772 ], [ -74.2790028, 4.7028248 ], [ -74.2781621, 4.7023164 ], [ -74.2736857, 4.6992933 ], [ -74.2723938, 4.6983549 ], [ -74.2705326, 4.6970117 ], [ -74.2703524, 4.6969068 ], [ -74.2687974, 4.6957334 ], [ -74.2685686, 4.6955729 ], [ -74.2662985, 4.69393 ], [ -74.2642804, 4.692396 ], [ -74.2640859, 4.6922468 ], [ -74.2639491, 4.6920581 ], [ -74.263822, 4.6911075 ], [ -74.2629588, 4.6904667 ], [ -74.2625414, 4.6902369 ], [ -74.262067, 4.6899278 ], [ -74.261152, 4.6892815 ], [ -74.2607519, 4.6889261 ], [ -74.2604719, 4.6886803 ], [ -74.2603001, 4.6885035 ], [ -74.2599, 4.6880791 ], [ -74.2596938, 4.6878044 ], [ -74.2593906, 4.6873643 ], [ -74.2591506, 4.6870546 ], [ -74.2588986, 4.6866822 ], [ -74.2588883, 4.686659 ], [ -74.2594273, 4.686532 ], [ -74.2594726, 4.6866159 ], [ -74.2598093, 4.6872209 ], [ -74.2600848, 4.6875799 ], [ -74.2604851, 4.6881327 ], [ -74.2606203, 4.688425 ], [ -74.2609034, 4.6887048 ], [ -74.2611857, 4.6889978 ], [ -74.261474, 4.6892256 ], [ -74.2617814, 4.6894011 ], [ -74.2619701, 4.6894522 ], [ -74.2621631, 4.6895128 ], [ -74.2624654, 4.6896032 ], [ -74.2627587, 4.6896801 ], [ -74.262934, 4.6897926 ], [ -74.2631173, 4.6898754 ], [ -74.263342, 4.6899443 ], [ -74.2634704, 4.69005 ], [ -74.2635942, 4.6900821 ], [ -74.2637867, 4.6899579 ], [ -74.2639746, 4.6898108 ], [ -74.2642751, 4.6898842 ], [ -74.2644631, 4.6899899 ], [ -74.2647794, 4.6899899 ], [ -74.2650177, 4.6898932 ], [ -74.2652195, 4.689884 ], [ -74.2654899, 4.6897322 ], [ -74.2657833, 4.6895896 ], [ -74.2660537, 4.6895803 ], [ -74.2663929, 4.6894423 ], [ -74.2666726, 4.6893549 ], [ -74.2669293, 4.6892307 ], [ -74.2671997, 4.6890835 ], [ -74.2674402, 4.6889107 ], [ -74.2676877, 4.6886899 ], [ -74.2679948, 4.6885887 ], [ -74.2682836, 4.6884093 ], [ -74.2685953, 4.6882345 ], [ -74.2690628, 4.6880275 ], [ -74.2693699, 4.6878665 ], [ -74.2698146, 4.6876641 ], [ -74.2709201, 4.6875481 ], [ -74.271499, 4.687722 ], [ -74.2721405, 4.6881617 ], [ -74.2724274, 4.6883477 ], [ -74.2726469, 4.6884492 ], [ -74.2727819, 4.6884491 ], [ -74.2743177, 4.6878566 ], [ -74.2750434, 4.6876026 ], [ -74.2755278, 4.6874057 ], [ -74.2762535, 4.6871687 ], [ -74.2767936, 4.6870162 ], [ -74.2773674, 4.6869992 ], [ -74.2780595, 4.6871343 ], [ -74.2788865, 4.6872525 ], [ -74.2797811, 4.6873707 ], [ -74.2808276, 4.6875565 ], [ -74.2815366, 4.6877255 ], [ -74.282043, 4.6879791 ], [ -74.2824481, 4.6880974 ], [ -74.2830726, 4.6882157 ], [ -74.2836972, 4.6883847 ], [ -74.2844399, 4.6886044 ], [ -74.2849463, 4.688875 ], [ -74.285554, 4.6892809 ], [ -74.2862631, 4.6897036 ], [ -74.2867864, 4.6899742 ], [ -74.287124, 4.6900925 ], [ -74.2874109, 4.6901093 ], [ -74.2879342, 4.6902953 ], [ -74.2881874, 4.6905321 ], [ -74.2884913, 4.6908873 ], [ -74.2889134, 4.691344 ], [ -74.2892005, 4.6917499 ], [ -74.2894369, 4.6922067 ], [ -74.2897915, 4.692731 ], [ -74.2902036, 4.6931128 ], [ -74.2906426, 4.6935694 ], [ -74.2913348, 4.6942629 ], [ -74.2919427, 4.6949395 ], [ -74.2922297, 4.6953454 ], [ -74.292635, 4.6958529 ], [ -74.2933441, 4.6965463 ], [ -74.2937999, 4.6969692 ], [ -74.2942894, 4.697172 ], [ -74.2948634, 4.6974426 ], [ -74.2954711, 4.6977638 ], [ -74.29591, 4.6979667 ], [ -74.2965008, 4.6981188 ], [ -74.2969397, 4.6981694 ], [ -74.297223, 4.6980983 ], [ -74.2971943, 4.698328 ], [ -74.2971855, 4.6986854 ], [ -74.2971684, 4.6990185 ], [ -74.2971333, 4.6990185 ], [ -74.2966698, 4.6989954 ], [ -74.2964226, 4.698949 ], [ -74.2961523, 4.6989258 ], [ -74.2957737, 4.6987478 ], [ -74.2954338, 4.6987092 ], [ -74.2951435, 4.69848 ], [ -74.2948808, 4.6982632 ], [ -74.2945795, 4.6981084 ], [ -74.2942859, 4.6980078 ], [ -74.2938378, 4.6977445 ], [ -74.2932893, 4.6973496 ], [ -74.2930266, 4.6972025 ], [ -74.2926712, 4.6968695 ], [ -74.2924162, 4.6966759 ], [ -74.2922539, 4.6964281 ], [ -74.2921457, 4.6962267 ], [ -74.2919603, 4.6960021 ], [ -74.291798, 4.6957465 ], [ -74.2915894, 4.69546 ], [ -74.2912726, 4.6951502 ], [ -74.2909529, 4.6949444 ], [ -74.2907906, 4.694712 ], [ -74.2906747, 4.6945726 ], [ -74.2904815, 4.6944023 ], [ -74.2903579, 4.6942706 ], [ -74.2902652, 4.6941312 ], [ -74.2901107, 4.694046 ], [ -74.2899021, 4.6938602 ], [ -74.2898247, 4.693651 ], [ -74.2897552, 4.6934884 ], [ -74.2896393, 4.6933257 ], [ -74.2895156, 4.6931631 ], [ -74.2893533, 4.6929385 ], [ -74.289222, 4.6927449 ], [ -74.2890288, 4.6925203 ], [ -74.2888279, 4.6923189 ], [ -74.2885961, 4.6921098 ], [ -74.2882948, 4.6919317 ], [ -74.2881866, 4.6916761 ], [ -74.2878841, 4.6913851 ], [ -74.2876755, 4.6911992 ], [ -74.2875287, 4.6910443 ], [ -74.2873356, 4.6909437 ], [ -74.2871888, 4.690843 ], [ -74.2870497, 4.6908043 ], [ -74.286818, 4.6907424 ], [ -74.2866326, 4.6906263 ], [ -74.2863313, 4.6906341 ], [ -74.2860377, 4.6904096 ], [ -74.2859372, 4.6902159 ], [ -74.2857518, 4.6900378 ], [ -74.285466, 4.6899062 ], [ -74.2851878, 4.6897436 ], [ -74.2848738, 4.6896037 ], [ -74.284727, 4.6894875 ], [ -74.2844258, 4.6894334 ], [ -74.2841322, 4.689325 ], [ -74.2837691, 4.6892864 ], [ -74.2835451, 4.6891935 ], [ -74.2831203, 4.6891239 ], [ -74.2827495, 4.6890388 ], [ -74.2823787, 4.6889459 ], [ -74.2820619, 4.6888531 ], [ -74.2815598, 4.6886441 ], [ -74.2811118, 4.6885357 ], [ -74.2805633, 4.6885204 ], [ -74.2801076, 4.6883656 ], [ -74.2797367, 4.6881488 ], [ -74.2789296, 4.6880873 ], [ -74.2786206, 4.6880099 ], [ -74.2781958, 4.6879791 ], [ -74.2777863, 4.687801 ], [ -74.2773769, 4.6876617 ], [ -74.2769984, 4.6877083 ], [ -74.2765736, 4.6878478 ], [ -74.2759789, 4.6879487 ], [ -74.2755773, 4.688096 ], [ -74.2751525, 4.6882898 ], [ -74.2746736, 4.6884991 ], [ -74.2739927, 4.6887511 ], [ -74.2737983, 4.6888278 ], [ -74.2736109, 4.6889532 ], [ -74.2733124, 4.6890925 ], [ -74.2730069, 4.6890578 ], [ -74.2725765, 4.6891971 ], [ -74.2722293, 4.6890998 ], [ -74.2716841, 4.6888838 ], [ -74.2711356, 4.6885219 ], [ -74.2708995, 4.6884384 ], [ -74.2706773, 4.6882992 ], [ -74.2703093, 4.6882227 ], [ -74.269976, 4.6882158 ], [ -74.2697816, 4.6883621 ], [ -74.2694276, 4.688397 ], [ -74.2692749, 4.6885641 ], [ -74.2689763, 4.6885781 ], [ -74.268657, 4.6886687 ], [ -74.2684488, 4.6889404 ], [ -74.2681641, 4.689017 ], [ -74.2678726, 4.689219 ], [ -74.2674699, 4.6894559 ], [ -74.2671576, 4.6896648 ], [ -74.2668174, 4.6897833 ], [ -74.2664495, 4.6899644 ], [ -74.266072, 4.6900654 ], [ -74.2658568, 4.6901908 ], [ -74.2654819, 4.690163 ], [ -74.2653848, 4.6903511 ], [ -74.2651834, 4.6904556 ], [ -74.2649057, 4.6904765 ], [ -74.2645794, 4.6903165 ], [ -74.2643225, 4.6902887 ], [ -74.2643017, 4.6905672 ], [ -74.2643712, 4.6908805 ], [ -74.2643088, 4.6911103 ], [ -74.2643575, 4.6913679 ], [ -74.2645242, 4.6916603 ], [ -74.2646284, 4.6918483 ], [ -74.2648575, 4.6920014 ], [ -74.2650589, 4.6921754 ], [ -74.2652464, 4.6923564 ], [ -74.2656144, 4.6924677 ], [ -74.2658019, 4.6926905 ], [ -74.2659561, 4.692798 ], [ -74.266338, 4.6929441 ], [ -74.2665394, 4.6932365 ], [ -74.266845, 4.6934592 ], [ -74.2671366, 4.6936402 ], [ -74.2673658, 4.6939047 ], [ -74.2675256, 4.6941136 ], [ -74.2678033, 4.6942876 ], [ -74.2679492, 4.6944895 ], [ -74.2681183, 4.6945969 ], [ -74.2684863, 4.6947082 ], [ -74.2685349, 4.6949589 ], [ -74.2687224, 4.6950493 ], [ -74.2689654, 4.6950493 ], [ -74.269271, 4.6952233 ], [ -74.2692849, 4.6953695 ], [ -74.2695348, 4.6954042 ], [ -74.2698057, 4.6955295 ], [ -74.269889, 4.6957175 ], [ -74.2700071, 4.6959472 ], [ -74.2703543, 4.696163 ], [ -74.2707362, 4.6963021 ], [ -74.2708404, 4.6965319 ], [ -74.2711529, 4.6966014 ], [ -74.2714445, 4.6967267 ], [ -74.2715557, 4.6969355 ], [ -74.2716182, 4.6970121 ], [ -74.2717918, 4.6971513 ], [ -74.2719029, 4.6974089 ], [ -74.2722154, 4.6974785 ], [ -74.2723821, 4.6975829 ], [ -74.272546, 4.6978092 ], [ -74.2728168, 4.6979066 ], [ -74.2730668, 4.698011 ], [ -74.2733446, 4.6982894 ], [ -74.2736501, 4.6983938 ], [ -74.2740043, 4.698707 ], [ -74.2744973, 4.6989366 ], [ -74.2749764, 4.6991315 ], [ -74.2752264, 4.699389 ], [ -74.2753723, 4.6995839 ], [ -74.2756362, 4.6997858 ], [ -74.2758376, 4.7000085 ], [ -74.2762125, 4.7001964 ], [ -74.2765597, 4.7003495 ], [ -74.2767334, 4.7006558 ], [ -74.2770961, 4.700901 ], [ -74.2772975, 4.7011516 ], [ -74.2779503, 4.7016598 ], [ -74.2782573, 4.7017594 ], [ -74.2785836, 4.7018847 ], [ -74.2789933, 4.7020935 ], [ -74.2793405, 4.7022953 ], [ -74.2797017, 4.7026224 ], [ -74.2799239, 4.7027756 ], [ -74.2802364, 4.7030122 ], [ -74.2806183, 4.7031305 ], [ -74.2810627, 4.7033253 ], [ -74.2811877, 4.7034715 ], [ -74.2814832, 4.7035716 ], [ -74.2817471, 4.703669 ], [ -74.2819207, 4.703843 ], [ -74.282129, 4.7040727 ], [ -74.2823999, 4.7042328 ], [ -74.2825596, 4.7045252 ], [ -74.2828513, 4.7046435 ], [ -74.2830457, 4.7047548 ], [ -74.2832333, 4.7050333 ], [ -74.2834208, 4.7051446 ], [ -74.2836986, 4.7054091 ], [ -74.2839208, 4.7054717 ], [ -74.2842818, 4.7054507 ], [ -74.2845665, 4.7056247 ], [ -74.2847332, 4.7058057 ], [ -74.2850179, 4.705924 ], [ -74.2853095, 4.7060632 ], [ -74.2854652, 4.7062632 ], [ -74.2858124, 4.706458 ], [ -74.2859791, 4.7066808 ], [ -74.286236, 4.7067921 ], [ -74.2865902, 4.7070984 ], [ -74.2867944, 4.7072931 ], [ -74.286916, 4.7074236 ], [ -74.2870202, 4.7075759 ], [ -74.2871808, 4.7077674 ] ] ] } },
{ "type": "Feature", "properties": { "AREA": 175079.83284761012, "PERIMETER": 1714.2971020699999, "USO_PROPUE": 21, "USO_PROP_1": 6423, "SIMBOLO_MA": "23", "DESC_MAPA": "Centro Histórico", "GRUPO": "Suelo de Protección y de Importancia Ambiental", "SUB_GRUPO": "Zonas de Protección Histórica", "SIMBOLO": "PHCA", "CLAS_CIAF": "1a" }, "geometry": { "type": "Polygon", "coordinates": [ [ [ -74.230337, 4.7084572 ], [ -74.2287809, 4.7072333 ], [ -74.2286705, 4.7071429 ], [ -74.2278063, 4.7064196 ], [ -74.2278578, 4.7063292 ], [ -74.2289165, 4.7047012 ], [ -74.2301129, 4.7029255 ], [ -74.2301886, 4.7029828 ], [ -74.2319366, 4.7042484 ], [ -74.2317417, 4.7043389 ], [ -74.2316172, 4.7044293 ], [ -74.2322086, 4.7049718 ], [ -74.2327829, 4.7055142 ], [ -74.2327205, 4.7056047 ], [ -74.2316641, 4.7068544 ], [ -74.2309501, 4.707719 ], [ -74.230337, 4.7084572 ] ] ] } },
{ "type": "Feature", "properties": { "AREA": 3274119.9780765139, "PERIMETER": 10468.1305211, "USO_PROPUE": 22, "USO_PROP_1": 6415, "SIMBOLO_MA": "8", "DESC_MAPA": "Zona De Recuperación y Rehabilitación (Recreación, Histórico - Cultural y Arquitectónico)", "GRUPO": "Suelo de Protección y de Importancia Ambiental", "SUB_GRUPO": "Zonas de Protección Histórica", "SIMBOLO": "PHCA", "CLAS_CIAF": "1a" }, "geometry": { "type": "Polygon", "coordinates": [ [ [ -74.2973464, 4.699646 ], [ -74.2972624, 4.7001058 ], [ -74.2972483, 4.7001074 ], [ -74.2965488, 4.7000475 ], [ -74.2959307, 4.699654 ], [ -74.2956448, 4.6993999 ], [ -74.2953136, 4.6989844 ], [ -74.2948681, 4.6984189 ], [ -74.2943876, 4.698049 ], [ -74.2938949, 4.6978977 ], [ -74.293333, 4.6978497 ], [ -74.292484, 4.6979043 ], [ -74.2916005, 4.6979703 ], [ -74.2906707, 4.6981742 ], [ -74.2900959, 4.6985175 ], [ -74.2896006, 4.6991142 ], [ -74.2890594, 4.6997223 ], [ -74.2885873, 4.7002501 ], [ -74.2881852, 4.7004328 ], [ -74.2875429, 4.7004076 ], [ -74.2871072, 4.700337 ], [ -74.2865224, 4.700289 ], [ -74.2858456, 4.7002981 ], [ -74.2852256, 4.7004456 ], [ -74.2846285, 4.7006507 ], [ -74.2842836, 4.7008566 ], [ -74.2839847, 4.7010397 ], [ -74.2836513, 4.7012572 ], [ -74.2833983, 4.7014405 ], [ -74.2832372, 4.7016126 ], [ -74.2833051, 4.7018775 ], [ -74.2837169, 4.7021897 ], [ -74.283957, 4.7024322 ], [ -74.2842883, 4.7028362 ], [ -74.2846191, 4.7033667 ], [ -74.2849844, 4.7038629 ], [ -74.2852125, 4.7042435 ], [ -74.2854184, 4.7044168 ], [ -74.2856821, 4.7044522 ], [ -74.2859572, 4.7045107 ], [ -74.2865302, 4.7046854 ], [ -74.286954, 4.704871 ], [ -74.2872512, 4.7051597 ], [ -74.2873763, 4.7054709 ], [ -74.2873406, 4.7058391 ], [ -74.287213, 4.706276 ], [ -74.2871431, 4.7065865 ], [ -74.2871649, 4.7068973 ], [ -74.2872441, 4.7072198 ], [ -74.2872998, 4.7077034 ], [ -74.2872921, 4.7078308 ], [ -74.2871808, 4.7077674 ], [ -74.2870202, 4.7075759 ], [ -74.286916, 4.7074236 ], [ -74.2867944, 4.7072931 ], [ -74.2865902, 4.7070984 ], [ -74.286236, 4.7067921 ], [ -74.2859791, 4.7066808 ], [ -74.2858124, 4.706458 ], [ -74.2854652, 4.7062632 ], [ -74.2853095, 4.7060632 ], [ -74.2850179, 4.705924 ], [ -74.2847332, 4.7058057 ], [ -74.2845665, 4.7056247 ], [ -74.2842818, 4.7054507 ], [ -74.2839208, 4.7054717 ], [ -74.2836986, 4.7054091 ], [ -74.2834208, 4.7051446 ], [ -74.2832333, 4.7050333 ], [ -74.2830457, 4.7047548 ], [ -74.2828513, 4.7046435 ], [ -74.2825596, 4.7045252 ], [ -74.2823999, 4.7042328 ], [ -74.282129, 4.7040727 ], [ -74.2819207, 4.703843 ], [ -74.2817471, 4.703669 ], [ -74.2814832, 4.7035716 ], [ -74.2811877, 4.7034715 ], [ -74.2810627, 4.7033253 ], [ -74.2806183, 4.7031305 ], [ -74.2802364, 4.7030122 ], [ -74.2799239, 4.7027756 ], [ -74.2797017, 4.7026224 ], [ -74.2793405, 4.7022953 ], [ -74.2789933, 4.7020935 ], [ -74.2785836, 4.7018847 ], [ -74.2782573, 4.7017594 ], [ -74.2779503, 4.7016598 ], [ -74.2772975, 4.7011516 ], [ -74.2770961, 4.700901 ], [ -74.2767334, 4.7006558 ], [ -74.2765597, 4.7003495 ], [ -74.2762125, 4.7001964 ], [ -74.2758376, 4.7000085 ], [ -74.2756362, 4.6997858 ], [ -74.2753723, 4.6995839 ], [ -74.2752264, 4.699389 ], [ -74.2749764, 4.6991315 ], [ -74.2744973, 4.6989366 ], [ -74.2740043, 4.698707 ], [ -74.2736501, 4.6983938 ], [ -74.2733446, 4.6982894 ], [ -74.2730668, 4.698011 ], [ -74.2728168, 4.6979066 ], [ -74.272546, 4.6978092 ], [ -74.2723821, 4.6975829 ], [ -74.2722154, 4.6974785 ], [ -74.2719029, 4.6974089 ], [ -74.2717918, 4.6971513 ], [ -74.2716182, 4.6970121 ], [ -74.2715557, 4.6969355 ], [ -74.2714445, 4.6967267 ], [ -74.2711529, 4.6966014 ], [ -74.2708404, 4.6965319 ], [ -74.2707362, 4.6963021 ], [ -74.2703543, 4.696163 ], [ -74.2700071, 4.6959472 ], [ -74.269889, 4.6957175 ], [ -74.2698057, 4.6955295 ], [ -74.2695348, 4.6954042 ], [ -74.2692849, 4.6953695 ], [ -74.269271, 4.6952233 ], [ -74.2689654, 4.6950493 ], [ -74.2687224, 4.6950493 ], [ -74.2685349, 4.6949589 ], [ -74.2684863, 4.6947082 ], [ -74.2681183, 4.6945969 ], [ -74.2679492, 4.6944895 ], [ -74.2678033, 4.6942876 ], [ -74.2675256, 4.6941136 ], [ -74.2673658, 4.6939047 ], [ -74.2671366, 4.6936402 ], [ -74.266845, 4.6934592 ], [ -74.2665394, 4.6932365 ], [ -74.266338, 4.6929441 ], [ -74.2659561, 4.692798 ], [ -74.2658019, 4.6926905 ], [ -74.2656144, 4.6924677 ], [ -74.2652464, 4.6923564 ], [ -74.2650589, 4.6921754 ], [ -74.2648575, 4.6920014 ], [ -74.2646284, 4.6918483 ], [ -74.2645242, 4.6916603 ], [ -74.2643575, 4.6913679 ], [ -74.2643088, 4.6911103 ], [ -74.2643712, 4.6908805 ], [ -74.2643017, 4.6905672 ], [ -74.2643225, 4.6902887 ], [ -74.2645794, 4.6903165 ], [ -74.2649057, 4.6904765 ], [ -74.2651834, 4.6904556 ], [ -74.2653848, 4.6903511 ], [ -74.2654819, 4.690163 ], [ -74.2658568, 4.6901908 ], [ -74.266072, 4.6900654 ], [ -74.2664495, 4.6899644 ], [ -74.2668174, 4.6897833 ], [ -74.2671576, 4.6896648 ], [ -74.2674699, 4.6894559 ], [ -74.2678726, 4.689219 ], [ -74.2681641, 4.689017 ], [ -74.2684488, 4.6889404 ], [ -74.268657, 4.6886687 ], [ -74.2689763, 4.6885781 ], [ -74.2692749, 4.6885641 ], [ -74.2694276, 4.688397 ], [ -74.2697816, 4.6883621 ], [ -74.269976, 4.6882158 ], [ -74.2703093, 4.6882227 ], [ -74.2706773, 4.6882992 ], [ -74.2708995, 4.6884384 ], [ -74.2711356, 4.6885219 ], [ -74.2716841, 4.6888838 ], [ -74.2722293, 4.6890998 ], [ -74.2725765, 4.6891971 ], [ -74.2730069, 4.6890578 ], [ -74.2733124, 4.6890925 ], [ -74.2736109, 4.6889532 ], [ -74.2737983, 4.6888278 ], [ -74.2739927, 4.6887511 ], [ -74.2746736, 4.6884991 ], [ -74.2751525, 4.6882898 ], [ -74.2755773, 4.688096 ], [ -74.2759789, 4.6879487 ], [ -74.2765736, 4.6878478 ], [ -74.2769984, 4.6877083 ], [ -74.2773769, 4.6876617 ], [ -74.2777863, 4.687801 ], [ -74.2781958, 4.6879791 ], [ -74.2786206, 4.6880099 ], [ -74.2789296, 4.6880873 ], [ -74.2797367, 4.6881488 ], [ -74.2801076, 4.6883656 ], [ -74.2805633, 4.6885204 ], [ -74.2811118, 4.6885357 ], [ -74.2815598, 4.6886441 ], [ -74.2820619, 4.6888531 ], [ -74.2823787, 4.6889459 ], [ -74.2827495, 4.6890388 ], [ -74.2831203, 4.6891239 ], [ -74.2835451, 4.6891935 ], [ -74.2837691, 4.6892864 ], [ -74.2841322, 4.689325 ], [ -74.2844258, 4.6894334 ], [ -74.284727, 4.6894875 ], [ -74.2848738, 4.6896037 ], [ -74.2851878, 4.6897436 ], [ -74.285466, 4.6899062 ], [ -74.2857518, 4.6900378 ], [ -74.2859372, 4.6902159 ], [ -74.2860377, 4.6904096 ], [ -74.2863313, 4.6906341 ], [ -74.2866326, 4.6906263 ], [ -74.286818, 4.6907424 ], [ -74.2870497, 4.6908043 ], [ -74.2871888, 4.690843 ], [ -74.2873356, 4.6909437 ], [ -74.2875287, 4.6910443 ], [ -74.2876755, 4.6911992 ], [ -74.2878841, 4.6913851 ], [ -74.2881866, 4.6916761 ], [ -74.2882948, 4.6919317 ], [ -74.2885961, 4.6921098 ], [ -74.2888279, 4.6923189 ], [ -74.2890288, 4.6925203 ], [ -74.289222, 4.6927449 ], [ -74.2893533, 4.6929385 ], [ -74.2895156, 4.6931631 ], [ -74.2896393, 4.6933257 ], [ -74.2897552, 4.6934884 ], [ -74.2898247, 4.693651 ], [ -74.2899021, 4.6938602 ], [ -74.2901107, 4.694046 ], [ -74.2902652, 4.6941312 ], [ -74.2903579, 4.6942706 ], [ -74.2904815, 4.6944023 ], [ -74.2906747, 4.6945726 ], [ -74.2907906, 4.694712 ], [ -74.2909529, 4.6949444 ], [ -74.2912726, 4.6951502 ], [ -74.2915894, 4.69546 ], [ -74.291798, 4.6957465 ], [ -74.2919603, 4.6960021 ], [ -74.2921457, 4.6962267 ], [ -74.2922539, 4.6964281 ], [ -74.2924162, 4.6966759 ], [ -74.2926712, 4.6968695 ], [ -74.2930266, 4.6972025 ], [ -74.2932893, 4.6973496 ], [ -74.2938378, 4.6977445 ], [ -74.2942859, 4.6980078 ], [ -74.2945795, 4.6981084 ], [ -74.2948808, 4.6982632 ], [ -74.2951435, 4.69848 ], [ -74.2954338, 4.6987092 ], [ -74.2957737, 4.6987478 ], [ -74.2961523, 4.6989258 ], [ -74.2964226, 4.698949 ], [ -74.2966698, 4.6989954 ], [ -74.2971333, 4.6990185 ], [ -74.2971684, 4.6990185 ], [ -74.2971654, 4.6990773 ], [ -74.2972605, 4.699503 ], [ -74.2973464, 4.699646 ] ] ] } },
{ "type": "Feature", "properties": { "AREA": 73377.7551701013, "PERIMETER": 1208.1513292699999, "USO_PROPUE": 23, "USO_PROP_1": 6404, "SIMBOLO_MA": "19", "DESC_MAPA": "Uso Industrial", "GRUPO": "Suelo de Desarrollo Rural", "SUB_GRUPO": "Zonas de Actividad Industrial", "SIMBOLO": "A-IND", "CLAS_CIAF": "1a" }, "geometry": { "type": "Polygon", "coordinates": [ [ [ -74.2213739, 4.70565 ], [ -74.2212951, 4.7056975 ], [ -74.2195841, 4.706783 ], [ -74.2194352, 4.7068735 ], [ -74.218799, 4.7056076 ], [ -74.2187507, 4.705548 ], [ -74.2187081, 4.7054267 ], [ -74.2185718, 4.7051555 ], [ -74.2185641, 4.7051488 ], [ -74.2185451, 4.7051555 ], [ -74.2179365, 4.7053365 ], [ -74.2178146, 4.7054042 ], [ -74.2175536, 4.7049748 ], [ -74.217529, 4.7049208 ], [ -74.2175865, 4.7048844 ], [ -74.2195049, 4.7035275 ], [ -74.219556, 4.7034781 ], [ -74.2196075, 4.7035275 ], [ -74.2213739, 4.70565 ] ] ] } },
{ "type": "Feature", "properties": { "AREA": 284596.74973517942, "PERIMETER": 10170.1254202, "USO_PROPUE": 24, "USO_PROP_1": 6389, "SIMBOLO_MA": "10", "DESC_MAPA": "Rondas De 50 m", "GRUPO": "Suelo de Protección y de Importancia Ambiental", "SUB_GRUPO": "Protección Hídrica", "SIMBOLO": "PH", "CLAS_CIAF": "3a" }, "geometry": { "type": "Polygon", "coordinates": [ [ [ -74.2245026, 4.7056171 ], [ -74.2245001, 4.7056219 ], [ -74.2245018, 4.7056239 ], [ -74.2245525, 4.7056305 ], [ -74.22457, 4.7056314 ], [ -74.2245998, 4.705628 ], [ -74.2246282, 4.7056184 ], [ -74.224654, 4.7056031 ], [ -74.2246761, 4.7055827 ], [ -74.2246979, 4.7055531 ], [ -74.2247128, 4.7055236 ], [ -74.2247229, 4.7054921 ], [ -74.2247283, 4.7054557 ], [ -74.2247274, 4.7054197 ], [ -74.2247207, 4.7053843 ], [ -74.2247086, 4.7053503 ], [ -74.2246914, 4.7053187 ], [ -74.2246694, 4.7052902 ], [ -74.2246565, 4.7052773 ], [ -74.224644, 4.7052673 ], [ -74.2246161, 4.7052514 ], [ -74.2245856, 4.7052417 ], [ -74.2245591, 4.7052387 ], [ -74.224519, 4.7052409 ], [ -74.2245016, 4.7052389 ], [ -74.224403, 4.7051895 ], [ -74.224396, 4.7051872 ], [ -74.2243877, 4.7051867 ], [ -74.2243285, 4.7051925 ], [ -74.2242361, 4.7051914 ], [ -74.2242329, 4.7051901 ], [ -74.2242081, 4.7051653 ], [ -74.2242043, 4.7051632 ], [ -74.2241752, 4.7051672 ], [ -74.2241362, 4.7051661 ], [ -74.2241329, 4.705161 ], [ -74.2241373, 4.7051423 ], [ -74.2241353, 4.7051166 ], [ -74.224122, 4.7051153 ], [ -74.2240899, 4.7051165 ], [ -74.22408, 4.7051156 ], [ -74.224055, 4.7051051 ], [ -74.2240387, 4.7050943 ], [ -74.2240365, 4.7050888 ], [ -74.2240353, 4.7050681 ], [ -74.2240394, 4.7050475 ], [ -74.2240382, 4.7050441 ], [ -74.2240354, 4.7050416 ], [ -74.2240292, 4.7050402 ], [ -74.2240103, 4.7050437 ], [ -74.2239927, 4.7050451 ], [ -74.2239409, 4.7050441 ], [ -74.2239393, 4.7050411 ], [ -74.2239403, 4.705029 ], [ -74.223939, 4.7050179 ], [ -74.2239136, 4.7050168 ], [ -74.2238958, 4.7050204 ], [ -74.2238921, 4.7050196 ], [ -74.2238901, 4.705017 ], [ -74.2238892, 4.7049954 ], [ -74.2238922, 4.7049736 ], [ -74.223891, 4.7049699 ], [ -74.223888, 4.7049668 ], [ -74.2238571, 4.7049604 ], [ -74.2238195, 4.7049468 ], [ -74.2238165, 4.7049425 ], [ -74.2238198, 4.7049319 ], [ -74.2238178, 4.7049209 ], [ -74.2238069, 4.7049198 ], [ -74.2237957, 4.7049211 ], [ -74.2237914, 4.70492 ], [ -74.2237541, 4.7048959 ], [ -74.2237223, 4.7048727 ], [ -74.2237156, 4.7048711 ], [ -74.2236924, 4.7048731 ], [ -74.2236705, 4.7048714 ], [ -74.2236675, 4.7048482 ], [ -74.2236722, 4.7048277 ], [ -74.223671, 4.7048225 ], [ -74.2236683, 4.70482 ], [ -74.223645, 4.704816 ], [ -74.2236237, 4.7048148 ], [ -74.2236064, 4.7048187 ], [ -74.223588, 4.7048283 ], [ -74.2235823, 4.7048285 ], [ -74.223577, 4.7048263 ], [ -74.2235724, 4.7048211 ], [ -74.2235702, 4.704814 ], [ -74.2235673, 4.7046975 ], [ -74.2235709, 4.7046506 ], [ -74.223581, 4.7045999 ], [ -74.2235795, 4.7045879 ], [ -74.2235754, 4.7045805 ], [ -74.2235695, 4.7045751 ], [ -74.2235463, 4.7045675 ], [ -74.2235249, 4.7045544 ], [ -74.2235239, 4.7045491 ], [ -74.2235256, 4.7045197 ], [ -74.2235252, 4.7045067 ], [ -74.2235239, 4.7045038 ], [ -74.22352, 4.7045024 ], [ -74.22351, 4.7045057 ], [ -74.2235009, 4.7045069 ], [ -74.2234763, 4.7045056 ], [ -74.2234758, 4.70448 ], [ -74.2234746, 4.7044764 ], [ -74.2234551, 4.7044552 ], [ -74.2234341, 4.7044409 ], [ -74.2234173, 4.7044341 ], [ -74.2233998, 4.7044313 ], [ -74.2233862, 4.7044318 ], [ -74.2233503, 4.7044373 ], [ -74.2233261, 4.7044365 ], [ -74.2233077, 4.7044341 ], [ -74.2233039, 4.7044289 ], [ -74.223302, 4.7044104 ], [ -74.2233031, 4.7044014 ], [ -74.2233076, 4.7043875 ], [ -74.2233058, 4.7043834 ], [ -74.2233021, 4.7043812 ], [ -74.2231924, 4.7043801 ], [ -74.2231611, 4.7043822 ], [ -74.2231236, 4.7043877 ], [ -74.2231154, 4.7043864 ], [ -74.2231094, 4.7043823 ], [ -74.2231069, 4.7043772 ], [ -74.2231117, 4.7043522 ], [ -74.2231117, 4.7043272 ], [ -74.2231093, 4.7043082 ], [ -74.2231065, 4.7043042 ], [ -74.2231022, 4.704302 ], [ -74.2230511, 4.7042965 ], [ -74.2230016, 4.7042959 ], [ -74.2229679, 4.7043004 ], [ -74.2229248, 4.7043131 ], [ -74.2229107, 4.7043145 ], [ -74.2228933, 4.7043107 ], [ -74.2228466, 4.7042873 ], [ -74.2228353, 4.704283 ], [ -74.2228284, 4.7042829 ], [ -74.2228096, 4.704287 ], [ -74.222791, 4.7042889 ], [ -74.222746, 4.7042869 ], [ -74.2227425, 4.7042823 ], [ -74.2227412, 4.7042626 ], [ -74.2227454, 4.70424 ], [ -74.2227441, 4.7042366 ], [ -74.222741, 4.7042339 ], [ -74.2227348, 4.7042326 ], [ -74.2227164, 4.7042367 ], [ -74.2226992, 4.7042384 ], [ -74.2226472, 4.7042372 ], [ -74.2226459, 4.7042359 ], [ -74.222646, 4.7042129 ], [ -74.2226449, 4.7042103 ], [ -74.2226041, 4.7042092 ], [ -74.2225916, 4.7042114 ], [ -74.2225787, 4.704216 ], [ -74.2225756, 4.7042157 ], [ -74.2225726, 4.7042114 ], [ -74.222572, 4.7041615 ], [ -74.2225189, 4.7041605 ], [ -74.2224829, 4.7041653 ], [ -74.2224777, 4.7041644 ], [ -74.2223773, 4.7040646 ], [ -74.2223712, 4.7040603 ], [ -74.2223553, 4.7040513 ], [ -74.2223347, 4.7040424 ], [ -74.2222739, 4.7040232 ], [ -74.2222549, 4.7040154 ], [ -74.2222508, 4.7040099 ], [ -74.222227, 4.7039581 ], [ -74.2222101, 4.7039134 ], [ -74.2221971, 4.7038675 ], [ -74.2221839, 4.7037998 ], [ -74.222174, 4.7037221 ], [ -74.2221711, 4.7036708 ], [ -74.2221745, 4.703624 ], [ -74.2221843, 4.7035781 ], [ -74.2221918, 4.7035558 ], [ -74.2222, 4.7035431 ], [ -74.222213, 4.7035325 ], [ -74.2222297, 4.7035265 ], [ -74.2222467, 4.703525 ], [ -74.2222626, 4.7035256 ], [ -74.2223132, 4.7035351 ], [ -74.2223507, 4.7035381 ], [ -74.2224193, 4.7035361 ], [ -74.2224692, 4.7035314 ], [ -74.2224746, 4.7035268 ], [ -74.2224771, 4.7035185 ], [ -74.2224763, 4.7035118 ], [ -74.2224703, 4.7034972 ], [ -74.2224687, 4.703487 ], [ -74.2224702, 4.7034694 ], [ -74.2224736, 4.7034539 ], [ -74.2224777, 4.7034519 ], [ -74.2224931, 4.7034503 ], [ -74.2225274, 4.7034528 ], [ -74.2225425, 4.7034489 ], [ -74.2225503, 4.7034443 ], [ -74.2225567, 4.7034383 ], [ -74.2225835, 4.7034033 ], [ -74.2226027, 4.7033697 ], [ -74.2226161, 4.7033364 ], [ -74.2226194, 4.7033215 ], [ -74.2226213, 4.7033038 ], [ -74.222621, 4.7032861 ], [ -74.222619, 4.703271 ], [ -74.2226046, 4.7032222 ], [ -74.2225824, 4.7031664 ], [ -74.2225554, 4.7031129 ], [ -74.2225236, 4.7030614 ], [ -74.2224907, 4.7030183 ], [ -74.2224536, 4.7029788 ], [ -74.2224125, 4.7029434 ], [ -74.2223832, 4.7029223 ], [ -74.2223603, 4.7029079 ], [ -74.2223211, 4.7028873 ], [ -74.2222811, 4.702873 ], [ -74.2222604, 4.7028679 ], [ -74.2222342, 4.7028637 ], [ -74.2221917, 4.7028617 ], [ -74.2221567, 4.7028645 ], [ -74.2221233, 4.7028705 ], [ -74.2220906, 4.7028794 ], [ -74.2220588, 4.7028911 ], [ -74.2220282, 4.7029055 ], [ -74.2219932, 4.7029263 ], [ -74.221964, 4.7029479 ], [ -74.2219464, 4.7029657 ], [ -74.2219347, 4.702982 ], [ -74.2219254, 4.7029998 ], [ -74.2219187, 4.7030187 ], [ -74.2219146, 4.7030383 ], [ -74.2219137, 4.7030702 ], [ -74.2219192, 4.7031299 ], [ -74.2219195, 4.7031507 ], [ -74.2219165, 4.7031865 ], [ -74.2219106, 4.7032204 ], [ -74.2219018, 4.70324 ], [ -74.2218874, 4.703258 ], [ -74.2218702, 4.7032709 ], [ -74.2218479, 4.7032807 ], [ -74.2218309, 4.703285 ], [ -74.2218156, 4.7032868 ], [ -74.221798, 4.7032866 ], [ -74.2217807, 4.7032839 ], [ -74.221762, 4.7032782 ], [ -74.221744, 4.7032703 ], [ -74.2217272, 4.7032602 ], [ -74.2217138, 4.7032499 ], [ -74.2217025, 4.7032381 ], [ -74.2216958, 4.7032242 ], [ -74.2216938, 4.7032132 ], [ -74.2216944, 4.7031936 ], [ -74.2216934, 4.7031833 ], [ -74.2216674, 4.7031693 ], [ -74.2216484, 4.703163 ], [ -74.2216449, 4.7031595 ], [ -74.2216439, 4.7031551 ], [ -74.2216459, 4.7031377 ], [ -74.2216454, 4.7031124 ], [ -74.2216431, 4.7031088 ], [ -74.2216401, 4.7031083 ], [ -74.2216226, 4.7031123 ], [ -74.2215967, 4.7031113 ], [ -74.2215961, 4.7030861 ], [ -74.2215472, 4.7031106 ], [ -74.2215463, 4.7030848 ], [ -74.2215231, 4.7030828 ], [ -74.2215142, 4.7030843 ], [ -74.2215046, 4.7030882 ], [ -74.2214993, 4.7030869 ], [ -74.221497, 4.703083 ], [ -74.2214954, 4.7030525 ], [ -74.2214963, 4.7030385 ], [ -74.2215002, 4.7030207 ], [ -74.2214978, 4.7030117 ], [ -74.2214907, 4.7030071 ], [ -74.221474, 4.7030069 ], [ -74.2214608, 4.7030044 ], [ -74.2214262, 4.7029903 ], [ -74.2214252, 4.7029883 ], [ -74.2214247, 4.7029624 ], [ -74.221403, 4.7029391 ], [ -74.221382, 4.7029212 ], [ -74.2213751, 4.7029128 ], [ -74.2213739, 4.702904 ], [ -74.22138, 4.7028893 ], [ -74.2213822, 4.7028765 ], [ -74.2213808, 4.7028572 ], [ -74.2213779, 4.7028428 ], [ -74.2212768, 4.7027906 ], [ -74.2212736, 4.7027166 ], [ -74.2212764, 4.7026893 ], [ -74.2212839, 4.7026604 ], [ -74.2212836, 4.7026544 ], [ -74.2212812, 4.7026488 ], [ -74.2212741, 4.7026424 ], [ -74.2212527, 4.702635 ], [ -74.2212301, 4.702622 ], [ -74.2212298, 4.7025721 ], [ -74.2212285, 4.7025691 ], [ -74.2212077, 4.7025627 ], [ -74.2211818, 4.7025489 ], [ -74.2211805, 4.7025455 ], [ -74.2211813, 4.7025254 ], [ -74.2211793, 4.7025203 ], [ -74.2211516, 4.7025003 ], [ -74.2211122, 4.7024782 ], [ -74.2210928, 4.70246 ], [ -74.2210813, 4.7024469 ], [ -74.2210793, 4.7024371 ], [ -74.2210848, 4.702407 ], [ -74.2210869, 4.702379 ], [ -74.2210854, 4.7023088 ], [ -74.2210836, 4.7023036 ], [ -74.2210803, 4.7023007 ], [ -74.2210758, 4.7022996 ], [ -74.2210598, 4.7023057 ], [ -74.2210483, 4.7023078 ], [ -74.2210111, 4.7023049 ], [ -74.2210098, 4.702299 ], [ -74.2210107, 4.7022813 ], [ -74.2210099, 4.7022536 ], [ -74.2209866, 4.7022268 ], [ -74.220963, 4.7022063 ], [ -74.2208632, 4.702156 ], [ -74.2208626, 4.7020844 ], [ -74.2208662, 4.702038 ], [ -74.220861, 4.7020322 ], [ -74.220817, 4.702011 ], [ -74.2208135, 4.7020076 ], [ -74.2208122, 4.7019437 ], [ -74.2208138, 4.7019229 ], [ -74.2208179, 4.7018985 ], [ -74.2208169, 4.7018911 ], [ -74.2208111, 4.701883 ], [ -74.2207882, 4.7018616 ], [ -74.2207652, 4.701837 ], [ -74.2207644, 4.7018324 ], [ -74.2207668, 4.701811 ], [ -74.2207671, 4.7017859 ], [ -74.2207665, 4.7017678 ], [ -74.2207643, 4.7017623 ], [ -74.2207582, 4.7017604 ], [ -74.2207443, 4.7017667 ], [ -74.2207306, 4.7017692 ], [ -74.2207068, 4.7017683 ], [ -74.220693, 4.701766 ], [ -74.2206925, 4.7017397 ], [ -74.2206681, 4.7016912 ], [ -74.2206674, 4.701666 ], [ -74.2206686, 4.7016472 ], [ -74.2206669, 4.7016404 ], [ -74.2206319, 4.7016376 ], [ -74.2206016, 4.7016373 ], [ -74.2205806, 4.7016407 ], [ -74.2205584, 4.7016487 ], [ -74.2205505, 4.7016474 ], [ -74.2205454, 4.7016406 ], [ -74.220544, 4.7016236 ], [ -74.2205445, 4.7015994 ], [ -74.2205523, 4.7015758 ], [ -74.220551, 4.7015716 ], [ -74.2205472, 4.7015693 ], [ -74.2202511, 4.7015689 ], [ -74.220248, 4.7015663 ], [ -74.2202472, 4.7015624 ], [ -74.2202539, 4.7015443 ], [ -74.2202559, 4.7015257 ], [ -74.2202543, 4.7014991 ], [ -74.2202526, 4.7014947 ], [ -74.2202494, 4.7014913 ], [ -74.2202408, 4.7014895 ], [ -74.2202179, 4.7014984 ], [ -74.2201968, 4.7015019 ], [ -74.2201697, 4.7015015 ], [ -74.2201331, 4.7014987 ], [ -74.2201312, 4.7014961 ], [ -74.2201312, 4.7014711 ], [ -74.2201292, 4.7014631 ], [ -74.2201173, 4.7014456 ], [ -74.2201022, 4.7014311 ], [ -74.220093, 4.7014251 ], [ -74.2200849, 4.7014227 ], [ -74.2200337, 4.7014226 ], [ -74.2200248, 4.7014153 ], [ -74.2200013, 4.7013913 ], [ -74.2199893, 4.7013843 ], [ -74.2199761, 4.7013799 ], [ -74.2199577, 4.7013786 ], [ -74.2199408, 4.701382 ], [ -74.2199292, 4.7013872 ], [ -74.2198987, 4.7014062 ], [ -74.2198716, 4.7014193 ], [ -74.2198432, 4.7014295 ], [ -74.219809, 4.7014376 ], [ -74.2197841, 4.7014408 ], [ -74.2197545, 4.7014417 ], [ -74.2196996, 4.7014391 ], [ -74.2196632, 4.7014358 ], [ -74.2196088, 4.7014285 ], [ -74.2195571, 4.7014179 ], [ -74.2195501, 4.7014121 ], [ -74.2195462, 4.7014042 ], [ -74.2195454, 4.7013737 ], [ -74.219423, 4.7013737 ], [ -74.2194218, 4.7013722 ], [ -74.2194238, 4.7013611 ], [ -74.2194223, 4.7013468 ], [ -74.2194159, 4.7013446 ], [ -74.219396, 4.7013417 ], [ -74.21938, 4.7013407 ], [ -74.2193687, 4.7013417 ], [ -74.2193556, 4.7013454 ], [ -74.2193407, 4.701353 ], [ -74.2193313, 4.7013528 ], [ -74.2193259, 4.7013495 ], [ -74.2192778, 4.7013011 ], [ -74.2192714, 4.7012975 ], [ -74.2192207, 4.701302 ], [ -74.2191565, 4.7013011 ], [ -74.2191294, 4.701275 ], [ -74.2191204, 4.7012714 ], [ -74.2190915, 4.7012791 ], [ -74.2190736, 4.7012816 ], [ -74.2190463, 4.7012815 ], [ -74.2190112, 4.7012789 ], [ -74.2190087, 4.7012768 ], [ -74.2190078, 4.7012726 ], [ -74.21901, 4.7012492 ], [ -74.2190091, 4.7012287 ], [ -74.2190075, 4.7012261 ], [ -74.2190034, 4.7012251 ], [ -74.218985, 4.7012289 ], [ -74.21896, 4.7012278 ], [ -74.2189588, 4.7012016 ], [ -74.2189336, 4.7012006 ], [ -74.2189242, 4.7012023 ], [ -74.218915, 4.7012061 ], [ -74.2189115, 4.7012048 ], [ -74.2189107, 4.7011534 ], [ -74.2189088, 4.7011504 ], [ -74.2189062, 4.7011501 ], [ -74.2188973, 4.7011538 ], [ -74.2188886, 4.7011554 ], [ -74.2188626, 4.7011544 ], [ -74.2188615, 4.7011482 ], [ -74.2188617, 4.7011278 ], [ -74.218859, 4.7011248 ], [ -74.2188523, 4.7011235 ], [ -74.2188245, 4.7011203 ], [ -74.2187971, 4.70112 ], [ -74.2187805, 4.7011233 ], [ -74.2187582, 4.7011332 ], [ -74.2187509, 4.7011342 ], [ -74.2187413, 4.7011304 ], [ -74.2187154, 4.7011047 ], [ -74.2187106, 4.7011021 ], [ -74.2187049, 4.7011021 ], [ -74.218692, 4.7011079 ], [ -74.2186794, 4.7011105 ], [ -74.2186611, 4.7011099 ], [ -74.2186442, 4.7011075 ], [ -74.2186422, 4.701105 ], [ -74.2186422, 4.7010803 ], [ -74.2186402, 4.701074 ], [ -74.2186245, 4.7010559 ], [ -74.2185985, 4.7010346 ], [ -74.2185683, 4.701017 ], [ -74.2185474, 4.7010073 ], [ -74.2184944, 4.7010064 ], [ -74.2184918, 4.7009936 ], [ -74.2184907, 4.700971 ], [ -74.2184972, 4.7009389 ], [ -74.2184938, 4.7009298 ], [ -74.2184856, 4.7009195 ], [ -74.2184671, 4.7009013 ], [ -74.2184487, 4.7008857 ], [ -74.2184157, 4.700871 ], [ -74.2183992, 4.7008616 ], [ -74.2183977, 4.7008589 ], [ -74.2183971, 4.7008499 ], [ -74.2183982, 4.7008367 ], [ -74.2183964, 4.7008334 ], [ -74.2183601, 4.7008305 ], [ -74.2183475, 4.7008332 ], [ -74.218334, 4.7008399 ], [ -74.2183274, 4.7008386 ], [ -74.2183003, 4.7007864 ], [ -74.2182962, 4.7007828 ], [ -74.2182909, 4.7007826 ], [ -74.2182788, 4.7007887 ], [ -74.2182662, 4.7007917 ], [ -74.2182482, 4.7007913 ], [ -74.2182297, 4.7007891 ], [ -74.2182276, 4.7007874 ], [ -74.2182267, 4.7007842 ], [ -74.2182292, 4.7007748 ], [ -74.2182286, 4.7007667 ], [ -74.2182273, 4.7007624 ], [ -74.2182247, 4.7007611 ], [ -74.2182047, 4.700768 ], [ -74.2181867, 4.7007822 ], [ -74.2181772, 4.7007872 ], [ -74.2181607, 4.7007915 ], [ -74.2181452, 4.7007918 ], [ -74.2181298, 4.7007873 ], [ -74.2181296, 4.7007632 ], [ -74.2181284, 4.70076 ], [ -74.2181097, 4.7007507 ], [ -74.2180865, 4.7007437 ], [ -74.2180605, 4.7007394 ], [ -74.2180375, 4.7007379 ], [ -74.2179571, 4.7007404 ], [ -74.2179115, 4.7007384 ], [ -74.2179066, 4.7007361 ], [ -74.2178899, 4.7007224 ], [ -74.217868, 4.7006965 ], [ -74.2178486, 4.7006766 ], [ -74.2178318, 4.7006624 ], [ -74.2178138, 4.7006498 ], [ -74.2177909, 4.7006368 ], [ -74.2177659, 4.700626 ], [ -74.2177432, 4.7006189 ], [ -74.2177198, 4.7006142 ], [ -74.2176842, 4.7006118 ], [ -74.2176496, 4.700615 ], [ -74.2176192, 4.7006236 ], [ -74.2175717, 4.7006477 ], [ -74.217543, 4.7006573 ], [ -74.2175211, 4.7006611 ], [ -74.2174925, 4.7006633 ], [ -74.2174771, 4.7006632 ], [ -74.2174656, 4.7006603 ], [ -74.2174591, 4.7006548 ], [ -74.2174572, 4.7006466 ], [ -74.2174599, 4.7006396 ], [ -74.2174681, 4.700633 ], [ -74.2174713, 4.700628 ], [ -74.2174722, 4.7006207 ], [ -74.2174697, 4.7006141 ], [ -74.2174649, 4.7006096 ], [ -74.2174588, 4.7006076 ], [ -74.2174523, 4.7006084 ], [ -74.2174419, 4.7006134 ], [ -74.2174368, 4.7006129 ], [ -74.2174326, 4.7006105 ], [ -74.2174296, 4.7006063 ], [ -74.2174287, 4.7006012 ], [ -74.2174299, 4.7005965 ], [ -74.2174353, 4.7005874 ], [ -74.2174354, 4.7005826 ], [ -74.2174336, 4.7005783 ], [ -74.217429, 4.7005743 ], [ -74.2174231, 4.7005731 ], [ -74.2174176, 4.700575 ], [ -74.2174096, 4.7005819 ], [ -74.2174052, 4.7005822 ], [ -74.2174013, 4.7005803 ], [ -74.2173982, 4.7005746 ], [ -74.2173992, 4.7005627 ], [ -74.2173965, 4.7005534 ], [ -74.2173903, 4.7005426 ], [ -74.2173816, 4.7005339 ], [ -74.2173722, 4.7005285 ], [ -74.2173622, 4.7005256 ], [ -74.2173541, 4.7005253 ], [ -74.2173404, 4.7005274 ], [ -74.2173309, 4.700526 ], [ -74.2173223, 4.7005225 ], [ -74.2173048, 4.7005122 ], [ -74.2172922, 4.7005078 ], [ -74.2172797, 4.7005078 ], [ -74.2172616, 4.7005132 ], [ -74.2172551, 4.7005126 ], [ -74.217249, 4.7005101 ], [ -74.2172449, 4.7005059 ], [ -74.2172437, 4.7005004 ], [ -74.217246, 4.7004948 ], [ -74.2172524, 4.7004904 ], [ -74.2172546, 4.7004871 ], [ -74.2172548, 4.7004819 ], [ -74.2172519, 4.7004776 ], [ -74.2172467, 4.7004757 ], [ -74.2172331, 4.700476 ], [ -74.2172175, 4.7004742 ], [ -74.2171902, 4.7004669 ], [ -74.2171845, 4.700463 ], [ -74.2171805, 4.7004581 ], [ -74.2171799, 4.7004537 ], [ -74.2171829, 4.7004456 ], [ -74.2171813, 4.7004425 ], [ -74.2171772, 4.70044 ], [ -74.2171723, 4.7004394 ], [ -74.2171607, 4.7004429 ], [ -74.2171509, 4.700443 ], [ -74.2171362, 4.7004389 ], [ -74.2171218, 4.700432 ], [ -74.2171138, 4.7004252 ], [ -74.2171112, 4.7004197 ], [ -74.2171116, 4.7004132 ], [ -74.2171174, 4.7004015 ], [ -74.2171166, 4.7003959 ], [ -74.2171134, 4.7003913 ], [ -74.2171091, 4.7003888 ], [ -74.2171041, 4.7003886 ], [ -74.2170994, 4.7003906 ], [ -74.2170923, 4.7003973 ], [ -74.2170881, 4.7003979 ], [ -74.2170841, 4.7003964 ], [ -74.2170803, 4.7003902 ], [ -74.2170813, 4.7003786 ], [ -74.2170791, 4.7003703 ], [ -74.217074, 4.7003609 ], [ -74.2170673, 4.7003535 ], [ -74.2170569, 4.700346 ], [ -74.2170456, 4.7003413 ], [ -74.2170378, 4.7003405 ], [ -74.2170192, 4.7003427 ], [ -74.217011, 4.7003409 ], [ -74.2170039, 4.7003376 ], [ -74.2169978, 4.7003327 ], [ -74.2169927, 4.7003261 ], [ -74.2169833, 4.7003038 ], [ -74.2169733, 4.7002949 ], [ -74.2169587, 4.7002909 ], [ -74.2169396, 4.7002929 ], [ -74.2169326, 4.7002922 ], [ -74.2169212, 4.7002876 ], [ -74.2169033, 4.7002775 ], [ -74.2168907, 4.7002726 ], [ -74.2168271, 4.7002575 ], [ -74.2168063, 4.7002568 ], [ -74.2167794, 4.700262 ], [ -74.2167719, 4.7002613 ], [ -74.2167643, 4.7002587 ], [ -74.2167596, 4.7002549 ], [ -74.216758, 4.7002491 ], [ -74.2167594, 4.7002448 ], [ -74.2167653, 4.7002375 ], [ -74.216766, 4.7002304 ], [ -74.2167634, 4.700225 ], [ -74.2167564, 4.700219 ], [ -74.2167396, 4.7002111 ], [ -74.2167219, 4.7002063 ], [ -74.2167081, 4.7002075 ], [ -74.2166925, 4.7002142 ], [ -74.2166853, 4.7002133 ], [ -74.2166811, 4.7002103 ], [ -74.2166786, 4.7002062 ], [ -74.2166797, 4.7001934 ], [ -74.2166763, 4.7001832 ], [ -74.2166705, 4.7001746 ], [ -74.2166614, 4.7001664 ], [ -74.216652, 4.7001603 ], [ -74.2166422, 4.7001563 ], [ -74.2166346, 4.7001559 ], [ -74.21662, 4.7001593 ], [ -74.2166136, 4.700158 ], [ -74.2166087, 4.7001549 ], [ -74.2166052, 4.7001491 ], [ -74.2166049, 4.7001423 ], [ -74.2166069, 4.7001375 ], [ -74.2166143, 4.7001284 ], [ -74.2166164, 4.7001188 ], [ -74.2166139, 4.7001096 ], [ -74.2166074, 4.7001024 ], [ -74.2165984, 4.700099 ], [ -74.2165888, 4.7001001 ], [ -74.2165812, 4.7001049 ], [ -74.2165712, 4.7001174 ], [ -74.2165655, 4.7001197 ], [ -74.216559, 4.7001199 ], [ -74.2165527, 4.7001174 ], [ -74.2165477, 4.7001124 ], [ -74.216545, 4.7001043 ], [ -74.2165463, 4.7000919 ], [ -74.2165417, 4.7000866 ], [ -74.2165352, 4.7000829 ], [ -74.2164944, 4.7000759 ], [ -74.2164422, 4.7000727 ], [ -74.2164387, 4.7000692 ], [ -74.2164382, 4.7000642 ], [ -74.2164457, 4.7000545 ], [ -74.2164474, 4.7000472 ], [ -74.2164454, 4.7000407 ], [ -74.2164406, 4.7000357 ], [ -74.2164342, 4.7000335 ], [ -74.2164278, 4.7000342 ], [ -74.2164222, 4.7000375 ], [ -74.2164135, 4.7000478 ], [ -74.2164079, 4.7000494 ], [ -74.2164021, 4.7000483 ], [ -74.2163977, 4.7000452 ], [ -74.216395, 4.7000405 ], [ -74.2163943, 4.7000347 ], [ -74.2163962, 4.7000268 ], [ -74.2163934, 4.7000217 ], [ -74.2163878, 4.7000175 ], [ -74.2163718, 4.7000125 ], [ -74.2163604, 4.7000058 ], [ -74.2163504, 4.6999967 ], [ -74.216339, 4.6999811 ], [ -74.2163324, 4.6999753 ], [ -74.2163211, 4.6999714 ], [ -74.2163038, 4.6999738 ], [ -74.2162918, 4.6999724 ], [ -74.2162763, 4.6999671 ], [ -74.2162646, 4.6999597 ], [ -74.2162597, 4.6999547 ], [ -74.2162579, 4.6999493 ], [ -74.2162621, 4.6999342 ], [ -74.2162615, 4.6999243 ], [ -74.2162574, 4.6999163 ], [ -74.2162506, 4.6999106 ], [ -74.2162398, 4.699908 ], [ -74.2162291, 4.6999109 ], [ -74.216222, 4.6999173 ], [ -74.2162169, 4.6999287 ], [ -74.2162131, 4.6999338 ], [ -74.2162067, 4.6999381 ], [ -74.2161995, 4.6999399 ], [ -74.216189, 4.6999378 ], [ -74.2161811, 4.6999312 ], [ -74.2161772, 4.699922 ], [ -74.2161778, 4.6999094 ], [ -74.2161765, 4.6999034 ], [ -74.2161719, 4.6998971 ], [ -74.2161651, 4.6998934 ], [ -74.216157, 4.6998932 ], [ -74.2161498, 4.6998967 ], [ -74.2161455, 4.6999018 ], [ -74.2161412, 4.6999125 ], [ -74.2161354, 4.6999179 ], [ -74.2161277, 4.69992 ], [ -74.21612, 4.6999184 ], [ -74.2161145, 4.6999144 ], [ -74.2161111, 4.6999085 ], [ -74.2161101, 4.6999022 ], [ -74.2161108, 4.6998911 ], [ -74.2161069, 4.6998799 ], [ -74.2161005, 4.6998701 ], [ -74.2160914, 4.699862 ], [ -74.2160825, 4.6998574 ], [ -74.2160728, 4.6998549 ], [ -74.2160643, 4.699855 ], [ -74.2160529, 4.6998575 ], [ -74.2160457, 4.6998566 ], [ -74.2159746, 4.6998208 ], [ -74.2159719, 4.6998166 ], [ -74.2159717, 4.6998116 ], [ -74.2159735, 4.699808 ], [ -74.2159793, 4.6998022 ], [ -74.2159806, 4.699796 ], [ -74.2159781, 4.69979 ], [ -74.2159712, 4.6997852 ], [ -74.2159628, 4.699782 ], [ -74.2159397, 4.6997777 ], [ -74.2158929, 4.6997719 ], [ -74.2158699, 4.6997715 ], [ -74.2158404, 4.6997749 ], [ -74.2158257, 4.6997717 ], [ -74.215822, 4.6997684 ], [ -74.2158205, 4.6997634 ], [ -74.2158223, 4.6997581 ], [ -74.2158287, 4.6997531 ], [ -74.2158309, 4.699749 ], [ -74.2158304, 4.699743 ], [ -74.2158263, 4.6997385 ], [ -74.2156482, 4.6996498 ], [ -74.2156062, 4.6996373 ], [ -74.2155802, 4.6996384 ], [ -74.2155648, 4.6996344 ], [ -74.2155546, 4.699627 ], [ -74.2155458, 4.6996151 ], [ -74.2155412, 4.6996023 ], [ -74.2155423, 4.6995893 ], [ -74.215538, 4.6995837 ], [ -74.2155314, 4.6995829 ], [ -74.2155237, 4.6995875 ], [ -74.2155182, 4.6995891 ], [ -74.2155081, 4.6995875 ], [ -74.2154985, 4.6995806 ], [ -74.2154872, 4.6995655 ], [ -74.2154786, 4.6995569 ], [ -74.2154689, 4.6995504 ], [ -74.2154577, 4.6995462 ], [ -74.2154484, 4.6995449 ], [ -74.2154383, 4.6995455 ], [ -74.2154148, 4.699553 ], [ -74.2154031, 4.6995509 ], [ -74.215396, 4.6995457 ], [ -74.2153914, 4.6995382 ], [ -74.2153905, 4.6995317 ], [ -74.2153932, 4.6995242 ], [ -74.2153914, 4.6995207 ], [ -74.2153871, 4.6995194 ], [ -74.2153754, 4.6995206 ], [ -74.215364, 4.6995168 ], [ -74.215355, 4.6995105 ], [ -74.2153407, 4.6994949 ], [ -74.215327, 4.6994877 ], [ -74.2153158, 4.699486 ], [ -74.2152994, 4.69949 ], [ -74.2152928, 4.6994885 ], [ -74.2152192, 4.6994163 ], [ -74.2151953, 4.6994098 ], [ -74.2151552, 4.6994029 ], [ -74.2151395, 4.6994024 ], [ -74.2151185, 4.6994046 ], [ -74.2151056, 4.6994028 ], [ -74.2151007, 4.6993996 ], [ -74.2150978, 4.6993946 ], [ -74.2150988, 4.699382 ], [ -74.2150974, 4.6993763 ], [ -74.2150938, 4.6993717 ], [ -74.2150887, 4.6993691 ], [ -74.2150802, 4.6993688 ], [ -74.2150728, 4.6993722 ], [ -74.2150685, 4.6993768 ], [ -74.21506, 4.6993923 ], [ -74.2150539, 4.6993976 ], [ -74.2150472, 4.6994011 ], [ -74.2150243, 4.6994048 ], [ -74.2149933, 4.6994058 ], [ -74.2149676, 4.6994041 ], [ -74.2149471, 4.6994011 ], [ -74.2148729, 4.6993836 ], [ -74.2148244, 4.6993755 ], [ -74.2147632, 4.6993702 ], [ -74.214703, 4.6993693 ], [ -74.2146957, 4.6993668 ], [ -74.214684, 4.6993585 ], [ -74.2146744, 4.6993538 ], [ -74.2146475, 4.6993476 ], [ -74.2146207, 4.6993477 ], [ -74.214589, 4.699354 ], [ -74.2145696, 4.6993563 ], [ -74.2145501, 4.6993564 ], [ -74.2145307, 4.6993546 ], [ -74.2144793, 4.6993434 ], [ -74.2144521, 4.6993354 ], [ -74.2144337, 4.6993273 ], [ -74.2143994, 4.6993077 ], [ -74.2143845, 4.6993016 ], [ -74.2143717, 4.6992984 ], [ -74.2143497, 4.6992977 ], [ -74.2143116, 4.6993069 ], [ -74.2142998, 4.6993078 ], [ -74.2142866, 4.6993069 ], [ -74.2142662, 4.699301 ], [ -74.2142395, 4.6992866 ], [ -74.2142293, 4.6992849 ], [ -74.2142126, 4.6992868 ], [ -74.2142026, 4.6992857 ], [ -74.2141674, 4.6992681 ], [ -74.2141462, 4.6992634 ], [ -74.2141334, 4.6992637 ], [ -74.214122, 4.6992658 ], [ -74.2140901, 4.6992786 ], [ -74.21408, 4.6992794 ], [ -74.2140706, 4.6992781 ], [ -74.2140582, 4.6992731 ], [ -74.2140491, 4.6992654 ], [ -74.2140451, 4.6992569 ], [ -74.2140438, 4.6992442 ], [ -74.2140403, 4.6992385 ], [ -74.2140342, 4.6992349 ], [ -74.2140237, 4.6992321 ], [ -74.2140093, 4.6992318 ], [ -74.2139809, 4.6992375 ], [ -74.213961, 4.6992371 ], [ -74.2138567, 4.6992128 ], [ -74.2138181, 4.6992071 ], [ -74.213789, 4.6992045 ], [ -74.21375, 4.6992036 ], [ -74.2137207, 4.6992047 ], [ -74.2136425, 4.6992133 ], [ -74.2136239, 4.6992126 ], [ -74.2136056, 4.6992097 ], [ -74.2135827, 4.6992027 ], [ -74.213559, 4.6991908 ], [ -74.2135483, 4.6991834 ], [ -74.2135341, 4.6991686 ], [ -74.2135166, 4.699154 ], [ -74.2135009, 4.6991432 ], [ -74.213481, 4.6991322 ], [ -74.2134635, 4.6991247 ], [ -74.2134419, 4.6991177 ], [ -74.2134045, 4.6991113 ], [ -74.2133666, 4.6991114 ], [ -74.2133293, 4.6991181 ], [ -74.2132937, 4.6991313 ], [ -74.2132309, 4.699167 ], [ -74.2131866, 4.6991851 ], [ -74.2131579, 4.6991932 ], [ -74.2131344, 4.6991979 ], [ -74.2131048, 4.6992014 ], [ -74.2130809, 4.6992023 ], [ -74.2130451, 4.6992006 ], [ -74.2130038, 4.6991938 ], [ -74.2129807, 4.6991877 ], [ -74.2129525, 4.6991778 ], [ -74.2128991, 4.6991522 ], [ -74.2128892, 4.6991508 ], [ -74.2128723, 4.6991529 ], [ -74.212863, 4.6991514 ], [ -74.212857, 4.6991484 ], [ -74.2128522, 4.6991437 ], [ -74.2128463, 4.6991299 ], [ -74.2128425, 4.6991246 ], [ -74.2128374, 4.6991207 ], [ -74.2128314, 4.6991184 ], [ -74.2128138, 4.6991166 ], [ -74.2127873, 4.6991195 ], [ -74.2127714, 4.6991192 ], [ -74.2127437, 4.6991148 ], [ -74.2127018, 4.6991048 ], [ -74.2126809, 4.6991017 ], [ -74.2126598, 4.6991009 ], [ -74.2126303, 4.6991026 ], [ -74.2126119, 4.6991015 ], [ -74.2125373, 4.699083 ], [ -74.2124782, 4.699075 ], [ -74.2124283, 4.6990732 ], [ -74.2123923, 4.699077 ], [ -74.2123606, 4.6990859 ], [ -74.2123378, 4.6990982 ], [ -74.2123245, 4.6991035 ], [ -74.2123062, 4.6991083 ], [ -74.2122875, 4.6991109 ], [ -74.2122579, 4.6991102 ], [ -74.2122039, 4.699099 ], [ -74.2121636, 4.6990962 ], [ -74.2121412, 4.6990973 ], [ -74.212119, 4.6991004 ], [ -74.2120381, 4.6991197 ], [ -74.2120224, 4.6991199 ], [ -74.2119988, 4.6991152 ], [ -74.2119873, 4.6991155 ], [ -74.211978, 4.6991187 ], [ -74.2119743, 4.6991225 ], [ -74.2119738, 4.6991286 ], [ -74.2119794, 4.6991407 ], [ -74.2119791, 4.6991497 ], [ -74.2119734, 4.6991596 ], [ -74.2119633, 4.6991655 ], [ -74.2119544, 4.6991661 ], [ -74.2119456, 4.6991629 ], [ -74.211939, 4.6991568 ], [ -74.211934, 4.6991458 ], [ -74.2119298, 4.6991405 ], [ -74.2119229, 4.6991363 ], [ -74.2119149, 4.699135 ], [ -74.2119046, 4.6991379 ], [ -74.2118971, 4.6991455 ], [ -74.2118944, 4.699154 ], [ -74.2118949, 4.6991594 ], [ -74.2118976, 4.6991656 ], [ -74.2118954, 4.6991688 ], [ -74.2117935, 4.6991693 ], [ -74.2117936, 4.6992261 ], [ -74.2117902, 4.6993068 ], [ -74.2117785, 4.6994383 ], [ -74.2117765, 4.6994476 ], [ -74.2117724, 4.6994571 ], [ -74.2117664, 4.6994655 ], [ -74.2117588, 4.6994724 ], [ -74.2117381, 4.6994863 ], [ -74.2114263, 4.6996553 ], [ -74.211028, 4.6998653 ], [ -74.2110066, 4.6998739 ], [ -74.2109889, 4.6998775 ], [ -74.2108458, 4.6998848 ], [ -74.210707, 4.6998902 ], [ -74.2106078, 4.6998918 ], [ -74.2105086, 4.69989 ], [ -74.210406, 4.699885 ], [ -74.2103637, 4.6998849 ], [ -74.2102888, 4.6998903 ], [ -74.2102703, 4.6998937 ], [ -74.2102549, 4.6998983 ], [ -74.2102366, 4.6999063 ], [ -74.2102278, 4.6999136 ], [ -74.2102214, 4.6999258 ], [ -74.2102233, 4.6999386 ], [ -74.2102148, 4.6999455 ], [ -74.210205, 4.6999486 ], [ -74.210176, 4.6999514 ], [ -74.210159, 4.699956 ], [ -74.2100871, 4.6999843 ], [ -74.2100409, 4.7000054 ], [ -74.2100364, 4.70001 ], [ -74.210038, 4.7000241 ], [ -74.2100342, 4.7000362 ], [ -74.2100281, 4.7000482 ], [ -74.2100123, 4.7000678 ], [ -74.2099913, 4.7000848 ], [ -74.2096699, 4.7002929 ], [ -74.20936, 4.700483 ], [ -74.2093174, 4.7005133 ], [ -74.2092777, 4.7005471 ], [ -74.2090765, 4.7005842 ], [ -74.2087227, 4.7003724 ], [ -74.2082981, 4.7003213 ], [ -74.2074938, 4.7003119 ], [ -74.2070911, 4.7003532 ], [ -74.2066532, 4.7004518 ], [ -74.2059961, 4.7006286 ], [ -74.2058985, 4.700643 ], [ -74.2058731, 4.7002608 ], [ -74.2064562, 4.7000937 ], [ -74.2068866, 4.7000032 ], [ -74.2073979, 4.6999126 ], [ -74.2080201, 4.6998221 ], [ -74.2081829, 4.6998221 ], [ -74.2088883, 4.6999124 ], [ -74.2093617, 4.6999123 ], [ -74.2095089, 4.6998218 ], [ -74.2100653, 4.69946 ], [ -74.2106147, 4.6993695 ], [ -74.2109863, 4.699279 ], [ -74.2110921, 4.6991885 ], [ -74.2112865, 4.6990076 ], [ -74.2113728, 4.6989172 ], [ -74.2115266, 4.6987363 ], [ -74.2118385, 4.6985554 ], [ -74.2123643, 4.6984648 ], [ -74.2127213, 4.6984147 ], [ -74.2129593, 4.6984147 ], [ -74.2132626, 4.6984647 ], [ -74.2135876, 4.698555 ], [ -74.2139292, 4.6986454 ], [ -74.2148777, 4.6987356 ], [ -74.2152845, 4.698826 ], [ -74.2155925, 4.6989164 ], [ -74.2158721, 4.6990067 ], [ -74.2160839, 4.6990971 ], [ -74.2164114, 4.6992779 ], [ -74.2165852, 4.6993683 ], [ -74.2167645, 4.6994587 ], [ -74.2169927, 4.6995491 ], [ -74.2172322, 4.6996395 ], [ -74.2175372, 4.6998203 ], [ -74.2177571, 4.6999107 ], [ -74.218535, 4.7001818 ], [ -74.219072, 4.7003626 ], [ -74.2194079, 4.7004529 ], [ -74.2197534, 4.7005433 ], [ -74.2200906, 4.7006337 ], [ -74.2203746, 4.700724 ], [ -74.2208264, 4.7009952 ], [ -74.2209169, 4.7010856 ], [ -74.2213112, 4.7016281 ], [ -74.2213916, 4.7017186 ], [ -74.2218492, 4.7021706 ], [ -74.2219474, 4.702261 ], [ -74.2223358, 4.7024418 ], [ -74.2225144, 4.7025322 ], [ -74.2226881, 4.7026226 ], [ -74.2229066, 4.7028034 ], [ -74.2231041, 4.7029842 ], [ -74.2232312, 4.7031651 ], [ -74.2233543, 4.7033459 ], [ -74.2234012, 4.7034363 ], [ -74.2234846, 4.7037076 ], [ -74.2235581, 4.703798 ], [ -74.2236479, 4.7038884 ], [ -74.2238015, 4.7039788 ], [ -74.2240032, 4.7040692 ], [ -74.2241518, 4.7041596 ], [ -74.2243528, 4.7043404 ], [ -74.2244742, 4.7044308 ], [ -74.2246367, 4.7045212 ], [ -74.2248592, 4.7046116 ], [ -74.2252012, 4.704702 ], [ -74.2254697, 4.7047924 ], [ -74.2256619, 4.7048827 ], [ -74.2258412, 4.7049731 ], [ -74.2259495, 4.7050635 ], [ -74.2261566, 4.7052444 ], [ -74.2262081, 4.7053348 ], [ -74.2262478, 4.7055156 ], [ -74.2262536, 4.7056061 ], [ -74.2260839, 4.7058774 ], [ -74.2260147, 4.7059678 ], [ -74.2258505, 4.7060583 ], [ -74.2256581, 4.7061488 ], [ -74.2252647, 4.7062075 ], [ -74.2248017, 4.7062036 ], [ -74.2246879, 4.706149 ], [ -74.2244472, 4.7060586 ], [ -74.2241586, 4.7058778 ], [ -74.2239856, 4.7057874 ], [ -74.2237905, 4.705697 ], [ -74.2235792, 4.7056066 ], [ -74.2233425, 4.7055162 ], [ -74.2231211, 4.7054259 ], [ -74.2229099, 4.7053355 ], [ -74.2227347, 4.7052451 ], [ -74.2224017, 4.7050643 ], [ -74.2220861, 4.7048835 ], [ -74.2217964, 4.7047027 ], [ -74.2216747, 4.7046123 ], [ -74.221565, 4.7045219 ], [ -74.2214624, 4.7044315 ], [ -74.2211947, 4.7041602 ], [ -74.2209793, 4.7037985 ], [ -74.2208433, 4.7035273 ], [ -74.2207415, 4.7033464 ], [ -74.2206829, 4.703256 ], [ -74.2204713, 4.7030752 ], [ -74.2202083, 4.7028944 ], [ -74.219908, 4.7026232 ], [ -74.2197056, 4.7025328 ], [ -74.2193916, 4.7024424 ], [ -74.2185456, 4.7022617 ], [ -74.2181524, 4.7021714 ], [ -74.2178383, 4.702081 ], [ -74.2167597, 4.7019908 ], [ -74.2164341, 4.7019004 ], [ -74.2161843, 4.70181 ], [ -74.2155202, 4.7017197 ], [ -74.2150914, 4.7016294 ], [ -74.2139318, 4.7015392 ], [ -74.2136011, 4.7014488 ], [ -74.2134889, 4.7014036 ], [ -74.2133592, 4.7013996 ], [ -74.2132632, 4.7014489 ], [ -74.213033, 4.7015393 ], [ -74.2128563, 4.7016298 ], [ -74.2127072, 4.7017203 ], [ -74.2122721, 4.7018108 ], [ -74.2121059, 4.7018578 ], [ -74.2119318, 4.7018598 ], [ -74.2118418, 4.7018109 ], [ -74.2117973, 4.7017884 ], [ -74.211783, 4.7018109 ], [ -74.2112837, 4.7019014 ], [ -74.2110857, 4.7019919 ], [ -74.2109212, 4.7021727 ], [ -74.2108012, 4.7022632 ], [ -74.2106339, 4.7023537 ], [ -74.2097267, 4.702742 ], [ -74.2097833, 4.7025754 ], [ -74.2096778, 4.701878 ], [ -74.2094928, 4.7016308 ], [ -74.210114, 4.7018998 ], [ -74.2101877, 4.7019041 ], [ -74.2102533, 4.7019052 ], [ -74.2102554, 4.7019037 ], [ -74.210256, 4.7019002 ], [ -74.2102543, 4.7018881 ], [ -74.210261, 4.7018818 ], [ -74.2102738, 4.7018752 ], [ -74.2103007, 4.7018676 ], [ -74.210327, 4.7018578 ], [ -74.2104032, 4.7018208 ], [ -74.2104109, 4.7018152 ], [ -74.2104164, 4.7018088 ], [ -74.2104267, 4.7017864 ], [ -74.2104362, 4.7017724 ], [ -74.2104536, 4.7017551 ], [ -74.2104726, 4.7017394 ], [ -74.2104926, 4.7017259 ], [ -74.2105107, 4.7017163 ], [ -74.2105247, 4.7017114 ], [ -74.2105437, 4.7017082 ], [ -74.2105516, 4.7017049 ], [ -74.210583, 4.7016769 ], [ -74.2105948, 4.7016699 ], [ -74.2106109, 4.7016632 ], [ -74.2106186, 4.7016575 ], [ -74.2106246, 4.701649 ], [ -74.2106231, 4.7016373 ], [ -74.210626, 4.7016301 ], [ -74.2106312, 4.7016265 ], [ -74.2106444, 4.7016247 ], [ -74.2106534, 4.7016205 ], [ -74.2106609, 4.7016131 ], [ -74.2106652, 4.7016032 ], [ -74.2106656, 4.701593 ], [ -74.2106623, 4.7015833 ], [ -74.2106568, 4.7015764 ], [ -74.2106459, 4.7015682 ], [ -74.2106415, 4.7015607 ], [ -74.2106407, 4.701551 ], [ -74.2106443, 4.701542 ], [ -74.2106495, 4.7015369 ], [ -74.2106564, 4.7015338 ], [ -74.210666, 4.7015329 ], [ -74.2106878, 4.7015342 ], [ -74.2107022, 4.7015303 ], [ -74.2107164, 4.7015242 ], [ -74.2107246, 4.7015159 ], [ -74.2107252, 4.701512 ], [ -74.2107234, 4.7015021 ], [ -74.2107254, 4.701498 ], [ -74.210729, 4.7014955 ], [ -74.2107352, 4.7014954 ], [ -74.2107424, 4.7015008 ], [ -74.210748, 4.7015025 ], [ -74.2107542, 4.7015018 ], [ -74.2107595, 4.7014984 ], [ -74.2107624, 4.7014902 ], [ -74.2107581, 4.7014729 ], [ -74.210757, 4.7014567 ], [ -74.2107613, 4.701426 ], [ -74.2107717, 4.7013914 ], [ -74.2107894, 4.7013555 ], [ -74.2108131, 4.7013231 ], [ -74.2108389, 4.7012979 ], [ -74.2108718, 4.701275 ], [ -74.2109043, 4.7012596 ], [ -74.2109272, 4.7012523 ], [ -74.2109468, 4.701248 ], [ -74.2109706, 4.7012452 ], [ -74.2109906, 4.7012447 ], [ -74.2110146, 4.7012465 ], [ -74.2110343, 4.7012499 ], [ -74.2110575, 4.7012563 ], [ -74.2110799, 4.701265 ], [ -74.2111047, 4.7012781 ], [ -74.2111308, 4.7012967 ], [ -74.2111486, 4.7013129 ], [ -74.2111772, 4.701344 ], [ -74.2112031, 4.7013692 ], [ -74.2112308, 4.7013925 ], [ -74.21126, 4.7014139 ], [ -74.2112907, 4.7014331 ], [ -74.2113226, 4.7014501 ], [ -74.2113556, 4.7014649 ], [ -74.2113981, 4.70148 ], [ -74.2114331, 4.7014894 ], [ -74.2114596, 4.7014949 ], [ -74.2114864, 4.7014989 ], [ -74.2115224, 4.7015021 ], [ -74.2115585, 4.7015027 ], [ -74.2115946, 4.7015008 ], [ -74.2116305, 4.7014964 ], [ -74.2116572, 4.7014915 ], [ -74.2116922, 4.7014827 ], [ -74.2117351, 4.7014684 ], [ -74.2117683, 4.7014542 ], [ -74.2118103, 4.7014331 ], [ -74.2118196, 4.7014318 ], [ -74.2118342, 4.7014333 ], [ -74.2118449, 4.7014328 ], [ -74.2118682, 4.7014261 ], [ -74.2118823, 4.7014177 ], [ -74.2118913, 4.7014075 ], [ -74.2118955, 4.7013972 ], [ -74.211893, 4.7013866 ], [ -74.2118947, 4.7013828 ], [ -74.2118988, 4.7013813 ], [ -74.2119105, 4.7013827 ], [ -74.2119217, 4.701379 ], [ -74.211931, 4.7013726 ], [ -74.211946, 4.7013565 ], [ -74.2119537, 4.7013518 ], [ -74.211962, 4.701349 ], [ -74.211995, 4.7013427 ], [ -74.2120288, 4.7013393 ], [ -74.2121097, 4.7013355 ], [ -74.2122992, 4.7013319 ], [ -74.2123068, 4.7013291 ], [ -74.2123206, 4.7013191 ], [ -74.2123305, 4.7013152 ], [ -74.2123396, 4.7013142 ], [ -74.2123566, 4.7013163 ], [ -74.212368, 4.7013137 ], [ -74.2123747, 4.7013084 ], [ -74.2123834, 4.7012943 ], [ -74.2123915, 4.7012857 ], [ -74.2124019, 4.7012791 ], [ -74.212413, 4.7012762 ], [ -74.2124232, 4.7012766 ], [ -74.2124323, 4.7012796 ], [ -74.2124539, 4.701296 ], [ -74.2124605, 4.7012972 ], [ -74.2124671, 4.7012962 ], [ -74.2124742, 4.7012922 ], [ -74.2124791, 4.7012857 ], [ -74.212481, 4.701278 ], [ -74.212479, 4.7012678 ], [ -74.2124833, 4.7012627 ], [ -74.2125066, 4.7012524 ], [ -74.2125196, 4.7012447 ], [ -74.2125589, 4.7012143 ], [ -74.212593, 4.70119 ], [ -74.2126137, 4.7011796 ], [ -74.2126356, 4.7011722 ], [ -74.2126526, 4.7011687 ], [ -74.2126698, 4.701167 ], [ -74.2126872, 4.7011672 ], [ -74.2127044, 4.7011691 ], [ -74.2127351, 4.7011773 ], [ -74.2127744, 4.7011954 ], [ -74.2127937, 4.7011996 ], [ -74.2128179, 4.7011986 ], [ -74.2128395, 4.7011916 ], [ -74.2128538, 4.701183 ], [ -74.2128652, 4.7011729 ], [ -74.2128755, 4.7011598 ], [ -74.2128825, 4.7011464 ], [ -74.212885, 4.7011326 ], [ -74.2128816, 4.7011042 ], [ -74.212882, 4.7010805 ], [ -74.2128873, 4.7010442 ], [ -74.2128946, 4.7010146 ], [ -74.2129068, 4.7009801 ], [ -74.2129224, 4.700947 ], [ -74.2129381, 4.7009208 ], [ -74.2129597, 4.7008913 ], [ -74.2129843, 4.7008643 ], [ -74.2130069, 4.7008438 ], [ -74.2130362, 4.700822 ], [ -74.2130623, 4.7008062 ], [ -74.2130896, 4.7007928 ], [ -74.2131238, 4.7007799 ], [ -74.2131532, 4.7007719 ], [ -74.2131831, 4.7007666 ], [ -74.2132317, 4.7007635 ], [ -74.2132621, 4.7007651 ], [ -74.2132862, 4.7007682 ], [ -74.2133101, 4.7007731 ], [ -74.2133393, 4.7007814 ], [ -74.2133678, 4.7007923 ], [ -74.2133898, 4.7008028 ], [ -74.2134212, 4.7008213 ], [ -74.2134553, 4.700847 ], [ -74.2134818, 4.7008722 ], [ -74.2135313, 4.7009265 ], [ -74.213571, 4.7009643 ], [ -74.2136133, 4.7009992 ], [ -74.2136694, 4.7010386 ], [ -74.2137286, 4.7010729 ], [ -74.2137907, 4.7011018 ], [ -74.213855, 4.7011253 ], [ -74.2139211, 4.701143 ], [ -74.2139885, 4.7011549 ], [ -74.2140293, 4.7011592 ], [ -74.2140703, 4.7011613 ], [ -74.2141387, 4.7011601 ], [ -74.2142068, 4.7011529 ], [ -74.2142739, 4.7011397 ], [ -74.2143267, 4.701125 ], [ -74.214391, 4.7011015 ], [ -74.214478, 4.7010609 ], [ -74.2145093, 4.7010525 ], [ -74.2145416, 4.7010492 ], [ -74.2145717, 4.7010507 ], [ -74.2146, 4.7010562 ], [ -74.2146249, 4.7010647 ], [ -74.2146466, 4.701077 ], [ -74.2146559, 4.7010803 ], [ -74.2146653, 4.701081 ], [ -74.2146807, 4.7010792 ], [ -74.21469, 4.7010805 ], [ -74.214733, 4.7011017 ], [ -74.2147706, 4.7011137 ], [ -74.2148098, 4.7011189 ], [ -74.2148453, 4.7011177 ], [ -74.2148649, 4.7011147 ], [ -74.2148878, 4.7011087 ], [ -74.21491, 4.7011004 ], [ -74.2149278, 4.7010918 ], [ -74.2149577, 4.7010724 ], [ -74.2149728, 4.7010596 ], [ -74.2149964, 4.7010366 ], [ -74.2150185, 4.7010229 ], [ -74.2150315, 4.7010181 ], [ -74.2150467, 4.7010149 ], [ -74.2150623, 4.7010142 ], [ -74.2150761, 4.7010156 ], [ -74.2150944, 4.7010206 ], [ -74.2151115, 4.701029 ], [ -74.2151266, 4.7010406 ], [ -74.2151383, 4.7010534 ], [ -74.2151491, 4.7010712 ], [ -74.2151555, 4.7010892 ], [ -74.2151578, 4.7011045 ], [ -74.2151562, 4.7011246 ], [ -74.2151588, 4.7011355 ], [ -74.2151675, 4.7011477 ], [ -74.2151811, 4.7011552 ], [ -74.215196, 4.7011561 ], [ -74.2152098, 4.7011506 ], [ -74.2152201, 4.7011398 ], [ -74.2152271, 4.7011199 ], [ -74.2152339, 4.7011104 ], [ -74.2152463, 4.7011026 ], [ -74.2152608, 4.7011009 ], [ -74.2152747, 4.7011054 ], [ -74.2152856, 4.7011159 ], [ -74.2152908, 4.701129 ], [ -74.2152906, 4.7011461 ], [ -74.2152954, 4.701153 ], [ -74.2153003, 4.7011553 ], [ -74.2153057, 4.7011553 ], [ -74.2153105, 4.7011533 ], [ -74.2153171, 4.7011468 ], [ -74.2153227, 4.7011438 ], [ -74.2153301, 4.7011428 ], [ -74.215337, 4.7011445 ], [ -74.2153423, 4.7011481 ], [ -74.2153467, 4.7011536 ], [ -74.2153509, 4.7011708 ], [ -74.2153557, 4.7011786 ], [ -74.2153665, 4.7011862 ], [ -74.2153791, 4.7011903 ], [ -74.2153886, 4.7011909 ], [ -74.2153979, 4.7011895 ], [ -74.2154197, 4.7011798 ], [ -74.215432, 4.7011762 ], [ -74.2154537, 4.7011751 ], [ -74.2154736, 4.70118 ], [ -74.2155084, 4.7011974 ], [ -74.2155282, 4.7012047 ], [ -74.2155514, 4.7012096 ], [ -74.2155751, 4.7012107 ], [ -74.215596, 4.7012086 ], [ -74.2156165, 4.7012036 ], [ -74.2156313, 4.701198 ], [ -74.2156563, 4.7011857 ], [ -74.2156706, 4.701181 ], [ -74.2156892, 4.7011779 ], [ -74.2157062, 4.701178 ], [ -74.2157302, 4.7011828 ], [ -74.2157533, 4.7011933 ], [ -74.2157685, 4.701205 ], [ -74.2157859, 4.7012258 ], [ -74.2157998, 4.7012339 ], [ -74.2158095, 4.7012351 ], [ -74.2158187, 4.7012335 ], [ -74.2158401, 4.7012201 ], [ -74.2158459, 4.7012197 ], [ -74.2158517, 4.7012216 ], [ -74.2158567, 4.7012256 ], [ -74.2158598, 4.7012308 ], [ -74.2158595, 4.7012466 ], [ -74.215865, 4.7012592 ], [ -74.2158751, 4.7012689 ], [ -74.2158882, 4.7012738 ], [ -74.2158985, 4.7012739 ], [ -74.2159084, 4.7012709 ], [ -74.2159305, 4.7012542 ], [ -74.215946, 4.7012461 ], [ -74.21596, 4.701242 ], [ -74.2159745, 4.7012404 ], [ -74.215989, 4.7012413 ], [ -74.2160032, 4.7012448 ], [ -74.216042, 4.701264 ], [ -74.2160528, 4.7012651 ], [ -74.2160704, 4.7012637 ], [ -74.2160807, 4.701265 ], [ -74.2161274, 4.7012811 ], [ -74.2161478, 4.701285 ], [ -74.2161629, 4.7012854 ], [ -74.2161779, 4.7012836 ], [ -74.2161961, 4.7012785 ], [ -74.2162209, 4.7012675 ], [ -74.2162303, 4.7012662 ], [ -74.2162397, 4.7012673 ], [ -74.2162533, 4.7012735 ], [ -74.216263, 4.7012839 ], [ -74.2162638, 4.7012926 ], [ -74.2162578, 4.7013053 ], [ -74.2162584, 4.70131 ], [ -74.2162608, 4.7013141 ], [ -74.2162653, 4.7013173 ], [ -74.2162708, 4.701318 ], [ -74.2162757, 4.7013163 ], [ -74.2162835, 4.70131 ], [ -74.2162912, 4.7013108 ], [ -74.2162956, 4.7013172 ], [ -74.2162938, 4.7013266 ], [ -74.2162946, 4.7013311 ], [ -74.2162981, 4.7013364 ], [ -74.216303, 4.7013399 ], [ -74.2163095, 4.7013416 ], [ -74.216316, 4.7013408 ], [ -74.2163301, 4.7013312 ], [ -74.2163399, 4.7013278 ], [ -74.216349, 4.7013274 ], [ -74.216358, 4.7013296 ], [ -74.2164012, 4.7013559 ], [ -74.2164395, 4.7013914 ], [ -74.2164654, 4.7014094 ], [ -74.216484, 4.7014164 ], [ -74.2165032, 4.7014142 ], [ -74.2165136, 4.7014156 ], [ -74.2165226, 4.7014193 ], [ -74.2165375, 4.7014287 ], [ -74.2165492, 4.7014328 ], [ -74.2165586, 4.7014327 ], [ -74.2165698, 4.7014288 ], [ -74.2165751, 4.7014294 ], [ -74.2165806, 4.7014345 ], [ -74.216578, 4.7014447 ], [ -74.2165813, 4.7014513 ], [ -74.2165969, 4.7014592 ], [ -74.2166171, 4.7014669 ], [ -74.2166312, 4.7014694 ], [ -74.2166454, 4.7014689 ], [ -74.2166615, 4.7014646 ], [ -74.2166824, 4.7014543 ], [ -74.2166908, 4.7014533 ], [ -74.2166996, 4.7014551 ], [ -74.2167092, 4.7014612 ], [ -74.216715, 4.7014697 ], [ -74.2167151, 4.7014777 ], [ -74.2167092, 4.7014898 ], [ -74.2167099, 4.7014946 ], [ -74.2167125, 4.7014986 ], [ -74.2167186, 4.7015022 ], [ -74.2167632, 4.7015158 ], [ -74.2167951, 4.7015228 ], [ -74.2168221, 4.701526 ], [ -74.2168493, 4.7015269 ], [ -74.2168764, 4.7015254 ], [ -74.2169034, 4.7015215 ], [ -74.2169299, 4.7015153 ], [ -74.2169557, 4.7015068 ], [ -74.2169879, 4.7014933 ], [ -74.2170029, 4.7014888 ], [ -74.2170274, 4.7014856 ], [ -74.2170498, 4.7014868 ], [ -74.2170758, 4.7014933 ], [ -74.2170981, 4.701504 ], [ -74.2171179, 4.7015187 ], [ -74.2171456, 4.7015476 ], [ -74.2171591, 4.7015556 ], [ -74.2171847, 4.7015673 ], [ -74.2171958, 4.7015698 ], [ -74.2172072, 4.7015698 ], [ -74.21722, 4.7015665 ], [ -74.2172397, 4.7015569 ], [ -74.2172482, 4.7015565 ], [ -74.2172567, 4.7015591 ], [ -74.2172644, 4.7015652 ], [ -74.2172677, 4.701572 ], [ -74.2172668, 4.7015794 ], [ -74.2172601, 4.7015897 ], [ -74.2172605, 4.7015944 ], [ -74.2172631, 4.7015982 ], [ -74.2173333, 4.7016337 ], [ -74.2173459, 4.7016385 ], [ -74.2173681, 4.7016421 ], [ -74.2173889, 4.7016401 ], [ -74.2174113, 4.7016317 ], [ -74.2174334, 4.7016156 ], [ -74.2174427, 4.701611 ], [ -74.2174565, 4.7016086 ], [ -74.2174711, 4.7016112 ], [ -74.2174856, 4.70162 ], [ -74.2174954, 4.7016336 ], [ -74.217497, 4.7016411 ], [ -74.2174944, 4.7016575 ], [ -74.2174958, 4.7016709 ], [ -74.2175019, 4.7016893 ], [ -74.2175118, 4.701706 ], [ -74.2175225, 4.7017181 ], [ -74.2175351, 4.7017281 ], [ -74.2175507, 4.7017364 ], [ -74.2175661, 4.7017413 ], [ -74.2175805, 4.7017433 ], [ -74.217595, 4.701743 ], [ -74.2176093, 4.7017404 ], [ -74.217623, 4.7017357 ], [ -74.2176398, 4.7017261 ], [ -74.2176692, 4.7017012 ], [ -74.217698, 4.7016822 ], [ -74.2177251, 4.701669 ], [ -74.2177578, 4.7016581 ], [ -74.2177874, 4.7016523 ], [ -74.2178218, 4.7016503 ], [ -74.2178562, 4.7016531 ], [ -74.2178857, 4.7016594 ], [ -74.2179101, 4.7016676 ], [ -74.2179467, 4.7016829 ], [ -74.2180034, 4.7017102 ], [ -74.2180084, 4.7017191 ], [ -74.2180082, 4.7017481 ], [ -74.218013, 4.7017734 ], [ -74.2180215, 4.7017953 ], [ -74.2180337, 4.7018154 ], [ -74.2180509, 4.7018346 ], [ -74.2180714, 4.7018502 ], [ -74.2180945, 4.7018616 ], [ -74.2181194, 4.7018684 ], [ -74.2181357, 4.7018702 ], [ -74.2181521, 4.7018699 ], [ -74.2181683, 4.7018677 ], [ -74.2181842, 4.7018635 ], [ -74.2181994, 4.7018573 ], [ -74.2182138, 4.7018494 ], [ -74.2182271, 4.7018398 ], [ -74.2182391, 4.7018286 ], [ -74.2182563, 4.7018063 ], [ -74.2182676, 4.7017831 ], [ -74.218274, 4.7017605 ], [ -74.2182796, 4.701721 ], [ -74.2182891, 4.7016944 ], [ -74.2183054, 4.7016685 ], [ -74.218327, 4.701647 ], [ -74.218353, 4.7016309 ], [ -74.2183796, 4.7016216 ], [ -74.2184075, 4.701618 ], [ -74.2184356, 4.7016203 ], [ -74.2184604, 4.7016276 ], [ -74.2184854, 4.7016407 ], [ -74.2185054, 4.7016571 ], [ -74.2185232, 4.701679 ], [ -74.2185352, 4.701702 ], [ -74.2185422, 4.7017245 ], [ -74.2185451, 4.7017515 ], [ -74.218541, 4.7017817 ], [ -74.2185427, 4.7017873 ], [ -74.218547, 4.7017918 ], [ -74.2185535, 4.7017946 ], [ -74.2185606, 4.7017944 ], [ -74.2185668, 4.7017916 ], [ -74.2185756, 4.7017837 ], [ -74.2185848, 4.7017828 ], [ -74.2185904, 4.7017857 ], [ -74.2185939, 4.7017907 ], [ -74.2185948, 4.7017978 ], [ -74.2185913, 4.7018059 ], [ -74.218591, 4.7018099 ], [ -74.2185934, 4.7018142 ], [ -74.2185992, 4.7018177 ], [ -74.2186073, 4.7018186 ], [ -74.2186232, 4.7018132 ], [ -74.2186364, 4.7018129 ], [ -74.2186525, 4.7018183 ], [ -74.2186774, 4.701833 ], [ -74.2186938, 4.7018395 ], [ -74.2187076, 4.7018404 ], [ -74.2187275, 4.7018362 ], [ -74.2187404, 4.701839 ], [ -74.2187467, 4.7018453 ], [ -74.2187475, 4.701854 ], [ -74.2187441, 4.7018603 ], [ -74.2187345, 4.7018678 ], [ -74.2187321, 4.7018759 ], [ -74.2187351, 4.7018839 ], [ -74.2187424, 4.7018887 ], [ -74.2187542, 4.7018902 ], [ -74.218772, 4.7018855 ], [ -74.2187833, 4.7018859 ], [ -74.2187993, 4.7018925 ], [ -74.2188376, 4.7019121 ], [ -74.2188945, 4.701932 ], [ -74.2189189, 4.701938 ], [ -74.2189286, 4.7019379 ], [ -74.2189468, 4.7019345 ], [ -74.2189615, 4.7019374 ], [ -74.2189665, 4.7019423 ], [ -74.2189681, 4.7019493 ], [ -74.2189662, 4.7019554 ], [ -74.2189586, 4.7019628 ], [ -74.2189555, 4.7019691 ], [ -74.2189553, 4.7019772 ], [ -74.2189588, 4.7019845 ], [ -74.218967, 4.7019922 ], [ -74.2189763, 4.7019981 ], [ -74.2190054, 4.7020092 ], [ -74.2190229, 4.7020113 ], [ -74.2190465, 4.7020074 ], [ -74.219054, 4.7020087 ], [ -74.21906, 4.7020116 ], [ -74.2190639, 4.7020168 ], [ -74.2190647, 4.702023 ], [ -74.2190559, 4.7020396 ], [ -74.2190551, 4.7020525 ], [ -74.2190573, 4.7020589 ], [ -74.2190613, 4.7020648 ], [ -74.2190726, 4.7020724 ], [ -74.2190838, 4.7020739 ], [ -74.2190947, 4.7020707 ], [ -74.219103, 4.7020637 ], [ -74.2191097, 4.7020511 ], [ -74.219115, 4.7020453 ], [ -74.2191235, 4.7020409 ], [ -74.219133, 4.7020399 ], [ -74.2191433, 4.7020433 ], [ -74.219151, 4.7020503 ], [ -74.2191556, 4.7020625 ], [ -74.219153, 4.7020768 ], [ -74.2191538, 4.7020815 ], [ -74.219161, 4.702089 ], [ -74.2191708, 4.7020933 ], [ -74.2191838, 4.7020931 ], [ -74.2192011, 4.7020858 ], [ -74.2192141, 4.7020821 ], [ -74.219235, 4.7020806 ], [ -74.2192577, 4.7020847 ], [ -74.2193105, 4.7021035 ], [ -74.2193365, 4.7021098 ], [ -74.2193598, 4.7021102 ], [ -74.2193958, 4.7021042 ], [ -74.2194073, 4.7021045 ], [ -74.2194201, 4.7021068 ], [ -74.2194304, 4.7021107 ], [ -74.2194384, 4.7021168 ], [ -74.2194527, 4.7021391 ], [ -74.219463, 4.7021501 ], [ -74.2194737, 4.7021575 ], [ -74.2194841, 4.7021615 ], [ -74.2194975, 4.7021629 ], [ -74.2195107, 4.7021603 ], [ -74.2195213, 4.7021548 ], [ -74.2195338, 4.7021441 ], [ -74.2195413, 4.702141 ], [ -74.2195502, 4.7021405 ], [ -74.2195586, 4.7021433 ], [ -74.2195655, 4.702149 ], [ -74.2195701, 4.702157 ], [ -74.219571, 4.7021636 ], [ -74.2195692, 4.702178 ], [ -74.2195747, 4.7021911 ], [ -74.2195865, 4.7022026 ], [ -74.2196019, 4.7022083 ], [ -74.2196428, 4.7022069 ], [ -74.219689, 4.7021987 ], [ -74.2197172, 4.7021903 ], [ -74.2197408, 4.7021811 ], [ -74.2197881, 4.7021571 ], [ -74.219807, 4.7021525 ], [ -74.2198254, 4.7021512 ], [ -74.2198342, 4.7021537 ], [ -74.2198403, 4.7021591 ], [ -74.2198409, 4.7021636 ], [ -74.2198379, 4.7021711 ], [ -74.2198375, 4.7021768 ], [ -74.2198432, 4.7021898 ], [ -74.2198521, 4.7021984 ], [ -74.2198634, 4.7022033 ], [ -74.2198727, 4.7022043 ], [ -74.2198824, 4.7022027 ], [ -74.2198909, 4.7021987 ], [ -74.2199073, 4.7021867 ], [ -74.2199193, 4.7021806 ], [ -74.2199366, 4.7021756 ], [ -74.219953, 4.7021743 ], [ -74.2199679, 4.7021759 ], [ -74.2199822, 4.70218 ], [ -74.2200307, 4.7022047 ], [ -74.2200397, 4.7022062 ], [ -74.2200535, 4.7022049 ], [ -74.2200605, 4.7022063 ], [ -74.2200652, 4.7022107 ], [ -74.2200667, 4.702217 ], [ -74.220057, 4.7022362 ], [ -74.2200561, 4.7022442 ], [ -74.2200574, 4.7022522 ], [ -74.2200607, 4.7022596 ], [ -74.2200661, 4.7022662 ], [ -74.2200731, 4.7022712 ], [ -74.2200811, 4.7022742 ], [ -74.2200952, 4.7022744 ], [ -74.2201086, 4.7022682 ], [ -74.2201165, 4.7022593 ], [ -74.2201253, 4.7022402 ], [ -74.2201305, 4.7022348 ], [ -74.2201373, 4.7022306 ], [ -74.2201455, 4.7022282 ], [ -74.2201541, 4.7022283 ], [ -74.2201623, 4.7022306 ], [ -74.2201695, 4.7022352 ], [ -74.2201755, 4.702242 ], [ -74.2201793, 4.7022503 ], [ -74.2201806, 4.7022596 ], [ -74.2201797, 4.7022763 ], [ -74.2201848, 4.7022892 ], [ -74.2201949, 4.7022992 ], [ -74.2202168, 4.7023094 ], [ -74.2202263, 4.7023207 ], [ -74.2202297, 4.7023324 ], [ -74.2202282, 4.7023488 ], [ -74.2202314, 4.7023561 ], [ -74.2202356, 4.7023589 ], [ -74.2202407, 4.7023594 ], [ -74.2202549, 4.7023531 ], [ -74.2202663, 4.7023511 ], [ -74.220275, 4.7023517 ], [ -74.2202837, 4.7023541 ], [ -74.2202945, 4.7023599 ], [ -74.220303, 4.7023675 ], [ -74.2203096, 4.7023768 ], [ -74.220314, 4.7023873 ], [ -74.2203159, 4.7023986 ], [ -74.2203152, 4.70241 ], [ -74.2203116, 4.7024218 ], [ -74.2203058, 4.7024316 ], [ -74.2202993, 4.7024387 ], [ -74.2202915, 4.7024445 ], [ -74.2202688, 4.7024534 ], [ -74.2202591, 4.7024594 ], [ -74.2202499, 4.7024688 ], [ -74.2202434, 4.7024802 ], [ -74.22024, 4.7024947 ], [ -74.2202407, 4.7025088 ], [ -74.2202457, 4.7025228 ], [ -74.2202539, 4.7025342 ], [ -74.2202665, 4.7025437 ], [ -74.220281, 4.7025487 ], [ -74.220296, 4.7025488 ], [ -74.220315, 4.7025431 ], [ -74.2203204, 4.7025438 ], [ -74.2203253, 4.7025466 ], [ -74.2203299, 4.7025531 ], [ -74.2203313, 4.7025612 ], [ -74.2203299, 4.7025674 ], [ -74.2203243, 4.7025778 ], [ -74.2203233, 4.7025866 ], [ -74.2203255, 4.7025948 ], [ -74.2203303, 4.7026015 ], [ -74.2203418, 4.7026083 ], [ -74.22036, 4.7026084 ], [ -74.2203684, 4.7026117 ], [ -74.2203734, 4.7026169 ], [ -74.2203761, 4.7026237 ], [ -74.220374, 4.7026431 ], [ -74.2203834, 4.702654 ], [ -74.2204161, 4.7026755 ], [ -74.2204488, 4.7026948 ], [ -74.2204877, 4.7027125 ], [ -74.2204963, 4.7027181 ], [ -74.2204991, 4.7027211 ], [ -74.2205001, 4.7027249 ], [ -74.2204966, 4.7027352 ], [ -74.2204972, 4.7027427 ], [ -74.2205037, 4.7027552 ], [ -74.2205123, 4.7027658 ], [ -74.220529, 4.7027806 ], [ -74.2205464, 4.7027927 ], [ -74.2205848, 4.7028108 ], [ -74.2205993, 4.7028201 ], [ -74.2206105, 4.7028302 ], [ -74.2206271, 4.7028517 ], [ -74.2206383, 4.7028621 ], [ -74.2206557, 4.7028725 ], [ -74.2206983, 4.7028929 ], [ -74.2207176, 4.7028998 ], [ -74.2207504, 4.7029083 ], [ -74.2207705, 4.7029179 ], [ -74.2207767, 4.7029277 ], [ -74.2207767, 4.702939 ], [ -74.2207723, 4.702947 ], [ -74.2207601, 4.7029574 ], [ -74.2207561, 4.7029682 ], [ -74.2207579, 4.7029789 ], [ -74.2207647, 4.7029874 ], [ -74.2207775, 4.7029935 ], [ -74.2207914, 4.7029952 ], [ -74.2208015, 4.7029938 ], [ -74.2208251, 4.702986 ], [ -74.2208441, 4.7029847 ], [ -74.2208602, 4.7029873 ], [ -74.2208802, 4.7029943 ], [ -74.2209035, 4.7030053 ], [ -74.2209114, 4.7030116 ], [ -74.2209156, 4.7030171 ], [ -74.2209173, 4.7030231 ], [ -74.2209169, 4.7030292 ], [ -74.2209096, 4.7030419 ], [ -74.220908, 4.703049 ], [ -74.2209096, 4.7030571 ], [ -74.2209144, 4.7030634 ], [ -74.2209196, 4.7030663 ], [ -74.2209256, 4.7030669 ], [ -74.2209423, 4.7030604 ], [ -74.2209548, 4.7030599 ], [ -74.2209665, 4.7030643 ], [ -74.2209757, 4.7030729 ], [ -74.2209794, 4.7030793 ], [ -74.2209816, 4.7030871 ], [ -74.2209819, 4.7030951 ], [ -74.2209803, 4.7031029 ], [ -74.2209768, 4.7031102 ], [ -74.2209721, 4.7031159 ], [ -74.2209535, 4.7031275 ], [ -74.2209453, 4.7031369 ], [ -74.2209421, 4.7031443 ], [ -74.2209409, 4.7031517 ], [ -74.2209434, 4.7031663 ], [ -74.220952, 4.7031783 ], [ -74.2209647, 4.7031852 ], [ -74.2209766, 4.7031863 ], [ -74.2209994, 4.7031821 ], [ -74.2210086, 4.7031836 ], [ -74.221017, 4.7031871 ], [ -74.2210246, 4.7031927 ], [ -74.2210309, 4.7032005 ], [ -74.2210348, 4.7032091 ], [ -74.2210366, 4.7032184 ], [ -74.2210349, 4.7032324 ], [ -74.2210278, 4.7032453 ], [ -74.2210188, 4.7032534 ], [ -74.2209985, 4.7032639 ], [ -74.2209927, 4.7032695 ], [ -74.220988, 4.7032769 ], [ -74.2209847, 4.7032864 ], [ -74.220984, 4.7032958 ], [ -74.2209857, 4.7033058 ], [ -74.2209896, 4.7033144 ], [ -74.220999, 4.7033248 ], [ -74.2210115, 4.7033313 ], [ -74.2210258, 4.7033326 ], [ -74.2210424, 4.7033278 ], [ -74.2210494, 4.7033274 ], [ -74.2210579, 4.7033301 ], [ -74.2210648, 4.7033364 ], [ -74.2210687, 4.7033466 ], [ -74.221067, 4.7033578 ], [ -74.2210617, 4.7033652 ], [ -74.2210491, 4.7033738 ], [ -74.2210448, 4.7033827 ], [ -74.2210457, 4.7033928 ], [ -74.2210519, 4.703401 ], [ -74.2210576, 4.7034039 ], [ -74.2210662, 4.7034053 ], [ -74.221097, 4.7034035 ], [ -74.221118, 4.7034061 ], [ -74.2211574, 4.7034195 ], [ -74.2211905, 4.7034331 ], [ -74.2212088, 4.7034456 ], [ -74.2212227, 4.7034607 ], [ -74.221234, 4.7034798 ], [ -74.2212407, 4.703501 ], [ -74.2212425, 4.7035232 ], [ -74.2212392, 4.7035452 ], [ -74.2212319, 4.7035644 ], [ -74.2212196, 4.703583 ], [ -74.2212063, 4.7035962 ], [ -74.2211921, 4.7036058 ], [ -74.2211781, 4.7036122 ], [ -74.2211518, 4.7036206 ], [ -74.2211352, 4.7036299 ], [ -74.2211187, 4.7036448 ], [ -74.2211071, 4.7036619 ], [ -74.2210992, 4.7036827 ], [ -74.2210965, 4.7037064 ], [ -74.2211001, 4.70373 ], [ -74.2211097, 4.7037519 ], [ -74.221118, 4.7037635 ], [ -74.2211269, 4.7037727 ], [ -74.2211369, 4.7037805 ], [ -74.2211494, 4.7037875 ], [ -74.2211612, 4.703792 ], [ -74.2211752, 4.7037951 ], [ -74.2212035, 4.7037951 ], [ -74.2212132, 4.7038007 ], [ -74.2212176, 4.703809 ], [ -74.2212175, 4.7038184 ], [ -74.2212143, 4.7038248 ], [ -74.221204, 4.7038363 ], [ -74.2212002, 4.7038477 ], [ -74.2212007, 4.7038582 ], [ -74.2212051, 4.7038683 ], [ -74.2212137, 4.703877 ], [ -74.2212251, 4.7038819 ], [ -74.2212369, 4.7038823 ], [ -74.2212511, 4.7038774 ], [ -74.2212578, 4.7038766 ], [ -74.2212662, 4.7038785 ], [ -74.221273, 4.7038832 ], [ -74.221279, 4.703894 ], [ -74.2212796, 4.7039007 ], [ -74.221278, 4.7039143 ], [ -74.2212829, 4.7039247 ], [ -74.221293, 4.7039306 ], [ -74.2213076, 4.7039303 ], [ -74.2213159, 4.7039323 ], [ -74.2213234, 4.7039372 ], [ -74.2213287, 4.7039443 ], [ -74.2213309, 4.7039512 ], [ -74.2213309, 4.7039584 ], [ -74.2213243, 4.7039729 ], [ -74.2213231, 4.7039791 ], [ -74.2213244, 4.703986 ], [ -74.2213281, 4.7039919 ], [ -74.2213346, 4.703996 ], [ -74.2213424, 4.7039967 ], [ -74.2213483, 4.7039946 ], [ -74.2213572, 4.7039879 ], [ -74.2213651, 4.7039864 ], [ -74.2213728, 4.7039886 ], [ -74.2213786, 4.703994 ], [ -74.2213811, 4.7039996 ], [ -74.2213813, 4.7040058 ], [ -74.2213749, 4.7040207 ], [ -74.2213739, 4.7040309 ], [ -74.221377, 4.7040412 ], [ -74.2213839, 4.7040495 ], [ -74.2213954, 4.7040548 ], [ -74.2214084, 4.7040542 ], [ -74.2214176, 4.7040495 ], [ -74.2214321, 4.7040354 ], [ -74.2214466, 4.7040305 ], [ -74.2214619, 4.7040324 ], [ -74.2214746, 4.7040408 ], [ -74.2214823, 4.7040534 ], [ -74.221484, 4.7040682 ], [ -74.221479, 4.7040828 ], [ -74.2214652, 4.7040971 ], [ -74.2214604, 4.7041063 ], [ -74.2214598, 4.7041193 ], [ -74.2214657, 4.7041316 ], [ -74.2214734, 4.7041378 ], [ -74.2214831, 4.7041409 ], [ -74.2214933, 4.7041401 ], [ -74.2215097, 4.7041333 ], [ -74.2215166, 4.7041342 ], [ -74.2215227, 4.7041379 ], [ -74.2215269, 4.7041442 ], [ -74.221528, 4.7041516 ], [ -74.2215266, 4.7041574 ], [ -74.2215203, 4.7041686 ], [ -74.2215196, 4.7041784 ], [ -74.2215237, 4.7041881 ], [ -74.2215314, 4.7041945 ], [ -74.2215385, 4.7041966 ], [ -74.2215459, 4.7041961 ], [ -74.2215665, 4.7041843 ], [ -74.2215748, 4.7041824 ], [ -74.2215826, 4.7041824 ], [ -74.2215919, 4.7041849 ], [ -74.2215998, 4.7041896 ], [ -74.2216063, 4.7041962 ], [ -74.2216108, 4.7042042 ], [ -74.2216129, 4.7042119 ], [ -74.2216133, 4.7042199 ], [ -74.2216118, 4.7042278 ], [ -74.2216087, 4.7042351 ], [ -74.2215998, 4.7042453 ], [ -74.2215811, 4.7042567 ], [ -74.2215733, 4.7042688 ], [ -74.2215717, 4.7042762 ], [ -74.2215719, 4.7042843 ], [ -74.2215741, 4.7042915 ], [ -74.2215779, 4.704298 ], [ -74.2215853, 4.704305 ], [ -74.2215946, 4.7043091 ], [ -74.2216039, 4.7043099 ], [ -74.2216153, 4.7043072 ], [ -74.2216203, 4.7043091 ], [ -74.2216231, 4.7043151 ], [ -74.2216199, 4.7043262 ], [ -74.2216209, 4.7043346 ], [ -74.2216259, 4.704342 ], [ -74.2216338, 4.7043464 ], [ -74.2216414, 4.704347 ], [ -74.2216486, 4.7043445 ], [ -74.2216537, 4.7043401 ], [ -74.2216606, 4.7043302 ], [ -74.2216691, 4.7043252 ], [ -74.2216793, 4.7043245 ], [ -74.2216887, 4.7043284 ], [ -74.2216949, 4.7043356 ], [ -74.2216976, 4.7043447 ], [ -74.2216967, 4.7043523 ], [ -74.2216914, 4.7043665 ], [ -74.2216921, 4.7043782 ], [ -74.2216982, 4.7043891 ], [ -74.2217088, 4.7043963 ], [ -74.2217195, 4.7043979 ], [ -74.22173, 4.7043953 ], [ -74.2217374, 4.7043901 ], [ -74.2217484, 4.7043772 ], [ -74.2217603, 4.7043714 ], [ -74.221774, 4.7043714 ], [ -74.2217863, 4.7043774 ], [ -74.2217944, 4.7043873 ], [ -74.2217976, 4.7043995 ], [ -74.2217964, 4.7044094 ], [ -74.2217906, 4.7044223 ], [ -74.2217883, 4.7044313 ], [ -74.2217879, 4.7044413 ], [ -74.2217899, 4.704452 ], [ -74.221796, 4.7044649 ], [ -74.2218043, 4.7044769 ], [ -74.2218143, 4.7044875 ], [ -74.2218258, 4.7044963 ], [ -74.2218416, 4.7045045 ], [ -74.2218602, 4.7045098 ], [ -74.2218795, 4.7045112 ], [ -74.2218987, 4.7045084 ], [ -74.2219225, 4.7044987 ], [ -74.2219568, 4.7044736 ], [ -74.2219859, 4.7044575 ], [ -74.2220172, 4.7044461 ], [ -74.2220462, 4.7044403 ], [ -74.2220757, 4.7044386 ], [ -74.2221015, 4.7044405 ], [ -74.2221305, 4.7044465 ], [ -74.2221577, 4.7044562 ], [ -74.2222015, 4.7044767 ], [ -74.2222076, 4.7044819 ], [ -74.2222106, 4.7044882 ], [ -74.222211, 4.7044952 ], [ -74.2222093, 4.7045011 ], [ -74.2222028, 4.7045118 ], [ -74.2222024, 4.7045216 ], [ -74.2222079, 4.704531 ], [ -74.2222216, 4.7045415 ], [ -74.2222423, 4.7045503 ], [ -74.2222604, 4.704555 ], [ -74.2222748, 4.7045546 ], [ -74.2222916, 4.7045498 ], [ -74.2223004, 4.7045515 ], [ -74.222305, 4.7045548 ], [ -74.2223068, 4.704559 ], [ -74.222303, 4.7045702 ], [ -74.2223037, 4.7045773 ], [ -74.2223074, 4.7045826 ], [ -74.2223132, 4.7045857 ], [ -74.2223187, 4.7045859 ], [ -74.2223235, 4.704584 ], [ -74.2223313, 4.7045748 ], [ -74.2223358, 4.7045719 ], [ -74.2223414, 4.7045709 ], [ -74.2223469, 4.7045724 ], [ -74.2223516, 4.7045763 ], [ -74.2223542, 4.7045818 ], [ -74.222352, 4.7045965 ], [ -74.2223536, 4.7046045 ], [ -74.2223588, 4.7046115 ], [ -74.2223661, 4.7046154 ], [ -74.2223737, 4.704616 ], [ -74.2223812, 4.7046133 ], [ -74.222386, 4.7046091 ], [ -74.2223929, 4.7045993 ], [ -74.2224014, 4.7045942 ], [ -74.2224116, 4.7045935 ], [ -74.222421, 4.7045974 ], [ -74.2224272, 4.7046046 ], [ -74.2224299, 4.7046137 ], [ -74.222429, 4.7046213 ], [ -74.2224238, 4.704635 ], [ -74.2224243, 4.7046468 ], [ -74.2224296, 4.704657 ], [ -74.2224384, 4.7046641 ], [ -74.2224503, 4.7046669 ], [ -74.2224622, 4.7046643 ], [ -74.2224715, 4.704657 ], [ -74.2224791, 4.7046425 ], [ -74.222485, 4.7046363 ], [ -74.2224947, 4.7046319 ], [ -74.2225058, 4.7046322 ], [ -74.2225156, 4.7046374 ], [ -74.2225222, 4.7046463 ], [ -74.2225244, 4.7046561 ], [ -74.2225236, 4.7046748 ], [ -74.2225265, 4.7046835 ], [ -74.2225311, 4.7046914 ], [ -74.2225523, 4.7047114 ], [ -74.2225763, 4.7047271 ], [ -74.2225907, 4.7047312 ], [ -74.2226066, 4.7047302 ], [ -74.2226197, 4.7047247 ], [ -74.2226365, 4.7047114 ], [ -74.2226429, 4.7047093 ], [ -74.2226497, 4.704709 ], [ -74.2226602, 4.7047125 ], [ -74.2226682, 4.7047207 ], [ -74.2226714, 4.7047299 ], [ -74.2226694, 4.7047426 ], [ -74.2226704, 4.7047497 ], [ -74.2226746, 4.7047569 ], [ -74.2226815, 4.7047615 ], [ -74.2226897, 4.7047628 ], [ -74.222698, 4.7047604 ], [ -74.2227031, 4.7047561 ], [ -74.2227103, 4.704746 ], [ -74.2227184, 4.7047411 ], [ -74.2227278, 4.70474 ], [ -74.2227367, 4.7047431 ], [ -74.2227444, 4.704751 ], [ -74.2227472, 4.7047613 ], [ -74.2227451, 4.7047707 ], [ -74.2227369, 4.7047827 ], [ -74.2227375, 4.7047922 ], [ -74.2227412, 4.7047971 ], [ -74.2227467, 4.7047997 ], [ -74.2227527, 4.7047997 ], [ -74.2227616, 4.7047961 ], [ -74.2227681, 4.7047987 ], [ -74.2227704, 4.7048046 ], [ -74.2227673, 4.7048147 ], [ -74.2227678, 4.7048223 ], [ -74.2227716, 4.7048295 ], [ -74.2227783, 4.7048346 ], [ -74.2227865, 4.7048363 ], [ -74.2227946, 4.7048345 ], [ -74.2228014, 4.704829 ], [ -74.222807, 4.704818 ], [ -74.2228119, 4.704813 ], [ -74.2228198, 4.7048097 ], [ -74.2228284, 4.7048102 ], [ -74.2228361, 4.7048147 ], [ -74.222841, 4.7048222 ], [ -74.2228421, 4.70483 ], [ -74.22284, 4.7048424 ], [ -74.2228425, 4.70485 ], [ -74.2228492, 4.7048562 ], [ -74.222858, 4.7048582 ], [ -74.2228651, 4.7048564 ], [ -74.2228708, 4.7048519 ], [ -74.2228786, 4.7048341 ], [ -74.2228861, 4.7048244 ], [ -74.2228949, 4.7048181 ], [ -74.2229042, 4.7048144 ], [ -74.2229169, 4.7048131 ], [ -74.2229389, 4.7048152 ], [ -74.222958, 4.70482 ], [ -74.2229768, 4.7048278 ], [ -74.2229842, 4.7048352 ], [ -74.2229876, 4.7048452 ], [ -74.2229877, 4.70497 ], [ -74.2229893, 4.7049748 ], [ -74.222993, 4.7049782 ], [ -74.2230651, 4.7049853 ], [ -74.2230997, 4.7049865 ], [ -74.2231454, 4.704986 ], [ -74.2231986, 4.7049798 ], [ -74.2232554, 4.704966 ], [ -74.2232724, 4.7049641 ], [ -74.2232941, 4.7049665 ], [ -74.2233159, 4.7049741 ], [ -74.2233472, 4.7049897 ], [ -74.2233539, 4.7049942 ], [ -74.2233584, 4.7050008 ], [ -74.2233649, 4.7050054 ], [ -74.2233701, 4.7050067 ], [ -74.2233781, 4.7050045 ], [ -74.223382, 4.7050055 ], [ -74.223384, 4.7050091 ], [ -74.223382, 4.7050165 ], [ -74.2233853, 4.7050206 ], [ -74.2233907, 4.7050204 ], [ -74.2233962, 4.7050144 ], [ -74.2234008, 4.7050149 ], [ -74.223403, 4.7050177 ], [ -74.2234031, 4.7050223 ], [ -74.2234082, 4.7050234 ], [ -74.2234066, 4.7050284 ], [ -74.2234079, 4.7050313 ], [ -74.2234111, 4.7050321 ], [ -74.2234163, 4.7050293 ], [ -74.2234199, 4.7050311 ], [ -74.2234207, 4.7050343 ], [ -74.2234185, 4.7050401 ], [ -74.2234206, 4.705044 ], [ -74.223425, 4.7050447 ], [ -74.2234295, 4.7050409 ], [ -74.2234327, 4.7050404 ], [ -74.2234359, 4.7050431 ], [ -74.2234354, 4.7050498 ], [ -74.2234377, 4.705053 ], [ -74.2234416, 4.7050532 ], [ -74.2234471, 4.7050491 ], [ -74.2234516, 4.7050504 ], [ -74.2234532, 4.7050542 ], [ -74.2234514, 4.7050613 ], [ -74.2234543, 4.7050654 ], [ -74.22346, 4.7050655 ], [ -74.2234659, 4.7050594 ], [ -74.2234704, 4.70506 ], [ -74.2234724, 4.7050628 ], [ -74.2234725, 4.7050673 ], [ -74.2234762, 4.7050672 ], [ -74.2234777, 4.7050685 ], [ -74.223476, 4.7050735 ], [ -74.2234774, 4.7050764 ], [ -74.2234808, 4.705077 ], [ -74.2234844, 4.705073 ], [ -74.2234873, 4.7050729 ], [ -74.2234888, 4.7050749 ], [ -74.2234889, 4.7050793 ], [ -74.2234921, 4.7050773 ], [ -74.2234974, 4.7050801 ], [ -74.2234962, 4.7050858 ], [ -74.2234974, 4.7050882 ], [ -74.2234997, 4.7050886 ], [ -74.2235038, 4.7050867 ], [ -74.2235053, 4.7050881 ], [ -74.2235061, 4.7050929 ], [ -74.2235113, 4.7050913 ], [ -74.2235142, 4.7050926 ], [ -74.2235149, 4.7050957 ], [ -74.2235124, 4.7051013 ], [ -74.2235145, 4.7051053 ], [ -74.2235188, 4.7051061 ], [ -74.2235235, 4.7051022 ], [ -74.2235268, 4.7051018 ], [ -74.22353, 4.7051047 ], [ -74.2235291, 4.7051107 ], [ -74.2235307, 4.7051134 ], [ -74.223534, 4.7051139 ], [ -74.2235382, 4.7051108 ], [ -74.2235411, 4.7051115 ], [ -74.2235426, 4.705114 ], [ -74.2235412, 4.7051185 ], [ -74.2235423, 4.7051209 ], [ -74.2235446, 4.7051214 ], [ -74.2235491, 4.7051196 ], [ -74.2235511, 4.7051257 ], [ -74.2235561, 4.7051239 ], [ -74.2235587, 4.7051251 ], [ -74.2235575, 4.7051308 ], [ -74.2235588, 4.7051332 ], [ -74.223561, 4.7051336 ], [ -74.223565, 4.7051317 ], [ -74.2235666, 4.7051331 ], [ -74.2235674, 4.7051379 ], [ -74.2235725, 4.7051364 ], [ -74.2235754, 4.7051376 ], [ -74.2235762, 4.7051409 ], [ -74.2235733, 4.7051447 ], [ -74.2235733, 4.7051475 ], [ -74.223576, 4.7051498 ], [ -74.2235806, 4.7051484 ], [ -74.2235829, 4.7051493 ], [ -74.2235837, 4.7051515 ], [ -74.2235824, 4.7051559 ], [ -74.2235839, 4.7051588 ], [ -74.2235878, 4.7051599 ], [ -74.2235934, 4.7051557 ], [ -74.223598, 4.7051563 ], [ -74.2236002, 4.7051602 ], [ -74.223598, 4.7051661 ], [ -74.2235989, 4.7051694 ], [ -74.2236025, 4.705171 ], [ -74.2236073, 4.7051682 ], [ -74.2236104, 4.7051687 ], [ -74.223612, 4.7051715 ], [ -74.2236111, 4.7051776 ], [ -74.2236136, 4.7051787 ], [ -74.2236189, 4.705177 ], [ -74.2236197, 4.7051823 ], [ -74.2236216, 4.7051847 ], [ -74.2236253, 4.7051848 ], [ -74.2236295, 4.7051801 ], [ -74.2236336, 4.7051798 ], [ -74.2236362, 4.7051827 ], [ -74.2236355, 4.7051886 ], [ -74.2236372, 4.7051917 ], [ -74.2236415, 4.7051924 ], [ -74.2236459, 4.7051877 ], [ -74.2236498, 4.7051873 ], [ -74.2236522, 4.7051898 ], [ -74.2236535, 4.7051973 ], [ -74.2236588, 4.7052005 ], [ -74.2236646, 4.7051983 ], [ -74.2236697, 4.7051893 ], [ -74.2236764, 4.7051886 ], [ -74.2236801, 4.7051919 ], [ -74.2236809, 4.7051986 ], [ -74.2236831, 4.7052011 ], [ -74.2236868, 4.7052011 ], [ -74.223692, 4.7051965 ], [ -74.2236967, 4.7051978 ], [ -74.2236982, 4.705201 ], [ -74.2236968, 4.7052072 ], [ -74.2236977, 4.7052119 ], [ -74.2237008, 4.7052159 ], [ -74.2237057, 4.7052181 ], [ -74.2237104, 4.7052178 ], [ -74.2237145, 4.7052155 ], [ -74.2237192, 4.7052062 ], [ -74.2237223, 4.705203 ], [ -74.2237267, 4.7052015 ], [ -74.2237311, 4.7052019 ], [ -74.2237367, 4.7052066 ], [ -74.2237393, 4.7052164 ], [ -74.2237424, 4.7052167 ], [ -74.2237465, 4.7052132 ], [ -74.2237499, 4.7052142 ], [ -74.2237509, 4.7052167 ], [ -74.2237499, 4.7052219 ], [ -74.2237522, 4.7052249 ], [ -74.2237562, 4.7052251 ], [ -74.2237602, 4.7052204 ], [ -74.2237638, 4.7052199 ], [ -74.2237664, 4.7052223 ], [ -74.2237672, 4.7052283 ], [ -74.2237708, 4.7052302 ], [ -74.2237734, 4.7052292 ], [ -74.2237767, 4.705225 ], [ -74.2237806, 4.7052248 ], [ -74.2237833, 4.705228 ], [ -74.2237831, 4.7052355 ], [ -74.2237873, 4.7052386 ], [ -74.2237916, 4.7052374 ], [ -74.2237958, 4.7052317 ], [ -74.2238002, 4.7052314 ], [ -74.2238031, 4.7052341 ], [ -74.2238038, 4.7052398 ], [ -74.2238058, 4.7052405 ], [ -74.2238087, 4.7052382 ], [ -74.2238109, 4.7052385 ], [ -74.2238126, 4.7052465 ], [ -74.2238177, 4.7052503 ], [ -74.2238249, 4.7052487 ], [ -74.2238291, 4.7052413 ], [ -74.223832, 4.7052387 ], [ -74.2238359, 4.7052377 ], [ -74.2238399, 4.7052386 ], [ -74.2238446, 4.7052446 ], [ -74.2238432, 4.7052546 ], [ -74.2238461, 4.7052562 ], [ -74.2238517, 4.7052548 ], [ -74.2238526, 4.7052605 ], [ -74.2238548, 4.7052632 ], [ -74.2238592, 4.7052636 ], [ -74.2238649, 4.7052576 ], [ -74.2238704, 4.7052575 ], [ -74.2238735, 4.7052614 ], [ -74.2238718, 4.7052692 ], [ -74.2238742, 4.7052733 ], [ -74.2238782, 4.7052739 ], [ -74.2238832, 4.7052699 ], [ -74.2238871, 4.7052699 ], [ -74.2238895, 4.705273 ], [ -74.2238886, 4.7052783 ], [ -74.2238898, 4.705281 ], [ -74.2238932, 4.7052817 ], [ -74.2238969, 4.7052783 ], [ -74.2238997, 4.7052783 ], [ -74.2239014, 4.7052802 ], [ -74.2239018, 4.7052848 ], [ -74.2239039, 4.7052855 ], [ -74.2239066, 4.7052832 ], [ -74.2239087, 4.7052834 ], [ -74.2239099, 4.7052891 ], [ -74.2239125, 4.7052914 ], [ -74.2239158, 4.7052909 ], [ -74.2239201, 4.7052867 ], [ -74.2239242, 4.7052869 ], [ -74.2239269, 4.7052907 ], [ -74.2239247, 4.7052974 ], [ -74.2239264, 4.7053011 ], [ -74.2239296, 4.7053019 ], [ -74.2239341, 4.7052992 ], [ -74.2239372, 4.7052997 ], [ -74.2239388, 4.7053023 ], [ -74.223938, 4.7053083 ], [ -74.2239411, 4.7053112 ], [ -74.2239444, 4.7053108 ], [ -74.2239495, 4.7053069 ], [ -74.2239542, 4.7053085 ], [ -74.2239555, 4.7053122 ], [ -74.2239535, 4.7053187 ], [ -74.2239558, 4.7053223 ], [ -74.2239599, 4.705323 ], [ -74.2239648, 4.7053191 ], [ -74.2239684, 4.7053189 ], [ -74.223971, 4.7053216 ], [ -74.2239706, 4.7053284 ], [ -74.2239732, 4.705332 ], [ -74.2239779, 4.7053324 ], [ -74.2239832, 4.7053272 ], [ -74.2239878, 4.7053266 ], [ -74.2239919, 4.7053307 ], [ -74.2239903, 4.7053387 ], [ -74.2239923, 4.7053426 ], [ -74.2239962, 4.7053435 ], [ -74.2240034, 4.7053404 ], [ -74.2240081, 4.705342 ], [ -74.2240105, 4.7053453 ], [ -74.2240107, 4.7053494 ], [ -74.2240042, 4.7053567 ], [ -74.2240033, 4.7053612 ], [ -74.224007, 4.7053659 ], [ -74.2240146, 4.7053657 ], [ -74.2240177, 4.7053679 ], [ -74.2240179, 4.7053721 ], [ -74.2240133, 4.7053777 ], [ -74.2240155, 4.7053824 ], [ -74.224023, 4.7053816 ], [ -74.2240239, 4.7053865 ], [ -74.2240255, 4.7053878 ], [ -74.2240312, 4.7053856 ], [ -74.224032, 4.7053905 ], [ -74.2240337, 4.7053919 ], [ -74.2240379, 4.7053887 ], [ -74.2240403, 4.7053905 ], [ -74.2240422, 4.7053884 ], [ -74.2240463, 4.7053891 ], [ -74.2240492, 4.705392 ], [ -74.2240479, 4.7053967 ], [ -74.224049, 4.7053995 ], [ -74.2240524, 4.7054004 ], [ -74.2240562, 4.705397 ], [ -74.224059, 4.705397 ], [ -74.2240608, 4.705399 ], [ -74.224061, 4.7054038 ], [ -74.2240636, 4.705406 ], [ -74.2240671, 4.7054055 ], [ -74.2240712, 4.7054008 ], [ -74.2240751, 4.705401 ], [ -74.2240775, 4.7054042 ], [ -74.2240768, 4.7054109 ], [ -74.2240792, 4.705412 ], [ -74.2240826, 4.70541 ], [ -74.2240846, 4.7054104 ], [ -74.2240861, 4.7054181 ], [ -74.2240909, 4.7054221 ], [ -74.2240948, 4.7054224 ], [ -74.2240985, 4.7054207 ], [ -74.2241033, 4.7054112 ], [ -74.2241085, 4.7054081 ], [ -74.2241124, 4.7054085 ], [ -74.2241159, 4.7054108 ], [ -74.2241177, 4.7054141 ], [ -74.2241187, 4.7054217 ], [ -74.2241238, 4.7054254 ], [ -74.2241299, 4.7054237 ], [ -74.2241353, 4.7054151 ], [ -74.224141, 4.7054141 ], [ -74.2241462, 4.7054186 ], [ -74.2241463, 4.7054273 ], [ -74.2241487, 4.7054284 ], [ -74.2241519, 4.7054264 ], [ -74.224154, 4.7054268 ], [ -74.2241553, 4.7054338 ], [ -74.2241592, 4.7054374 ], [ -74.2241656, 4.7054367 ], [ -74.2241713, 4.7054272 ], [ -74.2241777, 4.7054256 ], [ -74.2241824, 4.7054291 ], [ -74.2241832, 4.7054357 ], [ -74.2241882, 4.7054365 ], [ -74.2241871, 4.7054431 ], [ -74.2241904, 4.7054469 ], [ -74.2241951, 4.7054467 ], [ -74.2241994, 4.7054409 ], [ -74.2242036, 4.7054398 ], [ -74.2242072, 4.7054424 ], [ -74.2242085, 4.7054489 ], [ -74.2242136, 4.7054472 ], [ -74.2242161, 4.7054482 ], [ -74.2242156, 4.7054551 ], [ -74.2242185, 4.7054584 ], [ -74.2242222, 4.7054581 ], [ -74.2242256, 4.7054539 ], [ -74.2242285, 4.705453 ], [ -74.2242316, 4.7054548 ], [ -74.2242326, 4.7054614 ], [ -74.2242361, 4.7054643 ], [ -74.2242404, 4.7054634 ], [ -74.2242437, 4.7054578 ], [ -74.2242472, 4.7054561 ], [ -74.2242517, 4.7054582 ], [ -74.2242529, 4.705465 ], [ -74.2242555, 4.7054674 ], [ -74.2242592, 4.7054668 ], [ -74.2242631, 4.7054622 ], [ -74.224267, 4.7054623 ], [ -74.2242694, 4.7054654 ], [ -74.2242682, 4.7054705 ], [ -74.2242693, 4.7054728 ], [ -74.2242716, 4.7054733 ], [ -74.2242762, 4.7054715 ], [ -74.2242771, 4.7054765 ], [ -74.2242789, 4.7054779 ], [ -74.2242844, 4.7054756 ], [ -74.2242862, 4.7054817 ], [ -74.2242913, 4.7054799 ], [ -74.2242938, 4.7054811 ], [ -74.2242943, 4.7054834 ], [ -74.2242927, 4.7054868 ], [ -74.2242938, 4.7054891 ], [ -74.2242998, 4.7054883 ], [ -74.2243024, 4.7054895 ], [ -74.2243032, 4.705493 ], [ -74.2243001, 4.7054978 ], [ -74.2243015, 4.705501 ], [ -74.2243041, 4.7055018 ], [ -74.224309, 4.7055003 ], [ -74.22431, 4.7055057 ], [ -74.2243125, 4.7055075 ], [ -74.2243149, 4.7055068 ], [ -74.2243177, 4.7055033 ], [ -74.2243208, 4.7055036 ], [ -74.2243222, 4.7055056 ], [ -74.2243221, 4.7055093 ], [ -74.2243272, 4.7055104 ], [ -74.2243256, 4.7055158 ], [ -74.2243278, 4.7055189 ], [ -74.2243307, 4.7055189 ], [ -74.2243347, 4.705516 ], [ -74.2243379, 4.7055169 ], [ -74.2243391, 4.7055194 ], [ -74.2243376, 4.7055235 ], [ -74.2243385, 4.7055257 ], [ -74.2243407, 4.7055266 ], [ -74.2243459, 4.7055252 ], [ -74.2243475, 4.7055275 ], [ -74.2243458, 4.7055315 ], [ -74.2243467, 4.705534 ], [ -74.224349, 4.7055348 ], [ -74.2243531, 4.7055333 ], [ -74.2243558, 4.705535 ], [ -74.2243563, 4.7055379 ], [ -74.2243535, 4.7055417 ], [ -74.2243534, 4.7055445 ], [ -74.2243561, 4.7055468 ], [ -74.2243607, 4.7055454 ], [ -74.224363, 4.7055463 ], [ -74.2243638, 4.7055485 ], [ -74.2243625, 4.705553 ], [ -74.2243641, 4.7055559 ], [ -74.2243685, 4.7055567 ], [ -74.2243745, 4.7055524 ], [ -74.2243787, 4.7055537 ], [ -74.2243803, 4.7055576 ], [ -74.2243785, 4.7055646 ], [ -74.2243812, 4.7055686 ], [ -74.2243859, 4.7055694 ], [ -74.2243923, 4.7055642 ], [ -74.2243973, 4.7055644 ], [ -74.2244005, 4.7055691 ], [ -74.2243982, 4.7055752 ], [ -74.2243988, 4.705578 ], [ -74.2244017, 4.7055795 ], [ -74.2244071, 4.705578 ], [ -74.2244078, 4.7055828 ], [ -74.2244093, 4.7055842 ], [ -74.2244135, 4.7055823 ], [ -74.2244158, 4.7055828 ], [ -74.2244169, 4.7055851 ], [ -74.2244157, 4.70559 ], [ -74.2244175, 4.7055929 ], [ -74.2244218, 4.7055934 ], [ -74.2244259, 4.7055888 ], [ -74.2244294, 4.7055882 ], [ -74.2244322, 4.7055906 ], [ -74.224433, 4.7055967 ], [ -74.2244366, 4.7055985 ], [ -74.2244395, 4.7055973 ], [ -74.2244424, 4.7055928 ], [ -74.224446, 4.7055923 ], [ -74.2244486, 4.7055949 ], [ -74.2244497, 4.7056021 ], [ -74.2244539, 4.7056053 ], [ -74.2244604, 4.705604 ], [ -74.2244666, 4.7055949 ], [ -74.2244731, 4.7055946 ], [ -74.2244772, 4.705599 ], [ -74.2244775, 4.7056078 ], [ -74.2244799, 4.7056084 ], [ -74.2244844, 4.7056065 ], [ -74.2244862, 4.7056125 ], [ -74.2244926, 4.7056106 ], [ -74.2244941, 4.7056164 ], [ -74.2244961, 4.705617 ], [ -74.2245009, 4.7056152 ], [ -74.2245026, 4.7056171 ] ] ] } },
{ "type": "Feature", "properties": { "AREA": 112389.78124286979, "PERIMETER": 1890.53313164, "USO_PROPUE": 25, "USO_PROP_1": 6380, "SIMBOLO_MA": "20", "DESC_MAPA": "Parques", "GRUPO": "Suelo de Desarrollo Rural", "SUB_GRUPO": "Zonas de Actividad Turística y/o Ecoturística", "SIMBOLO": "A-TE", "CLAS_CIAF": "1a" }, "geometry": { "type": "Polygon", "coordinates": [ [ [ -74.2223997, 4.7050632 ], [ -74.2214451, 4.7056071 ], [ -74.2213739, 4.70565 ], [ -74.2196075, 4.7035275 ], [ -74.219556, 4.7034781 ], [ -74.2195049, 4.7035275 ], [ -74.2175865, 4.7048844 ], [ -74.217529, 4.7049208 ], [ -74.2175123, 4.7048844 ], [ -74.2174469, 4.704794 ], [ -74.2162848, 4.7028952 ], [ -74.2162322, 4.7028047 ], [ -74.2163314, 4.7027143 ], [ -74.2166608, 4.7024429 ], [ -74.2167533, 4.7023525 ], [ -74.2165971, 4.7019456 ], [ -74.2167597, 4.7019908 ], [ -74.2178383, 4.702081 ], [ -74.2181524, 4.7021714 ], [ -74.2185456, 4.7022617 ], [ -74.2193916, 4.7024424 ], [ -74.2197056, 4.7025328 ], [ -74.219908, 4.7026232 ], [ -74.2202083, 4.7028944 ], [ -74.2204713, 4.7030752 ], [ -74.2206829, 4.703256 ], [ -74.2207415, 4.7033464 ], [ -74.2208433, 4.7035273 ], [ -74.2209793, 4.7037985 ], [ -74.2211947, 4.7041602 ], [ -74.2214624, 4.7044315 ], [ -74.221565, 4.7045219 ], [ -74.2216747, 4.7046123 ], [ -74.2217964, 4.7047027 ], [ -74.2220861, 4.7048835 ], [ -74.2223997, 4.7050632 ] ] ] } },
{ "type": "Feature", "properties": { "AREA": 265034.67806951038, "PERIMETER": 5795.9162697900001, "USO_PROPUE": 26, "USO_PROP_1": 6379, "SIMBOLO_MA": null, "DESC_MAPA": "Cienaga Guali", "GRUPO": "Suelo de Protección y de Importancia Ambiental", "SUB_GRUPO": "Protección Hídrica", "SIMBOLO": "PH", "CLAS_CIAF": "3a" }, "geometry": { "type": "Polygon", "coordinates": [ [ [ -74.2245001, 4.7056219 ], [ -74.2245026, 4.7056171 ], [ -74.2245009, 4.7056152 ], [ -74.2244961, 4.705617 ], [ -74.2244941, 4.7056164 ], [ -74.2244926, 4.7056106 ], [ -74.2244862, 4.7056125 ], [ -74.2244844, 4.7056065 ], [ -74.2244799, 4.7056084 ], [ -74.2244775, 4.7056078 ], [ -74.2244772, 4.705599 ], [ -74.2244731, 4.7055946 ], [ -74.2244666, 4.7055949 ], [ -74.2244604, 4.705604 ], [ -74.2244539, 4.7056053 ], [ -74.2244497, 4.7056021 ], [ -74.2244486, 4.7055949 ], [ -74.224446, 4.7055923 ], [ -74.2244424, 4.7055928 ], [ -74.2244395, 4.7055973 ], [ -74.2244366, 4.7055985 ], [ -74.224433, 4.7055967 ], [ -74.2244322, 4.7055906 ], [ -74.2244294, 4.7055882 ], [ -74.2244259, 4.7055888 ], [ -74.2244218, 4.7055934 ], [ -74.2244175, 4.7055929 ], [ -74.2244157, 4.70559 ], [ -74.2244169, 4.7055851 ], [ -74.2244158, 4.7055828 ], [ -74.2244135, 4.7055823 ], [ -74.2244093, 4.7055842 ], [ -74.2244078, 4.7055828 ], [ -74.2244071, 4.705578 ], [ -74.2244017, 4.7055795 ], [ -74.2243988, 4.705578 ], [ -74.2243982, 4.7055752 ], [ -74.2244005, 4.7055691 ], [ -74.2243973, 4.7055644 ], [ -74.2243923, 4.7055642 ], [ -74.2243859, 4.7055694 ], [ -74.2243812, 4.7055686 ], [ -74.2243785, 4.7055646 ], [ -74.2243803, 4.7055576 ], [ -74.2243787, 4.7055537 ], [ -74.2243745, 4.7055524 ], [ -74.2243685, 4.7055567 ], [ -74.2243641, 4.7055559 ], [ -74.2243625, 4.705553 ], [ -74.2243638, 4.7055485 ], [ -74.224363, 4.7055463 ], [ -74.2243607, 4.7055454 ], [ -74.2243561, 4.7055468 ], [ -74.2243534, 4.7055445 ], [ -74.2243535, 4.7055417 ], [ -74.2243563, 4.7055379 ], [ -74.2243558, 4.705535 ], [ -74.2243531, 4.7055333 ], [ -74.224349, 4.7055348 ], [ -74.2243467, 4.705534 ], [ -74.2243458, 4.7055315 ], [ -74.2243475, 4.7055275 ], [ -74.2243459, 4.7055252 ], [ -74.2243407, 4.7055266 ], [ -74.2243385, 4.7055257 ], [ -74.2243376, 4.7055235 ], [ -74.2243391, 4.7055194 ], [ -74.2243379, 4.7055169 ], [ -74.2243347, 4.705516 ], [ -74.2243307, 4.7055189 ], [ -74.2243278, 4.7055189 ], [ -74.2243256, 4.7055158 ], [ -74.2243272, 4.7055104 ], [ -74.2243221, 4.7055093 ], [ -74.2243222, 4.7055056 ], [ -74.2243208, 4.7055036 ], [ -74.2243177, 4.7055033 ], [ -74.2243149, 4.7055068 ], [ -74.2243125, 4.7055075 ], [ -74.22431, 4.7055057 ], [ -74.224309, 4.7055003 ], [ -74.2243041, 4.7055018 ], [ -74.2243015, 4.705501 ], [ -74.2243001, 4.7054978 ], [ -74.2243032, 4.705493 ], [ -74.2243024, 4.7054895 ], [ -74.2242998, 4.7054883 ], [ -74.2242938, 4.7054891 ], [ -74.2242927, 4.7054868 ], [ -74.2242943, 4.7054834 ], [ -74.2242938, 4.7054811 ], [ -74.2242913, 4.7054799 ], [ -74.2242862, 4.7054817 ], [ -74.2242844, 4.7054756 ], [ -74.2242789, 4.7054779 ], [ -74.2242771, 4.7054765 ], [ -74.2242762, 4.7054715 ], [ -74.2242716, 4.7054733 ], [ -74.2242693, 4.7054728 ], [ -74.2242682, 4.7054705 ], [ -74.2242694, 4.7054654 ], [ -74.224267, 4.7054623 ], [ -74.2242631, 4.7054622 ], [ -74.2242592, 4.7054668 ], [ -74.2242555, 4.7054674 ], [ -74.2242529, 4.705465 ], [ -74.2242517, 4.7054582 ], [ -74.2242472, 4.7054561 ], [ -74.2242437, 4.7054578 ], [ -74.2242404, 4.7054634 ], [ -74.2242361, 4.7054643 ], [ -74.2242326, 4.7054614 ], [ -74.2242316, 4.7054548 ], [ -74.2242285, 4.705453 ], [ -74.2242256, 4.7054539 ], [ -74.2242222, 4.7054581 ], [ -74.2242185, 4.7054584 ], [ -74.2242156, 4.7054551 ], [ -74.2242161, 4.7054482 ], [ -74.2242136, 4.7054472 ], [ -74.2242085, 4.7054489 ], [ -74.2242072, 4.7054424 ], [ -74.2242036, 4.7054398 ], [ -74.2241994, 4.7054409 ], [ -74.2241951, 4.7054467 ], [ -74.2241904, 4.7054469 ], [ -74.2241871, 4.7054431 ], [ -74.2241882, 4.7054365 ], [ -74.2241832, 4.7054357 ], [ -74.2241824, 4.7054291 ], [ -74.2241777, 4.7054256 ], [ -74.2241713, 4.7054272 ], [ -74.2241656, 4.7054367 ], [ -74.2241592, 4.7054374 ], [ -74.2241553, 4.7054338 ], [ -74.224154, 4.7054268 ], [ -74.2241519, 4.7054264 ], [ -74.2241487, 4.7054284 ], [ -74.2241463, 4.7054273 ], [ -74.2241462, 4.7054186 ], [ -74.224141, 4.7054141 ], [ -74.2241353, 4.7054151 ], [ -74.2241299, 4.7054237 ], [ -74.2241238, 4.7054254 ], [ -74.2241187, 4.7054217 ], [ -74.2241177, 4.7054141 ], [ -74.2241159, 4.7054108 ], [ -74.2241124, 4.7054085 ], [ -74.2241085, 4.7054081 ], [ -74.2241033, 4.7054112 ], [ -74.2240985, 4.7054207 ], [ -74.2240948, 4.7054224 ], [ -74.2240909, 4.7054221 ], [ -74.2240861, 4.7054181 ], [ -74.2240846, 4.7054104 ], [ -74.2240826, 4.70541 ], [ -74.2240792, 4.705412 ], [ -74.2240768, 4.7054109 ], [ -74.2240775, 4.7054042 ], [ -74.2240751, 4.705401 ], [ -74.2240712, 4.7054008 ], [ -74.2240671, 4.7054055 ], [ -74.2240636, 4.705406 ], [ -74.224061, 4.7054038 ], [ -74.2240608, 4.705399 ], [ -74.224059, 4.705397 ], [ -74.2240562, 4.705397 ], [ -74.2240524, 4.7054004 ], [ -74.224049, 4.7053995 ], [ -74.2240479, 4.7053967 ], [ -74.2240492, 4.705392 ], [ -74.2240463, 4.7053891 ], [ -74.2240422, 4.7053884 ], [ -74.2240403, 4.7053905 ], [ -74.2240379, 4.7053887 ], [ -74.2240337, 4.7053919 ], [ -74.224032, 4.7053905 ], [ -74.2240312, 4.7053856 ], [ -74.2240255, 4.7053878 ], [ -74.2240239, 4.7053865 ], [ -74.224023, 4.7053816 ], [ -74.2240155, 4.7053824 ], [ -74.2240133, 4.7053777 ], [ -74.2240179, 4.7053721 ], [ -74.2240177, 4.7053679 ], [ -74.2240146, 4.7053657 ], [ -74.224007, 4.7053659 ], [ -74.2240033, 4.7053612 ], [ -74.2240042, 4.7053567 ], [ -74.2240107, 4.7053494 ], [ -74.2240105, 4.7053453 ], [ -74.2240081, 4.705342 ], [ -74.2240034, 4.7053404 ], [ -74.2239962, 4.7053435 ], [ -74.2239923, 4.7053426 ], [ -74.2239903, 4.7053387 ], [ -74.2239919, 4.7053307 ], [ -74.2239878, 4.7053266 ], [ -74.2239832, 4.7053272 ], [ -74.2239779, 4.7053324 ], [ -74.2239732, 4.705332 ], [ -74.2239706, 4.7053284 ], [ -74.223971, 4.7053216 ], [ -74.2239684, 4.7053189 ], [ -74.2239648, 4.7053191 ], [ -74.2239599, 4.705323 ], [ -74.2239558, 4.7053223 ], [ -74.2239535, 4.7053187 ], [ -74.2239555, 4.7053122 ], [ -74.2239542, 4.7053085 ], [ -74.2239495, 4.7053069 ], [ -74.2239444, 4.7053108 ], [ -74.2239411, 4.7053112 ], [ -74.223938, 4.7053083 ], [ -74.2239388, 4.7053023 ], [ -74.2239372, 4.7052997 ], [ -74.2239341, 4.7052992 ], [ -74.2239296, 4.7053019 ], [ -74.2239264, 4.7053011 ], [ -74.2239247, 4.7052974 ], [ -74.2239269, 4.7052907 ], [ -74.2239242, 4.7052869 ], [ -74.2239201, 4.7052867 ], [ -74.2239158, 4.7052909 ], [ -74.2239125, 4.7052914 ], [ -74.2239099, 4.7052891 ], [ -74.2239087, 4.7052834 ], [ -74.2239066, 4.7052832 ], [ -74.2239039, 4.7052855 ], [ -74.2239018, 4.7052848 ], [ -74.2239014, 4.7052802 ], [ -74.2238997, 4.7052783 ], [ -74.2238969, 4.7052783 ], [ -74.2238932, 4.7052817 ], [ -74.2238898, 4.705281 ], [ -74.2238886, 4.7052783 ], [ -74.2238895, 4.705273 ], [ -74.2238871, 4.7052699 ], [ -74.2238832, 4.7052699 ], [ -74.2238782, 4.7052739 ], [ -74.2238742, 4.7052733 ], [ -74.2238718, 4.7052692 ], [ -74.2238735, 4.7052614 ], [ -74.2238704, 4.7052575 ], [ -74.2238649, 4.7052576 ], [ -74.2238592, 4.7052636 ], [ -74.2238548, 4.7052632 ], [ -74.2238526, 4.7052605 ], [ -74.2238517, 4.7052548 ], [ -74.2238461, 4.7052562 ], [ -74.2238432, 4.7052546 ], [ -74.2238446, 4.7052446 ], [ -74.2238399, 4.7052386 ], [ -74.2238359, 4.7052377 ], [ -74.223832, 4.7052387 ], [ -74.2238291, 4.7052413 ], [ -74.2238249, 4.7052487 ], [ -74.2238177, 4.7052503 ], [ -74.2238126, 4.7052465 ], [ -74.2238109, 4.7052385 ], [ -74.2238087, 4.7052382 ], [ -74.2238058, 4.7052405 ], [ -74.2238038, 4.7052398 ], [ -74.2238031, 4.7052341 ], [ -74.2238002, 4.7052314 ], [ -74.2237958, 4.7052317 ], [ -74.2237916, 4.7052374 ], [ -74.2237873, 4.7052386 ], [ -74.2237831, 4.7052355 ], [ -74.2237833, 4.705228 ], [ -74.2237806, 4.7052248 ], [ -74.2237767, 4.705225 ], [ -74.2237734, 4.7052292 ], [ -74.2237708, 4.7052302 ], [ -74.2237672, 4.7052283 ], [ -74.2237664, 4.7052223 ], [ -74.2237638, 4.7052199 ], [ -74.2237602, 4.7052204 ], [ -74.2237562, 4.7052251 ], [ -74.2237522, 4.7052249 ], [ -74.2237499, 4.7052219 ], [ -74.2237509, 4.7052167 ], [ -74.2237499, 4.7052142 ], [ -74.2237465, 4.7052132 ], [ -74.2237424, 4.7052167 ], [ -74.2237393, 4.7052164 ], [ -74.2237367, 4.7052066 ], [ -74.2237311, 4.7052019 ], [ -74.2237267, 4.7052015 ], [ -74.2237223, 4.705203 ], [ -74.2237192, 4.7052062 ], [ -74.2237145, 4.7052155 ], [ -74.2237104, 4.7052178 ], [ -74.2237057, 4.7052181 ], [ -74.2237008, 4.7052159 ], [ -74.2236977, 4.7052119 ], [ -74.2236968, 4.7052072 ], [ -74.2236982, 4.705201 ], [ -74.2236967, 4.7051978 ], [ -74.223692, 4.7051965 ], [ -74.2236868, 4.7052011 ], [ -74.2236831, 4.7052011 ], [ -74.2236809, 4.7051986 ], [ -74.2236801, 4.7051919 ], [ -74.2236764, 4.7051886 ], [ -74.2236697, 4.7051893 ], [ -74.2236646, 4.7051983 ], [ -74.2236588, 4.7052005 ], [ -74.2236535, 4.7051973 ], [ -74.2236522, 4.7051898 ], [ -74.2236498, 4.7051873 ], [ -74.2236459, 4.7051877 ], [ -74.2236415, 4.7051924 ], [ -74.2236372, 4.7051917 ], [ -74.2236355, 4.7051886 ], [ -74.2236362, 4.7051827 ], [ -74.2236336, 4.7051798 ], [ -74.2236295, 4.7051801 ], [ -74.2236253, 4.7051848 ], [ -74.2236216, 4.7051847 ], [ -74.2236197, 4.7051823 ], [ -74.2236189, 4.705177 ], [ -74.2236136, 4.7051787 ], [ -74.2236111, 4.7051776 ], [ -74.223612, 4.7051715 ], [ -74.2236104, 4.7051687 ], [ -74.2236073, 4.7051682 ], [ -74.2236025, 4.705171 ], [ -74.2235989, 4.7051694 ], [ -74.223598, 4.7051661 ], [ -74.2236002, 4.7051602 ], [ -74.223598, 4.7051563 ], [ -74.2235934, 4.7051557 ], [ -74.2235878, 4.7051599 ], [ -74.2235839, 4.7051588 ], [ -74.2235824, 4.7051559 ], [ -74.2235837, 4.7051515 ], [ -74.2235829, 4.7051493 ], [ -74.2235806, 4.7051484 ], [ -74.223576, 4.7051498 ], [ -74.2235733, 4.7051475 ], [ -74.2235733, 4.7051447 ], [ -74.2235762, 4.7051409 ], [ -74.2235754, 4.7051376 ], [ -74.2235725, 4.7051364 ], [ -74.2235674, 4.7051379 ], [ -74.2235666, 4.7051331 ], [ -74.223565, 4.7051317 ], [ -74.223561, 4.7051336 ], [ -74.2235588, 4.7051332 ], [ -74.2235575, 4.7051308 ], [ -74.2235587, 4.7051251 ], [ -74.2235561, 4.7051239 ], [ -74.2235511, 4.7051257 ], [ -74.2235491, 4.7051196 ], [ -74.2235446, 4.7051214 ], [ -74.2235423, 4.7051209 ], [ -74.2235412, 4.7051185 ], [ -74.2235426, 4.705114 ], [ -74.2235411, 4.7051115 ], [ -74.2235382, 4.7051108 ], [ -74.223534, 4.7051139 ], [ -74.2235307, 4.7051134 ], [ -74.2235291, 4.7051107 ], [ -74.22353, 4.7051047 ], [ -74.2235268, 4.7051018 ], [ -74.2235235, 4.7051022 ], [ -74.2235188, 4.7051061 ], [ -74.2235145, 4.7051053 ], [ -74.2235124, 4.7051013 ], [ -74.2235149, 4.7050957 ], [ -74.2235142, 4.7050926 ], [ -74.2235113, 4.7050913 ], [ -74.2235061, 4.7050929 ], [ -74.2235053, 4.7050881 ], [ -74.2235038, 4.7050867 ], [ -74.2234997, 4.7050886 ], [ -74.2234974, 4.7050882 ], [ -74.2234962, 4.7050858 ], [ -74.2234974, 4.7050801 ], [ -74.2234921, 4.7050773 ], [ -74.2234889, 4.7050793 ], [ -74.2234888, 4.7050749 ], [ -74.2234873, 4.7050729 ], [ -74.2234844, 4.705073 ], [ -74.2234808, 4.705077 ], [ -74.2234774, 4.7050764 ], [ -74.223476, 4.7050735 ], [ -74.2234777, 4.7050685 ], [ -74.2234762, 4.7050672 ], [ -74.2234725, 4.7050673 ], [ -74.2234724, 4.7050628 ], [ -74.2234704, 4.70506 ], [ -74.2234659, 4.7050594 ], [ -74.22346, 4.7050655 ], [ -74.2234543, 4.7050654 ], [ -74.2234514, 4.7050613 ], [ -74.2234532, 4.7050542 ], [ -74.2234516, 4.7050504 ], [ -74.2234471, 4.7050491 ], [ -74.2234416, 4.7050532 ], [ -74.2234377, 4.705053 ], [ -74.2234354, 4.7050498 ], [ -74.2234359, 4.7050431 ], [ -74.2234327, 4.7050404 ], [ -74.2234295, 4.7050409 ], [ -74.223425, 4.7050447 ], [ -74.2234206, 4.705044 ], [ -74.2234185, 4.7050401 ], [ -74.2234207, 4.7050343 ], [ -74.2234199, 4.7050311 ], [ -74.2234163, 4.7050293 ], [ -74.2234111, 4.7050321 ], [ -74.2234079, 4.7050313 ], [ -74.2234066, 4.7050284 ], [ -74.2234082, 4.7050234 ], [ -74.2234031, 4.7050223 ], [ -74.223403, 4.7050177 ], [ -74.2234008, 4.7050149 ], [ -74.2233962, 4.7050144 ], [ -74.2233907, 4.7050204 ], [ -74.2233853, 4.7050206 ], [ -74.223382, 4.7050165 ], [ -74.223384, 4.7050091 ], [ -74.223382, 4.7050055 ], [ -74.2233781, 4.7050045 ], [ -74.2233701, 4.7050067 ], [ -74.2233649, 4.7050054 ], [ -74.2233584, 4.7050008 ], [ -74.2233539, 4.7049942 ], [ -74.2233472, 4.7049897 ], [ -74.2233159, 4.7049741 ], [ -74.2232941, 4.7049665 ], [ -74.2232724, 4.7049641 ], [ -74.2232554, 4.704966 ], [ -74.2231986, 4.7049798 ], [ -74.2231454, 4.704986 ], [ -74.2230997, 4.7049865 ], [ -74.2230651, 4.7049853 ], [ -74.222993, 4.7049782 ], [ -74.2229893, 4.7049748 ], [ -74.2229877, 4.70497 ], [ -74.2229876, 4.7048452 ], [ -74.2229842, 4.7048352 ], [ -74.2229768, 4.7048278 ], [ -74.222958, 4.70482 ], [ -74.2229389, 4.7048152 ], [ -74.2229169, 4.7048131 ], [ -74.2229042, 4.7048144 ], [ -74.2228949, 4.7048181 ], [ -74.2228861, 4.7048244 ], [ -74.2228786, 4.7048341 ], [ -74.2228708, 4.7048519 ], [ -74.2228651, 4.7048564 ], [ -74.222858, 4.7048582 ], [ -74.2228492, 4.7048562 ], [ -74.2228425, 4.70485 ], [ -74.22284, 4.7048424 ], [ -74.2228421, 4.70483 ], [ -74.222841, 4.7048222 ], [ -74.2228361, 4.7048147 ], [ -74.2228284, 4.7048102 ], [ -74.2228198, 4.7048097 ], [ -74.2228119, 4.704813 ], [ -74.222807, 4.704818 ], [ -74.2228014, 4.704829 ], [ -74.2227946, 4.7048345 ], [ -74.2227865, 4.7048363 ], [ -74.2227783, 4.7048346 ], [ -74.2227716, 4.7048295 ], [ -74.2227678, 4.7048223 ], [ -74.2227673, 4.7048147 ], [ -74.2227704, 4.7048046 ], [ -74.2227681, 4.7047987 ], [ -74.2227616, 4.7047961 ], [ -74.2227527, 4.7047997 ], [ -74.2227467, 4.7047997 ], [ -74.2227412, 4.7047971 ], [ -74.2227375, 4.7047922 ], [ -74.2227369, 4.7047827 ], [ -74.2227451, 4.7047707 ], [ -74.2227472, 4.7047613 ], [ -74.2227444, 4.704751 ], [ -74.2227367, 4.7047431 ], [ -74.2227278, 4.70474 ], [ -74.2227184, 4.7047411 ], [ -74.2227103, 4.704746 ], [ -74.2227031, 4.7047561 ], [ -74.222698, 4.7047604 ], [ -74.2226897, 4.7047628 ], [ -74.2226815, 4.7047615 ], [ -74.2226746, 4.7047569 ], [ -74.2226704, 4.7047497 ], [ -74.2226694, 4.7047426 ], [ -74.2226714, 4.7047299 ], [ -74.2226682, 4.7047207 ], [ -74.2226602, 4.7047125 ], [ -74.2226497, 4.704709 ], [ -74.2226429, 4.7047093 ], [ -74.2226365, 4.7047114 ], [ -74.2226197, 4.7047247 ], [ -74.2226066, 4.7047302 ], [ -74.2225907, 4.7047312 ], [ -74.2225763, 4.7047271 ], [ -74.2225523, 4.7047114 ], [ -74.2225311, 4.7046914 ], [ -74.2225265, 4.7046835 ], [ -74.2225236, 4.7046748 ], [ -74.2225244, 4.7046561 ], [ -74.2225222, 4.7046463 ], [ -74.2225156, 4.7046374 ], [ -74.2225058, 4.7046322 ], [ -74.2224947, 4.7046319 ], [ -74.222485, 4.7046363 ], [ -74.2224791, 4.7046425 ], [ -74.2224715, 4.704657 ], [ -74.2224622, 4.7046643 ], [ -74.2224503, 4.7046669 ], [ -74.2224384, 4.7046641 ], [ -74.2224296, 4.704657 ], [ -74.2224243, 4.7046468 ], [ -74.2224238, 4.704635 ], [ -74.222429, 4.7046213 ], [ -74.2224299, 4.7046137 ], [ -74.2224272, 4.7046046 ], [ -74.222421, 4.7045974 ], [ -74.2224116, 4.7045935 ], [ -74.2224014, 4.7045942 ], [ -74.2223929, 4.7045993 ], [ -74.222386, 4.7046091 ], [ -74.2223812, 4.7046133 ], [ -74.2223737, 4.704616 ], [ -74.2223661, 4.7046154 ], [ -74.2223588, 4.7046115 ], [ -74.2223536, 4.7046045 ], [ -74.222352, 4.7045965 ], [ -74.2223542, 4.7045818 ], [ -74.2223516, 4.7045763 ], [ -74.2223469, 4.7045724 ], [ -74.2223414, 4.7045709 ], [ -74.2223358, 4.7045719 ], [ -74.2223313, 4.7045748 ], [ -74.2223235, 4.704584 ], [ -74.2223187, 4.7045859 ], [ -74.2223132, 4.7045857 ], [ -74.2223074, 4.7045826 ], [ -74.2223037, 4.7045773 ], [ -74.222303, 4.7045702 ], [ -74.2223068, 4.704559 ], [ -74.222305, 4.7045548 ], [ -74.2223004, 4.7045515 ], [ -74.2222916, 4.7045498 ], [ -74.2222748, 4.7045546 ], [ -74.2222604, 4.704555 ], [ -74.2222423, 4.7045503 ], [ -74.2222216, 4.7045415 ], [ -74.2222079, 4.704531 ], [ -74.2222024, 4.7045216 ], [ -74.2222028, 4.7045118 ], [ -74.2222093, 4.7045011 ], [ -74.222211, 4.7044952 ], [ -74.2222106, 4.7044882 ], [ -74.2222076, 4.7044819 ], [ -74.2222015, 4.7044767 ], [ -74.2221577, 4.7044562 ], [ -74.2221305, 4.7044465 ], [ -74.2221015, 4.7044405 ], [ -74.2220757, 4.7044386 ], [ -74.2220462, 4.7044403 ], [ -74.2220172, 4.7044461 ], [ -74.2219859, 4.7044575 ], [ -74.2219568, 4.7044736 ], [ -74.2219225, 4.7044987 ], [ -74.2218987, 4.7045084 ], [ -74.2218795, 4.7045112 ], [ -74.2218602, 4.7045098 ], [ -74.2218416, 4.7045045 ], [ -74.2218258, 4.7044963 ], [ -74.2218143, 4.7044875 ], [ -74.2218043, 4.7044769 ], [ -74.221796, 4.7044649 ], [ -74.2217899, 4.704452 ], [ -74.2217879, 4.7044413 ], [ -74.2217883, 4.7044313 ], [ -74.2217906, 4.7044223 ], [ -74.2217964, 4.7044094 ], [ -74.2217976, 4.7043995 ], [ -74.2217944, 4.7043873 ], [ -74.2217863, 4.7043774 ], [ -74.221774, 4.7043714 ], [ -74.2217603, 4.7043714 ], [ -74.2217484, 4.7043772 ], [ -74.2217374, 4.7043901 ], [ -74.22173, 4.7043953 ], [ -74.2217195, 4.7043979 ], [ -74.2217088, 4.7043963 ], [ -74.2216982, 4.7043891 ], [ -74.2216921, 4.7043782 ], [ -74.2216914, 4.7043665 ], [ -74.2216967, 4.7043523 ], [ -74.2216976, 4.7043447 ], [ -74.2216949, 4.7043356 ], [ -74.2216887, 4.7043284 ], [ -74.2216793, 4.7043245 ], [ -74.2216691, 4.7043252 ], [ -74.2216606, 4.7043302 ], [ -74.2216537, 4.7043401 ], [ -74.2216486, 4.7043445 ], [ -74.2216414, 4.704347 ], [ -74.2216338, 4.7043464 ], [ -74.2216259, 4.704342 ], [ -74.2216209, 4.7043346 ], [ -74.2216199, 4.7043262 ], [ -74.2216231, 4.7043151 ], [ -74.2216203, 4.7043091 ], [ -74.2216153, 4.7043072 ], [ -74.2216039, 4.7043099 ], [ -74.2215946, 4.7043091 ], [ -74.2215853, 4.704305 ], [ -74.2215779, 4.704298 ], [ -74.2215741, 4.7042915 ], [ -74.2215719, 4.7042843 ], [ -74.2215717, 4.7042762 ], [ -74.2215733, 4.7042688 ], [ -74.2215811, 4.7042567 ], [ -74.2215998, 4.7042453 ], [ -74.2216087, 4.7042351 ], [ -74.2216118, 4.7042278 ], [ -74.2216133, 4.7042199 ], [ -74.2216129, 4.7042119 ], [ -74.2216108, 4.7042042 ], [ -74.2216063, 4.7041962 ], [ -74.2215998, 4.7041896 ], [ -74.2215919, 4.7041849 ], [ -74.2215826, 4.7041824 ], [ -74.2215748, 4.7041824 ], [ -74.2215665, 4.7041843 ], [ -74.2215459, 4.7041961 ], [ -74.2215385, 4.7041966 ], [ -74.2215314, 4.7041945 ], [ -74.2215237, 4.7041881 ], [ -74.2215196, 4.7041784 ], [ -74.2215203, 4.7041686 ], [ -74.2215266, 4.7041574 ], [ -74.221528, 4.7041516 ], [ -74.2215269, 4.7041442 ], [ -74.2215227, 4.7041379 ], [ -74.2215166, 4.7041342 ], [ -74.2215097, 4.7041333 ], [ -74.2214933, 4.7041401 ], [ -74.2214831, 4.7041409 ], [ -74.2214734, 4.7041378 ], [ -74.2214657, 4.7041316 ], [ -74.2214598, 4.7041193 ], [ -74.2214604, 4.7041063 ], [ -74.2214652, 4.7040971 ], [ -74.221479, 4.7040828 ], [ -74.221484, 4.7040682 ], [ -74.2214823, 4.7040534 ], [ -74.2214746, 4.7040408 ], [ -74.2214619, 4.7040324 ], [ -74.2214466, 4.7040305 ], [ -74.2214321, 4.7040354 ], [ -74.2214176, 4.7040495 ], [ -74.2214084, 4.7040542 ], [ -74.2213954, 4.7040548 ], [ -74.2213839, 4.7040495 ], [ -74.221377, 4.7040412 ], [ -74.2213739, 4.7040309 ], [ -74.2213749, 4.7040207 ], [ -74.2213813, 4.7040058 ], [ -74.2213811, 4.7039996 ], [ -74.2213786, 4.703994 ], [ -74.2213728, 4.7039886 ], [ -74.2213651, 4.7039864 ], [ -74.2213572, 4.7039879 ], [ -74.2213483, 4.7039946 ], [ -74.2213424, 4.7039967 ], [ -74.2213346, 4.703996 ], [ -74.2213281, 4.7039919 ], [ -74.2213244, 4.703986 ], [ -74.2213231, 4.7039791 ], [ -74.2213243, 4.7039729 ], [ -74.2213309, 4.7039584 ], [ -74.2213309, 4.7039512 ], [ -74.2213287, 4.7039443 ], [ -74.2213234, 4.7039372 ], [ -74.2213159, 4.7039323 ], [ -74.2213076, 4.7039303 ], [ -74.221293, 4.7039306 ], [ -74.2212829, 4.7039247 ], [ -74.221278, 4.7039143 ], [ -74.2212796, 4.7039007 ], [ -74.221279, 4.703894 ], [ -74.221273, 4.7038832 ], [ -74.2212662, 4.7038785 ], [ -74.2212578, 4.7038766 ], [ -74.2212511, 4.7038774 ], [ -74.2212369, 4.7038823 ], [ -74.2212251, 4.7038819 ], [ -74.2212137, 4.703877 ], [ -74.2212051, 4.7038683 ], [ -74.2212007, 4.7038582 ], [ -74.2212002, 4.7038477 ], [ -74.221204, 4.7038363 ], [ -74.2212143, 4.7038248 ], [ -74.2212175, 4.7038184 ], [ -74.2212176, 4.703809 ], [ -74.2212132, 4.7038007 ], [ -74.2212035, 4.7037951 ], [ -74.2211752, 4.7037951 ], [ -74.2211612, 4.703792 ], [ -74.2211494, 4.7037875 ], [ -74.2211369, 4.7037805 ], [ -74.2211269, 4.7037727 ], [ -74.221118, 4.7037635 ], [ -74.2211097, 4.7037519 ], [ -74.2211001, 4.70373 ], [ -74.2210965, 4.7037064 ], [ -74.2210992, 4.7036827 ], [ -74.2211071, 4.7036619 ], [ -74.2211187, 4.7036448 ], [ -74.2211352, 4.7036299 ], [ -74.2211518, 4.7036206 ], [ -74.2211781, 4.7036122 ], [ -74.2211921, 4.7036058 ], [ -74.2212063, 4.7035962 ], [ -74.2212196, 4.703583 ], [ -74.2212319, 4.7035644 ], [ -74.2212392, 4.7035452 ], [ -74.2212425, 4.7035232 ], [ -74.2212407, 4.703501 ], [ -74.221234, 4.7034798 ], [ -74.2212227, 4.7034607 ], [ -74.2212088, 4.7034456 ], [ -74.2211905, 4.7034331 ], [ -74.2211574, 4.7034195 ], [ -74.221118, 4.7034061 ], [ -74.221097, 4.7034035 ], [ -74.2210662, 4.7034053 ], [ -74.2210576, 4.7034039 ], [ -74.2210519, 4.703401 ], [ -74.2210457, 4.7033928 ], [ -74.2210448, 4.7033827 ], [ -74.2210491, 4.7033738 ], [ -74.2210617, 4.7033652 ], [ -74.221067, 4.7033578 ], [ -74.2210687, 4.7033466 ], [ -74.2210648, 4.7033364 ], [ -74.2210579, 4.7033301 ], [ -74.2210494, 4.7033274 ], [ -74.2210424, 4.7033278 ], [ -74.2210258, 4.7033326 ], [ -74.2210115, 4.7033313 ], [ -74.220999, 4.7033248 ], [ -74.2209896, 4.7033144 ], [ -74.2209857, 4.7033058 ], [ -74.220984, 4.7032958 ], [ -74.2209847, 4.7032864 ], [ -74.220988, 4.7032769 ], [ -74.2209927, 4.7032695 ], [ -74.2209985, 4.7032639 ], [ -74.2210188, 4.7032534 ], [ -74.2210278, 4.7032453 ], [ -74.2210349, 4.7032324 ], [ -74.2210366, 4.7032184 ], [ -74.2210348, 4.7032091 ], [ -74.2210309, 4.7032005 ], [ -74.2210246, 4.7031927 ], [ -74.221017, 4.7031871 ], [ -74.2210086, 4.7031836 ], [ -74.2209994, 4.7031821 ], [ -74.2209766, 4.7031863 ], [ -74.2209647, 4.7031852 ], [ -74.220952, 4.7031783 ], [ -74.2209434, 4.7031663 ], [ -74.2209409, 4.7031517 ], [ -74.2209421, 4.7031443 ], [ -74.2209453, 4.7031369 ], [ -74.2209535, 4.7031275 ], [ -74.2209721, 4.7031159 ], [ -74.2209768, 4.7031102 ], [ -74.2209803, 4.7031029 ], [ -74.2209819, 4.7030951 ], [ -74.2209816, 4.7030871 ], [ -74.2209794, 4.7030793 ], [ -74.2209757, 4.7030729 ], [ -74.2209665, 4.7030643 ], [ -74.2209548, 4.7030599 ], [ -74.2209423, 4.7030604 ], [ -74.2209256, 4.7030669 ], [ -74.2209196, 4.7030663 ], [ -74.2209144, 4.7030634 ], [ -74.2209096, 4.7030571 ], [ -74.220908, 4.703049 ], [ -74.2209096, 4.7030419 ], [ -74.2209169, 4.7030292 ], [ -74.2209173, 4.7030231 ], [ -74.2209156, 4.7030171 ], [ -74.2209114, 4.7030116 ], [ -74.2209035, 4.7030053 ], [ -74.2208802, 4.7029943 ], [ -74.2208602, 4.7029873 ], [ -74.2208441, 4.7029847 ], [ -74.2208251, 4.702986 ], [ -74.2208015, 4.7029938 ], [ -74.2207914, 4.7029952 ], [ -74.2207775, 4.7029935 ], [ -74.2207647, 4.7029874 ], [ -74.2207579, 4.7029789 ], [ -74.2207561, 4.7029682 ], [ -74.2207601, 4.7029574 ], [ -74.2207723, 4.702947 ], [ -74.2207767, 4.702939 ], [ -74.2207767, 4.7029277 ], [ -74.2207705, 4.7029179 ], [ -74.2207504, 4.7029083 ], [ -74.2207176, 4.7028998 ], [ -74.2206983, 4.7028929 ], [ -74.2206557, 4.7028725 ], [ -74.2206383, 4.7028621 ], [ -74.2206271, 4.7028517 ], [ -74.2206105, 4.7028302 ], [ -74.2205993, 4.7028201 ], [ -74.2205848, 4.7028108 ], [ -74.2205464, 4.7027927 ], [ -74.220529, 4.7027806 ], [ -74.2205123, 4.7027658 ], [ -74.2205037, 4.7027552 ], [ -74.2204972, 4.7027427 ], [ -74.2204966, 4.7027352 ], [ -74.2205001, 4.7027249 ], [ -74.2204991, 4.7027211 ], [ -74.2204963, 4.7027181 ], [ -74.2204877, 4.7027125 ], [ -74.2204488, 4.7026948 ], [ -74.2204161, 4.7026755 ], [ -74.2203834, 4.702654 ], [ -74.220374, 4.7026431 ], [ -74.2203761, 4.7026237 ], [ -74.2203734, 4.7026169 ], [ -74.2203684, 4.7026117 ], [ -74.22036, 4.7026084 ], [ -74.2203418, 4.7026083 ], [ -74.2203303, 4.7026015 ], [ -74.2203255, 4.7025948 ], [ -74.2203233, 4.7025866 ], [ -74.2203243, 4.7025778 ], [ -74.2203299, 4.7025674 ], [ -74.2203313, 4.7025612 ], [ -74.2203299, 4.7025531 ], [ -74.2203253, 4.7025466 ], [ -74.2203204, 4.7025438 ], [ -74.220315, 4.7025431 ], [ -74.220296, 4.7025488 ], [ -74.220281, 4.7025487 ], [ -74.2202665, 4.7025437 ], [ -74.2202539, 4.7025342 ], [ -74.2202457, 4.7025228 ], [ -74.2202407, 4.7025088 ], [ -74.22024, 4.7024947 ], [ -74.2202434, 4.7024802 ], [ -74.2202499, 4.7024688 ], [ -74.2202591, 4.7024594 ], [ -74.2202688, 4.7024534 ], [ -74.2202915, 4.7024445 ], [ -74.2202993, 4.7024387 ], [ -74.2203058, 4.7024316 ], [ -74.2203116, 4.7024218 ], [ -74.2203152, 4.70241 ], [ -74.2203159, 4.7023986 ], [ -74.220314, 4.7023873 ], [ -74.2203096, 4.7023768 ], [ -74.220303, 4.7023675 ], [ -74.2202945, 4.7023599 ], [ -74.2202837, 4.7023541 ], [ -74.220275, 4.7023517 ], [ -74.2202663, 4.7023511 ], [ -74.2202549, 4.7023531 ], [ -74.2202407, 4.7023594 ], [ -74.2202356, 4.7023589 ], [ -74.2202314, 4.7023561 ], [ -74.2202282, 4.7023488 ], [ -74.2202297, 4.7023324 ], [ -74.2202263, 4.7023207 ], [ -74.2202168, 4.7023094 ], [ -74.2201949, 4.7022992 ], [ -74.2201848, 4.7022892 ], [ -74.2201797, 4.7022763 ], [ -74.2201806, 4.7022596 ], [ -74.2201793, 4.7022503 ], [ -74.2201755, 4.702242 ], [ -74.2201695, 4.7022352 ], [ -74.2201623, 4.7022306 ], [ -74.2201541, 4.7022283 ], [ -74.2201455, 4.7022282 ], [ -74.2201373, 4.7022306 ], [ -74.2201305, 4.7022348 ], [ -74.2201253, 4.7022402 ], [ -74.2201165, 4.7022593 ], [ -74.2201086, 4.7022682 ], [ -74.2200952, 4.7022744 ], [ -74.2200811, 4.7022742 ], [ -74.2200731, 4.7022712 ], [ -74.2200661, 4.7022662 ], [ -74.2200607, 4.7022596 ], [ -74.2200574, 4.7022522 ], [ -74.2200561, 4.7022442 ], [ -74.220057, 4.7022362 ], [ -74.2200667, 4.702217 ], [ -74.2200652, 4.7022107 ], [ -74.2200605, 4.7022063 ], [ -74.2200535, 4.7022049 ], [ -74.2200397, 4.7022062 ], [ -74.2200307, 4.7022047 ], [ -74.2199822, 4.70218 ], [ -74.2199679, 4.7021759 ], [ -74.219953, 4.7021743 ], [ -74.2199366, 4.7021756 ], [ -74.2199193, 4.7021806 ], [ -74.2199073, 4.7021867 ], [ -74.2198909, 4.7021987 ], [ -74.2198824, 4.7022027 ], [ -74.2198727, 4.7022043 ], [ -74.2198634, 4.7022033 ], [ -74.2198521, 4.7021984 ], [ -74.2198432, 4.7021898 ], [ -74.2198375, 4.7021768 ], [ -74.2198379, 4.7021711 ], [ -74.2198409, 4.7021636 ], [ -74.2198403, 4.7021591 ], [ -74.2198342, 4.7021537 ], [ -74.2198254, 4.7021512 ], [ -74.219807, 4.7021525 ], [ -74.2197881, 4.7021571 ], [ -74.2197408, 4.7021811 ], [ -74.2197172, 4.7021903 ], [ -74.219689, 4.7021987 ], [ -74.2196428, 4.7022069 ], [ -74.2196019, 4.7022083 ], [ -74.2195865, 4.7022026 ], [ -74.2195747, 4.7021911 ], [ -74.2195692, 4.702178 ], [ -74.219571, 4.7021636 ], [ -74.2195701, 4.702157 ], [ -74.2195655, 4.702149 ], [ -74.2195586, 4.7021433 ], [ -74.2195502, 4.7021405 ], [ -74.2195413, 4.702141 ], [ -74.2195338, 4.7021441 ], [ -74.2195213, 4.7021548 ], [ -74.2195107, 4.7021603 ], [ -74.2194975, 4.7021629 ], [ -74.2194841, 4.7021615 ], [ -74.2194737, 4.7021575 ], [ -74.219463, 4.7021501 ], [ -74.2194527, 4.7021391 ], [ -74.2194384, 4.7021168 ], [ -74.2194304, 4.7021107 ], [ -74.2194201, 4.7021068 ], [ -74.2194073, 4.7021045 ], [ -74.2193958, 4.7021042 ], [ -74.2193598, 4.7021102 ], [ -74.2193365, 4.7021098 ], [ -74.2193105, 4.7021035 ], [ -74.2192577, 4.7020847 ], [ -74.219235, 4.7020806 ], [ -74.2192141, 4.7020821 ], [ -74.2192011, 4.7020858 ], [ -74.2191838, 4.7020931 ], [ -74.2191708, 4.7020933 ], [ -74.219161, 4.702089 ], [ -74.2191538, 4.7020815 ], [ -74.219153, 4.7020768 ], [ -74.2191556, 4.7020625 ], [ -74.219151, 4.7020503 ], [ -74.2191433, 4.7020433 ], [ -74.219133, 4.7020399 ], [ -74.2191235, 4.7020409 ], [ -74.219115, 4.7020453 ], [ -74.2191097, 4.7020511 ], [ -74.219103, 4.7020637 ], [ -74.2190947, 4.7020707 ], [ -74.2190838, 4.7020739 ], [ -74.2190726, 4.7020724 ], [ -74.2190613, 4.7020648 ], [ -74.2190573, 4.7020589 ], [ -74.2190551, 4.7020525 ], [ -74.2190559, 4.7020396 ], [ -74.2190647, 4.702023 ], [ -74.2190639, 4.7020168 ], [ -74.21906, 4.7020116 ], [ -74.219054, 4.7020087 ], [ -74.2190465, 4.7020074 ], [ -74.2190229, 4.7020113 ], [ -74.2190054, 4.7020092 ], [ -74.2189763, 4.7019981 ], [ -74.218967, 4.7019922 ], [ -74.2189588, 4.7019845 ], [ -74.2189553, 4.7019772 ], [ -74.2189555, 4.7019691 ], [ -74.2189586, 4.7019628 ], [ -74.2189662, 4.7019554 ], [ -74.2189681, 4.7019493 ], [ -74.2189665, 4.7019423 ], [ -74.2189615, 4.7019374 ], [ -74.2189468, 4.7019345 ], [ -74.2189286, 4.7019379 ], [ -74.2189189, 4.701938 ], [ -74.2188945, 4.701932 ], [ -74.2188376, 4.7019121 ], [ -74.2187993, 4.7018925 ], [ -74.2187833, 4.7018859 ], [ -74.218772, 4.7018855 ], [ -74.2187542, 4.7018902 ], [ -74.2187424, 4.7018887 ], [ -74.2187351, 4.7018839 ], [ -74.2187321, 4.7018759 ], [ -74.2187345, 4.7018678 ], [ -74.2187441, 4.7018603 ], [ -74.2187475, 4.701854 ], [ -74.2187467, 4.7018453 ], [ -74.2187404, 4.701839 ], [ -74.2187275, 4.7018362 ], [ -74.2187076, 4.7018404 ], [ -74.2186938, 4.7018395 ], [ -74.2186774, 4.701833 ], [ -74.2186525, 4.7018183 ], [ -74.2186364, 4.7018129 ], [ -74.2186232, 4.7018132 ], [ -74.2186073, 4.7018186 ], [ -74.2185992, 4.7018177 ], [ -74.2185934, 4.7018142 ], [ -74.218591, 4.7018099 ], [ -74.2185913, 4.7018059 ], [ -74.2185948, 4.7017978 ], [ -74.2185939, 4.7017907 ], [ -74.2185904, 4.7017857 ], [ -74.2185848, 4.7017828 ], [ -74.2185756, 4.7017837 ], [ -74.2185668, 4.7017916 ], [ -74.2185606, 4.7017944 ], [ -74.2185532, 4.7017945 ], [ -74.2185467, 4.7017916 ], [ -74.2185427, 4.7017873 ], [ -74.218541, 4.7017815 ], [ -74.2185451, 4.7017533 ], [ -74.2185427, 4.7017268 ], [ -74.2185361, 4.7017042 ], [ -74.2185257, 4.701683 ], [ -74.2185102, 4.7016623 ], [ -74.2184911, 4.7016448 ], [ -74.218469, 4.7016314 ], [ -74.2184448, 4.7016224 ], [ -74.2184146, 4.701618 ], [ -74.2183842, 4.7016206 ], [ -74.2183551, 4.7016299 ], [ -74.2183289, 4.7016455 ], [ -74.2183164, 4.7016563 ], [ -74.2183054, 4.7016685 ], [ -74.2182891, 4.7016944 ], [ -74.2182796, 4.701721 ], [ -74.218274, 4.7017605 ], [ -74.2182676, 4.7017831 ], [ -74.2182563, 4.7018063 ], [ -74.2182391, 4.7018286 ], [ -74.2182271, 4.7018398 ], [ -74.2182138, 4.7018494 ], [ -74.2181994, 4.7018573 ], [ -74.2181842, 4.7018635 ], [ -74.2181683, 4.7018677 ], [ -74.2181521, 4.7018699 ], [ -74.2181357, 4.7018702 ], [ -74.2181194, 4.7018684 ], [ -74.2180945, 4.7018616 ], [ -74.2180714, 4.7018502 ], [ -74.2180509, 4.7018346 ], [ -74.2180337, 4.7018154 ], [ -74.2180215, 4.7017953 ], [ -74.218013, 4.7017734 ], [ -74.2180082, 4.7017481 ], [ -74.2180084, 4.7017191 ], [ -74.2180034, 4.7017102 ], [ -74.2179467, 4.7016829 ], [ -74.2179101, 4.7016676 ], [ -74.2178857, 4.7016594 ], [ -74.2178562, 4.7016531 ], [ -74.2178218, 4.7016503 ], [ -74.2177874, 4.7016523 ], [ -74.2177578, 4.7016581 ], [ -74.2177251, 4.701669 ], [ -74.217698, 4.7016822 ], [ -74.2176692, 4.7017012 ], [ -74.2176398, 4.7017261 ], [ -74.217623, 4.7017357 ], [ -74.2176093, 4.7017404 ], [ -74.217595, 4.701743 ], [ -74.2175805, 4.7017433 ], [ -74.2175661, 4.7017413 ], [ -74.2175507, 4.7017364 ], [ -74.2175351, 4.7017281 ], [ -74.2175225, 4.7017181 ], [ -74.2175118, 4.701706 ], [ -74.2175019, 4.7016893 ], [ -74.2174958, 4.7016709 ], [ -74.2174944, 4.7016575 ], [ -74.217497, 4.7016411 ], [ -74.2174954, 4.7016336 ], [ -74.2174856, 4.70162 ], [ -74.2174711, 4.7016112 ], [ -74.2174565, 4.7016086 ], [ -74.2174427, 4.701611 ], [ -74.2174334, 4.7016156 ], [ -74.2174113, 4.7016317 ], [ -74.2173889, 4.7016401 ], [ -74.2173681, 4.7016421 ], [ -74.2173459, 4.7016385 ], [ -74.2173333, 4.7016337 ], [ -74.2172631, 4.7015982 ], [ -74.2172605, 4.7015944 ], [ -74.2172601, 4.7015897 ], [ -74.2172668, 4.7015794 ], [ -74.2172677, 4.701572 ], [ -74.2172644, 4.7015652 ], [ -74.2172567, 4.7015591 ], [ -74.2172482, 4.7015565 ], [ -74.2172397, 4.7015569 ], [ -74.21722, 4.7015665 ], [ -74.2172072, 4.7015698 ], [ -74.2171958, 4.7015698 ], [ -74.2171847, 4.7015673 ], [ -74.2171591, 4.7015556 ], [ -74.2171456, 4.7015476 ], [ -74.2171179, 4.7015187 ], [ -74.2170981, 4.701504 ], [ -74.2170758, 4.7014933 ], [ -74.2170498, 4.7014868 ], [ -74.2170274, 4.7014856 ], [ -74.2170029, 4.7014888 ], [ -74.2169879, 4.7014933 ], [ -74.2169557, 4.7015068 ], [ -74.2169299, 4.7015153 ], [ -74.2169034, 4.7015215 ], [ -74.2168764, 4.7015254 ], [ -74.2168493, 4.7015269 ], [ -74.2168221, 4.701526 ], [ -74.2167951, 4.7015228 ], [ -74.2167632, 4.7015158 ], [ -74.2167186, 4.7015022 ], [ -74.2167125, 4.7014986 ], [ -74.2167099, 4.7014946 ], [ -74.2167092, 4.7014898 ], [ -74.2167151, 4.7014777 ], [ -74.216715, 4.7014697 ], [ -74.2167092, 4.7014612 ], [ -74.2166996, 4.7014551 ], [ -74.2166908, 4.7014533 ], [ -74.2166824, 4.7014543 ], [ -74.2166615, 4.7014646 ], [ -74.2166454, 4.7014689 ], [ -74.2166312, 4.7014694 ], [ -74.2166171, 4.7014669 ], [ -74.2165969, 4.7014592 ], [ -74.2165813, 4.7014513 ], [ -74.216578, 4.7014447 ], [ -74.2165806, 4.7014345 ], [ -74.2165751, 4.7014294 ], [ -74.2165698, 4.7014288 ], [ -74.2165586, 4.7014327 ], [ -74.2165492, 4.7014328 ], [ -74.2165375, 4.7014287 ], [ -74.2165226, 4.7014193 ], [ -74.2165136, 4.7014156 ], [ -74.2165032, 4.7014142 ], [ -74.216484, 4.7014164 ], [ -74.2164654, 4.7014094 ], [ -74.2164395, 4.7013914 ], [ -74.2164012, 4.7013559 ], [ -74.216358, 4.7013296 ], [ -74.216349, 4.7013274 ], [ -74.2163399, 4.7013278 ], [ -74.2163301, 4.7013312 ], [ -74.216316, 4.7013408 ], [ -74.2163095, 4.7013416 ], [ -74.216303, 4.7013399 ], [ -74.2162981, 4.7013364 ], [ -74.2162946, 4.7013311 ], [ -74.2162938, 4.7013266 ], [ -74.2162956, 4.7013172 ], [ -74.2162912, 4.7013108 ], [ -74.2162835, 4.70131 ], [ -74.2162757, 4.7013163 ], [ -74.2162708, 4.701318 ], [ -74.2162653, 4.7013173 ], [ -74.2162608, 4.7013141 ], [ -74.2162584, 4.70131 ], [ -74.2162578, 4.7013053 ], [ -74.2162638, 4.7012926 ], [ -74.216263, 4.7012839 ], [ -74.2162533, 4.7012735 ], [ -74.2162397, 4.7012673 ], [ -74.2162303, 4.7012662 ], [ -74.2162209, 4.7012675 ], [ -74.2161961, 4.7012785 ], [ -74.2161779, 4.7012836 ], [ -74.2161629, 4.7012854 ], [ -74.2161478, 4.701285 ], [ -74.2161274, 4.7012811 ], [ -74.2160807, 4.701265 ], [ -74.2160704, 4.7012637 ], [ -74.2160528, 4.7012651 ], [ -74.216042, 4.701264 ], [ -74.2160032, 4.7012448 ], [ -74.215989, 4.7012413 ], [ -74.2159745, 4.7012404 ], [ -74.21596, 4.701242 ], [ -74.215946, 4.7012461 ], [ -74.2159305, 4.7012542 ], [ -74.2159084, 4.7012709 ], [ -74.2158985, 4.7012739 ], [ -74.2158882, 4.7012738 ], [ -74.2158751, 4.7012689 ], [ -74.215865, 4.7012592 ], [ -74.2158595, 4.7012466 ], [ -74.2158598, 4.7012308 ], [ -74.2158567, 4.7012256 ], [ -74.2158517, 4.7012216 ], [ -74.2158459, 4.7012197 ], [ -74.2158401, 4.7012201 ], [ -74.2158187, 4.7012335 ], [ -74.2158095, 4.7012351 ], [ -74.2157998, 4.7012339 ], [ -74.2157859, 4.7012258 ], [ -74.2157685, 4.701205 ], [ -74.2157533, 4.7011933 ], [ -74.2157302, 4.7011828 ], [ -74.2157062, 4.701178 ], [ -74.2156892, 4.7011779 ], [ -74.2156706, 4.701181 ], [ -74.2156563, 4.7011857 ], [ -74.2156313, 4.701198 ], [ -74.2156165, 4.7012036 ], [ -74.215596, 4.7012086 ], [ -74.2155751, 4.7012107 ], [ -74.2155514, 4.7012096 ], [ -74.2155282, 4.7012047 ], [ -74.2155084, 4.7011974 ], [ -74.2154736, 4.70118 ], [ -74.2154537, 4.7011751 ], [ -74.215432, 4.7011762 ], [ -74.2154197, 4.7011798 ], [ -74.2153979, 4.7011895 ], [ -74.2153886, 4.7011909 ], [ -74.2153791, 4.7011903 ], [ -74.2153665, 4.7011862 ], [ -74.2153557, 4.7011786 ], [ -74.2153509, 4.7011708 ], [ -74.2153467, 4.7011536 ], [ -74.2153423, 4.7011481 ], [ -74.215337, 4.7011445 ], [ -74.2153301, 4.7011428 ], [ -74.2153227, 4.7011438 ], [ -74.2153171, 4.7011468 ], [ -74.2153105, 4.7011533 ], [ -74.2153057, 4.7011553 ], [ -74.2153003, 4.7011553 ], [ -74.2152954, 4.701153 ], [ -74.2152906, 4.7011461 ], [ -74.2152908, 4.701129 ], [ -74.2152856, 4.7011159 ], [ -74.2152747, 4.7011054 ], [ -74.2152608, 4.7011009 ], [ -74.2152463, 4.7011026 ], [ -74.2152339, 4.7011104 ], [ -74.2152271, 4.7011199 ], [ -74.2152201, 4.7011398 ], [ -74.2152098, 4.7011506 ], [ -74.215196, 4.7011561 ], [ -74.2151811, 4.7011552 ], [ -74.2151675, 4.7011477 ], [ -74.2151588, 4.7011355 ], [ -74.2151562, 4.7011246 ], [ -74.2151578, 4.7011045 ], [ -74.2151555, 4.7010892 ], [ -74.2151491, 4.7010712 ], [ -74.2151383, 4.7010534 ], [ -74.2151266, 4.7010406 ], [ -74.2151115, 4.701029 ], [ -74.2150944, 4.7010206 ], [ -74.2150761, 4.7010156 ], [ -74.2150623, 4.7010142 ], [ -74.2150467, 4.7010149 ], [ -74.2150315, 4.7010181 ], [ -74.2150185, 4.7010229 ], [ -74.2149964, 4.7010366 ], [ -74.2149728, 4.7010596 ], [ -74.2149577, 4.7010724 ], [ -74.2149278, 4.7010918 ], [ -74.21491, 4.7011004 ], [ -74.2148878, 4.7011087 ], [ -74.2148649, 4.7011147 ], [ -74.2148453, 4.7011177 ], [ -74.2148098, 4.7011189 ], [ -74.2147706, 4.7011137 ], [ -74.214733, 4.7011017 ], [ -74.21469, 4.7010805 ], [ -74.2146807, 4.7010792 ], [ -74.2146653, 4.701081 ], [ -74.2146559, 4.7010803 ], [ -74.2146466, 4.701077 ], [ -74.2146249, 4.7010647 ], [ -74.2146, 4.7010562 ], [ -74.2145717, 4.7010507 ], [ -74.2145416, 4.7010492 ], [ -74.2145093, 4.7010525 ], [ -74.214478, 4.7010609 ], [ -74.214391, 4.7011015 ], [ -74.2143267, 4.701125 ], [ -74.2142739, 4.7011397 ], [ -74.2142068, 4.7011529 ], [ -74.2141387, 4.7011601 ], [ -74.2140703, 4.7011613 ], [ -74.2140293, 4.7011592 ], [ -74.2139885, 4.7011549 ], [ -74.2139211, 4.701143 ], [ -74.213855, 4.7011253 ], [ -74.2137907, 4.7011018 ], [ -74.2137286, 4.7010729 ], [ -74.2136694, 4.7010386 ], [ -74.2136133, 4.7009992 ], [ -74.213571, 4.7009643 ], [ -74.2135313, 4.7009265 ], [ -74.2134818, 4.7008722 ], [ -74.2134553, 4.700847 ], [ -74.2134263, 4.7008247 ], [ -74.2133951, 4.7008056 ], [ -74.2133508, 4.7007855 ], [ -74.2133101, 4.7007731 ], [ -74.2132681, 4.7007657 ], [ -74.2132195, 4.7007636 ], [ -74.2131831, 4.7007666 ], [ -74.2131472, 4.7007733 ], [ -74.2131123, 4.7007838 ], [ -74.2130785, 4.7007978 ], [ -74.2130465, 4.7008154 ], [ -74.2130213, 4.7008325 ], [ -74.2129932, 4.7008558 ], [ -74.2129676, 4.700882 ], [ -74.2129449, 4.7009107 ], [ -74.2129254, 4.7009416 ], [ -74.2129091, 4.7009744 ], [ -74.2128983, 4.701003 ], [ -74.2128886, 4.7010383 ], [ -74.2128826, 4.7010744 ], [ -74.2128814, 4.7011015 ], [ -74.212885, 4.7011332 ], [ -74.2128822, 4.701147 ], [ -74.2128747, 4.701161 ], [ -74.2128652, 4.7011729 ], [ -74.2128538, 4.701183 ], [ -74.2128395, 4.7011916 ], [ -74.2128179, 4.7011986 ], [ -74.2127937, 4.7011996 ], [ -74.2127744, 4.7011954 ], [ -74.2127351, 4.7011773 ], [ -74.2127044, 4.7011691 ], [ -74.2126872, 4.7011672 ], [ -74.2126698, 4.701167 ], [ -74.2126526, 4.7011687 ], [ -74.2126356, 4.7011722 ], [ -74.2126137, 4.7011796 ], [ -74.212593, 4.70119 ], [ -74.2125589, 4.7012143 ], [ -74.2125196, 4.7012447 ], [ -74.2125066, 4.7012524 ], [ -74.2124833, 4.7012627 ], [ -74.212479, 4.7012678 ], [ -74.212481, 4.701278 ], [ -74.2124791, 4.7012857 ], [ -74.2124742, 4.7012922 ], [ -74.2124671, 4.7012962 ], [ -74.2124605, 4.7012972 ], [ -74.2124539, 4.701296 ], [ -74.2124323, 4.7012796 ], [ -74.2124232, 4.7012766 ], [ -74.212413, 4.7012762 ], [ -74.2124019, 4.7012791 ], [ -74.2123915, 4.7012857 ], [ -74.2123834, 4.7012943 ], [ -74.2123747, 4.7013084 ], [ -74.212368, 4.7013137 ], [ -74.2123566, 4.7013163 ], [ -74.2123396, 4.7013142 ], [ -74.2123305, 4.7013152 ], [ -74.2123206, 4.7013191 ], [ -74.2123068, 4.7013291 ], [ -74.2122992, 4.7013319 ], [ -74.2121097, 4.7013355 ], [ -74.2120288, 4.7013393 ], [ -74.211995, 4.7013427 ], [ -74.211962, 4.701349 ], [ -74.2119537, 4.7013518 ], [ -74.211946, 4.7013565 ], [ -74.211931, 4.7013726 ], [ -74.2119217, 4.701379 ], [ -74.2119105, 4.7013827 ], [ -74.2118988, 4.7013813 ], [ -74.2118947, 4.7013828 ], [ -74.211893, 4.7013866 ], [ -74.2118955, 4.7013972 ], [ -74.2118913, 4.7014075 ], [ -74.2118823, 4.7014177 ], [ -74.2118682, 4.7014261 ], [ -74.2118449, 4.7014328 ], [ -74.2118342, 4.7014333 ], [ -74.2118196, 4.7014318 ], [ -74.2118103, 4.7014331 ], [ -74.2117683, 4.7014542 ], [ -74.2117351, 4.7014684 ], [ -74.2116922, 4.7014827 ], [ -74.2116572, 4.7014915 ], [ -74.2116305, 4.7014964 ], [ -74.2115946, 4.7015008 ], [ -74.2115585, 4.7015027 ], [ -74.2115224, 4.7015021 ], [ -74.2114864, 4.7014989 ], [ -74.2114596, 4.7014949 ], [ -74.2114331, 4.7014894 ], [ -74.2113981, 4.70148 ], [ -74.2113556, 4.7014649 ], [ -74.2113226, 4.7014501 ], [ -74.2112907, 4.7014331 ], [ -74.21126, 4.7014139 ], [ -74.2112308, 4.7013925 ], [ -74.2112031, 4.7013692 ], [ -74.2111772, 4.701344 ], [ -74.2111486, 4.7013129 ], [ -74.2111308, 4.7012967 ], [ -74.2111047, 4.7012781 ], [ -74.2110799, 4.701265 ], [ -74.2110613, 4.7012576 ], [ -74.2110382, 4.7012508 ], [ -74.2110186, 4.7012471 ], [ -74.2109946, 4.7012449 ], [ -74.2109706, 4.7012452 ], [ -74.2109507, 4.7012474 ], [ -74.2109272, 4.7012523 ], [ -74.2109081, 4.7012582 ], [ -74.2108718, 4.701275 ], [ -74.210842, 4.7012953 ], [ -74.2108131, 4.7013231 ], [ -74.2107915, 4.701352 ], [ -74.2107732, 4.7013877 ], [ -74.2107613, 4.701426 ], [ -74.210757, 4.7014567 ], [ -74.2107581, 4.7014729 ], [ -74.2107624, 4.7014904 ], [ -74.2107594, 4.7014985 ], [ -74.2107542, 4.7015018 ], [ -74.210748, 4.7015025 ], [ -74.2107424, 4.7015008 ], [ -74.2107352, 4.7014954 ], [ -74.210729, 4.7014955 ], [ -74.2107254, 4.701498 ], [ -74.2107234, 4.7015021 ], [ -74.2107252, 4.701512 ], [ -74.2107246, 4.7015159 ], [ -74.2107164, 4.7015242 ], [ -74.2107022, 4.7015303 ], [ -74.2106878, 4.7015342 ], [ -74.210666, 4.7015329 ], [ -74.2106564, 4.7015338 ], [ -74.2106495, 4.7015369 ], [ -74.2106443, 4.701542 ], [ -74.2106407, 4.701551 ], [ -74.2106415, 4.7015607 ], [ -74.2106459, 4.7015682 ], [ -74.2106568, 4.7015764 ], [ -74.2106625, 4.7015837 ], [ -74.2106657, 4.7015935 ], [ -74.2106651, 4.7016037 ], [ -74.2106607, 4.7016135 ], [ -74.210653, 4.7016208 ], [ -74.2106439, 4.7016248 ], [ -74.2106314, 4.7016264 ], [ -74.2106262, 4.7016299 ], [ -74.2106231, 4.7016371 ], [ -74.2106245, 4.7016494 ], [ -74.2106164, 4.7016595 ], [ -74.210583, 4.7016769 ], [ -74.2105516, 4.7017049 ], [ -74.2105437, 4.7017082 ], [ -74.2105247, 4.7017114 ], [ -74.2105107, 4.7017163 ], [ -74.2104926, 4.7017259 ], [ -74.2104726, 4.7017394 ], [ -74.2104536, 4.7017551 ], [ -74.2104362, 4.7017724 ], [ -74.2104267, 4.7017864 ], [ -74.2104164, 4.7018088 ], [ -74.2104109, 4.7018152 ], [ -74.2104032, 4.7018208 ], [ -74.210327, 4.7018578 ], [ -74.2103007, 4.7018676 ], [ -74.2102738, 4.7018752 ], [ -74.210261, 4.7018818 ], [ -74.2102543, 4.7018881 ], [ -74.210256, 4.7018995 ], [ -74.2102541, 4.7019049 ], [ -74.2101877, 4.7019041 ], [ -74.2101347, 4.7019014 ], [ -74.210114, 4.7018998 ], [ -74.2094928, 4.7016308 ], [ -74.2090011, 4.7009738 ], [ -74.2079309, 4.7012001 ], [ -74.2067769, 4.700911 ], [ -74.2058868, 4.7006976 ], [ -74.2058985, 4.700643 ], [ -74.2059961, 4.7006286 ], [ -74.2066532, 4.7004518 ], [ -74.2070911, 4.7003532 ], [ -74.2074938, 4.7003119 ], [ -74.2082981, 4.7003213 ], [ -74.2087227, 4.7003724 ], [ -74.2090765, 4.7005842 ], [ -74.2092777, 4.7005471 ], [ -74.2093174, 4.7005133 ], [ -74.20936, 4.700483 ], [ -74.2096699, 4.7002929 ], [ -74.2099913, 4.7000848 ], [ -74.2100123, 4.7000678 ], [ -74.2100281, 4.7000482 ], [ -74.2100342, 4.7000362 ], [ -74.210038, 4.7000241 ], [ -74.2100364, 4.70001 ], [ -74.2100409, 4.7000054 ], [ -74.2100871, 4.6999843 ], [ -74.210159, 4.699956 ], [ -74.210176, 4.6999514 ], [ -74.210205, 4.6999486 ], [ -74.2102148, 4.6999455 ], [ -74.2102233, 4.6999386 ], [ -74.2102213, 4.699926 ], [ -74.2102267, 4.6999149 ], [ -74.2102351, 4.6999072 ], [ -74.2102498, 4.6999002 ], [ -74.2102677, 4.6998943 ], [ -74.2102861, 4.6998907 ], [ -74.2103215, 4.6998871 ], [ -74.2103637, 4.6998849 ], [ -74.210406, 4.699885 ], [ -74.2105582, 4.6998913 ], [ -74.2106574, 4.6998915 ], [ -74.2108458, 4.6998848 ], [ -74.2109922, 4.6998771 ], [ -74.2110081, 4.6998734 ], [ -74.211028, 4.6998653 ], [ -74.2112285, 4.6997602 ], [ -74.2115825, 4.6995713 ], [ -74.2117381, 4.6994863 ], [ -74.2117608, 4.6994708 ], [ -74.2117728, 4.6994563 ], [ -74.2117765, 4.6994476 ], [ -74.2117785, 4.6994383 ], [ -74.2117902, 4.6993068 ], [ -74.2117936, 4.6992261 ], [ -74.2117935, 4.6991693 ], [ -74.2118954, 4.6991688 ], [ -74.2118976, 4.6991656 ], [ -74.2118949, 4.6991594 ], [ -74.2118944, 4.699154 ], [ -74.2118971, 4.6991455 ], [ -74.2119046, 4.6991379 ], [ -74.2119149, 4.699135 ], [ -74.2119229, 4.6991363 ], [ -74.2119298, 4.6991405 ], [ -74.211934, 4.6991458 ], [ -74.211939, 4.6991568 ], [ -74.2119456, 4.6991629 ], [ -74.2119544, 4.6991661 ], [ -74.2119633, 4.6991655 ], [ -74.2119734, 4.6991596 ], [ -74.2119791, 4.6991497 ], [ -74.2119794, 4.6991407 ], [ -74.2119737, 4.6991285 ], [ -74.2119744, 4.6991224 ], [ -74.2119783, 4.6991186 ], [ -74.2119892, 4.6991152 ], [ -74.2119994, 4.6991153 ], [ -74.2120224, 4.6991199 ], [ -74.2120381, 4.6991197 ], [ -74.212119, 4.6991004 ], [ -74.2121412, 4.6990973 ], [ -74.2121636, 4.6990962 ], [ -74.2122039, 4.699099 ], [ -74.2122579, 4.6991102 ], [ -74.2122875, 4.6991109 ], [ -74.2123062, 4.6991083 ], [ -74.2123245, 4.6991035 ], [ -74.2123378, 4.6990982 ], [ -74.2123606, 4.6990859 ], [ -74.2123923, 4.699077 ], [ -74.2124283, 4.6990732 ], [ -74.2124782, 4.699075 ], [ -74.2125373, 4.699083 ], [ -74.2126119, 4.6991015 ], [ -74.2126303, 4.6991026 ], [ -74.2126598, 4.6991009 ], [ -74.2126809, 4.6991017 ], [ -74.2127018, 4.6991048 ], [ -74.2127437, 4.6991148 ], [ -74.2127714, 4.6991192 ], [ -74.2127873, 4.6991195 ], [ -74.2128138, 4.6991166 ], [ -74.2128314, 4.6991184 ], [ -74.2128374, 4.6991207 ], [ -74.2128425, 4.6991246 ], [ -74.2128463, 4.6991299 ], [ -74.2128522, 4.6991437 ], [ -74.212857, 4.6991484 ], [ -74.212863, 4.6991514 ], [ -74.2128723, 4.6991529 ], [ -74.2128892, 4.6991508 ], [ -74.2128991, 4.6991522 ], [ -74.2129525, 4.6991778 ], [ -74.2129807, 4.6991877 ], [ -74.2130038, 4.6991938 ], [ -74.2130451, 4.6992006 ], [ -74.2130809, 4.6992023 ], [ -74.2131048, 4.6992014 ], [ -74.2131344, 4.6991979 ], [ -74.2131579, 4.6991932 ], [ -74.2131866, 4.6991851 ], [ -74.2132309, 4.699167 ], [ -74.2132937, 4.6991313 ], [ -74.2133293, 4.6991181 ], [ -74.2133666, 4.6991114 ], [ -74.2134045, 4.6991113 ], [ -74.2134419, 4.6991177 ], [ -74.2134635, 4.6991247 ], [ -74.213481, 4.6991322 ], [ -74.2135009, 4.6991432 ], [ -74.2135166, 4.699154 ], [ -74.2135341, 4.6991686 ], [ -74.2135483, 4.6991834 ], [ -74.213559, 4.6991908 ], [ -74.2135827, 4.6992027 ], [ -74.2136056, 4.6992097 ], [ -74.2136239, 4.6992126 ], [ -74.2136425, 4.6992133 ], [ -74.2137207, 4.6992047 ], [ -74.21375, 4.6992036 ], [ -74.213789, 4.6992045 ], [ -74.2138181, 4.6992071 ], [ -74.2138567, 4.6992128 ], [ -74.213961, 4.6992371 ], [ -74.2139809, 4.6992375 ], [ -74.2140093, 4.6992318 ], [ -74.2140237, 4.6992321 ], [ -74.2140342, 4.6992349 ], [ -74.2140403, 4.6992385 ], [ -74.2140438, 4.6992442 ], [ -74.2140451, 4.6992569 ], [ -74.2140491, 4.6992654 ], [ -74.2140582, 4.6992731 ], [ -74.2140706, 4.6992781 ], [ -74.21408, 4.6992794 ], [ -74.2140901, 4.6992786 ], [ -74.214122, 4.6992658 ], [ -74.2141334, 4.6992637 ], [ -74.2141462, 4.6992634 ], [ -74.2141674, 4.6992681 ], [ -74.2142026, 4.6992857 ], [ -74.2142126, 4.6992868 ], [ -74.2142293, 4.6992849 ], [ -74.2142395, 4.6992866 ], [ -74.2142662, 4.699301 ], [ -74.2142866, 4.6993069 ], [ -74.2142998, 4.6993078 ], [ -74.2143116, 4.6993069 ], [ -74.2143497, 4.6992977 ], [ -74.2143717, 4.6992984 ], [ -74.2143845, 4.6993016 ], [ -74.2143994, 4.6993077 ], [ -74.2144337, 4.6993273 ], [ -74.2144521, 4.6993354 ], [ -74.2144793, 4.6993434 ], [ -74.2145307, 4.6993546 ], [ -74.2145501, 4.6993564 ], [ -74.2145696, 4.6993563 ], [ -74.214589, 4.699354 ], [ -74.2146207, 4.6993477 ], [ -74.2146475, 4.6993476 ], [ -74.2146744, 4.6993538 ], [ -74.214684, 4.6993585 ], [ -74.2146957, 4.6993668 ], [ -74.214703, 4.6993693 ], [ -74.2147632, 4.6993702 ], [ -74.2148244, 4.6993755 ], [ -74.2148729, 4.6993836 ], [ -74.2149471, 4.6994011 ], [ -74.2149676, 4.6994041 ], [ -74.2149933, 4.6994058 ], [ -74.2150243, 4.6994048 ], [ -74.2150472, 4.6994011 ], [ -74.2150539, 4.6993976 ], [ -74.21506, 4.6993923 ], [ -74.2150685, 4.6993768 ], [ -74.2150728, 4.6993722 ], [ -74.2150802, 4.6993688 ], [ -74.2150884, 4.6993691 ], [ -74.2150936, 4.6993716 ], [ -74.2150973, 4.6993761 ], [ -74.2150988, 4.699382 ], [ -74.2150978, 4.6993946 ], [ -74.2151007, 4.6993996 ], [ -74.2151056, 4.6994028 ], [ -74.2151185, 4.6994046 ], [ -74.2151395, 4.6994024 ], [ -74.2151552, 4.6994029 ], [ -74.2151953, 4.6994098 ], [ -74.2152192, 4.6994163 ], [ -74.2152928, 4.6994885 ], [ -74.2152994, 4.69949 ], [ -74.2153158, 4.699486 ], [ -74.215327, 4.6994877 ], [ -74.2153407, 4.6994949 ], [ -74.215355, 4.6995105 ], [ -74.215364, 4.6995168 ], [ -74.2153754, 4.6995206 ], [ -74.2153871, 4.6995194 ], [ -74.2153914, 4.6995207 ], [ -74.2153932, 4.6995242 ], [ -74.2153905, 4.6995317 ], [ -74.2153914, 4.6995382 ], [ -74.215396, 4.6995457 ], [ -74.2154031, 4.6995509 ], [ -74.2154148, 4.699553 ], [ -74.2154383, 4.6995455 ], [ -74.2154484, 4.6995449 ], [ -74.2154577, 4.6995462 ], [ -74.2154689, 4.6995504 ], [ -74.2154786, 4.6995569 ], [ -74.2154872, 4.6995655 ], [ -74.2154985, 4.6995806 ], [ -74.2155081, 4.6995875 ], [ -74.2155182, 4.6995891 ], [ -74.2155237, 4.6995875 ], [ -74.2155314, 4.6995829 ], [ -74.215538, 4.6995837 ], [ -74.2155423, 4.6995893 ], [ -74.2155412, 4.6996023 ], [ -74.2155458, 4.6996151 ], [ -74.2155546, 4.699627 ], [ -74.2155648, 4.6996344 ], [ -74.2155802, 4.6996384 ], [ -74.2156062, 4.6996373 ], [ -74.2156482, 4.6996498 ], [ -74.2158263, 4.6997385 ], [ -74.2158304, 4.699743 ], [ -74.2158309, 4.699749 ], [ -74.2158287, 4.6997531 ], [ -74.2158223, 4.6997581 ], [ -74.2158205, 4.6997634 ], [ -74.215822, 4.6997684 ], [ -74.2158257, 4.6997717 ], [ -74.2158404, 4.6997749 ], [ -74.2158699, 4.6997715 ], [ -74.2158929, 4.6997719 ], [ -74.2159397, 4.6997777 ], [ -74.2159628, 4.699782 ], [ -74.2159712, 4.6997852 ], [ -74.2159781, 4.69979 ], [ -74.2159806, 4.699796 ], [ -74.2159793, 4.6998022 ], [ -74.2159735, 4.699808 ], [ -74.2159717, 4.6998116 ], [ -74.2159719, 4.6998166 ], [ -74.2159746, 4.6998208 ], [ -74.2160457, 4.6998566 ], [ -74.2160529, 4.6998575 ], [ -74.2160643, 4.699855 ], [ -74.2160728, 4.6998549 ], [ -74.2160825, 4.6998574 ], [ -74.2160914, 4.699862 ], [ -74.2161005, 4.6998701 ], [ -74.2161069, 4.6998799 ], [ -74.2161108, 4.6998911 ], [ -74.2161101, 4.6999022 ], [ -74.2161111, 4.6999085 ], [ -74.2161145, 4.6999144 ], [ -74.21612, 4.6999184 ], [ -74.2161277, 4.69992 ], [ -74.2161354, 4.6999179 ], [ -74.2161412, 4.6999125 ], [ -74.2161455, 4.6999018 ], [ -74.2161498, 4.6998967 ], [ -74.216157, 4.6998932 ], [ -74.2161651, 4.6998934 ], [ -74.2161719, 4.6998971 ], [ -74.2161765, 4.6999034 ], [ -74.2161778, 4.6999094 ], [ -74.2161772, 4.699922 ], [ -74.2161811, 4.6999312 ], [ -74.216189, 4.6999378 ], [ -74.2161995, 4.6999399 ], [ -74.2162067, 4.6999381 ], [ -74.2162131, 4.6999338 ], [ -74.2162169, 4.6999287 ], [ -74.216222, 4.6999173 ], [ -74.2162291, 4.6999109 ], [ -74.2162398, 4.699908 ], [ -74.2162506, 4.6999106 ], [ -74.2162574, 4.6999163 ], [ -74.2162615, 4.6999243 ], [ -74.2162621, 4.6999342 ], [ -74.2162579, 4.6999493 ], [ -74.2162597, 4.6999547 ], [ -74.2162646, 4.6999597 ], [ -74.2162763, 4.6999671 ], [ -74.2162918, 4.6999724 ], [ -74.2163038, 4.6999738 ], [ -74.2163211, 4.6999714 ], [ -74.2163324, 4.6999753 ], [ -74.216339, 4.6999811 ], [ -74.2163504, 4.6999967 ], [ -74.2163604, 4.7000058 ], [ -74.2163718, 4.7000125 ], [ -74.2163878, 4.7000175 ], [ -74.2163934, 4.7000217 ], [ -74.2163962, 4.7000268 ], [ -74.2163943, 4.7000347 ], [ -74.216395, 4.7000405 ], [ -74.2163977, 4.7000452 ], [ -74.2164021, 4.7000483 ], [ -74.2164079, 4.7000494 ], [ -74.2164135, 4.7000478 ], [ -74.2164222, 4.7000375 ], [ -74.2164278, 4.7000342 ], [ -74.2164342, 4.7000335 ], [ -74.2164406, 4.7000357 ], [ -74.2164454, 4.7000407 ], [ -74.2164474, 4.7000472 ], [ -74.2164457, 4.7000545 ], [ -74.2164382, 4.7000642 ], [ -74.2164387, 4.7000692 ], [ -74.2164422, 4.7000727 ], [ -74.2164944, 4.7000759 ], [ -74.2165352, 4.7000829 ], [ -74.2165417, 4.7000866 ], [ -74.2165463, 4.7000919 ], [ -74.216545, 4.7001043 ], [ -74.2165477, 4.7001124 ], [ -74.2165527, 4.7001174 ], [ -74.216559, 4.7001199 ], [ -74.2165655, 4.7001197 ], [ -74.2165712, 4.7001174 ], [ -74.2165812, 4.7001049 ], [ -74.2165888, 4.7001001 ], [ -74.2165984, 4.700099 ], [ -74.2166074, 4.7001024 ], [ -74.2166139, 4.7001096 ], [ -74.2166164, 4.7001188 ], [ -74.2166143, 4.7001284 ], [ -74.2166069, 4.7001375 ], [ -74.2166049, 4.7001423 ], [ -74.2166052, 4.7001491 ], [ -74.2166087, 4.7001549 ], [ -74.2166136, 4.700158 ], [ -74.21662, 4.7001593 ], [ -74.2166346, 4.7001559 ], [ -74.2166422, 4.7001563 ], [ -74.216652, 4.7001603 ], [ -74.2166614, 4.7001664 ], [ -74.2166705, 4.7001746 ], [ -74.2166763, 4.7001832 ], [ -74.2166797, 4.7001934 ], [ -74.2166786, 4.7002062 ], [ -74.2166811, 4.7002103 ], [ -74.2166853, 4.7002133 ], [ -74.2166925, 4.7002142 ], [ -74.2167081, 4.7002075 ], [ -74.2167219, 4.7002063 ], [ -74.2167396, 4.7002111 ], [ -74.2167564, 4.700219 ], [ -74.2167634, 4.700225 ], [ -74.216766, 4.7002304 ], [ -74.2167653, 4.7002375 ], [ -74.2167594, 4.7002448 ], [ -74.216758, 4.7002491 ], [ -74.2167596, 4.7002549 ], [ -74.2167643, 4.7002587 ], [ -74.2167719, 4.7002613 ], [ -74.2167794, 4.700262 ], [ -74.2168063, 4.7002568 ], [ -74.2168271, 4.7002575 ], [ -74.2168907, 4.7002726 ], [ -74.2169033, 4.7002775 ], [ -74.2169212, 4.7002876 ], [ -74.2169326, 4.7002922 ], [ -74.2169396, 4.7002929 ], [ -74.2169587, 4.7002909 ], [ -74.2169733, 4.7002949 ], [ -74.2169833, 4.7003038 ], [ -74.2169927, 4.7003261 ], [ -74.2169978, 4.7003327 ], [ -74.2170039, 4.7003376 ], [ -74.217011, 4.7003409 ], [ -74.2170192, 4.7003427 ], [ -74.2170378, 4.7003405 ], [ -74.2170456, 4.7003413 ], [ -74.2170569, 4.700346 ], [ -74.2170673, 4.7003535 ], [ -74.217074, 4.7003609 ], [ -74.2170791, 4.7003703 ], [ -74.2170813, 4.7003786 ], [ -74.2170803, 4.7003902 ], [ -74.2170841, 4.7003964 ], [ -74.2170881, 4.7003979 ], [ -74.2170923, 4.7003973 ], [ -74.2170994, 4.7003906 ], [ -74.2171041, 4.7003886 ], [ -74.2171091, 4.7003888 ], [ -74.2171134, 4.7003913 ], [ -74.2171166, 4.7003959 ], [ -74.2171174, 4.7004015 ], [ -74.2171116, 4.7004132 ], [ -74.2171112, 4.7004197 ], [ -74.2171138, 4.7004252 ], [ -74.2171218, 4.700432 ], [ -74.2171362, 4.7004389 ], [ -74.2171509, 4.700443 ], [ -74.2171607, 4.7004429 ], [ -74.2171723, 4.7004394 ], [ -74.2171772, 4.70044 ], [ -74.2171813, 4.7004425 ], [ -74.2171829, 4.7004456 ], [ -74.2171799, 4.7004537 ], [ -74.2171805, 4.7004581 ], [ -74.2171845, 4.700463 ], [ -74.2171902, 4.7004669 ], [ -74.2172175, 4.7004742 ], [ -74.2172331, 4.700476 ], [ -74.2172467, 4.7004757 ], [ -74.2172519, 4.7004776 ], [ -74.2172548, 4.7004819 ], [ -74.2172546, 4.7004871 ], [ -74.2172524, 4.7004904 ], [ -74.217246, 4.7004948 ], [ -74.2172437, 4.7005004 ], [ -74.2172449, 4.7005059 ], [ -74.217249, 4.7005101 ], [ -74.2172551, 4.7005126 ], [ -74.2172616, 4.7005132 ], [ -74.2172797, 4.7005078 ], [ -74.2172922, 4.7005078 ], [ -74.2173048, 4.7005122 ], [ -74.2173223, 4.7005225 ], [ -74.2173309, 4.700526 ], [ -74.2173404, 4.7005274 ], [ -74.2173541, 4.7005253 ], [ -74.2173622, 4.7005256 ], [ -74.2173722, 4.7005285 ], [ -74.2173816, 4.7005339 ], [ -74.2173903, 4.7005426 ], [ -74.2173965, 4.7005534 ], [ -74.2173992, 4.7005627 ], [ -74.2173982, 4.7005746 ], [ -74.2174013, 4.7005803 ], [ -74.2174052, 4.7005822 ], [ -74.2174096, 4.7005819 ], [ -74.2174176, 4.700575 ], [ -74.2174231, 4.7005731 ], [ -74.217429, 4.7005743 ], [ -74.2174336, 4.7005783 ], [ -74.2174354, 4.7005826 ], [ -74.2174353, 4.7005874 ], [ -74.2174299, 4.7005965 ], [ -74.2174287, 4.7006012 ], [ -74.2174296, 4.7006063 ], [ -74.2174326, 4.7006105 ], [ -74.2174368, 4.7006129 ], [ -74.2174419, 4.7006134 ], [ -74.2174523, 4.7006084 ], [ -74.2174588, 4.7006076 ], [ -74.2174649, 4.7006096 ], [ -74.2174697, 4.7006141 ], [ -74.2174722, 4.7006207 ], [ -74.2174713, 4.700628 ], [ -74.2174681, 4.700633 ], [ -74.2174599, 4.7006396 ], [ -74.2174572, 4.7006466 ], [ -74.2174591, 4.7006548 ], [ -74.2174656, 4.7006603 ], [ -74.2174771, 4.7006632 ], [ -74.2174925, 4.7006633 ], [ -74.2175211, 4.7006611 ], [ -74.217543, 4.7006573 ], [ -74.2175717, 4.7006477 ], [ -74.2176192, 4.7006236 ], [ -74.2176496, 4.700615 ], [ -74.2176842, 4.7006118 ], [ -74.2177198, 4.7006142 ], [ -74.2177432, 4.7006189 ], [ -74.2177659, 4.700626 ], [ -74.2177909, 4.7006368 ], [ -74.2178138, 4.7006498 ], [ -74.2178318, 4.7006624 ], [ -74.2178486, 4.7006766 ], [ -74.217868, 4.7006965 ], [ -74.2178899, 4.7007224 ], [ -74.2179066, 4.7007361 ], [ -74.2179115, 4.7007384 ], [ -74.2179571, 4.7007404 ], [ -74.2180375, 4.7007379 ], [ -74.2180605, 4.7007394 ], [ -74.2180865, 4.7007437 ], [ -74.2181097, 4.7007507 ], [ -74.2181284, 4.70076 ], [ -74.2181296, 4.7007632 ], [ -74.2181298, 4.7007873 ], [ -74.2181452, 4.7007918 ], [ -74.2181607, 4.7007915 ], [ -74.2181772, 4.7007872 ], [ -74.2181867, 4.7007822 ], [ -74.2182047, 4.700768 ], [ -74.2182247, 4.7007611 ], [ -74.2182273, 4.7007624 ], [ -74.2182286, 4.7007667 ], [ -74.2182292, 4.7007748 ], [ -74.2182267, 4.7007842 ], [ -74.2182276, 4.7007874 ], [ -74.2182297, 4.7007891 ], [ -74.2182482, 4.7007913 ], [ -74.2182662, 4.7007917 ], [ -74.2182788, 4.7007887 ], [ -74.2182909, 4.7007826 ], [ -74.2182962, 4.7007828 ], [ -74.2183003, 4.7007864 ], [ -74.2183274, 4.7008386 ], [ -74.218334, 4.7008399 ], [ -74.2183475, 4.7008332 ], [ -74.2183601, 4.7008305 ], [ -74.2183964, 4.7008334 ], [ -74.2183982, 4.7008367 ], [ -74.2183971, 4.7008499 ], [ -74.2183977, 4.7008589 ], [ -74.2183992, 4.7008616 ], [ -74.2184157, 4.700871 ], [ -74.2184487, 4.7008857 ], [ -74.2184671, 4.7009013 ], [ -74.2184856, 4.7009195 ], [ -74.2184938, 4.7009298 ], [ -74.2184972, 4.7009389 ], [ -74.2184907, 4.700971 ], [ -74.2184918, 4.7009936 ], [ -74.2184944, 4.7010064 ], [ -74.2185474, 4.7010073 ], [ -74.2185683, 4.701017 ], [ -74.2185985, 4.7010346 ], [ -74.2186245, 4.7010559 ], [ -74.2186402, 4.701074 ], [ -74.2186422, 4.7010803 ], [ -74.2186422, 4.701105 ], [ -74.2186442, 4.7011075 ], [ -74.2186611, 4.7011099 ], [ -74.2186794, 4.7011105 ], [ -74.218692, 4.7011079 ], [ -74.2187049, 4.7011021 ], [ -74.2187106, 4.7011021 ], [ -74.2187154, 4.7011047 ], [ -74.2187413, 4.7011304 ], [ -74.2187509, 4.7011342 ], [ -74.2187582, 4.7011332 ], [ -74.2187805, 4.7011233 ], [ -74.2187971, 4.70112 ], [ -74.2188245, 4.7011203 ], [ -74.2188523, 4.7011235 ], [ -74.218859, 4.7011248 ], [ -74.2188617, 4.7011278 ], [ -74.2188615, 4.7011482 ], [ -74.2188626, 4.7011544 ], [ -74.2188886, 4.7011554 ], [ -74.2188973, 4.7011538 ], [ -74.2189062, 4.7011501 ], [ -74.2189088, 4.7011504 ], [ -74.2189107, 4.7011534 ], [ -74.2189115, 4.7012048 ], [ -74.218915, 4.7012061 ], [ -74.2189242, 4.7012023 ], [ -74.2189336, 4.7012006 ], [ -74.2189588, 4.7012016 ], [ -74.21896, 4.7012278 ], [ -74.218985, 4.7012289 ], [ -74.2190034, 4.7012251 ], [ -74.2190075, 4.7012261 ], [ -74.2190091, 4.7012287 ], [ -74.21901, 4.7012492 ], [ -74.2190078, 4.7012726 ], [ -74.2190087, 4.7012768 ], [ -74.2190112, 4.7012789 ], [ -74.2190463, 4.7012815 ], [ -74.2190736, 4.7012816 ], [ -74.2190915, 4.7012791 ], [ -74.2191204, 4.7012714 ], [ -74.2191294, 4.701275 ], [ -74.2191565, 4.7013011 ], [ -74.2192207, 4.701302 ], [ -74.2192714, 4.7012975 ], [ -74.2192778, 4.7013011 ], [ -74.2193259, 4.7013495 ], [ -74.2193313, 4.7013528 ], [ -74.2193407, 4.701353 ], [ -74.2193556, 4.7013454 ], [ -74.2193687, 4.7013417 ], [ -74.21938, 4.7013407 ], [ -74.219396, 4.7013417 ], [ -74.2194159, 4.7013446 ], [ -74.2194223, 4.7013468 ], [ -74.2194238, 4.7013611 ], [ -74.2194218, 4.7013722 ], [ -74.219423, 4.7013737 ], [ -74.2195454, 4.7013737 ], [ -74.2195462, 4.7014042 ], [ -74.2195501, 4.7014121 ], [ -74.2195571, 4.7014179 ], [ -74.2196088, 4.7014285 ], [ -74.2196632, 4.7014358 ], [ -74.2196996, 4.7014391 ], [ -74.2197545, 4.7014417 ], [ -74.2197841, 4.7014408 ], [ -74.219809, 4.7014376 ], [ -74.2198432, 4.7014295 ], [ -74.2198716, 4.7014193 ], [ -74.2198987, 4.7014062 ], [ -74.2199292, 4.7013872 ], [ -74.2199408, 4.701382 ], [ -74.2199577, 4.7013786 ], [ -74.2199761, 4.7013799 ], [ -74.2199893, 4.7013843 ], [ -74.2200013, 4.7013913 ], [ -74.2200248, 4.7014153 ], [ -74.2200337, 4.7014226 ], [ -74.2200849, 4.7014227 ], [ -74.220093, 4.7014251 ], [ -74.2201022, 4.7014311 ], [ -74.2201173, 4.7014456 ], [ -74.2201292, 4.7014631 ], [ -74.2201312, 4.7014711 ], [ -74.2201312, 4.7014961 ], [ -74.2201331, 4.7014987 ], [ -74.2201697, 4.7015015 ], [ -74.2201968, 4.7015019 ], [ -74.2202179, 4.7014984 ], [ -74.2202408, 4.7014895 ], [ -74.2202494, 4.7014913 ], [ -74.2202526, 4.7014947 ], [ -74.2202543, 4.7014991 ], [ -74.2202559, 4.7015257 ], [ -74.2202539, 4.7015443 ], [ -74.2202472, 4.7015624 ], [ -74.220248, 4.7015663 ], [ -74.2202511, 4.7015689 ], [ -74.2205472, 4.7015693 ], [ -74.220551, 4.7015716 ], [ -74.2205523, 4.7015758 ], [ -74.2205445, 4.7015994 ], [ -74.220544, 4.7016236 ], [ -74.2205454, 4.7016406 ], [ -74.2205505, 4.7016474 ], [ -74.2205584, 4.7016487 ], [ -74.2205806, 4.7016407 ], [ -74.2206016, 4.7016373 ], [ -74.2206319, 4.7016376 ], [ -74.2206669, 4.7016404 ], [ -74.2206686, 4.7016472 ], [ -74.2206674, 4.701666 ], [ -74.2206681, 4.7016912 ], [ -74.2206925, 4.7017397 ], [ -74.220693, 4.701766 ], [ -74.2207068, 4.7017683 ], [ -74.2207306, 4.7017692 ], [ -74.2207443, 4.7017667 ], [ -74.2207582, 4.7017604 ], [ -74.2207643, 4.7017623 ], [ -74.2207665, 4.7017678 ], [ -74.2207671, 4.7017859 ], [ -74.2207668, 4.701811 ], [ -74.2207644, 4.7018324 ], [ -74.2207652, 4.701837 ], [ -74.2207882, 4.7018616 ], [ -74.2208111, 4.701883 ], [ -74.2208169, 4.7018911 ], [ -74.2208179, 4.7018985 ], [ -74.2208138, 4.7019229 ], [ -74.2208122, 4.7019437 ], [ -74.2208135, 4.7020076 ], [ -74.220817, 4.702011 ], [ -74.220861, 4.7020322 ], [ -74.2208662, 4.702038 ], [ -74.2208626, 4.7020844 ], [ -74.2208632, 4.702156 ], [ -74.220963, 4.7022063 ], [ -74.2209866, 4.7022268 ], [ -74.2210099, 4.7022536 ], [ -74.2210107, 4.7022813 ], [ -74.2210098, 4.702299 ], [ -74.2210111, 4.7023049 ], [ -74.2210483, 4.7023078 ], [ -74.2210598, 4.7023057 ], [ -74.2210758, 4.7022996 ], [ -74.2210803, 4.7023007 ], [ -74.2210836, 4.7023036 ], [ -74.2210854, 4.7023088 ], [ -74.2210869, 4.702379 ], [ -74.2210848, 4.702407 ], [ -74.2210793, 4.7024371 ], [ -74.2210813, 4.7024469 ], [ -74.2210928, 4.70246 ], [ -74.2211122, 4.7024782 ], [ -74.2211516, 4.7025003 ], [ -74.2211793, 4.7025203 ], [ -74.2211813, 4.7025254 ], [ -74.2211805, 4.7025455 ], [ -74.2211818, 4.7025489 ], [ -74.2212077, 4.7025627 ], [ -74.2212285, 4.7025691 ], [ -74.2212298, 4.7025721 ], [ -74.2212301, 4.702622 ], [ -74.2212527, 4.702635 ], [ -74.2212741, 4.7026424 ], [ -74.2212812, 4.7026488 ], [ -74.2212836, 4.7026544 ], [ -74.2212839, 4.7026604 ], [ -74.2212764, 4.7026893 ], [ -74.2212736, 4.7027166 ], [ -74.2212768, 4.7027906 ], [ -74.2213779, 4.7028428 ], [ -74.2213808, 4.7028572 ], [ -74.2213822, 4.7028765 ], [ -74.22138, 4.7028893 ], [ -74.2213739, 4.702904 ], [ -74.2213751, 4.7029128 ], [ -74.221382, 4.7029212 ], [ -74.221403, 4.7029391 ], [ -74.2214247, 4.7029624 ], [ -74.2214252, 4.7029883 ], [ -74.2214262, 4.7029903 ], [ -74.2214608, 4.7030044 ], [ -74.221474, 4.7030069 ], [ -74.2214907, 4.7030071 ], [ -74.2214978, 4.7030117 ], [ -74.2215002, 4.7030207 ], [ -74.2214963, 4.7030385 ], [ -74.2214954, 4.7030525 ], [ -74.221497, 4.703083 ], [ -74.2214993, 4.7030869 ], [ -74.2215046, 4.7030882 ], [ -74.2215142, 4.7030843 ], [ -74.2215231, 4.7030828 ], [ -74.2215463, 4.7030848 ], [ -74.2215472, 4.7031106 ], [ -74.2215961, 4.7030861 ], [ -74.2215967, 4.7031113 ], [ -74.2216226, 4.7031123 ], [ -74.2216401, 4.7031083 ], [ -74.2216431, 4.7031088 ], [ -74.2216454, 4.7031124 ], [ -74.2216459, 4.7031377 ], [ -74.2216439, 4.7031551 ], [ -74.2216449, 4.7031595 ], [ -74.2216484, 4.703163 ], [ -74.2216674, 4.7031693 ], [ -74.2216934, 4.7031833 ], [ -74.2216944, 4.7031936 ], [ -74.2216938, 4.7032132 ], [ -74.2216958, 4.7032242 ], [ -74.2217025, 4.7032381 ], [ -74.2217138, 4.7032499 ], [ -74.2217272, 4.7032602 ], [ -74.221744, 4.7032703 ], [ -74.221762, 4.7032782 ], [ -74.2217807, 4.7032839 ], [ -74.221798, 4.7032866 ], [ -74.2218156, 4.7032868 ], [ -74.2218309, 4.703285 ], [ -74.2218479, 4.7032807 ], [ -74.2218702, 4.7032709 ], [ -74.2218874, 4.703258 ], [ -74.2219018, 4.70324 ], [ -74.2219106, 4.7032204 ], [ -74.2219165, 4.7031865 ], [ -74.2219195, 4.7031507 ], [ -74.2219192, 4.7031299 ], [ -74.2219137, 4.7030702 ], [ -74.2219146, 4.7030383 ], [ -74.2219187, 4.7030187 ], [ -74.2219254, 4.7029998 ], [ -74.2219347, 4.702982 ], [ -74.2219464, 4.7029657 ], [ -74.221964, 4.7029479 ], [ -74.2219932, 4.7029263 ], [ -74.2220282, 4.7029055 ], [ -74.2220588, 4.7028911 ], [ -74.2220906, 4.7028794 ], [ -74.2221233, 4.7028705 ], [ -74.2221567, 4.7028645 ], [ -74.2221917, 4.7028617 ], [ -74.2222342, 4.7028637 ], [ -74.2222604, 4.7028679 ], [ -74.2222811, 4.702873 ], [ -74.2223211, 4.7028873 ], [ -74.2223603, 4.7029079 ], [ -74.2223832, 4.7029223 ], [ -74.2224125, 4.7029434 ], [ -74.2224536, 4.7029788 ], [ -74.2224907, 4.7030183 ], [ -74.2225236, 4.7030614 ], [ -74.2225554, 4.7031129 ], [ -74.2225824, 4.7031664 ], [ -74.2226046, 4.7032222 ], [ -74.222619, 4.703271 ], [ -74.222621, 4.7032861 ], [ -74.2226213, 4.7033038 ], [ -74.2226194, 4.7033215 ], [ -74.2226161, 4.7033364 ], [ -74.2226027, 4.7033697 ], [ -74.2225835, 4.7034033 ], [ -74.2225567, 4.7034383 ], [ -74.2225503, 4.7034443 ], [ -74.2225425, 4.7034489 ], [ -74.2225274, 4.7034528 ], [ -74.2224931, 4.7034503 ], [ -74.2224777, 4.7034519 ], [ -74.2224736, 4.7034539 ], [ -74.2224702, 4.7034694 ], [ -74.2224687, 4.703487 ], [ -74.2224703, 4.7034972 ], [ -74.2224763, 4.7035118 ], [ -74.2224771, 4.7035185 ], [ -74.2224746, 4.7035268 ], [ -74.2224692, 4.7035314 ], [ -74.2224193, 4.7035361 ], [ -74.2223507, 4.7035381 ], [ -74.2223132, 4.7035351 ], [ -74.2222626, 4.7035256 ], [ -74.2222467, 4.703525 ], [ -74.2222297, 4.7035265 ], [ -74.222213, 4.7035325 ], [ -74.2222, 4.7035431 ], [ -74.2221918, 4.7035558 ], [ -74.2221843, 4.7035781 ], [ -74.2221745, 4.703624 ], [ -74.2221711, 4.7036708 ], [ -74.222174, 4.7037221 ], [ -74.2221839, 4.7037998 ], [ -74.2221971, 4.7038675 ], [ -74.2222101, 4.7039134 ], [ -74.222227, 4.7039581 ], [ -74.2222508, 4.7040099 ], [ -74.2222549, 4.7040154 ], [ -74.2222739, 4.7040232 ], [ -74.2223347, 4.7040424 ], [ -74.2223553, 4.7040513 ], [ -74.2223712, 4.7040603 ], [ -74.2223773, 4.7040646 ], [ -74.2224777, 4.7041644 ], [ -74.2224829, 4.7041653 ], [ -74.2225189, 4.7041605 ], [ -74.222572, 4.7041615 ], [ -74.2225726, 4.7042114 ], [ -74.2225756, 4.7042157 ], [ -74.2225787, 4.704216 ], [ -74.2225916, 4.7042114 ], [ -74.2226041, 4.7042092 ], [ -74.2226449, 4.7042103 ], [ -74.222646, 4.7042129 ], [ -74.2226459, 4.7042359 ], [ -74.2226472, 4.7042372 ], [ -74.2226992, 4.7042384 ], [ -74.2227164, 4.7042367 ], [ -74.2227348, 4.7042326 ], [ -74.222741, 4.7042339 ], [ -74.2227441, 4.7042366 ], [ -74.2227454, 4.70424 ], [ -74.2227412, 4.7042626 ], [ -74.2227425, 4.7042823 ], [ -74.222746, 4.7042869 ], [ -74.222791, 4.7042889 ], [ -74.2228096, 4.704287 ], [ -74.2228284, 4.7042829 ], [ -74.2228353, 4.704283 ], [ -74.2228466, 4.7042873 ], [ -74.2228933, 4.7043107 ], [ -74.2229107, 4.7043145 ], [ -74.2229248, 4.7043131 ], [ -74.2229679, 4.7043004 ], [ -74.2230016, 4.7042959 ], [ -74.2230511, 4.7042965 ], [ -74.2231022, 4.704302 ], [ -74.2231065, 4.7043042 ], [ -74.2231093, 4.7043082 ], [ -74.2231117, 4.7043272 ], [ -74.2231117, 4.7043522 ], [ -74.2231069, 4.7043772 ], [ -74.2231094, 4.7043823 ], [ -74.2231154, 4.7043864 ], [ -74.2231236, 4.7043877 ], [ -74.2231611, 4.7043822 ], [ -74.2231924, 4.7043801 ], [ -74.2233021, 4.7043812 ], [ -74.2233058, 4.7043834 ], [ -74.2233076, 4.7043875 ], [ -74.2233031, 4.7044014 ], [ -74.223302, 4.7044104 ], [ -74.2233039, 4.7044289 ], [ -74.2233077, 4.7044341 ], [ -74.2233261, 4.7044365 ], [ -74.2233503, 4.7044373 ], [ -74.2233862, 4.7044318 ], [ -74.2233998, 4.7044313 ], [ -74.2234173, 4.7044341 ], [ -74.2234341, 4.7044409 ], [ -74.2234551, 4.7044552 ], [ -74.2234746, 4.7044764 ], [ -74.2234758, 4.70448 ], [ -74.2234763, 4.7045056 ], [ -74.2235009, 4.7045069 ], [ -74.22351, 4.7045057 ], [ -74.22352, 4.7045024 ], [ -74.2235239, 4.7045038 ], [ -74.2235252, 4.7045067 ], [ -74.2235256, 4.7045197 ], [ -74.2235239, 4.7045491 ], [ -74.2235249, 4.7045544 ], [ -74.2235463, 4.7045675 ], [ -74.2235695, 4.7045751 ], [ -74.2235754, 4.7045805 ], [ -74.2235795, 4.7045879 ], [ -74.223581, 4.7045999 ], [ -74.2235709, 4.7046506 ], [ -74.2235673, 4.7046975 ], [ -74.2235702, 4.704814 ], [ -74.2235724, 4.7048211 ], [ -74.223577, 4.7048263 ], [ -74.2235823, 4.7048285 ], [ -74.223588, 4.7048283 ], [ -74.2236064, 4.7048187 ], [ -74.2236237, 4.7048148 ], [ -74.223645, 4.704816 ], [ -74.2236683, 4.70482 ], [ -74.223671, 4.7048225 ], [ -74.2236722, 4.7048277 ], [ -74.2236675, 4.7048482 ], [ -74.2236705, 4.7048714 ], [ -74.2236924, 4.7048731 ], [ -74.2237156, 4.7048711 ], [ -74.2237223, 4.7048727 ], [ -74.2237541, 4.7048959 ], [ -74.2237914, 4.70492 ], [ -74.2237957, 4.7049211 ], [ -74.2238069, 4.7049198 ], [ -74.2238178, 4.7049209 ], [ -74.2238198, 4.7049319 ], [ -74.2238165, 4.7049425 ], [ -74.2238195, 4.7049468 ], [ -74.2238571, 4.7049604 ], [ -74.223888, 4.7049668 ], [ -74.223891, 4.7049699 ], [ -74.2238922, 4.7049736 ], [ -74.2238892, 4.7049954 ], [ -74.2238901, 4.705017 ], [ -74.2238921, 4.7050196 ], [ -74.2238958, 4.7050204 ], [ -74.2239136, 4.7050168 ], [ -74.223939, 4.7050179 ], [ -74.2239403, 4.705029 ], [ -74.2239393, 4.7050411 ], [ -74.2239409, 4.7050441 ], [ -74.2239927, 4.7050451 ], [ -74.2240103, 4.7050437 ], [ -74.2240292, 4.7050402 ], [ -74.2240354, 4.7050416 ], [ -74.2240382, 4.7050441 ], [ -74.2240394, 4.7050475 ], [ -74.2240353, 4.7050681 ], [ -74.2240365, 4.7050888 ], [ -74.2240387, 4.7050943 ], [ -74.224055, 4.7051051 ], [ -74.22408, 4.7051156 ], [ -74.2240899, 4.7051165 ], [ -74.224122, 4.7051153 ], [ -74.2241353, 4.7051166 ], [ -74.2241373, 4.7051423 ], [ -74.2241329, 4.705161 ], [ -74.2241362, 4.7051661 ], [ -74.2241752, 4.7051672 ], [ -74.2242043, 4.7051632 ], [ -74.2242081, 4.7051653 ], [ -74.2242329, 4.7051901 ], [ -74.2242361, 4.7051914 ], [ -74.2243285, 4.7051925 ], [ -74.2243877, 4.7051867 ], [ -74.224396, 4.7051872 ], [ -74.224403, 4.7051895 ], [ -74.2245016, 4.7052389 ], [ -74.224519, 4.7052409 ], [ -74.2245591, 4.7052387 ], [ -74.2245856, 4.7052417 ], [ -74.2246161, 4.7052514 ], [ -74.224644, 4.7052673 ], [ -74.2246565, 4.7052773 ], [ -74.2246694, 4.7052902 ], [ -74.2246914, 4.7053187 ], [ -74.2247086, 4.7053503 ], [ -74.2247207, 4.7053843 ], [ -74.2247274, 4.7054197 ], [ -74.2247283, 4.7054557 ], [ -74.2247229, 4.7054921 ], [ -74.2247128, 4.7055236 ], [ -74.2246979, 4.7055531 ], [ -74.2246761, 4.7055827 ], [ -74.224654, 4.7056031 ], [ -74.2246282, 4.7056184 ], [ -74.2245998, 4.705628 ], [ -74.22457, 4.7056314 ], [ -74.2245525, 4.7056305 ], [ -74.2245018, 4.7056239 ], [ -74.2245001, 4.7056219 ] ] ] } },
{ "type": "Feature", "properties": { "AREA": 174002.56323648547, "PERIMETER": 2290.5132828199999, "USO_PROPUE": 27, "USO_PROP_1": 6369, "SIMBOLO_MA": "18", "DESC_MAPA": "Uso Institucional", "GRUPO": "Suelo de Desarrollo Rural", "SUB_GRUPO": "Zonas de Actividad Institucional", "SIMBOLO": "A-INS", "CLAS_CIAF": "1a" }, "geometry": { "type": "Polygon", "coordinates": [ [ [ -74.2289041, 4.7047201 ], [ -74.2269799, 4.7033452 ], [ -74.2269748, 4.7032547 ], [ -74.2275567, 4.7024407 ], [ -74.22748, 4.7023503 ], [ -74.227176, 4.7020791 ], [ -74.2273421, 4.7019886 ], [ -74.2277362, 4.7018077 ], [ -74.2278879, 4.7017172 ], [ -74.2281442, 4.7016267 ], [ -74.2303699, 4.7016263 ], [ -74.2305385, 4.7016735 ], [ -74.2326137, 4.7021379 ], [ -74.2342188, 4.7025208 ], [ -74.2344363, 4.7027398 ], [ -74.2331514, 4.7037056 ], [ -74.2331233, 4.703796 ], [ -74.2333054, 4.7040672 ], [ -74.2333357, 4.7041577 ], [ -74.2327773, 4.7046099 ], [ -74.2326608, 4.7047004 ], [ -74.2322294, 4.7049913 ], [ -74.2316172, 4.7044293 ], [ -74.2317417, 4.7043389 ], [ -74.2319366, 4.7042484 ], [ -74.2301886, 4.7029828 ], [ -74.2301129, 4.7029255 ], [ -74.2289041, 4.7047201 ] ] ] } },
{ "type": "Feature", "properties": { "AREA": 179481.58184205554, "PERIMETER": 2377.9215442899999, "USO_PROPUE": 28, "USO_PROP_1": 6367, "SIMBOLO_MA": "19", "DESC_MAPA": "Uso Industrial", "GRUPO": "Suelo de Desarrollo Rural", "SUB_GRUPO": "Zonas de Actividad Industrial", "SIMBOLO": "A-IND", "CLAS_CIAF": "1a" }, "geometry": { "type": "Polygon", "coordinates": [ [ [ -74.2272329, 4.703526 ], [ -74.2272088, 4.7036164 ], [ -74.2258578, 4.7049731 ], [ -74.2258412, 4.7049731 ], [ -74.2257331, 4.7048827 ], [ -74.2244987, 4.7038883 ], [ -74.2240479, 4.7035266 ], [ -74.2220082, 4.7018993 ], [ -74.2220049, 4.7018089 ], [ -74.2230422, 4.7005426 ], [ -74.2230623, 4.7004621 ], [ -74.2243577, 4.7008559 ], [ -74.2256531, 4.7012382 ], [ -74.2272816, 4.7013795 ], [ -74.2290047, 4.7012672 ], [ -74.2293807, 4.701349 ], [ -74.2303699, 4.7016263 ], [ -74.2281442, 4.7016267 ], [ -74.2278879, 4.7017172 ], [ -74.2277362, 4.7018077 ], [ -74.2273421, 4.7019886 ], [ -74.227176, 4.7020791 ], [ -74.22748, 4.7023503 ], [ -74.2275567, 4.7024407 ], [ -74.2269748, 4.7032547 ], [ -74.2269799, 4.7033452 ], [ -74.2272329, 4.703526 ] ] ] } },
{ "type": "Feature", "properties": { "AREA": 1677755.4938285945, "PERIMETER": 16255.7884299, "USO_PROPUE": 29, "USO_PROP_1": 6368, "SIMBOLO_MA": "15", "DESC_MAPA": "Corredor Vial Rural", "GRUPO": "Suelo de Desarrollo Rural", "SUB_GRUPO": "Zonas Viales de Servicios", "SIMBOLO": "Vs", "CLAS_CIAF": "1a" }, "geometry": { "type": "Polygon", "coordinates": [ [ [ -74.2343762, 4.7026792 ], [ -74.2342188, 4.7025208 ], [ -74.2326137, 4.7021379 ], [ -74.2305385, 4.7016735 ], [ -74.2293807, 4.701349 ], [ -74.2290047, 4.7012672 ], [ -74.2272816, 4.7013795 ], [ -74.2256531, 4.7012382 ], [ -74.2243577, 4.7008559 ], [ -74.2230623, 4.7004621 ], [ -74.2230422, 4.7005426 ], [ -74.2220049, 4.7018089 ], [ -74.2220082, 4.7018993 ], [ -74.2240479, 4.7035266 ], [ -74.2244987, 4.7038883 ], [ -74.2257331, 4.7048827 ], [ -74.2258412, 4.7049731 ], [ -74.2256619, 4.7048827 ], [ -74.2254697, 4.7047924 ], [ -74.2252012, 4.704702 ], [ -74.2248592, 4.7046116 ], [ -74.2246367, 4.7045212 ], [ -74.2244742, 4.7044308 ], [ -74.2243528, 4.7043404 ], [ -74.2241518, 4.7041596 ], [ -74.2240032, 4.7040692 ], [ -74.2238015, 4.7039788 ], [ -74.2236479, 4.7038884 ], [ -74.2235581, 4.703798 ], [ -74.2234846, 4.7037076 ], [ -74.2234012, 4.7034363 ], [ -74.2233543, 4.7033459 ], [ -74.2232312, 4.7031651 ], [ -74.2231041, 4.7029842 ], [ -74.2229066, 4.7028034 ], [ -74.2226881, 4.7026226 ], [ -74.2225144, 4.7025322 ], [ -74.2223358, 4.7024418 ], [ -74.2219474, 4.702261 ], [ -74.2218492, 4.7021706 ], [ -74.2213916, 4.7017186 ], [ -74.2213112, 4.7016281 ], [ -74.2209169, 4.7010856 ], [ -74.2208264, 4.7009952 ], [ -74.2203746, 4.700724 ], [ -74.2200906, 4.7006337 ], [ -74.2197534, 4.7005433 ], [ -74.2194079, 4.7004529 ], [ -74.219072, 4.7003626 ], [ -74.218535, 4.7001818 ], [ -74.2177571, 4.6999107 ], [ -74.2175372, 4.6998203 ], [ -74.2172322, 4.6996395 ], [ -74.2169927, 4.6995491 ], [ -74.2167645, 4.6994587 ], [ -74.2165852, 4.6993683 ], [ -74.2164114, 4.6992779 ], [ -74.2160839, 4.6990971 ], [ -74.2158721, 4.6990067 ], [ -74.2155925, 4.6989164 ], [ -74.2152845, 4.698826 ], [ -74.2148777, 4.6987356 ], [ -74.2139292, 4.6986454 ], [ -74.2135876, 4.698555 ], [ -74.2132626, 4.6984647 ], [ -74.2129593, 4.6984147 ], [ -74.2127213, 4.6984147 ], [ -74.2123643, 4.6984648 ], [ -74.2118385, 4.6985554 ], [ -74.2115266, 4.6987363 ], [ -74.2113728, 4.6989172 ], [ -74.2112865, 4.6990076 ], [ -74.2110921, 4.6991885 ], [ -74.2109863, 4.699279 ], [ -74.2106147, 4.6993695 ], [ -74.2100653, 4.69946 ], [ -74.2095089, 4.6998218 ], [ -74.2093617, 4.6999123 ], [ -74.2088883, 4.6999124 ], [ -74.2081829, 4.6998221 ], [ -74.2080201, 4.6998221 ], [ -74.2073979, 4.6999126 ], [ -74.2068866, 4.7000032 ], [ -74.2064562, 4.7000937 ], [ -74.2058731, 4.7002608 ], [ -74.205765, 4.6986305 ], [ -74.2006283, 4.698903 ], [ -74.2007062, 4.6976531 ], [ -74.2015242, 4.6976529 ], [ -74.202916, 4.6975622 ], [ -74.2082772, 4.6971454 ], [ -74.2082369, 4.6958172 ], [ -74.2094262, 4.6956996 ], [ -74.2093768, 4.6952458 ], [ -74.2130066, 4.6950115 ], [ -74.2130092, 4.6951884 ], [ -74.2130096, 4.6968236 ], [ -74.2139737, 4.6967616 ], [ -74.2168187, 4.6965486 ], [ -74.2172499, 4.6967076 ], [ -74.2189986, 4.6952985 ], [ -74.2193892, 4.6956294 ], [ -74.2220373, 4.6974592 ], [ -74.2227869, 4.6979987 ], [ -74.2237578, 4.6987378 ], [ -74.2248734, 4.6991229 ], [ -74.2259884, 4.6994519 ], [ -74.2273009, 4.6995658 ], [ -74.2280922, 4.6996217 ], [ -74.2282526, 4.6997808 ], [ -74.2284354, 4.6999535 ], [ -74.2286056, 4.7001898 ], [ -74.2288447, 4.7004438 ], [ -74.2288971, 4.7005381 ], [ -74.2290479, 4.7007876 ], [ -74.2290891, 4.7008636 ], [ -74.2291282, 4.7008519 ], [ -74.2292096, 4.7008131 ], [ -74.2292953, 4.7007406 ], [ -74.2294774, 4.7006195 ], [ -74.2298, 4.7003249 ], [ -74.2299641, 4.7001504 ], [ -74.2303868, 4.6997838 ], [ -74.2305329, 4.6997941 ], [ -74.2309775, 4.6999187 ], [ -74.2330184, 4.7003754 ], [ -74.2340463, 4.7006206 ], [ -74.2359872, 4.6990452 ], [ -74.2387656, 4.6968149 ], [ -74.2413588, 4.6950528 ], [ -74.2464593, 4.6902032 ], [ -74.249064, 4.6878851 ], [ -74.2499472, 4.6874419 ], [ -74.2510377, 4.6863798 ], [ -74.2517339, 4.6853538 ], [ -74.2532231, 4.6840492 ], [ -74.25496, 4.6825163 ], [ -74.2549796, 4.6825909 ], [ -74.2551729, 4.6829401 ], [ -74.2553294, 4.6831964 ], [ -74.2552641, 4.6834437 ], [ -74.2554269, 4.6840617 ], [ -74.2553941, 4.6843111 ], [ -74.2553933, 4.6844259 ], [ -74.2553892, 4.6845312 ], [ -74.2553898, 4.6845456 ], [ -74.2544112, 4.6854093 ], [ -74.2530938, 4.6865634 ], [ -74.2524247, 4.6875495 ], [ -74.2510028, 4.6889344 ], [ -74.2500826, 4.6893961 ], [ -74.2476777, 4.6915364 ], [ -74.2424917, 4.6964674 ], [ -74.2398358, 4.698272 ], [ -74.2371172, 4.7004543 ], [ -74.2343762, 4.7026792 ] ] ] } },
{ "type": "Feature", "properties": { "AREA": 249359.84809076411, "PERIMETER": 2520.3310916700002, "USO_PROPUE": 30, "USO_PROP_1": 6336, "SIMBOLO_MA": "2", "DESC_MAPA": "Agropecuario Mecanizado Intensivo", "GRUPO": "Suelo de Desarrollo Rural", "SUB_GRUPO": "Zona de Desarrollo Agropecuario Sin Restricciones", "SIMBOLO": "DA-sr", "CLAS_CIAF": "2b" }, "geometry": { "type": "Polygon", "coordinates": [ [ [ -74.2469949, 4.6985846 ], [ -74.2525556, 4.6936702 ], [ -74.252526, 4.6937766 ], [ -74.2527015, 4.6942575 ], [ -74.2527033, 4.6943969 ], [ -74.2527101, 4.6946667 ], [ -74.252711, 4.6947799 ], [ -74.2527287, 4.6949425 ], [ -74.2527714, 4.6950947 ], [ -74.2529132, 4.695487 ], [ -74.2529659, 4.6956177 ], [ -74.2532607, 4.6961407 ], [ -74.2533688, 4.6962735 ], [ -74.2534437, 4.6963599 ], [ -74.2535936, 4.696555 ], [ -74.2537741, 4.6967325 ], [ -74.2536994, 4.6967908 ], [ -74.2535091, 4.6970021 ], [ -74.2532197, 4.6973087 ], [ -74.2531098, 4.6974858 ], [ -74.2529963, 4.6977703 ], [ -74.2529025, 4.6978352 ], [ -74.2527567, 4.697946 ], [ -74.2526156, 4.6980721 ], [ -74.2523793, 4.6983396 ], [ -74.2522689, 4.6985883 ], [ -74.2522582, 4.698704 ], [ -74.2522378, 4.6987403 ], [ -74.251995, 4.6989716 ], [ -74.2515258, 4.6994372 ], [ -74.2514269, 4.6995458 ], [ -74.2513385, 4.6996518 ], [ -74.2511718, 4.6998648 ], [ -74.2510415, 4.7000795 ], [ -74.2509818, 4.7001841 ], [ -74.2508012, 4.7005265 ], [ -74.2506921, 4.7006864 ], [ -74.2506202, 4.7007963 ], [ -74.2504355, 4.7011243 ], [ -74.2503141, 4.7014671 ], [ -74.2502396, 4.7017833 ], [ -74.2502155, 4.7019158 ], [ -74.2501203, 4.7000308 ], [ -74.2500505, 4.6996614 ], [ -74.2488567, 4.6992057 ], [ -74.247999, 4.6989319 ], [ -74.2477408, 4.6988441 ], [ -74.2472325, 4.6986625 ], [ -74.2469949, 4.6985846 ] ] ] } },
{ "type": "Feature", "properties": { "AREA": 923863.22861249745, "PERIMETER": 36631.211938799999, "USO_PROPUE": 31, "USO_PROP_1": 6321, "SIMBOLO_MA": null, "DESC_MAPA": "Malla Ambiental", "GRUPO": "Suelo de Protección y de Importancia Ambiental", "SUB_GRUPO": "Zonas de Recuperación Ambiental", "SIMBOLO": "RA", "CLAS_CIAF": "3a" }, "geometry": { "type": "Polygon", "coordinates": [ [ [ -74.2296363, 4.69984 ], [ -74.2387779, 4.6919086 ], [ -74.2387129, 4.6918489 ], [ -74.2379646, 4.6911347 ], [ -74.2377594, 4.6908574 ], [ -74.2374958, 4.6906284 ], [ -74.2374688, 4.6905289 ], [ -74.2382105, 4.6898564 ], [ -74.238451, 4.6895882 ], [ -74.2389286, 4.6891179 ], [ -74.2392399, 4.6888586 ], [ -74.2394983, 4.6885451 ], [ -74.2396621, 4.6883027 ], [ -74.2397433, 4.6880366 ], [ -74.2396854, 4.6877793 ], [ -74.2394552, 4.6875589 ], [ -74.2390814, 4.6872911 ], [ -74.2385856, 4.6868662 ], [ -74.2382685, 4.6864773 ], [ -74.2380778, 4.6863357 ], [ -74.2371564, 4.6858824 ], [ -74.2364321, 4.6851915 ], [ -74.2357206, 4.684574 ], [ -74.2350623, 4.6840255 ], [ -74.2343597, 4.6835001 ], [ -74.2334893, 4.6826207 ], [ -74.2327681, 4.6821092 ], [ -74.2322895, 4.6816577 ], [ -74.2321104, 4.6814311 ], [ -74.2307053, 4.6799907 ], [ -74.2306597, 4.6798916 ], [ -74.2304102, 4.6798479 ], [ -74.2302843, 4.6799118 ], [ -74.2301285, 4.6799547 ], [ -74.2281338, 4.6779685 ], [ -74.2282495, 4.6778184 ], [ -74.2283052, 4.6776856 ], [ -74.2282615, 4.677548 ], [ -74.227127, 4.6763255 ], [ -74.2246078, 4.6735067 ], [ -74.2232994, 4.6721696 ], [ -74.22138, 4.6703103 ], [ -74.2194372, 4.6684381 ], [ -74.2165804, 4.6653891 ], [ -74.21409, 4.6630145 ], [ -74.2162826, 4.6623788 ], [ -74.2178629, 4.661879 ], [ -74.2189924, 4.6615483 ], [ -74.2196849, 4.6613182 ], [ -74.220342, 4.6611214 ], [ -74.2209497, 4.6609095 ], [ -74.2214943, 4.6607516 ], [ -74.2223038, 4.6604733 ], [ -74.2227766, 4.6603279 ], [ -74.2232023, 4.6602269 ], [ -74.2238145, 4.6600057 ], [ -74.2251693, 4.6597738 ], [ -74.2261252, 4.6595177 ], [ -74.2267224, 4.6594106 ], [ -74.2277086, 4.6592816 ], [ -74.2278705, 4.6592179 ], [ -74.2282409, 4.6590578 ], [ -74.2289331, 4.6587278 ], [ -74.2297762, 4.6584491 ], [ -74.2304029, 4.6582516 ], [ -74.2311153, 4.657818 ], [ -74.2319499, 4.6572025 ], [ -74.2326438, 4.6567299 ], [ -74.2339976, 4.655842 ], [ -74.234828, 4.6552772 ], [ -74.2365232, 4.6541816 ], [ -74.2376949, 4.6534091 ], [ -74.2386884, 4.6527725 ], [ -74.2388554, 4.6526709 ], [ -74.2402092, 4.6517716 ], [ -74.2413807, 4.6509418 ], [ -74.2414523, 4.6508896 ], [ -74.2489597, 4.661028 ], [ -74.2493086, 4.6613873 ], [ -74.2491105, 4.6616162 ], [ -74.2484804, 4.6623907 ], [ -74.247362, 4.6636553 ], [ -74.2466058, 4.6645142 ], [ -74.244873, 4.6665112 ], [ -74.2440224, 4.6674754 ], [ -74.2436495, 4.6679338 ], [ -74.2422213, 4.6697042 ], [ -74.2422424, 4.6701151 ], [ -74.2422268, 4.6708 ], [ -74.2421796, 4.6712214 ], [ -74.242122, 4.6719589 ], [ -74.2422009, 4.6722697 ], [ -74.2433514, 4.6734021 ], [ -74.2440607, 4.6741553 ], [ -74.2452323, 4.6755721 ], [ -74.2462358, 4.6768046 ], [ -74.2479749, 4.6789851 ], [ -74.2487945, 4.6798752 ], [ -74.2506924, 4.6821727 ], [ -74.2299641, 4.7001504 ], [ -74.2298, 4.7003249 ], [ -74.2294774, 4.7006195 ], [ -74.2292953, 4.7007406 ], [ -74.2292096, 4.7008131 ], [ -74.2291282, 4.7008519 ], [ -74.2290891, 4.7008636 ], [ -74.2290479, 4.7007876 ], [ -74.2288971, 4.7005381 ], [ -74.2288447, 4.7004438 ], [ -74.2286056, 4.7001898 ], [ -74.2284354, 4.6999535 ], [ -74.2282526, 4.6997808 ], [ -74.2280805, 4.6996101 ], [ -74.2278263, 4.6994169 ], [ -74.2276058, 4.6992224 ], [ -74.2273871, 4.6989972 ], [ -74.2271031, 4.6987496 ], [ -74.2266957, 4.6984551 ], [ -74.2262806, 4.6981671 ], [ -74.2259297, 4.6978605 ], [ -74.2255756, 4.697593 ], [ -74.2251839, 4.6972789 ], [ -74.2246244, 4.6967985 ], [ -74.2245557, 4.6967355 ], [ -74.2245377, 4.6967363 ], [ -74.2216863, 4.6944713 ], [ -74.22168, 4.694386 ], [ -74.2215507, 4.6942575 ], [ -74.2213678, 4.6940231 ], [ -74.2184866, 4.6924837 ], [ -74.2146479, 4.6922795 ], [ -74.2146031, 4.6922811 ], [ -74.2090556, 4.6923451 ], [ -74.205191, 4.6922809 ], [ -74.205189, 4.6918289 ], [ -74.2144865, 4.6918182 ], [ -74.2186102, 4.6920375 ], [ -74.2216645, 4.6936694 ], [ -74.2218838, 4.6939521 ], [ -74.2219696, 4.6940374 ], [ -74.2229103, 4.6946952 ], [ -74.2237365, 4.6954086 ], [ -74.2243408, 4.6959259 ], [ -74.2249231, 4.6964599 ], [ -74.2254711, 4.6969304 ], [ -74.2258519, 4.6972357 ], [ -74.2262136, 4.697509 ], [ -74.2265576, 4.6978095 ], [ -74.2269556, 4.6980857 ], [ -74.2273831, 4.6983948 ], [ -74.2276969, 4.6986682 ], [ -74.2279164, 4.6988944 ], [ -74.2281115, 4.6990664 ], [ -74.2283762, 4.6992676 ], [ -74.2285655, 4.6994554 ], [ -74.2287755, 4.6996538 ], [ -74.2289536, 4.6999009 ], [ -74.2292109, 4.7001744 ], [ -74.2292394, 4.7002257 ], [ -74.2294835, 4.7000025 ], [ -74.2296363, 4.69984 ] ], [ [ -74.2309697, 4.6794869 ], [ -74.2310818, 4.6797302 ], [ -74.2324489, 4.6811317 ], [ -74.2326222, 4.6813509 ], [ -74.2330539, 4.6817582 ], [ -74.2337815, 4.6822741 ], [ -74.2346559, 4.6831577 ], [ -74.235341, 4.6836701 ], [ -74.236012, 4.684229 ], [ -74.236735, 4.6848565 ], [ -74.2374168, 4.6855069 ], [ -74.2383129, 4.6859478 ], [ -74.2385817, 4.6861474 ], [ -74.2389089, 4.6865487 ], [ -74.2393592, 4.6869346 ], [ -74.2397432, 4.6872096 ], [ -74.2400949, 4.6875465 ], [ -74.2402093, 4.6880541 ], [ -74.2400731, 4.6885002 ], [ -74.2398592, 4.6888167 ], [ -74.2395602, 4.6891795 ], [ -74.2392309, 4.6894537 ], [ -74.2387767, 4.689901 ], [ -74.23853, 4.6901762 ], [ -74.238103, 4.6905633 ], [ -74.2383033, 4.6908339 ], [ -74.2390203, 4.6915183 ], [ -74.2391212, 4.6916109 ], [ -74.2500637, 4.6821202 ], [ -74.2484552, 4.6801731 ], [ -74.247633, 4.6792802 ], [ -74.2458854, 4.6770889 ], [ -74.2448844, 4.6758595 ], [ -74.2437231, 4.6744552 ], [ -74.2430297, 4.6737189 ], [ -74.2417953, 4.6725039 ], [ -74.2416669, 4.6719981 ], [ -74.2417309, 4.6711785 ], [ -74.2417767, 4.6707695 ], [ -74.2417915, 4.6701216 ], [ -74.2417624, 4.6695544 ], [ -74.2432998, 4.6676486 ], [ -74.2436789, 4.6671825 ], [ -74.2445344, 4.6662129 ], [ -74.246267, 4.6642161 ], [ -74.2470246, 4.6633556 ], [ -74.2481372, 4.6620976 ], [ -74.2486988, 4.6614072 ], [ -74.2486159, 4.6613219 ], [ -74.2413536, 4.6515144 ], [ -74.2404636, 4.6521449 ], [ -74.2390967, 4.6530529 ], [ -74.238927, 4.6531562 ], [ -74.2379399, 4.6537886 ], [ -74.2367689, 4.6545606 ], [ -74.2350765, 4.6556544 ], [ -74.2342474, 4.6562184 ], [ -74.2328937, 4.6571062 ], [ -74.23221, 4.6575719 ], [ -74.2313661, 4.6581942 ], [ -74.23059, 4.6586666 ], [ -74.2299142, 4.6588796 ], [ -74.2291009, 4.6591484 ], [ -74.2284268, 4.6594698 ], [ -74.2280418, 4.6596362 ], [ -74.2278215, 4.6597227 ], [ -74.2267912, 4.6598576 ], [ -74.2262232, 4.6599595 ], [ -74.2252656, 4.660216 ], [ -74.2239296, 4.6604447 ], [ -74.2233309, 4.660661 ], [ -74.2228946, 4.6607646 ], [ -74.2224429, 4.6609035 ], [ -74.2216299, 4.6611829 ], [ -74.2210863, 4.6613405 ], [ -74.2204805, 4.6615518 ], [ -74.2198202, 4.6617495 ], [ -74.2191264, 4.66198 ], [ -74.2179938, 4.6623117 ], [ -74.2164129, 4.6628116 ], [ -74.2149701, 4.66323 ], [ -74.2169, 4.6650701 ], [ -74.2197577, 4.6681199 ], [ -74.2216926, 4.6699847 ], [ -74.2236168, 4.6718485 ], [ -74.2249365, 4.6731973 ], [ -74.2274596, 4.6760205 ], [ -74.2286602, 4.6773141 ], [ -74.228785, 4.6777072 ], [ -74.2287043, 4.6778996 ], [ -74.2302393, 4.6794279 ], [ -74.2303402, 4.6793767 ], [ -74.2309697, 4.6794869 ] ] ] } },
{ "type": "Feature", "properties": { "AREA": 176008.13455882668, "PERIMETER": 1800.83822108, "USO_PROPUE": 32, "USO_PROP_1": 6319, "SIMBOLO_MA": "2", "DESC_MAPA": "Agropecuario Mecanizado Intensivo", "GRUPO": "Suelo de Desarrollo Rural", "SUB_GRUPO": "Zona de Desarrollo Agropecuario Sin Restricciones", "SIMBOLO": "DA-sr", "CLAS_CIAF": "2b" }, "geometry": { "type": "Polygon", "coordinates": [ [ [ -74.2368966, 4.6983151 ], [ -74.2359872, 4.6990452 ], [ -74.2340463, 4.7006206 ], [ -74.2330184, 4.7003754 ], [ -74.2309775, 4.6999187 ], [ -74.2305329, 4.6997941 ], [ -74.2303868, 4.6997838 ], [ -74.2344295, 4.6962776 ], [ -74.2345406, 4.6962725 ], [ -74.2347269, 4.6960925 ], [ -74.2368966, 4.6983151 ] ] ] } },
{ "type": "Feature", "properties": { "AREA": 3141.2972453683601, "PERIMETER": 265.241221747, "USO_PROPUE": 33, "USO_PROP_1": 6314, "SIMBOLO_MA": "15", "DESC_MAPA": "Corredor Vial Rural", "GRUPO": "Suelo de Desarrollo Rural", "SUB_GRUPO": "Zonas Viales de Servicios", "SIMBOLO": "Vs", "CLAS_CIAF": "1a" }, "geometry": { "type": "Polygon", "coordinates": [ [ [ -74.2297528, 4.699739 ], [ -74.2296363, 4.69984 ], [ -74.2294835, 4.7000025 ], [ -74.2292394, 4.7002257 ], [ -74.2292109, 4.7001744 ], [ -74.2289536, 4.6999009 ], [ -74.2287878, 4.6996708 ], [ -74.2297528, 4.699739 ] ] ] } },
{ "type": "Feature", "properties": { "AREA": 582439.6154332608, "PERIMETER": 3415.8471441299998, "USO_PROPUE": 34, "USO_PROP_1": 6309, "SIMBOLO_MA": "19", "DESC_MAPA": "Uso Industrial", "GRUPO": "Suelo de Desarrollo Rural", "SUB_GRUPO": "Zonas de Actividad Industrial", "SIMBOLO": "A-IND", "CLAS_CIAF": "1a" }, "geometry": { "type": "Polygon", "coordinates": [ [ [ -74.1914565, 4.6993921 ], [ -74.1902095, 4.6994623 ], [ -74.1894575, 4.6995709 ], [ -74.1877185, 4.6996571 ], [ -74.1863082, 4.6996888 ], [ -74.1831406, 4.6997531 ], [ -74.1820993, 4.6997557 ], [ -74.1817224, 4.6996699 ], [ -74.1814672, 4.6994772 ], [ -74.1809737, 4.6992874 ], [ -74.1807465, 4.6991978 ], [ -74.1839518, 4.6950847 ], [ -74.1844626, 4.6955157 ], [ -74.1857464, 4.6949976 ], [ -74.1886462, 4.6937658 ], [ -74.1908583, 4.6927988 ], [ -74.191502, 4.6936236 ], [ -74.1909733, 4.6939259 ], [ -74.1914565, 4.6993921 ] ] ] } },
{ "type": "Feature", "properties": { "AREA": 183272.91373336315, "PERIMETER": 2146.26185816, "USO_PROPUE": 35, "USO_PROP_1": 6308, "SIMBOLO_MA": "2", "DESC_MAPA": "Agropecuario Mecanizado Intensivo", "GRUPO": "Suelo de Desarrollo Rural", "SUB_GRUPO": "Zona de Desarrollo Agropecuario Sin Restricciones", "SIMBOLO": "DA-sr", "CLAS_CIAF": "2b" }, "geometry": { "type": "Polygon", "coordinates": [ [ [ -74.2297528, 4.699739 ], [ -74.2287878, 4.6996708 ], [ -74.2287755, 4.6996538 ], [ -74.2285655, 4.6994554 ], [ -74.2283762, 4.6992676 ], [ -74.2281115, 4.6990664 ], [ -74.2279164, 4.6988944 ], [ -74.2276969, 4.6986682 ], [ -74.2273831, 4.6983948 ], [ -74.2269556, 4.6980857 ], [ -74.2265576, 4.6978095 ], [ -74.2262136, 4.697509 ], [ -74.2258519, 4.6972357 ], [ -74.2254711, 4.6969304 ], [ -74.2252086, 4.6967052 ], [ -74.2337035, 4.6963113 ], [ -74.2297528, 4.699739 ] ] ] } },
{ "type": "Feature", "properties": { "AREA": 9260102.4275856074, "PERIMETER": 17033.824826600001, "USO_PROPUE": 36, "USO_PROP_1": 6307, "SIMBOLO_MA": "6", "DESC_MAPA": "Áreas Susceptibles De Actividades Mineras e Industriales", "GRUPO": "Suelo de Desarrollo Rural", "SUB_GRUPO": "Zonas de Desarrollo Minero", "SIMBOLO": "DM", "CLAS_CIAF": "5b" }, "geometry": { "type": "Polygon", "coordinates": [ [ [ -74.2976738, 4.6978546 ], [ -74.2973464, 4.699646 ], [ -74.2972605, 4.699503 ], [ -74.2971654, 4.6990773 ], [ -74.2971855, 4.6986854 ], [ -74.2971943, 4.698328 ], [ -74.297223, 4.6980983 ], [ -74.2969397, 4.6981694 ], [ -74.2965008, 4.6981188 ], [ -74.29591, 4.6979667 ], [ -74.2954711, 4.6977638 ], [ -74.2948634, 4.6974426 ], [ -74.2942894, 4.697172 ], [ -74.2937999, 4.6969692 ], [ -74.2933441, 4.6965463 ], [ -74.292635, 4.6958529 ], [ -74.2922297, 4.6953454 ], [ -74.2919427, 4.6949395 ], [ -74.2913348, 4.6942629 ], [ -74.2906426, 4.6935694 ], [ -74.2902036, 4.6931128 ], [ -74.2897915, 4.692731 ], [ -74.2894369, 4.6922067 ], [ -74.2892005, 4.6917499 ], [ -74.2889134, 4.691344 ], [ -74.2884913, 4.6908873 ], [ -74.2881874, 4.6905321 ], [ -74.2879342, 4.6902953 ], [ -74.2874109, 4.6901093 ], [ -74.287124, 4.6900925 ], [ -74.2867864, 4.6899742 ], [ -74.2862631, 4.6897036 ], [ -74.285554, 4.6892809 ], [ -74.2849463, 4.688875 ], [ -74.2844399, 4.6886044 ], [ -74.2836972, 4.6883847 ], [ -74.2830726, 4.6882157 ], [ -74.2824481, 4.6880974 ], [ -74.282043, 4.6879791 ], [ -74.2815366, 4.6877255 ], [ -74.2808276, 4.6875565 ], [ -74.2797811, 4.6873707 ], [ -74.2788865, 4.6872525 ], [ -74.2780595, 4.6871343 ], [ -74.2773674, 4.6869992 ], [ -74.2767936, 4.6870162 ], [ -74.2762535, 4.6871687 ], [ -74.2755278, 4.6874057 ], [ -74.2750434, 4.6876026 ], [ -74.2743177, 4.6878566 ], [ -74.2727819, 4.6884491 ], [ -74.2726469, 4.6884492 ], [ -74.2724274, 4.6883477 ], [ -74.2721405, 4.6881617 ], [ -74.271499, 4.687722 ], [ -74.2708238, 4.6875191 ], [ -74.2705181, 4.6874155 ], [ -74.2700378, 4.6873417 ], [ -74.2700277, 4.6869503 ], [ -74.269972, 4.6864783 ], [ -74.2698137, 4.6858217 ], [ -74.2694822, 4.6854753 ], [ -74.269127, 4.685359 ], [ -74.2685653, 4.6852534 ], [ -74.2680495, 4.6851595 ], [ -74.2676942, 4.6850547 ], [ -74.267454, 4.6848812 ], [ -74.2671692, 4.6842933 ], [ -74.2669767, 4.6835906 ], [ -74.2666224, 4.6832211 ], [ -74.2660033, 4.6831268 ], [ -74.2653722, 4.6831822 ], [ -74.2648326, 4.6833299 ], [ -74.2642352, 4.6835925 ], [ -74.2636947, 4.6839819 ], [ -74.2633954, 4.6843031 ], [ -74.2631763, 4.6846361 ], [ -74.2629915, 4.6849922 ], [ -74.2627493, 4.6853827 ], [ -74.2624157, 4.6856462 ], [ -74.2619564, 4.6857827 ], [ -74.2615084, 4.6859653 ], [ -74.2611064, 4.686125 ], [ -74.2607389, 4.6862273 ], [ -74.2601882, 4.6862599 ], [ -74.2603544, 4.6851609 ], [ -74.2603941, 4.6848896 ], [ -74.2604579, 4.6844374 ], [ -74.2604928, 4.6841661 ], [ -74.2606042, 4.6832618 ], [ -74.2607414, 4.682267 ], [ -74.2608635, 4.6812723 ], [ -74.2609099, 4.681001 ], [ -74.2611949, 4.6794636 ], [ -74.2612806, 4.6791923 ], [ -74.2613703, 4.6789209 ], [ -74.2615127, 4.6786496 ], [ -74.2617551, 4.6782878 ], [ -74.2618811, 4.6781974 ], [ -74.2622094, 4.6781068 ], [ -74.2630566, 4.6780162 ], [ -74.2633877, 4.6779257 ], [ -74.2638165, 4.6776543 ], [ -74.2639028, 4.6775638 ], [ -74.2642261, 4.6771116 ], [ -74.2643118, 4.6769307 ], [ -74.2644674, 4.6763881 ], [ -74.2644674, 4.6762977 ], [ -74.2642883, 4.6756647 ], [ -74.2640588, 4.6750317 ], [ -74.2640517, 4.6749413 ], [ -74.2640545, 4.6748509 ], [ -74.2640509, 4.6747297 ], [ -74.2640534, 4.6746408 ], [ -74.2640632, 4.6745796 ], [ -74.2641411, 4.6742178 ], [ -74.2641357, 4.6741274 ], [ -74.2640811, 4.6736753 ], [ -74.2640248, 4.6735849 ], [ -74.2637252, 4.6732232 ], [ -74.2635486, 4.6727711 ], [ -74.2635073, 4.6726807 ], [ -74.2633189, 4.672319 ], [ -74.2631997, 4.6722286 ], [ -74.2630738, 4.6721382 ], [ -74.2629273, 4.6720478 ], [ -74.2622591, 4.6718672 ], [ -74.261909, 4.6719577 ], [ -74.261719, 4.6720482 ], [ -74.2615633, 4.6721386 ], [ -74.2612543, 4.67241 ], [ -74.2611609, 4.6725004 ], [ -74.260844, 4.6728622 ], [ -74.260829, 4.672881 ], [ -74.2608639, 4.6726814 ], [ -74.2608974, 4.6725005 ], [ -74.261015, 4.6719579 ], [ -74.2612149, 4.6709631 ], [ -74.2612757, 4.6706918 ], [ -74.2614622, 4.6698779 ], [ -74.261513, 4.669697 ], [ -74.2618616, 4.6686118 ], [ -74.2619657, 4.6683404 ], [ -74.2622548, 4.6677074 ], [ -74.2623821, 4.667436 ], [ -74.2628984, 4.666622 ], [ -74.2630942, 4.6663507 ], [ -74.2636372, 4.6657175 ], [ -74.2637971, 4.6655366 ], [ -74.2644031, 4.6649035 ], [ -74.2644931, 4.664813 ], [ -74.2649219, 4.6644512 ], [ -74.2652992, 4.6641798 ], [ -74.2654224, 4.6640893 ], [ -74.2656743, 4.663818 ], [ -74.2658276, 4.6636371 ], [ -74.2662029, 4.6631848 ], [ -74.2663323, 4.6630944 ], [ -74.2671325, 4.6628229 ], [ -74.2709771, 4.6627314 ], [ -74.2711337, 4.6626836 ], [ -74.2714128, 4.6627313 ], [ -74.2720162, 4.6628215 ], [ -74.2725043, 4.6629118 ], [ -74.2736869, 4.6631828 ], [ -74.2748171, 4.6634538 ], [ -74.2761462, 4.6634534 ], [ -74.2769845, 4.6631819 ], [ -74.2771736, 4.6630914 ], [ -74.2781881, 4.6624581 ], [ -74.2782957, 4.6623677 ], [ -74.2787945, 4.6619154 ], [ -74.2788906, 4.6618249 ], [ -74.279445, 4.6612822 ], [ -74.2799781, 4.6607394 ], [ -74.2801082, 4.6607394 ], [ -74.2810299, 4.6608296 ], [ -74.2820976, 4.6609197 ], [ -74.2823248, 4.6610105 ], [ -74.2823758, 4.6613027 ], [ -74.2824002, 4.6614245 ], [ -74.2824267, 4.6615459 ], [ -74.2824553, 4.6616668 ], [ -74.282486, 4.6617872 ], [ -74.2825188, 4.661907 ], [ -74.2825537, 4.6620262 ], [ -74.2825906, 4.6621448 ], [ -74.2826296, 4.6622627 ], [ -74.2826707, 4.6623799 ], [ -74.2827138, 4.6624964 ], [ -74.2827589, 4.6626122 ], [ -74.282806, 4.6627271 ], [ -74.2829045, 4.6629509 ], [ -74.2829642, 4.6630746 ], [ -74.2829956, 4.6631357 ], [ -74.2830617, 4.6632561 ], [ -74.2831319, 4.6633741 ], [ -74.2832061, 4.6634896 ], [ -74.2832843, 4.6636024 ], [ -74.2833249, 4.6636577 ], [ -74.2834089, 4.6637663 ], [ -74.2834523, 4.6638194 ], [ -74.2835418, 4.6639234 ], [ -74.283635, 4.6640242 ], [ -74.2836828, 4.6640734 ], [ -74.283781, 4.6641691 ], [ -74.2838481, 4.6642308 ], [ -74.2846869, 4.6645525 ], [ -74.2847746, 4.6645494 ], [ -74.2848618, 4.6645401 ], [ -74.2849051, 4.6645332 ], [ -74.2849696, 4.6645201 ], [ -74.2850543, 4.6644972 ], [ -74.2851373, 4.6644686 ], [ -74.285218, 4.6644342 ], [ -74.2852961, 4.6643942 ], [ -74.2853713, 4.6643488 ], [ -74.2854432, 4.6642983 ], [ -74.2854777, 4.6642712 ], [ -74.2855255, 4.6642303 ], [ -74.2856259, 4.6641368 ], [ -74.2857229, 4.6640399 ], [ -74.2857702, 4.6639901 ], [ -74.285862, 4.6638882 ], [ -74.2859503, 4.6637831 ], [ -74.2860348, 4.663675 ], [ -74.2861156, 4.663564 ], [ -74.2861545, 4.6635074 ], [ -74.2862293, 4.6633923 ], [ -74.2862652, 4.6633338 ], [ -74.286334, 4.6632149 ], [ -74.2863985, 4.6630937 ], [ -74.2864683, 4.6629499 ], [ -74.2865193, 4.6628366 ], [ -74.2865682, 4.6627225 ], [ -74.2866152, 4.6626076 ], [ -74.2866602, 4.6624918 ], [ -74.2867031, 4.6623752 ], [ -74.286744, 4.662258 ], [ -74.2867829, 4.66214 ], [ -74.2868197, 4.6620214 ], [ -74.2868544, 4.6619021 ], [ -74.2868871, 4.6617823 ], [ -74.2869177, 4.6616619 ], [ -74.2869462, 4.6615409 ], [ -74.2869961, 4.6613014 ], [ -74.2870328, 4.6610987 ], [ -74.2870661, 4.6608955 ], [ -74.2870958, 4.6606917 ], [ -74.287122, 4.6604874 ], [ -74.2871347, 4.6603723 ], [ -74.2872977, 4.6603836 ], [ -74.2887272, 4.6619973 ], [ -74.2931951, 4.6630715 ], [ -74.2937315, 4.6637886 ], [ -74.2912324, 4.6720371 ], [ -74.2867663, 4.6768804 ], [ -74.2892694, 4.6820794 ], [ -74.2933812, 4.6865595 ], [ -74.2962414, 4.6892484 ], [ -74.2967784, 4.6933724 ], [ -74.2976738, 4.6978546 ] ] ] } },
{ "type": "Feature", "properties": { "AREA": 203394.744071675, "PERIMETER": 2404.09232281, "USO_PROPUE": 37, "USO_PROP_1": 6306, "SIMBOLO_MA": "2", "DESC_MAPA": "Agropecuario Mecanizado Intensivo", "GRUPO": "Suelo de Desarrollo Rural", "SUB_GRUPO": "Zona de Desarrollo Agropecuario Sin Restricciones", "SIMBOLO": "DA-sr", "CLAS_CIAF": "2b" }, "geometry": { "type": "Polygon", "coordinates": [ [ [ -74.2280922, 4.6996217 ], [ -74.2273009, 4.6995658 ], [ -74.2259884, 4.6994519 ], [ -74.2248734, 4.6991229 ], [ -74.2237578, 4.6987378 ], [ -74.2227869, 4.6979987 ], [ -74.2220373, 4.6974592 ], [ -74.2193892, 4.6956294 ], [ -74.2189986, 4.6952985 ], [ -74.2204195, 4.6941535 ], [ -74.2216863, 4.6944713 ], [ -74.2245377, 4.6967363 ], [ -74.2245557, 4.6967355 ], [ -74.2246244, 4.6967985 ], [ -74.2251839, 4.6972789 ], [ -74.2255756, 4.697593 ], [ -74.2259297, 4.6978605 ], [ -74.2262806, 4.6981671 ], [ -74.2266957, 4.6984551 ], [ -74.2271031, 4.6987496 ], [ -74.2273871, 4.6989972 ], [ -74.2276058, 4.6992224 ], [ -74.2278263, 4.6994169 ], [ -74.2280805, 4.6996101 ], [ -74.2280922, 4.6996217 ] ] ] } },
{ "type": "Feature", "properties": { "AREA": 169731.88809797168, "PERIMETER": 1915.4466045700001, "USO_PROPUE": 38, "USO_PROP_1": 6302, "SIMBOLO_MA": "22", "DESC_MAPA": "Uso Vivienda", "GRUPO": "Suelos Urbanos", "SUB_GRUPO": "Suelos Urbanos", "SIMBOLO": "SU", "CLAS_CIAF": "1a" }, "geometry": { "type": "Polygon", "coordinates": [ [ [ -74.1956997, 4.6991645 ], [ -74.1942414, 4.6992423 ], [ -74.1928061, 4.699317 ], [ -74.1914565, 4.6993921 ], [ -74.1909733, 4.6939259 ], [ -74.191502, 4.6936236 ], [ -74.192601, 4.6950319 ], [ -74.1956997, 4.6991645 ] ] ] } },
{ "type": "Feature", "properties": { "AREA": 888437.73580023646, "PERIMETER": 5700.0203889499999, "USO_PROPUE": 39, "USO_PROP_1": 6296, "SIMBOLO_MA": "24", "DESC_MAPA": "Plan Parcial", "GRUPO": "Suelos Urbanos", "SUB_GRUPO": "Suelos Urbanos", "SIMBOLO": "SU", "CLAS_CIAF": "1a" }, "geometry": { "type": "Polygon", "coordinates": [ [ [ -74.1839518, 4.6950847 ], [ -74.1807465, 4.6991978 ], [ -74.1806526, 4.6991608 ], [ -74.1803027, 4.6989115 ], [ -74.1800407, 4.6985109 ], [ -74.1796999, 4.6980859 ], [ -74.1792965, 4.6976078 ], [ -74.1787933, 4.6970218 ], [ -74.1775335, 4.6955479 ], [ -74.1770975, 4.6952315 ], [ -74.1766243, 4.6950626 ], [ -74.1762034, 4.6950581 ], [ -74.1756041, 4.6952894 ], [ -74.1751411, 4.6955376 ], [ -74.1748322, 4.695697 ], [ -74.174526, 4.6958429 ], [ -74.1742782, 4.6959559 ], [ -74.1739898, 4.6961368 ], [ -74.1736164, 4.6963467 ], [ -74.1736458, 4.6954173 ], [ -74.1736494, 4.6953362 ], [ -74.173668, 4.6950557 ], [ -74.1736692, 4.6949467 ], [ -74.1736685, 4.6946434 ], [ -74.1736538, 4.6945064 ], [ -74.1735696, 4.6940273 ], [ -74.1735377, 4.6938756 ], [ -74.1733642, 4.6934695 ], [ -74.1732225, 4.6931154 ], [ -74.1730729, 4.6929491 ], [ -74.1728699, 4.6927322 ], [ -74.1726102, 4.6925327 ], [ -74.1724257, 4.6923729 ], [ -74.1723474, 4.6922983 ], [ -74.1722913, 4.69224 ], [ -74.1722721, 4.6922146 ], [ -74.1722183, 4.6921081 ], [ -74.1721604, 4.6919406 ], [ -74.1721525, 4.6918612 ], [ -74.1721721, 4.6915708 ], [ -74.1721581, 4.6914887 ], [ -74.1726177, 4.69113 ], [ -74.1719991, 4.690497 ], [ -74.1719225, 4.6904445 ], [ -74.171882, 4.6904696 ], [ -74.1718441, 4.690341 ], [ -74.1717526, 4.6900962 ], [ -74.1716963, 4.6900018 ], [ -74.171694, 4.6899959 ], [ -74.1716635, 4.6898488 ], [ -74.1716305, 4.6897185 ], [ -74.1715079, 4.6893882 ], [ -74.1714207, 4.6892205 ], [ -74.1712481, 4.689005 ], [ -74.171058, 4.6887507 ], [ -74.1708439, 4.6886164 ], [ -74.1707137, 4.6885218 ], [ -74.1705495, 4.6884248 ], [ -74.1704143, 4.688336 ], [ -74.1702325, 4.688226 ], [ -74.170035, 4.6881327 ], [ -74.1698559, 4.6880304 ], [ -74.1695817, 4.6879294 ], [ -74.1693784, 4.6878422 ], [ -74.1692362, 4.6877849 ], [ -74.1692232, 4.6877733 ], [ -74.1693415, 4.6876584 ], [ -74.1694056, 4.6876027 ], [ -74.1695007, 4.6875409 ], [ -74.1696528, 4.6874535 ], [ -74.169817, 4.6873522 ], [ -74.1699631, 4.6872526 ], [ -74.1701162, 4.6871449 ], [ -74.1702677, 4.687015 ], [ -74.1705315, 4.6867224 ], [ -74.1705977, 4.6866522 ], [ -74.1707909, 4.6864779 ], [ -74.1708986, 4.6863717 ], [ -74.1709312, 4.6863369 ], [ -74.174441, 4.689587 ], [ -74.1751658, 4.6905361 ], [ -74.175205, 4.6910358 ], [ -74.1755393, 4.691143 ], [ -74.1756059, 4.6909772 ], [ -74.1756302, 4.6906938 ], [ -74.1756305, 4.6906975 ], [ -74.1774695, 4.6912872 ], [ -74.1785407, 4.6916161 ], [ -74.1798657, 4.6920257 ], [ -74.1803548, 4.6911626 ], [ -74.1812621, 4.6895705 ], [ -74.1815809, 4.6890652 ], [ -74.1816492, 4.6889975 ], [ -74.1817275, 4.6890652 ], [ -74.1845698, 4.6917511 ], [ -74.18278, 4.6941302 ], [ -74.1839518, 4.6950847 ] ] ] } },
{ "type": "Feature", "properties": { "AREA": 114916.47745485604, "PERIMETER": 1632.42744118, "USO_PROPUE": 40, "USO_PROP_1": 6295, "SIMBOLO_MA": "24", "DESC_MAPA": "Plan Parcial", "GRUPO": "Suelos Urbanos", "SUB_GRUPO": "Suelos Urbanos", "SIMBOLO": "SU", "CLAS_CIAF": "1a" }, "geometry": { "type": "Polygon", "coordinates": [ [ [ -74.1973425, 4.6990774 ], [ -74.1956997, 4.6991645 ], [ -74.192601, 4.6950319 ], [ -74.192729, 4.6949415 ], [ -74.1940994, 4.6939465 ], [ -74.1941666, 4.6940369 ], [ -74.1946988, 4.6946699 ], [ -74.194855, 4.6949411 ], [ -74.1958334, 4.6966591 ], [ -74.1973425, 4.6990774 ] ] ] } },
{ "type": "Feature", "properties": { "AREA": 502856.77460608998, "PERIMETER": 2797.1866189900002, "USO_PROPUE": 41, "USO_PROP_1": 6292, "SIMBOLO_MA": "22", "DESC_MAPA": "Uso Vivienda", "GRUPO": "Suelos Urbanos", "SUB_GRUPO": "Suelos Urbanos", "SIMBOLO": "SU", "CLAS_CIAF": "1a" }, "geometry": { "type": "Polygon", "coordinates": [ [ [ -74.2006283, 4.698903 ], [ -74.1973425, 4.6990774 ], [ -74.1958334, 4.6966591 ], [ -74.194855, 4.6949411 ], [ -74.1946988, 4.6946699 ], [ -74.1941666, 4.6940369 ], [ -74.1940994, 4.6939465 ], [ -74.1949559, 4.6933134 ], [ -74.1950055, 4.6932229 ], [ -74.195192, 4.693042 ], [ -74.1962439, 4.6915045 ], [ -74.1963709, 4.6913237 ], [ -74.1968849, 4.6906001 ], [ -74.197018, 4.6906001 ], [ -74.1972942, 4.6906905 ], [ -74.197554, 4.6907809 ], [ -74.2011518, 4.6921367 ], [ -74.2013568, 4.6922271 ], [ -74.2008059, 4.6961157 ], [ -74.2007964, 4.6962062 ], [ -74.2006283, 4.698903 ] ] ] } },
{ "type": "Feature", "properties": { "AREA": 16235025.122400001, "PERIMETER": 62443.865038800002, "USO_PROPUE": 42, "USO_PROP_1": 6283, "SIMBOLO_MA": "5", "DESC_MAPA": "Área Distrito De Adecuación De Tierras", "GRUPO": "Suelo de Protección y de Importancia Ambiental", "SUB_GRUPO": "Zonas de Protección de Los Recursos Naturales (Propuesta Área Protegida)", "SIMBOLO": "PRN-AP", "CLAS_CIAF": "3a" }, "geometry": { "type": "Polygon", "coordinates": [ [ [ -74.2337035, 4.6963113 ], [ -74.2252086, 4.6967052 ], [ -74.2249231, 4.6964599 ], [ -74.2243408, 4.6959259 ], [ -74.2237365, 4.6954086 ], [ -74.2229103, 4.6946952 ], [ -74.2219696, 4.6940374 ], [ -74.2218838, 4.6939521 ], [ -74.2216645, 4.6936694 ], [ -74.2186102, 4.6920375 ], [ -74.2148111, 4.6918354 ], [ -74.2170283, 4.6880644 ], [ -74.2170161, 4.687974 ], [ -74.2137872, 4.6864373 ], [ -74.2136005, 4.6863469 ], [ -74.213055, 4.6828202 ], [ -74.213001, 4.682549 ], [ -74.2095586, 4.6728735 ], [ -74.2094931, 4.6726927 ], [ -74.2069386, 4.6657423 ], [ -74.2071896, 4.6657503 ], [ -74.2080174, 4.6654732 ], [ -74.2100978, 4.6647636 ], [ -74.2142702, 4.6635606 ], [ -74.213789, 4.6631018 ], [ -74.2127214, 4.6634114 ], [ -74.2112946, 4.6639481 ], [ -74.209963, 4.664332 ], [ -74.2078736, 4.6650447 ], [ -74.2071234, 4.6652958 ], [ -74.2069522, 4.6652904 ], [ -74.2069305, 4.6652553 ], [ -74.206879, 4.6651501 ], [ -74.2067731, 4.6653326 ], [ -74.2066303, 4.6650396 ], [ -74.2067357, 4.664857 ], [ -74.205536, 4.6624038 ], [ -74.2047631, 4.6608438 ], [ -74.2040885, 4.6594245 ], [ -74.2040119, 4.6593189 ], [ -74.2038569, 4.659165 ], [ -74.2031738, 4.6583756 ], [ -74.2023292, 4.6576384 ], [ -74.2020641, 4.6575068 ], [ -74.1961377, 4.6612406 ], [ -74.1958621, 4.6612406 ], [ -74.1924159, 4.6598587 ], [ -74.1920483, 4.6594901 ], [ -74.1839091, 4.6561714 ], [ -74.1833967, 4.6567015 ], [ -74.180166, 4.6599892 ], [ -74.1788344, 4.6610331 ], [ -74.1763858, 4.6629954 ], [ -74.1743305, 4.6644428 ], [ -74.1722498, 4.6659473 ], [ -74.1703798, 4.6671856 ], [ -74.1706039, 4.6675789 ], [ -74.1725057, 4.6663195 ], [ -74.1745917, 4.6648113 ], [ -74.1766561, 4.6633575 ], [ -74.1791137, 4.6613879 ], [ -74.1804665, 4.6603275 ], [ -74.1837189, 4.6570176 ], [ -74.184021, 4.6567051 ], [ -74.1917942, 4.6598745 ], [ -74.1921628, 4.6602441 ], [ -74.1957754, 4.6616928 ], [ -74.1962675, 4.6616927 ], [ -74.1994992, 4.6596567 ], [ -74.1986152, 4.6703434 ], [ -74.1981244, 4.6759502 ], [ -74.198106, 4.6762215 ], [ -74.1977136, 4.6862593 ], [ -74.1975848, 4.6901479 ], [ -74.1975765, 4.6902891 ], [ -74.1967187, 4.6899778 ], [ -74.1949096, 4.6925909 ], [ -74.1948275, 4.6925776 ], [ -74.1946106, 4.6929524 ], [ -74.192698, 4.6943592 ], [ -74.189918, 4.6907665 ], [ -74.1865504, 4.691675 ], [ -74.1871249, 4.6895385 ], [ -74.1858799, 4.6892958 ], [ -74.1843684, 4.6884829 ], [ -74.1828063, 4.6861148 ], [ -74.1826898, 4.6856897 ], [ -74.1820152, 4.6844494 ], [ -74.1811351, 4.6825745 ], [ -74.1800268, 4.6805721 ], [ -74.1791292, 4.6788608 ], [ -74.1788604, 4.6785882 ], [ -74.1787326, 4.6784766 ], [ -74.1782347, 4.6780098 ], [ -74.1778706, 4.6778561 ], [ -74.1775829, 4.6777575 ], [ -74.1774409, 4.6776911 ], [ -74.1768697, 4.677432 ], [ -74.1762028, 4.6769752 ], [ -74.1762089, 4.6769347 ], [ -74.176165, 4.6767186 ], [ -74.1761133, 4.6765576 ], [ -74.1761087, 4.676526 ], [ -74.1760953, 4.6763565 ], [ -74.1759953, 4.6761396 ], [ -74.1759044, 4.676003 ], [ -74.1758362, 4.6759107 ], [ -74.1757358, 4.6757625 ], [ -74.175406, 4.6754962 ], [ -74.1751228, 4.6753504 ], [ -74.1747379, 4.6752591 ], [ -74.1744673, 4.675124 ], [ -74.1743793, 4.6750628 ], [ -74.1742869, 4.674992 ], [ -74.174089, 4.6748168 ], [ -74.1736288, 4.6744382 ], [ -74.1734735, 4.6743262 ], [ -74.1733215, 4.6742326 ], [ -74.1732241, 4.6741657 ], [ -74.1729909, 4.6739643 ], [ -74.1727788, 4.6738543 ], [ -74.1725442, 4.6737074 ], [ -74.1725377, 4.6735971 ], [ -74.1725391, 4.6735602 ], [ -74.1725897, 4.6731978 ], [ -74.1725962, 4.673002 ], [ -74.1726038, 4.6729149 ], [ -74.1726144, 4.6726715 ], [ -74.1725934, 4.672525 ], [ -74.1725557, 4.6722975 ], [ -74.1725046, 4.6721411 ], [ -74.1724, 4.6719062 ], [ -74.1723278, 4.6717841 ], [ -74.1722594, 4.6716735 ], [ -74.1721385, 4.6715045 ], [ -74.1720608, 4.6713627 ], [ -74.1718518, 4.6709374 ], [ -74.1717751, 4.6707513 ], [ -74.1717056, 4.6706171 ], [ -74.1716577, 4.6705427 ], [ -74.171652, 4.6703072 ], [ -74.171637, 4.6701837 ], [ -74.1716132, 4.6700254 ], [ -74.1715418, 4.6698394 ], [ -74.1715129, 4.6696884 ], [ -74.1714836, 4.669571 ], [ -74.1714431, 4.6694348 ], [ -74.1713837, 4.6693017 ], [ -74.1713271, 4.6691877 ], [ -74.171254, 4.6690591 ], [ -74.1711151, 4.6688637 ], [ -74.171063, 4.6687864 ], [ -74.170963, 4.6686224 ], [ -74.1708454, 4.6684232 ], [ -74.1707372, 4.6682714 ], [ -74.1705858, 4.6681275 ], [ -74.1704145, 4.667993 ], [ -74.1699845, 4.6677599 ], [ -74.1695944, 4.6676559 ], [ -74.1693055, 4.6675657 ], [ -74.1692391, 4.6675478 ], [ -74.1700455, 4.6670819 ], [ -74.1720962, 4.6657239 ], [ -74.1741724, 4.6642227 ], [ -74.1762236, 4.6627782 ], [ -74.1786657, 4.6608211 ], [ -74.1799858, 4.6597862 ], [ -74.1832034, 4.6565118 ], [ -74.1838419, 4.6558512 ], [ -74.1922007, 4.6592594 ], [ -74.1925678, 4.6596274 ], [ -74.1959141, 4.6609693 ], [ -74.1960599, 4.6609693 ], [ -74.2020484, 4.6571964 ], [ -74.2024804, 4.6574107 ], [ -74.2033513, 4.658171 ], [ -74.2040543, 4.6589794 ], [ -74.2042021, 4.6591261 ], [ -74.2043218, 4.6592851 ], [ -74.2050062, 4.660725 ], [ -74.2057781, 4.662283 ], [ -74.2071133, 4.6650132 ], [ -74.2077873, 4.6647876 ], [ -74.209876, 4.6640751 ], [ -74.2112198, 4.6636874 ], [ -74.2126265, 4.6631573 ], [ -74.2162044, 4.6621191 ], [ -74.2177816, 4.6616203 ], [ -74.2189121, 4.6612892 ], [ -74.2195999, 4.6610607 ], [ -74.2202589, 4.6608631 ], [ -74.220861, 4.6606532 ], [ -74.2214129, 4.6604928 ], [ -74.2222161, 4.6602167 ], [ -74.2226973, 4.6600686 ], [ -74.2231251, 4.6599664 ], [ -74.2237454, 4.6597423 ], [ -74.2251116, 4.6595085 ], [ -74.2260555, 4.6592556 ], [ -74.2266749, 4.6591436 ], [ -74.2276408, 4.6590168 ], [ -74.2277677, 4.658967 ], [ -74.2281294, 4.6588107 ], [ -74.228817, 4.6584828 ], [ -74.2296916, 4.6581915 ], [ -74.2302562, 4.6580153 ], [ -74.2309648, 4.6575923 ], [ -74.2317898, 4.6569839 ], [ -74.232492, 4.6565054 ], [ -74.2338478, 4.6556162 ], [ -74.2346763, 4.6550526 ], [ -74.2363757, 4.6539542 ], [ -74.2375465, 4.6531823 ], [ -74.2385423, 4.6525442 ], [ -74.2387107, 4.6524417 ], [ -74.2400565, 4.6515476 ], [ -74.2412232, 4.6507213 ], [ -74.242925, 4.6494797 ], [ -74.2433796, 4.649132 ], [ -74.2434035, 4.6486323 ], [ -74.2426789, 4.6438155 ], [ -74.2422838, 4.6419359 ], [ -74.241805, 4.6396129 ], [ -74.2415558, 4.6380212 ], [ -74.2415077, 4.6375951 ], [ -74.2414744, 4.637411 ], [ -74.2414423, 4.6372436 ], [ -74.241385, 4.637055 ], [ -74.2412521, 4.6368102 ], [ -74.241245, 4.6368023 ], [ -74.2413753, 4.6368279 ], [ -74.2414133, 4.6368819 ], [ -74.2415755, 4.6370216 ], [ -74.2416842, 4.6371093 ], [ -74.2417051, 4.6371782 ], [ -74.2417402, 4.6373612 ], [ -74.2417753, 4.6375557 ], [ -74.2418229, 4.6379791 ], [ -74.2420698, 4.639558 ], [ -74.2425484, 4.64188 ], [ -74.242945, 4.6437672 ], [ -74.2436749, 4.6486184 ], [ -74.2436437, 4.6492711 ], [ -74.2430865, 4.6496973 ], [ -74.2416709, 4.65073 ], [ -74.2491767, 4.6608662 ], [ -74.2494809, 4.66118 ], [ -74.2502665, 4.6602296 ], [ -74.2502809, 4.6602844 ], [ -74.2503674, 4.6605025 ], [ -74.2497245, 4.6612713 ], [ -74.2496767, 4.6613377 ], [ -74.2493045, 4.6617781 ], [ -74.2486726, 4.6625549 ], [ -74.2475509, 4.6638232 ], [ -74.2467956, 4.6646811 ], [ -74.2450627, 4.6666782 ], [ -74.2442147, 4.6676394 ], [ -74.2438454, 4.6680935 ], [ -74.2424783, 4.6697881 ], [ -74.2424949, 4.6701115 ], [ -74.2424788, 4.670817 ], [ -74.2424309, 4.6712454 ], [ -74.2423769, 4.671937 ], [ -74.242428, 4.6721386 ], [ -74.2435315, 4.6732247 ], [ -74.2442497, 4.6739873 ], [ -74.2454271, 4.6754112 ], [ -74.246432, 4.6766454 ], [ -74.2481663, 4.6788199 ], [ -74.2489844, 4.6797084 ], [ -74.2508833, 4.682007 ], [ -74.2549319, 4.6784956 ], [ -74.255317, 4.6785243 ], [ -74.2553177, 4.6785349 ], [ -74.25536, 4.6787833 ], [ -74.2553905, 4.6788749 ], [ -74.2553967, 4.6789106 ], [ -74.2554031, 4.6789647 ], [ -74.2554049, 4.6790117 ], [ -74.2554025, 4.6790669 ], [ -74.2553846, 4.6792642 ], [ -74.2553869, 4.6793935 ], [ -74.2553909, 4.6794703 ], [ -74.2553026, 4.6795043 ], [ -74.2550503, 4.6796114 ], [ -74.2544697, 4.6799474 ], [ -74.2542708, 4.6801856 ], [ -74.2539837, 4.680988 ], [ -74.2542112, 4.6813254 ], [ -74.2543642, 4.6815158 ], [ -74.2544202, 4.6815912 ], [ -74.2544955, 4.6816995 ], [ -74.254599, 4.6818178 ], [ -74.2546822, 4.6819081 ], [ -74.2548127, 4.6820574 ], [ -74.2548371, 4.6820938 ], [ -74.2548467, 4.6821123 ], [ -74.2548941, 4.682266 ], [ -74.25496, 4.6825163 ], [ -74.2532231, 4.6840492 ], [ -74.2517339, 4.6853538 ], [ -74.2510377, 4.6863798 ], [ -74.2499472, 4.6874419 ], [ -74.249064, 4.6878851 ], [ -74.2464593, 4.6902032 ], [ -74.2413588, 4.6950528 ], [ -74.2387656, 4.6968149 ], [ -74.2368966, 4.6983151 ], [ -74.2347269, 4.6960925 ], [ -74.2345406, 4.6962725 ], [ -74.2344295, 4.6962776 ], [ -74.2506924, 4.6821727 ], [ -74.2487945, 4.6798752 ], [ -74.2479749, 4.6789851 ], [ -74.2462358, 4.6768046 ], [ -74.2452323, 4.6755721 ], [ -74.2440607, 4.6741553 ], [ -74.2433514, 4.6734021 ], [ -74.2422009, 4.6722697 ], [ -74.242122, 4.6719589 ], [ -74.2421796, 4.6712214 ], [ -74.2422268, 4.6708 ], [ -74.2422424, 4.6701151 ], [ -74.2422213, 4.6697042 ], [ -74.2436495, 4.6679338 ], [ -74.2440224, 4.6674754 ], [ -74.244873, 4.6665112 ], [ -74.2466058, 4.6645142 ], [ -74.247362, 4.6636553 ], [ -74.2484804, 4.6623907 ], [ -74.2491105, 4.6616162 ], [ -74.2493086, 4.6613873 ], [ -74.2489597, 4.661028 ], [ -74.2414523, 4.6508896 ], [ -74.2413807, 4.6509418 ], [ -74.2402092, 4.6517716 ], [ -74.2388554, 4.6526709 ], [ -74.2386884, 4.6527725 ], [ -74.2376949, 4.6534091 ], [ -74.2365232, 4.6541816 ], [ -74.234828, 4.6552772 ], [ -74.2339976, 4.655842 ], [ -74.2326438, 4.6567299 ], [ -74.2319499, 4.6572025 ], [ -74.2311153, 4.657818 ], [ -74.2304029, 4.6582516 ], [ -74.2297762, 4.6584491 ], [ -74.2289331, 4.6587278 ], [ -74.2282409, 4.6590578 ], [ -74.2278705, 4.6592179 ], [ -74.2277086, 4.6592816 ], [ -74.2267224, 4.6594106 ], [ -74.2261252, 4.6595177 ], [ -74.2251693, 4.6597738 ], [ -74.2238145, 4.6600057 ], [ -74.2232023, 4.6602269 ], [ -74.2227766, 4.6603279 ], [ -74.2223038, 4.6604733 ], [ -74.2214943, 4.6607516 ], [ -74.2209497, 4.6609095 ], [ -74.220342, 4.6611214 ], [ -74.2196849, 4.6613182 ], [ -74.2189924, 4.6615483 ], [ -74.2178629, 4.661879 ], [ -74.2162826, 4.6623788 ], [ -74.21409, 4.6630145 ], [ -74.2165804, 4.6653891 ], [ -74.2194372, 4.6684381 ], [ -74.22138, 4.6703103 ], [ -74.2232994, 4.6721696 ], [ -74.2246078, 4.6735067 ], [ -74.227127, 4.6763255 ], [ -74.2282615, 4.677548 ], [ -74.2283052, 4.6776856 ], [ -74.2282495, 4.6778184 ], [ -74.2281338, 4.6779685 ], [ -74.2301285, 4.6799547 ], [ -74.2302843, 4.6799118 ], [ -74.2304102, 4.6798479 ], [ -74.2306597, 4.6798916 ], [ -74.2307053, 4.6799907 ], [ -74.2321104, 4.6814311 ], [ -74.2322895, 4.6816577 ], [ -74.2327681, 4.6821092 ], [ -74.2334893, 4.6826207 ], [ -74.2343597, 4.6835001 ], [ -74.2350623, 4.6840255 ], [ -74.2357206, 4.684574 ], [ -74.2364321, 4.6851915 ], [ -74.2371564, 4.6858824 ], [ -74.2380778, 4.6863357 ], [ -74.2382685, 4.6864773 ], [ -74.2385856, 4.6868662 ], [ -74.2390814, 4.6872911 ], [ -74.2394552, 4.6875589 ], [ -74.2396854, 4.6877793 ], [ -74.2397433, 4.6880366 ], [ -74.2396621, 4.6883027 ], [ -74.2394983, 4.6885451 ], [ -74.2392399, 4.6888586 ], [ -74.2389286, 4.6891179 ], [ -74.238451, 4.6895882 ], [ -74.2382105, 4.6898564 ], [ -74.2374688, 4.6905289 ], [ -74.2374958, 4.6906284 ], [ -74.2377594, 4.6908574 ], [ -74.2379646, 4.6911347 ], [ -74.2387129, 4.6918489 ], [ -74.2387779, 4.6919086 ], [ -74.2337035, 4.6963113 ] ] ] } },
{ "type": "Feature", "properties": { "AREA": 208146.11485685219, "PERIMETER": 1881.05608267, "USO_PROPUE": 43, "USO_PROP_1": 6271, "SIMBOLO_MA": "3", "DESC_MAPA": "Zona Agroforestera", "GRUPO": "Suelo de Desarrollo Rural", "SUB_GRUPO": "Zona de Desarrollo Agropecuario Con Restricciones", "SIMBOLO": "DA-cr", "CLAS_CIAF": "2b" }, "geometry": { "type": "Polygon", "coordinates": [ [ [ -74.2045906, 4.697432 ], [ -74.202916, 4.6975622 ], [ -74.2015242, 4.6976529 ], [ -74.2011578, 4.697653 ], [ -74.2012456, 4.6962441 ], [ -74.2012532, 4.6961714 ], [ -74.2018241, 4.6921415 ], [ -74.2046414, 4.6922581 ], [ -74.2045906, 4.697432 ] ] ] } },
{ "type": "Feature", "properties": { "AREA": 3273319.0725198984, "PERIMETER": 130221.966718, "USO_PROPUE": 44, "USO_PROP_1": 6272, "SIMBOLO_MA": null, "DESC_MAPA": "Malla Ambiental", "GRUPO": "Suelo de Protección y de Importancia Ambiental", "SUB_GRUPO": "Zonas de Recuperación Ambiental", "SIMBOLO": "RA", "CLAS_CIAF": "3a" }, "geometry": { "type": "Polygon", "coordinates": [ [ [ -74.2011578, 4.697653 ], [ -74.2007062, 4.6976531 ], [ -74.2007964, 4.6962062 ], [ -74.2008059, 4.6961157 ], [ -74.2013568, 4.6922271 ], [ -74.2011518, 4.6921367 ], [ -74.197554, 4.6907809 ], [ -74.1972942, 4.6906905 ], [ -74.197018, 4.6906001 ], [ -74.1968849, 4.6906001 ], [ -74.1963709, 4.6913237 ], [ -74.1962439, 4.6915045 ], [ -74.195192, 4.693042 ], [ -74.1950055, 4.6932229 ], [ -74.1949559, 4.6933134 ], [ -74.1940994, 4.6939465 ], [ -74.192729, 4.6949415 ], [ -74.192601, 4.6950319 ], [ -74.1908583, 4.6927988 ], [ -74.1886462, 4.6937658 ], [ -74.1857464, 4.6949976 ], [ -74.1844626, 4.6955157 ], [ -74.1839518, 4.6950847 ], [ -74.18278, 4.6941302 ], [ -74.1845698, 4.6917511 ], [ -74.1817275, 4.6890652 ], [ -74.1816492, 4.6889975 ], [ -74.1815809, 4.6890652 ], [ -74.1812621, 4.6895705 ], [ -74.1803548, 4.6911626 ], [ -74.1798657, 4.6920257 ], [ -74.1785407, 4.6916161 ], [ -74.1774695, 4.6912872 ], [ -74.1756305, 4.6906975 ], [ -74.1756302, 4.6906938 ], [ -74.1756059, 4.6909772 ], [ -74.1755393, 4.691143 ], [ -74.175205, 4.6910358 ], [ -74.1751658, 4.6905361 ], [ -74.174441, 4.689587 ], [ -74.1709312, 4.6863369 ], [ -74.1708986, 4.6863717 ], [ -74.1707909, 4.6864779 ], [ -74.1705977, 4.6866522 ], [ -74.1705315, 4.6867224 ], [ -74.1702677, 4.687015 ], [ -74.1701162, 4.6871449 ], [ -74.1699631, 4.6872526 ], [ -74.169817, 4.6873522 ], [ -74.1696528, 4.6874535 ], [ -74.1695007, 4.6875409 ], [ -74.1694056, 4.6876027 ], [ -74.1693415, 4.6876584 ], [ -74.1692232, 4.6877733 ], [ -74.1692362, 4.6877849 ], [ -74.1693784, 4.6878422 ], [ -74.1695817, 4.6879294 ], [ -74.1698559, 4.6880304 ], [ -74.170035, 4.6881327 ], [ -74.1702325, 4.688226 ], [ -74.1704143, 4.688336 ], [ -74.1705495, 4.6884248 ], [ -74.1707137, 4.6885218 ], [ -74.1708439, 4.6886164 ], [ -74.171058, 4.6887507 ], [ -74.1712481, 4.689005 ], [ -74.1714207, 4.6892205 ], [ -74.1715079, 4.6893882 ], [ -74.1716305, 4.6897185 ], [ -74.1716635, 4.6898488 ], [ -74.171694, 4.6899959 ], [ -74.1716963, 4.6900018 ], [ -74.1717526, 4.6900962 ], [ -74.1718441, 4.690341 ], [ -74.171882, 4.6904696 ], [ -74.1718376, 4.6904971 ], [ -74.1715063, 4.6908275 ], [ -74.1714716, 4.6906714 ], [ -74.1714165, 4.6904847 ], [ -74.1713449, 4.6902932 ], [ -74.1712906, 4.6902021 ], [ -74.1712606, 4.6901258 ], [ -74.1712243, 4.6899506 ], [ -74.1711997, 4.6898535 ], [ -74.1710953, 4.6895724 ], [ -74.1710416, 4.6894691 ], [ -74.1708922, 4.6892825 ], [ -74.1707478, 4.6890894 ], [ -74.170592, 4.6889916 ], [ -74.1704667, 4.6889005 ], [ -74.1703117, 4.688809 ], [ -74.1701744, 4.6887189 ], [ -74.1700196, 4.6886252 ], [ -74.1698272, 4.6885343 ], [ -74.1696655, 4.6884419 ], [ -74.1694153, 4.6883498 ], [ -74.1692059, 4.6882599 ], [ -74.168995, 4.688175 ], [ -74.1688983, 4.6880884 ], [ -74.1687346, 4.6879974 ], [ -74.1686406, 4.6879178 ], [ -74.1685762, 4.6878401 ], [ -74.1685569, 4.6878051 ], [ -74.1685851, 4.6877623 ], [ -74.1686425, 4.6876842 ], [ -74.1687554, 4.6875984 ], [ -74.1690369, 4.687325 ], [ -74.1691342, 4.6872403 ], [ -74.1692661, 4.6871546 ], [ -74.1694227, 4.6870647 ], [ -74.1695721, 4.6869724 ], [ -74.1697071, 4.6868805 ], [ -74.1698397, 4.6867871 ], [ -74.1699529, 4.6866901 ], [ -74.1702007, 4.6864152 ], [ -74.1702828, 4.6863282 ], [ -74.1704821, 4.6861484 ], [ -74.1705764, 4.6860553 ], [ -74.1707539, 4.6858663 ], [ -74.1708155, 4.6857649 ], [ -74.17091, 4.6855787 ], [ -74.1709517, 4.6854844 ], [ -74.1710917, 4.68513 ], [ -74.1711441, 4.6850516 ], [ -74.1712189, 4.6849621 ], [ -74.1712856, 4.6848679 ], [ -74.1713462, 4.6847781 ], [ -74.1714745, 4.684603 ], [ -74.1717174, 4.6843455 ], [ -74.1718557, 4.6842656 ], [ -74.1721959, 4.6841414 ], [ -74.172316, 4.6840843 ], [ -74.1725107, 4.6839944 ], [ -74.1727155, 4.6839045 ], [ -74.173142, 4.6837232 ], [ -74.1733388, 4.683632 ], [ -74.1735307, 4.683541 ], [ -74.1737223, 4.6834461 ], [ -74.1738457, 4.6833495 ], [ -74.173968, 4.6832503 ], [ -74.1741629, 4.6829651 ], [ -74.1742675, 4.6827819 ], [ -74.1743193, 4.6826956 ], [ -74.174451, 4.6825139 ], [ -74.174557, 4.6823273 ], [ -74.1746134, 4.6822197 ], [ -74.1746237, 4.6821102 ], [ -74.174629, 4.6820275 ], [ -74.1746755, 4.6818536 ], [ -74.1747193, 4.6816662 ], [ -74.1747306, 4.6815623 ], [ -74.1747184, 4.6813818 ], [ -74.1747276, 4.6813024 ], [ -74.1747596, 4.6811263 ], [ -74.1748206, 4.6808479 ], [ -74.1748266, 4.6806604 ], [ -74.1748626, 4.6801198 ], [ -74.1748688, 4.6800318 ], [ -74.1748895, 4.6798624 ], [ -74.1749864, 4.6795823 ], [ -74.1749596, 4.6793018 ], [ -74.1749709, 4.6792243 ], [ -74.1750045, 4.6790491 ], [ -74.1750276, 4.6789663 ], [ -74.175096, 4.6787866 ], [ -74.1751524, 4.6786043 ], [ -74.1752138, 4.6784257 ], [ -74.1753113, 4.6781624 ], [ -74.1755148, 4.6778039 ], [ -74.175645, 4.6775202 ], [ -74.1756893, 4.677328 ], [ -74.1757211, 4.6771438 ], [ -74.1757513, 4.6769461 ], [ -74.1757287, 4.6768347 ], [ -74.1756724, 4.6766571 ], [ -74.1756606, 4.6765765 ], [ -74.1756525, 4.6764729 ], [ -74.1756011, 4.6763614 ], [ -74.1755358, 4.6762633 ], [ -74.1754687, 4.6761725 ], [ -74.1754009, 4.6760725 ], [ -74.1751593, 4.6758774 ], [ -74.1749658, 4.6757778 ], [ -74.1745841, 4.6756873 ], [ -74.1742371, 4.6755141 ], [ -74.1741141, 4.6754285 ], [ -74.1740003, 4.6753414 ], [ -74.1737972, 4.6751615 ], [ -74.1733542, 4.674797 ], [ -74.1732238, 4.674703 ], [ -74.1730762, 4.674612 ], [ -74.1729502, 4.6745255 ], [ -74.1727363, 4.6743413 ], [ -74.1725557, 4.6742476 ], [ -74.1722671, 4.6740669 ], [ -74.1721229, 4.673991 ], [ -74.1721048, 4.6739425 ], [ -74.172095, 4.6738692 ], [ -74.1720971, 4.6737822 ], [ -74.1720866, 4.6736019 ], [ -74.1720896, 4.6735204 ], [ -74.1721401, 4.6731586 ], [ -74.1721462, 4.6729752 ], [ -74.172154, 4.6728853 ], [ -74.1721623, 4.6726941 ], [ -74.172148, 4.6725943 ], [ -74.1721168, 4.6724057 ], [ -74.1720836, 4.6723042 ], [ -74.1719991, 4.6721144 ], [ -74.1719426, 4.6720187 ], [ -74.1718845, 4.6719249 ], [ -74.1717566, 4.671746 ], [ -74.1716611, 4.6715717 ], [ -74.171441, 4.671124 ], [ -74.1713662, 4.6709423 ], [ -74.1713156, 4.6708446 ], [ -74.1712567, 4.6707532 ], [ -74.1712158, 4.6706789 ], [ -74.1712046, 4.6706126 ], [ -74.1712072, 4.6705285 ], [ -74.1712021, 4.6703408 ], [ -74.1711905, 4.6702448 ], [ -74.1711751, 4.6701431 ], [ -74.1711366, 4.6700442 ], [ -74.1711065, 4.6699614 ], [ -74.1710726, 4.6697855 ], [ -74.1710489, 4.6696906 ], [ -74.1710197, 4.6695925 ], [ -74.1709762, 4.669495 ], [ -74.1709294, 4.6694006 ], [ -74.1708744, 4.6693039 ], [ -74.1707442, 4.6691206 ], [ -74.1706848, 4.6690323 ], [ -74.1705762, 4.6688543 ], [ -74.1704675, 4.6686704 ], [ -74.1703958, 4.6685697 ], [ -74.1702913, 4.6684704 ], [ -74.1701668, 4.6683727 ], [ -74.1698172, 4.6681831 ], [ -74.1694696, 4.6680905 ], [ -74.1691802, 4.6680001 ], [ -74.1688378, 4.6679081 ], [ -74.1682929, 4.6678165 ], [ -74.1672979, 4.6677271 ], [ -74.1670944, 4.6676424 ], [ -74.1668887, 4.6675512 ], [ -74.1663866, 4.667369 ], [ -74.1661199, 4.6672772 ], [ -74.165779, 4.667189 ], [ -74.1656274, 4.6671027 ], [ -74.1654276, 4.667009 ], [ -74.1651719, 4.6669169 ], [ -74.1649091, 4.666827 ], [ -74.164449, 4.6666454 ], [ -74.1641306, 4.6665523 ], [ -74.1635437, 4.6664599 ], [ -74.1634178, 4.6664599 ], [ -74.1631735, 4.6665122 ], [ -74.1628108, 4.6664996 ], [ -74.1624793, 4.6664606 ], [ -74.1616884, 4.6663707 ], [ -74.1613631, 4.6663052 ], [ -74.1614548, 4.6661451 ], [ -74.1615093, 4.6660584 ], [ -74.161577, 4.6659631 ], [ -74.1616643, 4.6657724 ], [ -74.1618497, 4.6653074 ], [ -74.1618632, 4.6652013 ], [ -74.1618692, 4.665012 ], [ -74.1618637, 4.6649166 ], [ -74.1618488, 4.6647279 ], [ -74.1618244, 4.664624 ], [ -74.1617438, 4.6644257 ], [ -74.1614545, 4.6640382 ], [ -74.1612616, 4.6639377 ], [ -74.1610688, 4.6638446 ], [ -74.1608135, 4.6637525 ], [ -74.1605537, 4.6636621 ], [ -74.1600584, 4.6634812 ], [ -74.1597906, 4.66339 ], [ -74.1594895, 4.6632998 ], [ -74.1592591, 4.6632158 ], [ -74.1592052, 4.6631706 ], [ -74.1592455, 4.6631489 ], [ -74.1595374, 4.6631464 ], [ -74.1598721, 4.6632031 ], [ -74.1602574, 4.6632913 ], [ -74.1604715, 4.6633781 ], [ -74.1606572, 4.6634652 ], [ -74.160794, 4.663551 ], [ -74.1609136, 4.6636386 ], [ -74.1610373, 4.6637358 ], [ -74.1612763, 4.6638337 ], [ -74.1616599, 4.6639229 ], [ -74.1617572, 4.6639773 ], [ -74.1620141, 4.663975 ], [ -74.1624343, 4.66383 ], [ -74.1626041, 4.6637343 ], [ -74.1627504, 4.6636409 ], [ -74.1628812, 4.6635448 ], [ -74.1630713, 4.6633565 ], [ -74.1631531, 4.6632601 ], [ -74.1632199, 4.6631662 ], [ -74.1633472, 4.662982 ], [ -74.1634034, 4.6628874 ], [ -74.1635045, 4.6626997 ], [ -74.1635419, 4.662602 ], [ -74.1636957, 4.6621413 ], [ -74.1637584, 4.6617598 ], [ -74.1637467, 4.6616556 ], [ -74.1636799, 4.6611898 ], [ -74.1636304, 4.6610769 ], [ -74.163561, 4.6609913 ], [ -74.1635444, 4.6609339 ], [ -74.1635624, 4.6606796 ], [ -74.1636182, 4.6600483 ], [ -74.1636275, 4.6599635 ], [ -74.1636635, 4.6597979 ], [ -74.1637016, 4.6597194 ], [ -74.1638529, 4.6594449 ], [ -74.1638897, 4.6593528 ], [ -74.1639247, 4.6592817 ], [ -74.1640117, 4.6592057 ], [ -74.1641338, 4.6591159 ], [ -74.1641733, 4.6590831 ], [ -74.1642166, 4.659084 ], [ -74.1643429, 4.6591262 ], [ -74.1644525, 4.6592026 ], [ -74.1645253, 4.6592875 ], [ -74.1646241, 4.659383 ], [ -74.1647216, 4.6594654 ], [ -74.1647647, 4.6595387 ], [ -74.1648075, 4.6596312 ], [ -74.1649305, 4.6598183 ], [ -74.1650571, 4.6600021 ], [ -74.1652019, 4.660193 ], [ -74.1653242, 4.6602924 ], [ -74.1654652, 4.6603899 ], [ -74.1656834, 4.6604847 ], [ -74.1658584, 4.6605505 ], [ -74.1662793, 4.6605478 ], [ -74.1665566, 4.6604871 ], [ -74.1667748, 4.6603888 ], [ -74.1670372, 4.6601952 ], [ -74.1672674, 4.6599067 ], [ -74.1673199, 4.659799 ], [ -74.1673687, 4.6596072 ], [ -74.1674075, 4.6594207 ], [ -74.1674307, 4.6592322 ], [ -74.1674373, 4.6590489 ], [ -74.167456, 4.6587762 ], [ -74.1674566, 4.6585094 ], [ -74.1674864, 4.6583384 ], [ -74.1675851, 4.6578953 ], [ -74.1676174, 4.657814 ], [ -74.1677412, 4.6575437 ], [ -74.1678201, 4.6573628 ], [ -74.1679036, 4.6571829 ], [ -74.1679832, 4.6570051 ], [ -74.1680133, 4.6569516 ], [ -74.1683208, 4.656871 ], [ -74.168547, 4.6568169 ], [ -74.1687332, 4.6568192 ], [ -74.1690666, 4.6568718 ], [ -74.1693922, 4.6569587 ], [ -74.1695653, 4.6570427 ], [ -74.1698315, 4.6572193 ], [ -74.1699536, 4.6573069 ], [ -74.1700581, 4.6573939 ], [ -74.1701581, 4.6574849 ], [ -74.1703889, 4.6576701 ], [ -74.1705341, 4.6577658 ], [ -74.1709054, 4.6579515 ], [ -74.1710934, 4.6580183 ], [ -74.1713177, 4.6580098 ], [ -74.1716973, 4.657957 ], [ -74.1721034, 4.6578647 ], [ -74.1723808, 4.6577712 ], [ -74.1725842, 4.6576772 ], [ -74.1730734, 4.6574015 ], [ -74.1732036, 4.6573069 ], [ -74.1735476, 4.657033 ], [ -74.1736545, 4.6569398 ], [ -74.1738422, 4.6567591 ], [ -74.1741532, 4.6564915 ], [ -74.1743974, 4.656309 ], [ -74.1747733, 4.6559456 ], [ -74.1748835, 4.6558542 ], [ -74.1752318, 4.6554944 ], [ -74.1753483, 4.655409 ], [ -74.1755959, 4.6552345 ], [ -74.1756883, 4.6551967 ], [ -74.1757747, 4.6552328 ], [ -74.1758882, 4.6553268 ], [ -74.1762385, 4.6554258 ], [ -74.1767998, 4.6554257 ], [ -74.1771846, 4.6553306 ], [ -74.1773942, 4.655236 ], [ -74.1775804, 4.6551421 ], [ -74.1778529, 4.6549562 ], [ -74.1780918, 4.6547725 ], [ -74.1782026, 4.6546783 ], [ -74.1783812, 4.6544998 ], [ -74.1784958, 4.6544165 ], [ -74.1789697, 4.6541474 ], [ -74.1791303, 4.6540535 ], [ -74.1792491, 4.6539599 ], [ -74.1794897, 4.6537802 ], [ -74.1796136, 4.6536909 ], [ -74.1798784, 4.6535116 ], [ -74.1800186, 4.6534234 ], [ -74.1803494, 4.6532411 ], [ -74.180481, 4.6531467 ], [ -74.1807202, 4.6529623 ], [ -74.180823, 4.6528669 ], [ -74.1809959, 4.6526829 ], [ -74.1810801, 4.6525883 ], [ -74.1812845, 4.6523088 ], [ -74.18139, 4.6521164 ], [ -74.1814557, 4.6519326 ], [ -74.1814953, 4.6518469 ], [ -74.1815406, 4.6517548 ], [ -74.1816173, 4.6515699 ], [ -74.1816511, 4.6514803 ], [ -74.181729, 4.6513023 ], [ -74.1818505, 4.651038 ], [ -74.1819651, 4.6508639 ], [ -74.1825321, 4.6500525 ], [ -74.1827422, 4.649779 ], [ -74.1828018, 4.64968 ], [ -74.1828853, 4.649502 ], [ -74.1829399, 4.649424 ], [ -74.1831094, 4.6492506 ], [ -74.1833102, 4.6490712 ], [ -74.1834064, 4.648982 ], [ -74.183511, 4.6488958 ], [ -74.1836352, 4.6488108 ], [ -74.1839849, 4.6486307 ], [ -74.1842751, 4.6484469 ], [ -74.1845483, 4.6482645 ], [ -74.1848013, 4.648082 ], [ -74.1850419, 4.647901 ], [ -74.1851623, 4.6478126 ], [ -74.1851972, 4.6477903 ], [ -74.1851531, 4.6478636 ], [ -74.1850756, 4.6479453 ], [ -74.1849789, 4.6480381 ], [ -74.1848978, 4.6481374 ], [ -74.1845583, 4.648688 ], [ -74.1844149, 4.6489641 ], [ -74.1842889, 4.6492364 ], [ -74.1842023, 4.6494134 ], [ -74.1840454, 4.649684 ], [ -74.1839969, 4.6497774 ], [ -74.1833423, 4.6511354 ], [ -74.1832576, 4.6513135 ], [ -74.1831545, 4.6514954 ], [ -74.18311, 4.6515957 ], [ -74.1830832, 4.6516894 ], [ -74.1829902, 4.6519507 ], [ -74.1828933, 4.6521228 ], [ -74.1827211, 4.6523912 ], [ -74.1826603, 4.6524837 ], [ -74.1825954, 4.6525977 ], [ -74.1825968, 4.6529066 ], [ -74.18263, 4.6530147 ], [ -74.182712, 4.6532043 ], [ -74.1827692, 4.6533065 ], [ -74.1828485, 4.6533997 ], [ -74.1829834, 4.6536009 ], [ -74.1832771, 4.6537066 ], [ -74.1838563, 4.6537065 ], [ -74.1841218, 4.6536098 ], [ -74.1843383, 4.6535172 ], [ -74.1845206, 4.6534247 ], [ -74.1846866, 4.6533331 ], [ -74.1848449, 4.6532419 ], [ -74.185304, 4.6529675 ], [ -74.1854243, 4.6528761 ], [ -74.1855622, 4.6527864 ], [ -74.1858212, 4.6526025 ], [ -74.1859341, 4.6525093 ], [ -74.1861368, 4.6523328 ], [ -74.1862673, 4.6522541 ], [ -74.1866609, 4.6521688 ], [ -74.1866799, 4.6521688 ], [ -74.187009, 4.6522536 ], [ -74.1873325, 4.6524267 ], [ -74.1874491, 4.6525089 ], [ -74.1877159, 4.6527875 ], [ -74.1881624, 4.6529728 ], [ -74.1883006, 4.6530585 ], [ -74.1884337, 4.6531473 ], [ -74.1885588, 4.6532371 ], [ -74.1888172, 4.6534179 ], [ -74.1890622, 4.6535962 ], [ -74.1892767, 4.6537743 ], [ -74.1893786, 4.6538657 ], [ -74.1896155, 4.6540492 ], [ -74.1897418, 4.6541424 ], [ -74.1900416, 4.6543269 ], [ -74.1902148, 4.6544172 ], [ -74.1903543, 4.6545046 ], [ -74.1904819, 4.6545931 ], [ -74.1909775, 4.6549541 ], [ -74.1910969, 4.6550427 ], [ -74.1916403, 4.6554945 ], [ -74.1917628, 4.6555872 ], [ -74.1919042, 4.6556858 ], [ -74.1921815, 4.6557814 ], [ -74.1925418, 4.6558755 ], [ -74.1933362, 4.6558754 ], [ -74.1940966, 4.655783 ], [ -74.1943687, 4.6556858 ], [ -74.1945215, 4.6555897 ], [ -74.1948132, 4.6553998 ], [ -74.1949596, 4.6552051 ], [ -74.1950918, 4.6550181 ], [ -74.1951912, 4.6548264 ], [ -74.1952594, 4.6546376 ], [ -74.1952863, 4.6545486 ], [ -74.1953573, 4.6543703 ], [ -74.1954245, 4.654189 ], [ -74.1955288, 4.6539191 ], [ -74.1956011, 4.6537419 ], [ -74.1956883, 4.653561 ], [ -74.195843, 4.6531989 ], [ -74.195879, 4.6531208 ], [ -74.1959445, 4.6530433 ], [ -74.1960414, 4.65295 ], [ -74.1961778, 4.6527563 ], [ -74.1962715, 4.652566 ], [ -74.1963088, 4.6524732 ], [ -74.1963837, 4.6522967 ], [ -74.1966175, 4.6518505 ], [ -74.19673, 4.6516711 ], [ -74.1968296, 4.6514956 ], [ -74.1969738, 4.6513234 ], [ -74.197055, 4.6512389 ], [ -74.1972622, 4.6510675 ], [ -74.1974299, 4.6509808 ], [ -74.1975974, 4.6508876 ], [ -74.1978652, 4.6507035 ], [ -74.1979834, 4.650617 ], [ -74.1981583, 4.6505314 ], [ -74.1983784, 4.6504416 ], [ -74.1985838, 4.6503512 ], [ -74.1988041, 4.6502613 ], [ -74.1990333, 4.6501702 ], [ -74.1992353, 4.6500783 ], [ -74.199419, 4.6499889 ], [ -74.199644, 4.6499001 ], [ -74.1998873, 4.6498105 ], [ -74.2004398, 4.6496294 ], [ -74.2006883, 4.6495359 ], [ -74.2010185, 4.6493497 ], [ -74.2011559, 4.6492561 ], [ -74.2015247, 4.6489834 ], [ -74.2016467, 4.6488908 ], [ -74.2017537, 4.6487979 ], [ -74.2018576, 4.6487048 ], [ -74.2020351, 4.6485206 ], [ -74.202119, 4.6484284 ], [ -74.202275, 4.6482489 ], [ -74.2023645, 4.6481583 ], [ -74.2024465, 4.6480627 ], [ -74.2026467, 4.6477892 ], [ -74.2027123, 4.647702 ], [ -74.2028678, 4.6475263 ], [ -74.20333, 4.6470754 ], [ -74.2034216, 4.64698 ], [ -74.2035651, 4.6467898 ], [ -74.2036707, 4.6466005 ], [ -74.2037144, 4.6465064 ], [ -74.2037597, 4.6464042 ], [ -74.2037885, 4.6462159 ], [ -74.2038096, 4.6461345 ], [ -74.2038709, 4.6459679 ], [ -74.2038993, 4.6459263 ], [ -74.2039153, 4.6459263 ], [ -74.2040763, 4.6460061 ], [ -74.2042248, 4.6460913 ], [ -74.2044367, 4.6462661 ], [ -74.2046362, 4.6464451 ], [ -74.2047299, 4.6465324 ], [ -74.2048147, 4.6466261 ], [ -74.2050593, 4.646813 ], [ -74.2053231, 4.6469977 ], [ -74.2054944, 4.6470916 ], [ -74.2056881, 4.647185 ], [ -74.2059551, 4.6472824 ], [ -74.2068468, 4.6472822 ], [ -74.2070792, 4.6471808 ], [ -74.2072202, 4.6470841 ], [ -74.2073437, 4.6469886 ], [ -74.2075313, 4.6468015 ], [ -74.2076152, 4.6467058 ], [ -74.2076871, 4.6466078 ], [ -74.2077971, 4.6464126 ], [ -74.2078757, 4.6461294 ], [ -74.2078992, 4.646033 ], [ -74.2079261, 4.6458378 ], [ -74.2079109, 4.6456427 ], [ -74.207876, 4.6454496 ], [ -74.2078364, 4.6453413 ], [ -74.2075835, 4.6449699 ], [ -74.2075188, 4.6448773 ], [ -74.2074511, 4.6447892 ], [ -74.2073448, 4.6446136 ], [ -74.2072909, 4.64452 ], [ -74.2072216, 4.6444239 ], [ -74.2071469, 4.644331 ], [ -74.2070705, 4.6442393 ], [ -74.2069926, 4.6441497 ], [ -74.2069233, 4.6440623 ], [ -74.2067957, 4.643887 ], [ -74.2067492, 4.6438055 ], [ -74.2066754, 4.6436296 ], [ -74.2065951, 4.6434458 ], [ -74.2065019, 4.6432607 ], [ -74.2064515, 4.6431703 ], [ -74.2064097, 4.6430882 ], [ -74.2063569, 4.6429188 ], [ -74.2063378, 4.6428276 ], [ -74.2063059, 4.6427313 ], [ -74.2062126, 4.6424699 ], [ -74.2062058, 4.6423942 ], [ -74.2062045, 4.6423158 ], [ -74.206218, 4.642239 ], [ -74.2062416, 4.6421586 ], [ -74.2062764, 4.642078 ], [ -74.2063198, 4.6420022 ], [ -74.2064898, 4.64183 ], [ -74.2065794, 4.6417413 ], [ -74.2066746, 4.6416551 ], [ -74.2067889, 4.6415698 ], [ -74.2069307, 4.6414836 ], [ -74.2071052, 4.6413971 ], [ -74.2073508, 4.641309 ], [ -74.2076243, 4.6412232 ], [ -74.2120374, 4.6412224 ], [ -74.2124294, 4.6411281 ], [ -74.212686, 4.641031 ], [ -74.2128033, 4.6409419 ], [ -74.2130757, 4.6408531 ], [ -74.2131194, 4.6408276 ], [ -74.2131678, 4.6408551 ], [ -74.2135534, 4.6409466 ], [ -74.2137483, 4.6410308 ], [ -74.2138651, 4.6411069 ], [ -74.2139, 4.6411592 ], [ -74.2139002, 4.6412206 ], [ -74.2138911, 4.6414915 ], [ -74.2138893, 4.6416701 ], [ -74.213882, 4.6417601 ], [ -74.2138784, 4.641942 ], [ -74.2138731, 4.6420322 ], [ -74.2138709, 4.6421254 ], [ -74.2138722, 4.6424938 ], [ -74.2139073, 4.642782 ], [ -74.2139489, 4.6428865 ], [ -74.2143038, 4.6436135 ], [ -74.2143509, 4.6437071 ], [ -74.2144068, 4.6438017 ], [ -74.2144673, 4.6438952 ], [ -74.2145365, 4.6439935 ], [ -74.2146289, 4.6440853 ], [ -74.2147642, 4.6442635 ], [ -74.2148503, 4.6443598 ], [ -74.2149512, 4.6444547 ], [ -74.215059, 4.6445449 ], [ -74.21515, 4.6446315 ], [ -74.2152356, 4.6447237 ], [ -74.2154591, 4.6449141 ], [ -74.2156392, 4.6450114 ], [ -74.2158719, 4.6451053 ], [ -74.2161968, 4.6452006 ], [ -74.2165583, 4.6452863 ], [ -74.2166989, 4.6452703 ], [ -74.217448, 4.6452546 ], [ -74.2182946, 4.6451821 ], [ -74.2191521, 4.645227 ], [ -74.2201442, 4.6451998 ], [ -74.2206708, 4.645108 ], [ -74.2212368, 4.6450161 ], [ -74.2214928, 4.6449192 ], [ -74.2216451, 4.6448225 ], [ -74.2217808, 4.6447262 ], [ -74.2218813, 4.6446243 ], [ -74.2219497, 4.6445245 ], [ -74.2220612, 4.6443331 ], [ -74.2221586, 4.6440568 ], [ -74.2222372, 4.6438714 ], [ -74.2222828, 4.64368 ], [ -74.2223286, 4.6434033 ], [ -74.2223397, 4.6433053 ], [ -74.2223393, 4.6432071 ], [ -74.2223331, 4.6430986 ], [ -74.2222107, 4.6428105 ], [ -74.2221217, 4.6426289 ], [ -74.2220399, 4.6424455 ], [ -74.2219836, 4.6423467 ], [ -74.2217808, 4.6420725 ], [ -74.2216567, 4.6418876 ], [ -74.2214802, 4.6416979 ], [ -74.2213725, 4.641605 ], [ -74.2210615, 4.6413227 ], [ -74.2207983, 4.6412261 ], [ -74.2205519, 4.6411386 ], [ -74.2204107, 4.6410527 ], [ -74.220115, 4.6408776 ], [ -74.220027, 4.6407901 ], [ -74.2197703, 4.6406029 ], [ -74.2196133, 4.6405082 ], [ -74.219417, 4.6404148 ], [ -74.2191979, 4.6403244 ], [ -74.2190079, 4.6402353 ], [ -74.2188198, 4.640142 ], [ -74.2185106, 4.6400484 ], [ -74.2180932, 4.6399577 ], [ -74.2177545, 4.6398691 ], [ -74.2175323, 4.6397831 ], [ -74.2173878, 4.6396997 ], [ -74.217284, 4.6396157 ], [ -74.2171892, 4.639527 ], [ -74.2170874, 4.6394352 ], [ -74.2169818, 4.6393449 ], [ -74.2168863, 4.6392582 ], [ -74.2167143, 4.6390707 ], [ -74.2165554, 4.638976 ], [ -74.2164508, 4.638897 ], [ -74.2163985, 4.6388231 ], [ -74.2161195, 4.6382874 ], [ -74.2160346, 4.6381098 ], [ -74.2159194, 4.6378373 ], [ -74.2158743, 4.6377494 ], [ -74.2158506, 4.6376821 ], [ -74.2158551, 4.6376064 ], [ -74.215842, 4.6368872 ], [ -74.2158528, 4.6368178 ], [ -74.2159283, 4.6366609 ], [ -74.2159971, 4.6365851 ], [ -74.2160927, 4.6365068 ], [ -74.2162723, 4.6364288 ], [ -74.2163923, 4.6364288 ], [ -74.2171803, 4.6363363 ], [ -74.2174333, 4.6362402 ], [ -74.2176206, 4.6361463 ], [ -74.2177855, 4.6360489 ], [ -74.2179813, 4.6358601 ], [ -74.2180755, 4.6357661 ], [ -74.2182334, 4.6355749 ], [ -74.2182856, 4.6354779 ], [ -74.2183943, 4.6352904 ], [ -74.2184287, 4.6351885 ], [ -74.2185029, 4.634907 ], [ -74.2185216, 4.6347104 ], [ -74.2184878, 4.6343352 ], [ -74.2184487, 4.6341458 ], [ -74.2184219, 4.6340533 ], [ -74.2183754, 4.6338728 ], [ -74.2183484, 4.6337762 ], [ -74.2183092, 4.6336819 ], [ -74.2182395, 4.6334991 ], [ -74.2181507, 4.6333109 ], [ -74.2180929, 4.6332152 ], [ -74.2180286, 4.6331166 ], [ -74.2179407, 4.6330239 ], [ -74.2178811, 4.6329447 ], [ -74.2177996, 4.6327759 ], [ -74.217696, 4.632494 ], [ -74.2176125, 4.632394 ], [ -74.2174852, 4.6322177 ], [ -74.2171335, 4.6316795 ], [ -74.2170847, 4.6315909 ], [ -74.2169779, 4.6314096 ], [ -74.2168788, 4.6312356 ], [ -74.21685, 4.6311587 ], [ -74.2168339, 4.6310786 ], [ -74.2168009, 4.6308168 ], [ -74.2168017, 4.6307357 ], [ -74.216822, 4.6304718 ], [ -74.2168344, 4.6304036 ], [ -74.2169374, 4.6302415 ], [ -74.2170043, 4.6301568 ], [ -74.2170801, 4.6300717 ], [ -74.2171727, 4.6299865 ], [ -74.2172591, 4.6299176 ], [ -74.2181386, 4.6299174 ], [ -74.2184905, 4.6300044 ], [ -74.2187622, 4.6300924 ], [ -74.2191642, 4.6302699 ], [ -74.2193348, 4.6303617 ], [ -74.2195892, 4.6304549 ], [ -74.2198739, 4.6305465 ], [ -74.220211, 4.6306371 ], [ -74.2205229, 4.6307285 ], [ -74.2210238, 4.6308212 ], [ -74.2215801, 4.6308211 ], [ -74.2218476, 4.6307221 ], [ -74.2221554, 4.6305365 ], [ -74.222303, 4.6304452 ], [ -74.222446, 4.6303516 ], [ -74.2225656, 4.6302552 ], [ -74.2227469, 4.6300727 ], [ -74.2228199, 4.6300069 ], [ -74.2229096, 4.6300069 ], [ -74.223037, 4.6300777 ], [ -74.2230995, 4.6301537 ], [ -74.2231649, 4.630239 ], [ -74.2232728, 4.6304168 ], [ -74.2233313, 4.6305067 ], [ -74.2234342, 4.6306817 ], [ -74.223557, 4.6309513 ], [ -74.2236084, 4.6310474 ], [ -74.2236665, 4.631138 ], [ -74.2238101, 4.6314047 ], [ -74.2238525, 4.6314904 ], [ -74.2239253, 4.6316745 ], [ -74.2240402, 4.6318679 ], [ -74.2241188, 4.6319616 ], [ -74.2241797, 4.632045 ], [ -74.22433, 4.632317 ], [ -74.2244727, 4.6325045 ], [ -74.224545, 4.6325921 ], [ -74.2246018, 4.6326807 ], [ -74.2248077, 4.6329561 ], [ -74.224888, 4.6330548 ], [ -74.2250004, 4.633148 ], [ -74.2250871, 4.633236 ], [ -74.2251896, 4.6333347 ], [ -74.2253512, 4.633429 ], [ -74.2256178, 4.6336094 ], [ -74.2257747, 4.6337044 ], [ -74.2260138, 4.6338044 ], [ -74.2268772, 4.6338042 ], [ -74.2270711, 4.6337022 ], [ -74.227222, 4.6336109 ], [ -74.2273836, 4.6335192 ], [ -74.2275229, 4.6334233 ], [ -74.2276229, 4.633334 ], [ -74.2277667, 4.6332431 ], [ -74.2278612, 4.6331554 ], [ -74.2280184, 4.6330746 ], [ -74.2283326, 4.6329838 ], [ -74.2285051, 4.6328905 ], [ -74.2287069, 4.6328018 ], [ -74.2289197, 4.6327125 ], [ -74.2291645, 4.6326243 ], [ -74.2295084, 4.6325376 ], [ -74.2296026, 4.6325376 ], [ -74.2300542, 4.6326277 ], [ -74.2329756, 4.6327175 ], [ -74.2334543, 4.6328069 ], [ -74.2340999, 4.6328984 ], [ -74.2343968, 4.6328983 ], [ -74.2351705, 4.6328066 ], [ -74.2356019, 4.6327141 ], [ -74.2358777, 4.6326219 ], [ -74.2361381, 4.6325311 ], [ -74.2363771, 4.6324457 ], [ -74.2382051, 4.6324453 ], [ -74.2385973, 4.6323508 ], [ -74.2388382, 4.6322551 ], [ -74.239122, 4.6320807 ], [ -74.2395569, 4.6320332 ], [ -74.2396169, 4.6322854 ], [ -74.2397298, 4.6327481 ], [ -74.2397815, 4.6328492 ], [ -74.2399232, 4.6331059 ], [ -74.2399297, 4.6331645 ], [ -74.2398974, 4.633338 ], [ -74.23989, 4.6334398 ], [ -74.2399052, 4.6336373 ], [ -74.2399611, 4.6338252 ], [ -74.2399813, 4.6339049 ], [ -74.2399839, 4.6339671 ], [ -74.2399566, 4.6340376 ], [ -74.2398755, 4.6342168 ], [ -74.2398342, 4.6343122 ], [ -74.2398013, 4.6344163 ], [ -74.2397915, 4.6345199 ], [ -74.2397889, 4.6347037 ], [ -74.2397861, 4.6347944 ], [ -74.2397854, 4.6350814 ], [ -74.2398781, 4.635377 ], [ -74.2399978, 4.6355691 ], [ -74.2401261, 4.6357564 ], [ -74.2402155, 4.6358563 ], [ -74.2403347, 4.6359544 ], [ -74.2406293, 4.6361444 ], [ -74.2409175, 4.6362382 ], [ -74.241188, 4.6363303 ], [ -74.241624, 4.636416 ], [ -74.2416821, 4.6364802 ], [ -74.2417491, 4.6365752 ], [ -74.2418636, 4.6366738 ], [ -74.2419777, 4.636766 ], [ -74.2420942, 4.6368546 ], [ -74.2421802, 4.6369339 ], [ -74.2423439, 4.6371939 ], [ -74.2423951, 4.6372818 ], [ -74.242445, 4.6373728 ], [ -74.2426101, 4.6376461 ], [ -74.2426692, 4.6377417 ], [ -74.2428195, 4.6379289 ], [ -74.2429039, 4.6380221 ], [ -74.242996, 4.6381188 ], [ -74.2432503, 4.6383104 ], [ -74.2434702, 4.6384063 ], [ -74.2437174, 4.6384937 ], [ -74.2439636, 4.6386646 ], [ -74.2441473, 4.6388292 ], [ -74.2441817, 4.6389017 ], [ -74.2442552, 4.6390755 ], [ -74.2443024, 4.6392408 ], [ -74.2443054, 4.6393101 ], [ -74.2442746, 4.639477 ], [ -74.2441971, 4.6397463 ], [ -74.2441759, 4.6398419 ], [ -74.2441594, 4.6399398 ], [ -74.2441404, 4.6403037 ], [ -74.2441205, 4.6404789 ], [ -74.2441028, 4.6405745 ], [ -74.2441032, 4.640765 ], [ -74.244106, 4.640861 ], [ -74.2441421, 4.6411392 ], [ -74.2442547, 4.6417717 ], [ -74.2442776, 4.6419477 ], [ -74.2442827, 4.6420321 ], [ -74.2442819, 4.6422088 ], [ -74.2442712, 4.6425679 ], [ -74.2442656, 4.642656 ], [ -74.2442513, 4.6428341 ], [ -74.24424, 4.6429239 ], [ -74.2442224, 4.6431087 ], [ -74.2442099, 4.6434737 ], [ -74.2441998, 4.6438443 ], [ -74.2442303, 4.6440384 ], [ -74.2442837, 4.6442292 ], [ -74.2443231, 4.6443268 ], [ -74.2444108, 4.6445111 ], [ -74.244455, 4.6445986 ], [ -74.2444859, 4.6446776 ], [ -74.2445193, 4.6448454 ], [ -74.2445264, 4.6449329 ], [ -74.244562, 4.6452012 ], [ -74.2445647, 4.6453753 ], [ -74.2445638, 4.6454263 ], [ -74.2445024, 4.6454848 ], [ -74.2443657, 4.6455728 ], [ -74.2442347, 4.6456744 ], [ -74.2440279, 4.6459783 ], [ -74.2440159, 4.6461876 ], [ -74.2440193, 4.6463767 ], [ -74.244044, 4.6465764 ], [ -74.2441343, 4.6467705 ], [ -74.2442631, 4.6470423 ], [ -74.2443069, 4.6471335 ], [ -74.2443978, 4.647316 ], [ -74.2444959, 4.6474999 ], [ -74.2446094, 4.6476901 ], [ -74.244778, 4.6478782 ], [ -74.2448646, 4.6479704 ], [ -74.245048, 4.6481542 ], [ -74.2453582, 4.6484289 ], [ -74.2455859, 4.6486104 ], [ -74.2456929, 4.648699 ], [ -74.2458878, 4.6488774 ], [ -74.2460671, 4.6490514 ], [ -74.2461238, 4.6491315 ], [ -74.2462264, 4.6493111 ], [ -74.246351, 4.6494961 ], [ -74.2464149, 4.6495866 ], [ -74.2465384, 4.6497662 ], [ -74.2465995, 4.649859 ], [ -74.2467452, 4.6500453 ], [ -74.2469126, 4.6502292 ], [ -74.2469998, 4.6503221 ], [ -74.2471973, 4.650508 ], [ -74.2473207, 4.6506022 ], [ -74.2474566, 4.6506984 ], [ -74.2476645, 4.6507942 ], [ -74.2479368, 4.6508863 ], [ -74.2482146, 4.6509761 ], [ -74.2484428, 4.6510634 ], [ -74.2485796, 4.6511394 ], [ -74.2486219, 4.6512069 ], [ -74.2486652, 4.651291 ], [ -74.2487409, 4.6514678 ], [ -74.2487774, 4.65156 ], [ -74.2488246, 4.6516586 ], [ -74.2489497, 4.6518475 ], [ -74.2490904, 4.6520349 ], [ -74.2491905, 4.6521369 ], [ -74.2495045, 4.6523374 ], [ -74.2498056, 4.6523373 ], [ -74.2498578, 4.6524595 ], [ -74.2498831, 4.6525396 ], [ -74.2498965, 4.6526181 ], [ -74.2498979, 4.6526516 ], [ -74.2498053, 4.6527126 ], [ -74.2496451, 4.6528071 ], [ -74.2494302, 4.6530093 ], [ -74.2493855, 4.6531288 ], [ -74.2493585, 4.6533207 ], [ -74.2493369, 4.6535092 ], [ -74.2493398, 4.653605 ], [ -74.2493405, 4.6537816 ], [ -74.2493232, 4.6540514 ], [ -74.2493204, 4.6541481 ], [ -74.2493432, 4.6544332 ], [ -74.2493931, 4.6546181 ], [ -74.2494082, 4.654702 ], [ -74.2494402, 4.6549718 ], [ -74.249454, 4.6550649 ], [ -74.249471, 4.6551608 ], [ -74.2495533, 4.6554581 ], [ -74.2496604, 4.6555705 ], [ -74.2497917, 4.655668 ], [ -74.249952, 4.6557651 ], [ -74.2501871, 4.6558512 ], [ -74.2502671, 4.6559358 ], [ -74.2504203, 4.656024 ], [ -74.2504641, 4.6560801 ], [ -74.2504704, 4.6561405 ], [ -74.2504714, 4.6562214 ], [ -74.250463, 4.6563016 ], [ -74.2504458, 4.6563802 ], [ -74.2504119, 4.6564669 ], [ -74.2503817, 4.6565636 ], [ -74.2503374, 4.6567556 ], [ -74.2503277, 4.656939 ], [ -74.2503149, 4.657013 ], [ -74.2502398, 4.6571815 ], [ -74.2501498, 4.6573585 ], [ -74.2501005, 4.6574466 ], [ -74.2500474, 4.6575366 ], [ -74.2498904, 4.6578114 ], [ -74.249845, 4.6579049 ], [ -74.2497122, 4.6581884 ], [ -74.2496914, 4.6583188 ], [ -74.2498739, 4.6587112 ], [ -74.2499415, 4.6588165 ], [ -74.250047, 4.6589142 ], [ -74.2501386, 4.659002 ], [ -74.2502984, 4.6591764 ], [ -74.2503552, 4.6592569 ], [ -74.2504426, 4.6594288 ], [ -74.2505173, 4.6596062 ], [ -74.2505544, 4.6596979 ], [ -74.2505955, 4.6597875 ], [ -74.2506619, 4.6599611 ], [ -74.2507096, 4.6601425 ], [ -74.250785, 4.6603323 ], [ -74.250882, 4.6605228 ], [ -74.2510181, 4.6607153 ], [ -74.2512059, 4.6609023 ], [ -74.2513057, 4.6609974 ], [ -74.2514345, 4.661092 ], [ -74.2515717, 4.6611864 ], [ -74.2517538, 4.6612805 ], [ -74.2519089, 4.6613502 ], [ -74.2519093, 4.6613552 ], [ -74.2518638, 4.6614215 ], [ -74.2518084, 4.6615156 ], [ -74.2517094, 4.6616929 ], [ -74.25158, 4.6618726 ], [ -74.2514656, 4.6620638 ], [ -74.2513921, 4.6622617 ], [ -74.2513612, 4.6624663 ], [ -74.2514132, 4.6627585 ], [ -74.2514462, 4.6628599 ], [ -74.251536, 4.6630556 ], [ -74.2516919, 4.6632482 ], [ -74.2517771, 4.6633397 ], [ -74.251829, 4.6633987 ], [ -74.2518269, 4.6634163 ], [ -74.2516481, 4.6635847 ], [ -74.2515845, 4.6637023 ], [ -74.2515305, 4.6640899 ], [ -74.2515377, 4.6641904 ], [ -74.2515623, 4.6644765 ], [ -74.2518692, 4.6652094 ], [ -74.2519549, 4.6654739 ], [ -74.2519766, 4.6655633 ], [ -74.2520607, 4.665846 ], [ -74.2521654, 4.666037 ], [ -74.2522236, 4.6661332 ], [ -74.2523009, 4.6662348 ], [ -74.2524126, 4.6663321 ], [ -74.252524, 4.6664237 ], [ -74.2526128, 4.6664946 ], [ -74.2526216, 4.6665343 ], [ -74.2526088, 4.6665929 ], [ -74.2525657, 4.6666735 ], [ -74.2525198, 4.6667657 ], [ -74.2524758, 4.6668574 ], [ -74.2524316, 4.666954 ], [ -74.2523428, 4.6672411 ], [ -74.2523361, 4.6673439 ], [ -74.2523284, 4.6676236 ], [ -74.2523733, 4.6679939 ], [ -74.2524173, 4.6682666 ], [ -74.252459, 4.6685385 ], [ -74.2525099, 4.6688135 ], [ -74.2525305, 4.6689036 ], [ -74.2525622, 4.6690775 ], [ -74.252581, 4.6693516 ], [ -74.2526025, 4.6694391 ], [ -74.252604, 4.6697975 ], [ -74.2526212, 4.6698989 ], [ -74.252672, 4.6700979 ], [ -74.2527979, 4.6702906 ], [ -74.2529112, 4.6704718 ], [ -74.2529724, 4.6705637 ], [ -74.2530978, 4.670747 ], [ -74.2532422, 4.6709348 ], [ -74.2534337, 4.671125 ], [ -74.2536895, 4.6713086 ], [ -74.2537998, 4.6713947 ], [ -74.2539804, 4.671574 ], [ -74.2542943, 4.6718448 ], [ -74.2545526, 4.672111 ], [ -74.2547047, 4.6722875 ], [ -74.2547698, 4.6723747 ], [ -74.2549615, 4.6726431 ], [ -74.2549961, 4.6726976 ], [ -74.2548762, 4.6731152 ], [ -74.254861, 4.6732122 ], [ -74.2548229, 4.6734882 ], [ -74.2548179, 4.6735851 ], [ -74.2548186, 4.6737627 ], [ -74.2547862, 4.6740256 ], [ -74.2547708, 4.6741098 ], [ -74.2547226, 4.6742879 ], [ -74.2546771, 4.6744717 ], [ -74.2546062, 4.6748214 ], [ -74.2545749, 4.6748777 ], [ -74.2544403, 4.6749548 ], [ -74.2542535, 4.6750524 ], [ -74.2541619, 4.6751584 ], [ -74.2540238, 4.6753447 ], [ -74.2539621, 4.6754419 ], [ -74.2538699, 4.6756278 ], [ -74.2537822, 4.675814 ], [ -74.253717, 4.6760016 ], [ -74.2536898, 4.6760958 ], [ -74.2536422, 4.6762836 ], [ -74.2536061, 4.6765718 ], [ -74.2536422, 4.6768575 ], [ -74.2536795, 4.6770448 ], [ -74.2537073, 4.6771454 ], [ -74.2537525, 4.677244 ], [ -74.2538019, 4.6773421 ], [ -74.2539392, 4.677534 ], [ -74.2541234, 4.6777252 ], [ -74.2542547, 4.677821 ], [ -74.2543921, 4.6779155 ], [ -74.2545919, 4.6780168 ], [ -74.2557376, 4.6781024 ], [ -74.2557657, 4.678481 ], [ -74.2557984, 4.6786731 ], [ -74.2558285, 4.6787637 ], [ -74.2558428, 4.678845 ], [ -74.2558527, 4.6789294 ], [ -74.2558559, 4.6790126 ], [ -74.2558523, 4.6790971 ], [ -74.2558356, 4.6792807 ], [ -74.2558373, 4.6793777 ], [ -74.2558468, 4.6795579 ], [ -74.2558471, 4.6796403 ], [ -74.2558312, 4.6797681 ], [ -74.2557028, 4.6798345 ], [ -74.2554712, 4.6799237 ], [ -74.2552514, 4.680017 ], [ -74.2547639, 4.6802991 ], [ -74.2546678, 4.6804142 ], [ -74.2544851, 4.6809248 ], [ -74.2545738, 4.6810564 ], [ -74.2547205, 4.6812388 ], [ -74.2547857, 4.6813267 ], [ -74.2548507, 4.6814201 ], [ -74.2549339, 4.6815151 ], [ -74.2550172, 4.6816055 ], [ -74.2551706, 4.6817811 ], [ -74.2552251, 4.6818625 ], [ -74.2552659, 4.6819409 ], [ -74.2553273, 4.6821407 ], [ -74.2554009, 4.6824208 ], [ -74.2555622, 4.6827121 ], [ -74.2557361, 4.682997 ], [ -74.2558185, 4.6831094 ], [ -74.2557303, 4.6834438 ], [ -74.2558855, 4.684033 ], [ -74.2558446, 4.684342 ], [ -74.2558439, 4.6844365 ], [ -74.2558402, 4.6845294 ], [ -74.255849, 4.684715 ], [ -74.2558602, 4.6848897 ], [ -74.2558548, 4.6849529 ], [ -74.255814, 4.6850223 ], [ -74.2556232, 4.6852922 ], [ -74.2555653, 4.6853822 ], [ -74.2554385, 4.6855571 ], [ -74.255362, 4.6856414 ], [ -74.2552651, 4.6857336 ], [ -74.2551133, 4.6859216 ], [ -74.2550466, 4.6860174 ], [ -74.254989, 4.6861143 ], [ -74.2549025, 4.6862969 ], [ -74.2548089, 4.6864704 ], [ -74.2543467, 4.6871093 ], [ -74.2542811, 4.6872948 ], [ -74.2542518, 4.6873461 ], [ -74.2539627, 4.6874278 ], [ -74.2539351, 4.6874386 ], [ -74.254081, 4.6873246 ], [ -74.2537714, 4.6870173 ], [ -74.2538198, 4.6869984 ], [ -74.2539175, 4.6869708 ], [ -74.2539437, 4.6868965 ], [ -74.2541671, 4.6865878 ], [ -74.2550385, 4.6858522 ], [ -74.2548177, 4.6855695 ], [ -74.2549335, 4.685426 ], [ -74.2550398, 4.6853248 ], [ -74.2550886, 4.6852711 ], [ -74.2551935, 4.6851264 ], [ -74.25525, 4.6850386 ], [ -74.2554043, 4.6848204 ], [ -74.255399, 4.6847405 ], [ -74.2553892, 4.6845312 ], [ -74.2553933, 4.6844259 ], [ -74.2553941, 4.6843111 ], [ -74.2554269, 4.6840617 ], [ -74.2552641, 4.6834437 ], [ -74.2553294, 4.6831964 ], [ -74.2551729, 4.6829401 ], [ -74.2549796, 4.6825909 ], [ -74.2548941, 4.682266 ], [ -74.2548467, 4.6821123 ], [ -74.2548371, 4.6820938 ], [ -74.2548127, 4.6820574 ], [ -74.2546822, 4.6819081 ], [ -74.254599, 4.6818178 ], [ -74.2544955, 4.6816995 ], [ -74.2544202, 4.6815912 ], [ -74.2543642, 4.6815158 ], [ -74.2542112, 4.6813254 ], [ -74.2539837, 4.680988 ], [ -74.2542708, 4.6801856 ], [ -74.2544697, 4.6799474 ], [ -74.2550503, 4.6796114 ], [ -74.2553026, 4.6795043 ], [ -74.2553909, 4.6794703 ], [ -74.2553869, 4.6793935 ], [ -74.2553846, 4.6792642 ], [ -74.2554025, 4.6790669 ], [ -74.2554049, 4.6790117 ], [ -74.2554031, 4.6789647 ], [ -74.2553967, 4.6789106 ], [ -74.2553905, 4.6788749 ], [ -74.25536, 4.6787833 ], [ -74.2553177, 4.6785349 ], [ -74.255317, 4.6785243 ], [ -74.2549319, 4.6784956 ], [ -74.2508833, 4.682007 ], [ -74.2489844, 4.6797084 ], [ -74.2481663, 4.6788199 ], [ -74.246432, 4.6766454 ], [ -74.2454271, 4.6754112 ], [ -74.2442497, 4.6739873 ], [ -74.2435315, 4.6732247 ], [ -74.242428, 4.6721386 ], [ -74.2423769, 4.671937 ], [ -74.2424309, 4.6712454 ], [ -74.2424788, 4.670817 ], [ -74.2424949, 4.6701115 ], [ -74.2424783, 4.6697881 ], [ -74.2438454, 4.6680935 ], [ -74.2442147, 4.6676394 ], [ -74.2450627, 4.6666782 ], [ -74.2467956, 4.6646811 ], [ -74.2475509, 4.6638232 ], [ -74.2486726, 4.6625549 ], [ -74.2493045, 4.6617781 ], [ -74.2496767, 4.6613377 ], [ -74.2497245, 4.6612713 ], [ -74.2503674, 4.6605025 ], [ -74.2502809, 4.6602844 ], [ -74.2502665, 4.6602296 ], [ -74.2494809, 4.66118 ], [ -74.2491767, 4.6608662 ], [ -74.2416709, 4.65073 ], [ -74.2430865, 4.6496973 ], [ -74.2436437, 4.6492711 ], [ -74.2436749, 4.6486184 ], [ -74.242945, 4.6437672 ], [ -74.2425484, 4.64188 ], [ -74.2420698, 4.639558 ], [ -74.2418229, 4.6379791 ], [ -74.2417753, 4.6375557 ], [ -74.2417402, 4.6373612 ], [ -74.2417051, 4.6371782 ], [ -74.2416842, 4.6371093 ], [ -74.2415755, 4.6370216 ], [ -74.2414133, 4.6368819 ], [ -74.2413753, 4.6368279 ], [ -74.241245, 4.6368023 ], [ -74.2412521, 4.6368102 ], [ -74.241385, 4.637055 ], [ -74.2414423, 4.6372436 ], [ -74.2414744, 4.637411 ], [ -74.2415077, 4.6375951 ], [ -74.2415558, 4.6380212 ], [ -74.241805, 4.6396129 ], [ -74.2422838, 4.6419359 ], [ -74.2426789, 4.6438155 ], [ -74.2434035, 4.6486323 ], [ -74.2433796, 4.649132 ], [ -74.242925, 4.6494797 ], [ -74.2412232, 4.6507213 ], [ -74.2400565, 4.6515476 ], [ -74.2387107, 4.6524417 ], [ -74.2385423, 4.6525442 ], [ -74.2375465, 4.6531823 ], [ -74.2363757, 4.6539542 ], [ -74.2346763, 4.6550526 ], [ -74.2338478, 4.6556162 ], [ -74.232492, 4.6565054 ], [ -74.2317898, 4.6569839 ], [ -74.2309648, 4.6575923 ], [ -74.2302562, 4.6580153 ], [ -74.2296916, 4.6581915 ], [ -74.228817, 4.6584828 ], [ -74.2281294, 4.6588107 ], [ -74.2277677, 4.658967 ], [ -74.2276408, 4.6590168 ], [ -74.2266749, 4.6591436 ], [ -74.2260555, 4.6592556 ], [ -74.2251116, 4.6595085 ], [ -74.2237454, 4.6597423 ], [ -74.2231251, 4.6599664 ], [ -74.2226973, 4.6600686 ], [ -74.2222161, 4.6602167 ], [ -74.2214129, 4.6604928 ], [ -74.220861, 4.6606532 ], [ -74.2202589, 4.6608631 ], [ -74.2195999, 4.6610607 ], [ -74.2189121, 4.6612892 ], [ -74.2177816, 4.6616203 ], [ -74.2162044, 4.6621191 ], [ -74.2126265, 4.6631573 ], [ -74.2112198, 4.6636874 ], [ -74.209876, 4.6640751 ], [ -74.2077873, 4.6647876 ], [ -74.2071133, 4.6650132 ], [ -74.2057781, 4.662283 ], [ -74.2050062, 4.660725 ], [ -74.2043218, 4.6592851 ], [ -74.2042021, 4.6591261 ], [ -74.2040543, 4.6589794 ], [ -74.2033513, 4.658171 ], [ -74.2024804, 4.6574107 ], [ -74.2020484, 4.6571964 ], [ -74.1960599, 4.6609693 ], [ -74.1959141, 4.6609693 ], [ -74.1925678, 4.6596274 ], [ -74.1922007, 4.6592594 ], [ -74.1838419, 4.6558512 ], [ -74.1832034, 4.6565118 ], [ -74.1799858, 4.6597862 ], [ -74.1786657, 4.6608211 ], [ -74.1762236, 4.6627782 ], [ -74.1741724, 4.6642227 ], [ -74.1720962, 4.6657239 ], [ -74.1700455, 4.6670819 ], [ -74.1692391, 4.6675478 ], [ -74.1693055, 4.6675657 ], [ -74.1695944, 4.6676559 ], [ -74.1699845, 4.6677599 ], [ -74.1704145, 4.667993 ], [ -74.1705858, 4.6681275 ], [ -74.1707372, 4.6682714 ], [ -74.1708454, 4.6684232 ], [ -74.170963, 4.6686224 ], [ -74.171063, 4.6687864 ], [ -74.1711151, 4.6688637 ], [ -74.171254, 4.6690591 ], [ -74.1713271, 4.6691877 ], [ -74.1713837, 4.6693017 ], [ -74.1714431, 4.6694348 ], [ -74.1714836, 4.669571 ], [ -74.1715129, 4.6696884 ], [ -74.1715418, 4.6698394 ], [ -74.1716132, 4.6700254 ], [ -74.171637, 4.6701837 ], [ -74.171652, 4.6703072 ], [ -74.1716577, 4.6705427 ], [ -74.1717056, 4.6706171 ], [ -74.1717751, 4.6707513 ], [ -74.1718518, 4.6709374 ], [ -74.1720608, 4.6713627 ], [ -74.1721385, 4.6715045 ], [ -74.1722594, 4.6716735 ], [ -74.1723278, 4.6717841 ], [ -74.1724, 4.6719062 ], [ -74.1725046, 4.6721411 ], [ -74.1725557, 4.6722975 ], [ -74.1725934, 4.672525 ], [ -74.1726144, 4.6726715 ], [ -74.1726038, 4.6729149 ], [ -74.1725962, 4.673002 ], [ -74.1725897, 4.6731978 ], [ -74.1725391, 4.6735602 ], [ -74.1725377, 4.6735971 ], [ -74.1725442, 4.6737074 ], [ -74.1727788, 4.6738543 ], [ -74.1729909, 4.6739643 ], [ -74.1732241, 4.6741657 ], [ -74.1733215, 4.6742326 ], [ -74.1734735, 4.6743262 ], [ -74.1736288, 4.6744382 ], [ -74.174089, 4.6748168 ], [ -74.1742869, 4.674992 ], [ -74.1743793, 4.6750628 ], [ -74.1744673, 4.675124 ], [ -74.1747379, 4.6752591 ], [ -74.1751228, 4.6753504 ], [ -74.175406, 4.6754962 ], [ -74.1757358, 4.6757625 ], [ -74.1758362, 4.6759107 ], [ -74.1759044, 4.676003 ], [ -74.1759953, 4.6761396 ], [ -74.1760953, 4.6763565 ], [ -74.1761087, 4.676526 ], [ -74.1761133, 4.6765576 ], [ -74.176165, 4.6767186 ], [ -74.1762089, 4.6769347 ], [ -74.1762028, 4.6769752 ], [ -74.1768697, 4.677432 ], [ -74.1774409, 4.6776911 ], [ -74.1775829, 4.6777575 ], [ -74.1778706, 4.6778561 ], [ -74.1782347, 4.6780098 ], [ -74.1787326, 4.6784766 ], [ -74.1788604, 4.6785882 ], [ -74.1791292, 4.6788608 ], [ -74.1800268, 4.6805721 ], [ -74.1811351, 4.6825745 ], [ -74.1820152, 4.6844494 ], [ -74.1826898, 4.6856897 ], [ -74.1828063, 4.6861148 ], [ -74.1843684, 4.6884829 ], [ -74.1858799, 4.6892958 ], [ -74.1871249, 4.6895385 ], [ -74.1865504, 4.691675 ], [ -74.189918, 4.6907665 ], [ -74.192698, 4.6943592 ], [ -74.1946106, 4.6929524 ], [ -74.1948275, 4.6925776 ], [ -74.1949096, 4.6925909 ], [ -74.1967187, 4.6899778 ], [ -74.2013849, 4.6916708 ], [ -74.2044678, 4.6917984 ], [ -74.204467, 4.6916318 ], [ -74.2032161, 4.6859754 ], [ -74.2029921, 4.6854759 ], [ -74.2030489, 4.6833722 ], [ -74.2028368, 4.6793254 ], [ -74.2024689, 4.6758622 ], [ -74.2029567, 4.6737339 ], [ -74.2038112, 4.6694096 ], [ -74.2039427, 4.6687935 ], [ -74.2062251, 4.6648394 ], [ -74.205132, 4.662604 ], [ -74.2043579, 4.6610418 ], [ -74.2036997, 4.6596568 ], [ -74.203669, 4.6596146 ], [ -74.2035278, 4.6594744 ], [ -74.2028542, 4.658696 ], [ -74.202087, 4.6580263 ], [ -74.1962675, 4.6616927 ], [ -74.1957754, 4.6616928 ], [ -74.1921628, 4.6602441 ], [ -74.1917942, 4.6598745 ], [ -74.184021, 4.6567051 ], [ -74.1837189, 4.6570176 ], [ -74.1804665, 4.6603275 ], [ -74.1791137, 4.6613879 ], [ -74.1766561, 4.6633575 ], [ -74.1745917, 4.6648113 ], [ -74.1725057, 4.6663195 ], [ -74.1706039, 4.6675789 ], [ -74.1703798, 4.6671856 ], [ -74.1722498, 4.6659473 ], [ -74.1743305, 4.6644428 ], [ -74.1763858, 4.6629954 ], [ -74.1788344, 4.6610331 ], [ -74.180166, 4.6599892 ], [ -74.1833967, 4.6567015 ], [ -74.1839091, 4.6561714 ], [ -74.1920483, 4.6594901 ], [ -74.1924159, 4.6598587 ], [ -74.1958621, 4.6612406 ], [ -74.1961377, 4.6612406 ], [ -74.2020641, 4.6575068 ], [ -74.2023292, 4.6576384 ], [ -74.2031738, 4.6583756 ], [ -74.2038569, 4.659165 ], [ -74.2040119, 4.6593189 ], [ -74.2040885, 4.6594245 ], [ -74.2047631, 4.6608438 ], [ -74.205536, 4.6624038 ], [ -74.2067357, 4.664857 ], [ -74.2043684, 4.6689582 ], [ -74.2042525, 4.6695009 ], [ -74.2033975, 4.6738286 ], [ -74.202925, 4.6758897 ], [ -74.2032862, 4.6792895 ], [ -74.2034999, 4.6833664 ], [ -74.2034454, 4.6853847 ], [ -74.203646, 4.6858322 ], [ -74.2049175, 4.6915812 ], [ -74.2049205, 4.6922697 ], [ -74.2050908, 4.6923853 ], [ -74.2050416, 4.697397 ], [ -74.2045906, 4.697432 ], [ -74.2046414, 4.6922581 ], [ -74.2018241, 4.6921415 ], [ -74.2012532, 4.6961714 ], [ -74.2012456, 4.6962441 ], [ -74.2011578, 4.697653 ] ], [ [ -74.1834018, 4.6940542 ], [ -74.1842418, 4.6947386 ], [ -74.1845455, 4.6949949 ], [ -74.1855744, 4.6945796 ], [ -74.1884683, 4.6933504 ], [ -74.1905555, 4.692438 ], [ -74.1895927, 4.6912906 ], [ -74.1853774, 4.6925235 ], [ -74.1848982, 4.6920651 ], [ -74.1834018, 4.6940542 ] ], [ [ -74.1796552, 4.6914853 ], [ -74.1815006, 4.688197 ], [ -74.1859001, 4.6923577 ], [ -74.1865636, 4.6898897 ], [ -74.185727, 4.6897267 ], [ -74.1840554, 4.6888275 ], [ -74.1823909, 4.6863042 ], [ -74.1822691, 4.6858602 ], [ -74.1816132, 4.6846542 ], [ -74.1807338, 4.6827808 ], [ -74.1796304, 4.6807871 ], [ -74.1787617, 4.679131 ], [ -74.1785518, 4.6789182 ], [ -74.1784307, 4.6788123 ], [ -74.1779858, 4.6783953 ], [ -74.1777102, 4.6782789 ], [ -74.1774145, 4.6781775 ], [ -74.1772528, 4.678102 ], [ -74.1766487, 4.6778282 ], [ -74.17612, 4.677466 ], [ -74.1760737, 4.6776668 ], [ -74.1759153, 4.6780122 ], [ -74.1757207, 4.6783546 ], [ -74.1756382, 4.6785777 ], [ -74.1755807, 4.6787451 ], [ -74.1755221, 4.6789344 ], [ -74.175456, 4.6791081 ], [ -74.1754435, 4.6791529 ], [ -74.1754134, 4.6793125 ], [ -74.1754442, 4.679639 ], [ -74.1753312, 4.6799632 ], [ -74.1753175, 4.6800753 ], [ -74.1752877, 4.680511 ], [ -74.1752768, 4.680682 ], [ -74.1752698, 4.6809028 ], [ -74.1752013, 4.6812163 ], [ -74.1751736, 4.681369 ], [ -74.1751708, 4.6813928 ], [ -74.175183, 4.6815717 ], [ -74.1751642, 4.6817428 ], [ -74.1751128, 4.681963 ], [ -74.1750758, 4.6821023 ], [ -74.1750729, 4.682146 ], [ -74.1750538, 4.682351 ], [ -74.1749523, 4.6825446 ], [ -74.1748302, 4.6827596 ], [ -74.1746952, 4.6829457 ], [ -74.1746561, 4.6830109 ], [ -74.1745449, 4.6832057 ], [ -74.1743025, 4.6835604 ], [ -74.174126, 4.6837035 ], [ -74.1739633, 4.6838311 ], [ -74.1737267, 4.6839482 ], [ -74.1735296, 4.6840416 ], [ -74.1733245, 4.6841367 ], [ -74.1728937, 4.6843198 ], [ -74.1726952, 4.6844069 ], [ -74.1725068, 4.6844939 ], [ -74.1723699, 4.6845591 ], [ -74.1720466, 4.684677 ], [ -74.171999, 4.6847046 ], [ -74.1718215, 4.6848927 ], [ -74.1717145, 4.6850388 ], [ -74.171656, 4.6851256 ], [ -74.1715759, 4.6852387 ], [ -74.1715049, 4.6853236 ], [ -74.1714929, 4.6853417 ], [ -74.1713673, 4.6856595 ], [ -74.1713171, 4.685773 ], [ -74.1712114, 4.6859812 ], [ -74.1747751, 4.6892811 ], [ -74.1756046, 4.6903673 ], [ -74.1757619, 4.6903382 ], [ -74.1759047, 4.690329 ], [ -74.1760257, 4.6903579 ], [ -74.1796552, 4.6914853 ] ], [ [ -74.2500803, 4.6615494 ], [ -74.2500317, 4.6616168 ], [ -74.249651, 4.6620673 ], [ -74.2490159, 4.662848 ], [ -74.2478883, 4.6641229 ], [ -74.2471344, 4.6649792 ], [ -74.2454013, 4.6669765 ], [ -74.2445581, 4.6679323 ], [ -74.2441951, 4.6683787 ], [ -74.2429372, 4.6699379 ], [ -74.2429458, 4.670105 ], [ -74.2429289, 4.6708475 ], [ -74.2428795, 4.6712883 ], [ -74.2428319, 4.6718979 ], [ -74.2428336, 4.6719044 ], [ -74.2438532, 4.6729079 ], [ -74.2445872, 4.6736874 ], [ -74.245775, 4.6751238 ], [ -74.2467825, 4.6763611 ], [ -74.2485082, 4.6785249 ], [ -74.2493237, 4.6794105 ], [ -74.2509367, 4.6813631 ], [ -74.2543513, 4.6784014 ], [ -74.2541621, 4.6783055 ], [ -74.2539947, 4.6781904 ], [ -74.2538266, 4.6780678 ], [ -74.2535923, 4.6778245 ], [ -74.2534154, 4.6775773 ], [ -74.2533465, 4.6774404 ], [ -74.2532827, 4.6773012 ], [ -74.2532408, 4.6771496 ], [ -74.2531971, 4.67693 ], [ -74.2531518, 4.6765726 ], [ -74.2531986, 4.6761994 ], [ -74.2532549, 4.6759771 ], [ -74.2532875, 4.6758641 ], [ -74.2533644, 4.6756427 ], [ -74.2534646, 4.6754301 ], [ -74.2535692, 4.6752191 ], [ -74.2536525, 4.6750879 ], [ -74.2538104, 4.6748749 ], [ -74.2539694, 4.6746911 ], [ -74.2541974, 4.6745719 ], [ -74.2542372, 4.6743727 ], [ -74.2542865, 4.6741741 ], [ -74.2543309, 4.6740096 ], [ -74.2543405, 4.673957 ], [ -74.2543679, 4.6737357 ], [ -74.2543672, 4.6735744 ], [ -74.2543738, 4.6734455 ], [ -74.2544152, 4.6731459 ], [ -74.2544356, 4.6730163 ], [ -74.2545044, 4.6727794 ], [ -74.2544063, 4.672642 ], [ -74.2543535, 4.6725713 ], [ -74.25422, 4.6724163 ], [ -74.2539864, 4.6721755 ], [ -74.2536748, 4.6719067 ], [ -74.2535017, 4.6717349 ], [ -74.253419, 4.6716704 ], [ -74.253143, 4.6714725 ], [ -74.2529042, 4.6712352 ], [ -74.252733, 4.6710128 ], [ -74.2525992, 4.6708172 ], [ -74.2525329, 4.6707175 ], [ -74.2524186, 4.6705348 ], [ -74.252254, 4.670283 ], [ -74.2521801, 4.6699932 ], [ -74.2521535, 4.6698368 ], [ -74.2521521, 4.6694948 ], [ -74.2521342, 4.6694219 ], [ -74.2521144, 4.6691337 ], [ -74.252089, 4.6689949 ], [ -74.2520688, 4.6689061 ], [ -74.2520144, 4.6686124 ], [ -74.2519722, 4.6683375 ], [ -74.2519271, 4.6680579 ], [ -74.251877, 4.6676444 ], [ -74.2518859, 4.6673225 ], [ -74.2518966, 4.6671581 ], [ -74.2520099, 4.6667919 ], [ -74.2520796, 4.6666408 ], [ -74.2519707, 4.6665459 ], [ -74.2518509, 4.6663884 ], [ -74.2517751, 4.6662633 ], [ -74.2516427, 4.6660215 ], [ -74.2515415, 4.6656815 ], [ -74.251521, 4.6655974 ], [ -74.2514464, 4.6653669 ], [ -74.2511194, 4.6645862 ], [ -74.2510884, 4.6642259 ], [ -74.2510777, 4.6640754 ], [ -74.2511496, 4.6635584 ], [ -74.2512346, 4.6634012 ], [ -74.2511498, 4.663295 ], [ -74.2510259, 4.6630251 ], [ -74.2509751, 4.6628689 ], [ -74.2509045, 4.6624724 ], [ -74.2509533, 4.6621487 ], [ -74.2510585, 4.6618658 ], [ -74.2512034, 4.6616234 ], [ -74.2512719, 4.6615284 ], [ -74.2511738, 4.6614609 ], [ -74.2510163, 4.6613451 ], [ -74.250892, 4.6612268 ], [ -74.250673, 4.6610087 ], [ -74.2506086, 4.6609175 ], [ -74.2500803, 4.6615494 ] ], [ [ -74.2441271, 4.6485952 ], [ -74.2440837, 4.6495031 ], [ -74.2433557, 4.65006 ], [ -74.2423042, 4.6508271 ], [ -74.2494626, 4.6604941 ], [ -74.2499432, 4.6599125 ], [ -74.2500836, 4.659738 ], [ -74.2500336, 4.6596193 ], [ -74.2499689, 4.6594919 ], [ -74.2499473, 4.6594613 ], [ -74.2498168, 4.6593188 ], [ -74.2497385, 4.6592438 ], [ -74.2495938, 4.6591098 ], [ -74.2494785, 4.6589304 ], [ -74.2492245, 4.6583842 ], [ -74.2492774, 4.6580537 ], [ -74.2494385, 4.6577097 ], [ -74.2494915, 4.6576005 ], [ -74.2497527, 4.6571446 ], [ -74.249833, 4.6569867 ], [ -74.2498794, 4.6568826 ], [ -74.2498895, 4.6566921 ], [ -74.2499466, 4.6564449 ], [ -74.2499866, 4.6563165 ], [ -74.2499933, 4.6562995 ], [ -74.2499856, 4.656295 ], [ -74.2499331, 4.6562395 ], [ -74.2497564, 4.6561749 ], [ -74.2495407, 4.6560441 ], [ -74.2493613, 4.6559109 ], [ -74.2491494, 4.6556884 ], [ -74.2490311, 4.6552613 ], [ -74.2490092, 4.6551377 ], [ -74.2489935, 4.6550316 ], [ -74.2489624, 4.6547691 ], [ -74.2489531, 4.6547177 ], [ -74.2488977, 4.6545125 ], [ -74.2488854, 4.6543711 ], [ -74.2488693, 4.6541587 ], [ -74.248873, 4.6540302 ], [ -74.2488898, 4.653768 ], [ -74.2488892, 4.6536126 ], [ -74.2488855, 4.6534901 ], [ -74.2489114, 4.6532632 ], [ -74.2489462, 4.6530164 ], [ -74.2490452, 4.6527517 ], [ -74.2491538, 4.6526495 ], [ -74.2489054, 4.6524908 ], [ -74.2487483, 4.6523308 ], [ -74.2485828, 4.6521102 ], [ -74.2485119, 4.652005 ], [ -74.2484312, 4.6518811 ], [ -74.2483643, 4.6517414 ], [ -74.2483245, 4.6516406 ], [ -74.2482524, 4.6514745 ], [ -74.2480652, 4.6514029 ], [ -74.2477957, 4.6513158 ], [ -74.247498, 4.6512151 ], [ -74.2472308, 4.6510919 ], [ -74.2470543, 4.650967 ], [ -74.2469059, 4.6508537 ], [ -74.2466813, 4.6506422 ], [ -74.2465822, 4.6505366 ], [ -74.2464011, 4.6503378 ], [ -74.2462337, 4.6501236 ], [ -74.2461649, 4.6500193 ], [ -74.2460456, 4.6498456 ], [ -74.2459813, 4.6497546 ], [ -74.245843, 4.6495493 ], [ -74.2457437, 4.6493755 ], [ -74.2457238, 4.6493474 ], [ -74.2455792, 4.6492069 ], [ -74.2453975, 4.6490405 ], [ -74.2451945, 4.6488748 ], [ -74.2450697, 4.6487766 ], [ -74.2447394, 4.6484839 ], [ -74.2445414, 4.6482856 ], [ -74.2444464, 4.6481845 ], [ -74.2442451, 4.6479599 ], [ -74.2441037, 4.6477228 ], [ -74.2439976, 4.6475238 ], [ -74.2439523, 4.6474329 ], [ -74.2441271, 4.6485952 ] ], [ [ -74.164229, 4.6661101 ], [ -74.1645943, 4.6662169 ], [ -74.1650651, 4.6664027 ], [ -74.1653208, 4.6664902 ], [ -74.1655995, 4.6665905 ], [ -74.1658342, 4.6667006 ], [ -74.1659494, 4.6667661 ], [ -74.1662495, 4.6668438 ], [ -74.1665361, 4.6669424 ], [ -74.1670568, 4.6671314 ], [ -74.1672719, 4.6672267 ], [ -74.1674068, 4.6672829 ], [ -74.1683503, 4.6673677 ], [ -74.1685808, 4.6674064 ], [ -74.1698088, 4.6666969 ], [ -74.1718403, 4.6653517 ], [ -74.1739112, 4.6638542 ], [ -74.1759532, 4.6624162 ], [ -74.1783863, 4.6604663 ], [ -74.1796854, 4.659448 ], [ -74.1828812, 4.6561957 ], [ -74.18373, 4.6553175 ], [ -74.1924548, 4.6588749 ], [ -74.1928209, 4.659242 ], [ -74.1959576, 4.6604998 ], [ -74.2020222, 4.656679 ], [ -74.2027323, 4.6570313 ], [ -74.2036704, 4.6578502 ], [ -74.204383, 4.6586697 ], [ -74.2045421, 4.6588275 ], [ -74.2047089, 4.6590491 ], [ -74.2054114, 4.6605271 ], [ -74.2061822, 4.6620828 ], [ -74.2073443, 4.6644592 ], [ -74.2076434, 4.6643591 ], [ -74.2097411, 4.6636436 ], [ -74.2110781, 4.6632578 ], [ -74.2124844, 4.6627279 ], [ -74.2160741, 4.6616862 ], [ -74.2176507, 4.6611876 ], [ -74.218778, 4.6608574 ], [ -74.2194645, 4.6606293 ], [ -74.2201204, 4.6604328 ], [ -74.2207242, 4.6602222 ], [ -74.2212771, 4.6600616 ], [ -74.222077, 4.6597866 ], [ -74.222579, 4.659632 ], [ -74.2229962, 4.6595324 ], [ -74.2236303, 4.6593034 ], [ -74.2250154, 4.6590662 ], [ -74.2259572, 4.6588139 ], [ -74.2266056, 4.6586967 ], [ -74.2275278, 4.6585757 ], [ -74.2275963, 4.6585487 ], [ -74.2279435, 4.6583987 ], [ -74.2286487, 4.6580624 ], [ -74.2295537, 4.657761 ], [ -74.2300716, 4.6575994 ], [ -74.2307156, 4.6572149 ], [ -74.2315297, 4.6566146 ], [ -74.2322421, 4.6561292 ], [ -74.2335981, 4.6552398 ], [ -74.2344278, 4.6546754 ], [ -74.23613, 4.6535752 ], [ -74.2373015, 4.6528028 ], [ -74.2383037, 4.6521606 ], [ -74.2384693, 4.6520598 ], [ -74.2398022, 4.6511743 ], [ -74.2409607, 4.6503537 ], [ -74.2426559, 4.649117 ], [ -74.2429396, 4.6489 ], [ -74.2429513, 4.6486554 ], [ -74.2422352, 4.643896 ], [ -74.2418427, 4.6420284 ], [ -74.2413616, 4.6396938 ], [ -74.2411091, 4.6380817 ], [ -74.2410616, 4.637661 ], [ -74.2410043, 4.6373525 ], [ -74.2409673, 4.6372309 ], [ -74.2408815, 4.6370728 ], [ -74.2406653, 4.6366314 ], [ -74.2404348, 4.6365564 ], [ -74.2400691, 4.6363207 ], [ -74.2399031, 4.636184 ], [ -74.2397713, 4.6360366 ], [ -74.239621, 4.6358172 ], [ -74.239466, 4.6355686 ], [ -74.2393351, 4.6351513 ], [ -74.2393343, 4.6349764 ], [ -74.2393356, 4.634786 ], [ -74.2393384, 4.6346936 ], [ -74.2393412, 4.6344953 ], [ -74.2393573, 4.6343256 ], [ -74.2393903, 4.6342208 ], [ -74.2390443, 4.634275 ], [ -74.2382111, 4.6344643 ], [ -74.2374264, 4.6346469 ], [ -74.2363817, 4.6348622 ], [ -74.2353395, 4.6351381 ], [ -74.2341347, 4.6353929 ], [ -74.2329296, 4.6355833 ], [ -74.2315885, 4.635623 ], [ -74.2302599, 4.6355438 ], [ -74.2290061, 4.6354905 ], [ -74.2280656, 4.6355039 ], [ -74.2267841, 4.6355183 ], [ -74.2253881, 4.6355098 ], [ -74.2237881, 4.6353819 ], [ -74.2221862, 4.6350977 ], [ -74.2206383, 4.6347605 ], [ -74.2193374, 4.6344462 ], [ -74.2189399, 4.634331 ], [ -74.2189741, 4.6347116 ], [ -74.218948, 4.6349868 ], [ -74.2188605, 4.635319 ], [ -74.2188066, 4.6354786 ], [ -74.2186788, 4.635699 ], [ -74.2186088, 4.635829 ], [ -74.2184086, 4.6360714 ], [ -74.2182963, 4.6361835 ], [ -74.2180597, 4.6364116 ], [ -74.2178359, 4.6365439 ], [ -74.2176142, 4.636655 ], [ -74.2172878, 4.6367789 ], [ -74.2164186, 4.6368809 ], [ -74.2163658, 4.6368809 ], [ -74.2163292, 4.6368968 ], [ -74.2163056, 4.6369167 ], [ -74.2162937, 4.6369415 ], [ -74.2163057, 4.6376025 ], [ -74.2163276, 4.6376452 ], [ -74.2164454, 4.6379238 ], [ -74.2165226, 4.6380853 ], [ -74.2167802, 4.6385799 ], [ -74.2168067, 4.6385998 ], [ -74.2170012, 4.6387157 ], [ -74.2172039, 4.6389368 ], [ -74.2172791, 4.6390051 ], [ -74.2173842, 4.639095 ], [ -74.2174935, 4.6391935 ], [ -74.2175794, 4.6392739 ], [ -74.217643, 4.6393253 ], [ -74.2177269, 4.6393738 ], [ -74.2178929, 4.639438 ], [ -74.2181978, 4.6395178 ], [ -74.2186236, 4.6396103 ], [ -74.2189859, 4.63972 ], [ -74.2192032, 4.6398277 ], [ -74.2193791, 4.6399103 ], [ -74.2195993, 4.6400012 ], [ -74.2198264, 4.6401091 ], [ -74.2200193, 4.6402256 ], [ -74.2203197, 4.6404446 ], [ -74.2203931, 4.6405175 ], [ -74.2206413, 4.6406642 ], [ -74.2207459, 4.6407279 ], [ -74.2209509, 4.6408006 ], [ -74.2212988, 4.6409283 ], [ -74.2216706, 4.6412658 ], [ -74.2217928, 4.6413712 ], [ -74.2220105, 4.6416053 ], [ -74.2221485, 4.6418109 ], [ -74.222362, 4.6420999 ], [ -74.2224421, 4.6422404 ], [ -74.2225296, 4.6424367 ], [ -74.2226204, 4.6426218 ], [ -74.2227786, 4.642994 ], [ -74.2227899, 4.6431933 ], [ -74.2227905, 4.6433299 ], [ -74.2227751, 4.643466 ], [ -74.2227247, 4.6437698 ], [ -74.2226667, 4.6440134 ], [ -74.2225784, 4.6442217 ], [ -74.2225202, 4.6443847 ], [ -74.2224727, 4.6445227 ], [ -74.2223304, 4.644767 ], [ -74.2222298, 4.6449138 ], [ -74.2220732, 4.6450724 ], [ -74.2218959, 4.6451984 ], [ -74.2216949, 4.6453259 ], [ -74.2213535, 4.6454552 ], [ -74.2207453, 4.645554 ], [ -74.2201891, 4.6456509 ], [ -74.2191466, 4.6456795 ], [ -74.2183021, 4.6456353 ], [ -74.2174719, 4.6457063 ], [ -74.2167291, 4.6457219 ], [ -74.2165311, 4.6457445 ], [ -74.2160816, 4.6456379 ], [ -74.2157242, 4.6455331 ], [ -74.2154476, 4.6454215 ], [ -74.2152036, 4.6452896 ], [ -74.2149239, 4.6450512 ], [ -74.2148299, 4.64495 ], [ -74.2147594, 4.644883 ], [ -74.2146525, 4.6447935 ], [ -74.2145279, 4.6446763 ], [ -74.2144156, 4.6445507 ], [ -74.2142908, 4.6443858 ], [ -74.2141913, 4.6442868 ], [ -74.2140941, 4.6441488 ], [ -74.2140238, 4.6440401 ], [ -74.2139555, 4.6439245 ], [ -74.2139005, 4.6438152 ], [ -74.2135368, 4.6430703 ], [ -74.2134671, 4.6428951 ], [ -74.2134217, 4.6425223 ], [ -74.2134203, 4.6421205 ], [ -74.2134228, 4.6420137 ], [ -74.213428, 4.6419244 ], [ -74.2134317, 4.6417372 ], [ -74.2134388, 4.6416495 ], [ -74.2134405, 4.6414824 ], [ -74.2134433, 4.6413913 ], [ -74.2134114, 4.6413775 ], [ -74.2131301, 4.6413108 ], [ -74.2130147, 4.6413484 ], [ -74.212906, 4.641431 ], [ -74.212562, 4.6415612 ], [ -74.2120907, 4.6416746 ], [ -74.2076931, 4.6416754 ], [ -74.207494, 4.6417379 ], [ -74.2072814, 4.6418141 ], [ -74.2071476, 4.6418804 ], [ -74.2070406, 4.6419454 ], [ -74.2069607, 4.6420051 ], [ -74.2068888, 4.6420702 ], [ -74.2066812, 4.6422787 ], [ -74.2066661, 4.6423128 ], [ -74.2066573, 4.6423427 ], [ -74.2066558, 4.6423515 ], [ -74.2066563, 4.642372 ], [ -74.2067318, 4.6425837 ], [ -74.2067735, 4.6427093 ], [ -74.2067935, 4.6428045 ], [ -74.2068284, 4.6429166 ], [ -74.206849, 4.642957 ], [ -74.2068993, 4.6430474 ], [ -74.2070033, 4.643254 ], [ -74.2070899, 4.6434522 ], [ -74.2071532, 4.6436035 ], [ -74.2071744, 4.6436408 ], [ -74.2072816, 4.6437878 ], [ -74.207339, 4.6438602 ], [ -74.2074132, 4.6439456 ], [ -74.2074951, 4.6440439 ], [ -74.2075797, 4.6441491 ], [ -74.2076696, 4.6442737 ], [ -74.2077326, 4.6443832 ], [ -74.2078232, 4.644533 ], [ -74.2078819, 4.6446093 ], [ -74.207954, 4.6447125 ], [ -74.2082401, 4.6451327 ], [ -74.2083124, 4.6453305 ], [ -74.2083583, 4.6455846 ], [ -74.2083791, 4.6458513 ], [ -74.2083424, 4.6461177 ], [ -74.2083117, 4.6462441 ], [ -74.2082165, 4.646587 ], [ -74.2080661, 4.6468539 ], [ -74.2079665, 4.6469897 ], [ -74.2078596, 4.6471116 ], [ -74.2076412, 4.6473294 ], [ -74.2074851, 4.64745 ], [ -74.2072983, 4.6475783 ], [ -74.2069405, 4.6477343 ], [ -74.2058759, 4.6477345 ], [ -74.2055132, 4.6476023 ], [ -74.2052887, 4.6474941 ], [ -74.2050854, 4.6473827 ], [ -74.2047937, 4.6471783 ], [ -74.2045089, 4.6469608 ], [ -74.2044093, 4.6468507 ], [ -74.2043327, 4.6467794 ], [ -74.2041566, 4.6466214 ], [ -74.2040722, 4.6468066 ], [ -74.2039431, 4.647038 ], [ -74.2037646, 4.6472744 ], [ -74.2036494, 4.6473944 ], [ -74.2031938, 4.6478389 ], [ -74.2030611, 4.6479888 ], [ -74.2029435, 4.6481471 ], [ -74.2027996, 4.6483442 ], [ -74.2026957, 4.6484653 ], [ -74.2026052, 4.648557 ], [ -74.2024553, 4.6487295 ], [ -74.2023636, 4.6488302 ], [ -74.2021701, 4.649031 ], [ -74.2020512, 4.6491376 ], [ -74.2019303, 4.6492424 ], [ -74.2017944, 4.6493456 ], [ -74.2014161, 4.6496253 ], [ -74.2012559, 4.6497345 ], [ -74.2008789, 4.649947 ], [ -74.200589, 4.6500562 ], [ -74.2000349, 4.6502378 ], [ -74.1998041, 4.6503227 ], [ -74.1996001, 4.6504033 ], [ -74.1994267, 4.6504877 ], [ -74.1992094, 4.6505865 ], [ -74.1989719, 4.6506809 ], [ -74.1987593, 4.6507677 ], [ -74.1985538, 4.6508581 ], [ -74.1983422, 4.6509445 ], [ -74.1982168, 4.6510059 ], [ -74.1981254, 4.6510727 ], [ -74.1978346, 4.6512727 ], [ -74.1976424, 4.6513796 ], [ -74.1975116, 4.6514472 ], [ -74.1973615, 4.6515713 ], [ -74.197309, 4.6516261 ], [ -74.1972009, 4.6517551 ], [ -74.1971166, 4.6519035 ], [ -74.1970087, 4.6520757 ], [ -74.1967908, 4.6524914 ], [ -74.1967251, 4.6526463 ], [ -74.1966831, 4.6527509 ], [ -74.1965662, 4.6529883 ], [ -74.1963846, 4.6532463 ], [ -74.1962731, 4.6533535 ], [ -74.1962623, 4.6533663 ], [ -74.1960992, 4.6537468 ], [ -74.1960121, 4.6539281 ], [ -74.1959474, 4.6540865 ], [ -74.1958458, 4.6543495 ], [ -74.1957778, 4.654533 ], [ -74.195712, 4.6546983 ], [ -74.1956872, 4.6547804 ], [ -74.1956047, 4.6550087 ], [ -74.1954772, 4.6552543 ], [ -74.1953234, 4.6554721 ], [ -74.1951251, 4.6557357 ], [ -74.1947638, 4.6559709 ], [ -74.1945663, 4.6560952 ], [ -74.1942004, 4.6562258 ], [ -74.1933634, 4.6563275 ], [ -74.1924841, 4.6563277 ], [ -74.1920512, 4.6562146 ], [ -74.1916986, 4.6560929 ], [ -74.1914985, 4.6559535 ], [ -74.1913607, 4.6558492 ], [ -74.1908189, 4.6553988 ], [ -74.1907118, 4.6553193 ], [ -74.1902209, 4.6549617 ], [ -74.1901067, 4.6548825 ], [ -74.1899913, 4.6548102 ], [ -74.1898197, 4.6547208 ], [ -74.18949, 4.6545179 ], [ -74.1893443, 4.6544102 ], [ -74.1890903, 4.6542136 ], [ -74.1889828, 4.6541171 ], [ -74.188785, 4.653953 ], [ -74.188557, 4.653787 ], [ -74.1882988, 4.6536064 ], [ -74.1881778, 4.6535196 ], [ -74.1880573, 4.6534392 ], [ -74.1879566, 4.6533767 ], [ -74.1874563, 4.653169 ], [ -74.1871543, 4.6528537 ], [ -74.1870961, 4.6528126 ], [ -74.1868446, 4.6526781 ], [ -74.1866622, 4.6526311 ], [ -74.1864354, 4.6526802 ], [ -74.1864025, 4.6527001 ], [ -74.186225, 4.6528546 ], [ -74.1860949, 4.6529621 ], [ -74.185815, 4.6531609 ], [ -74.1856832, 4.6532466 ], [ -74.1855568, 4.6533426 ], [ -74.185072, 4.6536324 ], [ -74.1849074, 4.6537273 ], [ -74.1847309, 4.6538247 ], [ -74.1845285, 4.6539273 ], [ -74.1842872, 4.6540306 ], [ -74.1839356, 4.6541587 ], [ -74.1831988, 4.6541588 ], [ -74.1826922, 4.6539764 ], [ -74.182489, 4.6536736 ], [ -74.1823978, 4.6535663 ], [ -74.1823078, 4.6534055 ], [ -74.1822067, 4.6531718 ], [ -74.1821465, 4.6529758 ], [ -74.1821442, 4.6524787 ], [ -74.1822761, 4.6522468 ], [ -74.1823439, 4.6521438 ], [ -74.1825068, 4.65189 ], [ -74.1825788, 4.6517621 ], [ -74.182654, 4.6515509 ], [ -74.1826855, 4.6514407 ], [ -74.1827519, 4.6512912 ], [ -74.1828579, 4.6511042 ], [ -74.1829361, 4.6509397 ], [ -74.1835942, 4.6495743 ], [ -74.1836503, 4.6494663 ], [ -74.1837612, 4.6492747 ], [ -74.1837027, 4.6493229 ], [ -74.1836131, 4.649406 ], [ -74.1834204, 4.6495782 ], [ -74.1832874, 4.6497142 ], [ -74.1832764, 4.6497299 ], [ -74.1831996, 4.6498937 ], [ -74.1831144, 4.6500352 ], [ -74.1828959, 4.6503194 ], [ -74.1823377, 4.6511183 ], [ -74.1822454, 4.6512585 ], [ -74.1821399, 4.651488 ], [ -74.1820684, 4.6516513 ], [ -74.1820362, 4.6517368 ], [ -74.1819511, 4.651942 ], [ -74.1819017, 4.6520422 ], [ -74.181873, 4.6521044 ], [ -74.1818021, 4.6523029 ], [ -74.1816652, 4.6525525 ], [ -74.1814306, 4.6528734 ], [ -74.1813279, 4.6529886 ], [ -74.1811402, 4.6531884 ], [ -74.1810111, 4.6533083 ], [ -74.1807494, 4.6535099 ], [ -74.1805898, 4.6536245 ], [ -74.1802469, 4.6538134 ], [ -74.1801242, 4.6538906 ], [ -74.1798711, 4.6540621 ], [ -74.1797556, 4.6541452 ], [ -74.1795228, 4.6543191 ], [ -74.1793841, 4.6544284 ], [ -74.1791942, 4.6545394 ], [ -74.1787398, 4.6547975 ], [ -74.1786742, 4.6548452 ], [ -74.1785078, 4.6550115 ], [ -74.1783747, 4.6551246 ], [ -74.1781177, 4.6553222 ], [ -74.1778083, 4.6555332 ], [ -74.177588, 4.6556443 ], [ -74.1773322, 4.6557598 ], [ -74.1768545, 4.6558778 ], [ -74.1761763, 4.6558779 ], [ -74.1756746, 4.6557362 ], [ -74.1756716, 4.6557337 ], [ -74.1755285, 4.6558369 ], [ -74.1751896, 4.656187 ], [ -74.1750735, 4.6562832 ], [ -74.1746895, 4.6566545 ], [ -74.1744349, 4.6568448 ], [ -74.1741452, 4.6570941 ], [ -74.1739585, 4.6572738 ], [ -74.1738356, 4.657381 ], [ -74.1734759, 4.6576672 ], [ -74.1733168, 4.6577829 ], [ -74.1727892, 4.6580803 ], [ -74.1725473, 4.6581921 ], [ -74.1722252, 4.6583006 ], [ -74.1717781, 4.6584023 ], [ -74.1713572, 4.6584607 ], [ -74.1710243, 4.6584734 ], [ -74.1707289, 4.6583685 ], [ -74.1703091, 4.6581585 ], [ -74.1701239, 4.6580365 ], [ -74.1698657, 4.6578292 ], [ -74.1697627, 4.6577355 ], [ -74.1696783, 4.6576652 ], [ -74.1695762, 4.657592 ], [ -74.1693419, 4.6574366 ], [ -74.1692347, 4.6573846 ], [ -74.1689734, 4.6573148 ], [ -74.1686953, 4.6572709 ], [ -74.1685972, 4.6572697 ], [ -74.1684299, 4.6573097 ], [ -74.1683289, 4.6573362 ], [ -74.1682315, 4.6575475 ], [ -74.1681526, 4.6577282 ], [ -74.1680312, 4.6579933 ], [ -74.1680171, 4.6580291 ], [ -74.1679285, 4.6584267 ], [ -74.1679072, 4.6585486 ], [ -74.1679066, 4.6587931 ], [ -74.1678874, 4.6590726 ], [ -74.1678804, 4.6592681 ], [ -74.1678525, 4.6594947 ], [ -74.1678078, 4.6597095 ], [ -74.167745, 4.6599559 ], [ -74.1676503, 4.6601503 ], [ -74.1673519, 4.6605242 ], [ -74.1670031, 4.6607816 ], [ -74.1666984, 4.6609188 ], [ -74.1663293, 4.6609996 ], [ -74.1657781, 4.6610032 ], [ -74.1655147, 4.6609041 ], [ -74.1652458, 4.6607873 ], [ -74.1650541, 4.6606548 ], [ -74.1648761, 4.66051 ], [ -74.1646931, 4.6602687 ], [ -74.1645563, 4.6600702 ], [ -74.1644129, 4.6598521 ], [ -74.16437, 4.6597595 ], [ -74.1643222, 4.6597191 ], [ -74.1642534, 4.6596525 ], [ -74.1641014, 4.6599284 ], [ -74.1640923, 4.6599472 ], [ -74.1640728, 4.6600367 ], [ -74.1640666, 4.660093 ], [ -74.1640116, 4.6607155 ], [ -74.1640041, 4.6608214 ], [ -74.1640184, 4.660839 ], [ -74.1641171, 4.6610642 ], [ -74.1641937, 4.661598 ], [ -74.1642131, 4.661771 ], [ -74.164134, 4.6622518 ], [ -74.1639661, 4.6627549 ], [ -74.1639148, 4.662889 ], [ -74.1637953, 4.6631108 ], [ -74.1637266, 4.6632264 ], [ -74.1635881, 4.6634268 ], [ -74.1635087, 4.6635385 ], [ -74.1634018, 4.6636645 ], [ -74.1631742, 4.66389 ], [ -74.1630047, 4.6640145 ], [ -74.1628355, 4.6641225 ], [ -74.1626196, 4.6642441 ], [ -74.1622138, 4.6643844 ], [ -74.1622551, 4.6644862 ], [ -74.1622953, 4.664658 ], [ -74.1623133, 4.6648857 ], [ -74.1623202, 4.6650061 ], [ -74.1623129, 4.6652371 ], [ -74.1622895, 4.6654217 ], [ -74.1620746, 4.6659596 ], [ -74.1628449, 4.6660484 ], [ -74.1631337, 4.6660584 ], [ -74.1633703, 4.6660078 ], [ -74.1635787, 4.6660078 ], [ -74.164229, 4.6661101 ] ], [ [ -74.2425133, 4.6394771 ], [ -74.2429895, 4.6417875 ], [ -74.2433887, 4.6436868 ], [ -74.2436879, 4.645676 ], [ -74.2439027, 4.6453604 ], [ -74.2441074, 4.6452018 ], [ -74.2440782, 4.6449812 ], [ -74.2440722, 4.6449082 ], [ -74.2440519, 4.6448055 ], [ -74.2440434, 4.644784 ], [ -74.2440064, 4.6447107 ], [ -74.2439106, 4.6445093 ], [ -74.2438566, 4.6443756 ], [ -74.2437893, 4.644135 ], [ -74.2437484, 4.6438751 ], [ -74.2437595, 4.6434598 ], [ -74.2437726, 4.6430788 ], [ -74.2437921, 4.6428741 ], [ -74.243803, 4.6427876 ], [ -74.243821, 4.6425468 ], [ -74.2438313, 4.642201 ], [ -74.2438321, 4.642045 ], [ -74.2438287, 4.6419909 ], [ -74.243809, 4.6418391 ], [ -74.2437302, 4.6414019 ], [ -74.2436967, 4.6412086 ], [ -74.2436562, 4.6408961 ], [ -74.2436526, 4.6407721 ], [ -74.2436521, 4.6405334 ], [ -74.2436746, 4.6404118 ], [ -74.2436912, 4.6402655 ], [ -74.2437107, 4.6398904 ], [ -74.2437335, 4.639755 ], [ -74.2437604, 4.6396337 ], [ -74.2438352, 4.6393746 ], [ -74.2438495, 4.6392962 ], [ -74.2438295, 4.6392262 ], [ -74.2437775, 4.6391033 ], [ -74.2436853, 4.6390212 ], [ -74.2435107, 4.6389 ], [ -74.2433053, 4.6388274 ], [ -74.2430221, 4.6387039 ], [ -74.2426958, 4.638458 ], [ -74.2425742, 4.6383304 ], [ -74.2424769, 4.638223 ], [ -74.242301, 4.6380038 ], [ -74.2422768, 4.6379646 ], [ -74.2425133, 4.6394771 ] ], [ [ -74.2302828, 4.6350923 ], [ -74.2315952, 4.6351705 ], [ -74.2328877, 4.6351322 ], [ -74.2340531, 4.634948 ], [ -74.2352355, 4.634698 ], [ -74.2362788, 4.6344218 ], [ -74.2373301, 4.6342051 ], [ -74.2381105, 4.6340235 ], [ -74.2389597, 4.6338307 ], [ -74.2394687, 4.6337509 ], [ -74.2394597, 4.6337213 ], [ -74.2394381, 4.6334408 ], [ -74.2394497, 4.633282 ], [ -74.2394632, 4.6332057 ], [ -74.2393839, 4.6330621 ], [ -74.2393047, 4.6329073 ], [ -74.239218, 4.6325519 ], [ -74.2390403, 4.6326611 ], [ -74.2387336, 4.632783 ], [ -74.2382585, 4.6328975 ], [ -74.236455, 4.6328979 ], [ -74.2360229, 4.6330499 ], [ -74.2357205, 4.6331511 ], [ -74.2352441, 4.6332532 ], [ -74.2344234, 4.6333505 ], [ -74.2340683, 4.6333505 ], [ -74.2333815, 4.6332532 ], [ -74.2329272, 4.6331684 ], [ -74.230003, 4.6330785 ], [ -74.2295616, 4.6329904 ], [ -74.2292959, 4.6330574 ], [ -74.2290829, 4.6331341 ], [ -74.2288842, 4.6332175 ], [ -74.2287028, 4.6332972 ], [ -74.2285039, 4.6334049 ], [ -74.228185, 4.633497 ], [ -74.2281218, 4.6335295 ], [ -74.2280422, 4.6336033 ], [ -74.2278946, 4.6336966 ], [ -74.2278012, 4.63378 ], [ -74.2276225, 4.6339031 ], [ -74.2274493, 4.6340014 ], [ -74.2272923, 4.6340963 ], [ -74.2269882, 4.6342563 ], [ -74.2259238, 4.6342566 ], [ -74.2255705, 4.6341089 ], [ -74.2253753, 4.6339906 ], [ -74.2251117, 4.6338123 ], [ -74.2249164, 4.6336983 ], [ -74.2247708, 4.633558 ], [ -74.224696, 4.6334821 ], [ -74.2245668, 4.6333751 ], [ -74.224453, 4.633235 ], [ -74.2242315, 4.6329389 ], [ -74.2241806, 4.6328595 ], [ -74.22412, 4.6327861 ], [ -74.2239519, 4.6325652 ], [ -74.2237994, 4.6322892 ], [ -74.2237642, 4.6322411 ], [ -74.2236719, 4.6321309 ], [ -74.2235197, 4.6318749 ], [ -74.2234406, 4.6316746 ], [ -74.2234097, 4.6316122 ], [ -74.2232783, 4.6313683 ], [ -74.2232198, 4.631277 ], [ -74.2231532, 4.6311525 ], [ -74.2230341, 4.6308911 ], [ -74.2229483, 4.6307452 ], [ -74.2228916, 4.630658 ], [ -74.2228567, 4.6306005 ], [ -74.2227109, 4.6307181 ], [ -74.2225444, 4.630827 ], [ -74.2223897, 4.6309227 ], [ -74.2220433, 4.6311315 ], [ -74.2216606, 4.6312732 ], [ -74.2209826, 4.6312733 ], [ -74.2204187, 4.631169 ], [ -74.2200895, 4.6310726 ], [ -74.2197467, 4.6309804 ], [ -74.219443, 4.6308827 ], [ -74.2191501, 4.6307753 ], [ -74.2189667, 4.6306767 ], [ -74.2186019, 4.6305156 ], [ -74.2183673, 4.6304396 ], [ -74.218084, 4.6303696 ], [ -74.2174229, 4.6303697 ], [ -74.2174012, 4.6303897 ], [ -74.2173492, 4.6304481 ], [ -74.2173049, 4.6305041 ], [ -74.2172671, 4.6305636 ], [ -74.2172522, 4.6307563 ], [ -74.2172518, 4.630791 ], [ -74.2172788, 4.6310048 ], [ -74.2172846, 4.6310337 ], [ -74.2172879, 4.6310426 ], [ -74.2173676, 4.6311824 ], [ -74.2174759, 4.6313665 ], [ -74.2175195, 4.6314455 ], [ -74.2178571, 4.6319621 ], [ -74.2179682, 4.6321159 ], [ -74.2180917, 4.632264 ], [ -74.2182147, 4.6325987 ], [ -74.2182673, 4.6327076 ], [ -74.2182848, 4.6327308 ], [ -74.2183833, 4.6328347 ], [ -74.2184742, 4.6329742 ], [ -74.2185481, 4.6330964 ], [ -74.2186542, 4.6333214 ], [ -74.2187277, 4.6335141 ], [ -74.2187748, 4.6336274 ], [ -74.2188105, 4.6337551 ], [ -74.2188294, 4.6338283 ], [ -74.2194527, 4.634009 ], [ -74.2207389, 4.6343197 ], [ -74.2222733, 4.634654 ], [ -74.2238453, 4.6349329 ], [ -74.2254074, 4.6350577 ], [ -74.2267829, 4.6350662 ], [ -74.2280598, 4.6350517 ], [ -74.2290124, 4.6350382 ], [ -74.2302828, 4.6350923 ] ] ] } },
{ "type": "Feature", "properties": { "AREA": 2451838.3659104817, "PERIMETER": 10290.8425683, "USO_PROPUE": 45, "USO_PROP_1": 6268, "SIMBOLO_MA": "3", "DESC_MAPA": "Zona Agroforestera", "GRUPO": "Suelo de Desarrollo Rural", "SUB_GRUPO": "Zona de Desarrollo Agropecuario Con Restricciones", "SIMBOLO": "DA-cr", "CLAS_CIAF": "2b" }, "geometry": { "type": "Polygon", "coordinates": [ [ [ -74.2090556, 4.6923451 ], [ -74.2094262, 4.6956996 ], [ -74.2082369, 4.6958172 ], [ -74.2082772, 4.6971454 ], [ -74.2050416, 4.697397 ], [ -74.2050908, 4.6923853 ], [ -74.2049205, 4.6922697 ], [ -74.2049175, 4.6915812 ], [ -74.203646, 4.6858322 ], [ -74.2034454, 4.6853847 ], [ -74.2034999, 4.6833664 ], [ -74.2032862, 4.6792895 ], [ -74.202925, 4.6758897 ], [ -74.2033975, 4.6738286 ], [ -74.2042525, 4.6695009 ], [ -74.2043684, 4.6689582 ], [ -74.2066303, 4.6650396 ], [ -74.2068338, 4.6654574 ], [ -74.2064277, 4.6660918 ], [ -74.2050146, 4.6684433 ], [ -74.2047615, 4.6689859 ], [ -74.2047046, 4.6691668 ], [ -74.2039711, 4.6727841 ], [ -74.2073, 4.672874 ], [ -74.2075442, 4.6728739 ], [ -74.2095259, 4.6727831 ], [ -74.213001, 4.682549 ], [ -74.213055, 4.6828202 ], [ -74.2136005, 4.6863469 ], [ -74.2137872, 4.6864373 ], [ -74.2170161, 4.687974 ], [ -74.2170283, 4.6880644 ], [ -74.2148111, 4.6918354 ], [ -74.2144865, 4.6918182 ], [ -74.205189, 4.6918289 ], [ -74.205191, 4.6922809 ], [ -74.2090556, 4.6923451 ] ] ] } },
{ "type": "Feature", "properties": { "AREA": 273514.74094197154, "PERIMETER": 2228.6024231400002, "USO_PROPUE": 46, "USO_PROP_1": 6256, "SIMBOLO_MA": "18", "DESC_MAPA": "Uso Institucional", "GRUPO": "Suelo de Desarrollo Rural", "SUB_GRUPO": "Zonas de Actividad Institucional", "SIMBOLO": "A-INS", "CLAS_CIAF": "1a" }, "geometry": { "type": "Polygon", "coordinates": [ [ [ -74.2204195, 4.6941535 ], [ -74.2172499, 4.6967076 ], [ -74.2168187, 4.6965486 ], [ -74.2139737, 4.6967616 ], [ -74.2130096, 4.6968236 ], [ -74.2130092, 4.6951884 ], [ -74.2129945, 4.6941965 ], [ -74.2132854, 4.6935547 ], [ -74.2146031, 4.6922811 ], [ -74.2146241, 4.6928141 ], [ -74.2168328, 4.6927997 ], [ -74.2183105, 4.6931549 ], [ -74.2204195, 4.6941535 ] ] ] } },
{ "type": "Feature", "properties": { "AREA": 31339.816364377741, "PERIMETER": 1412.5966899499999, "USO_PROPUE": 47, "USO_PROP_1": 6247, "SIMBOLO_MA": null, "DESC_MAPA": "Malla Ambiental", "GRUPO": "Suelo de Protección y de Importancia Ambiental", "SUB_GRUPO": "Zonas de Recuperación Ambiental", "SIMBOLO": "RA", "CLAS_CIAF": "3a" }, "geometry": { "type": "Polygon", "coordinates": [ [ [ -74.1734085, 4.6964635 ], [ -74.1731609, 4.696494 ], [ -74.1731955, 4.6954 ], [ -74.1731995, 4.6953111 ], [ -74.1732175, 4.6950383 ], [ -74.1732185, 4.6949447 ], [ -74.1732179, 4.6946681 ], [ -74.1732074, 4.6945699 ], [ -74.1731271, 4.6941133 ], [ -74.1731059, 4.6940126 ], [ -74.1729483, 4.6936435 ], [ -74.1728341, 4.6933585 ], [ -74.1727413, 4.6932554 ], [ -74.1725665, 4.6930685 ], [ -74.1723269, 4.6928846 ], [ -74.1721222, 4.6927073 ], [ -74.1720301, 4.6926195 ], [ -74.1719481, 4.6925344 ], [ -74.1718883, 4.6924548 ], [ -74.1718031, 4.6922864 ], [ -74.1717419, 4.6921125 ], [ -74.1717166, 4.6920324 ], [ -74.1717003, 4.6918685 ], [ -74.1717188, 4.691594 ], [ -74.1717011, 4.69149 ], [ -74.1716342, 4.6912089 ], [ -74.1715592, 4.691027 ], [ -74.1715424, 4.6909636 ], [ -74.1720565, 4.6914918 ], [ -74.1721542, 4.6914918 ], [ -74.1721581, 4.6914887 ], [ -74.1721721, 4.6915708 ], [ -74.1721525, 4.6918612 ], [ -74.1721604, 4.6919406 ], [ -74.1722183, 4.6921081 ], [ -74.1722721, 4.6922146 ], [ -74.1722913, 4.69224 ], [ -74.1723474, 4.6922983 ], [ -74.1724257, 4.6923729 ], [ -74.1725182, 4.6924539 ], [ -74.1726102, 4.6925327 ], [ -74.1728699, 4.6927322 ], [ -74.1730729, 4.6929491 ], [ -74.1732225, 4.6931154 ], [ -74.1733642, 4.6934695 ], [ -74.1735377, 4.6938756 ], [ -74.1735696, 4.6940273 ], [ -74.1736538, 4.6945064 ], [ -74.1736685, 4.6946434 ], [ -74.1736692, 4.6949467 ], [ -74.173668, 4.6950557 ], [ -74.1736494, 4.6953362 ], [ -74.1736458, 4.6954173 ], [ -74.1736164, 4.6963467 ], [ -74.1734085, 4.6964635 ] ] ] } },
{ "type": "Feature", "properties": { "AREA": 791470.80482556357, "PERIMETER": 30901.657627100001, "USO_PROPUE": 48, "USO_PROP_1": 6246, "SIMBOLO_MA": "10", "DESC_MAPA": "Rondas De 50 m", "GRUPO": "Suelo de Protección y de Importancia Ambiental", "SUB_GRUPO": "Protección Hídrica", "SIMBOLO": "PH", "CLAS_CIAF": "3a" }, "geometry": { "type": "Polygon", "coordinates": [ [ [ -74.1729822, 4.6964387 ], [ -74.1728592, 4.6963975 ], [ -74.1726164, 4.696328 ], [ -74.1723032, 4.6963654 ], [ -74.1723651, 4.695929 ], [ -74.1724034, 4.6956334 ], [ -74.1723971, 4.6953486 ], [ -74.1724275, 4.695079 ], [ -74.1724179, 4.6948122 ], [ -74.1723418, 4.6943674 ], [ -74.1721666, 4.6940707 ], [ -74.1719237, 4.6938628 ], [ -74.1717187, 4.6936983 ], [ -74.1715553, 4.6935519 ], [ -74.1713694, 4.6933196 ], [ -74.1712409, 4.6930772 ], [ -74.1711541, 4.6927596 ], [ -74.1710741, 4.6924363 ], [ -74.1710165, 4.6920887 ], [ -74.1709816, 4.6918536 ], [ -74.1709055, 4.6915868 ], [ -74.1708441, 4.6913065 ], [ -74.1707314, 4.6909805 ], [ -74.1706159, 4.6906565 ], [ -74.170266, 4.6902214 ], [ -74.1700908, 4.6900208 ], [ -74.1699381, 4.6898343 ], [ -74.1696327, 4.6895201 ], [ -74.1693201, 4.6892992 ], [ -74.169061, 4.6891969 ], [ -74.1688091, 4.689085 ], [ -74.1681528, 4.6888743 ], [ -74.1678931, 4.6886392 ], [ -74.1676571, 4.6884104 ], [ -74.1675579, 4.6881865 ], [ -74.1676187, 4.6878299 ], [ -74.1679312, 4.6875151 ], [ -74.168107, 4.6873596 ], [ -74.1683357, 4.6872041 ], [ -74.1685267, 4.6870154 ], [ -74.1687784, 4.6867802 ], [ -74.1692898, 4.6863268 ], [ -74.1695185, 4.6861267 ], [ -74.1696937, 4.6859894 ], [ -74.1698773, 4.6857859 ], [ -74.170106, 4.6854603 ], [ -74.1702659, 4.6852495 ], [ -74.1703808, 4.6850369 ], [ -74.1705176, 4.6848244 ], [ -74.170663, 4.6845378 ], [ -74.1708539, 4.6843038 ], [ -74.1710673, 4.6840958 ], [ -74.1712961, 4.6838877 ], [ -74.1715862, 4.6837572 ], [ -74.1717844, 4.6836198 ], [ -74.1720745, 4.6834745 ], [ -74.172471, 4.6832733 ], [ -74.1727076, 4.6831658 ], [ -74.1729211, 4.6830743 ], [ -74.1732568, 4.6828374 ], [ -74.1735469, 4.6825633 ], [ -74.173753, 4.6823078 ], [ -74.17386, 4.6820172 ], [ -74.1739512, 4.6816311 ], [ -74.1739816, 4.6814141 ], [ -74.1740351, 4.681096 ], [ -74.1741037, 4.6807297 ], [ -74.174142, 4.6803589 ], [ -74.1741955, 4.6799164 ], [ -74.1742337, 4.6796524 ], [ -74.1742945, 4.679276 ], [ -74.1743406, 4.6790318 ], [ -74.174455, 4.6787028 ], [ -74.1745388, 4.6783971 ], [ -74.1745996, 4.6781693 ], [ -74.1746611, 4.6779494 ], [ -74.1747675, 4.6776917 ], [ -74.1748666, 4.6774667 ], [ -74.1749432, 4.6770875 ], [ -74.1749127, 4.676832 ], [ -74.1747904, 4.6765721 ], [ -74.1743482, 4.6763347 ], [ -74.1740885, 4.6762313 ], [ -74.1738445, 4.6761087 ], [ -74.172906, 4.6754465 ], [ -74.172204, 4.6749113 ], [ -74.1719674, 4.6747423 ], [ -74.1717308, 4.6745514 ], [ -74.1715252, 4.6744818 ], [ -74.171403, 4.6742332 ], [ -74.1714869, 4.6739619 ], [ -74.1714868, 4.6734052 ], [ -74.1715177, 4.6729304 ], [ -74.1714338, 4.6724941 ], [ -74.1712731, 4.6721369 ], [ -74.1710061, 4.6716125 ], [ -74.1708764, 4.6713977 ], [ -74.1706933, 4.6710496 ], [ -74.1704725, 4.6706703 ], [ -74.1704572, 4.6704188 ], [ -74.1704493, 4.6701921 ], [ -74.170358, 4.6699316 ], [ -74.1702127, 4.6696394 ], [ -74.1700374, 4.6692958 ], [ -74.1698391, 4.6690715 ], [ -74.1696025, 4.6689353 ], [ -74.1694042, 4.6688387 ], [ -74.1691676, 4.6687144 ], [ -74.168824, 4.668607 ], [ -74.1685192, 4.6685528 ], [ -74.168237, 4.668511 ], [ -74.1679165, 4.6684681 ], [ -74.1673898, 4.6683314 ], [ -74.1671532, 4.6683105 ], [ -74.1668637, 4.6683359 ], [ -74.1666192, 4.6682558 ], [ -74.1663978, 4.668232 ], [ -74.1661843, 4.6681903 ], [ -74.165963, 4.6681145 ], [ -74.1656733, 4.6679365 ], [ -74.1653072, 4.6677574 ], [ -74.1648796, 4.6676325 ], [ -74.1644752, 4.6674156 ], [ -74.1642234, 4.6673517 ], [ -74.163949, 4.6672647 ], [ -74.1635981, 4.667223 ], [ -74.1632472, 4.6671681 ], [ -74.1622017, 4.667144 ], [ -74.1616294, 4.6671441 ], [ -74.1612328, 4.6671186 ], [ -74.1609275, 4.6670854 ], [ -74.1606756, 4.6670181 ], [ -74.160439, 4.6668684 ], [ -74.160439, 4.6664705 ], [ -74.1606069, 4.6661013 ], [ -74.1607826, 4.6658119 ], [ -74.16092, 4.6656181 ], [ -74.1610191, 4.6652225 ], [ -74.1610574, 4.6648834 ], [ -74.1609351, 4.6646262 ], [ -74.1607368, 4.6644538 ], [ -74.1604242, 4.6643454 ], [ -74.1602028, 4.6642821 ], [ -74.1599966, 4.6642166 ], [ -74.1596839, 4.6641149 ], [ -74.1594322, 4.664029 ], [ -74.1588598, 4.6638595 ], [ -74.1586542, 4.6637646 ], [ -74.158448, 4.6635702 ], [ -74.1583184, 4.6633243 ], [ -74.1583561, 4.6631101 ], [ -74.1584783, 4.6629201 ], [ -74.1592112, 4.6626143 ], [ -74.1595542, 4.6625781 ], [ -74.159882, 4.6625504 ], [ -74.1602177, 4.6626278 ], [ -74.1604318, 4.6627029 ], [ -74.1608436, 4.6629007 ], [ -74.1611563, 4.6630567 ], [ -74.1615303, 4.6631803 ], [ -74.1618125, 4.6632696 ], [ -74.1620491, 4.6632917 ], [ -74.162377, 4.6631809 ], [ -74.1625831, 4.6629812 ], [ -74.1627436, 4.6627089 ], [ -74.1628427, 4.6623873 ], [ -74.1629114, 4.6620849 ], [ -74.1629034, 4.6617452 ], [ -74.1629034, 4.6614004 ], [ -74.1628425, 4.660651 ], [ -74.1628734, 4.660131 ], [ -74.1629494, 4.6596992 ], [ -74.1631707, 4.6591566 ], [ -74.1633081, 4.6589237 ], [ -74.1634456, 4.6587445 ], [ -74.163743, 4.6586043 ], [ -74.1639565, 4.6585489 ], [ -74.1642009, 4.6585319 ], [ -74.1644983, 4.6586421 ], [ -74.1647271, 4.658776 ], [ -74.1649558, 4.658945 ], [ -74.1652307, 4.6591648 ], [ -74.1654369, 4.6595028 ], [ -74.1656425, 4.6597559 ], [ -74.1659557, 4.6598888 ], [ -74.1662532, 4.6598661 ], [ -74.1664745, 4.6597434 ], [ -74.1666576, 4.6593624 ], [ -74.1666649, 4.659094 ], [ -74.1666653, 4.6586633 ], [ -74.1666878, 4.6583333 ], [ -74.166734, 4.6579218 ], [ -74.1668787, 4.6576589 ], [ -74.1669626, 4.6574164 ], [ -74.1670234, 4.6572006 ], [ -74.1671918, 4.6568117 ], [ -74.1673062, 4.6565811 ], [ -74.1676339, 4.6563934 ], [ -74.168031, 4.6562842 ], [ -74.1685724, 4.6562118 ], [ -74.1691295, 4.6562287 ], [ -74.1694421, 4.6562965 ], [ -74.1696866, 4.6563897 ], [ -74.1699919, 4.6566056 ], [ -74.1702358, 4.6567712 ], [ -74.1707011, 4.6571012 ], [ -74.1710217, 4.6572815 ], [ -74.1712431, 4.657338 ], [ -74.1716475, 4.657408 ], [ -74.1718993, 4.6573989 ], [ -74.172204, 4.6572677 ], [ -74.1725476, 4.6569806 ], [ -74.1733868, 4.6563972 ], [ -74.1739974, 4.6559297 ], [ -74.1742869, 4.6556239 ], [ -74.1744626, 4.6554046 ], [ -74.1746383, 4.6551022 ], [ -74.1748591, 4.6548529 ], [ -74.1751114, 4.6546827 ], [ -74.1757215, 4.6546629 ], [ -74.1761794, 4.654803 ], [ -74.1764386, 4.654847 ], [ -74.1766678, 4.6548187 ], [ -74.1770947, 4.6546401 ], [ -74.1773848, 4.6544354 ], [ -74.1775983, 4.6542799 ], [ -74.1777661, 4.6541206 ], [ -74.1779491, 4.6539317 ], [ -74.1781322, 4.653765 ], [ -74.1783997, 4.6535864 ], [ -74.1787962, 4.6533648 ], [ -74.1790936, 4.6532172 ], [ -74.1796125, 4.6529532 ], [ -74.1797955, 4.6528101 ], [ -74.1801159, 4.65261 ], [ -74.18033, 4.6524105 ], [ -74.1805434, 4.6521324 ], [ -74.1807878, 4.6515881 ], [ -74.1809021, 4.6513422 ], [ -74.1810317, 4.6510771 ], [ -74.1811691, 4.6508844 ], [ -74.1813369, 4.6506221 ], [ -74.1815126, 4.6503909 ], [ -74.18165, 4.6502129 ], [ -74.181833, 4.6499703 ], [ -74.1819778, 4.6497623 ], [ -74.1822752, 4.6493508 ], [ -74.1824357, 4.6491434 ], [ -74.1826034, 4.6489603 ], [ -74.1827792, 4.6487907 ], [ -74.182947, 4.6486425 ], [ -74.1831526, 4.6484854 ], [ -74.1833892, 4.6483232 ], [ -74.1835953, 4.6481643 ], [ -74.1837862, 4.6480066 ], [ -74.1839541, 4.6478647 ], [ -74.1841676, 4.6476872 ], [ -74.184381, 4.64753 ], [ -74.184595, 4.6473661 ], [ -74.1848006, 4.6472208 ], [ -74.1850147, 4.6471021 ], [ -74.1852816, 4.6469918 ], [ -74.1855334, 4.6469313 ], [ -74.1858844, 4.6471105 ], [ -74.1859836, 4.6474202 ], [ -74.185907, 4.6478023 ], [ -74.1857319, 4.6481437 ], [ -74.1851287, 4.6490763 ], [ -74.1849242, 4.6492448 ], [ -74.1847818, 4.6494302 ], [ -74.1846393, 4.6496704 ], [ -74.1844563, 4.6499292 ], [ -74.1843363, 4.6501525 ], [ -74.1842394, 4.650382 ], [ -74.1840908, 4.6507602 ], [ -74.1839939, 4.6509546 ], [ -74.1838059, 4.6513791 ], [ -74.1835373, 4.6519692 ], [ -74.1834004, 4.6521817 ], [ -74.1831892, 4.6523762 ], [ -74.1830693, 4.6525887 ], [ -74.1831093, 4.6528532 ], [ -74.1832867, 4.6530419 ], [ -74.1836242, 4.6531278 ], [ -74.1840185, 4.6530481 ], [ -74.1842585, 4.6529277 ], [ -74.1847552, 4.6526518 ], [ -74.1849382, 4.6525036 ], [ -74.1851151, 4.6523425 ], [ -74.1853038, 4.6521933 ], [ -74.1854981, 4.6520571 ], [ -74.1856981, 4.6519248 ], [ -74.185938, 4.6517586 ], [ -74.1861605, 4.651684 ], [ -74.1864747, 4.6516443 ], [ -74.1867265, 4.6515465 ], [ -74.1870921, 4.6516838 ], [ -74.1873665, 4.6518675 ], [ -74.1877157, 4.6520058 ], [ -74.1880014, 4.652172 ], [ -74.1883101, 4.6523901 ], [ -74.1886932, 4.6526884 ], [ -74.1890706, 4.6529473 ], [ -74.189368, 4.6532163 ], [ -74.1898199, 4.653531 ], [ -74.1900943, 4.6537384 ], [ -74.1905347, 4.6540141 ], [ -74.1908316, 4.6542198 ], [ -74.1910547, 4.654369 ], [ -74.1917296, 4.654834 ], [ -74.1919814, 4.6549199 ], [ -74.1921414, 4.6551036 ], [ -74.1924671, 4.6552182 ], [ -74.1927188, 4.6552527 ], [ -74.1930044, 4.6552814 ], [ -74.19329, 4.6552814 ], [ -74.193593, 4.6552707 ], [ -74.1939727, 4.6552163 ], [ -74.1941923, 4.6551033 ], [ -74.1944047, 4.6549608 ], [ -74.1946328, 4.6547205 ], [ -74.1947983, 4.6543531 ], [ -74.1949014, 4.6540202 ], [ -74.1949926, 4.6537919 ], [ -74.1952549, 4.6530463 ], [ -74.1953631, 4.6527541 ], [ -74.1957229, 4.6521979 ], [ -74.1958541, 4.6519458 ], [ -74.1959915, 4.6516536 ], [ -74.196134, 4.6514292 ], [ -74.1964195, 4.6511426 ], [ -74.196825, 4.6506904 ], [ -74.1971393, 4.6504614 ], [ -74.1974593, 4.6503009 ], [ -74.1977735, 4.6501629 ], [ -74.1982021, 4.6498999 ], [ -74.1986707, 4.6497332 ], [ -74.1990763, 4.6495099 ], [ -74.1994649, 4.6492402 ], [ -74.1998417, 4.6491316 ], [ -74.2003104, 4.6490405 ], [ -74.2005847, 4.6489201 ], [ -74.2008933, 4.6487364 ], [ -74.2012701, 4.6485481 ], [ -74.2014588, 4.64837 ], [ -74.2016475, 4.6481637 ], [ -74.2019611, 4.6477742 ], [ -74.2022354, 4.6474187 ], [ -74.2023784, 4.647218 ], [ -74.2027096, 4.6468794 ], [ -74.2030007, 4.6464566 ], [ -74.2030975, 4.6461808 ], [ -74.2032924, 4.6457919 ], [ -74.203436, 4.6455816 ], [ -74.2038179, 4.6455363 ], [ -74.2042353, 4.6456131 ], [ -74.2045023, 4.6458024 ], [ -74.204797, 4.64602 ], [ -74.2050927, 4.6461872 ], [ -74.2057203, 4.6466477 ], [ -74.2059378, 4.6467426 ], [ -74.2061969, 4.646802 ], [ -74.2064245, 4.6468499 ], [ -74.2066751, 4.646829 ], [ -74.2069083, 4.6467295 ], [ -74.2070564, 4.6465615 ], [ -74.2072158, 4.6464061 ], [ -74.2073126, 4.6461755 ], [ -74.2073306, 4.6459104 ], [ -74.2072815, 4.6456843 ], [ -74.2070156, 4.6452238 ], [ -74.2068465, 4.6448468 ], [ -74.2066572, 4.6446248 ], [ -74.2064792, 4.6443902 ], [ -74.2062944, 4.6440522 ], [ -74.2061005, 4.6438246 ], [ -74.2059535, 4.643581 ], [ -74.2058278, 4.6432978 ], [ -74.2056932, 4.6429791 ], [ -74.2056171, 4.642753 ], [ -74.2056582, 4.6425184 ], [ -74.2059301, 4.641804 ], [ -74.2061109, 4.6415751 ], [ -74.2062742, 4.6414191 ], [ -74.2066414, 4.6411409 ], [ -74.206887, 4.640999 ], [ -74.2071557, 4.640904 ], [ -74.2074367, 4.6408146 ], [ -74.2076823, 4.6408044 ], [ -74.2080389, 4.6407456 ], [ -74.2082602, 4.6407631 ], [ -74.2088483, 4.6407726 ], [ -74.2095039, 4.6408267 ], [ -74.2099828, 4.640899 ], [ -74.2104768, 4.6409803 ], [ -74.2109888, 4.6409802 ], [ -74.2114315, 4.640953 ], [ -74.2117323, 4.6410066 ], [ -74.2121001, 4.6409545 ], [ -74.212442, 4.6408578 ], [ -74.2127834, 4.6407548 ], [ -74.2128138, 4.6407483 ], [ -74.2127187, 4.6407793 ], [ -74.2125979, 4.640871 ], [ -74.2123764, 4.6409549 ], [ -74.2120161, 4.6410416 ], [ -74.2075967, 4.6410424 ], [ -74.2072935, 4.6411375 ], [ -74.2070347, 4.6412304 ], [ -74.206844, 4.6413249 ], [ -74.2066881, 4.6414196 ], [ -74.2065601, 4.6415151 ], [ -74.2064556, 4.6416098 ], [ -74.2063625, 4.641702 ], [ -74.2061753, 4.6418916 ], [ -74.206115, 4.6419967 ], [ -74.2060718, 4.642097 ], [ -74.2060423, 4.6421975 ], [ -74.2060239, 4.6423015 ], [ -74.2060257, 4.6424039 ], [ -74.2060351, 4.6425091 ], [ -74.2061355, 4.6427903 ], [ -74.2061635, 4.6428749 ], [ -74.2061823, 4.6429645 ], [ -74.2062422, 4.6431568 ], [ -74.2062926, 4.6432556 ], [ -74.2063429, 4.643346 ], [ -74.2064318, 4.6435226 ], [ -74.2065095, 4.6437005 ], [ -74.2065876, 4.6438863 ], [ -74.2066442, 4.6439856 ], [ -74.20678, 4.644172 ], [ -74.2068541, 4.6442654 ], [ -74.2069334, 4.6443567 ], [ -74.2070076, 4.6444458 ], [ -74.2070784, 4.6445338 ], [ -74.2071395, 4.6446185 ], [ -74.2071897, 4.6447057 ], [ -74.2073022, 4.6448917 ], [ -74.2073736, 4.6449845 ], [ -74.2074353, 4.6450728 ], [ -74.2076749, 4.6454247 ], [ -74.2077014, 4.6454972 ], [ -74.2077319, 4.6456659 ], [ -74.2077448, 4.6458324 ], [ -74.2077219, 4.6459991 ], [ -74.2077014, 4.6460835 ], [ -74.2076293, 4.6463429 ], [ -74.2075355, 4.6465094 ], [ -74.2074747, 4.6465923 ], [ -74.2073999, 4.6466775 ], [ -74.2072247, 4.6468522 ], [ -74.2071142, 4.6469377 ], [ -74.2069916, 4.6470218 ], [ -74.2068093, 4.6471014 ], [ -74.2059869, 4.6471015 ], [ -74.2057581, 4.6470181 ], [ -74.2055767, 4.6469307 ], [ -74.2054182, 4.6468438 ], [ -74.2051656, 4.6466669 ], [ -74.204937, 4.6464922 ], [ -74.2048581, 4.646405 ], [ -74.2047575, 4.6463114 ], [ -74.2045541, 4.6461288 ], [ -74.2043275, 4.6459419 ], [ -74.204161, 4.6458464 ], [ -74.2039574, 4.6457454 ], [ -74.2038043, 4.6457454 ], [ -74.2037092, 4.6458846 ], [ -74.2036375, 4.6460798 ], [ -74.2036117, 4.6461793 ], [ -74.2035852, 4.6463528 ], [ -74.2035101, 4.6465181 ], [ -74.2034139, 4.6466906 ], [ -74.2032843, 4.6468622 ], [ -74.2032022, 4.6469477 ], [ -74.2027374, 4.6474013 ], [ -74.2025727, 4.6475873 ], [ -74.2025023, 4.647681 ], [ -74.2023053, 4.6479501 ], [ -74.202232, 4.6480355 ], [ -74.2021429, 4.6481257 ], [ -74.2019845, 4.648308 ], [ -74.2019038, 4.6483967 ], [ -74.2017326, 4.6485743 ], [ -74.2016347, 4.6486621 ], [ -74.2015332, 4.6487501 ], [ -74.2014169, 4.6488384 ], [ -74.2010518, 4.6491084 ], [ -74.2009236, 4.6491957 ], [ -74.200612, 4.6493714 ], [ -74.2003801, 4.6494587 ], [ -74.1998282, 4.6496396 ], [ -74.1995799, 4.649731 ], [ -74.1993465, 4.6498231 ], [ -74.1991587, 4.6499146 ], [ -74.1989629, 4.6500036 ], [ -74.1987369, 4.6500935 ], [ -74.1985137, 4.6501845 ], [ -74.1983082, 4.650275 ], [ -74.1980848, 4.6503662 ], [ -74.19789, 4.6504615 ], [ -74.1977611, 4.6505559 ], [ -74.1975026, 4.6507336 ], [ -74.1973449, 4.6508213 ], [ -74.1971625, 4.6509156 ], [ -74.1969324, 4.6511059 ], [ -74.1968398, 4.6512023 ], [ -74.1966811, 4.6513919 ], [ -74.1965753, 4.6515781 ], [ -74.196461, 4.6517605 ], [ -74.1962209, 4.6522187 ], [ -74.1961422, 4.652404 ], [ -74.1961069, 4.652492 ], [ -74.1960224, 4.6526635 ], [ -74.1959042, 4.6528315 ], [ -74.1958131, 4.6529192 ], [ -74.1957257, 4.6530225 ], [ -74.1956783, 4.6531253 ], [ -74.1955239, 4.6534867 ], [ -74.1954367, 4.6536675 ], [ -74.1953613, 4.6538521 ], [ -74.195256, 4.6541248 ], [ -74.1951891, 4.6543052 ], [ -74.1951161, 4.6544887 ], [ -74.1950883, 4.6545805 ], [ -74.1950258, 4.6547535 ], [ -74.1949376, 4.6549236 ], [ -74.1948141, 4.6550983 ], [ -74.1946885, 4.6552654 ], [ -74.1944245, 4.6554373 ], [ -74.1942897, 4.6555221 ], [ -74.194055, 4.6556059 ], [ -74.1933253, 4.6556945 ], [ -74.1925649, 4.6556947 ], [ -74.1922335, 4.6556081 ], [ -74.1919865, 4.6555229 ], [ -74.1918686, 4.6554407 ], [ -74.1917521, 4.6553526 ], [ -74.1912081, 4.6549002 ], [ -74.1910838, 4.654808 ], [ -74.1905863, 4.6544457 ], [ -74.1904533, 4.6543534 ], [ -74.1903042, 4.65426 ], [ -74.1901304, 4.6541694 ], [ -74.1898425, 4.6539923 ], [ -74.189724, 4.6539047 ], [ -74.1894939, 4.6537265 ], [ -74.1893943, 4.6536371 ], [ -74.189173, 4.6534535 ], [ -74.1889213, 4.6532702 ], [ -74.1886628, 4.6530894 ], [ -74.188536, 4.6529984 ], [ -74.1883979, 4.6529063 ], [ -74.1882447, 4.6528112 ], [ -74.1878198, 4.6526349 ], [ -74.187567, 4.652371 ], [ -74.1874271, 4.6522724 ], [ -74.1870747, 4.6520838 ], [ -74.1867027, 4.6519879 ], [ -74.1866416, 4.6519879 ], [ -74.1862001, 4.6520836 ], [ -74.1860305, 4.6521858 ], [ -74.1858177, 4.6523711 ], [ -74.1857117, 4.6524587 ], [ -74.1854611, 4.6526366 ], [ -74.1853207, 4.6527279 ], [ -74.1852029, 4.6528174 ], [ -74.184754, 4.6530857 ], [ -74.1845983, 4.6531754 ], [ -74.1844365, 4.6532647 ], [ -74.1842622, 4.6533531 ], [ -74.1840557, 4.6534415 ], [ -74.1838246, 4.6535257 ], [ -74.1833085, 4.6535257 ], [ -74.1831, 4.6534507 ], [ -74.1829923, 4.6532902 ], [ -74.1829178, 4.6532025 ], [ -74.1828737, 4.6531239 ], [ -74.1827993, 4.6529518 ], [ -74.1827769, 4.652879 ], [ -74.1827759, 4.6526453 ], [ -74.1828139, 4.6525785 ], [ -74.182872, 4.6524901 ], [ -74.1830479, 4.6522159 ], [ -74.1831547, 4.6520262 ], [ -74.1832549, 4.6517448 ], [ -74.1832798, 4.6516577 ], [ -74.1833156, 4.6515771 ], [ -74.1834175, 4.6513973 ], [ -74.1835048, 4.6512137 ], [ -74.184158, 4.6498586 ], [ -74.1842034, 4.6497711 ], [ -74.1843612, 4.649499 ], [ -74.1844516, 4.6493143 ], [ -74.1845767, 4.649044 ], [ -74.1847151, 4.6487775 ], [ -74.1850448, 4.6482428 ], [ -74.1851114, 4.6481612 ], [ -74.1852033, 4.6480731 ], [ -74.1852973, 4.6479739 ], [ -74.1853558, 4.6478765 ], [ -74.1854177, 4.6477821 ], [ -74.1855227, 4.647557 ], [ -74.1852264, 4.647557 ], [ -74.1850605, 4.6476632 ], [ -74.1849346, 4.6477557 ], [ -74.1846942, 4.6479365 ], [ -74.184571, 4.6480263 ], [ -74.1844457, 4.6481158 ], [ -74.1841771, 4.6482952 ], [ -74.1838958, 4.6484733 ], [ -74.183543, 4.648655 ], [ -74.1834028, 4.6487509 ], [ -74.1832879, 4.6488456 ], [ -74.1831891, 4.6489372 ], [ -74.182985, 4.6491196 ], [ -74.1828008, 4.6493079 ], [ -74.1827288, 4.6494108 ], [ -74.1826426, 4.6495946 ], [ -74.1825933, 4.6496765 ], [ -74.1823865, 4.6499457 ], [ -74.1818161, 4.6507621 ], [ -74.1816925, 4.6509498 ], [ -74.1815646, 4.6512281 ], [ -74.1814842, 4.6514119 ], [ -74.1814498, 4.6515031 ], [ -74.1813765, 4.6516799 ], [ -74.1813327, 4.6517688 ], [ -74.1812887, 4.6518639 ], [ -74.1812252, 4.6520418 ], [ -74.1811323, 4.6522113 ], [ -74.1809399, 4.6524743 ], [ -74.180863, 4.6525606 ], [ -74.180696, 4.6527384 ], [ -74.1806039, 4.6528239 ], [ -74.1803737, 4.6530013 ], [ -74.1802532, 4.6530878 ], [ -74.1799273, 4.6532673 ], [ -74.17978, 4.65336 ], [ -74.1795107, 4.6535425 ], [ -74.1793833, 4.6536341 ], [ -74.1791396, 4.6538162 ], [ -74.1790288, 4.6539035 ], [ -74.17888, 4.6539905 ], [ -74.1783982, 4.6542641 ], [ -74.178264, 4.6543617 ], [ -74.1780806, 4.654545 ], [ -74.1779786, 4.6546317 ], [ -74.177747, 4.6548098 ], [ -74.1774892, 4.6549857 ], [ -74.1773167, 4.6550727 ], [ -74.1771256, 4.6551589 ], [ -74.1767779, 4.6552448 ], [ -74.1762633, 4.6552449 ], [ -74.1759737, 4.6551631 ], [ -74.1758688, 4.6550762 ], [ -74.1756891, 4.655001 ], [ -74.175509, 4.6550747 ], [ -74.1752433, 4.655262 ], [ -74.1751131, 4.6553574 ], [ -74.1747611, 4.6557211 ], [ -74.1746531, 4.6558106 ], [ -74.1742805, 4.6561708 ], [ -74.1740406, 4.6563501 ], [ -74.1737211, 4.6566251 ], [ -74.1735329, 4.6568062 ], [ -74.1734325, 4.6568939 ], [ -74.1730946, 4.6571627 ], [ -74.1729761, 4.657249 ], [ -74.1725022, 4.657516 ], [ -74.1723143, 4.6576029 ], [ -74.1720546, 4.6576903 ], [ -74.171665, 4.657779 ], [ -74.1713018, 4.6578294 ], [ -74.171121, 4.6578363 ], [ -74.1709759, 4.6577847 ], [ -74.1706241, 4.6576087 ], [ -74.1704949, 4.6575236 ], [ -74.170275, 4.6573472 ], [ -74.1701763, 4.6572573 ], [ -74.1700637, 4.6571635 ], [ -74.1699337, 4.6570703 ], [ -74.1696546, 4.6568852 ], [ -74.1694552, 4.6567884 ], [ -74.1691038, 4.6566946 ], [ -74.1687484, 4.6566385 ], [ -74.1685269, 4.6566358 ], [ -74.1682771, 4.6566955 ], [ -74.167894, 4.6567959 ], [ -74.1678222, 4.6569233 ], [ -74.1677398, 4.6571072 ], [ -74.1676556, 4.657289 ], [ -74.1675767, 4.6574699 ], [ -74.1674518, 4.6577422 ], [ -74.1674123, 4.6578418 ], [ -74.1673096, 4.658303 ], [ -74.1672763, 4.6584937 ], [ -74.1672758, 4.6587695 ], [ -74.1672573, 4.6590394 ], [ -74.1672509, 4.6592178 ], [ -74.1672296, 4.6593911 ], [ -74.1671931, 4.6595663 ], [ -74.1671498, 4.6597362 ], [ -74.1671142, 4.6598093 ], [ -74.1669113, 4.6600636 ], [ -74.1666835, 4.6602317 ], [ -74.1664999, 4.6603144 ], [ -74.1662592, 4.660367 ], [ -74.1658905, 4.6603694 ], [ -74.1657509, 4.6603169 ], [ -74.165553, 4.6602309 ], [ -74.1654323, 4.6601475 ], [ -74.1653323, 4.6600662 ], [ -74.1652027, 4.6598954 ], [ -74.1650801, 4.6597175 ], [ -74.1649654, 4.6595428 ], [ -74.1649245, 4.6594545 ], [ -74.1648612, 4.6593469 ], [ -74.1647448, 4.6592485 ], [ -74.1646565, 4.6591632 ], [ -74.1645742, 4.6590672 ], [ -74.1644245, 4.6589628 ], [ -74.1642475, 4.6589036 ], [ -74.16411, 4.658901 ], [ -74.164023, 4.6589732 ], [ -74.1638991, 4.6590643 ], [ -74.1637791, 4.6591691 ], [ -74.163725, 4.659279 ], [ -74.1636896, 4.6593676 ], [ -74.1635417, 4.6596358 ], [ -74.163492, 4.6597382 ], [ -74.1634494, 4.6599343 ], [ -74.1634388, 4.6600304 ], [ -74.1633827, 4.6606652 ], [ -74.1633623, 4.6609534 ], [ -74.1633981, 4.6610769 ], [ -74.1634752, 4.6611721 ], [ -74.163505, 4.66124 ], [ -74.1635679, 4.6616786 ], [ -74.1635765, 4.6617553 ], [ -74.1635203, 4.6620971 ], [ -74.1633722, 4.6625408 ], [ -74.1633404, 4.662624 ], [ -74.1632467, 4.662798 ], [ -74.1631954, 4.6628843 ], [ -74.1630726, 4.6630619 ], [ -74.1630108, 4.6631488 ], [ -74.1629391, 4.6632333 ], [ -74.1627641, 4.6634068 ], [ -74.1626486, 4.6634915 ], [ -74.1625115, 4.663579 ], [ -74.1623601, 4.6636643 ], [ -74.1619834, 4.6637944 ], [ -74.1618034, 4.663796 ], [ -74.1617255, 4.6637524 ], [ -74.1613311, 4.6636608 ], [ -74.1611287, 4.6635779 ], [ -74.1610223, 4.6634943 ], [ -74.1608951, 4.6634011 ], [ -74.1607434, 4.663306 ], [ -74.1605435, 4.6632122 ], [ -74.1603115, 4.6631182 ], [ -74.1599072, 4.6630257 ], [ -74.1595518, 4.6629655 ], [ -74.1591993, 4.6629684 ], [ -74.1590365, 4.6630563 ], [ -74.1590089, 4.6632418 ], [ -74.1591678, 4.6633749 ], [ -74.1594329, 4.6634716 ], [ -74.1597358, 4.6635623 ], [ -74.1599987, 4.6636519 ], [ -74.1604933, 4.6638325 ], [ -74.1607535, 4.663923 ], [ -74.1609991, 4.6640117 ], [ -74.161181, 4.6640994 ], [ -74.1613349, 4.6641797 ], [ -74.1615857, 4.6645156 ], [ -74.1616522, 4.6646791 ], [ -74.1616702, 4.6647559 ], [ -74.1616838, 4.664929 ], [ -74.1616888, 4.6650144 ], [ -74.1616833, 4.6651869 ], [ -74.1616738, 4.6652617 ], [ -74.1614987, 4.665701 ], [ -74.1614204, 4.665872 ], [ -74.1613595, 4.6659576 ], [ -74.1613004, 4.6660518 ], [ -74.1611952, 4.6662354 ], [ -74.161089, 4.6664344 ], [ -74.1616604, 4.6665496 ], [ -74.1624586, 4.6666403 ], [ -74.1627971, 4.6666801 ], [ -74.1631894, 4.6666938 ], [ -74.1634369, 4.6666408 ], [ -74.1635296, 4.6666408 ], [ -74.1640913, 4.6667291 ], [ -74.1643909, 4.6668168 ], [ -74.1648468, 4.6669968 ], [ -74.1651124, 4.6670877 ], [ -74.1653589, 4.6671764 ], [ -74.1655446, 4.6672635 ], [ -74.1657109, 4.6673581 ], [ -74.1660681, 4.6674506 ], [ -74.1663268, 4.6675396 ], [ -74.1668215, 4.6677191 ], [ -74.1670235, 4.6678086 ], [ -74.1672544, 4.6679048 ], [ -74.1682699, 4.667996 ], [ -74.1687995, 4.6680851 ], [ -74.1691301, 4.6681739 ], [ -74.1694196, 4.6682643 ], [ -74.1697503, 4.6683524 ], [ -74.1700677, 4.6685245 ], [ -74.1701735, 4.6686076 ], [ -74.1702593, 4.6686891 ], [ -74.1703164, 4.6687693 ], [ -74.1704762, 4.6690383 ], [ -74.1705335, 4.6691307 ], [ -74.1705958, 4.6692233 ], [ -74.1707225, 4.6694017 ], [ -74.1707703, 4.6694858 ], [ -74.1708132, 4.6695723 ], [ -74.1708504, 4.6696556 ], [ -74.170875, 4.6697384 ], [ -74.1708964, 4.6698243 ], [ -74.1709323, 4.6700102 ], [ -74.1709679, 4.6701082 ], [ -74.1709999, 4.6701902 ], [ -74.1710119, 4.6702693 ], [ -74.1710221, 4.6703542 ], [ -74.1710269, 4.6705282 ], [ -74.1710238, 4.670625 ], [ -74.1710432, 4.6707395 ], [ -74.1711019, 4.6708461 ], [ -74.1711595, 4.6709356 ], [ -74.1712026, 4.6710187 ], [ -74.1712767, 4.6711987 ], [ -74.1715012, 4.6716553 ], [ -74.1716038, 4.6718426 ], [ -74.1717345, 4.6720254 ], [ -74.1717884, 4.6721125 ], [ -74.1718387, 4.6721976 ], [ -74.1719153, 4.6723695 ], [ -74.1719412, 4.6724489 ], [ -74.1719699, 4.672622 ], [ -74.1719815, 4.6727031 ], [ -74.1719741, 4.6728735 ], [ -74.1719662, 4.6729645 ], [ -74.1719603, 4.6731429 ], [ -74.1719098, 4.6735045 ], [ -74.1719062, 4.6736038 ], [ -74.1719167, 4.6737853 ], [ -74.1719145, 4.6738792 ], [ -74.1719289, 4.6739867 ], [ -74.1719781, 4.674119 ], [ -74.1721774, 4.6742239 ], [ -74.1724665, 4.6744049 ], [ -74.1726345, 4.6744921 ], [ -74.1728406, 4.6746695 ], [ -74.1729781, 4.6747638 ], [ -74.1731239, 4.6748537 ], [ -74.1732444, 4.6749405 ], [ -74.1736805, 4.6752993 ], [ -74.1738857, 4.6754811 ], [ -74.174008, 4.6755748 ], [ -74.174145, 4.6756701 ], [ -74.1745225, 4.6758585 ], [ -74.174903, 4.6759487 ], [ -74.1750606, 4.6760299 ], [ -74.175267, 4.6761965 ], [ -74.1753217, 4.6762773 ], [ -74.1753883, 4.6763674 ], [ -74.1754433, 4.6764501 ], [ -74.1754753, 4.6765195 ], [ -74.1754814, 4.6765967 ], [ -74.175496, 4.6766969 ], [ -74.1755259, 4.6767948 ], [ -74.1755541, 4.6768811 ], [ -74.1755683, 4.6769506 ], [ -74.1755432, 4.6771146 ], [ -74.1755125, 4.6772921 ], [ -74.1754735, 4.6774616 ], [ -74.1753948, 4.6776339 ], [ -74.1753546, 4.6777206 ], [ -74.1751476, 4.6780855 ], [ -74.175044, 4.6783649 ], [ -74.1749811, 4.678548 ], [ -74.1749256, 4.6787275 ], [ -74.1748562, 4.6789095 ], [ -74.1748289, 4.6790076 ], [ -74.1747931, 4.6791941 ], [ -74.174778, 4.6792975 ], [ -74.1748033, 4.6795596 ], [ -74.1747128, 4.679822 ], [ -74.1746893, 4.6800144 ], [ -74.1746465, 4.6806518 ], [ -74.174641, 4.680826 ], [ -74.1745829, 4.6810902 ], [ -74.1745493, 4.6812758 ], [ -74.1745374, 4.6813774 ], [ -74.1745497, 4.6815585 ], [ -74.1745413, 4.6816355 ], [ -74.1745005, 4.6818098 ], [ -74.1744503, 4.6819976 ], [ -74.1744439, 4.6820959 ], [ -74.1744373, 4.6821672 ], [ -74.1743989, 4.6822404 ], [ -74.1742994, 4.6824156 ], [ -74.1741689, 4.6825956 ], [ -74.1741121, 4.6826903 ], [ -74.1740101, 4.6828688 ], [ -74.1738342, 4.6831262 ], [ -74.1737335, 4.6832079 ], [ -74.173626, 4.6832922 ], [ -74.1734523, 4.6833782 ], [ -74.1732625, 4.6834681 ], [ -74.1730691, 4.6835578 ], [ -74.1726442, 4.6837384 ], [ -74.1724369, 4.6838294 ], [ -74.1722397, 4.6839204 ], [ -74.1721263, 4.6839744 ], [ -74.1717793, 4.684101 ], [ -74.1716047, 4.6842019 ], [ -74.1713356, 4.6844871 ], [ -74.1711989, 4.6846738 ], [ -74.1711375, 4.6847648 ], [ -74.1710761, 4.6848515 ], [ -74.1709998, 4.6849429 ], [ -74.1709313, 4.6850454 ], [ -74.1707854, 4.6854144 ], [ -74.1707471, 4.685501 ], [ -74.170658, 4.6856766 ], [ -74.1706098, 4.685756 ], [ -74.1704476, 4.6859288 ], [ -74.1703586, 4.6860166 ], [ -74.1701569, 4.6861986 ], [ -74.1700684, 4.6862924 ], [ -74.169827, 4.6865602 ], [ -74.1697292, 4.686644 ], [ -74.1696047, 4.6867316 ], [ -74.1694742, 4.6868205 ], [ -74.1693307, 4.6869092 ], [ -74.1691723, 4.6870001 ], [ -74.1690256, 4.6870954 ], [ -74.1689151, 4.6871916 ], [ -74.1686378, 4.6874608 ], [ -74.1685129, 4.6875559 ], [ -74.1684372, 4.6876587 ], [ -74.1683465, 4.6877967 ], [ -74.1684266, 4.6879426 ], [ -74.1685122, 4.6880458 ], [ -74.1686318, 4.688147 ], [ -74.1687933, 4.6882368 ], [ -74.1688986, 4.688331 ], [ -74.1691368, 4.688427 ], [ -74.1693487, 4.6885179 ], [ -74.1695893, 4.6886065 ], [ -74.1697441, 4.688695 ], [ -74.1699344, 4.6887849 ], [ -74.1700785, 4.688872 ], [ -74.1702165, 4.6889627 ], [ -74.1703678, 4.689052 ], [ -74.1704912, 4.6891417 ], [ -74.1706237, 4.6892248 ], [ -74.1707498, 4.6893934 ], [ -74.17089, 4.6895685 ], [ -74.1709303, 4.689646 ], [ -74.1710274, 4.6899075 ], [ -74.1710486, 4.6899913 ], [ -74.1710873, 4.6901778 ], [ -74.1711283, 4.6902823 ], [ -74.1711819, 4.690372 ], [ -74.1712455, 4.6905422 ], [ -74.1712971, 4.6907173 ], [ -74.1713286, 4.6908609 ], [ -74.1713881, 4.6910851 ], [ -74.1714622, 4.6912649 ], [ -74.1715244, 4.6915263 ], [ -74.1715375, 4.6916032 ], [ -74.1715195, 4.6918713 ], [ -74.1715391, 4.6920691 ], [ -74.171571, 4.6921699 ], [ -74.171637, 4.6923577 ], [ -74.1717348, 4.6925509 ], [ -74.1718108, 4.6926522 ], [ -74.1719032, 4.692748 ], [ -74.1720008, 4.692841 ], [ -74.1721058, 4.692933 ], [ -74.1722136, 4.6930254 ], [ -74.1724452, 4.6932031 ], [ -74.1726087, 4.6933779 ], [ -74.1726787, 4.6934557 ], [ -74.1727819, 4.6937132 ], [ -74.1729332, 4.6940675 ], [ -74.1729501, 4.6941477 ], [ -74.1730288, 4.6945953 ], [ -74.1730376, 4.694678 ], [ -74.1730373, 4.6950313 ], [ -74.1730195, 4.695301 ], [ -74.1730153, 4.695393 ], [ -74.1729822, 4.6964387 ] ] ] } },
{ "type": "Feature", "properties": { "AREA": 146218.90266756713, "PERIMETER": 1712.93862083, "USO_PROPUE": 49, "USO_PROP_1": 6234, "SIMBOLO_MA": "2", "DESC_MAPA": "Agropecuario Mecanizado Intensivo", "GRUPO": "Suelo de Desarrollo Rural", "SUB_GRUPO": "Zona de Desarrollo Agropecuario Sin Restricciones", "SIMBOLO": "DA-sr", "CLAS_CIAF": "2b" }, "geometry": { "type": "Polygon", "coordinates": [ [ [ -74.2130066, 4.6950115 ], [ -74.2093768, 4.6952458 ], [ -74.2090556, 4.6923451 ], [ -74.2146031, 4.6922811 ], [ -74.2132854, 4.6935547 ], [ -74.2129945, 4.6941965 ], [ -74.2130066, 4.6950115 ] ] ] } },
{ "type": "Feature", "properties": { "AREA": 148455.90121006966, "PERIMETER": 1890.4352578600001, "USO_PROPUE": 50, "USO_PROP_1": 6229, "SIMBOLO_MA": "25", "DESC_MAPA": "Zona Blanda", "GRUPO": "Suelo de Desarrollo Rural", "SUB_GRUPO": "Zonas de Actividad Industrial", "SIMBOLO": "A-IND", "CLAS_CIAF": "1a" }, "geometry": { "type": "Polygon", "coordinates": [ [ [ -74.1834018, 4.6940542 ], [ -74.1848982, 4.6920651 ], [ -74.1853774, 4.6925235 ], [ -74.1895927, 4.6912906 ], [ -74.1905555, 4.692438 ], [ -74.1884683, 4.6933504 ], [ -74.1855744, 4.6945796 ], [ -74.1845455, 4.6949949 ], [ -74.1842418, 4.6947386 ], [ -74.1834018, 4.6940542 ] ] ] } },
{ "type": "Feature", "properties": { "AREA": 47358.824228889083, "PERIMETER": 1732.4624771399999, "USO_PROPUE": 51, "USO_PROP_1": 6225, "SIMBOLO_MA": "5", "DESC_MAPA": "Área Distrito De Adecuación De Tierras", "GRUPO": "Suelo de Protección y de Importancia Ambiental", "SUB_GRUPO": "Zonas de Protección de Los Recursos Naturales (Propuesta Área Protegida)", "SIMBOLO": "PRN-AP", "CLAS_CIAF": "3a" }, "geometry": { "type": "Polygon", "coordinates": [ [ [ -74.2216863, 4.6944713 ], [ -74.2204195, 4.6941535 ], [ -74.2183105, 4.6931549 ], [ -74.2168328, 4.6927997 ], [ -74.2146241, 4.6928141 ], [ -74.2146031, 4.6922811 ], [ -74.2146479, 4.6922795 ], [ -74.2184866, 4.6924837 ], [ -74.2213678, 4.6940231 ], [ -74.2215507, 4.6942575 ], [ -74.22168, 4.694386 ], [ -74.2216863, 4.6944713 ] ] ] } },
{ "type": "Feature", "properties": { "AREA": 833401.13278412819, "PERIMETER": 5287.9174036200002, "USO_PROPUE": 52, "USO_PROP_1": 6208, "SIMBOLO_MA": "5", "DESC_MAPA": "Área Distrito De Adecuación De Tierras", "GRUPO": "Suelo de Protección y de Importancia Ambiental", "SUB_GRUPO": "Zonas de Protección de Los Recursos Naturales (Propuesta Área Protegida)", "SIMBOLO": "PRN-AP", "CLAS_CIAF": "3a" }, "geometry": { "type": "Polygon", "coordinates": [ [ [ -74.1724883, 4.6845027 ], [ -74.1726952, 4.6844069 ], [ -74.1728937, 4.6843198 ], [ -74.1733245, 4.6841367 ], [ -74.1735296, 4.6840416 ], [ -74.1737267, 4.6839482 ], [ -74.1739633, 4.6838311 ], [ -74.174126, 4.6837035 ], [ -74.1743025, 4.6835604 ], [ -74.1745449, 4.6832057 ], [ -74.1746561, 4.6830109 ], [ -74.1746952, 4.6829457 ], [ -74.1748302, 4.6827596 ], [ -74.1749523, 4.6825446 ], [ -74.1750538, 4.682351 ], [ -74.1750729, 4.682146 ], [ -74.1750758, 4.6821023 ], [ -74.1751128, 4.681963 ], [ -74.1751642, 4.6817428 ], [ -74.175183, 4.6815717 ], [ -74.1751708, 4.6813928 ], [ -74.1751736, 4.681369 ], [ -74.1752013, 4.6812163 ], [ -74.1752698, 4.6809028 ], [ -74.1752768, 4.680682 ], [ -74.1752877, 4.680511 ], [ -74.1753175, 4.6800753 ], [ -74.1753312, 4.6799632 ], [ -74.1754442, 4.679639 ], [ -74.1754134, 4.6793125 ], [ -74.1754435, 4.6791529 ], [ -74.175456, 4.6791081 ], [ -74.1755221, 4.6789344 ], [ -74.1755807, 4.6787451 ], [ -74.1756382, 4.6785777 ], [ -74.1757207, 4.6783546 ], [ -74.1759153, 4.6780122 ], [ -74.1760737, 4.6776668 ], [ -74.17612, 4.677466 ], [ -74.1766487, 4.6778282 ], [ -74.1772528, 4.678102 ], [ -74.1774145, 4.6781775 ], [ -74.1777102, 4.6782789 ], [ -74.1779858, 4.6783953 ], [ -74.1784307, 4.6788123 ], [ -74.1785518, 4.6789182 ], [ -74.1787617, 4.679131 ], [ -74.1796304, 4.6807871 ], [ -74.1807338, 4.6827808 ], [ -74.1816132, 4.6846542 ], [ -74.1822691, 4.6858602 ], [ -74.1823909, 4.6863042 ], [ -74.1840554, 4.6888275 ], [ -74.185727, 4.6897267 ], [ -74.1865636, 4.6898897 ], [ -74.1859001, 4.6923577 ], [ -74.1815006, 4.688197 ], [ -74.1808887, 4.6892874 ], [ -74.1800923, 4.6883978 ], [ -74.1779939, 4.6866273 ], [ -74.1763775, 4.6867085 ], [ -74.1753464, 4.6883881 ], [ -74.1724883, 4.6845027 ] ] ] } },
{ "type": "Feature", "properties": { "AREA": 2136088.864872992, "PERIMETER": 8507.9633931999997, "USO_PROPUE": 53, "USO_PROP_1": 6201, "SIMBOLO_MA": "3", "DESC_MAPA": "Zona Agroforestera", "GRUPO": "Suelo de Desarrollo Rural", "SUB_GRUPO": "Zona de Desarrollo Agropecuario Con Restricciones", "SIMBOLO": "DA-cr", "CLAS_CIAF": "2b" }, "geometry": { "type": "Polygon", "coordinates": [ [ [ -74.1975765, 4.6902891 ], [ -74.1975848, 4.6901479 ], [ -74.1977136, 4.6862593 ], [ -74.198106, 4.6762215 ], [ -74.1981244, 4.6759502 ], [ -74.1986152, 4.6703434 ], [ -74.1994992, 4.6596567 ], [ -74.202087, 4.6580263 ], [ -74.2028542, 4.658696 ], [ -74.2035278, 4.6594744 ], [ -74.203669, 4.6596146 ], [ -74.2036997, 4.6596568 ], [ -74.2043579, 4.6610418 ], [ -74.205132, 4.662604 ], [ -74.2062251, 4.6648394 ], [ -74.2039427, 4.6687935 ], [ -74.2038112, 4.6694096 ], [ -74.2029567, 4.6737339 ], [ -74.2024689, 4.6758622 ], [ -74.2028368, 4.6793254 ], [ -74.2030489, 4.6833722 ], [ -74.2029921, 4.6854759 ], [ -74.2032161, 4.6859754 ], [ -74.204467, 4.6916318 ], [ -74.2044678, 4.6917984 ], [ -74.2013849, 4.6916708 ], [ -74.1975765, 4.6902891 ] ] ] } },
{ "type": "Feature", "properties": { "AREA": 7416637.4357979307, "PERIMETER": 18047.418240899999, "USO_PROPUE": 54, "USO_PROP_1": 6199, "SIMBOLO_MA": "5", "DESC_MAPA": "Área Distrito De Adecuación De Tierras", "GRUPO": "Suelo de Protección y de Importancia Ambiental", "SUB_GRUPO": "Zonas de Protección de Los Recursos Naturales (Propuesta Área Protegida)", "SIMBOLO": "PRN-AP", "CLAS_CIAF": "3a" }, "geometry": { "type": "Polygon", "coordinates": [ [ [ -74.2309697, 4.6794869 ], [ -74.2303402, 4.6793767 ], [ -74.2302393, 4.6794279 ], [ -74.2287043, 4.6778996 ], [ -74.228785, 4.6777072 ], [ -74.2286602, 4.6773141 ], [ -74.2274596, 4.6760205 ], [ -74.2249365, 4.6731973 ], [ -74.2236168, 4.6718485 ], [ -74.2216926, 4.6699847 ], [ -74.2197577, 4.6681199 ], [ -74.2169, 4.6650701 ], [ -74.2149701, 4.66323 ], [ -74.2164129, 4.6628116 ], [ -74.2179938, 4.6623117 ], [ -74.2191264, 4.66198 ], [ -74.2198202, 4.6617495 ], [ -74.2204805, 4.6615518 ], [ -74.2210863, 4.6613405 ], [ -74.2216299, 4.6611829 ], [ -74.2224429, 4.6609035 ], [ -74.2228946, 4.6607646 ], [ -74.2233309, 4.660661 ], [ -74.2239296, 4.6604447 ], [ -74.2252656, 4.660216 ], [ -74.2262232, 4.6599595 ], [ -74.2267912, 4.6598576 ], [ -74.2278215, 4.6597227 ], [ -74.2280418, 4.6596362 ], [ -74.2284268, 4.6594698 ], [ -74.2291009, 4.6591484 ], [ -74.2299142, 4.6588796 ], [ -74.23059, 4.6586666 ], [ -74.2313661, 4.6581942 ], [ -74.23221, 4.6575719 ], [ -74.2328937, 4.6571062 ], [ -74.2342474, 4.6562184 ], [ -74.2350765, 4.6556544 ], [ -74.2367689, 4.6545606 ], [ -74.2379399, 4.6537886 ], [ -74.238927, 4.6531562 ], [ -74.2390967, 4.6530529 ], [ -74.2404636, 4.6521449 ], [ -74.2413536, 4.6515144 ], [ -74.2486159, 4.6613219 ], [ -74.2486988, 4.6614072 ], [ -74.2481372, 4.6620976 ], [ -74.2470246, 4.6633556 ], [ -74.246267, 4.6642161 ], [ -74.2445344, 4.6662129 ], [ -74.2436789, 4.6671825 ], [ -74.2432998, 4.6676486 ], [ -74.2417624, 4.6695544 ], [ -74.2417915, 4.6701216 ], [ -74.2417767, 4.6707695 ], [ -74.2417309, 4.6711785 ], [ -74.2416669, 4.6719981 ], [ -74.2417953, 4.6725039 ], [ -74.2430297, 4.6737189 ], [ -74.2437231, 4.6744552 ], [ -74.2448844, 4.6758595 ], [ -74.2458854, 4.6770889 ], [ -74.247633, 4.6792802 ], [ -74.2484552, 4.6801731 ], [ -74.2500637, 4.6821202 ], [ -74.2391212, 4.6916109 ], [ -74.2390203, 4.6915183 ], [ -74.2383033, 4.6908339 ], [ -74.238103, 4.6905633 ], [ -74.23853, 4.6901762 ], [ -74.2387767, 4.689901 ], [ -74.2392309, 4.6894537 ], [ -74.2395602, 4.6891795 ], [ -74.2398592, 4.6888167 ], [ -74.2400731, 4.6885002 ], [ -74.2402093, 4.6880541 ], [ -74.2400949, 4.6875465 ], [ -74.2397432, 4.6872096 ], [ -74.2393592, 4.6869346 ], [ -74.2389089, 4.6865487 ], [ -74.2385817, 4.6861474 ], [ -74.2383129, 4.6859478 ], [ -74.2374168, 4.6855069 ], [ -74.236735, 4.6848565 ], [ -74.236012, 4.684229 ], [ -74.235341, 4.6836701 ], [ -74.2346559, 4.6831577 ], [ -74.2337815, 4.6822741 ], [ -74.2330539, 4.6817582 ], [ -74.2326222, 4.6813509 ], [ -74.2324489, 4.6811317 ], [ -74.2310818, 4.6797302 ], [ -74.2309697, 4.6794869 ] ], [ [ -74.2291557, 4.6704462 ], [ -74.2307793, 4.6720636 ], [ -74.2315265, 4.6711789 ], [ -74.23187, 4.6714903 ], [ -74.2321126, 4.6712052 ], [ -74.2320108, 4.6710826 ], [ -74.231858, 4.670613 ], [ -74.2318679, 4.6693264 ], [ -74.2317659, 4.6684891 ], [ -74.231805, 4.6681967 ], [ -74.2328625, 4.668014 ], [ -74.2329288, 4.6678305 ], [ -74.2330454, 4.667666 ], [ -74.2332448, 4.667484 ], [ -74.233425, 4.6673801 ], [ -74.2336742, 4.6672632 ], [ -74.2339047, 4.6671783 ], [ -74.2341711, 4.6671583 ], [ -74.2344423, 4.6671291 ], [ -74.2346905, 4.6670951 ], [ -74.2349662, 4.6670659 ], [ -74.2351679, 4.6670912 ], [ -74.2353871, 4.667195 ], [ -74.2356695, 4.6673916 ], [ -74.2359377, 4.6676249 ], [ -74.236101, 4.6677972 ], [ -74.2362919, 4.6679651 ], [ -74.2365791, 4.6681434 ], [ -74.2368072, 4.6682703 ], [ -74.237095, 4.6683933 ], [ -74.237337, 4.668502 ], [ -74.2375795, 4.6685738 ], [ -74.2378222, 4.6686226 ], [ -74.2380554, 4.6687035 ], [ -74.2382564, 4.6687887 ], [ -74.2383982, 4.6688409 ], [ -74.2385398, 4.6689024 ], [ -74.2385756, 4.6689857 ], [ -74.2385467, 4.6691051 ], [ -74.238453, 4.6692699 ], [ -74.2383784, 4.6693749 ], [ -74.2382307, 4.669447 ], [ -74.2380883, 4.6694592 ], [ -74.2379414, 4.6694575 ], [ -74.2377674, 4.6694187 ], [ -74.2375569, 4.6693657 ], [ -74.2373553, 4.6693266 ], [ -74.2371812, 4.6693016 ], [ -74.2370161, 4.6692905 ], [ -74.2368966, 4.6692984 ], [ -74.2367634, 4.6693107 ], [ -74.2365983, 4.669295 ], [ -74.2364379, 4.6692702 ], [ -74.2362546, 4.6692451 ], [ -74.2360203, 4.6692655 ], [ -74.2358589, 4.6693281 ], [ -74.2357664, 4.6693962 ], [ -74.2355577, 4.6695826 ], [ -74.2354513, 4.6696551 ], [ -74.2352991, 4.6697225 ], [ -74.2352026, 4.6697352 ], [ -74.2350875, 4.6697662 ], [ -74.2350851, 4.6697677 ], [ -74.2351628, 4.6709788 ], [ -74.235462, 4.6709594 ], [ -74.2362968, 4.6706937 ], [ -74.2366328, 4.6706119 ], [ -74.2371519, 4.6704076 ], [ -74.2373861, 4.6702748 ], [ -74.2380987, 4.670101 ], [ -74.2385772, 4.6698865 ], [ -74.2388418, 4.6696312 ], [ -74.2390046, 4.6694167 ], [ -74.2392082, 4.6692022 ], [ -74.2393405, 4.6689571 ], [ -74.2393608, 4.6687018 ], [ -74.2393607, 4.6683955 ], [ -74.2359293, 4.6660171 ], [ -74.2343385, 4.6648793 ], [ -74.2323805, 4.6672336 ], [ -74.2315678, 4.6681759 ], [ -74.2303759, 4.6696075 ], [ -74.2300868, 4.6693539 ], [ -74.2291557, 4.6704462 ] ] ] } },
{ "type": "Feature", "properties": { "AREA": 7619.9752771630901, "PERIMETER": 347.615163241, "USO_PROPUE": 55, "USO_PROP_1": 6198, "SIMBOLO_MA": "26", "DESC_MAPA": "Uso De Protección De Infraestructura De Servicios Públicos", "GRUPO": "Suelos Urbanos", "SUB_GRUPO": "Suelos Urbanos", "SIMBOLO": "SU", "CLAS_CIAF": "1a" }, "geometry": { "type": "Polygon", "coordinates": [ [ [ -74.1726177, 4.69113 ], [ -74.1721542, 4.6914918 ], [ -74.1720565, 4.6914918 ], [ -74.1715284, 4.6909492 ], [ -74.1714749, 4.6908588 ], [ -74.1718376, 4.6904971 ], [ -74.1719225, 4.6904445 ], [ -74.1719991, 4.690497 ], [ -74.1726177, 4.69113 ] ] ] } },
{ "type": "Feature", "properties": { "AREA": 318694.13793767989, "PERIMETER": 3031.8432739700002, "USO_PROPUE": 56, "USO_PROP_1": 6197, "SIMBOLO_MA": "25", "DESC_MAPA": "Zona Blanda", "GRUPO": "Suelo de Desarrollo Rural", "SUB_GRUPO": "Zonas de Actividad Industrial", "SIMBOLO": "A-IND", "CLAS_CIAF": "1a" }, "geometry": { "type": "Polygon", "coordinates": [ [ [ -74.1808887, 4.6892874 ], [ -74.1796552, 4.6914853 ], [ -74.1760257, 4.6903579 ], [ -74.1759047, 4.690329 ], [ -74.1757619, 4.6903382 ], [ -74.1756046, 4.6903673 ], [ -74.1747751, 4.6892811 ], [ -74.1712114, 4.6859812 ], [ -74.1713171, 4.685773 ], [ -74.1713673, 4.6856595 ], [ -74.1714929, 4.6853417 ], [ -74.1715049, 4.6853236 ], [ -74.1715759, 4.6852387 ], [ -74.171656, 4.6851256 ], [ -74.1717145, 4.6850388 ], [ -74.1718215, 4.6848927 ], [ -74.171999, 4.6847046 ], [ -74.1720466, 4.684677 ], [ -74.1723699, 4.6845591 ], [ -74.1724883, 4.6845027 ], [ -74.1753464, 4.6883881 ], [ -74.1763775, 4.6867085 ], [ -74.1779939, 4.6866273 ], [ -74.1800923, 4.6883978 ], [ -74.1808887, 4.6892874 ] ] ] } },
{ "type": "Feature", "properties": { "AREA": 540368.44759387709, "PERIMETER": 3237.7795369700002, "USO_PROPUE": 57, "USO_PROP_1": 6187, "SIMBOLO_MA": "8", "DESC_MAPA": "Zona De Recuperación y Rehabilitación (Recreación, Histórico - Cultural y Arquitectónico)", "GRUPO": "Suelo de Protección y de Importancia Ambiental", "SUB_GRUPO": "Zonas de Protección Histórica", "SIMBOLO": "PHCA", "CLAS_CIAF": "1a" }, "geometry": { "type": "Polygon", "coordinates": [ [ [ -74.2709201, 4.6875481 ], [ -74.2698146, 4.6876641 ], [ -74.2693699, 4.6878665 ], [ -74.2690628, 4.6880275 ], [ -74.2685953, 4.6882345 ], [ -74.2682836, 4.6884093 ], [ -74.2679948, 4.6885887 ], [ -74.2676877, 4.6886899 ], [ -74.2674402, 4.6889107 ], [ -74.2671997, 4.6890835 ], [ -74.2669293, 4.6892307 ], [ -74.2666726, 4.6893549 ], [ -74.2663929, 4.6894423 ], [ -74.2660537, 4.6895803 ], [ -74.2657833, 4.6895896 ], [ -74.2654899, 4.6897322 ], [ -74.2652195, 4.689884 ], [ -74.2650177, 4.6898932 ], [ -74.2647794, 4.6899899 ], [ -74.2644631, 4.6899899 ], [ -74.2642751, 4.6898842 ], [ -74.2639746, 4.6898108 ], [ -74.2637867, 4.6899579 ], [ -74.2635942, 4.6900821 ], [ -74.2634704, 4.69005 ], [ -74.263342, 4.6899443 ], [ -74.2631173, 4.6898754 ], [ -74.262934, 4.6897926 ], [ -74.2627587, 4.6896801 ], [ -74.2624654, 4.6896032 ], [ -74.2621631, 4.6895128 ], [ -74.2619701, 4.6894522 ], [ -74.2617814, 4.6894011 ], [ -74.261474, 4.6892256 ], [ -74.2611857, 4.6889978 ], [ -74.2609034, 4.6887048 ], [ -74.2606203, 4.688425 ], [ -74.2604851, 4.6881327 ], [ -74.2600848, 4.6875799 ], [ -74.2598093, 4.6872209 ], [ -74.2594726, 4.6866159 ], [ -74.2594273, 4.686532 ], [ -74.2594459, 4.6865276 ], [ -74.2594175, 4.6864414 ], [ -74.2601882, 4.6862599 ], [ -74.2607389, 4.6862273 ], [ -74.2611064, 4.686125 ], [ -74.2615084, 4.6859653 ], [ -74.2619564, 4.6857827 ], [ -74.2624157, 4.6856462 ], [ -74.2627493, 4.6853827 ], [ -74.2629915, 4.6849922 ], [ -74.2631763, 4.6846361 ], [ -74.2633954, 4.6843031 ], [ -74.2636947, 4.6839819 ], [ -74.2642352, 4.6835925 ], [ -74.2648326, 4.6833299 ], [ -74.2653722, 4.6831822 ], [ -74.2660033, 4.6831268 ], [ -74.2666224, 4.6832211 ], [ -74.2669767, 4.6835906 ], [ -74.2671692, 4.6842933 ], [ -74.267454, 4.6848812 ], [ -74.2676942, 4.6850547 ], [ -74.2680495, 4.6851595 ], [ -74.2685653, 4.6852534 ], [ -74.269127, 4.685359 ], [ -74.2694822, 4.6854753 ], [ -74.2698137, 4.6858217 ], [ -74.269972, 4.6864783 ], [ -74.2700277, 4.6869503 ], [ -74.2700378, 4.6873417 ], [ -74.2705181, 4.6874155 ], [ -74.2708238, 4.6875191 ], [ -74.2709201, 4.6875481 ] ] ] } },
{ "type": "Feature", "properties": { "AREA": 7521.0134877152695, "PERIMETER": 359.22533573599998, "USO_PROPUE": 58, "USO_PROP_1": 6170, "SIMBOLO_MA": "26", "DESC_MAPA": "Uso De Protección De Infraestructura De Servicios Públicos", "GRUPO": "Suelo de Desarrollo Rural", "SUB_GRUPO": "Zona de Infraestructura de Servicios", "SIMBOLO": "In-Se", "CLAS_CIAF": "1a" }, "geometry": { "type": "Polygon", "coordinates": [ [ [ -74.2539351, 4.6874386 ], [ -74.2537048, 4.6875282 ], [ -74.2535392, 4.6877253 ], [ -74.2529102, 4.6870793 ], [ -74.2533709, 4.6866196 ], [ -74.254081, 4.6873246 ], [ -74.2539351, 4.6874386 ] ] ] } },
{ "type": "Feature", "properties": { "AREA": 8801.7301120758093, "PERIMETER": 419.28438412700001, "USO_PROPUE": 59, "USO_PROP_1": 6156, "SIMBOLO_MA": "26", "DESC_MAPA": "Uso De Protección De Infraestructura De Servicios Públicos", "GRUPO": "Suelo de Desarrollo Rural", "SUB_GRUPO": "Zona de Infraestructura de Servicios", "SIMBOLO": "In-Se", "CLAS_CIAF": "1a" }, "geometry": { "type": "Polygon", "coordinates": [ [ [ -74.2547409, 4.6854711 ], [ -74.2550385, 4.6858522 ], [ -74.2539908, 4.6867366 ], [ -74.2536475, 4.6862862 ], [ -74.2547409, 4.6854711 ] ] ] } },
{ "type": "Feature", "properties": { "AREA": 162623.77452087682, "PERIMETER": 16317.948850299999, "USO_PROPUE": 60, "USO_PROP_1": 6154, "SIMBOLO_MA": null, "DESC_MAPA": "Zona De Amortiguación 20 m", "GRUPO": "Suelo de Desarrollo Rural", "SUB_GRUPO": "Zona de Desarrollo Agropecuario Con Restricciones", "SIMBOLO": "DA-cr", "CLAS_CIAF": "2b" }, "geometry": { "type": "Polygon", "coordinates": [ [ [ -74.2594459, 4.6865276 ], [ -74.2588883, 4.686659 ], [ -74.258813, 4.6864909 ], [ -74.2592128, 4.6863967 ], [ -74.2590835, 4.6860006 ], [ -74.2590358, 4.685819 ], [ -74.2589821, 4.685643 ], [ -74.2587374, 4.6850088 ], [ -74.258585, 4.6844675 ], [ -74.2584767, 4.684199 ], [ -74.25844, 4.6840973 ], [ -74.2584177, 4.6839151 ], [ -74.258302, 4.6835582 ], [ -74.2582353, 4.6832871 ], [ -74.2581786, 4.6831098 ], [ -74.2581203, 4.6829367 ], [ -74.2580287, 4.6827647 ], [ -74.2579759, 4.6826777 ], [ -74.2579147, 4.6825837 ], [ -74.257867, 4.6824856 ], [ -74.2578255, 4.6823838 ], [ -74.2577583, 4.682017 ], [ -74.2577355, 4.6819365 ], [ -74.2575819, 4.681581 ], [ -74.2574575, 4.6813063 ], [ -74.2573969, 4.6811229 ], [ -74.2573277, 4.6809445 ], [ -74.2572203, 4.680674 ], [ -74.2571453, 4.6804906 ], [ -74.2570826, 4.680299 ], [ -74.257069, 4.6802014 ], [ -74.2570391, 4.6800136 ], [ -74.2570408, 4.679914 ], [ -74.2570647, 4.6793713 ], [ -74.2570662, 4.6792891 ], [ -74.2570545, 4.6792035 ], [ -74.2570306, 4.678932 ], [ -74.2569951, 4.6786672 ], [ -74.2569719, 4.6785693 ], [ -74.2569759, 4.6784598 ], [ -74.2570282, 4.678183 ], [ -74.257067, 4.6779303 ], [ -74.2570515, 4.6778588 ], [ -74.2570017, 4.6776819 ], [ -74.2569751, 4.6775972 ], [ -74.2569064, 4.6774381 ], [ -74.2568312, 4.6773679 ], [ -74.2565275, 4.6771973 ], [ -74.2562443, 4.6771125 ], [ -74.2551476, 4.677021 ], [ -74.2550023, 4.6769103 ], [ -74.2548932, 4.6767956 ], [ -74.2548691, 4.6766726 ], [ -74.2548645, 4.6765669 ], [ -74.2548919, 4.6763758 ], [ -74.2549503, 4.6760736 ], [ -74.2550725, 4.6759564 ], [ -74.2552282, 4.6758625 ], [ -74.255347, 4.6757781 ], [ -74.2555236, 4.6756051 ], [ -74.2556686, 4.675434 ], [ -74.2557652, 4.6752619 ], [ -74.2558572, 4.6750873 ], [ -74.2558861, 4.6750086 ], [ -74.2559607, 4.6746573 ], [ -74.2559816, 4.6744793 ], [ -74.256075, 4.6738456 ], [ -74.2560986, 4.6736667 ], [ -74.2561075, 4.6735795 ], [ -74.256118, 4.6734035 ], [ -74.2561173, 4.6732224 ], [ -74.2561235, 4.6731271 ], [ -74.2561421, 4.6729456 ], [ -74.2561492, 4.6728579 ], [ -74.2561638, 4.6725121 ], [ -74.2561433, 4.6724375 ], [ -74.2560845, 4.6722593 ], [ -74.2559929, 4.6719918 ], [ -74.255958, 4.6719107 ], [ -74.2558543, 4.6717425 ], [ -74.2557759, 4.6716559 ], [ -74.2556334, 4.6714736 ], [ -74.2555598, 4.6713854 ], [ -74.2553222, 4.6711175 ], [ -74.2552367, 4.6710335 ], [ -74.2548735, 4.6707625 ], [ -74.2546822, 4.6705771 ], [ -74.2545875, 4.6704823 ], [ -74.2543736, 4.6702087 ], [ -74.2540617, 4.6698554 ], [ -74.2538223, 4.6696662 ], [ -74.2537564, 4.6695245 ], [ -74.2537917, 4.6694115 ], [ -74.2538046, 4.6691559 ], [ -74.2537944, 4.6688925 ], [ -74.2537842, 4.6688065 ], [ -74.253758, 4.6686264 ], [ -74.2537217, 4.6683574 ], [ -74.2537061, 4.6682789 ], [ -74.2536284, 4.6680959 ], [ -74.2536126, 4.6679886 ], [ -74.2536102, 4.6678898 ], [ -74.2536169, 4.6677095 ], [ -74.2536059, 4.6674442 ], [ -74.2535988, 4.6673623 ], [ -74.253553, 4.6671689 ], [ -74.253594, 4.6669553 ], [ -74.2536976, 4.6667629 ], [ -74.2537349, 4.6666908 ], [ -74.2537495, 4.6663617 ], [ -74.2537351, 4.6663008 ], [ -74.2534928, 4.6659595 ], [ -74.2534136, 4.6658802 ], [ -74.2532862, 4.6657909 ], [ -74.2531866, 4.6656996 ], [ -74.253051, 4.6655989 ], [ -74.2529935, 4.6654807 ], [ -74.2529438, 4.6652936 ], [ -74.2529168, 4.6652099 ], [ -74.252837, 4.6650281 ], [ -74.2527009, 4.6645713 ], [ -74.2526354, 4.6643635 ], [ -74.2526869, 4.6642052 ], [ -74.2529089, 4.6641156 ], [ -74.2529958, 4.6638066 ], [ -74.2530035, 4.6636433 ], [ -74.2529831, 4.6634756 ], [ -74.252923, 4.6632179 ], [ -74.2528865, 4.6631393 ], [ -74.2527393, 4.6628794 ], [ -74.2526674, 4.6627978 ], [ -74.2524706, 4.6625975 ], [ -74.2524496, 4.6624474 ], [ -74.2525149, 4.6623296 ], [ -74.2525937, 4.6621944 ], [ -74.252631, 4.6621435 ], [ -74.2526832, 4.6620558 ], [ -74.2527413, 4.6619629 ], [ -74.2528014, 4.6618753 ], [ -74.2528925, 4.6617021 ], [ -74.2529279, 4.6616208 ], [ -74.2529978, 4.6613609 ], [ -74.25301, 4.661281 ], [ -74.2530147, 4.6611175 ], [ -74.2529963, 4.6610394 ], [ -74.2529564, 4.6608829 ], [ -74.252889, 4.6608139 ], [ -74.2527843, 4.6607307 ], [ -74.2524934, 4.6605555 ], [ -74.2522989, 4.6604662 ], [ -74.2521152, 4.6603696 ], [ -74.2519956, 4.660263 ], [ -74.2518753, 4.660067 ], [ -74.2518282, 4.6599697 ], [ -74.2517547, 4.6597864 ], [ -74.2516817, 4.6596111 ], [ -74.2515824, 4.6594354 ], [ -74.2514205, 4.6591561 ], [ -74.251332, 4.6588765 ], [ -74.2513036, 4.6587943 ], [ -74.2512582, 4.6587115 ], [ -74.251163, 4.6585466 ], [ -74.2510639, 4.6584684 ], [ -74.2509214, 4.6583677 ], [ -74.2508301, 4.6582068 ], [ -74.2509384, 4.6580691 ], [ -74.2510047, 4.657982 ], [ -74.2511181, 4.6578064 ], [ -74.2511653, 4.6577224 ], [ -74.2512777, 4.6574638 ], [ -74.251313, 4.6572947 ], [ -74.2513396, 4.6571157 ], [ -74.2513703, 4.6569296 ], [ -74.25142, 4.6567452 ], [ -74.2514422, 4.6566564 ], [ -74.2514819, 4.656483 ], [ -74.2514952, 4.6563109 ], [ -74.2515009, 4.656134 ], [ -74.2514967, 4.6558779 ], [ -74.2514459, 4.6557098 ], [ -74.2513889, 4.6555335 ], [ -74.2513565, 4.6554557 ], [ -74.251176, 4.6552004 ], [ -74.2511002, 4.6551303 ], [ -74.2508232, 4.6550452 ], [ -74.250543, 4.6549394 ], [ -74.2504881, 4.654794 ], [ -74.2504938, 4.6545964 ], [ -74.2504942, 4.6545141 ], [ -74.2503827, 4.6537955 ], [ -74.2503678, 4.6536496 ], [ -74.2505399, 4.6535302 ], [ -74.2506483, 4.6534457 ], [ -74.2508101, 4.6532718 ], [ -74.2508721, 4.653198 ], [ -74.2509603, 4.6528707 ], [ -74.2509437, 4.6526203 ], [ -74.2508915, 4.6523612 ], [ -74.2508631, 4.6522809 ], [ -74.2507801, 4.6521014 ], [ -74.2507378, 4.6519944 ], [ -74.2507323, 4.6518594 ], [ -74.2508653, 4.6516576 ], [ -74.2509429, 4.6515124 ], [ -74.2508344, 4.6511205 ], [ -74.2507564, 4.6510497 ], [ -74.2506547, 4.6509689 ], [ -74.2504369, 4.6508782 ], [ -74.2503565, 4.6508114 ], [ -74.2501469, 4.6508838 ], [ -74.2499447, 4.6509808 ], [ -74.2497685, 4.6509809 ], [ -74.2497235, 4.6508294 ], [ -74.2496553, 4.6506537 ], [ -74.2496183, 4.6505685 ], [ -74.2494791, 4.6503119 ], [ -74.2494017, 4.6502333 ], [ -74.2492017, 4.6500614 ], [ -74.2490559, 4.6499833 ], [ -74.2483916, 4.6498943 ], [ -74.2480541, 4.6497952 ], [ -74.2479544, 4.6496898 ], [ -74.247861, 4.6496062 ], [ -74.2477237, 4.649515 ], [ -74.2476197, 4.6494155 ], [ -74.2475398, 4.6493195 ], [ -74.2474687, 4.6492253 ], [ -74.2474059, 4.6491312 ], [ -74.2471852, 4.64877 ], [ -74.247, 4.6485002 ], [ -74.2467591, 4.6481426 ], [ -74.2466887, 4.6480589 ], [ -74.2465138, 4.6478866 ], [ -74.2462585, 4.6477105 ], [ -74.2459906, 4.6475295 ], [ -74.245858, 4.647436 ], [ -74.2457423, 4.6473361 ], [ -74.2456676, 4.6472347 ], [ -74.2456075, 4.6471386 ], [ -74.2455108, 4.6469557 ], [ -74.2454613, 4.6468668 ], [ -74.2453548, 4.6466828 ], [ -74.2452709, 4.6464962 ], [ -74.2452322, 4.646403 ], [ -74.2451752, 4.6462478 ], [ -74.245342, 4.6461215 ], [ -74.2454209, 4.6460376 ], [ -74.2455666, 4.6458733 ], [ -74.2455843, 4.6458092 ], [ -74.2456181, 4.6455499 ], [ -74.2456187, 4.6454224 ], [ -74.2456114, 4.6453297 ], [ -74.2456147, 4.6452863 ], [ -74.2455998, 4.6451533 ], [ -74.2456001, 4.6451109 ], [ -74.2455624, 4.644883 ], [ -74.2455623, 4.6447689 ], [ -74.245595, 4.6447104 ], [ -74.2456119, 4.6446261 ], [ -74.2455818, 4.6444929 ], [ -74.245547, 4.6443638 ], [ -74.2455081, 4.6442375 ], [ -74.2454259, 4.6441057 ], [ -74.2453675, 4.6439605 ], [ -74.2453176, 4.6438201 ], [ -74.2452935, 4.6436737 ], [ -74.2452742, 4.6435816 ], [ -74.2452613, 4.6434789 ], [ -74.2452809, 4.6431953 ], [ -74.2453066, 4.6430127 ], [ -74.2453466, 4.642655 ], [ -74.2453554, 4.6424801 ], [ -74.2453515, 4.6423048 ], [ -74.245327, 4.6419488 ], [ -74.2453139, 4.6418632 ], [ -74.2452821, 4.641685 ], [ -74.2452635, 4.6415979 ], [ -74.2452175, 4.6414181 ], [ -74.2451951, 4.6413244 ], [ -74.2451782, 4.6412296 ], [ -74.2451524, 4.6410434 ], [ -74.2451469, 4.6409474 ], [ -74.2451455, 4.6408515 ], [ -74.2451519, 4.640752 ], [ -74.2451729, 4.64064 ], [ -74.2452305, 4.6405447 ], [ -74.2452654, 4.6404351 ], [ -74.2453031, 4.6402972 ], [ -74.2453065, 4.6402092 ], [ -74.2453496, 4.640018 ], [ -74.245374, 4.6399247 ], [ -74.2454559, 4.6396518 ], [ -74.2455389, 4.6393889 ], [ -74.245552, 4.6392206 ], [ -74.2455552, 4.6391403 ], [ -74.2455183, 4.6388899 ], [ -74.2454879, 4.6388221 ], [ -74.2453441, 4.6386486 ], [ -74.2452745, 4.6385533 ], [ -74.245163, 4.6383744 ], [ -74.2449466, 4.6381068 ], [ -74.2448072, 4.6379274 ], [ -74.2447307, 4.6378405 ], [ -74.2446467, 4.6377528 ], [ -74.2444681, 4.6375811 ], [ -74.2441677, 4.6374107 ], [ -74.2438729, 4.6373195 ], [ -74.2437147, 4.6372166 ], [ -74.2436219, 4.6371192 ], [ -74.2435316, 4.6370284 ], [ -74.2434385, 4.6369284 ], [ -74.2433874, 4.6368334 ], [ -74.2432488, 4.6366456 ], [ -74.2436602, 4.6365183 ], [ -74.2441195, 4.6363414 ], [ -74.244401, 4.6361694 ], [ -74.2444836, 4.6360928 ], [ -74.2446436, 4.6358455 ], [ -74.2447459, 4.635333 ], [ -74.2447395, 4.6352684 ], [ -74.2447049, 4.6351792 ], [ -74.2446811, 4.6349912 ], [ -74.2446675, 4.6349283 ], [ -74.2445998, 4.6348535 ], [ -74.2444841, 4.6347063 ], [ -74.2445925, 4.6345596 ], [ -74.2446644, 4.6344659 ], [ -74.2447443, 4.6343762 ], [ -74.2448721, 4.634202 ], [ -74.2449789, 4.6340262 ], [ -74.2451242, 4.6337597 ], [ -74.2452005, 4.633591 ], [ -74.245217, 4.6335123 ], [ -74.2452443, 4.6333453 ], [ -74.2452193, 4.6331087 ], [ -74.2451127, 4.6329497 ], [ -74.2450089, 4.6328213 ], [ -74.2451024, 4.6325854 ], [ -74.2451548, 4.6324927 ], [ -74.2452372, 4.6323142 ], [ -74.2452819, 4.6322235 ], [ -74.2453652, 4.6320457 ], [ -74.2454038, 4.6319501 ], [ -74.2454657, 4.6318513 ], [ -74.2455535, 4.6317235 ], [ -74.2468237, 4.6316324 ], [ -74.2469473, 4.631487 ], [ -74.2469745, 4.6314385 ], [ -74.2469012, 4.6312083 ], [ -74.2468723, 4.6311381 ], [ -74.2467128, 4.6309782 ], [ -74.246574, 4.6308967 ], [ -74.2463794, 4.6308144 ], [ -74.2451129, 4.6307229 ], [ -74.2449047, 4.6305176 ], [ -74.2448173, 4.6304247 ], [ -74.2447359, 4.6303313 ], [ -74.2446622, 4.6302375 ], [ -74.2446001, 4.6301512 ], [ -74.2445185, 4.6300681 ], [ -74.2443247, 4.6298981 ], [ -74.2441417, 4.6298136 ], [ -74.2430571, 4.6293392 ], [ -74.2431403, 4.6291949 ], [ -74.2444237, 4.6297447 ], [ -74.2446422, 4.6299364 ], [ -74.2447382, 4.6300341 ], [ -74.2448061, 4.6301286 ], [ -74.2448746, 4.6302157 ], [ -74.2449507, 4.6303031 ], [ -74.2450335, 4.630391 ], [ -74.245192, 4.6305473 ], [ -74.246422, 4.6306361 ], [ -74.2466549, 4.6307346 ], [ -74.2468239, 4.6308339 ], [ -74.2470252, 4.6310357 ], [ -74.2470706, 4.6311462 ], [ -74.2471701, 4.6314586 ], [ -74.2470958, 4.631591 ], [ -74.2469119, 4.6318074 ], [ -74.2456528, 4.6318977 ], [ -74.2456163, 4.6319508 ], [ -74.2455649, 4.6320329 ], [ -74.2455304, 4.6321182 ], [ -74.2454443, 4.6323021 ], [ -74.2453998, 4.6323923 ], [ -74.2453152, 4.6325755 ], [ -74.2452653, 4.6326638 ], [ -74.2452154, 4.6327897 ], [ -74.2452577, 4.632842 ], [ -74.2453938, 4.6330448 ], [ -74.2454261, 4.6333507 ], [ -74.2453942, 4.6335455 ], [ -74.2453729, 4.6336476 ], [ -74.2452856, 4.6338406 ], [ -74.245135, 4.6341168 ], [ -74.2450219, 4.6343028 ], [ -74.2448844, 4.6344903 ], [ -74.2448033, 4.6345815 ], [ -74.244711, 4.6347029 ], [ -74.2447374, 4.6347366 ], [ -74.2448334, 4.6348426 ], [ -74.2448589, 4.6349606 ], [ -74.2448809, 4.6351343 ], [ -74.2449165, 4.6352259 ], [ -74.2449279, 4.6353421 ], [ -74.2448136, 4.6359149 ], [ -74.2446225, 4.6362102 ], [ -74.2445102, 4.6363145 ], [ -74.2441994, 4.6365044 ], [ -74.243719, 4.6366894 ], [ -74.2435439, 4.6367436 ], [ -74.2435861, 4.636822 ], [ -74.2436612, 4.6369028 ], [ -74.2437508, 4.6369928 ], [ -74.2438304, 4.6370763 ], [ -74.2439499, 4.6371541 ], [ -74.2442394, 4.6372437 ], [ -74.2445764, 4.6374348 ], [ -74.2447741, 4.6376248 ], [ -74.2448633, 4.6377179 ], [ -74.2449459, 4.6378118 ], [ -74.2450877, 4.6379941 ], [ -74.2453099, 4.638269 ], [ -74.2454238, 4.6384518 ], [ -74.2454863, 4.6385373 ], [ -74.2456421, 4.6387254 ], [ -74.245693, 4.6388385 ], [ -74.245736, 4.6391306 ], [ -74.2457319, 4.6392312 ], [ -74.2457169, 4.6394246 ], [ -74.2456841, 4.6395247 ], [ -74.2456284, 4.6397043 ], [ -74.2455474, 4.639974 ], [ -74.2455245, 4.6400616 ], [ -74.245486, 4.6402322 ], [ -74.2454824, 4.640325 ], [ -74.2454383, 4.6404865 ], [ -74.2453957, 4.6406202 ], [ -74.245344, 4.6407057 ], [ -74.2453311, 4.6407746 ], [ -74.2453258, 4.640856 ], [ -74.2453271, 4.6409409 ], [ -74.2453319, 4.6410258 ], [ -74.2453562, 4.6412013 ], [ -74.2453716, 4.6412873 ], [ -74.2453924, 4.6413745 ], [ -74.245439, 4.6415564 ], [ -74.245459, 4.6416501 ], [ -74.2454917, 4.6418336 ], [ -74.2455063, 4.6419289 ], [ -74.2455316, 4.6422964 ], [ -74.2455357, 4.6424828 ], [ -74.2455264, 4.6426696 ], [ -74.2454855, 4.6430354 ], [ -74.2454603, 4.6432145 ], [ -74.2454423, 4.6434735 ], [ -74.2454521, 4.6435517 ], [ -74.2454707, 4.6436404 ], [ -74.2454928, 4.6437746 ], [ -74.2455361, 4.6438962 ], [ -74.2455872, 4.6440233 ], [ -74.2456734, 4.6441616 ], [ -74.2457202, 4.6443135 ], [ -74.2457566, 4.6444488 ], [ -74.2457961, 4.6446249 ], [ -74.2457661, 4.6447739 ], [ -74.2457426, 4.6448161 ], [ -74.2457426, 4.6448667 ], [ -74.2457804, 4.6450969 ], [ -74.2457801, 4.6451437 ], [ -74.2457957, 4.6452831 ], [ -74.2457922, 4.6453295 ], [ -74.245799, 4.6454156 ], [ -74.2457983, 4.6455621 ], [ -74.2457614, 4.6458454 ], [ -74.245729, 4.6459622 ], [ -74.2455538, 4.6461597 ], [ -74.2454627, 4.6462567 ], [ -74.2453906, 4.6463113 ], [ -74.2454364, 4.6464246 ], [ -74.2455151, 4.6465996 ], [ -74.2456179, 4.6467773 ], [ -74.2456691, 4.6468693 ], [ -74.2457636, 4.647048 ], [ -74.2458166, 4.6471328 ], [ -74.2458752, 4.6472122 ], [ -74.2459689, 4.6472931 ], [ -74.2460928, 4.6473805 ], [ -74.2463598, 4.647561 ], [ -74.2466288, 4.6477465 ], [ -74.2468211, 4.6479359 ], [ -74.2469028, 4.648033 ], [ -74.2471492, 4.6483987 ], [ -74.2473364, 4.6486714 ], [ -74.2475576, 4.6490336 ], [ -74.2476155, 4.6491203 ], [ -74.247681, 4.6492069 ], [ -74.2477515, 4.6492917 ], [ -74.2478365, 4.6493731 ], [ -74.2479713, 4.6494626 ], [ -74.24808, 4.6495599 ], [ -74.2481513, 4.6496353 ], [ -74.2484291, 4.6497169 ], [ -74.249112, 4.6498084 ], [ -74.2493039, 4.6499111 ], [ -74.2495247, 4.6501008 ], [ -74.2496253, 4.650203 ], [ -74.2497803, 4.650489 ], [ -74.249822, 4.6505846 ], [ -74.2498942, 4.6507706 ], [ -74.2499029, 4.6508 ], [ -74.2500785, 4.6507161 ], [ -74.2503935, 4.6506074 ], [ -74.250531, 4.6507215 ], [ -74.2507469, 4.6508115 ], [ -74.2508729, 4.6509116 ], [ -74.250994, 4.6510216 ], [ -74.2511359, 4.6515339 ], [ -74.2510202, 4.6517504 ], [ -74.2509148, 4.6519104 ], [ -74.2509166, 4.6519563 ], [ -74.2509458, 4.6520301 ], [ -74.2510302, 4.6522123 ], [ -74.2510656, 4.6523129 ], [ -74.2511228, 4.6525963 ], [ -74.2511421, 4.6528885 ], [ -74.2510659, 4.6531749 ], [ -74.251035, 4.6532847 ], [ -74.250945, 4.6533918 ], [ -74.2507703, 4.6535797 ], [ -74.2506466, 4.6536761 ], [ -74.2505579, 4.6537376 ], [ -74.2505615, 4.6537726 ], [ -74.2505887, 4.6539509 ], [ -74.2506321, 4.6542222 ], [ -74.2506745, 4.6545008 ], [ -74.2506741, 4.6545994 ], [ -74.2506693, 4.6547635 ], [ -74.2506827, 4.6547989 ], [ -74.2508814, 4.6548739 ], [ -74.2511922, 4.6549695 ], [ -74.251312, 4.6550802 ], [ -74.2515151, 4.6553674 ], [ -74.251558, 4.6554705 ], [ -74.251618, 4.6556558 ], [ -74.2516765, 4.6558494 ], [ -74.2516812, 4.6561359 ], [ -74.2516752, 4.6563208 ], [ -74.2516606, 4.6565104 ], [ -74.2516175, 4.6566987 ], [ -74.2515944, 4.6567908 ], [ -74.2515466, 4.6569681 ], [ -74.2515177, 4.6571438 ], [ -74.2514905, 4.6573265 ], [ -74.2514504, 4.6575191 ], [ -74.2513268, 4.6578032 ], [ -74.2512724, 4.6579001 ], [ -74.2511522, 4.6580862 ], [ -74.2510468, 4.6582232 ], [ -74.2510581, 4.6582431 ], [ -74.2511715, 4.6583233 ], [ -74.2513017, 4.6584259 ], [ -74.2514152, 4.6586226 ], [ -74.2514689, 4.6587206 ], [ -74.251503, 4.6588193 ], [ -74.2515864, 4.6590823 ], [ -74.2517388, 4.6593455 ], [ -74.2518438, 4.6595314 ], [ -74.2519214, 4.6597178 ], [ -74.251993, 4.6598963 ], [ -74.2520335, 4.6599798 ], [ -74.2521351, 4.6601455 ], [ -74.2522184, 4.6602197 ], [ -74.2523783, 4.6603038 ], [ -74.2525776, 4.6603953 ], [ -74.2528871, 4.6605817 ], [ -74.2530098, 4.6606792 ], [ -74.253119, 4.660791 ], [ -74.2531714, 4.6609962 ], [ -74.2531955, 4.661099 ], [ -74.2531898, 4.6612973 ], [ -74.2531745, 4.6613982 ], [ -74.2530984, 4.6616809 ], [ -74.253055, 4.6617805 ], [ -74.2529559, 4.6619691 ], [ -74.252892, 4.6620623 ], [ -74.2528369, 4.6621503 ], [ -74.2527813, 4.6622436 ], [ -74.2527446, 4.6622938 ], [ -74.2526715, 4.6624192 ], [ -74.2526365, 4.6624823 ], [ -74.2526409, 4.6625131 ], [ -74.2527992, 4.6626744 ], [ -74.2528868, 4.6627736 ], [ -74.2530468, 4.6630562 ], [ -74.2530943, 4.6631584 ], [ -74.2531607, 4.6634433 ], [ -74.2531843, 4.6636373 ], [ -74.2531749, 4.6638358 ], [ -74.2530583, 4.6642502 ], [ -74.2528322, 4.6643416 ], [ -74.2528248, 4.6643642 ], [ -74.2528732, 4.6645181 ], [ -74.2530064, 4.6649655 ], [ -74.2530855, 4.6651454 ], [ -74.2531168, 4.6652425 ], [ -74.2531631, 4.6654171 ], [ -74.2531937, 4.6654798 ], [ -74.2533013, 4.6655598 ], [ -74.253399, 4.6656494 ], [ -74.2535297, 4.6657409 ], [ -74.2536311, 4.6658424 ], [ -74.2539022, 4.6662244 ], [ -74.2539307, 4.6663444 ], [ -74.2539132, 4.6667387 ], [ -74.253857, 4.6668475 ], [ -74.2537658, 4.6670168 ], [ -74.2537373, 4.667165 ], [ -74.2537772, 4.6673334 ], [ -74.2537858, 4.6674323 ], [ -74.2537973, 4.6677096 ], [ -74.2537905, 4.667891 ], [ -74.2537925, 4.6679731 ], [ -74.2538033, 4.6680465 ], [ -74.2538792, 4.6682252 ], [ -74.2538996, 4.6683276 ], [ -74.2539365, 4.6686012 ], [ -74.2539629, 4.6687828 ], [ -74.2539742, 4.6688776 ], [ -74.253985, 4.6691568 ], [ -74.2539705, 4.6694438 ], [ -74.2539493, 4.6695117 ], [ -74.2539675, 4.6695508 ], [ -74.2541857, 4.6697232 ], [ -74.2545124, 4.6700933 ], [ -74.2547226, 4.6703621 ], [ -74.2548085, 4.6704481 ], [ -74.2549904, 4.6706243 ], [ -74.2553541, 4.6708957 ], [ -74.2554527, 4.6709926 ], [ -74.2556962, 4.6712672 ], [ -74.2557735, 4.6713597 ], [ -74.2559138, 4.6715391 ], [ -74.2559989, 4.6716333 ], [ -74.2561182, 4.6718268 ], [ -74.2561611, 4.6719265 ], [ -74.2562554, 4.6722015 ], [ -74.2563158, 4.672385 ], [ -74.2563451, 4.6724913 ], [ -74.2563291, 4.672869 ], [ -74.2563216, 4.6729621 ], [ -74.2563031, 4.6731423 ], [ -74.2562975, 4.6732279 ], [ -74.2562983, 4.6734085 ], [ -74.2562872, 4.6735942 ], [ -74.2562776, 4.6736879 ], [ -74.2562536, 4.6738707 ], [ -74.2561603, 4.6745031 ], [ -74.2561387, 4.6746868 ], [ -74.2560597, 4.675059 ], [ -74.2560222, 4.6751612 ], [ -74.2559235, 4.6753484 ], [ -74.255817, 4.675538 ], [ -74.2556556, 4.6757287 ], [ -74.2554627, 4.6759175 ], [ -74.2553268, 4.676014 ], [ -74.2551825, 4.6761011 ], [ -74.2551161, 4.6761648 ], [ -74.2550698, 4.6764052 ], [ -74.2550453, 4.6765759 ], [ -74.2550486, 4.676651 ], [ -74.2550599, 4.6767089 ], [ -74.2551228, 4.676775 ], [ -74.2552148, 4.6768451 ], [ -74.2562779, 4.6769339 ], [ -74.2565981, 4.6770298 ], [ -74.2569381, 4.6772207 ], [ -74.2570568, 4.6773314 ], [ -74.2571443, 4.6775339 ], [ -74.2571745, 4.6776301 ], [ -74.2572264, 4.6778149 ], [ -74.2572502, 4.6779243 ], [ -74.2572057, 4.6782142 ], [ -74.2571556, 4.67848 ], [ -74.257153, 4.6785514 ], [ -74.2571726, 4.6786342 ], [ -74.2572098, 4.678912 ], [ -74.2572337, 4.6791832 ], [ -74.2572467, 4.6792784 ], [ -74.2572449, 4.679377 ], [ -74.2572209, 4.6799195 ], [ -74.2572196, 4.6800008 ], [ -74.2572472, 4.6801746 ], [ -74.2572589, 4.6802579 ], [ -74.2573145, 4.680428 ], [ -74.2573874, 4.6806063 ], [ -74.2574954, 4.6808783 ], [ -74.2575665, 4.6810616 ], [ -74.2576255, 4.6812399 ], [ -74.2577467, 4.6815078 ], [ -74.2579056, 4.6818756 ], [ -74.2579341, 4.6819759 ], [ -74.2579994, 4.6823326 ], [ -74.2580316, 4.6824116 ], [ -74.2580718, 4.6824943 ], [ -74.2581284, 4.6825812 ], [ -74.2581853, 4.682675 ], [ -74.2582864, 4.6828646 ], [ -74.2583498, 4.6830532 ], [ -74.2584088, 4.6832376 ], [ -74.2584756, 4.6835091 ], [ -74.2585945, 4.6838756 ], [ -74.2586164, 4.684055 ], [ -74.258645, 4.6841342 ], [ -74.2587555, 4.6844082 ], [ -74.2589087, 4.684952 ], [ -74.2591525, 4.6855837 ], [ -74.2592092, 4.6857694 ], [ -74.2592565, 4.6859495 ], [ -74.2594459, 4.6865276 ] ] ] } },
{ "type": "Feature", "properties": { "AREA": 399403.39187287446, "PERIMETER": 16073.747377, "USO_PROPUE": 61, "USO_PROP_1": 6148, "SIMBOLO_MA": null, "DESC_MAPA": "Malla Ambiental", "GRUPO": "Suelo de Protección y de Importancia Ambiental", "SUB_GRUPO": "Zonas de Recuperación Ambiental", "SIMBOLO": "RA", "CLAS_CIAF": "3a" }, "geometry": { "type": "Polygon", "coordinates": [ [ [ -74.2598579, 4.6863377 ], [ -74.2594175, 4.6864414 ], [ -74.2592565, 4.6859495 ], [ -74.2592092, 4.6857694 ], [ -74.2591525, 4.6855837 ], [ -74.2589087, 4.684952 ], [ -74.2587555, 4.6844082 ], [ -74.258645, 4.6841342 ], [ -74.2586164, 4.684055 ], [ -74.2585945, 4.6838756 ], [ -74.2584756, 4.6835091 ], [ -74.2584088, 4.6832376 ], [ -74.2583498, 4.6830532 ], [ -74.2582864, 4.6828646 ], [ -74.2581853, 4.682675 ], [ -74.2581284, 4.6825812 ], [ -74.2580718, 4.6824943 ], [ -74.2580316, 4.6824116 ], [ -74.2579994, 4.6823326 ], [ -74.2579341, 4.6819759 ], [ -74.2579056, 4.6818756 ], [ -74.2577467, 4.6815078 ], [ -74.2576255, 4.6812399 ], [ -74.2575665, 4.6810616 ], [ -74.2574954, 4.6808783 ], [ -74.2573874, 4.6806063 ], [ -74.2573145, 4.680428 ], [ -74.2572589, 4.6802579 ], [ -74.2572472, 4.6801746 ], [ -74.2572196, 4.6800008 ], [ -74.2572209, 4.6799195 ], [ -74.2572449, 4.679377 ], [ -74.2572467, 4.6792784 ], [ -74.2572337, 4.6791832 ], [ -74.2572098, 4.678912 ], [ -74.2571726, 4.6786342 ], [ -74.257153, 4.6785514 ], [ -74.2571556, 4.67848 ], [ -74.2572057, 4.6782142 ], [ -74.2572502, 4.6779243 ], [ -74.2572264, 4.6778149 ], [ -74.2571745, 4.6776301 ], [ -74.2571443, 4.6775339 ], [ -74.2570568, 4.6773314 ], [ -74.2569381, 4.6772207 ], [ -74.2565981, 4.6770298 ], [ -74.2562779, 4.6769339 ], [ -74.2552148, 4.6768451 ], [ -74.2551228, 4.676775 ], [ -74.2550599, 4.6767089 ], [ -74.2550486, 4.676651 ], [ -74.2550453, 4.6765759 ], [ -74.2550698, 4.6764052 ], [ -74.2551161, 4.6761648 ], [ -74.2551825, 4.6761011 ], [ -74.2553268, 4.676014 ], [ -74.2554627, 4.6759175 ], [ -74.2556556, 4.6757287 ], [ -74.255817, 4.675538 ], [ -74.2559235, 4.6753484 ], [ -74.2560222, 4.6751612 ], [ -74.2560597, 4.675059 ], [ -74.2561387, 4.6746868 ], [ -74.2561603, 4.6745031 ], [ -74.2562536, 4.6738707 ], [ -74.2562776, 4.6736879 ], [ -74.2562872, 4.6735942 ], [ -74.2562983, 4.6734085 ], [ -74.2562975, 4.6732279 ], [ -74.2563031, 4.6731423 ], [ -74.2563216, 4.6729621 ], [ -74.2563291, 4.672869 ], [ -74.2563451, 4.6724913 ], [ -74.2563158, 4.672385 ], [ -74.2562554, 4.6722015 ], [ -74.2561611, 4.6719265 ], [ -74.2561182, 4.6718268 ], [ -74.2559989, 4.6716333 ], [ -74.2559138, 4.6715391 ], [ -74.2557735, 4.6713597 ], [ -74.2556962, 4.6712672 ], [ -74.2554527, 4.6709926 ], [ -74.2553541, 4.6708957 ], [ -74.2549904, 4.6706243 ], [ -74.2548085, 4.6704481 ], [ -74.2547226, 4.6703621 ], [ -74.2545124, 4.6700933 ], [ -74.2541857, 4.6697232 ], [ -74.2539675, 4.6695508 ], [ -74.2539493, 4.6695117 ], [ -74.2539705, 4.6694438 ], [ -74.253985, 4.6691568 ], [ -74.2539742, 4.6688776 ], [ -74.2539629, 4.6687828 ], [ -74.2539365, 4.6686012 ], [ -74.2538996, 4.6683276 ], [ -74.2538792, 4.6682252 ], [ -74.2538033, 4.6680465 ], [ -74.2537925, 4.6679731 ], [ -74.2537905, 4.667891 ], [ -74.2537973, 4.6677096 ], [ -74.2537858, 4.6674323 ], [ -74.2537772, 4.6673334 ], [ -74.2537373, 4.667165 ], [ -74.2537658, 4.6670168 ], [ -74.253857, 4.6668475 ], [ -74.2539132, 4.6667387 ], [ -74.2539307, 4.6663444 ], [ -74.2539022, 4.6662244 ], [ -74.2536311, 4.6658424 ], [ -74.2535297, 4.6657409 ], [ -74.253399, 4.6656494 ], [ -74.2533013, 4.6655598 ], [ -74.2531937, 4.6654798 ], [ -74.2531631, 4.6654171 ], [ -74.2531168, 4.6652425 ], [ -74.2530855, 4.6651454 ], [ -74.2530064, 4.6649655 ], [ -74.2528732, 4.6645181 ], [ -74.2528248, 4.6643642 ], [ -74.2528322, 4.6643416 ], [ -74.2530583, 4.6642502 ], [ -74.2531749, 4.6638358 ], [ -74.2531843, 4.6636373 ], [ -74.2531607, 4.6634433 ], [ -74.2530943, 4.6631584 ], [ -74.2530468, 4.6630562 ], [ -74.2528868, 4.6627736 ], [ -74.2527992, 4.6626744 ], [ -74.2526409, 4.6625131 ], [ -74.2526365, 4.6624823 ], [ -74.2526715, 4.6624192 ], [ -74.2527446, 4.6622938 ], [ -74.2527813, 4.6622436 ], [ -74.2528369, 4.6621503 ], [ -74.252892, 4.6620623 ], [ -74.2529559, 4.6619691 ], [ -74.253055, 4.6617805 ], [ -74.2530984, 4.6616809 ], [ -74.2531745, 4.6613982 ], [ -74.2531898, 4.6612973 ], [ -74.2531955, 4.661099 ], [ -74.2531714, 4.6609962 ], [ -74.253119, 4.660791 ], [ -74.2530098, 4.6606792 ], [ -74.2528871, 4.6605817 ], [ -74.2525776, 4.6603953 ], [ -74.2523783, 4.6603038 ], [ -74.2522184, 4.6602197 ], [ -74.2521351, 4.6601455 ], [ -74.2520335, 4.6599798 ], [ -74.251993, 4.6598963 ], [ -74.2519214, 4.6597178 ], [ -74.2518438, 4.6595314 ], [ -74.2517388, 4.6593455 ], [ -74.2515864, 4.6590823 ], [ -74.251503, 4.6588193 ], [ -74.2514689, 4.6587206 ], [ -74.2514152, 4.6586226 ], [ -74.2513017, 4.6584259 ], [ -74.2511715, 4.6583233 ], [ -74.2510581, 4.6582431 ], [ -74.2510468, 4.6582232 ], [ -74.2511522, 4.6580862 ], [ -74.2512724, 4.6579001 ], [ -74.2513268, 4.6578032 ], [ -74.2514504, 4.6575191 ], [ -74.2514905, 4.6573265 ], [ -74.2515177, 4.6571438 ], [ -74.2515466, 4.6569681 ], [ -74.2515944, 4.6567908 ], [ -74.2516175, 4.6566987 ], [ -74.2516606, 4.6565104 ], [ -74.2516752, 4.6563208 ], [ -74.2516812, 4.6561359 ], [ -74.2516765, 4.6558494 ], [ -74.251618, 4.6556558 ], [ -74.251558, 4.6554705 ], [ -74.2515151, 4.6553674 ], [ -74.251312, 4.6550802 ], [ -74.2511922, 4.6549695 ], [ -74.2508814, 4.6548739 ], [ -74.2506827, 4.6547989 ], [ -74.2506693, 4.6547635 ], [ -74.2506741, 4.6545994 ], [ -74.2506745, 4.6545008 ], [ -74.2506321, 4.6542222 ], [ -74.2505887, 4.6539509 ], [ -74.2505615, 4.6537726 ], [ -74.2505579, 4.6537376 ], [ -74.2506466, 4.6536761 ], [ -74.2507703, 4.6535797 ], [ -74.250945, 4.6533918 ], [ -74.251035, 4.6532847 ], [ -74.2510659, 4.6531749 ], [ -74.2511421, 4.6528885 ], [ -74.2511228, 4.6525963 ], [ -74.2510656, 4.6523129 ], [ -74.2510302, 4.6522123 ], [ -74.2509458, 4.6520301 ], [ -74.2509166, 4.6519563 ], [ -74.2509148, 4.6519104 ], [ -74.2510202, 4.6517504 ], [ -74.2511359, 4.6515339 ], [ -74.250994, 4.6510216 ], [ -74.2508729, 4.6509116 ], [ -74.2507469, 4.6508115 ], [ -74.250531, 4.6507215 ], [ -74.2503935, 4.6506074 ], [ -74.2500785, 4.6507161 ], [ -74.2499029, 4.6508 ], [ -74.2498942, 4.6507706 ], [ -74.249822, 4.6505846 ], [ -74.2497803, 4.650489 ], [ -74.2496253, 4.650203 ], [ -74.2495247, 4.6501008 ], [ -74.2493039, 4.6499111 ], [ -74.249112, 4.6498084 ], [ -74.2484291, 4.6497169 ], [ -74.2481513, 4.6496353 ], [ -74.24808, 4.6495599 ], [ -74.2479713, 4.6494626 ], [ -74.2478365, 4.6493731 ], [ -74.2477515, 4.6492917 ], [ -74.247681, 4.6492069 ], [ -74.2476155, 4.6491203 ], [ -74.2475576, 4.6490336 ], [ -74.2473364, 4.6486714 ], [ -74.2471492, 4.6483987 ], [ -74.2469028, 4.648033 ], [ -74.2468211, 4.6479359 ], [ -74.2466288, 4.6477465 ], [ -74.2463598, 4.647561 ], [ -74.2460928, 4.6473805 ], [ -74.2459689, 4.6472931 ], [ -74.2458752, 4.6472122 ], [ -74.2458166, 4.6471328 ], [ -74.2457636, 4.647048 ], [ -74.2456691, 4.6468693 ], [ -74.2456179, 4.6467773 ], [ -74.2455151, 4.6465996 ], [ -74.2454364, 4.6464246 ], [ -74.2453906, 4.6463113 ], [ -74.2454627, 4.6462567 ], [ -74.2455538, 4.6461597 ], [ -74.245729, 4.6459622 ], [ -74.2457614, 4.6458454 ], [ -74.2457983, 4.6455621 ], [ -74.245799, 4.6454156 ], [ -74.2457922, 4.6453295 ], [ -74.2457957, 4.6452831 ], [ -74.2457801, 4.6451437 ], [ -74.2457804, 4.6450969 ], [ -74.2457426, 4.6448667 ], [ -74.2457426, 4.6448161 ], [ -74.2457661, 4.6447739 ], [ -74.2457961, 4.6446249 ], [ -74.2457566, 4.6444488 ], [ -74.2457202, 4.6443135 ], [ -74.2456734, 4.6441616 ], [ -74.2455872, 4.6440233 ], [ -74.2455361, 4.6438962 ], [ -74.2454928, 4.6437746 ], [ -74.2454707, 4.6436404 ], [ -74.2454521, 4.6435517 ], [ -74.2454423, 4.6434735 ], [ -74.2454603, 4.6432145 ], [ -74.2454855, 4.6430354 ], [ -74.2455264, 4.6426696 ], [ -74.2455357, 4.6424828 ], [ -74.2455316, 4.6422964 ], [ -74.2455063, 4.6419289 ], [ -74.2454917, 4.6418336 ], [ -74.245459, 4.6416501 ], [ -74.245439, 4.6415564 ], [ -74.2453924, 4.6413745 ], [ -74.2453716, 4.6412873 ], [ -74.2453562, 4.6412013 ], [ -74.2453319, 4.6410258 ], [ -74.2453271, 4.6409409 ], [ -74.2453258, 4.640856 ], [ -74.2453311, 4.6407746 ], [ -74.245344, 4.6407057 ], [ -74.2453957, 4.6406202 ], [ -74.2454383, 4.6404865 ], [ -74.2454824, 4.640325 ], [ -74.245486, 4.6402322 ], [ -74.2455245, 4.6400616 ], [ -74.2455474, 4.639974 ], [ -74.2456284, 4.6397043 ], [ -74.2456841, 4.6395247 ], [ -74.2457169, 4.6394246 ], [ -74.2457319, 4.6392312 ], [ -74.245736, 4.6391306 ], [ -74.245693, 4.6388385 ], [ -74.2456421, 4.6387254 ], [ -74.2454863, 4.6385373 ], [ -74.2454238, 4.6384518 ], [ -74.2453099, 4.638269 ], [ -74.2450877, 4.6379941 ], [ -74.2449459, 4.6378118 ], [ -74.2448633, 4.6377179 ], [ -74.2447741, 4.6376248 ], [ -74.2445764, 4.6374348 ], [ -74.2442394, 4.6372437 ], [ -74.2439499, 4.6371541 ], [ -74.2438304, 4.6370763 ], [ -74.2437508, 4.6369928 ], [ -74.2436612, 4.6369028 ], [ -74.2435861, 4.636822 ], [ -74.2435439, 4.6367436 ], [ -74.243719, 4.6366894 ], [ -74.2441994, 4.6365044 ], [ -74.2445102, 4.6363145 ], [ -74.2446225, 4.6362102 ], [ -74.2448136, 4.6359149 ], [ -74.2449279, 4.6353421 ], [ -74.2449165, 4.6352259 ], [ -74.2448809, 4.6351343 ], [ -74.2448589, 4.6349606 ], [ -74.2448334, 4.6348426 ], [ -74.2447374, 4.6347366 ], [ -74.244711, 4.6347029 ], [ -74.2448033, 4.6345815 ], [ -74.2448844, 4.6344903 ], [ -74.2450219, 4.6343028 ], [ -74.245135, 4.6341168 ], [ -74.2452856, 4.6338406 ], [ -74.2453729, 4.6336476 ], [ -74.2453942, 4.6335455 ], [ -74.2454261, 4.6333507 ], [ -74.2453938, 4.6330448 ], [ -74.2452577, 4.632842 ], [ -74.2452154, 4.6327897 ], [ -74.2452653, 4.6326638 ], [ -74.2453152, 4.6325755 ], [ -74.2453998, 4.6323923 ], [ -74.2454443, 4.6323021 ], [ -74.2455304, 4.6321182 ], [ -74.2455649, 4.6320329 ], [ -74.2456163, 4.6319508 ], [ -74.2456528, 4.6318977 ], [ -74.2469119, 4.6318074 ], [ -74.2470958, 4.631591 ], [ -74.2471701, 4.6314586 ], [ -74.2470706, 4.6311462 ], [ -74.2470252, 4.6310357 ], [ -74.2468239, 4.6308339 ], [ -74.2466549, 4.6307346 ], [ -74.246422, 4.6306361 ], [ -74.245192, 4.6305473 ], [ -74.2450335, 4.630391 ], [ -74.2449507, 4.6303031 ], [ -74.2448746, 4.6302157 ], [ -74.2448061, 4.6301286 ], [ -74.2447382, 4.6300341 ], [ -74.2446422, 4.6299364 ], [ -74.2444237, 4.6297447 ], [ -74.2431403, 4.6291949 ], [ -74.2432937, 4.6289808 ], [ -74.2441255, 4.629116 ], [ -74.2443996, 4.6292359 ], [ -74.2446713, 4.6293613 ], [ -74.2449514, 4.629607 ], [ -74.2450834, 4.6297415 ], [ -74.245166, 4.6298562 ], [ -74.2452214, 4.6299268 ], [ -74.2452842, 4.6299989 ], [ -74.2453553, 4.6300744 ], [ -74.2453896, 4.6301083 ], [ -74.2465285, 4.6301905 ], [ -74.2468571, 4.6303294 ], [ -74.2471014, 4.630473 ], [ -74.2474073, 4.6307796 ], [ -74.2474942, 4.6309909 ], [ -74.2476591, 4.6315087 ], [ -74.247467, 4.6318511 ], [ -74.2471322, 4.6322449 ], [ -74.2459285, 4.6323312 ], [ -74.2458502, 4.6324985 ], [ -74.2458063, 4.6325876 ], [ -74.2457345, 4.632743 ], [ -74.2458298, 4.632885 ], [ -74.2458805, 4.6333639 ], [ -74.2458373, 4.6336284 ], [ -74.2458038, 4.6337891 ], [ -74.2456889, 4.6340429 ], [ -74.2455252, 4.6343431 ], [ -74.2453965, 4.634555 ], [ -74.2452697, 4.6347278 ], [ -74.2453034, 4.6348841 ], [ -74.2453209, 4.6350219 ], [ -74.2453589, 4.6351197 ], [ -74.2453829, 4.6353649 ], [ -74.2452385, 4.6360885 ], [ -74.2449699, 4.6365038 ], [ -74.2447831, 4.6366772 ], [ -74.2444813, 4.6368615 ], [ -74.2448474, 4.6370691 ], [ -74.2450925, 4.6373047 ], [ -74.2451948, 4.6374115 ], [ -74.2452928, 4.6375229 ], [ -74.2454403, 4.6377126 ], [ -74.2456773, 4.6380057 ], [ -74.2457971, 4.6381979 ], [ -74.2458416, 4.6382589 ], [ -74.2460277, 4.6384835 ], [ -74.2461296, 4.6387101 ], [ -74.2461879, 4.6391065 ], [ -74.2461818, 4.6392579 ], [ -74.2461619, 4.639514 ], [ -74.2461133, 4.6396625 ], [ -74.2460596, 4.6398355 ], [ -74.2459811, 4.6400972 ], [ -74.2459619, 4.6401707 ], [ -74.2459347, 4.6402896 ], [ -74.2459306, 4.6403946 ], [ -74.2458704, 4.6406152 ], [ -74.2458086, 4.6408088 ], [ -74.2457771, 4.6408611 ], [ -74.2457775, 4.6409247 ], [ -74.2457808, 4.6409816 ], [ -74.2458014, 4.6411303 ], [ -74.2458128, 4.6411947 ], [ -74.2458777, 4.6414527 ], [ -74.2459012, 4.6415629 ], [ -74.2459363, 4.6417596 ], [ -74.2459545, 4.641879 ], [ -74.2459819, 4.6422753 ], [ -74.2459866, 4.6424896 ], [ -74.2459757, 4.6427062 ], [ -74.2459326, 4.643092 ], [ -74.2459086, 4.6432624 ], [ -74.2458948, 4.64346 ], [ -74.2458969, 4.6434768 ], [ -74.2459137, 4.643557 ], [ -74.2459308, 4.6436609 ], [ -74.2459574, 4.6437355 ], [ -74.2459902, 4.6438172 ], [ -74.2460866, 4.6439718 ], [ -74.2461531, 4.6441877 ], [ -74.2461937, 4.6443385 ], [ -74.2462178, 4.6444424 ], [ -74.2462564, 4.6446219 ], [ -74.2462031, 4.6448868 ], [ -74.2462312, 4.6450619 ], [ -74.2462309, 4.6451196 ], [ -74.2462483, 4.6452753 ], [ -74.2462442, 4.645329 ], [ -74.2462497, 4.6453986 ], [ -74.2462488, 4.6455925 ], [ -74.2462041, 4.6459358 ], [ -74.2461351, 4.6461844 ], [ -74.2459298, 4.6464159 ], [ -74.2460095, 4.6465535 ], [ -74.2460649, 4.6466531 ], [ -74.246154, 4.6468216 ], [ -74.2461892, 4.6468778 ], [ -74.2462075, 4.6469027 ], [ -74.246246, 4.6469359 ], [ -74.2463482, 4.6470079 ], [ -74.2466133, 4.6471872 ], [ -74.2469162, 4.6473961 ], [ -74.247152, 4.6476282 ], [ -74.247262, 4.647759 ], [ -74.2475221, 4.6481449 ], [ -74.2477143, 4.6484249 ], [ -74.2479371, 4.6487895 ], [ -74.2479826, 4.6488577 ], [ -74.2480337, 4.6489254 ], [ -74.2480811, 4.6489823 ], [ -74.2481185, 4.6490182 ], [ -74.2482471, 4.6491035 ], [ -74.2483945, 4.6492356 ], [ -74.2485227, 4.6492733 ], [ -74.2492523, 4.649371 ], [ -74.2495596, 4.6495355 ], [ -74.2498321, 4.6497697 ], [ -74.2499907, 4.6499308 ], [ -74.2501448, 4.6502151 ], [ -74.2504859, 4.6500974 ], [ -74.2507662, 4.6503299 ], [ -74.2509775, 4.650418 ], [ -74.2511642, 4.6505663 ], [ -74.2513932, 4.6507742 ], [ -74.2516185, 4.6515876 ], [ -74.2514145, 4.6519695 ], [ -74.2514477, 4.6520408 ], [ -74.251501, 4.652192 ], [ -74.2515704, 4.6525362 ], [ -74.2515967, 4.652933 ], [ -74.2515004, 4.6532947 ], [ -74.2514422, 4.6535016 ], [ -74.2512822, 4.6536919 ], [ -74.2510752, 4.6539146 ], [ -74.2510432, 4.6539395 ], [ -74.2510773, 4.6541521 ], [ -74.2511253, 4.6544674 ], [ -74.2511253, 4.654476 ], [ -74.2514222, 4.6545673 ], [ -74.2516522, 4.6547799 ], [ -74.2519116, 4.6551467 ], [ -74.2519808, 4.655313 ], [ -74.2520481, 4.6555208 ], [ -74.2521258, 4.6557782 ], [ -74.2521319, 4.6561408 ], [ -74.2521252, 4.6563455 ], [ -74.2521073, 4.6565787 ], [ -74.2520556, 4.6568045 ], [ -74.2520304, 4.656905 ], [ -74.2519876, 4.6570642 ], [ -74.2519629, 4.657214 ], [ -74.2519343, 4.6574063 ], [ -74.2518819, 4.6576573 ], [ -74.2517307, 4.658005 ], [ -74.251656, 4.6581376 ], [ -74.2518077, 4.6584004 ], [ -74.2518822, 4.6585364 ], [ -74.2519305, 4.6586763 ], [ -74.252001, 4.6588978 ], [ -74.2521299, 4.6591208 ], [ -74.2522492, 4.6593321 ], [ -74.2523384, 4.6595462 ], [ -74.2524052, 4.6597127 ], [ -74.252429, 4.6597619 ], [ -74.2524816, 4.6598476 ], [ -74.2525768, 4.6598977 ], [ -74.2527879, 4.6599946 ], [ -74.2531441, 4.6602091 ], [ -74.2533119, 4.6603425 ], [ -74.2535255, 4.6605612 ], [ -74.253609, 4.6608883 ], [ -74.2536477, 4.661053 ], [ -74.2536395, 4.661338 ], [ -74.2536162, 4.6614915 ], [ -74.2535247, 4.6618311 ], [ -74.2534614, 4.6619768 ], [ -74.2533421, 4.6622035 ], [ -74.2532685, 4.6623109 ], [ -74.2531913, 4.6624366 ], [ -74.2532554, 4.6625094 ], [ -74.2534475, 4.6628486 ], [ -74.2535225, 4.6630098 ], [ -74.2536046, 4.6633624 ], [ -74.2536204, 4.663484 ], [ -74.2536361, 4.6636223 ], [ -74.2536225, 4.6639089 ], [ -74.2534319, 4.6645867 ], [ -74.2533716, 4.6646111 ], [ -74.2534301, 4.6648088 ], [ -74.2535072, 4.6649843 ], [ -74.2535492, 4.6651147 ], [ -74.2535713, 4.6651978 ], [ -74.2535881, 4.6652103 ], [ -74.2536811, 4.6652956 ], [ -74.2538201, 4.6653929 ], [ -74.2539768, 4.6655498 ], [ -74.2543202, 4.6660335 ], [ -74.2543837, 4.6663013 ], [ -74.2543589, 4.6668583 ], [ -74.2542553, 4.667059 ], [ -74.2541998, 4.667162 ], [ -74.2542233, 4.6672611 ], [ -74.2542356, 4.6674027 ], [ -74.2542482, 4.6677099 ], [ -74.2542414, 4.6678938 ], [ -74.2542422, 4.6679265 ], [ -74.254312, 4.6680909 ], [ -74.2543443, 4.668253 ], [ -74.2543828, 4.6685381 ], [ -74.2544097, 4.6687233 ], [ -74.2544236, 4.6688404 ], [ -74.254436, 4.6691593 ], [ -74.2544273, 4.6693386 ], [ -74.2544956, 4.6693925 ], [ -74.254608, 4.6695189 ], [ -74.2548596, 4.6698047 ], [ -74.2550603, 4.6700614 ], [ -74.2551242, 4.6701254 ], [ -74.2552826, 4.6702789 ], [ -74.2556476, 4.6705512 ], [ -74.255779, 4.6706804 ], [ -74.2560374, 4.6709716 ], [ -74.2561236, 4.671075 ], [ -74.2562584, 4.6712473 ], [ -74.2563604, 4.6713601 ], [ -74.2565189, 4.6716171 ], [ -74.2565817, 4.6717632 ], [ -74.2566824, 4.672057 ], [ -74.2567472, 4.6722538 ], [ -74.2567983, 4.6724395 ], [ -74.256779, 4.6728968 ], [ -74.2567704, 4.6730035 ], [ -74.2567523, 4.6731802 ], [ -74.2567482, 4.6732417 ], [ -74.256749, 4.6734211 ], [ -74.2567365, 4.6736308 ], [ -74.2567253, 4.6737406 ], [ -74.2566999, 4.6739334 ], [ -74.2566071, 4.6745627 ], [ -74.2565838, 4.6747606 ], [ -74.2564937, 4.6751848 ], [ -74.2564346, 4.6753458 ], [ -74.2563193, 4.6755646 ], [ -74.2561881, 4.6757981 ], [ -74.2559854, 4.6760375 ], [ -74.2557521, 4.676266 ], [ -74.2555735, 4.6763929 ], [ -74.255532, 4.6764179 ], [ -74.2563619, 4.6764872 ], [ -74.2567748, 4.6766108 ], [ -74.2572054, 4.6768527 ], [ -74.2574327, 4.6770647 ], [ -74.257567, 4.6773757 ], [ -74.2576063, 4.6775008 ], [ -74.2576638, 4.6777052 ], [ -74.2577082, 4.6779094 ], [ -74.2576497, 4.678292 ], [ -74.2576076, 4.6785152 ], [ -74.2576162, 4.6785517 ], [ -74.2576578, 4.678862 ], [ -74.2576816, 4.6791324 ], [ -74.2576979, 4.6792516 ], [ -74.2576954, 4.6793912 ], [ -74.2576714, 4.6799332 ], [ -74.2576708, 4.6799686 ], [ -74.2576996, 4.6801551 ], [ -74.2577376, 4.6802715 ], [ -74.2578052, 4.6804368 ], [ -74.2579148, 4.6807127 ], [ -74.2579906, 4.6809083 ], [ -74.2580454, 4.6810739 ], [ -74.2581588, 4.6813247 ], [ -74.258331, 4.6817232 ], [ -74.2583734, 4.681873 ], [ -74.2584341, 4.6822046 ], [ -74.2584431, 4.6822267 ], [ -74.2584645, 4.6822707 ], [ -74.2585096, 4.6823399 ], [ -74.2585768, 4.6824507 ], [ -74.2587014, 4.6826845 ], [ -74.2587779, 4.6829118 ], [ -74.2588425, 4.683114 ], [ -74.2589096, 4.6833862 ], [ -74.2590365, 4.6837769 ], [ -74.2590575, 4.6839492 ], [ -74.2591819, 4.68426 ], [ -74.259337, 4.6848099 ], [ -74.2595786, 4.6854356 ], [ -74.2596427, 4.6856456 ], [ -74.2596889, 4.6858217 ], [ -74.2598579, 4.6863377 ] ] ] } },
{ "type": "Feature", "properties": { "AREA": 565902.37316324783, "PERIMETER": 3817.6342064400001, "USO_PROPUE": 62, "USO_PROP_1": 6145, "SIMBOLO_MA": "4", "DESC_MAPA": "Uso Industrial", "GRUPO": "Suelo de Desarrollo Rural", "SUB_GRUPO": "Zonas de Actividad Industrial", "SIMBOLO": "A-IND", "CLAS_CIAF": "1a" }, "geometry": { "type": "Polygon", "coordinates": [ [ [ -74.2601882, 4.6862599 ], [ -74.2598579, 4.6863377 ], [ -74.2596889, 4.6858217 ], [ -74.2596427, 4.6856456 ], [ -74.2595786, 4.6854356 ], [ -74.259337, 4.6848099 ], [ -74.2591819, 4.68426 ], [ -74.2590575, 4.6839492 ], [ -74.2590365, 4.6837769 ], [ -74.2589096, 4.6833862 ], [ -74.2588425, 4.683114 ], [ -74.2587779, 4.6829118 ], [ -74.2587014, 4.6826845 ], [ -74.2585768, 4.6824507 ], [ -74.2585096, 4.6823399 ], [ -74.2584645, 4.6822707 ], [ -74.2584431, 4.6822267 ], [ -74.2584341, 4.6822046 ], [ -74.2583734, 4.681873 ], [ -74.258331, 4.6817232 ], [ -74.2581644, 4.6813377 ], [ -74.2581854, 4.6811825 ], [ -74.2580696, 4.68064 ], [ -74.2580273, 4.6804591 ], [ -74.2579826, 4.6802783 ], [ -74.2579287, 4.680007 ], [ -74.2578988, 4.6798261 ], [ -74.2578609, 4.6795548 ], [ -74.2578092, 4.6791027 ], [ -74.2577792, 4.6784697 ], [ -74.2577831, 4.678108 ], [ -74.2577917, 4.6780175 ], [ -74.2578317, 4.6776558 ], [ -74.2578497, 4.6775654 ], [ -74.2579327, 4.6772036 ], [ -74.2579679, 4.6771132 ], [ -74.2579954, 4.6771132 ], [ -74.2582618, 4.6772036 ], [ -74.2583415, 4.6770227 ], [ -74.2583795, 4.6769322 ], [ -74.2584934, 4.6766609 ], [ -74.2585276, 4.6765705 ], [ -74.2586425, 4.6762087 ], [ -74.2588062, 4.6756661 ], [ -74.2588673, 4.6754852 ], [ -74.2590132, 4.6751235 ], [ -74.2590683, 4.675033 ], [ -74.259266, 4.6747617 ], [ -74.2594174, 4.6745808 ], [ -74.2596194, 4.6743999 ], [ -74.2598055, 4.674219 ], [ -74.2599774, 4.6740381 ], [ -74.2603659, 4.6734954 ], [ -74.2606312, 4.6731336 ], [ -74.2607716, 4.6729527 ], [ -74.260844, 4.6728622 ], [ -74.2611609, 4.6725004 ], [ -74.2612543, 4.67241 ], [ -74.2615633, 4.6721386 ], [ -74.261719, 4.6720482 ], [ -74.261909, 4.6719577 ], [ -74.2622591, 4.6718672 ], [ -74.2629273, 4.6720478 ], [ -74.2630738, 4.6721382 ], [ -74.2631997, 4.6722286 ], [ -74.2633189, 4.672319 ], [ -74.2635073, 4.6726807 ], [ -74.2635486, 4.6727711 ], [ -74.2637252, 4.6732232 ], [ -74.2640248, 4.6735849 ], [ -74.2640811, 4.6736753 ], [ -74.2641357, 4.6741274 ], [ -74.2641411, 4.6742178 ], [ -74.2640632, 4.6745796 ], [ -74.2640534, 4.6746408 ], [ -74.2640509, 4.6747297 ], [ -74.2640545, 4.6748509 ], [ -74.2640517, 4.6749413 ], [ -74.2640588, 4.6750317 ], [ -74.2642883, 4.6756647 ], [ -74.2644674, 4.6762977 ], [ -74.2644674, 4.6763881 ], [ -74.2643118, 4.6769307 ], [ -74.2642261, 4.6771116 ], [ -74.2639028, 4.6775638 ], [ -74.2638165, 4.6776543 ], [ -74.2633877, 4.6779257 ], [ -74.2630566, 4.6780162 ], [ -74.2622094, 4.6781068 ], [ -74.2618811, 4.6781974 ], [ -74.2617551, 4.6782878 ], [ -74.2615127, 4.6786496 ], [ -74.2613703, 4.6789209 ], [ -74.2612806, 4.6791923 ], [ -74.2611949, 4.6794636 ], [ -74.2609099, 4.681001 ], [ -74.2608635, 4.6812723 ], [ -74.2607414, 4.682267 ], [ -74.2606042, 4.6832618 ], [ -74.2604928, 4.6841661 ], [ -74.2604579, 4.6844374 ], [ -74.2603941, 4.6848896 ], [ -74.2603544, 4.6851609 ], [ -74.2601882, 4.6862599 ] ] ] } },
{ "type": "Feature", "properties": { "AREA": 1915.6874792184699, "PERIMETER": 177.41682643300001, "USO_PROPUE": 63, "USO_PROP_1": 6122, "SIMBOLO_MA": "26", "DESC_MAPA": "Uso De Protección De Infraestructura De Servicios Públicos", "GRUPO": "Suelo de Desarrollo Rural", "SUB_GRUPO": "Zona de Infraestructura de Servicios", "SIMBOLO": "In-Se", "CLAS_CIAF": "1a" }, "geometry": { "type": "Polygon", "coordinates": [ [ [ -74.2559402, 4.683403 ], [ -74.2559951, 4.682938 ], [ -74.2563369, 4.6829892 ], [ -74.2562624, 4.6834463 ], [ -74.2559402, 4.683403 ] ] ] } },
{ "type": "Feature", "properties": { "AREA": 1512666.0898116883, "PERIMETER": 5626.9166962999998, "USO_PROPUE": 64, "USO_PROP_1": 6101, "SIMBOLO_MA": "5", "DESC_MAPA": "Área Distrito De Adecuación De Tierras", "GRUPO": "Suelo de Protección y de Importancia Ambiental", "SUB_GRUPO": "Zonas de Protección de Los Recursos Naturales (Propuesta Área Protegida)", "SIMBOLO": "PRN-AP", "CLAS_CIAF": "3a" }, "geometry": { "type": "Polygon", "coordinates": [ [ [ -74.2500803, 4.6615494 ], [ -74.2506086, 4.6609175 ], [ -74.250673, 4.6610087 ], [ -74.250892, 4.6612268 ], [ -74.2510163, 4.6613451 ], [ -74.2511738, 4.6614609 ], [ -74.2512719, 4.6615284 ], [ -74.2512034, 4.6616234 ], [ -74.2510585, 4.6618658 ], [ -74.2509533, 4.6621487 ], [ -74.2509045, 4.6624724 ], [ -74.2509751, 4.6628689 ], [ -74.2510259, 4.6630251 ], [ -74.2511498, 4.663295 ], [ -74.2512346, 4.6634012 ], [ -74.2511496, 4.6635584 ], [ -74.2510777, 4.6640754 ], [ -74.2510884, 4.6642259 ], [ -74.2511194, 4.6645862 ], [ -74.2514464, 4.6653669 ], [ -74.251521, 4.6655974 ], [ -74.2515415, 4.6656815 ], [ -74.2516427, 4.6660215 ], [ -74.2517751, 4.6662633 ], [ -74.2518509, 4.6663884 ], [ -74.2519707, 4.6665459 ], [ -74.2520796, 4.6666408 ], [ -74.2520099, 4.6667919 ], [ -74.2518966, 4.6671581 ], [ -74.2518859, 4.6673225 ], [ -74.251877, 4.6676444 ], [ -74.2519271, 4.6680579 ], [ -74.2519722, 4.6683375 ], [ -74.2520144, 4.6686124 ], [ -74.2520688, 4.6689061 ], [ -74.252089, 4.6689949 ], [ -74.2521144, 4.6691337 ], [ -74.2521342, 4.6694219 ], [ -74.2521521, 4.6694948 ], [ -74.2521535, 4.6698368 ], [ -74.2521801, 4.6699932 ], [ -74.252254, 4.670283 ], [ -74.2524186, 4.6705348 ], [ -74.2525329, 4.6707175 ], [ -74.2525992, 4.6708172 ], [ -74.252733, 4.6710128 ], [ -74.2529042, 4.6712352 ], [ -74.253143, 4.6714725 ], [ -74.253419, 4.6716704 ], [ -74.2535017, 4.6717349 ], [ -74.2536748, 4.6719067 ], [ -74.2539864, 4.6721755 ], [ -74.25422, 4.6724163 ], [ -74.2543535, 4.6725713 ], [ -74.2544063, 4.672642 ], [ -74.2545044, 4.6727794 ], [ -74.2544356, 4.6730163 ], [ -74.2544152, 4.6731459 ], [ -74.2543738, 4.6734455 ], [ -74.2543672, 4.6735744 ], [ -74.2543679, 4.6737357 ], [ -74.2543405, 4.673957 ], [ -74.2543309, 4.6740096 ], [ -74.2542865, 4.6741741 ], [ -74.2542372, 4.6743727 ], [ -74.2541974, 4.6745719 ], [ -74.2539694, 4.6746911 ], [ -74.2538104, 4.6748749 ], [ -74.2536525, 4.6750879 ], [ -74.2535692, 4.6752191 ], [ -74.2534646, 4.6754301 ], [ -74.2533644, 4.6756427 ], [ -74.2532875, 4.6758641 ], [ -74.2532549, 4.6759771 ], [ -74.2531986, 4.6761994 ], [ -74.2531518, 4.6765726 ], [ -74.2531971, 4.67693 ], [ -74.2532408, 4.6771496 ], [ -74.2532827, 4.6773012 ], [ -74.2533465, 4.6774404 ], [ -74.2534154, 4.6775773 ], [ -74.2535923, 4.6778245 ], [ -74.2538266, 4.6780678 ], [ -74.2539947, 4.6781904 ], [ -74.2541621, 4.6783055 ], [ -74.2543513, 4.6784014 ], [ -74.2509367, 4.6813631 ], [ -74.2493237, 4.6794105 ], [ -74.2485082, 4.6785249 ], [ -74.2467825, 4.6763611 ], [ -74.245775, 4.6751238 ], [ -74.2445872, 4.6736874 ], [ -74.2438532, 4.6729079 ], [ -74.2428336, 4.6719044 ], [ -74.2428319, 4.6718979 ], [ -74.2428795, 4.6712883 ], [ -74.2429289, 4.6708475 ], [ -74.2429458, 4.670105 ], [ -74.2429372, 4.6699379 ], [ -74.2441951, 4.6683787 ], [ -74.2445581, 4.6679323 ], [ -74.2454013, 4.6669765 ], [ -74.2471344, 4.6649792 ], [ -74.2478883, 4.6641229 ], [ -74.2490159, 4.662848 ], [ -74.249651, 4.6620673 ], [ -74.2500317, 4.6616168 ], [ -74.2500803, 4.6615494 ] ] ] } },
{ "type": "Feature", "properties": { "AREA": 20558.634431453422, "PERIMETER": 1574.3092979, "USO_PROPUE": 65, "USO_PROP_1": 6100, "SIMBOLO_MA": "2", "DESC_MAPA": "Agropecuario Mecanizado Intensivo", "GRUPO": "Suelo de Desarrollo Rural", "SUB_GRUPO": "Zona de Desarrollo Agropecuario Sin Restricciones", "SIMBOLO": "DA-sr", "CLAS_CIAF": "2b" }, "geometry": { "type": "Polygon", "coordinates": [ [ [ -74.2579679, 4.6771132 ], [ -74.2579327, 4.6772036 ], [ -74.2578497, 4.6775654 ], [ -74.2578317, 4.6776558 ], [ -74.2577917, 4.6780175 ], [ -74.2577831, 4.678108 ], [ -74.2577792, 4.6784697 ], [ -74.2577955, 4.6788314 ], [ -74.2578092, 4.6791027 ], [ -74.2578609, 4.6795548 ], [ -74.2578988, 4.6798261 ], [ -74.2579287, 4.680007 ], [ -74.2579826, 4.6802783 ], [ -74.2580273, 4.6804591 ], [ -74.2580696, 4.68064 ], [ -74.2581854, 4.6811825 ], [ -74.2581644, 4.6813377 ], [ -74.2580454, 4.6810739 ], [ -74.2579906, 4.6809083 ], [ -74.2579148, 4.6807127 ], [ -74.2578052, 4.6804368 ], [ -74.2577376, 4.6802715 ], [ -74.2576996, 4.6801551 ], [ -74.2576708, 4.6799686 ], [ -74.2576714, 4.6799332 ], [ -74.2576954, 4.6793912 ], [ -74.2576979, 4.6792516 ], [ -74.2576816, 4.6791324 ], [ -74.2576578, 4.678862 ], [ -74.2576162, 4.6785517 ], [ -74.2576076, 4.6785152 ], [ -74.2576497, 4.678292 ], [ -74.2577082, 4.6779094 ], [ -74.2576638, 4.6777052 ], [ -74.2576063, 4.6775008 ], [ -74.257567, 4.6773757 ], [ -74.2574327, 4.6770647 ], [ -74.2572054, 4.6768527 ], [ -74.2567748, 4.6766108 ], [ -74.2563619, 4.6764872 ], [ -74.255532, 4.6764179 ], [ -74.2555735, 4.6763929 ], [ -74.2557521, 4.676266 ], [ -74.2559854, 4.6760375 ], [ -74.2561881, 4.6757981 ], [ -74.2563129, 4.6755761 ], [ -74.2564791, 4.6758476 ], [ -74.2565982, 4.6760284 ], [ -74.257012, 4.67639 ], [ -74.2573356, 4.6766612 ], [ -74.2575771, 4.676842 ], [ -74.2579679, 4.6771132 ] ] ] } },
{ "type": "Feature", "properties": { "AREA": 14973808.1599, "PERIMETER": 20395.632788200001, "USO_PROPUE": 66, "USO_PROP_1": 6058, "SIMBOLO_MA": "7", "DESC_MAPA": "Área De Recuperación Morfológica y Rehabilitación", "GRUPO": "Suelo de Protección y de Importancia Ambiental", "SUB_GRUPO": "Zonas de Recuperación Ambiental", "SIMBOLO": "RA", "CLAS_CIAF": "3a" }, "geometry": { "type": "Polygon", "coordinates": [ [ [ -74.2579679, 4.6771132 ], [ -74.2575771, 4.676842 ], [ -74.2573356, 4.6766612 ], [ -74.257012, 4.67639 ], [ -74.2565982, 4.6760284 ], [ -74.2564791, 4.6758476 ], [ -74.2563129, 4.6755761 ], [ -74.2564346, 4.6753458 ], [ -74.2564937, 4.6751848 ], [ -74.2565838, 4.6747606 ], [ -74.2566071, 4.6745627 ], [ -74.2566999, 4.6739334 ], [ -74.2567253, 4.6737406 ], [ -74.2567365, 4.6736308 ], [ -74.256749, 4.6734211 ], [ -74.2567482, 4.6732417 ], [ -74.2567523, 4.6731802 ], [ -74.2567704, 4.6730035 ], [ -74.256779, 4.6728968 ], [ -74.2567983, 4.6724395 ], [ -74.2567472, 4.6722538 ], [ -74.2566824, 4.672057 ], [ -74.2565817, 4.6717632 ], [ -74.2565189, 4.6716171 ], [ -74.2563604, 4.6713601 ], [ -74.2562584, 4.6712473 ], [ -74.2561236, 4.671075 ], [ -74.2560374, 4.6709716 ], [ -74.255779, 4.6706804 ], [ -74.2556476, 4.6705512 ], [ -74.2552826, 4.6702789 ], [ -74.2551628, 4.6701629 ], [ -74.2550833, 4.6699699 ], [ -74.2550619, 4.6698795 ], [ -74.2549835, 4.6691561 ], [ -74.25497, 4.6689752 ], [ -74.2549345, 4.6684327 ], [ -74.2548668, 4.6676188 ], [ -74.2548438, 4.6674379 ], [ -74.2547812, 4.6670762 ], [ -74.2547542, 4.6668954 ], [ -74.2547299, 4.6667145 ], [ -74.2546936, 4.6665337 ], [ -74.2545723, 4.666172 ], [ -74.2545134, 4.6659911 ], [ -74.2541708, 4.6649061 ], [ -74.2540671, 4.6646348 ], [ -74.2539932, 4.664454 ], [ -74.2539318, 4.6642731 ], [ -74.2536465, 4.663188 ], [ -74.2534796, 4.6627359 ], [ -74.2532993, 4.662266 ], [ -74.2533421, 4.6622035 ], [ -74.2534614, 4.6619768 ], [ -74.2535247, 4.6618311 ], [ -74.2536162, 4.6614915 ], [ -74.2536395, 4.661338 ], [ -74.2536477, 4.661053 ], [ -74.253609, 4.6608883 ], [ -74.2535255, 4.6605612 ], [ -74.2533119, 4.6603425 ], [ -74.2531441, 4.6602091 ], [ -74.2528732, 4.660046 ], [ -74.2528716, 4.6600232 ], [ -74.2527905, 4.6597519 ], [ -74.2527036, 4.659571 ], [ -74.2526509, 4.6594806 ], [ -74.2524555, 4.6592094 ], [ -74.2523976, 4.659119 ], [ -74.2523434, 4.6590285 ], [ -74.2521612, 4.6587573 ], [ -74.2520904, 4.6586669 ], [ -74.2519665, 4.6584861 ], [ -74.2518362, 4.6581244 ], [ -74.251807, 4.6580339 ], [ -74.2517784, 4.6578955 ], [ -74.2518819, 4.6576573 ], [ -74.2519343, 4.6574063 ], [ -74.2519629, 4.657214 ], [ -74.2519876, 4.6570642 ], [ -74.2520304, 4.656905 ], [ -74.2520556, 4.6568045 ], [ -74.2521073, 4.6565787 ], [ -74.2521252, 4.6563455 ], [ -74.2521319, 4.6561408 ], [ -74.2521258, 4.6557782 ], [ -74.2520481, 4.6555208 ], [ -74.2519808, 4.655313 ], [ -74.2519116, 4.6551467 ], [ -74.2516522, 4.6547799 ], [ -74.2514222, 4.6545673 ], [ -74.2511253, 4.654476 ], [ -74.2511253, 4.6544674 ], [ -74.2510773, 4.6541521 ], [ -74.2510432, 4.6539395 ], [ -74.2510752, 4.6539146 ], [ -74.2512822, 4.6536919 ], [ -74.2514422, 4.6535016 ], [ -74.2515004, 4.6532947 ], [ -74.2515967, 4.652933 ], [ -74.2515704, 4.6525362 ], [ -74.251501, 4.652192 ], [ -74.2514477, 4.6520408 ], [ -74.2514145, 4.6519695 ], [ -74.2516185, 4.6515876 ], [ -74.2513932, 4.6507742 ], [ -74.2511642, 4.6505663 ], [ -74.2509775, 4.650418 ], [ -74.2507662, 4.6503299 ], [ -74.2505158, 4.6501222 ], [ -74.2506673, 4.6497146 ], [ -74.2506922, 4.6496242 ], [ -74.2508398, 4.6486294 ], [ -74.2508627, 4.6479964 ], [ -74.2508645, 4.647906 ], [ -74.2508449, 4.647273 ], [ -74.2509484, 4.6466399 ], [ -74.2510883, 4.6460069 ], [ -74.2511107, 4.645826 ], [ -74.2510879, 4.6453739 ], [ -74.2510688, 4.645193 ], [ -74.2509768, 4.6447409 ], [ -74.2508307, 4.6444696 ], [ -74.2506709, 4.6441984 ], [ -74.250571, 4.6440175 ], [ -74.2490643, 4.6399485 ], [ -74.248983, 4.6397677 ], [ -74.2488556, 4.6394964 ], [ -74.248807, 4.6393156 ], [ -74.2487678, 4.6390443 ], [ -74.2487437, 4.6388634 ], [ -74.248714, 4.6383209 ], [ -74.248696, 4.6382304 ], [ -74.2486296, 4.6379592 ], [ -74.2486127, 4.6378687 ], [ -74.2484979, 4.6371453 ], [ -74.2484092, 4.6363315 ], [ -74.2483591, 4.6356985 ], [ -74.2483152, 4.6353368 ], [ -74.2482582, 4.6348846 ], [ -74.2482544, 4.6347942 ], [ -74.2482391, 4.6341612 ], [ -74.248238, 4.6339803 ], [ -74.2482475, 4.6335282 ], [ -74.24825, 4.6333473 ], [ -74.2482454, 4.633076 ], [ -74.2482431, 4.6328047 ], [ -74.248273, 4.6323526 ], [ -74.2482911, 4.6321717 ], [ -74.2483244, 4.6319004 ], [ -74.248355, 4.6317195 ], [ -74.2484391, 4.6313578 ], [ -74.2484836, 4.6311769 ], [ -74.2485321, 4.6309961 ], [ -74.2486669, 4.6307247 ], [ -74.2489374, 4.6303629 ], [ -74.2492446, 4.630182 ], [ -74.2494392, 4.6300915 ], [ -74.2496826, 4.630001 ], [ -74.2500304, 4.6299105 ], [ -74.2506932, 4.6298199 ], [ -74.2512421, 4.629639 ], [ -74.2514723, 4.6295485 ], [ -74.2517169, 4.629458 ], [ -74.2521434, 4.6293674 ], [ -74.2524365, 4.6292769 ], [ -74.2526667, 4.6291865 ], [ -74.2530821, 4.6290055 ], [ -74.2538263, 4.6286436 ], [ -74.2539953, 4.6285531 ], [ -74.2543383, 4.6282817 ], [ -74.2545839, 4.6281008 ], [ -74.2548385, 4.6279199 ], [ -74.2549155, 4.6278874 ], [ -74.2551235, 4.6281177 ], [ -74.2570893, 4.6281172 ], [ -74.2576952, 4.6273265 ], [ -74.2578933, 4.6273766 ], [ -74.259198, 4.6274667 ], [ -74.2595818, 4.627557 ], [ -74.259688, 4.6276474 ], [ -74.259776, 4.6277378 ], [ -74.2598206, 4.6278282 ], [ -74.259892, 4.6278282 ], [ -74.2612319, 4.6273757 ], [ -74.2615809, 4.6271948 ], [ -74.2617345, 4.6271043 ], [ -74.2620116, 4.6269234 ], [ -74.262187, 4.6268329 ], [ -74.2625455, 4.6266519 ], [ -74.2629224, 4.626471 ], [ -74.2633233, 4.62629 ], [ -74.2635152, 4.6261995 ], [ -74.264078, 4.6259281 ], [ -74.264799, 4.6254758 ], [ -74.2649764, 4.6253853 ], [ -74.2655227, 4.6251138 ], [ -74.2657236, 4.6250234 ], [ -74.2663951, 4.6247519 ], [ -74.2669351, 4.6245709 ], [ -74.2671687, 4.6244804 ], [ -74.2679003, 4.6240281 ], [ -74.2680532, 4.6239376 ], [ -74.2683732, 4.6237566 ], [ -74.268684, 4.6235757 ], [ -74.2692785, 4.6232138 ], [ -74.2694326, 4.6231234 ], [ -74.2702195, 4.622671 ], [ -74.2709036, 4.6223091 ], [ -74.2715158, 4.6220376 ], [ -74.2717025, 4.6219471 ], [ -74.2720168, 4.6217662 ], [ -74.2721761, 4.6215853 ], [ -74.2722367, 4.6214949 ], [ -74.2722406, 4.6214044 ], [ -74.2722306, 4.6211331 ], [ -74.272212, 4.6209523 ], [ -74.2721896, 4.620681 ], [ -74.2721909, 4.6205906 ], [ -74.2722088, 4.6204097 ], [ -74.2722318, 4.6203193 ], [ -74.2722938, 4.6201384 ], [ -74.2723274, 4.6200711 ], [ -74.274778, 4.6212997 ], [ -74.2767435, 4.6223742 ], [ -74.2803176, 4.6230904 ], [ -74.2810332, 4.6259597 ], [ -74.2829995, 4.6279317 ], [ -74.2830001, 4.6300839 ], [ -74.2833582, 4.6333099 ], [ -74.2833591, 4.6363585 ], [ -74.2837183, 4.6417373 ], [ -74.2847024, 4.6459047 ], [ -74.2849767, 4.6478348 ], [ -74.2852163, 4.648253 ], [ -74.2853531, 4.6485055 ], [ -74.2855589, 4.6488949 ], [ -74.2856671, 4.6491356 ], [ -74.2858097, 4.6494221 ], [ -74.285901, 4.6496854 ], [ -74.2859811, 4.6498918 ], [ -74.2860498, 4.6501608 ], [ -74.2861124, 4.6503789 ], [ -74.2861525, 4.6506536 ], [ -74.2861752, 4.6509684 ], [ -74.2861696, 4.6512776 ], [ -74.2861066, 4.651559 ], [ -74.2861011, 4.6518682 ], [ -74.2860724, 4.6522226 ], [ -74.2860838, 4.6524696 ], [ -74.2860838, 4.6527222 ], [ -74.2860271, 4.6530302 ], [ -74.285924, 4.6533858 ], [ -74.2858498, 4.6536317 ], [ -74.2857986, 4.6539871 ], [ -74.2857571, 4.654164 ], [ -74.2856878, 4.6540921 ], [ -74.2855896, 4.6539963 ], [ -74.2854893, 4.6539058 ], [ -74.2854201, 4.6538518 ], [ -74.2853841, 4.6538267 ], [ -74.2853285, 4.6537914 ], [ -74.2852516, 4.6537489 ], [ -74.285172, 4.6537119 ], [ -74.2850901, 4.6536806 ], [ -74.2850483, 4.6536671 ], [ -74.2849849, 4.6536496 ], [ -74.284899, 4.6536316 ], [ -74.2848339, 4.653622 ], [ -74.2847903, 4.6536175 ], [ -74.2847465, 4.6536146 ], [ -74.2846837, 4.653613 ], [ -74.284618, 4.6536148 ], [ -74.2845742, 4.6536178 ], [ -74.2844871, 4.6536286 ], [ -74.284401, 4.6536454 ], [ -74.2843373, 4.653662 ], [ -74.2842954, 4.6536748 ], [ -74.2842539, 4.6536892 ], [ -74.2841927, 4.6537134 ], [ -74.2841132, 4.6537506 ], [ -74.2840554, 4.6537821 ], [ -74.2840178, 4.6538048 ], [ -74.2839451, 4.653854 ], [ -74.283876, 4.6539083 ], [ -74.2837946, 4.6539814 ], [ -74.2836958, 4.6540767 ], [ -74.2836005, 4.6541753 ], [ -74.2835086, 4.6542773 ], [ -74.2834204, 4.6543824 ], [ -74.2833358, 4.6544905 ], [ -74.2832551, 4.6546015 ], [ -74.2831782, 4.6547153 ], [ -74.2831054, 4.6548316 ], [ -74.2830367, 4.6549505 ], [ -74.2829721, 4.6550717 ], [ -74.2829023, 4.6552156 ], [ -74.2828514, 4.6553288 ], [ -74.2828024, 4.6554429 ], [ -74.2827554, 4.6555579 ], [ -74.2827105, 4.6556737 ], [ -74.2826675, 4.6557902 ], [ -74.2826266, 4.6559075 ], [ -74.2825878, 4.6560255 ], [ -74.2825509, 4.6561441 ], [ -74.2825162, 4.6562633 ], [ -74.2824835, 4.6563832 ], [ -74.282453, 4.6565036 ], [ -74.2824245, 4.6566245 ], [ -74.2823746, 4.6568641 ], [ -74.2823378, 4.6570667 ], [ -74.2823045, 4.65727 ], [ -74.2822748, 4.6574738 ], [ -74.2822487, 4.657678 ], [ -74.2822261, 4.6578828 ], [ -74.282207, 4.6580878 ], [ -74.2821915, 4.6582932 ], [ -74.2821796, 4.6584988 ], [ -74.2821713, 4.6587046 ], [ -74.2821654, 4.6590835 ], [ -74.2821672, 4.6592894 ], [ -74.2821726, 4.6594953 ], [ -74.2821817, 4.6597011 ], [ -74.2821942, 4.6599067 ], [ -74.2822104, 4.660112 ], [ -74.2822301, 4.660317 ], [ -74.2822534, 4.6605216 ], [ -74.2822803, 4.6607258 ], [ -74.2823107, 4.6609295 ], [ -74.2823248, 4.6610105 ], [ -74.2820976, 4.6609197 ], [ -74.2810299, 4.6608296 ], [ -74.2801082, 4.6607394 ], [ -74.2799781, 4.6607394 ], [ -74.2801491, 4.660649 ], [ -74.280677, 4.6603775 ], [ -74.2807764, 4.6602871 ], [ -74.2808671, 4.6601966 ], [ -74.2810441, 4.6600157 ], [ -74.2812185, 4.6598348 ], [ -74.281476, 4.659473 ], [ -74.2815199, 4.6593825 ], [ -74.2816473, 4.6590208 ], [ -74.2816591, 4.658957 ], [ -74.2816854, 4.6588399 ], [ -74.2817313, 4.6585686 ], [ -74.2816962, 4.6584782 ], [ -74.2815863, 4.6582069 ], [ -74.2814327, 4.6580261 ], [ -74.2810826, 4.6577549 ], [ -74.2808046, 4.6576646 ], [ -74.2801621, 4.6574839 ], [ -74.2760992, 4.657485 ], [ -74.2752765, 4.6573948 ], [ -74.2748661, 4.6573045 ], [ -74.274546, 4.6572142 ], [ -74.2739726, 4.6570335 ], [ -74.273782, 4.6569431 ], [ -74.2734567, 4.6567623 ], [ -74.2733313, 4.6566719 ], [ -74.2732215, 4.6565815 ], [ -74.2729912, 4.6563103 ], [ -74.272687, 4.6559487 ], [ -74.2722495, 4.6558584 ], [ -74.2720605, 4.6560393 ], [ -74.2718636, 4.6562202 ], [ -74.271658, 4.6564011 ], [ -74.271512, 4.6564916 ], [ -74.2705374, 4.6565823 ], [ -74.2701487, 4.6566728 ], [ -74.2698658, 4.6568537 ], [ -74.2696255, 4.6570347 ], [ -74.2691225, 4.6573061 ], [ -74.2685664, 4.6574871 ], [ -74.2676692, 4.6577586 ], [ -74.2674606, 4.6578491 ], [ -74.2668556, 4.6581206 ], [ -74.266445, 4.6582111 ], [ -74.2644722, 4.658302 ], [ -74.2637634, 4.6583927 ], [ -74.2631055, 4.6584833 ], [ -74.2617306, 4.6587549 ], [ -74.2615518, 4.6588454 ], [ -74.2609534, 4.6592977 ], [ -74.2607607, 4.659569 ], [ -74.2605753, 4.6598404 ], [ -74.2603928, 4.6601117 ], [ -74.2602025, 4.6605639 ], [ -74.2601862, 4.6607448 ], [ -74.2601782, 4.6611065 ], [ -74.2602152, 4.6612873 ], [ -74.2603269, 4.6615586 ], [ -74.2606037, 4.6621011 ], [ -74.2607452, 4.6624628 ], [ -74.2608203, 4.6626436 ], [ -74.2609142, 4.6628245 ], [ -74.2610594, 4.6630957 ], [ -74.2613685, 4.6635478 ], [ -74.2614955, 4.6636382 ], [ -74.2618909, 4.6639094 ], [ -74.262126, 4.6639998 ], [ -74.2625692, 4.6640901 ], [ -74.2628447, 4.66409 ], [ -74.2635438, 4.663909 ], [ -74.2642563, 4.6637279 ], [ -74.2645753, 4.6636374 ], [ -74.2658326, 4.6632753 ], [ -74.2660797, 4.6631849 ], [ -74.2663323, 4.6630944 ], [ -74.2662029, 4.6631848 ], [ -74.2658276, 4.6636371 ], [ -74.2656743, 4.663818 ], [ -74.2654224, 4.6640893 ], [ -74.2652992, 4.6641798 ], [ -74.2649219, 4.6644512 ], [ -74.2644931, 4.664813 ], [ -74.2644031, 4.6649035 ], [ -74.2637971, 4.6655366 ], [ -74.2636372, 4.6657175 ], [ -74.2630942, 4.6663507 ], [ -74.2628984, 4.666622 ], [ -74.2623821, 4.667436 ], [ -74.2622548, 4.6677074 ], [ -74.2619657, 4.6683404 ], [ -74.2618616, 4.6686118 ], [ -74.261513, 4.669697 ], [ -74.2614622, 4.6698779 ], [ -74.2612757, 4.6706918 ], [ -74.2612149, 4.6709631 ], [ -74.261015, 4.6719579 ], [ -74.2608974, 4.6725005 ], [ -74.2608639, 4.6726814 ], [ -74.260829, 4.672881 ], [ -74.2607007, 4.6730431 ], [ -74.2606312, 4.6731336 ], [ -74.2603659, 4.6734954 ], [ -74.2599774, 4.6740381 ], [ -74.2598055, 4.674219 ], [ -74.2596194, 4.6743999 ], [ -74.2594174, 4.6745808 ], [ -74.259266, 4.6747617 ], [ -74.2590683, 4.675033 ], [ -74.2590132, 4.6751235 ], [ -74.2588673, 4.6754852 ], [ -74.2588062, 4.6756661 ], [ -74.2586425, 4.6762087 ], [ -74.2585276, 4.6765705 ], [ -74.2584934, 4.6766609 ], [ -74.2583795, 4.6769322 ], [ -74.2583415, 4.6770227 ], [ -74.2582618, 4.6772036 ], [ -74.2579954, 4.6771132 ], [ -74.2579679, 4.6771132 ] ] ] } },
{ "type": "Feature", "properties": { "AREA": 286318.66118426662, "PERIMETER": 2362.5439214399998, "USO_PROPUE": 67, "USO_PROP_1": 6022, "SIMBOLO_MA": "1", "DESC_MAPA": "Zona De Reserva Forestal (Area Forestal Protectora)", "GRUPO": "Suelo de Protección y de Importancia Ambiental", "SUB_GRUPO": "Zona de Conservación de Bosques Naturales", "SIMBOLO": "CBN", "CLAS_CIAF": "5a" }, "geometry": { "type": "Polygon", "coordinates": [ [ [ -74.2068338, 4.6654574 ], [ -74.2095259, 4.6727831 ], [ -74.2075442, 4.6728739 ], [ -74.2073, 4.672874 ], [ -74.2039711, 4.6727841 ], [ -74.2047046, 4.6691668 ], [ -74.2047615, 4.6689859 ], [ -74.2050146, 4.6684433 ], [ -74.2064277, 4.6660918 ], [ -74.2068338, 4.6654574 ] ] ] } },
{ "type": "Feature", "properties": { "AREA": 253223.45924828577, "PERIMETER": 4400.12060638, "USO_PROPUE": 68, "USO_PROP_1": 6018, "SIMBOLO_MA": "16", "DESC_MAPA": "Suelo Sub - Urbano", "GRUPO": "Suelo de Desarrollo Rural", "SUB_GRUPO": "Suelos Suburbanos", "SIMBOLO": "Sub", "CLAS_CIAF": "1a" }, "geometry": { "type": "Polygon", "coordinates": [ [ [ -74.2307793, 4.6720636 ], [ -74.2291557, 4.6704462 ], [ -74.2300868, 4.6693539 ], [ -74.2303759, 4.6696075 ], [ -74.2315678, 4.6681759 ], [ -74.2323805, 4.6672336 ], [ -74.2343385, 4.6648793 ], [ -74.2359293, 4.6660171 ], [ -74.2393607, 4.6683955 ], [ -74.2393608, 4.6687018 ], [ -74.2393405, 4.6689571 ], [ -74.2392082, 4.6692022 ], [ -74.2390046, 4.6694167 ], [ -74.2388418, 4.6696312 ], [ -74.2385772, 4.6698865 ], [ -74.2380987, 4.670101 ], [ -74.2373861, 4.6702748 ], [ -74.2371519, 4.6704076 ], [ -74.2366328, 4.6706119 ], [ -74.2362968, 4.6706937 ], [ -74.235462, 4.6709594 ], [ -74.2351628, 4.6709788 ], [ -74.2350851, 4.6697677 ], [ -74.2350875, 4.6697662 ], [ -74.2352026, 4.6697352 ], [ -74.2352991, 4.6697225 ], [ -74.2354513, 4.6696551 ], [ -74.2355577, 4.6695826 ], [ -74.2357664, 4.6693962 ], [ -74.2358589, 4.6693281 ], [ -74.2360203, 4.6692655 ], [ -74.2362546, 4.6692451 ], [ -74.2364379, 4.6692702 ], [ -74.2365983, 4.669295 ], [ -74.2367634, 4.6693107 ], [ -74.2368966, 4.6692984 ], [ -74.2370161, 4.6692905 ], [ -74.2371812, 4.6693016 ], [ -74.2373553, 4.6693266 ], [ -74.2375569, 4.6693657 ], [ -74.2377674, 4.6694187 ], [ -74.2379414, 4.6694575 ], [ -74.2380883, 4.6694592 ], [ -74.2382307, 4.669447 ], [ -74.2383784, 4.6693749 ], [ -74.238453, 4.6692699 ], [ -74.2385467, 4.6691051 ], [ -74.2385756, 4.6689857 ], [ -74.2385398, 4.6689024 ], [ -74.2383982, 4.6688409 ], [ -74.2382564, 4.6687887 ], [ -74.2380554, 4.6687035 ], [ -74.2378222, 4.6686226 ], [ -74.2375795, 4.6685738 ], [ -74.237337, 4.668502 ], [ -74.237095, 4.6683933 ], [ -74.2368072, 4.6682703 ], [ -74.2365791, 4.6681434 ], [ -74.2362919, 4.6679651 ], [ -74.236101, 4.6677972 ], [ -74.2359377, 4.6676249 ], [ -74.2356695, 4.6673916 ], [ -74.2353871, 4.667195 ], [ -74.2351679, 4.6670912 ], [ -74.2349662, 4.6670659 ], [ -74.2346905, 4.6670951 ], [ -74.2344423, 4.6671291 ], [ -74.2341711, 4.6671583 ], [ -74.2339047, 4.6671783 ], [ -74.2336742, 4.6672632 ], [ -74.233425, 4.6673801 ], [ -74.2332448, 4.667484 ], [ -74.2330454, 4.667666 ], [ -74.2329288, 4.6678305 ], [ -74.2328625, 4.668014 ], [ -74.231805, 4.6681967 ], [ -74.2317659, 4.6684891 ], [ -74.2318679, 4.6693264 ], [ -74.231858, 4.670613 ], [ -74.2320108, 4.6710826 ], [ -74.2321126, 4.6712052 ], [ -74.23187, 4.6714903 ], [ -74.2315265, 4.6711789 ], [ -74.2307793, 4.6720636 ] ] ] } },
{ "type": "Feature", "properties": { "AREA": 37711.807355112862, "PERIMETER": 1875.0398736899999, "USO_PROPUE": 69, "USO_PROP_1": 6005, "SIMBOLO_MA": "2", "DESC_MAPA": "Agropecuario Mecanizado Intensivo", "GRUPO": "Suelo de Desarrollo Rural", "SUB_GRUPO": "Zona de Desarrollo Agropecuario Sin Restricciones", "SIMBOLO": "DA-sr", "CLAS_CIAF": "2b" }, "geometry": { "type": "Polygon", "coordinates": [ [ [ -74.2551628, 4.6701629 ], [ -74.2550603, 4.6700614 ], [ -74.2548596, 4.6698047 ], [ -74.2547699, 4.6697018 ], [ -74.2544956, 4.6693925 ], [ -74.2544273, 4.6693386 ], [ -74.254436, 4.6691593 ], [ -74.2544236, 4.6688404 ], [ -74.2544097, 4.6687233 ], [ -74.2543828, 4.6685381 ], [ -74.2543443, 4.668253 ], [ -74.254312, 4.6680909 ], [ -74.2542422, 4.6679265 ], [ -74.2542414, 4.6678938 ], [ -74.2542482, 4.6677099 ], [ -74.2542356, 4.6674027 ], [ -74.2542233, 4.6672611 ], [ -74.2541998, 4.667162 ], [ -74.2542553, 4.667059 ], [ -74.2543589, 4.6668583 ], [ -74.2543837, 4.6663013 ], [ -74.2543202, 4.6660335 ], [ -74.2539768, 4.6655498 ], [ -74.2538201, 4.6653929 ], [ -74.2536811, 4.6652956 ], [ -74.2535881, 4.6652103 ], [ -74.2535713, 4.6651978 ], [ -74.2535492, 4.6651147 ], [ -74.2535072, 4.6649843 ], [ -74.2534301, 4.6648088 ], [ -74.2533716, 4.6646111 ], [ -74.2534319, 4.6645867 ], [ -74.2536225, 4.6639089 ], [ -74.2536361, 4.6636223 ], [ -74.2536204, 4.663484 ], [ -74.2536046, 4.6633624 ], [ -74.2535225, 4.6630098 ], [ -74.2534475, 4.6628486 ], [ -74.2532554, 4.6625094 ], [ -74.2531913, 4.6624366 ], [ -74.2532685, 4.6623109 ], [ -74.2532993, 4.662266 ], [ -74.2534796, 4.6627359 ], [ -74.2536465, 4.663188 ], [ -74.2539318, 4.6642731 ], [ -74.2539932, 4.664454 ], [ -74.2540671, 4.6646348 ], [ -74.2541708, 4.6649061 ], [ -74.2545134, 4.6659911 ], [ -74.2545723, 4.666172 ], [ -74.2546936, 4.6665337 ], [ -74.2547299, 4.6667145 ], [ -74.2547542, 4.6668954 ], [ -74.2547812, 4.6670762 ], [ -74.2548438, 4.6674379 ], [ -74.2548668, 4.6676188 ], [ -74.2549345, 4.6684327 ], [ -74.25497, 4.6689752 ], [ -74.2549835, 4.6691561 ], [ -74.2550619, 4.6698795 ], [ -74.2550833, 4.6699699 ], [ -74.2551628, 4.6701629 ] ] ] } },
{ "type": "Feature", "properties": { "AREA": 11920318.837300001, "PERIMETER": 26958.4168474, "USO_PROPUE": 70, "USO_PROP_1": 5976, "SIMBOLO_MA": "5", "DESC_MAPA": "Área Distrito De Adecuación De Tierras", "GRUPO": "Suelo de Protección y de Importancia Ambiental", "SUB_GRUPO": "Zonas de Protección de Los Recursos Naturales (Propuesta Área Protegida)", "SIMBOLO": "PRN-AP", "CLAS_CIAF": "3a" }, "geometry": { "type": "Polygon", "coordinates": [ [ [ -74.164229, 4.6661101 ], [ -74.1635787, 4.6660078 ], [ -74.1633703, 4.6660078 ], [ -74.1631337, 4.6660584 ], [ -74.1628449, 4.6660484 ], [ -74.1620746, 4.6659596 ], [ -74.1622895, 4.6654217 ], [ -74.1623129, 4.6652371 ], [ -74.1623202, 4.6650061 ], [ -74.1623133, 4.6648857 ], [ -74.1622953, 4.664658 ], [ -74.1622551, 4.6644862 ], [ -74.1622138, 4.6643844 ], [ -74.1626196, 4.6642441 ], [ -74.1628355, 4.6641225 ], [ -74.1630047, 4.6640145 ], [ -74.1631742, 4.66389 ], [ -74.1634018, 4.6636645 ], [ -74.1635087, 4.6635385 ], [ -74.1635881, 4.6634268 ], [ -74.1637266, 4.6632264 ], [ -74.1637953, 4.6631108 ], [ -74.1639148, 4.662889 ], [ -74.1639661, 4.6627549 ], [ -74.164134, 4.6622518 ], [ -74.1642131, 4.661771 ], [ -74.1641937, 4.661598 ], [ -74.1641171, 4.6610642 ], [ -74.1640184, 4.660839 ], [ -74.1640041, 4.6608214 ], [ -74.1640116, 4.6607155 ], [ -74.1640666, 4.660093 ], [ -74.1640728, 4.6600367 ], [ -74.1640923, 4.6599472 ], [ -74.1641014, 4.6599284 ], [ -74.1642534, 4.6596525 ], [ -74.1643222, 4.6597191 ], [ -74.16437, 4.6597595 ], [ -74.1644129, 4.6598521 ], [ -74.1645563, 4.6600702 ], [ -74.1646931, 4.6602687 ], [ -74.1648761, 4.66051 ], [ -74.1650541, 4.6606548 ], [ -74.1652458, 4.6607873 ], [ -74.1655147, 4.6609041 ], [ -74.1657781, 4.6610032 ], [ -74.1663293, 4.6609996 ], [ -74.1666984, 4.6609188 ], [ -74.1670031, 4.6607816 ], [ -74.1673519, 4.6605242 ], [ -74.1676503, 4.6601503 ], [ -74.167745, 4.6599559 ], [ -74.1678078, 4.6597095 ], [ -74.1678525, 4.6594947 ], [ -74.1678804, 4.6592681 ], [ -74.1678874, 4.6590726 ], [ -74.1679066, 4.6587931 ], [ -74.1679072, 4.6585486 ], [ -74.1679285, 4.6584267 ], [ -74.1680171, 4.6580291 ], [ -74.1680312, 4.6579933 ], [ -74.1681526, 4.6577282 ], [ -74.1682315, 4.6575475 ], [ -74.1683289, 4.6573362 ], [ -74.1684299, 4.6573097 ], [ -74.1685972, 4.6572697 ], [ -74.1686953, 4.6572709 ], [ -74.1689734, 4.6573148 ], [ -74.1692347, 4.6573846 ], [ -74.1693419, 4.6574366 ], [ -74.1695762, 4.657592 ], [ -74.1696783, 4.6576652 ], [ -74.1697627, 4.6577355 ], [ -74.1698657, 4.6578292 ], [ -74.1701239, 4.6580365 ], [ -74.1703091, 4.6581585 ], [ -74.1707289, 4.6583685 ], [ -74.1710243, 4.6584734 ], [ -74.1713572, 4.6584607 ], [ -74.1717781, 4.6584023 ], [ -74.1722252, 4.6583006 ], [ -74.1725473, 4.6581921 ], [ -74.1727892, 4.6580803 ], [ -74.1733168, 4.6577829 ], [ -74.1734759, 4.6576672 ], [ -74.1738356, 4.657381 ], [ -74.1739585, 4.6572738 ], [ -74.1741452, 4.6570941 ], [ -74.1744349, 4.6568448 ], [ -74.1746895, 4.6566545 ], [ -74.1750735, 4.6562832 ], [ -74.1751896, 4.656187 ], [ -74.1755285, 4.6558369 ], [ -74.1756716, 4.6557337 ], [ -74.1756746, 4.6557362 ], [ -74.1761763, 4.6558779 ], [ -74.1768545, 4.6558778 ], [ -74.1773322, 4.6557598 ], [ -74.177588, 4.6556443 ], [ -74.1778083, 4.6555332 ], [ -74.1781177, 4.6553222 ], [ -74.1783747, 4.6551246 ], [ -74.1785078, 4.6550115 ], [ -74.1786742, 4.6548452 ], [ -74.1787398, 4.6547975 ], [ -74.1791942, 4.6545394 ], [ -74.1793841, 4.6544284 ], [ -74.1795228, 4.6543191 ], [ -74.1797556, 4.6541452 ], [ -74.1798711, 4.6540621 ], [ -74.1801242, 4.6538906 ], [ -74.1802469, 4.6538134 ], [ -74.1805898, 4.6536245 ], [ -74.1807494, 4.6535099 ], [ -74.1810111, 4.6533083 ], [ -74.1811402, 4.6531884 ], [ -74.1813279, 4.6529886 ], [ -74.1814306, 4.6528734 ], [ -74.1816652, 4.6525525 ], [ -74.1818021, 4.6523029 ], [ -74.181873, 4.6521044 ], [ -74.1819017, 4.6520422 ], [ -74.1819511, 4.651942 ], [ -74.1820362, 4.6517368 ], [ -74.1820684, 4.6516513 ], [ -74.1821399, 4.651488 ], [ -74.1822454, 4.6512585 ], [ -74.1823377, 4.6511183 ], [ -74.1828959, 4.6503194 ], [ -74.1831144, 4.6500352 ], [ -74.1831996, 4.6498937 ], [ -74.1832764, 4.6497299 ], [ -74.1832874, 4.6497142 ], [ -74.1834204, 4.6495782 ], [ -74.1836131, 4.649406 ], [ -74.1837027, 4.6493229 ], [ -74.1837612, 4.6492747 ], [ -74.1836503, 4.6494663 ], [ -74.1835942, 4.6495743 ], [ -74.1829361, 4.6509397 ], [ -74.1828579, 4.6511042 ], [ -74.1827519, 4.6512912 ], [ -74.1826855, 4.6514407 ], [ -74.182654, 4.6515509 ], [ -74.1825788, 4.6517621 ], [ -74.1825068, 4.65189 ], [ -74.1823439, 4.6521438 ], [ -74.1822761, 4.6522468 ], [ -74.1821442, 4.6524787 ], [ -74.1821465, 4.6529758 ], [ -74.1822067, 4.6531718 ], [ -74.1823078, 4.6534055 ], [ -74.1823978, 4.6535663 ], [ -74.182489, 4.6536736 ], [ -74.1826922, 4.6539764 ], [ -74.1831988, 4.6541588 ], [ -74.1839356, 4.6541587 ], [ -74.1842872, 4.6540306 ], [ -74.1845285, 4.6539273 ], [ -74.1847309, 4.6538247 ], [ -74.1849074, 4.6537273 ], [ -74.185072, 4.6536324 ], [ -74.1855568, 4.6533426 ], [ -74.1856832, 4.6532466 ], [ -74.185815, 4.6531609 ], [ -74.1860949, 4.6529621 ], [ -74.186225, 4.6528546 ], [ -74.1864025, 4.6527001 ], [ -74.1864354, 4.6526802 ], [ -74.1866622, 4.6526311 ], [ -74.1868446, 4.6526781 ], [ -74.1870961, 4.6528126 ], [ -74.1871543, 4.6528537 ], [ -74.1874563, 4.653169 ], [ -74.1879566, 4.6533767 ], [ -74.1880573, 4.6534392 ], [ -74.1881778, 4.6535196 ], [ -74.1882988, 4.6536064 ], [ -74.188557, 4.653787 ], [ -74.188785, 4.653953 ], [ -74.1889828, 4.6541171 ], [ -74.1890903, 4.6542136 ], [ -74.1893443, 4.6544102 ], [ -74.18949, 4.6545179 ], [ -74.1898197, 4.6547208 ], [ -74.1899913, 4.6548102 ], [ -74.1901067, 4.6548825 ], [ -74.1902209, 4.6549617 ], [ -74.1907118, 4.6553193 ], [ -74.1908189, 4.6553988 ], [ -74.1913607, 4.6558492 ], [ -74.1914985, 4.6559535 ], [ -74.1916986, 4.6560929 ], [ -74.1920512, 4.6562146 ], [ -74.1924841, 4.6563277 ], [ -74.1933634, 4.6563275 ], [ -74.1942004, 4.6562258 ], [ -74.1945663, 4.6560952 ], [ -74.1947638, 4.6559709 ], [ -74.1951251, 4.6557357 ], [ -74.1953234, 4.6554721 ], [ -74.1954772, 4.6552543 ], [ -74.1956047, 4.6550087 ], [ -74.1956872, 4.6547804 ], [ -74.195712, 4.6546983 ], [ -74.1957778, 4.654533 ], [ -74.1958458, 4.6543495 ], [ -74.1959474, 4.6540865 ], [ -74.1960121, 4.6539281 ], [ -74.1960992, 4.6537468 ], [ -74.1962623, 4.6533663 ], [ -74.1962731, 4.6533535 ], [ -74.1963846, 4.6532463 ], [ -74.1965662, 4.6529883 ], [ -74.1966831, 4.6527509 ], [ -74.1967251, 4.6526463 ], [ -74.1967908, 4.6524914 ], [ -74.1970087, 4.6520757 ], [ -74.1971166, 4.6519035 ], [ -74.1972009, 4.6517551 ], [ -74.197309, 4.6516261 ], [ -74.1973615, 4.6515713 ], [ -74.1975116, 4.6514472 ], [ -74.1976424, 4.6513796 ], [ -74.1978346, 4.6512727 ], [ -74.1981254, 4.6510727 ], [ -74.1982168, 4.6510059 ], [ -74.1983422, 4.6509445 ], [ -74.1985538, 4.6508581 ], [ -74.1987593, 4.6507677 ], [ -74.1989719, 4.6506809 ], [ -74.1992094, 4.6505865 ], [ -74.1994267, 4.6504877 ], [ -74.1996001, 4.6504033 ], [ -74.1998041, 4.6503227 ], [ -74.2000349, 4.6502378 ], [ -74.200589, 4.6500562 ], [ -74.2008789, 4.649947 ], [ -74.2012559, 4.6497345 ], [ -74.2014161, 4.6496253 ], [ -74.2017944, 4.6493456 ], [ -74.2019303, 4.6492424 ], [ -74.2020512, 4.6491376 ], [ -74.2021701, 4.649031 ], [ -74.2023636, 4.6488302 ], [ -74.2024553, 4.6487295 ], [ -74.2026052, 4.648557 ], [ -74.2026957, 4.6484653 ], [ -74.2027996, 4.6483442 ], [ -74.2029435, 4.6481471 ], [ -74.2030611, 4.6479888 ], [ -74.2031938, 4.6478389 ], [ -74.2036494, 4.6473944 ], [ -74.2037646, 4.6472744 ], [ -74.2039431, 4.647038 ], [ -74.2040722, 4.6468066 ], [ -74.2041566, 4.6466214 ], [ -74.2043327, 4.6467794 ], [ -74.2044093, 4.6468507 ], [ -74.2045089, 4.6469608 ], [ -74.2047937, 4.6471783 ], [ -74.2050854, 4.6473827 ], [ -74.2052887, 4.6474941 ], [ -74.2055132, 4.6476023 ], [ -74.2058759, 4.6477345 ], [ -74.2069405, 4.6477343 ], [ -74.2072983, 4.6475783 ], [ -74.2074851, 4.64745 ], [ -74.2076412, 4.6473294 ], [ -74.2078596, 4.6471116 ], [ -74.2079665, 4.6469897 ], [ -74.2080661, 4.6468539 ], [ -74.2082165, 4.646587 ], [ -74.2083117, 4.6462441 ], [ -74.2083424, 4.6461177 ], [ -74.2083791, 4.6458513 ], [ -74.2083583, 4.6455846 ], [ -74.2083124, 4.6453305 ], [ -74.2082401, 4.6451327 ], [ -74.207954, 4.6447125 ], [ -74.2078819, 4.6446093 ], [ -74.2078232, 4.644533 ], [ -74.2077326, 4.6443832 ], [ -74.2076696, 4.6442737 ], [ -74.2075797, 4.6441491 ], [ -74.2074951, 4.6440439 ], [ -74.2074132, 4.6439456 ], [ -74.207339, 4.6438602 ], [ -74.2072816, 4.6437878 ], [ -74.2071744, 4.6436408 ], [ -74.2071532, 4.6436035 ], [ -74.2070899, 4.6434522 ], [ -74.2070033, 4.643254 ], [ -74.2068993, 4.6430474 ], [ -74.206849, 4.642957 ], [ -74.2068284, 4.6429166 ], [ -74.2067935, 4.6428045 ], [ -74.2067735, 4.6427093 ], [ -74.2067318, 4.6425837 ], [ -74.2066563, 4.642372 ], [ -74.2066558, 4.6423515 ], [ -74.2066573, 4.6423427 ], [ -74.2066661, 4.6423128 ], [ -74.2066812, 4.6422787 ], [ -74.2068888, 4.6420702 ], [ -74.2069607, 4.6420051 ], [ -74.2070406, 4.6419454 ], [ -74.2071476, 4.6418804 ], [ -74.2072814, 4.6418141 ], [ -74.207494, 4.6417379 ], [ -74.2076931, 4.6416754 ], [ -74.2120907, 4.6416746 ], [ -74.212562, 4.6415612 ], [ -74.212906, 4.641431 ], [ -74.2130147, 4.6413484 ], [ -74.2131301, 4.6413108 ], [ -74.2134114, 4.6413775 ], [ -74.2134433, 4.6413913 ], [ -74.2134405, 4.6414824 ], [ -74.2134388, 4.6416495 ], [ -74.2134317, 4.6417372 ], [ -74.213428, 4.6419244 ], [ -74.2134228, 4.6420137 ], [ -74.2134203, 4.6421205 ], [ -74.2134217, 4.6425223 ], [ -74.2134671, 4.6428951 ], [ -74.2135368, 4.6430703 ], [ -74.2139005, 4.6438152 ], [ -74.2139555, 4.6439245 ], [ -74.2140238, 4.6440401 ], [ -74.2140941, 4.6441488 ], [ -74.2141913, 4.6442868 ], [ -74.2142908, 4.6443858 ], [ -74.2144156, 4.6445507 ], [ -74.2145279, 4.6446763 ], [ -74.2146525, 4.6447935 ], [ -74.2147594, 4.644883 ], [ -74.2148299, 4.64495 ], [ -74.2149239, 4.6450512 ], [ -74.2152036, 4.6452896 ], [ -74.2154476, 4.6454215 ], [ -74.2157242, 4.6455331 ], [ -74.2160816, 4.6456379 ], [ -74.2165311, 4.6457445 ], [ -74.2167291, 4.6457219 ], [ -74.2174719, 4.6457063 ], [ -74.2183021, 4.6456353 ], [ -74.2191466, 4.6456795 ], [ -74.2201891, 4.6456509 ], [ -74.2207453, 4.645554 ], [ -74.2213535, 4.6454552 ], [ -74.2216949, 4.6453259 ], [ -74.2218959, 4.6451984 ], [ -74.2220732, 4.6450724 ], [ -74.2222298, 4.6449138 ], [ -74.2223304, 4.644767 ], [ -74.2224727, 4.6445227 ], [ -74.2225202, 4.6443847 ], [ -74.2225784, 4.6442217 ], [ -74.2226667, 4.6440134 ], [ -74.2227247, 4.6437698 ], [ -74.2227751, 4.643466 ], [ -74.2227905, 4.6433299 ], [ -74.2227899, 4.6431933 ], [ -74.2227786, 4.642994 ], [ -74.2226204, 4.6426218 ], [ -74.2225296, 4.6424367 ], [ -74.2224421, 4.6422404 ], [ -74.222362, 4.6420999 ], [ -74.2221485, 4.6418109 ], [ -74.2220105, 4.6416053 ], [ -74.2217928, 4.6413712 ], [ -74.2216706, 4.6412658 ], [ -74.2212988, 4.6409283 ], [ -74.2209509, 4.6408006 ], [ -74.2207459, 4.6407279 ], [ -74.2206413, 4.6406642 ], [ -74.2203931, 4.6405175 ], [ -74.2203197, 4.6404446 ], [ -74.2200193, 4.6402256 ], [ -74.2198264, 4.6401091 ], [ -74.2195993, 4.6400012 ], [ -74.2193791, 4.6399103 ], [ -74.2192032, 4.6398277 ], [ -74.2189859, 4.63972 ], [ -74.2186236, 4.6396103 ], [ -74.2181978, 4.6395178 ], [ -74.2178929, 4.639438 ], [ -74.2177269, 4.6393738 ], [ -74.217643, 4.6393253 ], [ -74.2175794, 4.6392739 ], [ -74.2174935, 4.6391935 ], [ -74.2173842, 4.639095 ], [ -74.2172791, 4.6390051 ], [ -74.2172039, 4.6389368 ], [ -74.2170012, 4.6387157 ], [ -74.2168067, 4.6385998 ], [ -74.2167802, 4.6385799 ], [ -74.2165226, 4.6380853 ], [ -74.2164454, 4.6379238 ], [ -74.2163276, 4.6376452 ], [ -74.2163057, 4.6376025 ], [ -74.2162937, 4.6369415 ], [ -74.2163056, 4.6369167 ], [ -74.2163292, 4.6368968 ], [ -74.2163658, 4.6368809 ], [ -74.2164186, 4.6368809 ], [ -74.2172878, 4.6367789 ], [ -74.2176142, 4.636655 ], [ -74.2178359, 4.6365439 ], [ -74.2180597, 4.6364116 ], [ -74.2182963, 4.6361835 ], [ -74.2184086, 4.6360714 ], [ -74.2186088, 4.635829 ], [ -74.2186788, 4.635699 ], [ -74.2188066, 4.6354786 ], [ -74.2188605, 4.635319 ], [ -74.218948, 4.6349868 ], [ -74.2189741, 4.6347116 ], [ -74.2189399, 4.634331 ], [ -74.2193374, 4.6344462 ], [ -74.2206383, 4.6347605 ], [ -74.2221862, 4.6350977 ], [ -74.2237881, 4.6353819 ], [ -74.2253881, 4.6355098 ], [ -74.2267841, 4.6355183 ], [ -74.2280656, 4.6355039 ], [ -74.2290061, 4.6354905 ], [ -74.2302599, 4.6355438 ], [ -74.2315885, 4.635623 ], [ -74.2329296, 4.6355833 ], [ -74.2341347, 4.6353929 ], [ -74.2353395, 4.6351381 ], [ -74.2363817, 4.6348622 ], [ -74.2374264, 4.6346469 ], [ -74.2382111, 4.6344643 ], [ -74.2390443, 4.634275 ], [ -74.2393903, 4.6342208 ], [ -74.2393573, 4.6343256 ], [ -74.2393412, 4.6344953 ], [ -74.2393384, 4.6346936 ], [ -74.2393356, 4.634786 ], [ -74.2393343, 4.6349764 ], [ -74.2393351, 4.6351513 ], [ -74.239466, 4.6355686 ], [ -74.239621, 4.6358172 ], [ -74.2397713, 4.6360366 ], [ -74.2399031, 4.636184 ], [ -74.2400691, 4.6363207 ], [ -74.2404348, 4.6365564 ], [ -74.2406653, 4.6366314 ], [ -74.2408815, 4.6370728 ], [ -74.2409673, 4.6372309 ], [ -74.2410043, 4.6373525 ], [ -74.2410616, 4.637661 ], [ -74.2411091, 4.6380817 ], [ -74.2413616, 4.6396938 ], [ -74.2418427, 4.6420284 ], [ -74.2422352, 4.643896 ], [ -74.2429513, 4.6486554 ], [ -74.2429396, 4.6489 ], [ -74.2426559, 4.649117 ], [ -74.2409607, 4.6503537 ], [ -74.2398022, 4.6511743 ], [ -74.2384693, 4.6520598 ], [ -74.2383037, 4.6521606 ], [ -74.2373015, 4.6528028 ], [ -74.23613, 4.6535752 ], [ -74.2344278, 4.6546754 ], [ -74.2335981, 4.6552398 ], [ -74.2322421, 4.6561292 ], [ -74.2315297, 4.6566146 ], [ -74.2307156, 4.6572149 ], [ -74.2300716, 4.6575994 ], [ -74.2295537, 4.657761 ], [ -74.2286487, 4.6580624 ], [ -74.2279435, 4.6583987 ], [ -74.2275963, 4.6585487 ], [ -74.2275278, 4.6585757 ], [ -74.2266056, 4.6586967 ], [ -74.2259572, 4.6588139 ], [ -74.2250154, 4.6590662 ], [ -74.2236303, 4.6593034 ], [ -74.2229962, 4.6595324 ], [ -74.222579, 4.659632 ], [ -74.222077, 4.6597866 ], [ -74.2212771, 4.6600616 ], [ -74.2207242, 4.6602222 ], [ -74.2201204, 4.6604328 ], [ -74.2194645, 4.6606293 ], [ -74.218778, 4.6608574 ], [ -74.2176507, 4.6611876 ], [ -74.2160741, 4.6616862 ], [ -74.2124844, 4.6627279 ], [ -74.2110781, 4.6632578 ], [ -74.2097411, 4.6636436 ], [ -74.2076434, 4.6643591 ], [ -74.2073443, 4.6644592 ], [ -74.2061822, 4.6620828 ], [ -74.2054114, 4.6605271 ], [ -74.2047089, 4.6590491 ], [ -74.2045421, 4.6588275 ], [ -74.204383, 4.6586697 ], [ -74.2036704, 4.6578502 ], [ -74.2027323, 4.6570313 ], [ -74.2020222, 4.656679 ], [ -74.1959576, 4.6604998 ], [ -74.1928209, 4.659242 ], [ -74.1924548, 4.6588749 ], [ -74.18373, 4.6553175 ], [ -74.1828812, 4.6561957 ], [ -74.1796854, 4.659448 ], [ -74.1783863, 4.6604663 ], [ -74.1759532, 4.6624162 ], [ -74.1739112, 4.6638542 ], [ -74.1718403, 4.6653517 ], [ -74.1698088, 4.6666969 ], [ -74.1685808, 4.6674064 ], [ -74.1683503, 4.6673677 ], [ -74.1674068, 4.6672829 ], [ -74.1672719, 4.6672267 ], [ -74.1670568, 4.6671314 ], [ -74.1665361, 4.6669424 ], [ -74.1662495, 4.6668438 ], [ -74.1659494, 4.6667661 ], [ -74.1658342, 4.6667006 ], [ -74.1655995, 4.6665905 ], [ -74.1653208, 4.6664902 ], [ -74.1650651, 4.6664027 ], [ -74.1645943, 4.6662169 ], [ -74.164229, 4.6661101 ] ] ] } },
{ "type": "Feature", "properties": { "AREA": 44849.015765901662, "PERIMETER": 1811.3385037200001, "USO_PROPUE": 71, "USO_PROP_1": 5959, "SIMBOLO_MA": null, "DESC_MAPA": "Malla Ambiental", "GRUPO": "Suelo de Protección y de Importancia Ambiental", "SUB_GRUPO": "Zonas de Recuperación Ambiental", "SIMBOLO": "RA", "CLAS_CIAF": "3a" }, "geometry": { "type": "Polygon", "coordinates": [ [ [ -74.2069386, 4.6657423 ], [ -74.2068344, 4.6654587 ], [ -74.2067731, 4.6653326 ], [ -74.206879, 4.6651501 ], [ -74.2069305, 4.6652553 ], [ -74.2069522, 4.6652904 ], [ -74.2071234, 4.6652958 ], [ -74.2078736, 4.6650447 ], [ -74.209963, 4.664332 ], [ -74.2112946, 4.6639481 ], [ -74.2127214, 4.6634114 ], [ -74.213789, 4.6631018 ], [ -74.2142702, 4.6635606 ], [ -74.2100978, 4.6647636 ], [ -74.2080174, 4.6654732 ], [ -74.2071896, 4.6657503 ], [ -74.2069386, 4.6657423 ] ] ] } },
{ "type": "Feature", "properties": { "AREA": 385995.35899746418, "PERIMETER": 3318.7619826499999, "USO_PROPUE": 72, "USO_PROP_1": 5950, "SIMBOLO_MA": "14", "DESC_MAPA": "Propuesta Relleno Sanitario", "GRUPO": "Suelo de Desarrollo Rural", "SUB_GRUPO": "Zona de Infraestructura de Servicios", "SIMBOLO": "In-Se", "CLAS_CIAF": "1a" }, "geometry": { "type": "Polygon", "coordinates": [ [ [ -74.2871347, 4.6603723 ], [ -74.287122, 4.6604874 ], [ -74.2870958, 4.6606917 ], [ -74.2870661, 4.6608955 ], [ -74.2870328, 4.6610987 ], [ -74.2869961, 4.6613014 ], [ -74.2869462, 4.6615409 ], [ -74.2869177, 4.6616619 ], [ -74.2868871, 4.6617823 ], [ -74.2868544, 4.6619021 ], [ -74.2868197, 4.6620214 ], [ -74.2867829, 4.66214 ], [ -74.286744, 4.662258 ], [ -74.2867031, 4.6623752 ], [ -74.2866602, 4.6624918 ], [ -74.2866152, 4.6626076 ], [ -74.2865682, 4.6627225 ], [ -74.2865193, 4.6628366 ], [ -74.2864683, 4.6629499 ], [ -74.2864292, 4.6630323 ], [ -74.2863985, 4.6630937 ], [ -74.286334, 4.6632149 ], [ -74.2862652, 4.6633338 ], [ -74.2862293, 4.6633923 ], [ -74.2861545, 4.6635074 ], [ -74.2861156, 4.663564 ], [ -74.2860348, 4.663675 ], [ -74.285993, 4.6637294 ], [ -74.2859066, 4.663836 ], [ -74.285862, 4.6638882 ], [ -74.2857702, 4.6639901 ], [ -74.2857229, 4.6640399 ], [ -74.2856259, 4.6641368 ], [ -74.2855761, 4.664184 ], [ -74.2854946, 4.6642572 ], [ -74.2854606, 4.6642849 ], [ -74.2854077, 4.6643242 ], [ -74.2853528, 4.6643606 ], [ -74.2852961, 4.6643942 ], [ -74.2852378, 4.6644247 ], [ -74.2851779, 4.6644521 ], [ -74.2851167, 4.6644763 ], [ -74.2850543, 4.6644972 ], [ -74.2849909, 4.6645149 ], [ -74.2849267, 4.6645292 ], [ -74.2848618, 4.6645401 ], [ -74.2847964, 4.6645476 ], [ -74.2847527, 4.6645507 ], [ -74.2846869, 4.6645525 ], [ -74.2838481, 4.6642308 ], [ -74.2837315, 4.6641217 ], [ -74.283635, 4.6640242 ], [ -74.2835418, 4.6639234 ], [ -74.2834523, 4.6638194 ], [ -74.2833664, 4.6637124 ], [ -74.2832843, 4.6636024 ], [ -74.2832061, 4.6634896 ], [ -74.2831685, 4.6634321 ], [ -74.2830963, 4.6633154 ], [ -74.2830281, 4.6631962 ], [ -74.2829642, 4.6630746 ], [ -74.2829045, 4.6629509 ], [ -74.282806, 4.6627271 ], [ -74.2827589, 4.6626122 ], [ -74.2827138, 4.6624964 ], [ -74.2826707, 4.6623799 ], [ -74.2826296, 4.6622627 ], [ -74.2825906, 4.6621448 ], [ -74.2825537, 4.6620262 ], [ -74.2825188, 4.661907 ], [ -74.282486, 4.6617872 ], [ -74.2824553, 4.6616668 ], [ -74.2824267, 4.6615459 ], [ -74.2824002, 4.6614245 ], [ -74.2823758, 4.6613027 ], [ -74.2823107, 4.6609295 ], [ -74.2822803, 4.6607258 ], [ -74.2822534, 4.6605216 ], [ -74.2822301, 4.660317 ], [ -74.2822104, 4.660112 ], [ -74.2821942, 4.6599067 ], [ -74.2821817, 4.6597011 ], [ -74.2821726, 4.6594953 ], [ -74.2821672, 4.6592894 ], [ -74.2821654, 4.6590835 ], [ -74.2821713, 4.6587046 ], [ -74.2821796, 4.6584988 ], [ -74.2821915, 4.6582932 ], [ -74.282207, 4.6580878 ], [ -74.2822261, 4.6578828 ], [ -74.2822487, 4.657678 ], [ -74.2822748, 4.6574738 ], [ -74.2823045, 4.65727 ], [ -74.2823378, 4.6570667 ], [ -74.2823746, 4.6568641 ], [ -74.2824245, 4.6566245 ], [ -74.282453, 4.6565036 ], [ -74.2824835, 4.6563832 ], [ -74.2825162, 4.6562633 ], [ -74.2825509, 4.6561441 ], [ -74.2825878, 4.6560255 ], [ -74.2826266, 4.6559075 ], [ -74.2826675, 4.6557902 ], [ -74.2827105, 4.6556737 ], [ -74.2827554, 4.6555579 ], [ -74.2828024, 4.6554429 ], [ -74.2828514, 4.6553288 ], [ -74.2829023, 4.6552156 ], [ -74.2829721, 4.6550717 ], [ -74.2830367, 4.6549505 ], [ -74.2831054, 4.6548316 ], [ -74.2831782, 4.6547153 ], [ -74.2832551, 4.6546015 ], [ -74.283295, 4.6545456 ], [ -74.2833776, 4.654436 ], [ -74.2834204, 4.6543824 ], [ -74.2835086, 4.6542773 ], [ -74.2836005, 4.6541753 ], [ -74.2836477, 4.6541256 ], [ -74.2837448, 4.6540286 ], [ -74.2838452, 4.6539351 ], [ -74.2838929, 4.6538943 ], [ -74.2839275, 4.6538671 ], [ -74.2839993, 4.6538166 ], [ -74.2840745, 4.6537713 ], [ -74.2841132, 4.6537506 ], [ -74.2841726, 4.6537222 ], [ -74.2842539, 4.6536892 ], [ -74.2843163, 4.6536682 ], [ -74.284401, 4.6536454 ], [ -74.2844871, 4.6536286 ], [ -74.2845742, 4.6536178 ], [ -74.2846618, 4.6536132 ], [ -74.2847465, 4.6536146 ], [ -74.2848339, 4.653622 ], [ -74.2849206, 4.6536355 ], [ -74.2850061, 4.6536551 ], [ -74.2850901, 4.6536806 ], [ -74.285172, 4.6537119 ], [ -74.2852516, 4.6537489 ], [ -74.2853095, 4.6537803 ], [ -74.2853841, 4.6538267 ], [ -74.2854552, 4.6538782 ], [ -74.285506, 4.6539201 ], [ -74.2855896, 4.6539963 ], [ -74.2856878, 4.6540921 ], [ -74.2857571, 4.654164 ], [ -74.2857356, 4.6542557 ], [ -74.285707, 4.6545885 ], [ -74.2856727, 4.6548977 ], [ -74.2855928, 4.6551385 ], [ -74.2854785, 4.6554188 ], [ -74.2854217, 4.6556421 ], [ -74.2854043, 4.655883 ], [ -74.2853532, 4.6563639 ], [ -74.2853414, 4.6565872 ], [ -74.2853246, 4.6568567 ], [ -74.2853128, 4.6571603 ], [ -74.2852842, 4.6574067 ], [ -74.2852273, 4.6576419 ], [ -74.2851244, 4.657968 ], [ -74.2849245, 4.6582766 ], [ -74.2847421, 4.6584604 ], [ -74.2845652, 4.6586323 ], [ -74.2842797, 4.6588494 ], [ -74.2840629, 4.659067 ], [ -74.2838686, 4.6592671 ], [ -74.2836574, 4.6595527 ], [ -74.2834457, 4.6598172 ], [ -74.2832875, 4.6601072 ], [ -74.2871347, 4.6603723 ] ] ] } },
{ "type": "Feature", "properties": { "AREA": 1354218.5590361208, "PERIMETER": 5564.1724514300004, "USO_PROPUE": 73, "USO_PROP_1": 5945, "SIMBOLO_MA": "12", "DESC_MAPA": "Reservorio", "GRUPO": "Suelo de Protección y de Importancia Ambiental", "SUB_GRUPO": "Protección Hídrica", "SIMBOLO": "PH", "CLAS_CIAF": "3a" }, "geometry": { "type": "Polygon", "coordinates": [ [ [ -74.2799781, 4.6607394 ], [ -74.279445, 4.6612822 ], [ -74.2788906, 4.6618249 ], [ -74.2787945, 4.6619154 ], [ -74.2782957, 4.6623677 ], [ -74.2781881, 4.6624581 ], [ -74.2771736, 4.6630914 ], [ -74.2769845, 4.6631819 ], [ -74.2761462, 4.6634534 ], [ -74.2748171, 4.6634538 ], [ -74.2736869, 4.6631828 ], [ -74.2725043, 4.6629118 ], [ -74.2720162, 4.6628215 ], [ -74.2714128, 4.6627313 ], [ -74.2711337, 4.6626836 ], [ -74.2709771, 4.6627314 ], [ -74.2671325, 4.6628229 ], [ -74.2663323, 4.6630944 ], [ -74.2660797, 4.6631849 ], [ -74.2658326, 4.6632753 ], [ -74.2645753, 4.6636374 ], [ -74.2642563, 4.6637279 ], [ -74.2635438, 4.663909 ], [ -74.2628447, 4.66409 ], [ -74.2625692, 4.6640901 ], [ -74.262126, 4.6639998 ], [ -74.2618909, 4.6639094 ], [ -74.2614955, 4.6636382 ], [ -74.2613685, 4.6635478 ], [ -74.2610594, 4.6630957 ], [ -74.2609142, 4.6628245 ], [ -74.2608203, 4.6626436 ], [ -74.2607452, 4.6624628 ], [ -74.2606037, 4.6621011 ], [ -74.2603269, 4.6615586 ], [ -74.2602152, 4.6612873 ], [ -74.2601782, 4.6611065 ], [ -74.2601862, 4.6607448 ], [ -74.2602025, 4.6605639 ], [ -74.2603928, 4.6601117 ], [ -74.2605753, 4.6598404 ], [ -74.2607607, 4.659569 ], [ -74.2609534, 4.6592977 ], [ -74.2615518, 4.6588454 ], [ -74.2617306, 4.6587549 ], [ -74.2631055, 4.6584833 ], [ -74.2637634, 4.6583927 ], [ -74.2644722, 4.658302 ], [ -74.266445, 4.6582111 ], [ -74.2668556, 4.6581206 ], [ -74.2674606, 4.6578491 ], [ -74.2676692, 4.6577586 ], [ -74.2685664, 4.6574871 ], [ -74.2691225, 4.6573061 ], [ -74.2696255, 4.6570347 ], [ -74.2698658, 4.6568537 ], [ -74.2701487, 4.6566728 ], [ -74.2705374, 4.6565823 ], [ -74.271512, 4.6564916 ], [ -74.271658, 4.6564011 ], [ -74.2718636, 4.6562202 ], [ -74.2720605, 4.6560393 ], [ -74.2722495, 4.6558584 ], [ -74.272687, 4.6559487 ], [ -74.2729912, 4.6563103 ], [ -74.2732215, 4.6565815 ], [ -74.2733313, 4.6566719 ], [ -74.2734567, 4.6567623 ], [ -74.273782, 4.6569431 ], [ -74.2739726, 4.6570335 ], [ -74.274546, 4.6572142 ], [ -74.2748661, 4.6573045 ], [ -74.2752765, 4.6573948 ], [ -74.2760992, 4.657485 ], [ -74.2801621, 4.6574839 ], [ -74.2808046, 4.6576646 ], [ -74.2810826, 4.6577549 ], [ -74.2814327, 4.6580261 ], [ -74.2815863, 4.6582069 ], [ -74.2816962, 4.6584782 ], [ -74.2817313, 4.6585686 ], [ -74.2816854, 4.6588399 ], [ -74.2816591, 4.658957 ], [ -74.2816473, 4.6590208 ], [ -74.2815199, 4.6593825 ], [ -74.281476, 4.659473 ], [ -74.2812185, 4.6598348 ], [ -74.2810441, 4.6600157 ], [ -74.2808671, 4.6601966 ], [ -74.2807764, 4.6602871 ], [ -74.280677, 4.6603775 ], [ -74.2801491, 4.660649 ], [ -74.2799781, 4.6607394 ] ] ] } },
{ "type": "Feature", "properties": { "AREA": 455745.10096903704, "PERIMETER": 3647.38295195, "USO_PROPUE": 74, "USO_PROP_1": 5902, "SIMBOLO_MA": "5", "DESC_MAPA": "Área Distrito De Adecuación De Tierras", "GRUPO": "Suelo de Protección y de Importancia Ambiental", "SUB_GRUPO": "Zonas de Protección de Los Recursos Naturales (Propuesta Área Protegida)", "SIMBOLO": "PRN-AP", "CLAS_CIAF": "3a" }, "geometry": { "type": "Polygon", "coordinates": [ [ [ -74.2441271, 4.6485952 ], [ -74.2439523, 4.6474329 ], [ -74.2439976, 4.6475238 ], [ -74.2441037, 4.6477228 ], [ -74.2442451, 4.6479599 ], [ -74.2444464, 4.6481845 ], [ -74.2445414, 4.6482856 ], [ -74.2447394, 4.6484839 ], [ -74.2450697, 4.6487766 ], [ -74.2451945, 4.6488748 ], [ -74.2453975, 4.6490405 ], [ -74.2455792, 4.6492069 ], [ -74.2457238, 4.6493474 ], [ -74.2457437, 4.6493755 ], [ -74.245843, 4.6495493 ], [ -74.2459813, 4.6497546 ], [ -74.2460456, 4.6498456 ], [ -74.2461649, 4.6500193 ], [ -74.2462337, 4.6501236 ], [ -74.2464011, 4.6503378 ], [ -74.2465822, 4.6505366 ], [ -74.2466813, 4.6506422 ], [ -74.2469059, 4.6508537 ], [ -74.2470543, 4.650967 ], [ -74.2472308, 4.6510919 ], [ -74.247498, 4.6512151 ], [ -74.2477957, 4.6513158 ], [ -74.2480652, 4.6514029 ], [ -74.2482524, 4.6514745 ], [ -74.2483245, 4.6516406 ], [ -74.2483643, 4.6517414 ], [ -74.2484312, 4.6518811 ], [ -74.2485119, 4.652005 ], [ -74.2485828, 4.6521102 ], [ -74.2487483, 4.6523308 ], [ -74.2489054, 4.6524908 ], [ -74.2491538, 4.6526495 ], [ -74.2490452, 4.6527517 ], [ -74.2489462, 4.6530164 ], [ -74.2489114, 4.6532632 ], [ -74.2488855, 4.6534901 ], [ -74.2488892, 4.6536126 ], [ -74.2488898, 4.653768 ], [ -74.248873, 4.6540302 ], [ -74.2488693, 4.6541587 ], [ -74.2488854, 4.6543711 ], [ -74.2488977, 4.6545125 ], [ -74.2489531, 4.6547177 ], [ -74.2489624, 4.6547691 ], [ -74.2489935, 4.6550316 ], [ -74.2490092, 4.6551377 ], [ -74.2490311, 4.6552613 ], [ -74.2491494, 4.6556884 ], [ -74.2493613, 4.6559109 ], [ -74.2495407, 4.6560441 ], [ -74.2497564, 4.6561749 ], [ -74.2499331, 4.6562395 ], [ -74.2499856, 4.656295 ], [ -74.2499933, 4.6562995 ], [ -74.2499866, 4.6563165 ], [ -74.2499466, 4.6564449 ], [ -74.2498895, 4.6566921 ], [ -74.2498794, 4.6568826 ], [ -74.249833, 4.6569867 ], [ -74.2497527, 4.6571446 ], [ -74.2494915, 4.6576005 ], [ -74.2494385, 4.6577097 ], [ -74.2492774, 4.6580537 ], [ -74.2492245, 4.6583842 ], [ -74.2494785, 4.6589304 ], [ -74.2495938, 4.6591098 ], [ -74.2497385, 4.6592438 ], [ -74.2498168, 4.6593188 ], [ -74.2499473, 4.6594613 ], [ -74.2499689, 4.6594919 ], [ -74.2500336, 4.6596193 ], [ -74.2500836, 4.659738 ], [ -74.2499432, 4.6599125 ], [ -74.2494626, 4.6604941 ], [ -74.2423042, 4.6508271 ], [ -74.2433557, 4.65006 ], [ -74.2440837, 4.6495031 ], [ -74.2441271, 4.6485952 ] ] ] } },
{ "type": "Feature", "properties": { "AREA": 5811.2845031623701, "PERIMETER": 559.69024533499999, "USO_PROPUE": 75, "USO_PROP_1": 5897, "SIMBOLO_MA": "2", "DESC_MAPA": "Agropecuario Mecanizado Intensivo", "GRUPO": "Suelo de Desarrollo Rural", "SUB_GRUPO": "Zona de Desarrollo Agropecuario Sin Restricciones", "SIMBOLO": "DA-sr", "CLAS_CIAF": "2b" }, "geometry": { "type": "Polygon", "coordinates": [ [ [ -74.2528732, 4.660046 ], [ -74.2527879, 4.6599946 ], [ -74.2525768, 4.6598977 ], [ -74.2524816, 4.6598476 ], [ -74.252429, 4.6597619 ], [ -74.2524052, 4.6597127 ], [ -74.2523384, 4.6595462 ], [ -74.2522492, 4.6593321 ], [ -74.2521299, 4.6591208 ], [ -74.252001, 4.6588978 ], [ -74.2519305, 4.6586763 ], [ -74.2518822, 4.6585364 ], [ -74.2518077, 4.6584004 ], [ -74.251656, 4.6581376 ], [ -74.2517307, 4.658005 ], [ -74.2517784, 4.6578955 ], [ -74.251807, 4.6580339 ], [ -74.2518362, 4.6581244 ], [ -74.2519665, 4.6584861 ], [ -74.2520904, 4.6586669 ], [ -74.2521612, 4.6587573 ], [ -74.2523434, 4.6590285 ], [ -74.2523976, 4.659119 ], [ -74.2524555, 4.6592094 ], [ -74.2526509, 4.6594806 ], [ -74.2527036, 4.659571 ], [ -74.2527905, 4.6597519 ], [ -74.2528716, 4.6600232 ], [ -74.2528732, 4.660046 ] ] ] } },
{ "type": "Feature", "properties": { "AREA": 1469390.5394165567, "PERIMETER": 8875.4654637900003, "USO_PROPUE": 76, "USO_PROP_1": 5809, "SIMBOLO_MA": "5", "DESC_MAPA": "Área Distrito De Adecuación De Tierras", "GRUPO": "Suelo de Protección y de Importancia Ambiental", "SUB_GRUPO": "Zonas de Protección de Los Recursos Naturales (Propuesta Área Protegida)", "SIMBOLO": "PRN-AP", "CLAS_CIAF": "3a" }, "geometry": { "type": "Polygon", "coordinates": [ [ [ -74.2505158, 4.6501222 ], [ -74.2504859, 4.6500974 ], [ -74.2501448, 4.6502151 ], [ -74.2499907, 4.6499308 ], [ -74.2498321, 4.6497697 ], [ -74.2495596, 4.6495355 ], [ -74.2492523, 4.649371 ], [ -74.2485227, 4.6492733 ], [ -74.2483945, 4.6492356 ], [ -74.2482471, 4.6491035 ], [ -74.2481185, 4.6490182 ], [ -74.2480811, 4.6489823 ], [ -74.2480337, 4.6489254 ], [ -74.2479826, 4.6488577 ], [ -74.2479371, 4.6487895 ], [ -74.2477143, 4.6484249 ], [ -74.2475221, 4.6481449 ], [ -74.247262, 4.647759 ], [ -74.247152, 4.6476282 ], [ -74.2469162, 4.6473961 ], [ -74.2466133, 4.6471872 ], [ -74.2463482, 4.6470079 ], [ -74.246246, 4.6469359 ], [ -74.2462075, 4.6469027 ], [ -74.2461892, 4.6468778 ], [ -74.246154, 4.6468216 ], [ -74.2460649, 4.6466531 ], [ -74.2460095, 4.6465535 ], [ -74.2459298, 4.6464159 ], [ -74.2461351, 4.6461844 ], [ -74.2462041, 4.6459358 ], [ -74.2462488, 4.6455925 ], [ -74.2462497, 4.6453986 ], [ -74.2462442, 4.645329 ], [ -74.2462483, 4.6452753 ], [ -74.2462309, 4.6451196 ], [ -74.2462312, 4.6450619 ], [ -74.2462031, 4.6448868 ], [ -74.2462564, 4.6446219 ], [ -74.2462178, 4.6444424 ], [ -74.2461937, 4.6443385 ], [ -74.2461531, 4.6441877 ], [ -74.2460866, 4.6439718 ], [ -74.2459902, 4.6438172 ], [ -74.2459574, 4.6437355 ], [ -74.2459308, 4.6436609 ], [ -74.2459137, 4.643557 ], [ -74.2458969, 4.6434768 ], [ -74.2458948, 4.64346 ], [ -74.2459086, 4.6432624 ], [ -74.2459326, 4.643092 ], [ -74.2459757, 4.6427062 ], [ -74.2459866, 4.6424896 ], [ -74.2459819, 4.6422753 ], [ -74.2459545, 4.641879 ], [ -74.2459363, 4.6417596 ], [ -74.2459012, 4.6415629 ], [ -74.2458777, 4.6414527 ], [ -74.2458128, 4.6411947 ], [ -74.2458014, 4.6411303 ], [ -74.2457808, 4.6409816 ], [ -74.2457775, 4.6409247 ], [ -74.2457771, 4.6408611 ], [ -74.2458086, 4.6408088 ], [ -74.2458704, 4.6406152 ], [ -74.2459306, 4.6403946 ], [ -74.2459347, 4.6402896 ], [ -74.2459619, 4.6401707 ], [ -74.2459811, 4.6400972 ], [ -74.2460596, 4.6398355 ], [ -74.2461133, 4.6396625 ], [ -74.2461619, 4.639514 ], [ -74.2461818, 4.6392579 ], [ -74.2461879, 4.6391065 ], [ -74.2461296, 4.6387101 ], [ -74.2460277, 4.6384835 ], [ -74.2458416, 4.6382589 ], [ -74.2457971, 4.6381979 ], [ -74.2456773, 4.6380057 ], [ -74.2454403, 4.6377126 ], [ -74.2452928, 4.6375229 ], [ -74.2451948, 4.6374115 ], [ -74.2450925, 4.6373047 ], [ -74.2448474, 4.6370691 ], [ -74.2444813, 4.6368615 ], [ -74.2447831, 4.6366772 ], [ -74.2449699, 4.6365038 ], [ -74.2452385, 4.6360885 ], [ -74.2453829, 4.6353649 ], [ -74.2453589, 4.6351197 ], [ -74.2453209, 4.6350219 ], [ -74.2453034, 4.6348841 ], [ -74.2452697, 4.6347278 ], [ -74.2453965, 4.634555 ], [ -74.2455252, 4.6343431 ], [ -74.2456889, 4.6340429 ], [ -74.2458038, 4.6337891 ], [ -74.2458373, 4.6336284 ], [ -74.2458805, 4.6333639 ], [ -74.2458298, 4.632885 ], [ -74.2457345, 4.632743 ], [ -74.2458063, 4.6325876 ], [ -74.2458502, 4.6324985 ], [ -74.2459285, 4.6323312 ], [ -74.2471322, 4.6322449 ], [ -74.247467, 4.6318511 ], [ -74.2476591, 4.6315087 ], [ -74.2474942, 4.6309909 ], [ -74.2474073, 4.6307796 ], [ -74.2471014, 4.630473 ], [ -74.2468571, 4.6303294 ], [ -74.2465285, 4.6301905 ], [ -74.2453896, 4.6301083 ], [ -74.2453553, 4.6300744 ], [ -74.2452842, 4.6299989 ], [ -74.2452214, 4.6299268 ], [ -74.245166, 4.6298562 ], [ -74.2450834, 4.6297415 ], [ -74.2449514, 4.629607 ], [ -74.2446713, 4.6293613 ], [ -74.2443996, 4.6292359 ], [ -74.2441255, 4.629116 ], [ -74.2432937, 4.6289808 ], [ -74.2434831, 4.6287201 ], [ -74.2436487, 4.628394 ], [ -74.2439111, 4.6281079 ], [ -74.2441285, 4.6278671 ], [ -74.2443109, 4.6275923 ], [ -74.2444709, 4.6273358 ], [ -74.2446881, 4.6269801 ], [ -74.2449619, 4.6266138 ], [ -74.2453785, 4.6259949 ], [ -74.2455615, 4.6256687 ], [ -74.2459669, 4.6251305 ], [ -74.2460868, 4.624896 ], [ -74.2462237, 4.6246439 ], [ -74.2463667, 4.624415 ], [ -74.246521, 4.6242205 ], [ -74.2466521, 4.6239916 ], [ -74.2469089, 4.6237049 ], [ -74.2470345, 4.6234698 ], [ -74.2471719, 4.6232703 ], [ -74.2474399, 4.622904 ], [ -74.2476686, 4.6225829 ], [ -74.2479884, 4.6221714 ], [ -74.2482564, 4.621805 ], [ -74.2483819, 4.6216264 ], [ -74.2485537, 4.6213635 ], [ -74.2489016, 4.6208486 ], [ -74.2490447, 4.6206654 ], [ -74.2491984, 4.620402 ], [ -74.2493358, 4.6200753 ], [ -74.2494957, 4.619761 ], [ -74.2498757, 4.6193114 ], [ -74.2499772, 4.6196072 ], [ -74.2490957, 4.6222061 ], [ -74.2493982, 4.6224067 ], [ -74.2498777, 4.622848 ], [ -74.2500833, 4.623026 ], [ -74.2503059, 4.6232379 ], [ -74.2505459, 4.6234554 ], [ -74.2507228, 4.623656 ], [ -74.2508997, 4.6238052 ], [ -74.251071, 4.623977 ], [ -74.2513166, 4.6242069 ], [ -74.2515791, 4.6244765 ], [ -74.251796, 4.6247166 ], [ -74.2520073, 4.624924 ], [ -74.2522524, 4.6251591 ], [ -74.2524412, 4.625307 ], [ -74.2526749, 4.6253534 ], [ -74.2528979, 4.6252855 ], [ -74.2532691, 4.6251068 ], [ -74.253446, 4.6252628 ], [ -74.2534286, 4.6255363 ], [ -74.2534517, 4.6257607 ], [ -74.2535031, 4.6260585 ], [ -74.2534801, 4.6262987 ], [ -74.2549155, 4.6278874 ], [ -74.2548385, 4.6279199 ], [ -74.2545839, 4.6281008 ], [ -74.2543383, 4.6282817 ], [ -74.2539953, 4.6285531 ], [ -74.2538263, 4.6286436 ], [ -74.2530821, 4.6290055 ], [ -74.2526667, 4.6291865 ], [ -74.2524365, 4.6292769 ], [ -74.2521434, 4.6293674 ], [ -74.2517169, 4.629458 ], [ -74.2514723, 4.6295485 ], [ -74.2512421, 4.629639 ], [ -74.2506932, 4.6298199 ], [ -74.2500304, 4.6299105 ], [ -74.2496826, 4.630001 ], [ -74.2494392, 4.6300915 ], [ -74.2492446, 4.630182 ], [ -74.2489374, 4.6303629 ], [ -74.2486669, 4.6307247 ], [ -74.2485321, 4.6309961 ], [ -74.2484836, 4.6311769 ], [ -74.2484391, 4.6313578 ], [ -74.248355, 4.6317195 ], [ -74.2483244, 4.6319004 ], [ -74.2482911, 4.6321717 ], [ -74.248273, 4.6323526 ], [ -74.2482431, 4.6328047 ], [ -74.2482454, 4.633076 ], [ -74.24825, 4.6333473 ], [ -74.2482475, 4.6335282 ], [ -74.248238, 4.6339803 ], [ -74.2482391, 4.6341612 ], [ -74.2482544, 4.6347942 ], [ -74.2482582, 4.6348846 ], [ -74.2483152, 4.6353368 ], [ -74.2483591, 4.6356985 ], [ -74.2484092, 4.6363315 ], [ -74.2484979, 4.6371453 ], [ -74.2486127, 4.6378687 ], [ -74.2486296, 4.6379592 ], [ -74.248696, 4.6382304 ], [ -74.248714, 4.6383209 ], [ -74.2487437, 4.6388634 ], [ -74.2487678, 4.6390443 ], [ -74.248807, 4.6393156 ], [ -74.2488556, 4.6394964 ], [ -74.248983, 4.6397677 ], [ -74.2490643, 4.6399485 ], [ -74.250571, 4.6440175 ], [ -74.2506709, 4.6441984 ], [ -74.2508307, 4.6444696 ], [ -74.2509768, 4.6447409 ], [ -74.2510688, 4.645193 ], [ -74.2510879, 4.6453739 ], [ -74.2511107, 4.645826 ], [ -74.2510883, 4.6460069 ], [ -74.2509484, 4.6466399 ], [ -74.2508449, 4.647273 ], [ -74.2508645, 4.647906 ], [ -74.2508627, 4.6479964 ], [ -74.2508398, 4.6486294 ], [ -74.2506922, 4.6496242 ], [ -74.2506673, 4.6497146 ], [ -74.2505158, 4.6501222 ] ] ] } },
{ "type": "Feature", "properties": { "AREA": 63714.285067342222, "PERIMETER": 1837.5839369400001, "USO_PROPUE": 77, "USO_PROP_1": 5747, "SIMBOLO_MA": "5", "DESC_MAPA": "Área Distrito De Adecuación De Tierras", "GRUPO": "Suelo de Protección y de Importancia Ambiental", "SUB_GRUPO": "Zonas de Protección de Los Recursos Naturales (Propuesta Área Protegida)", "SIMBOLO": "PRN-AP", "CLAS_CIAF": "3a" }, "geometry": { "type": "Polygon", "coordinates": [ [ [ -74.2425133, 4.6394771 ], [ -74.2422768, 4.6379646 ], [ -74.242301, 4.6380038 ], [ -74.2424769, 4.638223 ], [ -74.2425742, 4.6383304 ], [ -74.2426958, 4.638458 ], [ -74.2430221, 4.6387039 ], [ -74.2433053, 4.6388274 ], [ -74.2435107, 4.6389 ], [ -74.2436853, 4.6390212 ], [ -74.2437775, 4.6391033 ], [ -74.2438295, 4.6392262 ], [ -74.2438495, 4.6392962 ], [ -74.2438352, 4.6393746 ], [ -74.2437604, 4.6396337 ], [ -74.2437335, 4.639755 ], [ -74.2437107, 4.6398904 ], [ -74.2436912, 4.6402655 ], [ -74.2436746, 4.6404118 ], [ -74.2436521, 4.6405334 ], [ -74.2436526, 4.6407721 ], [ -74.2436562, 4.6408961 ], [ -74.2436967, 4.6412086 ], [ -74.2437302, 4.6414019 ], [ -74.243809, 4.6418391 ], [ -74.2438287, 4.6419909 ], [ -74.2438321, 4.642045 ], [ -74.2438313, 4.642201 ], [ -74.243821, 4.6425468 ], [ -74.243803, 4.6427876 ], [ -74.2437921, 4.6428741 ], [ -74.2437726, 4.6430788 ], [ -74.2437595, 4.6434598 ], [ -74.2437484, 4.6438751 ], [ -74.2437893, 4.644135 ], [ -74.2438566, 4.6443756 ], [ -74.2439106, 4.6445093 ], [ -74.2440064, 4.6447107 ], [ -74.2440434, 4.644784 ], [ -74.2440519, 4.6448055 ], [ -74.2440722, 4.6449082 ], [ -74.2440782, 4.6449812 ], [ -74.2441074, 4.6452018 ], [ -74.2439027, 4.6453604 ], [ -74.2436879, 4.645676 ], [ -74.2433887, 4.6436868 ], [ -74.2429895, 4.6417875 ], [ -74.2425133, 4.6394771 ] ] ] } },
{ "type": "Feature", "properties": { "AREA": 250458.60621316801, "PERIMETER": 12912.996873399999, "USO_PROPUE": 78, "USO_PROP_1": 5736, "SIMBOLO_MA": "10", "DESC_MAPA": "Rondas De 50 m", "GRUPO": "Suelo de Protección y de Importancia Ambiental", "SUB_GRUPO": "Protección Hídrica", "SIMBOLO": "PH", "CLAS_CIAF": "3a" }, "geometry": { "type": "Polygon", "coordinates": [ [ [ -74.2392144, 4.6318887 ], [ -74.2390623, 4.6319053 ], [ -74.2387573, 4.6320927 ], [ -74.2385428, 4.6321779 ], [ -74.2381838, 4.6322645 ], [ -74.236346, 4.6322649 ], [ -74.2360783, 4.6323605 ], [ -74.2358196, 4.6324507 ], [ -74.2355544, 4.6325394 ], [ -74.235141, 4.632628 ], [ -74.2343862, 4.6327174 ], [ -74.2341125, 4.6327175 ], [ -74.2334834, 4.6326284 ], [ -74.232995, 4.6325371 ], [ -74.2300746, 4.6324474 ], [ -74.2296203, 4.6323567 ], [ -74.2294861, 4.6323568 ], [ -74.229112, 4.6324511 ], [ -74.2288544, 4.6325439 ], [ -74.228636, 4.6326355 ], [ -74.228426, 4.6327278 ], [ -74.2282642, 4.6328154 ], [ -74.2279517, 4.6329056 ], [ -74.227757, 4.6330058 ], [ -74.2276566, 4.633099 ], [ -74.2275142, 4.6331889 ], [ -74.2274116, 4.6332806 ], [ -74.2272881, 4.6333656 ], [ -74.2271311, 4.6334548 ], [ -74.2269827, 4.6335445 ], [ -74.2268328, 4.6336234 ], [ -74.2260498, 4.6336235 ], [ -74.2258564, 4.6335427 ], [ -74.2257149, 4.6334569 ], [ -74.225447, 4.6332757 ], [ -74.2252989, 4.6331892 ], [ -74.2252137, 4.6331071 ], [ -74.2251222, 4.6330143 ], [ -74.2250164, 4.6329267 ], [ -74.2249496, 4.6328445 ], [ -74.2247499, 4.6325774 ], [ -74.2246908, 4.6324852 ], [ -74.2246138, 4.6323919 ], [ -74.2244812, 4.6322178 ], [ -74.2243318, 4.6319473 ], [ -74.2242606, 4.6318498 ], [ -74.2241875, 4.6317627 ], [ -74.2240875, 4.6315944 ], [ -74.2240173, 4.6314168 ], [ -74.2239703, 4.6313217 ], [ -74.2238217, 4.6310459 ], [ -74.2237639, 4.6309556 ], [ -74.2237185, 4.6308709 ], [ -74.2235942, 4.6305979 ], [ -74.2234845, 4.6304113 ], [ -74.2234253, 4.6303203 ], [ -74.2233138, 4.6301365 ], [ -74.2232405, 4.6300409 ], [ -74.2231543, 4.6299361 ], [ -74.2229561, 4.6298261 ], [ -74.2227509, 4.6298261 ], [ -74.222623, 4.6299413 ], [ -74.2224447, 4.6301206 ], [ -74.22234, 4.630205 ], [ -74.2222065, 4.6302924 ], [ -74.2220617, 4.630382 ], [ -74.2217693, 4.6305583 ], [ -74.2215479, 4.6306402 ], [ -74.2210403, 4.6306403 ], [ -74.2205647, 4.6305523 ], [ -74.2202596, 4.630463 ], [ -74.2199248, 4.6303729 ], [ -74.2196476, 4.6302837 ], [ -74.2194087, 4.6301962 ], [ -74.2192432, 4.6301072 ], [ -74.2188264, 4.6299231 ], [ -74.2185398, 4.6298303 ], [ -74.2181605, 4.6297366 ], [ -74.2171963, 4.6297368 ], [ -74.2170556, 4.6298488 ], [ -74.2169517, 4.6299445 ], [ -74.2168663, 4.6300403 ], [ -74.2167904, 4.6301365 ], [ -74.2166635, 4.6303362 ], [ -74.2166429, 4.6304488 ], [ -74.2166216, 4.6307275 ], [ -74.2166205, 4.6308272 ], [ -74.216656, 4.6311081 ], [ -74.2166762, 4.6312087 ], [ -74.2167152, 4.6313128 ], [ -74.2168221, 4.6315004 ], [ -74.2169282, 4.6316807 ], [ -74.2169791, 4.6317731 ], [ -74.2173364, 4.6323199 ], [ -74.2174703, 4.6325052 ], [ -74.2175377, 4.632586 ], [ -74.2176335, 4.6328467 ], [ -74.2177266, 4.6330396 ], [ -74.2178031, 4.6331412 ], [ -74.2178868, 4.6332294 ], [ -74.2179403, 4.6333116 ], [ -74.2179918, 4.6333967 ], [ -74.2180736, 4.6335702 ], [ -74.2181418, 4.6337491 ], [ -74.2181778, 4.6338357 ], [ -74.2182014, 4.6339199 ], [ -74.2182481, 4.6341012 ], [ -74.2182737, 4.6341895 ], [ -74.2183092, 4.6343618 ], [ -74.2183406, 4.63471 ], [ -74.2183248, 4.6348751 ], [ -74.2182561, 4.6351363 ], [ -74.2182294, 4.6352152 ], [ -74.2181284, 4.6353895 ], [ -74.2180833, 4.6354733 ], [ -74.2179423, 4.635644 ], [ -74.2178553, 4.6357308 ], [ -74.2176759, 4.6359038 ], [ -74.2175345, 4.6359873 ], [ -74.2173609, 4.6360743 ], [ -74.2171373, 4.6361592 ], [ -74.2163817, 4.6362479 ], [ -74.216235, 4.6362479 ], [ -74.2159982, 4.6363508 ], [ -74.2158728, 4.6364535 ], [ -74.2157774, 4.6365586 ], [ -74.2156788, 4.6367634 ], [ -74.2156615, 4.6368749 ], [ -74.2156748, 4.6376026 ], [ -74.2156685, 4.6377078 ], [ -74.2157084, 4.6378213 ], [ -74.2157561, 4.6379142 ], [ -74.2158703, 4.6381843 ], [ -74.2159582, 4.6383683 ], [ -74.2162444, 4.6389178 ], [ -74.2163201, 4.6390246 ], [ -74.2164549, 4.6391265 ], [ -74.2165995, 4.6392126 ], [ -74.2167592, 4.6393867 ], [ -74.2168628, 4.6394808 ], [ -74.2169687, 4.6395713 ], [ -74.2170674, 4.6396604 ], [ -74.2171658, 4.6397525 ], [ -74.2172857, 4.6398494 ], [ -74.2174545, 4.6399468 ], [ -74.2176991, 4.6400415 ], [ -74.2180514, 4.6401337 ], [ -74.2184655, 4.6402236 ], [ -74.2187534, 4.6403108 ], [ -74.2189298, 4.6403983 ], [ -74.2191254, 4.64049 ], [ -74.2193441, 4.6405803 ], [ -74.219528, 4.6406678 ], [ -74.2196707, 4.6407538 ], [ -74.2199099, 4.6409283 ], [ -74.2200038, 4.6410216 ], [ -74.2203185, 4.6412081 ], [ -74.2204743, 4.6413029 ], [ -74.2207373, 4.6413963 ], [ -74.2209666, 4.6414804 ], [ -74.2212533, 4.6417406 ], [ -74.2213552, 4.6418285 ], [ -74.2215151, 4.6420005 ], [ -74.2216337, 4.6421772 ], [ -74.2218322, 4.6424455 ], [ -74.221879, 4.6425275 ], [ -74.2219585, 4.6427058 ], [ -74.2220468, 4.6428859 ], [ -74.222155, 4.6431404 ], [ -74.2221591, 4.6432127 ], [ -74.2221594, 4.6432954 ], [ -74.2221501, 4.6433782 ], [ -74.222106, 4.6436441 ], [ -74.2220654, 4.6438145 ], [ -74.2219907, 4.6439908 ], [ -74.2218966, 4.6442572 ], [ -74.2217974, 4.6444275 ], [ -74.2217419, 4.6445086 ], [ -74.2216638, 4.6445877 ], [ -74.2215447, 4.6446722 ], [ -74.221412, 4.6447565 ], [ -74.2211901, 4.6448405 ], [ -74.2206409, 4.6449297 ], [ -74.2201286, 4.6450189 ], [ -74.2162225, 4.6450197 ], [ -74.2159309, 4.6449342 ], [ -74.2157158, 4.6448474 ], [ -74.2155613, 4.6447639 ], [ -74.2153603, 4.6445927 ], [ -74.2152781, 4.644504 ], [ -74.2151788, 4.6444097 ], [ -74.2150707, 4.6443192 ], [ -74.2149793, 4.6442332 ], [ -74.2149037, 4.6441487 ], [ -74.214838, 4.6440608 ], [ -74.2147641, 4.6439652 ], [ -74.2146746, 4.6438762 ], [ -74.2146165, 4.6437937 ], [ -74.21456, 4.6437063 ], [ -74.2145091, 4.6436201 ], [ -74.2144651, 4.6435328 ], [ -74.2141137, 4.642813 ], [ -74.2140834, 4.6427367 ], [ -74.2140524, 4.6424824 ], [ -74.2140512, 4.6421273 ], [ -74.2140533, 4.6420396 ], [ -74.2140585, 4.641949 ], [ -74.2140621, 4.6417692 ], [ -74.2140695, 4.6416783 ], [ -74.2140713, 4.6414952 ], [ -74.2140805, 4.6412235 ], [ -74.21408, 4.641104 ], [ -74.2139944, 4.6409755 ], [ -74.2138336, 4.6408708 ], [ -74.2136102, 4.6407742 ], [ -74.2132342, 4.640685 ], [ -74.2132064, 4.6406692 ], [ -74.2134576, 4.6406287 ], [ -74.21376, 4.6406468 ], [ -74.2140056, 4.6407156 ], [ -74.2143476, 4.6410248 ], [ -74.2143251, 4.6413051 ], [ -74.2142852, 4.6415759 ], [ -74.2142565, 4.6418839 ], [ -74.2142678, 4.6422337 ], [ -74.2143304, 4.6425892 ], [ -74.2143874, 4.6428351 ], [ -74.2144905, 4.6431272 ], [ -74.21457, 4.6433679 ], [ -74.2146844, 4.6435856 ], [ -74.2148557, 4.6438607 ], [ -74.2150439, 4.6440558 ], [ -74.2153695, 4.6443993 ], [ -74.2156489, 4.6445948 ], [ -74.2159345, 4.6447321 ], [ -74.2162713, 4.6447783 ], [ -74.2166426, 4.6448015 ], [ -74.2172649, 4.6446188 ], [ -74.2175443, 4.6445843 ], [ -74.2178131, 4.6445684 ], [ -74.2182698, 4.6445626 ], [ -74.2185554, 4.644557 ], [ -74.2190804, 4.6445343 ], [ -74.2193085, 4.644541 ], [ -74.219526, 4.6445234 ], [ -74.2198684, 4.6445352 ], [ -74.2201421, 4.6445182 ], [ -74.2204565, 4.6445413 ], [ -74.2207877, 4.6445362 ], [ -74.2211184, 4.6444671 ], [ -74.2213813, 4.644353 ], [ -74.2215525, 4.6442105 ], [ -74.2216381, 4.6439804 ], [ -74.2217011, 4.6436882 ], [ -74.2216499, 4.6434135 ], [ -74.2215411, 4.6431666 ], [ -74.2214786, 4.6428812 ], [ -74.2213303, 4.6426461 ], [ -74.2211591, 4.642411 ], [ -74.2206966, 4.6420211 ], [ -74.2204683, 4.6418324 ], [ -74.2202284, 4.6416832 ], [ -74.2199484, 4.6415165 ], [ -74.2196858, 4.6413041 ], [ -74.2195033, 4.6411611 ], [ -74.219309, 4.641064 ], [ -74.2189495, 4.6409148 ], [ -74.2187327, 4.6408742 ], [ -74.2184015, 4.6407657 ], [ -74.2180016, 4.6407251 ], [ -74.2177508, 4.6406895 ], [ -74.2175222, 4.6406263 ], [ -74.2172084, 4.640506 ], [ -74.2169571, 4.6403862 ], [ -74.2167746, 4.6402647 ], [ -74.2165177, 4.6401217 ], [ -74.2163065, 4.639933 ], [ -74.2161065, 4.6397149 ], [ -74.2159183, 4.639434 ], [ -74.2158095, 4.6391882 ], [ -74.2156901, 4.6389531 ], [ -74.2155131, 4.6386146 ], [ -74.2154044, 4.6383399 ], [ -74.2153018, 4.6380647 ], [ -74.2152274, 4.6378183 ], [ -74.2151761, 4.6376013 ], [ -74.2151591, 4.6373028 ], [ -74.2151816, 4.6370858 ], [ -74.2152278, 4.6368676 ], [ -74.2153877, 4.6366155 ], [ -74.2155302, 4.636438 ], [ -74.2157988, 4.6362492 ], [ -74.2161469, 4.6361231 ], [ -74.2164038, 4.6361067 ], [ -74.2166206, 4.6360896 ], [ -74.2169175, 4.6360551 ], [ -74.2171574, 4.6359867 ], [ -74.2174542, 4.6358154 ], [ -74.2176485, 4.6356661 ], [ -74.2178484, 4.6354259 ], [ -74.2179683, 4.6352021 ], [ -74.2180308, 4.6349511 ], [ -74.2180252, 4.6346984 ], [ -74.2180082, 4.6344181 ], [ -74.2178944, 4.6342056 ], [ -74.2177631, 4.6340288 ], [ -74.2175744, 4.6337869 ], [ -74.2174262, 4.6335586 ], [ -74.2173118, 4.6333009 ], [ -74.2171636, 4.6330432 ], [ -74.217038, 4.6328533 ], [ -74.2168667, 4.6326069 ], [ -74.2167354, 4.632343 ], [ -74.2165585, 4.6320734 ], [ -74.2164103, 4.6318106 ], [ -74.2163303, 4.6315806 ], [ -74.2162446, 4.6313229 ], [ -74.216182, 4.6311059 ], [ -74.2162163, 4.6308708 ], [ -74.2162731, 4.6302355 ], [ -74.2164387, 4.6300054 ], [ -74.2166617, 4.6298805 ], [ -74.2169073, 4.6297775 ], [ -74.2171298, 4.6296797 ], [ -74.2173866, 4.6296294 ], [ -74.217849, 4.6295948 ], [ -74.218357, 4.6296179 ], [ -74.2186483, 4.6296811 ], [ -74.2189108, 4.6297964 ], [ -74.2192189, 4.6299229 ], [ -74.219482, 4.6300201 ], [ -74.2198757, 4.6301748 ], [ -74.2201383, 4.6302845 ], [ -74.2209607, 4.6304386 ], [ -74.2212801, 4.6304221 ], [ -74.2216169, 4.6303536 ], [ -74.2218168, 4.6302621 ], [ -74.2220511, 4.6301258 ], [ -74.2224277, 4.6295146 ], [ -74.2229072, 4.6295989 ], [ -74.2231759, 4.6297142 ], [ -74.2233809, 4.6298633 ], [ -74.2235297, 4.630121 ], [ -74.2237066, 4.6304471 ], [ -74.2238548, 4.6307274 ], [ -74.2241805, 4.6313061 ], [ -74.2242774, 4.6315016 ], [ -74.2244656, 4.6318396 ], [ -74.2246826, 4.6321894 ], [ -74.2247969, 4.6323894 ], [ -74.2250252, 4.6326759 ], [ -74.2252364, 4.6329285 ], [ -74.2254189, 4.6331184 ], [ -74.2256815, 4.6332902 ], [ -74.2258927, 4.6334099 ], [ -74.2262926, 4.6334732 ], [ -74.2265777, 4.6334279 ], [ -74.2268751, 4.6333012 ], [ -74.2270919, 4.6331768 ], [ -74.2273031, 4.6330683 ], [ -74.2276799, 4.6328444 ], [ -74.2279197, 4.6327126 ], [ -74.2283365, 4.6325758 ], [ -74.228639, 4.6324265 ], [ -74.2290671, 4.6322783 ], [ -74.2292783, 4.6322156 ], [ -74.2296382, 4.6321414 ], [ -74.2298663, 4.6321069 ], [ -74.230215, 4.632078 ], [ -74.2306256, 4.6320683 ], [ -74.2309112, 4.6320507 ], [ -74.2312368, 4.6320959 ], [ -74.231528, 4.6321427 ], [ -74.2317736, 4.6321257 ], [ -74.2322304, 4.6320804 ], [ -74.2325554, 4.632034 ], [ -74.2329897, 4.6320294 ], [ -74.2332634, 4.6320587 ], [ -74.2334977, 4.6320982 ], [ -74.2337546, 4.6321558 ], [ -74.2341314, 4.6321495 ], [ -74.2343882, 4.6321042 ], [ -74.2346851, 4.632059 ], [ -74.2350844, 4.6319848 ], [ -74.2352962, 4.6319226 ], [ -74.2356443, 4.6318932 ], [ -74.2360667, 4.631819 ], [ -74.2362892, 4.6317511 ], [ -74.2365579, 4.631694 ], [ -74.2369348, 4.631751 ], [ -74.2371741, 4.6317746 ], [ -74.2376941, 4.6318498 ], [ -74.2380191, 4.6318321 ], [ -74.2383046, 4.6317185 ], [ -74.2386932, 4.6314494 ], [ -74.2391555, 4.6310135 ], [ -74.239378, 4.6308597 ], [ -74.2398011, 4.6311304 ], [ -74.2398295, 4.6313292 ], [ -74.2392311, 4.6313057 ], [ -74.2392144, 4.6318887 ] ] ] } },
{ "type": "Feature", "properties": { "AREA": 14541.96182969958, "PERIMETER": 1454.19601659, "USO_PROPUE": 79, "USO_PROP_1": 5560, "SIMBOLO_MA": null, "DESC_MAPA": "Zona De Amortiguación 20 m", "GRUPO": "Suelo de Desarrollo Rural", "SUB_GRUPO": "Zona de Desarrollo Agropecuario Con Restricciones", "SIMBOLO": "DA-cr", "CLAS_CIAF": "2b" }, "geometry": { "type": "Polygon", "coordinates": [ [ [ -74.2424086, 4.6357713 ], [ -74.2423012, 4.6356731 ], [ -74.2421442, 4.6354976 ], [ -74.2420207, 4.6354147 ], [ -74.2418855, 4.6353341 ], [ -74.2413645, 4.635244 ], [ -74.241184, 4.6351428 ], [ -74.2410585, 4.6350458 ], [ -74.2409567, 4.6349508 ], [ -74.240833, 4.6348218 ], [ -74.2408691, 4.6346862 ], [ -74.2408835, 4.6346012 ], [ -74.2408968, 4.6345059 ], [ -74.2409373, 4.6343622 ], [ -74.2412897, 4.6342532 ], [ -74.2416618, 4.6342531 ], [ -74.2419216, 4.6343536 ], [ -74.2420492, 4.6344442 ], [ -74.2422625, 4.6345285 ], [ -74.2426078, 4.6346167 ], [ -74.2430861, 4.6347072 ], [ -74.2434653, 4.6348103 ], [ -74.2435174, 4.6349404 ], [ -74.2435552, 4.6350229 ], [ -74.2436133, 4.6351129 ], [ -74.2436651, 4.6352223 ], [ -74.2436763, 4.6353231 ], [ -74.2437114, 4.6354836 ], [ -74.2434181, 4.6356022 ], [ -74.2432154, 4.6356911 ], [ -74.2430372, 4.6357813 ], [ -74.2428338, 4.6358745 ], [ -74.2426559, 4.6359341 ], [ -74.2425505, 4.6358659 ], [ -74.2424086, 4.6357713 ] ], [ [ -74.2413169, 4.6344341 ], [ -74.2410841, 4.6345061 ], [ -74.2410736, 4.6345433 ], [ -74.2410616, 4.6346289 ], [ -74.2410455, 4.6347247 ], [ -74.2410334, 4.63477 ], [ -74.2410831, 4.6348218 ], [ -74.2411751, 4.6349076 ], [ -74.2412835, 4.6349914 ], [ -74.2414255, 4.635071 ], [ -74.2419489, 4.6351615 ], [ -74.2421169, 4.6352617 ], [ -74.2422628, 4.6353596 ], [ -74.2424297, 4.6355458 ], [ -74.2425198, 4.6356284 ], [ -74.2426808, 4.635735 ], [ -74.2427676, 4.6357059 ], [ -74.2429592, 4.6356182 ], [ -74.2431387, 4.6355274 ], [ -74.2433483, 4.6354354 ], [ -74.2435027, 4.635373 ], [ -74.2434983, 4.6353526 ], [ -74.2434893, 4.6352725 ], [ -74.2434556, 4.6352012 ], [ -74.2433969, 4.6351103 ], [ -74.2433518, 4.6350119 ], [ -74.2433315, 4.6349613 ], [ -74.2430458, 4.6348836 ], [ -74.2425688, 4.6347934 ], [ -74.242207, 4.634701 ], [ -74.2419629, 4.6346045 ], [ -74.2418358, 4.6345143 ], [ -74.2416283, 4.634434 ], [ -74.2413169, 4.6344341 ] ] ] } },
{ "type": "Feature", "properties": { "AREA": 18971.201200746, "PERIMETER": 658.01451522299999, "USO_PROPUE": 80, "USO_PROP_1": 5552, "SIMBOLO_MA": "5", "DESC_MAPA": "Área Distrito De Adecuación De Tierras", "GRUPO": "Suelo de Protección y de Importancia Ambiental", "SUB_GRUPO": "Zonas de Protección de Los Recursos Naturales (Propuesta Área Protegida)", "SIMBOLO": "PRN-AP", "CLAS_CIAF": "3a" }, "geometry": { "type": "Polygon", "coordinates": [ [ [ -74.2413169, 4.6344341 ], [ -74.2416283, 4.634434 ], [ -74.2418358, 4.6345143 ], [ -74.2419629, 4.6346045 ], [ -74.242207, 4.634701 ], [ -74.2425688, 4.6347934 ], [ -74.2430458, 4.6348836 ], [ -74.2433315, 4.6349613 ], [ -74.2433518, 4.6350119 ], [ -74.2433969, 4.6351103 ], [ -74.2434556, 4.6352012 ], [ -74.2434893, 4.6352725 ], [ -74.2434983, 4.6353526 ], [ -74.2435027, 4.635373 ], [ -74.2433483, 4.6354354 ], [ -74.2431387, 4.6355274 ], [ -74.2429592, 4.6356182 ], [ -74.2427676, 4.6357059 ], [ -74.2426808, 4.635735 ], [ -74.2425198, 4.6356284 ], [ -74.2424297, 4.6355458 ], [ -74.2422628, 4.6353596 ], [ -74.2421169, 4.6352617 ], [ -74.2419489, 4.6351615 ], [ -74.2414255, 4.635071 ], [ -74.2412835, 4.6349914 ], [ -74.2411751, 4.6349076 ], [ -74.2410831, 4.6348218 ], [ -74.2410334, 4.63477 ], [ -74.2410455, 4.6347247 ], [ -74.2410616, 4.6346289 ], [ -74.2410736, 4.6345433 ], [ -74.2410841, 4.6345061 ], [ -74.2413169, 4.6344341 ] ] ] } },
{ "type": "Feature", "properties": { "AREA": 529794.13189694285, "PERIMETER": 5605.9212600399997, "USO_PROPUE": 81, "USO_PROP_1": 5541, "SIMBOLO_MA": "5", "DESC_MAPA": "Área Distrito De Adecuación De Tierras", "GRUPO": "Suelo de Protección y de Importancia Ambiental", "SUB_GRUPO": "Zonas de Protección de Los Recursos Naturales (Propuesta Área Protegida)", "SIMBOLO": "PRN-AP", "CLAS_CIAF": "3a" }, "geometry": { "type": "Polygon", "coordinates": [ [ [ -74.2302828, 4.6350923 ], [ -74.2290124, 4.6350382 ], [ -74.2280598, 4.6350517 ], [ -74.2267829, 4.6350662 ], [ -74.2254074, 4.6350577 ], [ -74.2238453, 4.6349329 ], [ -74.2222733, 4.634654 ], [ -74.2207389, 4.6343197 ], [ -74.2194527, 4.634009 ], [ -74.2188294, 4.6338283 ], [ -74.2188105, 4.6337551 ], [ -74.2187748, 4.6336274 ], [ -74.2187277, 4.6335141 ], [ -74.2186542, 4.6333214 ], [ -74.2185481, 4.6330964 ], [ -74.2184742, 4.6329742 ], [ -74.2183833, 4.6328347 ], [ -74.2182848, 4.6327308 ], [ -74.2182673, 4.6327076 ], [ -74.2182147, 4.6325987 ], [ -74.2180917, 4.632264 ], [ -74.2179682, 4.6321159 ], [ -74.2178571, 4.6319621 ], [ -74.2175195, 4.6314455 ], [ -74.2174759, 4.6313665 ], [ -74.2173676, 4.6311824 ], [ -74.2172879, 4.6310426 ], [ -74.2172846, 4.6310337 ], [ -74.2172788, 4.6310048 ], [ -74.2172518, 4.630791 ], [ -74.2172522, 4.6307563 ], [ -74.2172671, 4.6305636 ], [ -74.2173049, 4.6305041 ], [ -74.2173492, 4.6304481 ], [ -74.2174012, 4.6303897 ], [ -74.2174229, 4.6303697 ], [ -74.218084, 4.6303696 ], [ -74.2183673, 4.6304396 ], [ -74.2186019, 4.6305156 ], [ -74.2189667, 4.6306767 ], [ -74.2191501, 4.6307753 ], [ -74.219443, 4.6308827 ], [ -74.2197467, 4.6309804 ], [ -74.2200895, 4.6310726 ], [ -74.2204187, 4.631169 ], [ -74.2209826, 4.6312733 ], [ -74.2216606, 4.6312732 ], [ -74.2220433, 4.6311315 ], [ -74.2223897, 4.6309227 ], [ -74.2225444, 4.630827 ], [ -74.2227109, 4.6307181 ], [ -74.2228567, 4.6306005 ], [ -74.2228916, 4.630658 ], [ -74.2229483, 4.6307452 ], [ -74.2230341, 4.6308911 ], [ -74.2231532, 4.6311525 ], [ -74.2232198, 4.631277 ], [ -74.2232783, 4.6313683 ], [ -74.2234097, 4.6316122 ], [ -74.2234406, 4.6316746 ], [ -74.2235197, 4.6318749 ], [ -74.2236719, 4.6321309 ], [ -74.2237642, 4.6322411 ], [ -74.2237994, 4.6322892 ], [ -74.2239519, 4.6325652 ], [ -74.22412, 4.6327861 ], [ -74.2241806, 4.6328595 ], [ -74.2242315, 4.6329389 ], [ -74.224453, 4.633235 ], [ -74.2245668, 4.6333751 ], [ -74.224696, 4.6334821 ], [ -74.2247708, 4.633558 ], [ -74.2249164, 4.6336983 ], [ -74.2251117, 4.6338123 ], [ -74.2253753, 4.6339906 ], [ -74.2255705, 4.6341089 ], [ -74.2259238, 4.6342566 ], [ -74.2269882, 4.6342563 ], [ -74.2272923, 4.6340963 ], [ -74.2274493, 4.6340014 ], [ -74.2276225, 4.6339031 ], [ -74.2278012, 4.63378 ], [ -74.2278946, 4.6336966 ], [ -74.2280422, 4.6336033 ], [ -74.2281218, 4.6335295 ], [ -74.228185, 4.633497 ], [ -74.2285039, 4.6334049 ], [ -74.2287028, 4.6332972 ], [ -74.2288842, 4.6332175 ], [ -74.2290829, 4.6331341 ], [ -74.2292959, 4.6330574 ], [ -74.2295616, 4.6329904 ], [ -74.230003, 4.6330785 ], [ -74.2329272, 4.6331684 ], [ -74.2333815, 4.6332532 ], [ -74.2340683, 4.6333505 ], [ -74.2344234, 4.6333505 ], [ -74.2352441, 4.6332532 ], [ -74.2357205, 4.6331511 ], [ -74.2360229, 4.6330499 ], [ -74.236455, 4.6328979 ], [ -74.2382585, 4.6328975 ], [ -74.2387336, 4.632783 ], [ -74.2390403, 4.6326611 ], [ -74.239218, 4.6325519 ], [ -74.2393047, 4.6329073 ], [ -74.2393839, 4.6330621 ], [ -74.2394632, 4.6332057 ], [ -74.2394497, 4.633282 ], [ -74.2394381, 4.6334408 ], [ -74.2394597, 4.6337213 ], [ -74.2394687, 4.6337509 ], [ -74.2389597, 4.6338307 ], [ -74.2381105, 4.6340235 ], [ -74.2373301, 4.6342051 ], [ -74.2362788, 4.6344218 ], [ -74.2352355, 4.634698 ], [ -74.2340531, 4.634948 ], [ -74.2328877, 4.6351322 ], [ -74.2315952, 4.6351705 ], [ -74.2302828, 4.6350923 ] ] ] } },
{ "type": "Feature", "properties": { "AREA": 21992.107191075342, "PERIMETER": 2199.2106147099998, "USO_PROPUE": 82, "USO_PROP_1": 5516, "SIMBOLO_MA": null, "DESC_MAPA": "Zona De Amortiguación 20 m", "GRUPO": "Suelo de Desarrollo Rural", "SUB_GRUPO": "Zona de Desarrollo Agropecuario Con Restricciones", "SIMBOLO": "DA-cr", "CLAS_CIAF": "2b" }, "geometry": { "type": "Polygon", "coordinates": [ [ [ -74.2434159, 4.633792 ], [ -74.243211, 4.6337073 ], [ -74.2426641, 4.6336163 ], [ -74.2424893, 4.6335242 ], [ -74.2421435, 4.6334376 ], [ -74.2414988, 4.6333467 ], [ -74.2411191, 4.6332124 ], [ -74.2413274, 4.6329335 ], [ -74.2413911, 4.6328455 ], [ -74.2420347, 4.6318519 ], [ -74.2424578, 4.6312177 ], [ -74.242586, 4.6310339 ], [ -74.2428864, 4.6306524 ], [ -74.2429845, 4.6306089 ], [ -74.2431365, 4.630637 ], [ -74.2436742, 4.6307302 ], [ -74.2438337, 4.6308303 ], [ -74.24398, 4.6309241 ], [ -74.244101, 4.6310257 ], [ -74.2441693, 4.6311227 ], [ -74.2443197, 4.6313037 ], [ -74.2443796, 4.6313887 ], [ -74.2444801, 4.6314793 ], [ -74.2445828, 4.6316271 ], [ -74.2444971, 4.6317658 ], [ -74.2444505, 4.6318526 ], [ -74.2443595, 4.6320359 ], [ -74.2443021, 4.6321284 ], [ -74.2442523, 4.6322166 ], [ -74.2441559, 4.6323947 ], [ -74.2441146, 4.6324808 ], [ -74.2440466, 4.6326466 ], [ -74.2440398, 4.6327224 ], [ -74.2440284, 4.6328942 ], [ -74.2440367, 4.6329704 ], [ -74.2440578, 4.6330532 ], [ -74.2441082, 4.6332239 ], [ -74.2441575, 4.6333206 ], [ -74.2441773, 4.6334613 ], [ -74.2440921, 4.6335837 ], [ -74.2440159, 4.6336773 ], [ -74.2439343, 4.6337745 ], [ -74.2438166, 4.6338727 ], [ -74.2437122, 4.6339445 ], [ -74.2435817, 4.6338811 ], [ -74.2434159, 4.633792 ] ], [ [ -74.2430001, 4.6307997 ], [ -74.2427307, 4.6311419 ], [ -74.2426066, 4.6313198 ], [ -74.242185, 4.6319518 ], [ -74.2415397, 4.6329479 ], [ -74.2414106, 4.6331237 ], [ -74.2415418, 4.6331701 ], [ -74.242178, 4.6332598 ], [ -74.242554, 4.633354 ], [ -74.2427222, 4.6334426 ], [ -74.2432607, 4.6335322 ], [ -74.243493, 4.6336283 ], [ -74.2436635, 4.6337199 ], [ -74.2436966, 4.633736 ], [ -74.2437078, 4.6337283 ], [ -74.2438068, 4.6336456 ], [ -74.2439482, 4.6334746 ], [ -74.2439889, 4.6334161 ], [ -74.2439832, 4.6333759 ], [ -74.2439404, 4.6332918 ], [ -74.2438839, 4.6331008 ], [ -74.2438589, 4.6330028 ], [ -74.2438475, 4.6328981 ], [ -74.2438601, 4.6327082 ], [ -74.2438696, 4.6326031 ], [ -74.2439499, 4.6324071 ], [ -74.2439953, 4.6323124 ], [ -74.2440948, 4.6321287 ], [ -74.2441471, 4.632036 ], [ -74.2442019, 4.6319477 ], [ -74.2442905, 4.6317692 ], [ -74.2443411, 4.6316751 ], [ -74.2443671, 4.631633 ], [ -74.2443441, 4.6315999 ], [ -74.2442441, 4.6315097 ], [ -74.2441766, 4.6314138 ], [ -74.2440264, 4.6312332 ], [ -74.2439673, 4.6311493 ], [ -74.2438732, 4.6310702 ], [ -74.2436087, 4.6309024 ], [ -74.2431048, 4.630815 ], [ -74.2430065, 4.6307969 ], [ -74.2430001, 4.6307997 ] ] ] } },
{ "type": "Feature", "properties": { "AREA": 60295.199505280703, "PERIMETER": 1024.93628855, "USO_PROPUE": 83, "USO_PROP_1": 5509, "SIMBOLO_MA": "5", "DESC_MAPA": "Área Distrito De Adecuación De Tierras", "GRUPO": "Suelo de Protección y de Importancia Ambiental", "SUB_GRUPO": "Zonas de Protección de Los Recursos Naturales (Propuesta Área Protegida)", "SIMBOLO": "PRN-AP", "CLAS_CIAF": "3a" }, "geometry": { "type": "Polygon", "coordinates": [ [ [ -74.2430001, 4.6307997 ], [ -74.2430065, 4.6307969 ], [ -74.2431048, 4.630815 ], [ -74.2436087, 4.6309024 ], [ -74.2438732, 4.6310702 ], [ -74.2439673, 4.6311493 ], [ -74.2440264, 4.6312332 ], [ -74.2441766, 4.6314138 ], [ -74.2442441, 4.6315097 ], [ -74.2443441, 4.6315999 ], [ -74.2443671, 4.631633 ], [ -74.2443411, 4.6316751 ], [ -74.2442905, 4.6317692 ], [ -74.2442019, 4.6319477 ], [ -74.2441471, 4.632036 ], [ -74.2440948, 4.6321287 ], [ -74.2439953, 4.6323124 ], [ -74.2439499, 4.6324071 ], [ -74.2438696, 4.6326031 ], [ -74.2438601, 4.6327082 ], [ -74.2438475, 4.6328981 ], [ -74.2438589, 4.6330028 ], [ -74.2438839, 4.6331008 ], [ -74.2439404, 4.6332918 ], [ -74.2439832, 4.6333759 ], [ -74.2439889, 4.6334161 ], [ -74.2439482, 4.6334746 ], [ -74.2438068, 4.6336456 ], [ -74.2437078, 4.6337283 ], [ -74.2436966, 4.633736 ], [ -74.2436635, 4.6337199 ], [ -74.243493, 4.6336283 ], [ -74.2432607, 4.6335322 ], [ -74.2427222, 4.6334426 ], [ -74.242554, 4.633354 ], [ -74.242178, 4.6332598 ], [ -74.2415418, 4.6331701 ], [ -74.2414106, 4.6331237 ], [ -74.2415397, 4.6329479 ], [ -74.242185, 4.6319518 ], [ -74.2426066, 4.6313198 ], [ -74.2427307, 4.6311419 ], [ -74.2430001, 4.6307997 ] ] ] } },
{ "type": "Feature", "properties": { "AREA": 4898.1235889429199, "PERIMETER": 281.20649105899997, "USO_PROPUE": 84, "USO_PROP_1": 5472, "SIMBOLO_MA": "26", "DESC_MAPA": "Uso De Protección De Infraestructura De Servicios Públicos", "GRUPO": "Suelo de Desarrollo Rural", "SUB_GRUPO": "Zona de Infraestructura de Servicios", "SIMBOLO": "In-Se", "CLAS_CIAF": "1a" }, "geometry": { "type": "Polygon", "coordinates": [ [ [ -74.2399235, 4.6319383 ], [ -74.2396264, 4.6319347 ], [ -74.2392135, 4.6319184 ], [ -74.2392311, 4.6313057 ], [ -74.2398295, 4.6313292 ], [ -74.2398829, 4.6317023 ], [ -74.2399235, 4.6319383 ] ] ] } },
{ "type": "Feature", "properties": { "AREA": 872623.41476110369, "PERIMETER": 4332.6247340999998, "USO_PROPUE": 85, "USO_PROP_1": 5366, "SIMBOLO_MA": "5", "DESC_MAPA": "Área Distrito De Adecuación De Tierras", "GRUPO": "Suelo de Protección y de Importancia Ambiental", "SUB_GRUPO": "Zonas de Protección de Los Recursos Naturales (Propuesta Área Protegida)", "SIMBOLO": "PRN-AP", "CLAS_CIAF": "5a" }, "geometry": { "type": "Polygon", "coordinates": [ [ [ -74.2723274, 4.6200711 ], [ -74.2722938, 4.6201384 ], [ -74.2722318, 4.6203193 ], [ -74.2722088, 4.6204097 ], [ -74.2721909, 4.6205906 ], [ -74.2721896, 4.620681 ], [ -74.272212, 4.6209523 ], [ -74.2722306, 4.6211331 ], [ -74.2722406, 4.6214044 ], [ -74.2722367, 4.6214949 ], [ -74.2721761, 4.6215853 ], [ -74.2720168, 4.6217662 ], [ -74.2717025, 4.6219471 ], [ -74.2715158, 4.6220376 ], [ -74.2709036, 4.6223091 ], [ -74.2702195, 4.622671 ], [ -74.2694326, 4.6231234 ], [ -74.2692785, 4.6232138 ], [ -74.268684, 4.6235757 ], [ -74.2683732, 4.6237566 ], [ -74.2680532, 4.6239376 ], [ -74.2679003, 4.6240281 ], [ -74.2671687, 4.6244804 ], [ -74.2669351, 4.6245709 ], [ -74.2663951, 4.6247519 ], [ -74.2657236, 4.6250234 ], [ -74.2655227, 4.6251138 ], [ -74.2649764, 4.6253853 ], [ -74.264799, 4.6254758 ], [ -74.264078, 4.6259281 ], [ -74.2635152, 4.6261995 ], [ -74.2633233, 4.62629 ], [ -74.2629224, 4.626471 ], [ -74.2625455, 4.6266519 ], [ -74.262187, 4.6268329 ], [ -74.2620116, 4.6269234 ], [ -74.2617345, 4.6271043 ], [ -74.2615809, 4.6271948 ], [ -74.2612319, 4.6273757 ], [ -74.259892, 4.6278282 ], [ -74.2598206, 4.6278282 ], [ -74.259776, 4.6277378 ], [ -74.259688, 4.6276474 ], [ -74.2595818, 4.627557 ], [ -74.259198, 4.6274667 ], [ -74.2578933, 4.6273766 ], [ -74.2576952, 4.6273265 ], [ -74.2588754, 4.6257865 ], [ -74.260483, 4.6234547 ], [ -74.2618496, 4.6198319 ], [ -74.2620096, 4.6195974 ], [ -74.2621639, 4.6194143 ], [ -74.2623637, 4.6192763 ], [ -74.2626262, 4.6191858 ], [ -74.2629462, 4.6191399 ], [ -74.2632143, 4.619146 ], [ -74.2635398, 4.6192489 ], [ -74.2639111, 4.619381 ], [ -74.2641623, 4.6194324 ], [ -74.2644761, 4.6194792 ], [ -74.2647785, 4.6194045 ], [ -74.2652071, 4.6193247 ], [ -74.2654296, 4.6192619 ], [ -74.2656921, 4.6191934 ], [ -74.265972, 4.619142 ], [ -74.2662119, 4.6190673 ], [ -74.26648, 4.6190158 ], [ -74.2669993, 4.6188343 ], [ -74.2674448, 4.6186555 ], [ -74.267759, 4.6185243 ], [ -74.2684551, 4.618216 ], [ -74.2687638, 4.6180956 ], [ -74.2690206, 4.6179752 ], [ -74.2692374, 4.617827 ], [ -74.269426, 4.6175918 ], [ -74.2695684, 4.6172013 ], [ -74.2722757, 4.6200452 ], [ -74.2723274, 4.6200711 ] ] ] } }
]
}
