{
"type": "FeatureCollection",
"name": "radar_1",
"crs": { "type": "name", "properties": { "name": "urn:ogc:def:crs:OGC:1.3:CRS84" } },
"xy_coordinate_resolution": 1e-07,
"features": [
{ "type": "Feature", "properties": { "id": 4, "CIAF-2": "4a", "DESCRIPCIO": "natural", "area ha": 1269.042 }, "geometry": { "type": "Polygon", "coordinates": [ [ [ -74.0943591, 4.8657641 ], [ -74.0875528, 4.8638809 ], [ -74.0831535, 4.8626141 ], [ -74.086152, 4.8559347 ], [ -74.0870456, 4.8544782 ], [ -74.0878102, 4.8524229 ], [ -74.0883186, 4.8501968 ], [ -74.0895109, 4.8487826 ], [ -74.0902332, 4.8469413 ], [ -74.0919789, 4.8447988 ], [ -74.0922337, 4.8440281 ], [ -74.0928282, 4.8423154 ], [ -74.0934235, 4.8410734 ], [ -74.0936786, 4.8405594 ], [ -74.0943609, 4.8403443 ], [ -74.094617, 4.8404295 ], [ -74.0954253, 4.8390588 ], [ -74.0953821, 4.8386737 ], [ -74.095295, 4.837604 ], [ -74.0967429, 4.8359755 ], [ -74.0970403, 4.8352047 ], [ -74.0987005, 4.8329767 ], [ -74.0987409, 4.8316072 ], [ -74.0993787, 4.8302368 ], [ -74.1000596, 4.8292514 ], [ -74.1009108, 4.8279662 ], [ -74.101251, 4.827281 ], [ -74.1018051, 4.8269805 ], [ -74.1032533, 4.8256087 ], [ -74.1043175, 4.824152 ], [ -74.1051673, 4.8220537 ], [ -74.1058052, 4.8208117 ], [ -74.1072512, 4.8180277 ], [ -74.1089527, 4.8150293 ], [ -74.1099738, 4.8133159 ], [ -74.1104417, 4.8124593 ], [ -74.1128489, 4.8089083 ], [ -74.1142548, 4.8075413 ], [ -74.1150405, 4.8063909 ], [ -74.1162781, 4.804282 ], [ -74.1173255, 4.8026523 ], [ -74.1184691, 4.8014534 ], [ -74.1200174, 4.7996074 ], [ -74.1211614, 4.7986958 ], [ -74.1217562, 4.7975456 ], [ -74.1223995, 4.7968742 ], [ -74.1234476, 4.7956754 ], [ -74.1240179, 4.7941423 ], [ -74.1259474, 4.7919844 ], [ -74.1266128, 4.7902356 ], [ -74.128782, 4.7886759 ], [ -74.130165, 4.7880032 ], [ -74.1313582, 4.7879773 ], [ -74.1315978, 4.7885036 ], [ -74.1318618, 4.7894129 ], [ -74.1318627, 4.7899636 ], [ -74.1320543, 4.7904181 ], [ -74.1321738, 4.7905137 ], [ -74.1319378, 4.7921181 ], [ -74.131676, 4.7925256 ], [ -74.1312252, 4.7941543 ], [ -74.1308939, 4.7958547 ], [ -74.1314199, 4.7964523 ], [ -74.1318715, 4.7953503 ], [ -74.1328236, 4.7937925 ], [ -74.1330841, 4.7925472 ], [ -74.1333207, 4.7913258 ], [ -74.1352974, 4.7888327 ], [ -74.1359168, 4.7881852 ], [ -74.1366085, 4.7879207 ], [ -74.1384694, 4.7876064 ], [ -74.1396852, 4.7868143 ], [ -74.1409009, 4.7859744 ], [ -74.1413534, 4.7853751 ], [ -74.1423305, 4.7845355 ], [ -74.1430932, 4.7839597 ], [ -74.1442605, 4.7827368 ], [ -74.1450461, 4.7815623 ], [ -74.1471681, 4.7803857 ], [ -74.1482409, 4.7796896 ], [ -74.1493611, 4.7788498 ], [ -74.149431, 4.7778442 ], [ -74.1511724, 4.7774103 ], [ -74.1512684, 4.7777453 ], [ -74.1512225, 4.7787988 ], [ -74.1491968, 4.7804781 ], [ -74.1479814, 4.7815335 ], [ -74.1470054, 4.7829955 ], [ -74.1466017, 4.7842172 ], [ -74.1459116, 4.7853675 ], [ -74.1453878, 4.7861345 ], [ -74.1451974, 4.7864221 ], [ -74.1444359, 4.787764 ], [ -74.1432196, 4.7882449 ], [ -74.1421001, 4.7895635 ], [ -74.1422199, 4.7898267 ], [ -74.143153, 4.7912376 ], [ -74.1428674, 4.791693 ], [ -74.1416517, 4.7925569 ], [ -74.1397924, 4.7938767 ], [ -74.1380755, 4.7947175 ], [ -74.1368357, 4.7954617 ], [ -74.1364794, 4.7964918 ], [ -74.13598, 4.7975221 ], [ -74.1351459, 4.7982417 ], [ -74.1342163, 4.7989375 ], [ -74.1336918, 4.7992975 ], [ -74.1334784, 4.8001358 ], [ -74.1336716, 4.8015001 ], [ -74.1337698, 4.8031519 ], [ -74.1337703, 4.8034631 ], [ -74.132814, 4.8024592 ], [ -74.1324568, 4.8029147 ], [ -74.1315754, 4.8039216 ], [ -74.130434, 4.8064373 ], [ -74.1301022, 4.8078504 ], [ -74.1298178, 4.809024 ], [ -74.1293896, 4.8098866 ], [ -74.1291285, 4.8107249 ], [ -74.128438, 4.8117555 ], [ -74.1278665, 4.8125226 ], [ -74.1268892, 4.8132185 ], [ -74.1265554, 4.8134345 ], [ -74.1262225, 4.8141533 ], [ -74.1259606, 4.8145368 ], [ -74.1257465, 4.814992 ], [ -74.1252935, 4.8152561 ], [ -74.1247686, 4.8153767 ], [ -74.1241482, 4.8154017 ], [ -74.1234078, 4.8151156 ], [ -74.1225007, 4.8149734 ], [ -74.1218562, 4.8148787 ], [ -74.1216652, 4.8148791 ], [ -74.1203094, 4.8176585 ], [ -74.1197156, 4.8193832 ], [ -74.1194793, 4.820844 ], [ -74.1192416, 4.8214429 ], [ -74.1186241, 4.8232634 ], [ -74.1184101, 4.8237426 ], [ -74.1180056, 4.8244854 ], [ -74.1178397, 4.8252039 ], [ -74.1174834, 4.8262819 ], [ -74.117032, 4.8275276 ], [ -74.1159613, 4.8295164 ], [ -74.1153662, 4.830475 ], [ -74.1149613, 4.8310264 ], [ -74.1143184, 4.8319611 ], [ -74.1140088, 4.8323207 ], [ -74.113843, 4.8330871 ], [ -74.1126753, 4.8342143 ], [ -74.1121993, 4.8350051 ], [ -74.1116751, 4.8355327 ], [ -74.1109357, 4.8358451 ], [ -74.108457, 4.8380039 ], [ -74.107075, 4.8393947 ], [ -74.1063126, 4.840186 ], [ -74.1055264, 4.8410971 ], [ -74.1046444, 4.8417449 ], [ -74.103572, 4.8427283 ], [ -74.1026907, 4.8438549 ], [ -74.1014994, 4.8451497 ], [ -74.1004504, 4.8458457 ], [ -74.0997117, 4.8465651 ], [ -74.0992595, 4.8473799 ], [ -74.0982356, 4.8488898 ], [ -74.0976883, 4.8498723 ], [ -74.0973813, 4.8519078 ], [ -74.0968121, 4.8541832 ], [ -74.0965265, 4.8546385 ], [ -74.0952169, 4.8566038 ], [ -74.0942657, 4.8587601 ], [ -74.0940516, 4.8592392 ], [ -74.0940791, 4.8614657 ], [ -74.0942485, 4.8629019 ], [ -74.0943213, 4.8636679 ], [ -74.0942039, 4.8648173 ], [ -74.0938948, 4.86556 ], [ -74.0943591, 4.8657641 ] ] ] } },
{ "type": "Feature", "properties": { "id": 4, "CIAF-2": "4a", "DESCRIPCIO": "natural", "area ha": 6404.163 }, "geometry": { "type": "Polygon", "coordinates": [ [ [ -74.3593898, 4.6716238 ], [ -74.3594299, 4.7284809 ], [ -74.3583802, 4.7285787 ], [ -74.3569485, 4.7285815 ], [ -74.3552283, 4.7274358 ], [ -74.3538911, 4.7269597 ], [ -74.3515034, 4.7261025 ], [ -74.3494957, 4.7243828 ], [ -74.3472978, 4.7229508 ], [ -74.3424289, 4.7222899 ], [ -74.3404231, 4.7215277 ], [ -74.3387018, 4.7198074 ], [ -74.3377463, 4.7192347 ], [ -74.3370778, 4.7190445 ], [ -74.3362179, 4.7185674 ], [ -74.3349746, 4.7172292 ], [ -74.3340181, 4.7161777 ], [ -74.3338269, 4.7159866 ], [ -74.3328717, 4.7156054 ], [ -74.3326808, 4.7156057 ], [ -74.3323945, 4.7156063 ], [ -74.3304835, 4.7144609 ], [ -74.3294329, 4.7140798 ], [ -74.3289531, 4.7127402 ], [ -74.32771, 4.7114977 ], [ -74.3268505, 4.7112121 ], [ -74.3243686, 4.7110253 ], [ -74.3237012, 4.7114096 ], [ -74.3223665, 4.7121782 ], [ -74.3216047, 4.7131372 ], [ -74.3218012, 4.7161053 ], [ -74.3217078, 4.7171588 ], [ -74.3209457, 4.7179263 ], [ -74.3199927, 4.7186942 ], [ -74.3190386, 4.7188875 ], [ -74.3178915, 4.7179321 ], [ -74.3139015, 4.7151867 ], [ -74.3137811, 4.7146123 ], [ -74.3138024, 4.7132238 ], [ -74.3142244, 4.7092491 ], [ -74.3133123, 4.7063302 ], [ -74.3123537, 4.7041296 ], [ -74.3117778, 4.702407 ], [ -74.3112952, 4.6995352 ], [ -74.3082838, 4.6968596 ], [ -74.3057098, 4.6983966 ], [ -74.3050433, 4.6992597 ], [ -74.3053305, 4.6997379 ], [ -74.3037091, 4.7003155 ], [ -74.3013228, 4.7002242 ], [ -74.298075, 4.6986981 ], [ -74.2978841, 4.6986985 ], [ -74.2955915, 4.6976494 ], [ -74.2915787, 4.6953587 ], [ -74.2880439, 4.69345 ], [ -74.2853657, 4.6902949 ], [ -74.283354, 4.686181 ], [ -74.2828755, 4.6855116 ], [ -74.2824938, 4.6855123 ], [ -74.2816339, 4.685035 ], [ -74.2739862, 4.6781544 ], [ -74.2709283, 4.6760532 ], [ -74.2650044, 4.6723293 ], [ -74.2632839, 4.670896 ], [ -74.261371, 4.6686012 ], [ -74.2584096, 4.6670744 ], [ -74.256206, 4.6622904 ], [ -74.254578, 4.6591332 ], [ -74.2537136, 4.6560704 ], [ -74.252944, 4.6526244 ], [ -74.2528506, 4.6510775 ], [ -74.3593492, 4.650893 ], [ -74.3593898, 4.6716238 ] ] ] } },
{ "type": "Feature", "properties": { "id": 4, "CIAF-2": "4a", "DESCRIPCIO": "natural", "area ha": 899.158 }, "geometry": { "type": "Polygon", "coordinates": [ [ [ -74.3396584, 4.8072073 ], [ -74.3396594, 4.8077339 ], [ -74.3397086, 4.8084999 ], [ -74.3397092, 4.8087872 ], [ -74.3389967, 4.8105601 ], [ -74.3387591, 4.8110872 ], [ -74.3383321, 4.8123807 ], [ -74.3381434, 4.8134823 ], [ -74.3373821, 4.8147286 ], [ -74.3368111, 4.8155916 ], [ -74.3363828, 4.8162627 ], [ -74.3364336, 4.8178426 ], [ -74.3359106, 4.818849 ], [ -74.3353403, 4.820095 ], [ -74.3346269, 4.8213891 ], [ -74.3344859, 4.8225385 ], [ -74.3342002, 4.8228742 ], [ -74.3340131, 4.8248376 ], [ -74.3342061, 4.8258905 ], [ -74.3336834, 4.8270885 ], [ -74.3332557, 4.8280469 ], [ -74.3330666, 4.8289569 ], [ -74.3321642, 4.8312569 ], [ -74.3313547, 4.832216 ], [ -74.3303538, 4.8329362 ], [ -74.3296386, 4.8333206 ], [ -74.3291623, 4.8338482 ], [ -74.3287809, 4.8340883 ], [ -74.3278289, 4.8353829 ], [ -74.3278294, 4.8356702 ], [ -74.3279741, 4.836436 ], [ -74.3283573, 4.8371534 ], [ -74.3289328, 4.8385407 ], [ -74.3291259, 4.8396415 ], [ -74.3286026, 4.8405523 ], [ -74.3272194, 4.8410338 ], [ -74.3255962, 4.8408454 ], [ -74.3236393, 4.8408971 ], [ -74.3217831, 4.843582 ], [ -74.321212, 4.8444449 ], [ -74.3202111, 4.8452129 ], [ -74.3195456, 4.8466027 ], [ -74.3186439, 4.8492856 ], [ -74.3186465, 4.8506262 ], [ -74.3193631, 4.85096 ], [ -74.3201754, 4.8513893 ], [ -74.3211312, 4.8520098 ], [ -74.3217542, 4.8533013 ], [ -74.3212323, 4.8548824 ], [ -74.3200886, 4.8558422 ], [ -74.318992, 4.8565146 ], [ -74.3171345, 4.858577 ], [ -74.3163246, 4.8593446 ], [ -74.3151328, 4.8601609 ], [ -74.3147521, 4.8607362 ], [ -74.3147048, 4.8609757 ], [ -74.3150407, 4.8618847 ], [ -74.3157105, 4.8626495 ], [ -74.315761, 4.8640857 ], [ -74.3150467, 4.8649489 ], [ -74.313712, 4.8659091 ], [ -74.3134268, 4.8664842 ], [ -74.3137635, 4.8678242 ], [ -74.3142904, 4.8687807 ], [ -74.3145784, 4.8695941 ], [ -74.3142942, 4.8707437 ], [ -74.3141042, 4.8712229 ], [ -74.3137713, 4.8718459 ], [ -74.2973034, 4.87183 ], [ -74.2976327, 4.8693397 ], [ -74.2978209, 4.867903 ], [ -74.2993452, 4.8662721 ], [ -74.30006, 4.8656483 ], [ -74.3013467, 4.8645446 ], [ -74.3022511, 4.8632502 ], [ -74.30349, 4.8620987 ], [ -74.3043476, 4.8612831 ], [ -74.3058249, 4.8600354 ], [ -74.3069663, 4.8578786 ], [ -74.3070139, 4.8578306 ], [ -74.307299, 4.8571598 ], [ -74.3072492, 4.8560587 ], [ -74.3071038, 4.8549099 ], [ -74.3067199, 4.8538573 ], [ -74.3063352, 4.8523738 ], [ -74.3073818, 4.8506002 ], [ -74.3080954, 4.849354 ], [ -74.3093819, 4.8481546 ], [ -74.310716, 4.846955 ], [ -74.3118083, 4.8440802 ], [ -74.3118536, 4.8428352 ], [ -74.3121843, 4.8410631 ], [ -74.3130391, 4.8388111 ], [ -74.3132747, 4.8372307 ], [ -74.3136544, 4.8360809 ], [ -74.314844, 4.8342113 ], [ -74.3156047, 4.8326777 ], [ -74.3161282, 4.8318627 ], [ -74.3169366, 4.8302812 ], [ -74.3175083, 4.8297534 ], [ -74.3188909, 4.8289368 ], [ -74.320607, 4.8278322 ], [ -74.3222747, 4.8263448 ], [ -74.3232262, 4.8247629 ], [ -74.3237001, 4.8230384 ], [ -74.3246041, 4.8215524 ], [ -74.3257937, 4.8196828 ], [ -74.3263653, 4.8190593 ], [ -74.3268882, 4.8180049 ], [ -74.3275067, 4.8169983 ], [ -74.328173, 4.8159915 ], [ -74.3294604, 4.8153187 ], [ -74.3300331, 4.8153176 ], [ -74.3319896, 4.8151222 ], [ -74.3324182, 4.8146426 ], [ -74.3334183, 4.8134916 ], [ -74.3347999, 4.8121962 ], [ -74.3364672, 4.810565 ], [ -74.337037, 4.8090797 ], [ -74.3381332, 4.8082636 ], [ -74.3388477, 4.807544 ], [ -74.3393242, 4.8071601 ], [ -74.3396584, 4.8072073 ] ] ] } },
{ "type": "Feature", "properties": { "id": 1, "CIAF-2": "1b", "DESCRIPCIO": "rural", "area ha": 7.271 }, "geometry": { "type": "Polygon", "coordinates": [ [ [ -74.1247332, 4.6512994 ], [ -74.0827457, 4.6516544 ], [ -74.0827453, 4.6513722 ], [ -74.1247332, 4.6512994 ] ] ] } },
{ "type": "Feature", "properties": { "id": 1, "CIAF-2": "1a", "DESCRIPCIO": "urbano", "area ha": 467.547 }, "geometry": { "type": "Polygon", "coordinates": [ [ [ -74.234281, 4.7043382 ], [ -74.2345689, 4.7051995 ], [ -74.2311854, 4.7079826 ], [ -74.2373027, 4.7129034 ], [ -74.2349663, 4.7140567 ], [ -74.2286097, 4.7087053 ], [ -74.2245576, 4.7112023 ], [ -74.225754, 4.7131154 ], [ -74.2140273, 4.720749 ], [ -74.2157021, 4.7233316 ], [ -74.2132705, 4.7246765 ], [ -74.2107815, 4.7204195 ], [ -74.2051556, 4.7236373 ], [ -74.2016096, 4.7152643 ], [ -74.1981272, 4.7161322 ], [ -74.1967391, 4.7137405 ], [ -74.2192476, 4.7039338 ], [ -74.2222964, 4.7007683 ], [ -74.225261, 4.7041147 ], [ -74.2270716, 4.7024836 ], [ -74.2313719, 4.7054446 ], [ -74.2334696, 4.7042678 ], [ -74.234281, 4.7043382 ] ] ] } },
{ "type": "Feature", "properties": { "id": 1, "CIAF-2": "1a", "DESCRIPCIO": "urbano", "area ha": 325.288 }, "geometry": { "type": "Polygon", "coordinates": [ [ [ -74.2540093, 4.7281711 ], [ -74.254081, 4.7282428 ], [ -74.2540337, 4.7284583 ], [ -74.2543446, 4.7288408 ], [ -74.258406, 4.7315626 ], [ -74.2588349, 4.7312266 ], [ -74.2592633, 4.7306034 ], [ -74.2592624, 4.7301246 ], [ -74.2594519, 4.7293103 ], [ -74.2595467, 4.728975 ], [ -74.259689, 4.7284959 ], [ -74.260785, 4.7275842 ], [ -74.2611189, 4.7274878 ], [ -74.2625499, 4.7271022 ], [ -74.2636951, 4.7270044 ], [ -74.2647906, 4.7258054 ], [ -74.2671274, 4.7248914 ], [ -74.2691277, 4.7226853 ], [ -74.2729074, 4.7278972 ], [ -74.2720491, 4.7282818 ], [ -74.2710476, 4.7286667 ], [ -74.2682819, 4.7299166 ], [ -74.2678527, 4.7301089 ], [ -74.2675683, 4.7311628 ], [ -74.2669978, 4.7323608 ], [ -74.2669034, 4.7329356 ], [ -74.2669991, 4.733079 ], [ -74.2672382, 4.7333659 ], [ -74.2674296, 4.7336049 ], [ -74.2674302, 4.7339401 ], [ -74.2672872, 4.734084 ], [ -74.2670012, 4.7342281 ], [ -74.2677658, 4.7348013 ], [ -74.2683374, 4.7342257 ], [ -74.268718, 4.7335547 ], [ -74.2690983, 4.73274 ], [ -74.2697664, 4.7327388 ], [ -74.2700536, 4.7331692 ], [ -74.2704354, 4.7331685 ], [ -74.2709124, 4.7330719 ], [ -74.2717709, 4.732783 ], [ -74.2728205, 4.7325896 ], [ -74.2742518, 4.7323475 ], [ -74.2744915, 4.7329695 ], [ -74.2739698, 4.734742 ], [ -74.2731602, 4.7356532 ], [ -74.2727793, 4.7361806 ], [ -74.272972, 4.7371378 ], [ -74.2736889, 4.7377111 ], [ -74.2744519, 4.7373745 ], [ -74.2747362, 4.7362728 ], [ -74.2749263, 4.7358415 ], [ -74.275497, 4.7347392 ], [ -74.2751137, 4.733926 ], [ -74.2765861, 4.7300929 ], [ -74.280405, 4.7306125 ], [ -74.2751707, 4.7390011 ], [ -74.2720664, 4.7377619 ], [ -74.2714997, 4.7410667 ], [ -74.2691114, 4.7399219 ], [ -74.2674925, 4.7419837 ], [ -74.2646746, 4.7407919 ], [ -74.2635782, 4.7414642 ], [ -74.2623366, 4.7410356 ], [ -74.2611414, 4.7399365 ], [ -74.2635237, 4.7377776 ], [ -74.2632837, 4.737012 ], [ -74.2609902, 4.735484 ], [ -74.2579397, 4.7375963 ], [ -74.257701, 4.7375488 ], [ -74.2562699, 4.7379345 ], [ -74.2556505, 4.7385101 ], [ -74.2537932, 4.7406681 ], [ -74.2490042, 4.7314838 ], [ -74.2540093, 4.7281711 ] ] ] } },
{ "type": "Feature", "properties": { "id": 1, "CIAF-2": "1b", "DESCRIPCIO": "rural", "area ha": 0.53 }, "geometry": { "type": "Polygon", "coordinates": [ [ [ -74.3596724, 4.8153488 ], [ -74.3595893, 4.7974905 ], [ -74.359637, 4.797339 ], [ -74.3596724, 4.8153488 ] ] ] } },
{ "type": "Feature", "properties": { "id": 5, "CIAF-2": "5a", "DESCRIPCIO": "superficie libre", "area ha": 8.474 }, "geometry": { "type": "Polygon", "coordinates": [ [ [ -74.1966657, 4.6512306 ], [ -74.1958796, 4.6520339 ], [ -74.1955703, 4.6525132 ], [ -74.1953564, 4.6530403 ], [ -74.1953332, 4.6534114 ], [ -74.1952382, 4.6536989 ], [ -74.1951317, 4.6541659 ], [ -74.1949772, 4.6545492 ], [ -74.1945489, 4.6552442 ], [ -74.1940009, 4.6557 ], [ -74.1936673, 4.65594 ], [ -74.1929934, 4.6560548 ], [ -74.1924923, 4.6560317 ], [ -74.1919433, 4.6558771 ], [ -74.191561, 4.6555545 ], [ -74.1911668, 4.6552799 ], [ -74.1887539, 4.6534764 ], [ -74.1879775, 4.6528912 ], [ -74.1872132, 4.6524256 ], [ -74.186652, 4.6521513 ], [ -74.1859007, 4.6523201 ], [ -74.1855553, 4.6526439 ], [ -74.1853767, 4.6528836 ], [ -74.1851385, 4.6530995 ], [ -74.1849003, 4.6533513 ], [ -74.1842806, 4.6537593 ], [ -74.1840302, 4.6538435 ], [ -74.1837079, 4.6537243 ], [ -74.1835407, 4.653581 ], [ -74.183421, 4.6533537 ], [ -74.1834204, 4.6530186 ], [ -74.1835151, 4.6525635 ], [ -74.1836098, 4.6521205 ], [ -74.1839072, 4.6515813 ], [ -74.18405, 4.6514135 ], [ -74.184181, 4.6512337 ], [ -74.1841839, 4.6512098 ], [ -74.1845031, 4.6512182 ], [ -74.1844942, 4.6512571 ], [ -74.1844377, 4.651365 ], [ -74.1843574, 4.6515058 ], [ -74.1843099, 4.6516465 ], [ -74.1839892, 4.6525059 ], [ -74.1838227, 4.6527994 ], [ -74.1837637, 4.6531766 ], [ -74.183919, 4.653296 ], [ -74.1843008, 4.6533253 ], [ -74.1846048, 4.6531872 ], [ -74.1849083, 4.6528036 ], [ -74.1853016, 4.6525276 ], [ -74.1858378, 4.6521317 ], [ -74.1863863, 4.6520051 ], [ -74.186601, 4.6519688 ], [ -74.1866368, 4.6519688 ], [ -74.1872514, 4.6520754 ], [ -74.1882544, 4.6526124 ], [ -74.1886666, 4.6529948 ], [ -74.1889056, 4.6532098 ], [ -74.1891207, 4.653419 ], [ -74.1904942, 4.6543383 ], [ -74.1914796, 4.6550429 ], [ -74.1917543, 4.65524 ], [ -74.1922021, 4.6555265 ], [ -74.1924349, 4.6555979 ], [ -74.1926974, 4.6556214 ], [ -74.1935562, 4.6555302 ], [ -74.1938303, 4.6553621 ], [ -74.194015, 4.6552062 ], [ -74.1941638, 4.6550444 ], [ -74.1943245, 4.6548107 ], [ -74.1944313, 4.6544993 ], [ -74.1944789, 4.6544034 ], [ -74.1946395, 4.6541278 ], [ -74.1947465, 4.6539002 ], [ -74.1948178, 4.6537505 ], [ -74.1949839, 4.6531816 ], [ -74.1950669, 4.6529301 ], [ -74.195168, 4.6527025 ], [ -74.1952929, 4.6525347 ], [ -74.1956856, 4.6519355 ], [ -74.1958103, 4.6515941 ], [ -74.1960782, 4.6512884 ], [ -74.1961616, 4.6512284 ], [ -74.1961914, 4.6512014 ], [ -74.1966798, 4.6512156 ], [ -74.1966657, 4.6512306 ] ] ] } },
{ "type": "Feature", "properties": { "id": 5, "CIAF-2": "5a", "DESCRIPCIO": "superficie libre", "area ha": 16.693 }, "geometry": { "type": "Polygon", "coordinates": [ [ [ -74.1815645, 4.6512074 ], [ -74.1808152, 4.6525613 ], [ -74.1803749, 4.6532564 ], [ -74.1798272, 4.6538678 ], [ -74.1787901, 4.6543723 ], [ -74.1781346, 4.6547444 ], [ -74.1777059, 4.6552359 ], [ -74.1771697, 4.6556199 ], [ -74.1765852, 4.6556927 ], [ -74.1760721, 4.6555858 ], [ -74.1756425, 4.6555267 ], [ -74.1753443, 4.6555751 ], [ -74.1749033, 4.6558032 ], [ -74.1749036, 4.6559948 ], [ -74.1745585, 4.6564981 ], [ -74.1739747, 4.6569898 ], [ -74.1720919, 4.6583097 ], [ -74.1709226, 4.658192 ], [ -74.1696327, 4.6573442 ], [ -74.1691434, 4.6572373 ], [ -74.1687378, 4.6572739 ], [ -74.1681655, 4.6574305 ], [ -74.1676528, 4.6576468 ], [ -74.1673079, 4.6582818 ], [ -74.1672255, 4.6589403 ], [ -74.1672023, 4.6593593 ], [ -74.1671431, 4.6596467 ], [ -74.1670728, 4.660389 ], [ -74.1669302, 4.6607722 ], [ -74.1664175, 4.6609646 ], [ -74.1657014, 4.6607743 ], [ -74.1655336, 4.6603077 ], [ -74.165402, 4.6600685 ], [ -74.165151, 4.6597697 ], [ -74.164733, 4.659531 ], [ -74.1643512, 4.6595196 ], [ -74.1640889, 4.6595799 ], [ -74.1638266, 4.659724 ], [ -74.1636003, 4.6599039 ], [ -74.163541, 4.6601434 ], [ -74.1635055, 4.6602991 ], [ -74.1633986, 4.6605866 ], [ -74.1634233, 4.6610893 ], [ -74.1634244, 4.6618075 ], [ -74.1634733, 4.6624897 ], [ -74.1634144, 4.6629327 ], [ -74.163355, 4.6630885 ], [ -74.1632836, 4.6632202 ], [ -74.1631767, 4.6634957 ], [ -74.1630221, 4.6638072 ], [ -74.1628913, 4.6640469 ], [ -74.1627841, 4.6641667 ], [ -74.1625815, 4.6642868 ], [ -74.1623309, 4.6642752 ], [ -74.1618297, 4.6641803 ], [ -74.1615788, 4.6639413 ], [ -74.1611967, 4.6637863 ], [ -74.1610415, 4.6636908 ], [ -74.1607907, 4.6635356 ], [ -74.1604089, 4.6635243 ], [ -74.1597409, 4.6635732 ], [ -74.1594428, 4.6636695 ], [ -74.1592519, 4.6636818 ], [ -74.1589894, 4.6636702 ], [ -74.1587719, 4.6637664 ], [ -74.1587721, 4.66391 ], [ -74.1590353, 4.6643285 ], [ -74.1592264, 4.6644958 ], [ -74.159501, 4.664627 ], [ -74.1599189, 4.6647939 ], [ -74.1604202, 4.6649487 ], [ -74.1607307, 4.6651158 ], [ -74.161041, 4.665235 ], [ -74.1613637, 4.6655576 ], [ -74.1614835, 4.6658807 ], [ -74.1614959, 4.6661679 ], [ -74.1613893, 4.6666349 ], [ -74.1610919, 4.6671741 ], [ -74.1608263, 4.6670399 ], [ -74.1611832, 4.6664408 ], [ -74.161159, 4.6662493 ], [ -74.1611703, 4.6658423 ], [ -74.160931, 4.6653998 ], [ -74.1606563, 4.6652326 ], [ -74.1602027, 4.6651137 ], [ -74.1595581, 4.6648394 ], [ -74.1589133, 4.6645053 ], [ -74.1584951, 4.664111 ], [ -74.1585542, 4.6638116 ], [ -74.1586134, 4.6635123 ], [ -74.1587564, 4.6634043 ], [ -74.1594364, 4.6634151 ], [ -74.1599613, 4.6634023 ], [ -74.16051, 4.6633356 ], [ -74.1609218, 4.6634306 ], [ -74.1615546, 4.6637767 ], [ -74.162044, 4.6639315 ], [ -74.1624318, 4.6639668 ], [ -74.1626698, 4.6635774 ], [ -74.1628421, 4.6631641 ], [ -74.1629726, 4.662739 ], [ -74.1629421, 4.6622961 ], [ -74.162942, 4.6622542 ], [ -74.1630006, 4.6616017 ], [ -74.1630116, 4.6610511 ], [ -74.1630758, 4.660207 ], [ -74.163248, 4.659692 ], [ -74.1637782, 4.6592901 ], [ -74.164464, 4.6591932 ], [ -74.1648579, 4.6592704 ], [ -74.1652637, 4.6594253 ], [ -74.1655329, 4.6598558 ], [ -74.1656765, 4.6601249 ], [ -74.1660051, 4.6604296 ], [ -74.1661663, 4.6605132 ], [ -74.1667567, 4.6604224 ], [ -74.1668509, 4.659698 ], [ -74.1667903, 4.6590996 ], [ -74.1668612, 4.6586925 ], [ -74.1670749, 4.6580577 ], [ -74.1671698, 4.6577463 ], [ -74.1672647, 4.657423 ], [ -74.1674433, 4.6572192 ], [ -74.1677413, 4.6570631 ], [ -74.1687431, 4.6568459 ], [ -74.1694111, 4.6568209 ], [ -74.1698407, 4.656892 ], [ -74.1701753, 4.6571787 ], [ -74.1707011, 4.6577045 ], [ -74.1716439, 4.6579184 ], [ -74.1726809, 4.6573661 ], [ -74.173241, 4.657006 ], [ -74.1736701, 4.6567539 ], [ -74.1741345, 4.6562504 ], [ -74.17442, 4.6557592 ], [ -74.1749443, 4.6553872 ], [ -74.1755286, 4.6551947 ], [ -74.1762803, 4.6552293 ], [ -74.1771868, 4.655156 ], [ -74.1775321, 4.6547365 ], [ -74.1778896, 4.6545204 ], [ -74.1784139, 4.6541006 ], [ -74.1793674, 4.6535842 ], [ -74.1802609, 4.6528166 ], [ -74.1806417, 4.6522295 ], [ -74.1811292, 4.651259 ], [ -74.1811652, 4.6512055 ], [ -74.1815645, 4.6512074 ] ] ] } },
{ "type": "Feature", "properties": { "id": 1, "CIAF-2": "1b", "DESCRIPCIO": "rural", "area ha": 0.0 }, "geometry": { "type": "Polygon", "coordinates": [ [ [ -74.1678267, 4.6896326 ], [ -74.1678271, 4.6896346 ], [ -74.1678258, 4.6896335 ], [ -74.1678267, 4.6896326 ] ] ] } },
{ "type": "Feature", "properties": { "id": 5, "CIAF-2": "5a", "DESCRIPCIO": "superficie libre", "area ha": 30.975 }, "geometry": { "type": "Polygon", "coordinates": [ [ [ -74.1610774, 4.667185 ], [ -74.1611972, 4.6674721 ], [ -74.1614002, 4.6675675 ], [ -74.1616388, 4.667591 ], [ -74.1621041, 4.6676142 ], [ -74.1631897, 4.6675765 ], [ -74.1644072, 4.6679097 ], [ -74.1652664, 4.6680758 ], [ -74.1656723, 4.6682188 ], [ -74.166126, 4.6684335 ], [ -74.1666751, 4.6685762 ], [ -74.1674628, 4.6687904 ], [ -74.1681075, 4.6690527 ], [ -74.1686806, 4.669339 ], [ -74.1692533, 4.6693859 ], [ -74.1700891, 4.6697436 ], [ -74.1703044, 4.6700784 ], [ -74.1704006, 4.6705571 ], [ -74.1711902, 4.6718725 ], [ -74.1715973, 4.6727816 ], [ -74.1717892, 4.6733798 ], [ -74.1718854, 4.6738345 ], [ -74.171886, 4.6742175 ], [ -74.171887, 4.6747682 ], [ -74.1718163, 4.675295 ], [ -74.1727957, 4.6760116 ], [ -74.1732736, 4.6763938 ], [ -74.1739185, 4.6767758 ], [ -74.1746592, 4.6773731 ], [ -74.1750653, 4.6776597 ], [ -74.1752329, 4.6780185 ], [ -74.1753531, 4.678545 ], [ -74.1751393, 4.679096 ], [ -74.1746649, 4.6808205 ], [ -74.1745707, 4.6815389 ], [ -74.1745008, 4.6825565 ], [ -74.1743943, 4.6830714 ], [ -74.1743112, 4.6833229 ], [ -74.1741685, 4.6836344 ], [ -74.1738114, 4.6840898 ], [ -74.1734659, 4.6844136 ], [ -74.1731681, 4.6847134 ], [ -74.1728821, 4.6849054 ], [ -74.1725364, 4.6850736 ], [ -74.172203, 4.6854572 ], [ -74.1719411, 4.6857688 ], [ -74.1715002, 4.6861407 ], [ -74.1702859, 4.6876749 ], [ -74.1691545, 4.6888978 ], [ -74.1687019, 4.6893773 ], [ -74.1685475, 4.6897846 ], [ -74.1712827, 4.6916115 ], [ -74.1716533, 4.6921016 ], [ -74.1723714, 4.6934411 ], [ -74.1726116, 4.6943504 ], [ -74.1728637, 4.6953316 ], [ -74.1730441, 4.6961931 ], [ -74.173129, 4.697019 ], [ -74.1731422, 4.6977731 ], [ -74.1728687, 4.6983002 ], [ -74.1719513, 4.6990918 ], [ -74.1710815, 4.6997756 ], [ -74.170593, 4.7001594 ], [ -74.1699984, 4.7013335 ], [ -74.1699749, 4.701549 ], [ -74.1700716, 4.702315 ], [ -74.17043, 4.7025538 ], [ -74.171599, 4.7024561 ], [ -74.1730781, 4.7022142 ], [ -74.1741994, 4.7020926 ], [ -74.1749512, 4.7021751 ], [ -74.1755837, 4.7023057 ], [ -74.1760015, 4.7024127 ], [ -74.1766699, 4.7026031 ], [ -74.1771956, 4.7030092 ], [ -74.177614, 4.7035232 ], [ -74.1776269, 4.7040858 ], [ -74.1775205, 4.7046726 ], [ -74.1770676, 4.7049726 ], [ -74.1765905, 4.7050452 ], [ -74.1752907, 4.7054424 ], [ -74.1738596, 4.7058039 ], [ -74.1724168, 4.7063211 ], [ -74.1713792, 4.7065503 ], [ -74.1702455, 4.7064205 ], [ -74.1710738, 4.7058685 ], [ -74.1726956, 4.7053869 ], [ -74.1736854, 4.70511 ], [ -74.1763451, 4.7045429 ], [ -74.1766905, 4.7042311 ], [ -74.176928, 4.7035603 ], [ -74.1762349, 4.7028792 ], [ -74.1752203, 4.7025816 ], [ -74.1747191, 4.7025466 ], [ -74.17386, 4.7025121 ], [ -74.1729534, 4.7025735 ], [ -74.1724285, 4.7026342 ], [ -74.1715817, 4.7028032 ], [ -74.1704723, 4.7028769 ], [ -74.1704365, 4.702877 ], [ -74.1700904, 4.7028297 ], [ -74.1695991, 4.7015377 ], [ -74.1697056, 4.7010228 ], [ -74.1697886, 4.7007114 ], [ -74.1700381, 4.7000886 ], [ -74.1704192, 4.699669 ], [ -74.1709199, 4.6994407 ], [ -74.1715277, 4.6990566 ], [ -74.1723736, 4.6983011 ], [ -74.1727666, 4.6978695 ], [ -74.1728017, 4.6974864 ], [ -74.1726683, 4.6962057 ], [ -74.1723929, 4.6955598 ], [ -74.1721397, 4.6940161 ], [ -74.1716962, 4.6927599 ], [ -74.1713612, 4.6922099 ], [ -74.1705726, 4.691493 ], [ -74.1697842, 4.6909197 ], [ -74.1684464, 4.6899643 ], [ -74.1681594, 4.6895817 ], [ -74.1705946, 4.6867646 ], [ -74.1727444, 4.6845705 ], [ -74.1735663, 4.683809 ], [ -74.1739226, 4.6828507 ], [ -74.1741955, 4.6819525 ], [ -74.1743491, 4.6810305 ], [ -74.1746577, 4.6800604 ], [ -74.1747282, 4.6794019 ], [ -74.1748221, 4.678492 ], [ -74.1741161, 4.6772243 ], [ -74.1732082, 4.6765555 ], [ -74.1722768, 4.6760304 ], [ -74.171799, 4.6756721 ], [ -74.1715835, 4.6752176 ], [ -74.1716544, 4.6748105 ], [ -74.1714621, 4.6739729 ], [ -74.1713656, 4.6733027 ], [ -74.1712458, 4.6730156 ], [ -74.1704792, 4.6711734 ], [ -74.1700721, 4.6703123 ], [ -74.169618, 4.6698581 ], [ -74.1692119, 4.6695476 ], [ -74.1687345, 4.6694766 ], [ -74.1682572, 4.6693816 ], [ -74.1674696, 4.6692632 ], [ -74.166789, 4.6689411 ], [ -74.1662518, 4.6687385 ], [ -74.1656311, 4.66856 ], [ -74.1647122, 4.66837 ], [ -74.164557, 4.6683463 ], [ -74.1641274, 4.6682752 ], [ -74.163841, 4.6682039 ], [ -74.162934, 4.6680617 ], [ -74.1623017, 4.6680149 ], [ -74.1615617, 4.6678485 ], [ -74.1610842, 4.6676578 ], [ -74.1609169, 4.6675384 ], [ -74.1608332, 4.6674068 ], [ -74.1607852, 4.6672154 ], [ -74.1608207, 4.6670477 ], [ -74.1610774, 4.667185 ] ] ] } },
{ "type": "Feature", "properties": { "id": 1, "CIAF-2": "1b", "DESCRIPCIO": "rural", "area ha": 0.206 }, "geometry": { "type": "Polygon", "coordinates": [ [ [ -74.352403, 4.8648547 ], [ -74.3521173, 4.8652144 ], [ -74.3518308, 4.8651431 ], [ -74.3517587, 4.8649278 ], [ -74.3518779, 4.8648318 ], [ -74.3519972, 4.8648077 ], [ -74.352403, 4.8648547 ] ] ] } },
{ "type": "Feature", "properties": { "id": 1, "CIAF-2": "1b", "DESCRIPCIO": "rural", "area ha": 10.443 }, "geometry": { "type": "Polygon", "coordinates": [ [ [ -74.2298291, 4.8148844 ], [ -74.2272086, 4.8175225 ], [ -74.2252973, 4.816329 ], [ -74.2274404, 4.8136917 ], [ -74.2298291, 4.8148844 ] ] ] } },
{ "type": "Feature", "properties": { "id": 1, "CIAF-2": "1b", "DESCRIPCIO": "rural", "area ha": 26.709 }, "geometry": { "type": "Polygon", "coordinates": [ [ [ -74.2236832, 4.7557932 ], [ -74.2235693, 4.7588607 ], [ -74.2214808, 4.7585652 ], [ -74.221586, 4.7590288 ], [ -74.2214523, 4.7593433 ], [ -74.2213635, 4.7597325 ], [ -74.2211102, 4.7598825 ], [ -74.2209013, 4.759838 ], [ -74.2206622, 4.7595392 ], [ -74.220438, 4.7592703 ], [ -74.2202436, 4.7589714 ], [ -74.2198106, 4.7587178 ], [ -74.219408, 4.7587634 ], [ -74.2192887, 4.7588085 ], [ -74.2190052, 4.7587192 ], [ -74.2189452, 4.7585248 ], [ -74.2184229, 4.7583461 ], [ -74.2180051, 4.7582571 ], [ -74.2181668, 4.7569252 ], [ -74.2180918, 4.7566709 ], [ -74.2183136, 4.7555932 ], [ -74.218656, 4.7552036 ], [ -74.2190426, 4.7545595 ], [ -74.2195791, 4.7543042 ], [ -74.22031, 4.7543627 ], [ -74.2210563, 4.7546906 ], [ -74.2216981, 4.7549289 ], [ -74.2222503, 4.7551673 ], [ -74.2228174, 4.7553608 ], [ -74.2236832, 4.7557932 ] ] ] } },
{ "type": "Feature", "properties": { "id": 1, "CIAF-2": "1b", "DESCRIPCIO": "rural", "area ha": 4.666 }, "geometry": { "type": "Polygon", "coordinates": [ [ [ -74.3470502, 4.8305519 ], [ -74.3471861, 4.8313745 ], [ -74.3470373, 4.8315544 ], [ -74.3469035, 4.8317791 ], [ -74.3468888, 4.8319138 ], [ -74.3468745, 4.8321981 ], [ -74.3468599, 4.8323627 ], [ -74.3467708, 4.8325723 ], [ -74.3465025, 4.8326477 ], [ -74.3464276, 4.8324832 ], [ -74.3464121, 4.8321691 ], [ -74.3464117, 4.8319746 ], [ -74.3463514, 4.8316904 ], [ -74.3461716, 4.8312569 ], [ -74.3460819, 4.8311224 ], [ -74.3458134, 4.8311229 ], [ -74.3456943, 4.8312578 ], [ -74.3455455, 4.8314377 ], [ -74.3454416, 4.8316773 ], [ -74.345412, 4.831797 ], [ -74.3452336, 4.8320966 ], [ -74.3450997, 4.8322764 ], [ -74.3447871, 4.8325912 ], [ -74.3446829, 4.8326962 ], [ -74.3444593, 4.8327415 ], [ -74.3441752, 4.832383 ], [ -74.3443386, 4.8320684 ], [ -74.3444423, 4.8316792 ], [ -74.344516, 4.8312602 ], [ -74.344575, 4.830901 ], [ -74.3447087, 4.8306613 ], [ -74.3448572, 4.8303169 ], [ -74.3449764, 4.8302418 ], [ -74.345275, 4.8304058 ], [ -74.3455289, 4.8305849 ], [ -74.345902, 4.8306589 ], [ -74.3463644, 4.830673 ], [ -74.3471246, 4.830462 ], [ -74.3470502, 4.8305519 ] ] ] } },
{ "type": "Feature", "properties": { "id": 1, "CIAF-2": "1b", "DESCRIPCIO": "rural", "area ha": 0.371 }, "geometry": { "type": "Polygon", "coordinates": [ [ [ -74.3456452, 4.8328364 ], [ -74.3458843, 4.8330678 ], [ -74.3458475, 4.8332961 ], [ -74.3455868, 4.8334649 ], [ -74.3451836, 4.8332039 ], [ -74.3451832, 4.8330318 ], [ -74.3453954, 4.8328593 ], [ -74.3456676, 4.8328289 ], [ -74.3456862, 4.8328363 ], [ -74.3456452, 4.8328364 ] ] ] } },
{ "type": "Feature", "properties": { "id": 1, "CIAF-2": "1b", "DESCRIPCIO": "rural", "area ha": 0.373 }, "geometry": { "type": "Polygon", "coordinates": [ [ [ -74.344834, 4.8336946 ], [ -74.3450281, 4.8338027 ], [ -74.345103, 4.8339671 ], [ -74.3448647, 4.8341247 ], [ -74.3447531, 4.8342371 ], [ -74.3444469, 4.8340357 ], [ -74.3442788, 4.8338977 ], [ -74.3442337, 4.8337145 ], [ -74.3443566, 4.8336319 ], [ -74.3444835, 4.8337102 ], [ -74.3446513, 4.8336912 ], [ -74.344834, 4.8336946 ] ] ] } },
{ "type": "Feature", "properties": { "id": 1, "CIAF-2": "1b", "DESCRIPCIO": "rural", "area ha": 1.378 }, "geometry": { "type": "Polygon", "coordinates": [ [ [ -74.3546793, 4.8398804 ], [ -74.3547111, 4.8408379 ], [ -74.3546832, 4.8418254 ], [ -74.3543258, 4.8421254 ], [ -74.3541158, 4.8415273 ], [ -74.3540843, 4.8406895 ], [ -74.3542026, 4.8401506 ], [ -74.3543216, 4.8400008 ], [ -74.3545003, 4.8398807 ], [ -74.3546793, 4.8398804 ] ] ] } },
{ "type": "Feature", "properties": { "id": 1, "CIAF-2": "1b", "DESCRIPCIO": "rural", "area ha": 0.761 }, "geometry": { "type": "Polygon", "coordinates": [ [ [ -74.3485501, 4.8404088 ], [ -74.3487669, 4.8407001 ], [ -74.3487226, 4.8409321 ], [ -74.3480963, 4.8409857 ], [ -74.3479173, 4.8409861 ], [ -74.3477456, 4.8408817 ], [ -74.3476702, 4.8404629 ], [ -74.3478712, 4.8402755 ], [ -74.3483037, 4.8402971 ], [ -74.348453, 4.8403566 ], [ -74.3484829, 4.8403715 ], [ -74.3485725, 4.8404162 ], [ -74.3485501, 4.8404088 ] ] ] } },
{ "type": "Feature", "properties": { "id": 1, "CIAF-2": "1b", "DESCRIPCIO": "rural", "area ha": 1.487 }, "geometry": { "type": "Polygon", "coordinates": [ [ [ -74.3277772, 4.7812453 ], [ -74.3274052, 4.7816799 ], [ -74.3254939, 4.7804866 ], [ -74.3258361, 4.7800969 ], [ -74.3277772, 4.7812453 ] ] ] } },
{ "type": "Feature", "properties": { "id": 1, "CIAF-2": "1b", "DESCRIPCIO": "rural", "area ha": 14.619 }, "geometry": { "type": "Polygon", "coordinates": [ [ [ -74.3350191, 4.7817399 ], [ -74.3346419, 4.7833266 ], [ -74.3307171, 4.7821373 ], [ -74.3318847, 4.7804967 ], [ -74.3309137, 4.7797056 ], [ -74.3333278, 4.7786386 ], [ -74.3350191, 4.7817399 ] ] ] } },
{ "type": "Feature", "properties": { "id": 1, "CIAF-2": "1b", "DESCRIPCIO": "rural", "area ha": 0.031 }, "geometry": { "type": "Polygon", "coordinates": [ [ [ -74.3347355, 4.7911362 ], [ -74.334478, 4.7911071 ], [ -74.3346607, 4.7909311 ], [ -74.3347355, 4.7911362 ] ] ] } },
{ "type": "Feature", "properties": { "id": 1, "CIAF-2": "1b", "DESCRIPCIO": "rural", "area ha": 46.366 }, "geometry": { "type": "Polygon", "coordinates": [ [ [ -74.2425961, 4.7876594 ], [ -74.2428456, 4.7936738 ], [ -74.2385789, 4.7931429 ], [ -74.2383659, 4.7908092 ], [ -74.2349373, 4.7918628 ], [ -74.2349021, 4.7889002 ], [ -74.2331719, 4.7888734 ], [ -74.2340013, 4.7855802 ], [ -74.2381189, 4.7861413 ], [ -74.238454, 4.7900609 ], [ -74.2415867, 4.7903545 ], [ -74.2425961, 4.7876594 ] ] ] } },
{ "type": "Feature", "properties": { "id": 1, "CIAF-2": "1b", "DESCRIPCIO": "rural", "area ha": 25.021 }, "geometry": { "type": "Polygon", "coordinates": [ [ [ -74.2331363, 4.7856416 ], [ -74.2321581, 4.7891147 ], [ -74.2314756, 4.7911209 ], [ -74.2295079, 4.7917229 ], [ -74.2275673, 4.7908286 ], [ -74.2287576, 4.7891806 ], [ -74.2314339, 4.7844776 ], [ -74.2328959, 4.7846246 ], [ -74.2330463, 4.7853425 ], [ -74.2331363, 4.7856416 ] ] ] } },
{ "type": "Feature", "properties": { "id": 1, "CIAF-2": "1b", "DESCRIPCIO": "rural", "area ha": 1.169 }, "geometry": { "type": "Polygon", "coordinates": [ [ [ -74.2246756, 4.7834423 ], [ -74.2244085, 4.7842358 ], [ -74.2233041, 4.7838787 ], [ -74.2237054, 4.78307 ], [ -74.2246756, 4.7834423 ] ] ] } },
{ "type": "Feature", "properties": { "id": 1, "CIAF-2": "1b", "DESCRIPCIO": "rural", "area ha": 2.776 }, "geometry": { "type": "Polygon", "coordinates": [ [ [ -74.1730238, 4.8442221 ], [ -74.1722047, 4.8449717 ], [ -74.170666, 4.8436127 ], [ -74.1715896, 4.8428929 ], [ -74.1730238, 4.8442221 ] ] ] } },
{ "type": "Feature", "properties": { "id": 1, "CIAF-2": "1a", "DESCRIPCIO": "urbano", "area ha": 11.373 }, "geometry": { "type": "Polygon", "coordinates": [ [ [ -74.0829956, 4.8036421 ], [ -74.0871741, 4.8048625 ], [ -74.0869663, 4.8054913 ], [ -74.0858327, 4.8055529 ], [ -74.0853879, 4.8072295 ], [ -74.0830007, 4.8068742 ], [ -74.0829956, 4.8036421 ] ] ] } },
{ "type": "Feature", "properties": { "id": 1, "CIAF-2": "1b", "DESCRIPCIO": "rural", "area ha": 1.394 }, "geometry": { "type": "Polygon", "coordinates": [ [ [ -74.1679274, 4.8297843 ], [ -74.1674812, 4.8305108 ], [ -74.1670412, 4.8305639 ], [ -74.1667871, 4.8302277 ], [ -74.1666967, 4.8296966 ], [ -74.167121, 4.8292395 ], [ -74.167464, 4.8291791 ], [ -74.1679274, 4.8297843 ] ] ] } },
{ "type": "Feature", "properties": { "id": 1, "CIAF-2": "1b", "DESCRIPCIO": "rural", "area ha": 6.736 }, "geometry": { "type": "Polygon", "coordinates": [ [ [ -74.1876171, 4.7694425 ], [ -74.1881429, 4.7716412 ], [ -74.1858475, 4.772513 ], [ -74.1854258, 4.7701496 ], [ -74.1876171, 4.7694425 ] ] ] } },
{ "type": "Feature", "properties": { "id": 1, "CIAF-2": "1a", "DESCRIPCIO": "urbano", "area ha": 239.674 }, "geometry": { "type": "Polygon", "coordinates": [ [ [ -74.1283219, 4.7556867 ], [ -74.1297274, 4.7578091 ], [ -74.1305951, 4.7594536 ], [ -74.1309244, 4.7601713 ], [ -74.1314025, 4.7606494 ], [ -74.132568, 4.7619343 ], [ -74.1345426, 4.7655222 ], [ -74.135202, 4.7673765 ], [ -74.1358313, 4.769171 ], [ -74.1371769, 4.7710841 ], [ -74.1378051, 4.7721903 ], [ -74.1392392, 4.7735047 ], [ -74.1398966, 4.7742218 ], [ -74.1403746, 4.77464 ], [ -74.1413899, 4.7752967 ], [ -74.1420767, 4.7757145 ], [ -74.1431817, 4.7764309 ], [ -74.1435402, 4.7767894 ], [ -74.1439585, 4.7772077 ], [ -74.144019, 4.7776864 ], [ -74.1435133, 4.7785551 ], [ -74.14259, 4.7794245 ], [ -74.1419345, 4.7799044 ], [ -74.1409216, 4.780744 ], [ -74.1400277, 4.7813141 ], [ -74.1376427, 4.7822158 ], [ -74.1359436, 4.7830267 ], [ -74.1338867, 4.783868 ], [ -74.1322763, 4.7841998 ], [ -74.1310837, 4.7845909 ], [ -74.130278, 4.7844126 ], [ -74.1298894, 4.7839345 ], [ -74.1291721, 4.7830977 ], [ -74.1286937, 4.7824401 ], [ -74.1280059, 4.7813938 ], [ -74.1277357, 4.7803768 ], [ -74.1277348, 4.7798082 ], [ -74.1277925, 4.778611 ], [ -74.1277914, 4.7779527 ], [ -74.1283869, 4.7772634 ], [ -74.1288638, 4.7770232 ], [ -74.1295188, 4.7762141 ], [ -74.1300847, 4.7757044 ], [ -74.1304714, 4.7750155 ], [ -74.1305002, 4.7743571 ], [ -74.131156, 4.7740567 ], [ -74.1319311, 4.7737562 ], [ -74.1321681, 4.7727981 ], [ -74.1319877, 4.7719007 ], [ -74.1312706, 4.7711836 ], [ -74.1304934, 4.7702272 ], [ -74.129775, 4.7687321 ], [ -74.1301879, 4.7657987 ], [ -74.1302476, 4.7658584 ], [ -74.1301275, 4.7653798 ], [ -74.1305428, 4.7639427 ], [ -74.1302433, 4.7632249 ], [ -74.1300036, 4.7625669 ], [ -74.1295853, 4.7621487 ], [ -74.1292265, 4.7616106 ], [ -74.1285694, 4.7611328 ], [ -74.1283299, 4.7605946 ], [ -74.1279706, 4.7597572 ], [ -74.12785, 4.7589793 ], [ -74.127849, 4.7583808 ], [ -74.1279077, 4.7577822 ], [ -74.127907, 4.7573632 ], [ -74.1278468, 4.7570042 ], [ -74.1279053, 4.7562859 ], [ -74.1280241, 4.7559864 ], [ -74.1280827, 4.7553279 ], [ -74.1283219, 4.7556867 ] ] ] } },
{ "type": "Feature", "properties": { "id": 1, "CIAF-2": "1b", "DESCRIPCIO": "rural", "area ha": 4.008 }, "geometry": { "type": "Polygon", "coordinates": [ [ [ -74.1446386, 4.7465024 ], [ -74.1430909, 4.7485698 ], [ -74.1418666, 4.7478087 ], [ -74.1437428, 4.7459053 ], [ -74.1446386, 4.7465024 ] ] ] } },
{ "type": "Feature", "properties": { "id": 1, "CIAF-2": "1b", "DESCRIPCIO": "rural", "area ha": 6.574 }, "geometry": { "type": "Polygon", "coordinates": [ [ [ -74.2424733, 4.7149343 ], [ -74.241283, 4.7164925 ], [ -74.2405221, 4.7162994 ], [ -74.2398799, 4.7158067 ], [ -74.2393416, 4.7150147 ], [ -74.239728, 4.714206 ], [ -74.2405773, 4.7137856 ], [ -74.2407857, 4.7135607 ], [ -74.2424733, 4.7149343 ] ] ] } },
{ "type": "Feature", "properties": { "id": 1, "CIAF-2": "1b", "DESCRIPCIO": "rural", "area ha": 27.02 }, "geometry": { "type": "Polygon", "coordinates": [ [ [ -74.2412497, 4.7164841 ], [ -74.2412532, 4.7164926 ], [ -74.2486611, 4.7225241 ], [ -74.2475001, 4.7237831 ], [ -74.2470222, 4.7234248 ], [ -74.2459169, 4.7224991 ], [ -74.2452001, 4.7219319 ], [ -74.2441247, 4.721066 ], [ -74.2421533, 4.7194835 ], [ -74.2405705, 4.7183491 ], [ -74.2399133, 4.7178117 ], [ -74.2385992, 4.7168564 ], [ -74.2382107, 4.7164082 ], [ -74.237822, 4.7158703 ], [ -74.2378068, 4.7157207 ], [ -74.2378662, 4.7155859 ], [ -74.2379552, 4.7152865 ], [ -74.2381932, 4.7149569 ], [ -74.2385359, 4.7147917 ], [ -74.238894, 4.7148659 ], [ -74.2393566, 4.7150446 ], [ -74.2393628, 4.7150458 ], [ -74.2398799, 4.7158067 ], [ -74.2405221, 4.7162994 ], [ -74.2412497, 4.7164841 ] ] ] } },
{ "type": "Feature", "properties": { "id": 1, "CIAF-2": "1a", "DESCRIPCIO": "urbano", "area ha": 54.879 }, "geometry": { "type": "Polygon", "coordinates": [ [ [ -74.2422474, 4.6968375 ], [ -74.2452964, 4.7006325 ], [ -74.2452085, 4.7015305 ], [ -74.2444341, 4.7021303 ], [ -74.2432127, 4.7030003 ], [ -74.2427366, 4.7035997 ], [ -74.2421409, 4.7041095 ], [ -74.2419625, 4.7044091 ], [ -74.2420528, 4.7048877 ], [ -74.2428298, 4.7056943 ], [ -74.2429494, 4.7059035 ], [ -74.2434581, 4.7068303 ], [ -74.2436977, 4.7073386 ], [ -74.2439382, 4.7084155 ], [ -74.2437018, 4.7096728 ], [ -74.2434934, 4.7098826 ], [ -74.2427464, 4.7091657 ], [ -74.2422074, 4.7079398 ], [ -74.2417886, 4.7072822 ], [ -74.2410408, 4.7060267 ], [ -74.2403831, 4.7052198 ], [ -74.2398452, 4.7046223 ], [ -74.2390983, 4.7039354 ], [ -74.2386201, 4.7033676 ], [ -74.2379027, 4.7024712 ], [ -74.2369763, 4.7014553 ], [ -74.2378102, 4.7007656 ], [ -74.2422474, 4.6968375 ] ] ] } },
{ "type": "Feature", "properties": { "id": 1, "CIAF-2": "1b", "DESCRIPCIO": "rural", "area ha": 3.334 }, "geometry": { "type": "Polygon", "coordinates": [ [ [ -74.2348373, 4.7147609 ], [ -74.236152, 4.7160902 ], [ -74.2353776, 4.71672 ], [ -74.2349443, 4.7162569 ], [ -74.2341844, 4.7166024 ], [ -74.2335117, 4.7157358 ], [ -74.2348373, 4.7147609 ] ] ] } },
{ "type": "Feature", "properties": { "id": 1, "CIAF-2": "1b", "DESCRIPCIO": "rural", "area ha": 6.099 }, "geometry": { "type": "Polygon", "coordinates": [ [ [ -74.2302158, 4.7157566 ], [ -74.227772, 4.7168682 ], [ -74.2269044, 4.7154034 ], [ -74.2297953, 4.7140815 ], [ -74.2302158, 4.7157566 ] ] ] } },
{ "type": "Feature", "properties": { "id": 1, "CIAF-2": "1b", "DESCRIPCIO": "rural", "area ha": 11.645 }, "geometry": { "type": "Polygon", "coordinates": [ [ [ -74.2764259, 4.7202218 ], [ -74.2770236, 4.720879 ], [ -74.2770245, 4.7213578 ], [ -74.2767267, 4.7216277 ], [ -74.2766082, 4.7220169 ], [ -74.2772946, 4.722255 ], [ -74.2779808, 4.7223735 ], [ -74.2778636, 4.7234809 ], [ -74.2774175, 4.7241999 ], [ -74.2771497, 4.7245595 ], [ -74.2765836, 4.7248897 ], [ -74.2763457, 4.7253091 ], [ -74.2758692, 4.7256691 ], [ -74.2752721, 4.7254009 ], [ -74.2753006, 4.7246527 ], [ -74.2754786, 4.7241436 ], [ -74.275746, 4.7235746 ], [ -74.2756551, 4.7227668 ], [ -74.275416, 4.7225278 ], [ -74.2750279, 4.7223191 ], [ -74.2747294, 4.7221999 ], [ -74.2746098, 4.7220206 ], [ -74.2747876, 4.7214218 ], [ -74.2764259, 4.7202218 ] ] ] } },
{ "type": "Feature", "properties": { "id": 1, "CIAF-2": "1b", "DESCRIPCIO": "rural", "area ha": 1.843 }, "geometry": { "type": "Polygon", "coordinates": [ [ [ -74.2581808, 4.6836869 ], [ -74.258196, 4.6838514 ], [ -74.2582711, 4.6841206 ], [ -74.2583906, 4.6842551 ], [ -74.2585551, 4.6845241 ], [ -74.2586002, 4.6846886 ], [ -74.258511, 4.6848683 ], [ -74.2579446, 4.6850339 ], [ -74.2576614, 4.6850793 ], [ -74.2572882, 4.6848855 ], [ -74.257168, 4.684362 ], [ -74.2572566, 4.683913 ], [ -74.2577482, 4.6836278 ], [ -74.2581956, 4.683627 ], [ -74.2581808, 4.6836869 ] ] ] } },
{ "type": "Feature", "properties": { "id": 1, "CIAF-2": "1b", "DESCRIPCIO": "rural", "area ha": 3.269 }, "geometry": { "type": "Polygon", "coordinates": [ [ [ -74.2642024, 4.6819254 ], [ -74.2644123, 4.6825534 ], [ -74.2641449, 4.6831225 ], [ -74.2634303, 4.6837821 ], [ -74.2628037, 4.6836336 ], [ -74.2622955, 4.6830061 ], [ -74.2626523, 4.682407 ], [ -74.2629799, 4.6821371 ], [ -74.2631586, 4.6819572 ], [ -74.2642024, 4.6819254 ] ] ] } },
{ "type": "Feature", "properties": { "id": 1, "CIAF-2": "1a", "DESCRIPCIO": "urbano", "area ha": 468.465 }, "geometry": { "type": "Polygon", "coordinates": [ [ [ -74.2100125, 4.7011735 ], [ -74.2081048, 4.701895 ], [ -74.2060173, 4.7021381 ], [ -74.2048843, 4.7023794 ], [ -74.2032146, 4.7026816 ], [ -74.2017233, 4.702744 ], [ -74.1996353, 4.7026877 ], [ -74.1976073, 4.7028109 ], [ -74.1953422, 4.7038323 ], [ -74.1935536, 4.7044339 ], [ -74.1909316, 4.7060544 ], [ -74.1874725, 4.7065989 ], [ -74.1855048, 4.7071409 ], [ -74.1834171, 4.7072642 ], [ -74.1811503, 4.7072681 ], [ -74.1802546, 4.7067908 ], [ -74.1795382, 4.7064329 ], [ -74.178881, 4.7058355 ], [ -74.1785804, 4.7044594 ], [ -74.1787579, 4.7036212 ], [ -74.1789358, 4.7029625 ], [ -74.179053, 4.7017054 ], [ -74.1795274, 4.7000288 ], [ -74.1797057, 4.6996095 ], [ -74.1808965, 4.6982908 ], [ -74.1814917, 4.6974518 ], [ -74.1820273, 4.6967327 ], [ -74.1813694, 4.6957163 ], [ -74.1807716, 4.6949393 ], [ -74.1802329, 4.6938629 ], [ -74.1802911, 4.6930249 ], [ -74.1810053, 4.6920062 ], [ -74.1817801, 4.6915859 ], [ -74.1830336, 4.6920626 ], [ -74.1835113, 4.692361 ], [ -74.1839282, 4.6919414 ], [ -74.1847019, 4.6909226 ], [ -74.1852974, 4.6902632 ], [ -74.18637, 4.689603 ], [ -74.1875025, 4.6890624 ], [ -74.1880384, 4.688463 ], [ -74.1885146, 4.6878637 ], [ -74.1894678, 4.6871438 ], [ -74.1904806, 4.686364 ], [ -74.1916736, 4.686362 ], [ -74.1932854, 4.6870176 ], [ -74.1951352, 4.6873736 ], [ -74.1958515, 4.6876118 ], [ -74.1969859, 4.6882083 ], [ -74.1971055, 4.6883877 ], [ -74.1975835, 4.6888657 ], [ -74.1978231, 4.6894638 ], [ -74.1977067, 4.6911398 ], [ -74.1973505, 4.6921579 ], [ -74.1980077, 4.6927553 ], [ -74.1992613, 4.6932918 ], [ -74.2000972, 4.6937093 ], [ -74.2006346, 4.6940076 ], [ -74.2008749, 4.6950247 ], [ -74.2006976, 4.6959826 ], [ -74.2012346, 4.6960415 ], [ -74.2021292, 4.6959203 ], [ -74.2028449, 4.6958592 ], [ -74.2049336, 4.6963344 ], [ -74.2051725, 4.6965135 ], [ -74.2063667, 4.6971698 ], [ -74.2075599, 4.6972276 ], [ -74.2088118, 4.6967466 ], [ -74.2099453, 4.6968045 ], [ -74.2100065, 4.6977022 ], [ -74.2101268, 4.6983005 ], [ -74.2100691, 4.6994377 ], [ -74.2103092, 4.7002752 ], [ -74.2100125, 4.7011735 ] ] ] } },
{ "type": "Feature", "properties": { "id": 1, "CIAF-2": "1b", "DESCRIPCIO": "rural", "area ha": 16.512 }, "geometry": { "type": "Polygon", "coordinates": [ [ [ -74.3427921, 4.7291784 ], [ -74.3440546, 4.734263 ], [ -74.3410721, 4.7343286 ], [ -74.3411896, 4.7333709 ], [ -74.3392804, 4.7332549 ], [ -74.3413045, 4.7310964 ], [ -74.341122, 4.7292415 ], [ -74.3427921, 4.7291784 ] ] ] } },
{ "type": "Feature", "properties": { "id": 2, "CIAF-2": "1b", "DESCRIPCIO": "temporal", "area ha": 188.474 }, "geometry": { "type": "Polygon", "coordinates": [ [ [ -74.3383501, 4.7457948 ], [ -74.3321207, 4.7636415 ], [ -74.3335035, 4.7692047 ], [ -74.3305823, 4.7702278 ], [ -74.3266984, 4.7670035 ], [ -74.3291394, 4.7644253 ], [ -74.3272799, 4.7591623 ], [ -74.3258382, 4.7539583 ], [ -74.3298941, 4.7535914 ], [ -74.3312471, 4.743654 ], [ -74.3383501, 4.7457948 ] ] ] } },
{ "type": "Feature", "properties": { "id": 1, "CIAF-2": "1b", "DESCRIPCIO": "rural", "area ha": 32.006 }, "geometry": { "type": "Polygon", "coordinates": [ [ [ -74.2459085, 4.7594042 ], [ -74.2456748, 4.7621577 ], [ -74.244937, 4.766558 ], [ -74.2443118, 4.7672175 ], [ -74.243444, 4.7657228 ], [ -74.2421593, 4.764588 ], [ -74.2415318, 4.7639607 ], [ -74.2413812, 4.7631231 ], [ -74.2408139, 4.7628548 ], [ -74.2402165, 4.762407 ], [ -74.2401843, 4.7610903 ], [ -74.2413762, 4.76034 ], [ -74.2431066, 4.7605464 ], [ -74.244388, 4.7598259 ], [ -74.2450131, 4.7591365 ], [ -74.2461752, 4.7584461 ], [ -74.2462348, 4.7584161 ], [ -74.2459085, 4.7594042 ] ] ] } },
{ "type": "Feature", "properties": { "id": 1, "CIAF-2": "1b", "DESCRIPCIO": "rural", "area ha": 9.301 }, "geometry": { "type": "Polygon", "coordinates": [ [ [ -74.2638105, 4.7620348 ], [ -74.2637677, 4.7630823 ], [ -74.2572496, 4.762795 ], [ -74.2572771, 4.7615231 ], [ -74.2638105, 4.7620348 ] ] ] } },
{ "type": "Feature", "properties": { "id": 1, "CIAF-2": "1b", "DESCRIPCIO": "rural", "area ha": 15.844 }, "geometry": { "type": "Polygon", "coordinates": [ [ [ -74.2567984, 4.760716 ], [ -74.2568766, 4.7627209 ], [ -74.2513423, 4.7621324 ], [ -74.2515183, 4.7605012 ], [ -74.2493553, 4.7602658 ], [ -74.2496075, 4.7595621 ], [ -74.2567984, 4.760716 ] ] ] } },
{ "type": "Feature", "properties": { "id": 1, "CIAF-2": "1b", "DESCRIPCIO": "rural", "area ha": 13.999 }, "geometry": { "type": "Polygon", "coordinates": [ [ [ -74.3058562, 4.7790431 ], [ -74.3025791, 4.7812039 ], [ -74.3013207, 4.7782737 ], [ -74.3040018, 4.7764133 ], [ -74.3058562, 4.7790431 ] ] ] } },
{ "type": "Feature", "properties": { "id": 1, "CIAF-2": "1b", "DESCRIPCIO": "rural", "area ha": 35.775 }, "geometry": { "type": "Polygon", "coordinates": [ [ [ -74.2551438, 4.8103195 ], [ -74.2553304, 4.8145086 ], [ -74.256524, 4.814686 ], [ -74.2553406, 4.8200447 ], [ -74.2545009, 4.8176224 ], [ -74.253158, 4.8173555 ], [ -74.2533332, 4.8153203 ], [ -74.2512461, 4.8158927 ], [ -74.2513554, 4.8103863 ], [ -74.2551438, 4.8103195 ] ] ] } },
{ "type": "Feature", "properties": { "id": 1, "CIAF-2": "1a", "DESCRIPCIO": "urbano", "area ha": 1095.374 }, "geometry": { "type": "Polygon", "coordinates": [ [ [ -74.0829946, 4.8109654 ], [ -74.0836559, 4.8108758 ], [ -74.0846709, 4.8112932 ], [ -74.0851493, 4.8120107 ], [ -74.0851508, 4.8129085 ], [ -74.0851531, 4.8144048 ], [ -74.0846781, 4.815842 ], [ -74.0846794, 4.81668 ], [ -74.0856947, 4.8172769 ], [ -74.086351, 4.8172759 ], [ -74.0867086, 4.8170359 ], [ -74.0876621, 4.8163161 ], [ -74.0878407, 4.8160166 ], [ -74.0882587, 4.8162553 ], [ -74.0887967, 4.8169128 ], [ -74.0889169, 4.8174513 ], [ -74.089217, 4.8185282 ], [ -74.0900538, 4.8194845 ], [ -74.0902331, 4.8196638 ], [ -74.0909503, 4.8203809 ], [ -74.0920257, 4.8212769 ], [ -74.0933999, 4.8224718 ], [ -74.0942369, 4.8234879 ], [ -74.0951331, 4.8242646 ], [ -74.0961483, 4.8248016 ], [ -74.0965063, 4.824801 ], [ -74.0970427, 4.8244411 ], [ -74.0975785, 4.8236621 ], [ -74.097875, 4.8225244 ], [ -74.0982903, 4.8210873 ], [ -74.0985861, 4.8194708 ], [ -74.0990017, 4.8182132 ], [ -74.0994765, 4.8166562 ], [ -74.1003689, 4.8150388 ], [ -74.101858, 4.8134203 ], [ -74.102572, 4.8122221 ], [ -74.1025102, 4.8109054 ], [ -74.1016139, 4.8100689 ], [ -74.1001801, 4.8089341 ], [ -74.0994027, 4.8077981 ], [ -74.0988041, 4.806602 ], [ -74.0977863, 4.8044489 ], [ -74.0977242, 4.8028929 ], [ -74.0980195, 4.8010369 ], [ -74.0986734, 4.7994797 ], [ -74.1032653, 4.7980957 ], [ -74.1046983, 4.7987517 ], [ -74.1067279, 4.7994068 ], [ -74.1078599, 4.7983875 ], [ -74.1093483, 4.7964099 ], [ -74.1105989, 4.7949714 ], [ -74.1122068, 4.7931134 ], [ -74.1126228, 4.7920952 ], [ -74.1153026, 4.7889785 ], [ -74.1176863, 4.7872389 ], [ -74.1204901, 4.7869949 ], [ -74.1228772, 4.7873501 ], [ -74.1255076, 4.7905778 ], [ -74.1259054, 4.7920314 ], [ -74.1240179, 4.7941423 ], [ -74.1234476, 4.7956754 ], [ -74.1223995, 4.7968742 ], [ -74.1217562, 4.7975456 ], [ -74.1211614, 4.7986958 ], [ -74.1200174, 4.7996074 ], [ -74.1184691, 4.8014534 ], [ -74.1173255, 4.8026523 ], [ -74.1162781, 4.804282 ], [ -74.1150405, 4.8063909 ], [ -74.1142548, 4.8075413 ], [ -74.1128489, 4.8089083 ], [ -74.1104417, 4.8124593 ], [ -74.1099738, 4.8133159 ], [ -74.1089527, 4.8150293 ], [ -74.1072512, 4.8180277 ], [ -74.1058052, 4.8208117 ], [ -74.1051673, 4.8220537 ], [ -74.1043175, 4.824152 ], [ -74.1032533, 4.8256087 ], [ -74.1018051, 4.8269805 ], [ -74.101251, 4.827281 ], [ -74.1009108, 4.8279662 ], [ -74.1000596, 4.8292514 ], [ -74.0993787, 4.8302368 ], [ -74.0987409, 4.8316072 ], [ -74.0987005, 4.8329767 ], [ -74.0970403, 4.8352047 ], [ -74.0967429, 4.8359755 ], [ -74.095295, 4.837604 ], [ -74.0953821, 4.8386737 ], [ -74.0954253, 4.8390588 ], [ -74.094617, 4.8404295 ], [ -74.0943609, 4.8403443 ], [ -74.0936786, 4.8405594 ], [ -74.0934235, 4.8410734 ], [ -74.0928282, 4.8423154 ], [ -74.0922337, 4.8440281 ], [ -74.0919789, 4.8447988 ], [ -74.0902332, 4.8469413 ], [ -74.0895109, 4.8487826 ], [ -74.0883186, 4.8501968 ], [ -74.0878102, 4.8524229 ], [ -74.0870456, 4.8544782 ], [ -74.086152, 4.8559347 ], [ -74.0831535, 4.8626141 ], [ -74.0830752, 4.8625915 ], [ -74.0829946, 4.8109654 ] ] ] } },
{ "type": "Feature", "properties": { "id": 1, "CIAF-2": "1b", "DESCRIPCIO": "rural", "area ha": 14.121 }, "geometry": { "type": "Polygon", "coordinates": [ [ [ -74.2586199, 4.8270036 ], [ -74.2588642, 4.8300555 ], [ -74.2587764, 4.8309534 ], [ -74.2572563, 4.8316744 ], [ -74.2562727, 4.8321251 ], [ -74.2546332, 4.8328464 ], [ -74.2544842, 4.8329065 ], [ -74.2554364, 4.831618 ], [ -74.2558223, 4.8305699 ], [ -74.2562672, 4.8291626 ], [ -74.2568022, 4.8280843 ], [ -74.2575771, 4.8276939 ], [ -74.2581431, 4.8272439 ], [ -74.2582021, 4.8268847 ], [ -74.2586199, 4.8270036 ] ] ] } },
{ "type": "Feature", "properties": { "id": 1, "CIAF-2": "1b", "DESCRIPCIO": "rural", "area ha": 0.971 }, "geometry": { "type": "Polygon", "coordinates": [ [ [ -74.2959491, 4.8322599 ], [ -74.2952195, 4.8329346 ], [ -74.2951672, 4.8328898 ], [ -74.2949804, 4.8327106 ], [ -74.2949576, 4.8324863 ], [ -74.2950909, 4.8319773 ], [ -74.2951275, 4.8316256 ], [ -74.2952688, 4.8314383 ], [ -74.2959491, 4.8322599 ] ] ] } },
{ "type": "Feature", "properties": { "id": 1, "CIAF-2": "1a", "DESCRIPCIO": "urbano", "area ha": 7884.881 }, "geometry": { "type": "Polygon", "coordinates": [ [ [ -74.1172523, 4.7401355 ], [ -74.1187733, 4.7399236 ], [ -74.1199672, 4.7404005 ], [ -74.119432, 4.7414487 ], [ -74.1191355, 4.7425864 ], [ -74.1192555, 4.7429753 ], [ -74.1200319, 4.7435426 ], [ -74.1207185, 4.7438707 ], [ -74.1225377, 4.7435984 ], [ -74.1233116, 4.7425796 ], [ -74.1245321, 4.7409916 ], [ -74.1252778, 4.7409904 ], [ -74.1261136, 4.7413481 ], [ -74.1273666, 4.7414658 ], [ -74.1282906, 4.7409854 ], [ -74.1287966, 4.7403562 ], [ -74.1298389, 4.7392771 ], [ -74.1298384, 4.7389779 ], [ -74.129838, 4.7387384 ], [ -74.1300464, 4.7384388 ], [ -74.1308218, 4.7383478 ], [ -74.1314187, 4.7385563 ], [ -74.1315985, 4.7390648 ], [ -74.1316294, 4.739753 ], [ -74.1317194, 4.7400521 ], [ -74.1326745, 4.7403797 ], [ -74.1332713, 4.7404985 ], [ -74.1337195, 4.7410065 ], [ -74.1337206, 4.7416649 ], [ -74.1333342, 4.7425333 ], [ -74.133275, 4.7427729 ], [ -74.1330374, 4.7434316 ], [ -74.1327996, 4.7439707 ], [ -74.1325622, 4.7447192 ], [ -74.1324441, 4.7454377 ], [ -74.1325042, 4.7457069 ], [ -74.1326844, 4.7464847 ], [ -74.132327, 4.7467845 ], [ -74.1320588, 4.7469645 ], [ -74.131194, 4.7471156 ], [ -74.1301497, 4.7469677 ], [ -74.1291954, 4.7470889 ], [ -74.128629, 4.7473293 ], [ -74.1285396, 4.7474192 ], [ -74.128004, 4.7481981 ], [ -74.1278851, 4.7484677 ], [ -74.1278262, 4.7489466 ], [ -74.1279166, 4.7494851 ], [ -74.1280067, 4.749874 ], [ -74.1280372, 4.750263 ], [ -74.1283656, 4.750442 ], [ -74.1286938, 4.7505313 ], [ -74.1293203, 4.7505302 ], [ -74.1297376, 4.750365 ], [ -74.1297824, 4.7503649 ], [ -74.1299618, 4.7506489 ], [ -74.1299621, 4.7508284 ], [ -74.1299178, 4.7510979 ], [ -74.1297988, 4.7512926 ], [ -74.1296499, 4.7514275 ], [ -74.129471, 4.7515176 ], [ -74.1287849, 4.7514887 ], [ -74.1282329, 4.7514298 ], [ -74.1279493, 4.7512657 ], [ -74.1275165, 4.7510719 ], [ -74.1271729, 4.7507881 ], [ -74.1270235, 4.7505938 ], [ -74.1267693, 4.7501753 ], [ -74.1266642, 4.7497565 ], [ -74.1264094, 4.7490387 ], [ -74.1262298, 4.7486499 ], [ -74.1260058, 4.7484558 ], [ -74.125722, 4.7482168 ], [ -74.1254386, 4.7481874 ], [ -74.1251403, 4.7481729 ], [ -74.1249762, 4.7481732 ], [ -74.1247676, 4.7482633 ], [ -74.1246782, 4.7483233 ], [ -74.1244994, 4.7484433 ], [ -74.124425, 4.7485481 ], [ -74.1243654, 4.7486081 ], [ -74.124289, 4.7486192 ], [ -74.1245228, 4.7487792 ], [ -74.1245946, 4.7489107 ], [ -74.1248459, 4.7494011 ], [ -74.1250613, 4.7497479 ], [ -74.1254873, 4.7512256 ], [ -74.1258458, 4.751608 ], [ -74.1260613, 4.7520626 ], [ -74.1264213, 4.7533069 ], [ -74.1271626, 4.7542394 ], [ -74.1274018, 4.7545502 ], [ -74.1274261, 4.7548375 ], [ -74.1261374, 4.7548396 ], [ -74.1246342, 4.7549378 ], [ -74.1229871, 4.7546772 ], [ -74.1216742, 4.754392 ], [ -74.1184277, 4.7537748 ], [ -74.1158017, 4.7531805 ], [ -74.1165863, 4.7513837 ], [ -74.1156073, 4.7510501 ], [ -74.115285, 4.7509549 ], [ -74.114521, 4.7507167 ], [ -74.1138883, 4.7505501 ], [ -74.1134466, 4.7503832 ], [ -74.1131482, 4.7503478 ], [ -74.1125642, 4.7507917 ], [ -74.1125404, 4.7508156 ], [ -74.1122068, 4.7510795 ], [ -74.1119209, 4.7514032 ], [ -74.1114441, 4.7517032 ], [ -74.1113487, 4.7517393 ], [ -74.1111101, 4.7517636 ], [ -74.1107522, 4.7518121 ], [ -74.1100002, 4.7516457 ], [ -74.1096301, 4.7515027 ], [ -74.1092484, 4.7515751 ], [ -74.1090455, 4.7515515 ], [ -74.1087591, 4.751516 ], [ -74.108568, 4.7514206 ], [ -74.1082456, 4.7512655 ], [ -74.1077444, 4.7512184 ], [ -74.1078645, 4.751721 ], [ -74.1081756, 4.7522232 ], [ -74.1087263, 4.7533715 ], [ -74.1094671, 4.7540407 ], [ -74.1100176, 4.7550214 ], [ -74.1106157, 4.756002 ], [ -74.1112619, 4.7571262 ], [ -74.1110483, 4.7578687 ], [ -74.1103815, 4.7587317 ], [ -74.1100481, 4.759211 ], [ -74.1097866, 4.759786 ], [ -74.1097155, 4.7601453 ], [ -74.1092392, 4.7607206 ], [ -74.1083805, 4.7609614 ], [ -74.1076397, 4.760388 ], [ -74.1072081, 4.7590959 ], [ -74.106108, 4.7576133 ], [ -74.1057721, 4.7565126 ], [ -74.1052458, 4.7556994 ], [ -74.1043857, 4.7550304 ], [ -74.1033826, 4.7545532 ], [ -74.103048, 4.7542665 ], [ -74.1022839, 4.7539325 ], [ -74.1013766, 4.7536945 ], [ -74.1005653, 4.7536958 ], [ -74.1003266, 4.7536962 ], [ -74.1003759, 4.7546538 ], [ -74.1005195, 4.7549409 ], [ -74.0999957, 4.7557078 ], [ -74.099975, 4.7557277 ], [ -74.1016188, 4.757129 ], [ -74.1009097, 4.7614096 ], [ -74.0990339, 4.7636271 ], [ -74.094798, 4.7636938 ], [ -74.0933647, 4.7627683 ], [ -74.0923486, 4.7615729 ], [ -74.0916888, 4.7593893 ], [ -74.0916255, 4.7570551 ], [ -74.0919188, 4.7563902 ], [ -74.0904751, 4.7564891 ], [ -74.089425, 4.7564189 ], [ -74.0879212, 4.7562058 ], [ -74.0865368, 4.7560165 ], [ -74.0861072, 4.7560172 ], [ -74.085177, 4.7563299 ], [ -74.0837939, 4.7569785 ], [ -74.0830319, 4.758081 ], [ -74.0829542, 4.7579913 ], [ -74.0828842, 4.7402896 ], [ -74.0827457, 4.6516544 ], [ -74.1247332, 4.6512994 ], [ -74.1450708, 4.6512642 ], [ -74.145239, 4.6512639 ], [ -74.1452067, 4.6513663 ], [ -74.1451495, 4.6528627 ], [ -74.1448531, 4.6540602 ], [ -74.1440214, 4.6561564 ], [ -74.1433073, 4.6572349 ], [ -74.1424158, 4.6592115 ], [ -74.1424176, 4.6603486 ], [ -74.1431352, 4.6614248 ], [ -74.1458215, 4.6626773 ], [ -74.1472542, 4.6633334 ], [ -74.1479709, 4.6638709 ], [ -74.1498213, 4.6645861 ], [ -74.1506574, 4.6651832 ], [ -74.1507191, 4.66644 ], [ -74.1510793, 4.6678759 ], [ -74.1510944, 4.667936 ], [ -74.1514693, 4.668066 ], [ -74.1537749, 4.6772077 ], [ -74.1570667, 4.6765798 ], [ -74.1582149, 4.6783016 ], [ -74.1599856, 4.6813631 ], [ -74.1584603, 4.6824669 ], [ -74.1594664, 4.6848593 ], [ -74.1573685, 4.6859641 ], [ -74.1608559, 4.6882087 ], [ -74.1698636, 4.6810594 ], [ -74.1708678, 4.6822547 ], [ -74.1724937, 4.684263 ], [ -74.1718749, 4.6852217 ], [ -74.1717799, 4.6855091 ], [ -74.1710176, 4.6862765 ], [ -74.1693979, 4.6879551 ], [ -74.1678258, 4.6896335 ], [ -74.1688294, 4.6904937 ], [ -74.1700716, 4.6913056 ], [ -74.1714097, 4.6924525 ], [ -74.1720328, 4.6940316 ], [ -74.1722273, 4.6962338 ], [ -74.1624045, 4.7047612 ], [ -74.1605938, 4.7064401 ], [ -74.1546892, 4.7144461 ], [ -74.1528787, 4.7162686 ], [ -74.1463806, 4.7117306 ], [ -74.1461426, 4.7121141 ], [ -74.1460026, 4.7140296 ], [ -74.1456705, 4.7152271 ], [ -74.1449106, 4.7175267 ], [ -74.1451061, 4.7203035 ], [ -74.1441545, 4.7220767 ], [ -74.1430075, 4.721121 ], [ -74.1349276, 4.712324 ], [ -74.1310667, 4.715299 ], [ -74.123607, 4.721033 ], [ -74.1289147, 4.7273448 ], [ -74.1218571, 4.7309953 ], [ -74.1177929, 4.7263094 ], [ -74.1144078, 4.7285175 ], [ -74.1077624, 4.7212979 ], [ -74.1044265, 4.7244156 ], [ -74.1053829, 4.7255632 ], [ -74.1137007, 4.7339772 ], [ -74.1116086, 4.7389124 ], [ -74.1168284, 4.7421217 ], [ -74.1161808, 4.7416036 ], [ -74.1166566, 4.7407051 ], [ -74.1172523, 4.7401355 ] ] ] } },
{ "type": "Feature", "properties": { "id": 4, "CIAF-2": "4a", "DESCRIPCIO": "temporal", "area ha": 828.449 }, "geometry": { "type": "MultiPolygon", "coordinates": [ [ [ [ -74.146504, 4.8719791 ], [ -74.1466216, 4.8709614 ], [ -74.1469768, 4.8692849 ], [ -74.1469748, 4.8680879 ], [ -74.1465555, 4.867131 ], [ -74.146912, 4.8662326 ], [ -74.1473896, 4.8664113 ], [ -74.1484647, 4.867008 ], [ -74.1491825, 4.8680841 ], [ -74.1505569, 4.869219 ], [ -74.1534855, 4.8720868 ], [ -74.146504, 4.8719791 ] ] ], [ [ [ -74.1595143, 4.8646173 ], [ -74.1606222, 4.8638879 ], [ -74.1622411, 4.8625157 ], [ -74.1660771, 4.8604123 ], [ -74.1665032, 4.860112 ], [ -74.1679525, 4.8594248 ], [ -74.1691452, 4.8583957 ], [ -74.1712325, 4.8565519 ], [ -74.1728514, 4.8552653 ], [ -74.1735759, 4.8548361 ], [ -74.1747696, 4.8543633 ], [ -74.1752811, 4.8541057 ], [ -74.1767721, 4.8528193 ], [ -74.1766847, 4.8516641 ], [ -74.1768554, 4.8516638 ], [ -74.1778342, 4.8502927 ], [ -74.1799618, 4.8471651 ], [ -74.1811939, 4.8442102 ], [ -74.183408, 4.8417671 ], [ -74.1842574, 4.8395832 ], [ -74.1856601, 4.8366709 ], [ -74.186893, 4.8342295 ], [ -74.1885535, 4.8323437 ], [ -74.1884683, 4.8323867 ], [ -74.1895071, 4.8287688 ], [ -74.1893709, 4.8240619 ], [ -74.1902648, 4.8229049 ], [ -74.1907736, 4.8211067 ], [ -74.1915839, 4.8209983 ], [ -74.1934791, 4.8191977 ], [ -74.1950285, 4.8148301 ], [ -74.1957309, 4.8139944 ], [ -74.1966882, 4.8125592 ], [ -74.1968567, 4.8112965 ], [ -74.1967281, 4.8109544 ], [ -74.1965141, 4.8105268 ], [ -74.1972583, 4.8091989 ], [ -74.1979613, 4.8087484 ], [ -74.1984939, 4.8083409 ], [ -74.1994952, 4.8076759 ], [ -74.1996009, 4.8071622 ], [ -74.2009205, 4.8055765 ], [ -74.201687, 4.8048049 ], [ -74.2023687, 4.8042902 ], [ -74.2024528, 4.8036268 ], [ -74.2024944, 4.8029848 ], [ -74.203047, 4.801914 ], [ -74.2036435, 4.8014636 ], [ -74.2041342, 4.8015483 ], [ -74.2037517, 4.8024049 ], [ -74.2036459, 4.802833 ], [ -74.2034973, 4.8032612 ], [ -74.2047361, 4.8042646 ], [ -74.2051424, 4.8048202 ], [ -74.2067346, 4.8066682 ], [ -74.2063308, 4.8075033 ], [ -74.2060972, 4.80806 ], [ -74.2055654, 4.8088526 ], [ -74.204905, 4.8093459 ], [ -74.2043532, 4.8108874 ], [ -74.2040988, 4.8117651 ], [ -74.2037801, 4.8124932 ], [ -74.2036742, 4.8129213 ], [ -74.2027378, 4.8141211 ], [ -74.2024411, 4.8151701 ], [ -74.2019735, 4.8161123 ], [ -74.2016759, 4.8166692 ], [ -74.2011227, 4.8174618 ], [ -74.2006967, 4.8178263 ], [ -74.2001852, 4.8180626 ], [ -74.1995883, 4.8182134 ], [ -74.1992472, 4.8183424 ], [ -74.1987998, 4.8186213 ], [ -74.1988864, 4.8193486 ], [ -74.1989088, 4.8199905 ], [ -74.1989534, 4.8210816 ], [ -74.1991254, 4.8218302 ], [ -74.1992119, 4.8225361 ], [ -74.1993203, 4.8235416 ], [ -74.1991723, 4.8242907 ], [ -74.1988753, 4.8251899 ], [ -74.1986632, 4.8258535 ], [ -74.1982807, 4.82671 ], [ -74.1978768, 4.8274596 ], [ -74.1975153, 4.8280808 ], [ -74.1971753, 4.8288088 ], [ -74.1964102, 4.8304149 ], [ -74.1959003, 4.8315284 ], [ -74.195497, 4.8326845 ], [ -74.1955832, 4.8331551 ], [ -74.1954351, 4.8338828 ], [ -74.1950739, 4.8346751 ], [ -74.1947337, 4.8352962 ], [ -74.1947348, 4.8359381 ], [ -74.1942255, 4.8374368 ], [ -74.1938851, 4.8379081 ], [ -74.1934806, 4.8383367 ], [ -74.1927363, 4.8396432 ], [ -74.1925459, 4.8405422 ], [ -74.1923763, 4.841163 ], [ -74.191994, 4.8420623 ], [ -74.1914833, 4.8427693 ], [ -74.1907815, 4.8439687 ], [ -74.1902925, 4.8448682 ], [ -74.1899093, 4.8453182 ], [ -74.1894852, 4.8467525 ], [ -74.1888467, 4.8475453 ], [ -74.1883792, 4.8485732 ], [ -74.1878262, 4.8494728 ], [ -74.1865717, 4.8518072 ], [ -74.1861039, 4.8526211 ], [ -74.1856361, 4.8534992 ], [ -74.1850826, 4.8541207 ], [ -74.1844649, 4.8545925 ], [ -74.1841453, 4.854807 ], [ -74.1832518, 4.8561779 ], [ -74.1826988, 4.8571203 ], [ -74.1816127, 4.8581493 ], [ -74.1805053, 4.8591354 ], [ -74.1798026, 4.8598855 ], [ -74.1791429, 4.860764 ], [ -74.1788876, 4.8611281 ], [ -74.1781638, 4.8619853 ], [ -74.177376, 4.8628211 ], [ -74.1764179, 4.8638712 ], [ -74.1757153, 4.8646213 ], [ -74.1740322, 4.8658011 ], [ -74.1727122, 4.8672583 ], [ -74.1711574, 4.8686304 ], [ -74.1700281, 4.8693599 ], [ -74.1688351, 4.8702606 ], [ -74.1672584, 4.8713117 ], [ -74.1666197, 4.8720403 ], [ -74.166561, 4.8721231 ], [ -74.1534466, 4.8721472 ], [ -74.1595143, 4.8646173 ] ] ] ] } },
{ "type": "Feature", "properties": { "id": 1, "CIAF-2": "1b", "DESCRIPCIO": "natural", "area ha": 62.3 }, "geometry": { "type": "Polygon", "coordinates": [ [ [ -74.1613872, 4.7338643 ], [ -74.1622289, 4.7377832 ], [ -74.1511133, 4.7441761 ], [ -74.1497648, 4.7404076 ], [ -74.1613872, 4.7338643 ] ] ] } },
{ "type": "Feature", "properties": { "id": 1, "CIAF-2": "1b", "DESCRIPCIO": "rural", "area ha": 78.034 }, "geometry": { "type": "Polygon", "coordinates": [ [ [ -74.155571, 4.7520691 ], [ -74.1599354, 4.757628 ], [ -74.1583885, 4.7601144 ], [ -74.1618541, 4.7633406 ], [ -74.1652793, 4.7601926 ], [ -74.168059, 4.7634797 ], [ -74.162697, 4.767858 ], [ -74.1620701, 4.7676196 ], [ -74.1583363, 4.7645735 ], [ -74.1588128, 4.7641238 ], [ -74.1603013, 4.7623556 ], [ -74.1575837, 4.7605048 ], [ -74.1533689, 4.7552449 ], [ -74.155571, 4.7520691 ] ] ] } },
{ "type": "Feature", "properties": { "id": 1, "CIAF-2": "1b", "DESCRIPCIO": "rural", "area ha": 2.729 }, "geometry": { "type": "Polygon", "coordinates": [ [ [ -74.1714085, 4.7109991 ], [ -74.1723951, 4.7123141 ], [ -74.1713824, 4.7131837 ], [ -74.1703658, 4.711719 ], [ -74.1714085, 4.7109991 ] ] ] } },
{ "type": "Feature", "properties": { "id": 1, "CIAF-2": "1b", "DESCRIPCIO": "rural", "area ha": 3.581 }, "geometry": { "type": "Polygon", "coordinates": [ [ [ -74.1723096, 4.7147383 ], [ -74.1728778, 4.7155752 ], [ -74.1723727, 4.7167731 ], [ -74.171807, 4.7173726 ], [ -74.1710301, 4.716536 ], [ -74.1713274, 4.7159968 ], [ -74.1714154, 4.715069 ], [ -74.1715641, 4.7148592 ], [ -74.1720711, 4.7147985 ], [ -74.1723096, 4.7147383 ] ] ] } },
{ "type": "Feature", "properties": { "id": 1, "CIAF-2": "1b", "DESCRIPCIO": "rural", "area ha": 5.427 }, "geometry": { "type": "Polygon", "coordinates": [ [ [ -74.2405237, 4.7767143 ], [ -74.239318, 4.7780631 ], [ -74.2373317, 4.7765555 ], [ -74.2385225, 4.7752516 ], [ -74.2405237, 4.7767143 ] ] ] } },
{ "type": "Feature", "properties": { "id": 1, "CIAF-2": "1b", "DESCRIPCIO": "rural", "area ha": 2.083 }, "geometry": { "type": "Polygon", "coordinates": [ [ [ -74.1694822, 4.7671881 ], [ -74.1697512, 4.7674869 ], [ -74.1696026, 4.7678163 ], [ -74.1692453, 4.768206 ], [ -74.1691268, 4.7687448 ], [ -74.1684704, 4.7686562 ], [ -74.1678431, 4.7681485 ], [ -74.168081, 4.7676693 ], [ -74.1685282, 4.7675488 ], [ -74.1694822, 4.7671881 ] ] ] } },
{ "type": "Feature", "properties": { "id": 2, "CIAF-2": "2c", "DESCRIPCIO": "confinados", "area ha": 10.443 }, "geometry": { "type": "Polygon", "coordinates": [ [ [ -74.2298291, 4.8148844 ], [ -74.2272086, 4.8175225 ], [ -74.2252973, 4.816329 ], [ -74.2274404, 4.8136917 ], [ -74.2298291, 4.8148844 ] ] ] } },
{ "type": "Feature", "properties": { "id": 2, "CIAF-2": "2c", "DESCRIPCIO": "confinados", "area ha": 26.709 }, "geometry": { "type": "Polygon", "coordinates": [ [ [ -74.2236832, 4.7557932 ], [ -74.2235693, 4.7588607 ], [ -74.2214808, 4.7585652 ], [ -74.221586, 4.7590288 ], [ -74.2214523, 4.7593433 ], [ -74.2213635, 4.7597325 ], [ -74.2211102, 4.7598825 ], [ -74.2209013, 4.759838 ], [ -74.2206622, 4.7595392 ], [ -74.220438, 4.7592703 ], [ -74.2202436, 4.7589714 ], [ -74.2198106, 4.7587178 ], [ -74.219408, 4.7587634 ], [ -74.2192887, 4.7588085 ], [ -74.2190052, 4.7587192 ], [ -74.2189452, 4.7585248 ], [ -74.2184229, 4.7583461 ], [ -74.2180051, 4.7582571 ], [ -74.2181668, 4.7569252 ], [ -74.2180918, 4.7566709 ], [ -74.2183136, 4.7555932 ], [ -74.218656, 4.7552036 ], [ -74.2190426, 4.7545595 ], [ -74.2195791, 4.7543042 ], [ -74.22031, 4.7543627 ], [ -74.2210563, 4.7546906 ], [ -74.2216981, 4.7549289 ], [ -74.2222503, 4.7551673 ], [ -74.2228174, 4.7553608 ], [ -74.2236832, 4.7557932 ] ] ] } },
{ "type": "Feature", "properties": { "id": 1, "CIAF-2": "1b", "DESCRIPCIO": "rural", "area ha": 4.666 }, "geometry": { "type": "Polygon", "coordinates": [ [ [ -74.3470502, 4.8305519 ], [ -74.3471861, 4.8313745 ], [ -74.3470373, 4.8315544 ], [ -74.3469035, 4.8317791 ], [ -74.3468888, 4.8319138 ], [ -74.3468745, 4.8321981 ], [ -74.3468599, 4.8323627 ], [ -74.3467708, 4.8325723 ], [ -74.3465025, 4.8326477 ], [ -74.3464276, 4.8324832 ], [ -74.3464121, 4.8321691 ], [ -74.3464117, 4.8319746 ], [ -74.3463514, 4.8316904 ], [ -74.3461716, 4.8312569 ], [ -74.3460819, 4.8311224 ], [ -74.3458134, 4.8311229 ], [ -74.3456943, 4.8312578 ], [ -74.3455455, 4.8314377 ], [ -74.3454416, 4.8316773 ], [ -74.345412, 4.831797 ], [ -74.3452336, 4.8320966 ], [ -74.3450997, 4.8322764 ], [ -74.3447871, 4.8325912 ], [ -74.3446829, 4.8326962 ], [ -74.3444593, 4.8327415 ], [ -74.3441752, 4.832383 ], [ -74.3443386, 4.8320684 ], [ -74.3444423, 4.8316792 ], [ -74.344516, 4.8312602 ], [ -74.344575, 4.830901 ], [ -74.3447087, 4.8306613 ], [ -74.3448572, 4.8303169 ], [ -74.3449764, 4.8302418 ], [ -74.345275, 4.8304058 ], [ -74.3455289, 4.8305849 ], [ -74.345902, 4.8306589 ], [ -74.3463644, 4.830673 ], [ -74.3471246, 4.830462 ], [ -74.3470502, 4.8305519 ] ] ] } },
{ "type": "Feature", "properties": { "id": 1, "CIAF-2": "1b", "DESCRIPCIO": "rural", "area ha": 0.371 }, "geometry": { "type": "Polygon", "coordinates": [ [ [ -74.3456452, 4.8328364 ], [ -74.3458843, 4.8330678 ], [ -74.3458475, 4.8332961 ], [ -74.3455868, 4.8334649 ], [ -74.3451836, 4.8332039 ], [ -74.3451832, 4.8330318 ], [ -74.3453954, 4.8328593 ], [ -74.3456676, 4.8328289 ], [ -74.3456862, 4.8328363 ], [ -74.3456452, 4.8328364 ] ] ] } },
{ "type": "Feature", "properties": { "id": 1, "CIAF-2": "1b", "DESCRIPCIO": "rural", "area ha": 0.373 }, "geometry": { "type": "Polygon", "coordinates": [ [ [ -74.344834, 4.8336946 ], [ -74.3450281, 4.8338027 ], [ -74.345103, 4.8339671 ], [ -74.3448647, 4.8341247 ], [ -74.3447531, 4.8342371 ], [ -74.3444469, 4.8340357 ], [ -74.3442788, 4.8338977 ], [ -74.3442337, 4.8337145 ], [ -74.3443566, 4.8336319 ], [ -74.3444835, 4.8337102 ], [ -74.3446513, 4.8336912 ], [ -74.344834, 4.8336946 ] ] ] } },
{ "type": "Feature", "properties": { "id": 1, "CIAF-2": "1b", "DESCRIPCIO": "rural", "area ha": 1.378 }, "geometry": { "type": "Polygon", "coordinates": [ [ [ -74.3546793, 4.8398804 ], [ -74.3547111, 4.8408379 ], [ -74.3546832, 4.8418254 ], [ -74.3543258, 4.8421254 ], [ -74.3541158, 4.8415273 ], [ -74.3540843, 4.8406895 ], [ -74.3542026, 4.8401506 ], [ -74.3543216, 4.8400008 ], [ -74.3545003, 4.8398807 ], [ -74.3546793, 4.8398804 ] ] ] } },
{ "type": "Feature", "properties": { "id": 1, "CIAF-2": "1b", "DESCRIPCIO": "rural", "area ha": 0.761 }, "geometry": { "type": "Polygon", "coordinates": [ [ [ -74.3485501, 4.8404088 ], [ -74.3487669, 4.8407001 ], [ -74.3487226, 4.8409321 ], [ -74.3480963, 4.8409857 ], [ -74.3479173, 4.8409861 ], [ -74.3477456, 4.8408817 ], [ -74.3476702, 4.8404629 ], [ -74.3478712, 4.8402755 ], [ -74.3483037, 4.8402971 ], [ -74.348453, 4.8403566 ], [ -74.3484829, 4.8403715 ], [ -74.3485725, 4.8404162 ], [ -74.3485501, 4.8404088 ] ] ] } },
{ "type": "Feature", "properties": { "id": 2, "CIAF-2": "2c", "DESCRIPCIO": "confinados", "area ha": 1.487 }, "geometry": { "type": "Polygon", "coordinates": [ [ [ -74.3277772, 4.7812453 ], [ -74.3274052, 4.7816799 ], [ -74.3254939, 4.7804866 ], [ -74.3258361, 4.7800969 ], [ -74.3277772, 4.7812453 ] ] ] } },
{ "type": "Feature", "properties": { "id": 2, "CIAF-2": "2c", "DESCRIPCIO": "confinados", "area ha": 14.619 }, "geometry": { "type": "Polygon", "coordinates": [ [ [ -74.3350191, 4.7817399 ], [ -74.3346419, 4.7833266 ], [ -74.3307171, 4.7821373 ], [ -74.3318847, 4.7804967 ], [ -74.3309137, 4.7797056 ], [ -74.3333278, 4.7786386 ], [ -74.3350191, 4.7817399 ] ] ] } },
{ "type": "Feature", "properties": { "id": 2, "CIAF-2": "2c", "DESCRIPCIO": "confinados", "area ha": 46.366 }, "geometry": { "type": "Polygon", "coordinates": [ [ [ -74.2425961, 4.7876594 ], [ -74.2428456, 4.7936738 ], [ -74.2385789, 4.7931429 ], [ -74.2383659, 4.7908092 ], [ -74.2349373, 4.7918628 ], [ -74.2349021, 4.7889002 ], [ -74.2331719, 4.7888734 ], [ -74.2340013, 4.7855802 ], [ -74.2381189, 4.7861413 ], [ -74.238454, 4.7900609 ], [ -74.2415867, 4.7903545 ], [ -74.2425961, 4.7876594 ] ] ] } },
{ "type": "Feature", "properties": { "id": 2, "CIAF-2": "2c", "DESCRIPCIO": "confinados", "area ha": 25.021 }, "geometry": { "type": "Polygon", "coordinates": [ [ [ -74.2331363, 4.7856416 ], [ -74.2321581, 4.7891147 ], [ -74.2314756, 4.7911209 ], [ -74.2295079, 4.7917229 ], [ -74.2275673, 4.7908286 ], [ -74.2287576, 4.7891806 ], [ -74.2314339, 4.7844776 ], [ -74.2328959, 4.7846246 ], [ -74.2330463, 4.7853425 ], [ -74.2331363, 4.7856416 ] ] ] } },
{ "type": "Feature", "properties": { "id": 1, "CIAF-2": "1b", "DESCRIPCIO": "rural", "area ha": 1.169 }, "geometry": { "type": "Polygon", "coordinates": [ [ [ -74.2246756, 4.7834423 ], [ -74.2244085, 4.7842358 ], [ -74.2233041, 4.7838787 ], [ -74.2237054, 4.78307 ], [ -74.2246756, 4.7834423 ] ] ] } },
{ "type": "Feature", "properties": { "id": 2, "CIAF-2": "2c", "DESCRIPCIO": "confinados", "area ha": 2.776 }, "geometry": { "type": "Polygon", "coordinates": [ [ [ -74.1730238, 4.8442221 ], [ -74.1722047, 4.8449717 ], [ -74.170666, 4.8436127 ], [ -74.1715896, 4.8428929 ], [ -74.1730238, 4.8442221 ] ] ] } },
{ "type": "Feature", "properties": { "id": 1, "CIAF-2": "1a", "DESCRIPCIO": "urbano", "area ha": 11.373 }, "geometry": { "type": "Polygon", "coordinates": [ [ [ -74.0829956, 4.8036421 ], [ -74.0871741, 4.8048625 ], [ -74.0869663, 4.8054913 ], [ -74.0858327, 4.8055529 ], [ -74.0853879, 4.8072295 ], [ -74.0830007, 4.8068742 ], [ -74.0829956, 4.8036421 ] ] ] } },
{ "type": "Feature", "properties": { "id": 1, "CIAF-2": "1b", "DESCRIPCIO": "rural", "area ha": 1.394 }, "geometry": { "type": "Polygon", "coordinates": [ [ [ -74.1679274, 4.8297843 ], [ -74.1674812, 4.8305108 ], [ -74.1670412, 4.8305639 ], [ -74.1667871, 4.8302277 ], [ -74.1666967, 4.8296966 ], [ -74.167121, 4.8292395 ], [ -74.167464, 4.8291791 ], [ -74.1679274, 4.8297843 ] ] ] } },
{ "type": "Feature", "properties": { "id": 1, "CIAF-2": "1b", "DESCRIPCIO": "rural", "area ha": 6.736 }, "geometry": { "type": "Polygon", "coordinates": [ [ [ -74.1876171, 4.7694425 ], [ -74.1881429, 4.7716412 ], [ -74.1858475, 4.772513 ], [ -74.1854258, 4.7701496 ], [ -74.1876171, 4.7694425 ] ] ] } },
{ "type": "Feature", "properties": { "id": 1, "CIAF-2": "1a", "DESCRIPCIO": "urbano", "area ha": 239.674 }, "geometry": { "type": "Polygon", "coordinates": [ [ [ -74.1283219, 4.7556867 ], [ -74.1297274, 4.7578091 ], [ -74.1305951, 4.7594536 ], [ -74.1309244, 4.7601713 ], [ -74.1314025, 4.7606494 ], [ -74.132568, 4.7619343 ], [ -74.1345426, 4.7655222 ], [ -74.135202, 4.7673765 ], [ -74.1358313, 4.769171 ], [ -74.1371769, 4.7710841 ], [ -74.1378051, 4.7721903 ], [ -74.1392392, 4.7735047 ], [ -74.1398966, 4.7742218 ], [ -74.1403746, 4.77464 ], [ -74.1413899, 4.7752967 ], [ -74.1420767, 4.7757145 ], [ -74.1431817, 4.7764309 ], [ -74.1435402, 4.7767894 ], [ -74.1439585, 4.7772077 ], [ -74.144019, 4.7776864 ], [ -74.1435133, 4.7785551 ], [ -74.14259, 4.7794245 ], [ -74.1419345, 4.7799044 ], [ -74.1409216, 4.780744 ], [ -74.1400277, 4.7813141 ], [ -74.1376427, 4.7822158 ], [ -74.1359436, 4.7830267 ], [ -74.1338867, 4.783868 ], [ -74.1322763, 4.7841998 ], [ -74.1310837, 4.7845909 ], [ -74.130278, 4.7844126 ], [ -74.1298894, 4.7839345 ], [ -74.1291721, 4.7830977 ], [ -74.1286937, 4.7824401 ], [ -74.1280059, 4.7813938 ], [ -74.1277357, 4.7803768 ], [ -74.1277348, 4.7798082 ], [ -74.1277925, 4.778611 ], [ -74.1277914, 4.7779527 ], [ -74.1283869, 4.7772634 ], [ -74.1288638, 4.7770232 ], [ -74.1295188, 4.7762141 ], [ -74.1300847, 4.7757044 ], [ -74.1304714, 4.7750155 ], [ -74.1305002, 4.7743571 ], [ -74.131156, 4.7740567 ], [ -74.1319311, 4.7737562 ], [ -74.1321681, 4.7727981 ], [ -74.1319877, 4.7719007 ], [ -74.1312706, 4.7711836 ], [ -74.1304934, 4.7702272 ], [ -74.129775, 4.7687321 ], [ -74.1301879, 4.7657987 ], [ -74.1302476, 4.7658584 ], [ -74.1301275, 4.7653798 ], [ -74.1305428, 4.7639427 ], [ -74.1302433, 4.7632249 ], [ -74.1300036, 4.7625669 ], [ -74.1295853, 4.7621487 ], [ -74.1292265, 4.7616106 ], [ -74.1285694, 4.7611328 ], [ -74.1283299, 4.7605946 ], [ -74.1279706, 4.7597572 ], [ -74.12785, 4.7589793 ], [ -74.127849, 4.7583808 ], [ -74.1279077, 4.7577822 ], [ -74.127907, 4.7573632 ], [ -74.1278468, 4.7570042 ], [ -74.1279053, 4.7562859 ], [ -74.1280241, 4.7559864 ], [ -74.1280827, 4.7553279 ], [ -74.1283219, 4.7556867 ] ] ] } },
{ "type": "Feature", "properties": { "id": 1, "CIAF-2": "1b", "DESCRIPCIO": "rural", "area ha": 4.008 }, "geometry": { "type": "Polygon", "coordinates": [ [ [ -74.1446386, 4.7465024 ], [ -74.1430909, 4.7485698 ], [ -74.1418666, 4.7478087 ], [ -74.1437428, 4.7459053 ], [ -74.1446386, 4.7465024 ] ] ] } },
{ "type": "Feature", "properties": { "id": 1, "CIAF-2": "1b", "DESCRIPCIO": "rural", "area ha": 6.574 }, "geometry": { "type": "Polygon", "coordinates": [ [ [ -74.2424733, 4.7149343 ], [ -74.241283, 4.7164925 ], [ -74.2405221, 4.7162994 ], [ -74.2398799, 4.7158067 ], [ -74.2393416, 4.7150147 ], [ -74.239728, 4.714206 ], [ -74.2405773, 4.7137856 ], [ -74.2407857, 4.7135607 ], [ -74.2424733, 4.7149343 ] ] ] } },
{ "type": "Feature", "properties": { "id": 1, "CIAF-2": "1b", "DESCRIPCIO": "rural", "area ha": 27.02 }, "geometry": { "type": "Polygon", "coordinates": [ [ [ -74.2412497, 4.7164841 ], [ -74.2412532, 4.7164926 ], [ -74.2486611, 4.7225241 ], [ -74.2475001, 4.7237831 ], [ -74.2470222, 4.7234248 ], [ -74.2459169, 4.7224991 ], [ -74.2452001, 4.7219319 ], [ -74.2441247, 4.721066 ], [ -74.2421533, 4.7194835 ], [ -74.2405705, 4.7183491 ], [ -74.2399133, 4.7178117 ], [ -74.2385992, 4.7168564 ], [ -74.2382107, 4.7164082 ], [ -74.237822, 4.7158703 ], [ -74.2378068, 4.7157207 ], [ -74.2378662, 4.7155859 ], [ -74.2379552, 4.7152865 ], [ -74.2381932, 4.7149569 ], [ -74.2385359, 4.7147917 ], [ -74.238894, 4.7148659 ], [ -74.2393566, 4.7150446 ], [ -74.2393628, 4.7150458 ], [ -74.2398799, 4.7158067 ], [ -74.2405221, 4.7162994 ], [ -74.2412497, 4.7164841 ] ] ] } },
{ "type": "Feature", "properties": { "id": 1, "CIAF-2": "1a", "DESCRIPCIO": "urbano", "area ha": 54.879 }, "geometry": { "type": "Polygon", "coordinates": [ [ [ -74.2422474, 4.6968375 ], [ -74.2452964, 4.7006325 ], [ -74.2452085, 4.7015305 ], [ -74.2444341, 4.7021303 ], [ -74.2432127, 4.7030003 ], [ -74.2427366, 4.7035997 ], [ -74.2421409, 4.7041095 ], [ -74.2419625, 4.7044091 ], [ -74.2420528, 4.7048877 ], [ -74.2428298, 4.7056943 ], [ -74.2429494, 4.7059035 ], [ -74.2434581, 4.7068303 ], [ -74.2436977, 4.7073386 ], [ -74.2439382, 4.7084155 ], [ -74.2437018, 4.7096728 ], [ -74.2434934, 4.7098826 ], [ -74.2427464, 4.7091657 ], [ -74.2422074, 4.7079398 ], [ -74.2417886, 4.7072822 ], [ -74.2410408, 4.7060267 ], [ -74.2403831, 4.7052198 ], [ -74.2398452, 4.7046223 ], [ -74.2390983, 4.7039354 ], [ -74.2386201, 4.7033676 ], [ -74.2379027, 4.7024712 ], [ -74.2369763, 4.7014553 ], [ -74.2378102, 4.7007656 ], [ -74.2422474, 4.6968375 ] ] ] } },
{ "type": "Feature", "properties": { "id": 1, "CIAF-2": "1b", "DESCRIPCIO": "rural", "area ha": 3.334 }, "geometry": { "type": "Polygon", "coordinates": [ [ [ -74.2348373, 4.7147609 ], [ -74.236152, 4.7160902 ], [ -74.2353776, 4.71672 ], [ -74.2349443, 4.7162569 ], [ -74.2341844, 4.7166024 ], [ -74.2335117, 4.7157358 ], [ -74.2348373, 4.7147609 ] ] ] } },
{ "type": "Feature", "properties": { "id": 1, "CIAF-2": "1b", "DESCRIPCIO": "rural", "area ha": 6.099 }, "geometry": { "type": "Polygon", "coordinates": [ [ [ -74.2302158, 4.7157566 ], [ -74.227772, 4.7168682 ], [ -74.2269044, 4.7154034 ], [ -74.2297953, 4.7140815 ], [ -74.2302158, 4.7157566 ] ] ] } },
{ "type": "Feature", "properties": { "id": 1, "CIAF-2": "1b", "DESCRIPCIO": "rural", "area ha": 11.645 }, "geometry": { "type": "Polygon", "coordinates": [ [ [ -74.2764259, 4.7202218 ], [ -74.2770236, 4.720879 ], [ -74.2770245, 4.7213578 ], [ -74.2767267, 4.7216277 ], [ -74.2766082, 4.7220169 ], [ -74.2772946, 4.722255 ], [ -74.2779808, 4.7223735 ], [ -74.2778636, 4.7234809 ], [ -74.2774175, 4.7241999 ], [ -74.2771497, 4.7245595 ], [ -74.2765836, 4.7248897 ], [ -74.2763457, 4.7253091 ], [ -74.2758692, 4.7256691 ], [ -74.2752721, 4.7254009 ], [ -74.2753006, 4.7246527 ], [ -74.2754786, 4.7241436 ], [ -74.275746, 4.7235746 ], [ -74.2756551, 4.7227668 ], [ -74.275416, 4.7225278 ], [ -74.2750279, 4.7223191 ], [ -74.2747294, 4.7221999 ], [ -74.2746098, 4.7220206 ], [ -74.2747876, 4.7214218 ], [ -74.2764259, 4.7202218 ] ] ] } },
{ "type": "Feature", "properties": { "id": 1, "CIAF-2": "1b", "DESCRIPCIO": "rural", "area ha": 1.843 }, "geometry": { "type": "Polygon", "coordinates": [ [ [ -74.2581808, 4.6836869 ], [ -74.258196, 4.6838514 ], [ -74.2582711, 4.6841206 ], [ -74.2583906, 4.6842551 ], [ -74.2585551, 4.6845241 ], [ -74.2586002, 4.6846886 ], [ -74.258511, 4.6848683 ], [ -74.2579446, 4.6850339 ], [ -74.2576614, 4.6850793 ], [ -74.2572882, 4.6848855 ], [ -74.257168, 4.684362 ], [ -74.2572566, 4.683913 ], [ -74.2577482, 4.6836278 ], [ -74.2581956, 4.683627 ], [ -74.2581808, 4.6836869 ] ] ] } },
{ "type": "Feature", "properties": { "id": 1, "CIAF-2": "1b", "DESCRIPCIO": "rural", "area ha": 3.269 }, "geometry": { "type": "Polygon", "coordinates": [ [ [ -74.2642024, 4.6819254 ], [ -74.2644123, 4.6825534 ], [ -74.2641449, 4.6831225 ], [ -74.2634303, 4.6837821 ], [ -74.2628037, 4.6836336 ], [ -74.2622955, 4.6830061 ], [ -74.2626523, 4.682407 ], [ -74.2629799, 4.6821371 ], [ -74.2631586, 4.6819572 ], [ -74.2642024, 4.6819254 ] ] ] } },
{ "type": "Feature", "properties": { "id": 1, "CIAF-2": "1a", "DESCRIPCIO": "urbano", "area ha": 468.465 }, "geometry": { "type": "Polygon", "coordinates": [ [ [ -74.2100125, 4.7011735 ], [ -74.2081048, 4.701895 ], [ -74.2060173, 4.7021381 ], [ -74.2048843, 4.7023794 ], [ -74.2032146, 4.7026816 ], [ -74.2017233, 4.702744 ], [ -74.1996353, 4.7026877 ], [ -74.1976073, 4.7028109 ], [ -74.1953422, 4.7038323 ], [ -74.1935536, 4.7044339 ], [ -74.1909316, 4.7060544 ], [ -74.1874725, 4.7065989 ], [ -74.1855048, 4.7071409 ], [ -74.1834171, 4.7072642 ], [ -74.1811503, 4.7072681 ], [ -74.1802546, 4.7067908 ], [ -74.1795382, 4.7064329 ], [ -74.178881, 4.7058355 ], [ -74.1785804, 4.7044594 ], [ -74.1787579, 4.7036212 ], [ -74.1789358, 4.7029625 ], [ -74.179053, 4.7017054 ], [ -74.1795274, 4.7000288 ], [ -74.1797057, 4.6996095 ], [ -74.1808965, 4.6982908 ], [ -74.1814917, 4.6974518 ], [ -74.1820273, 4.6967327 ], [ -74.1813694, 4.6957163 ], [ -74.1807716, 4.6949393 ], [ -74.1802329, 4.6938629 ], [ -74.1802911, 4.6930249 ], [ -74.1810053, 4.6920062 ], [ -74.1817801, 4.6915859 ], [ -74.1830336, 4.6920626 ], [ -74.1835113, 4.692361 ], [ -74.1839282, 4.6919414 ], [ -74.1847019, 4.6909226 ], [ -74.1852974, 4.6902632 ], [ -74.18637, 4.689603 ], [ -74.1875025, 4.6890624 ], [ -74.1880384, 4.688463 ], [ -74.1885146, 4.6878637 ], [ -74.1894678, 4.6871438 ], [ -74.1904806, 4.686364 ], [ -74.1916736, 4.686362 ], [ -74.1932854, 4.6870176 ], [ -74.1951352, 4.6873736 ], [ -74.1958515, 4.6876118 ], [ -74.1969859, 4.6882083 ], [ -74.1971055, 4.6883877 ], [ -74.1975835, 4.6888657 ], [ -74.1978231, 4.6894638 ], [ -74.1977067, 4.6911398 ], [ -74.1973505, 4.6921579 ], [ -74.1980077, 4.6927553 ], [ -74.1992613, 4.6932918 ], [ -74.2000972, 4.6937093 ], [ -74.2006346, 4.6940076 ], [ -74.2008749, 4.6950247 ], [ -74.2006976, 4.6959826 ], [ -74.2012346, 4.6960415 ], [ -74.2021292, 4.6959203 ], [ -74.2028449, 4.6958592 ], [ -74.2049336, 4.6963344 ], [ -74.2051725, 4.6965135 ], [ -74.2063667, 4.6971698 ], [ -74.2075599, 4.6972276 ], [ -74.2088118, 4.6967466 ], [ -74.2099453, 4.6968045 ], [ -74.2100065, 4.6977022 ], [ -74.2101268, 4.6983005 ], [ -74.2100691, 4.6994377 ], [ -74.2103092, 4.7002752 ], [ -74.2100125, 4.7011735 ] ] ] } },
{ "type": "Feature", "properties": { "id": 1, "CIAF-2": "1b", "DESCRIPCIO": "rural", "area ha": 16.512 }, "geometry": { "type": "Polygon", "coordinates": [ [ [ -74.3427921, 4.7291784 ], [ -74.3440546, 4.734263 ], [ -74.3410721, 4.7343286 ], [ -74.3411896, 4.7333709 ], [ -74.3392804, 4.7332549 ], [ -74.3413045, 4.7310964 ], [ -74.341122, 4.7292415 ], [ -74.3427921, 4.7291784 ] ] ] } },
{ "type": "Feature", "properties": { "id": 2, "CIAF-2": "2c", "DESCRIPCIO": "confinados", "area ha": 188.474 }, "geometry": { "type": "Polygon", "coordinates": [ [ [ -74.3383501, 4.7457948 ], [ -74.3321207, 4.7636415 ], [ -74.3335035, 4.7692047 ], [ -74.3305823, 4.7702278 ], [ -74.3266984, 4.7670035 ], [ -74.3291394, 4.7644253 ], [ -74.3272799, 4.7591623 ], [ -74.3258382, 4.7539583 ], [ -74.3298941, 4.7535914 ], [ -74.3312471, 4.743654 ], [ -74.3383501, 4.7457948 ] ] ] } },
{ "type": "Feature", "properties": { "id": 2, "CIAF-2": "2c", "DESCRIPCIO": "confinados", "area ha": 32.006 }, "geometry": { "type": "Polygon", "coordinates": [ [ [ -74.2459085, 4.7594042 ], [ -74.2456748, 4.7621577 ], [ -74.244937, 4.766558 ], [ -74.2443118, 4.7672175 ], [ -74.243444, 4.7657228 ], [ -74.2421593, 4.764588 ], [ -74.2415318, 4.7639607 ], [ -74.2413812, 4.7631231 ], [ -74.2408139, 4.7628548 ], [ -74.2402165, 4.762407 ], [ -74.2401843, 4.7610903 ], [ -74.2413762, 4.76034 ], [ -74.2431066, 4.7605464 ], [ -74.244388, 4.7598259 ], [ -74.2450131, 4.7591365 ], [ -74.2461752, 4.7584461 ], [ -74.2462348, 4.7584161 ], [ -74.2459085, 4.7594042 ] ] ] } },
{ "type": "Feature", "properties": { "id": 1, "CIAF-2": "1b", "DESCRIPCIO": "rural", "area ha": 9.301 }, "geometry": { "type": "Polygon", "coordinates": [ [ [ -74.2638105, 4.7620348 ], [ -74.2637677, 4.7630823 ], [ -74.2572496, 4.762795 ], [ -74.2572771, 4.7615231 ], [ -74.2638105, 4.7620348 ] ] ] } },
{ "type": "Feature", "properties": { "id": 2, "CIAF-2": "2c", "DESCRIPCIO": "confinados", "area ha": 15.844 }, "geometry": { "type": "Polygon", "coordinates": [ [ [ -74.2567984, 4.760716 ], [ -74.2568766, 4.7627209 ], [ -74.2513423, 4.7621324 ], [ -74.2515183, 4.7605012 ], [ -74.2493553, 4.7602658 ], [ -74.2496075, 4.7595621 ], [ -74.2567984, 4.760716 ] ] ] } },
{ "type": "Feature", "properties": { "id": 2, "CIAF-2": "2c", "DESCRIPCIO": "confinados", "area ha": 13.999 }, "geometry": { "type": "Polygon", "coordinates": [ [ [ -74.3058562, 4.7790431 ], [ -74.3025791, 4.7812039 ], [ -74.3013207, 4.7782737 ], [ -74.3040018, 4.7764133 ], [ -74.3058562, 4.7790431 ] ] ] } },
{ "type": "Feature", "properties": { "id": 2, "CIAF-2": "2c", "DESCRIPCIO": "confinados", "area ha": 35.775 }, "geometry": { "type": "Polygon", "coordinates": [ [ [ -74.2551438, 4.8103195 ], [ -74.2553304, 4.8145086 ], [ -74.256524, 4.814686 ], [ -74.2553406, 4.8200447 ], [ -74.2545009, 4.8176224 ], [ -74.253158, 4.8173555 ], [ -74.2533332, 4.8153203 ], [ -74.2512461, 4.8158927 ], [ -74.2513554, 4.8103863 ], [ -74.2551438, 4.8103195 ] ] ] } },
{ "type": "Feature", "properties": { "id": 2, "CIAF-2": "2c", "DESCRIPCIO": "confinados", "area ha": 84.319 }, "geometry": { "type": "Polygon", "coordinates": [ [ [ -74.2905518, 4.7938547 ], [ -74.2904356, 4.7955307 ], [ -74.2900209, 4.7970876 ], [ -74.2897265, 4.7991828 ], [ -74.2892508, 4.8000216 ], [ -74.2884173, 4.8009209 ], [ -74.287048, 4.8024796 ], [ -74.2868107, 4.8031982 ], [ -74.286573, 4.8036775 ], [ -74.2860978, 4.8048155 ], [ -74.2859202, 4.805534 ], [ -74.2865798, 4.8073282 ], [ -74.2866423, 4.8088244 ], [ -74.2847326, 4.8085287 ], [ -74.2837753, 4.8070941 ], [ -74.2842492, 4.8052978 ], [ -74.285258, 4.8023633 ], [ -74.2852566, 4.8016451 ], [ -74.2840607, 4.800211 ], [ -74.2832834, 4.7992548 ], [ -74.2823862, 4.7980595 ], [ -74.282086, 4.7970427 ], [ -74.2820842, 4.7960851 ], [ -74.2857171, 4.7926669 ], [ -74.2905518, 4.7938547 ] ] ] } },
{ "type": "Feature", "properties": { "id": 1, "CIAF-2": "1a", "DESCRIPCIO": "urbano", "area ha": 1095.374 }, "geometry": { "type": "Polygon", "coordinates": [ [ [ -74.0829946, 4.8109654 ], [ -74.0836559, 4.8108758 ], [ -74.0846709, 4.8112932 ], [ -74.0851493, 4.8120107 ], [ -74.0851508, 4.8129085 ], [ -74.0851531, 4.8144048 ], [ -74.0846781, 4.815842 ], [ -74.0846794, 4.81668 ], [ -74.0856947, 4.8172769 ], [ -74.086351, 4.8172759 ], [ -74.0867086, 4.8170359 ], [ -74.0876621, 4.8163161 ], [ -74.0878407, 4.8160166 ], [ -74.0882587, 4.8162553 ], [ -74.0887967, 4.8169128 ], [ -74.0889169, 4.8174513 ], [ -74.089217, 4.8185282 ], [ -74.0900538, 4.8194845 ], [ -74.0902331, 4.8196638 ], [ -74.0909503, 4.8203809 ], [ -74.0920257, 4.8212769 ], [ -74.0933999, 4.8224718 ], [ -74.0942369, 4.8234879 ], [ -74.0951331, 4.8242646 ], [ -74.0961483, 4.8248016 ], [ -74.0965063, 4.824801 ], [ -74.0970427, 4.8244411 ], [ -74.0975785, 4.8236621 ], [ -74.097875, 4.8225244 ], [ -74.0982903, 4.8210873 ], [ -74.0985861, 4.8194708 ], [ -74.0990017, 4.8182132 ], [ -74.0994765, 4.8166562 ], [ -74.1003689, 4.8150388 ], [ -74.101858, 4.8134203 ], [ -74.102572, 4.8122221 ], [ -74.1025102, 4.8109054 ], [ -74.1016139, 4.8100689 ], [ -74.1001801, 4.8089341 ], [ -74.0994027, 4.8077981 ], [ -74.0988041, 4.806602 ], [ -74.0977863, 4.8044489 ], [ -74.0977242, 4.8028929 ], [ -74.0980195, 4.8010369 ], [ -74.0986734, 4.7994797 ], [ -74.1032653, 4.7980957 ], [ -74.1046983, 4.7987517 ], [ -74.1067279, 4.7994068 ], [ -74.1078599, 4.7983875 ], [ -74.1093483, 4.7964099 ], [ -74.1105989, 4.7949714 ], [ -74.1122068, 4.7931134 ], [ -74.1126228, 4.7920952 ], [ -74.1153026, 4.7889785 ], [ -74.1176863, 4.7872389 ], [ -74.1204901, 4.7869949 ], [ -74.1228772, 4.7873501 ], [ -74.1255076, 4.7905778 ], [ -74.1259054, 4.7920314 ], [ -74.1240179, 4.7941423 ], [ -74.1234476, 4.7956754 ], [ -74.1223995, 4.7968742 ], [ -74.1217562, 4.7975456 ], [ -74.1211614, 4.7986958 ], [ -74.1200174, 4.7996074 ], [ -74.1184691, 4.8014534 ], [ -74.1173255, 4.8026523 ], [ -74.1162781, 4.804282 ], [ -74.1150405, 4.8063909 ], [ -74.1142548, 4.8075413 ], [ -74.1128489, 4.8089083 ], [ -74.1104417, 4.8124593 ], [ -74.1099738, 4.8133159 ], [ -74.1089527, 4.8150293 ], [ -74.1072512, 4.8180277 ], [ -74.1058052, 4.8208117 ], [ -74.1051673, 4.8220537 ], [ -74.1043175, 4.824152 ], [ -74.1032533, 4.8256087 ], [ -74.1018051, 4.8269805 ], [ -74.101251, 4.827281 ], [ -74.1009108, 4.8279662 ], [ -74.1000596, 4.8292514 ], [ -74.0993787, 4.8302368 ], [ -74.0987409, 4.8316072 ], [ -74.0987005, 4.8329767 ], [ -74.0970403, 4.8352047 ], [ -74.0967429, 4.8359755 ], [ -74.095295, 4.837604 ], [ -74.0953821, 4.8386737 ], [ -74.0954253, 4.8390588 ], [ -74.094617, 4.8404295 ], [ -74.0943609, 4.8403443 ], [ -74.0936786, 4.8405594 ], [ -74.0934235, 4.8410734 ], [ -74.0928282, 4.8423154 ], [ -74.0922337, 4.8440281 ], [ -74.0919789, 4.8447988 ], [ -74.0902332, 4.8469413 ], [ -74.0895109, 4.8487826 ], [ -74.0883186, 4.8501968 ], [ -74.0878102, 4.8524229 ], [ -74.0870456, 4.8544782 ], [ -74.086152, 4.8559347 ], [ -74.0831535, 4.8626141 ], [ -74.0830752, 4.8625915 ], [ -74.0829946, 4.8109654 ] ] ] } },
{ "type": "Feature", "properties": { "id": 2, "CIAF-2": "2c", "DESCRIPCIO": "confinados", "area ha": 14.121 }, "geometry": { "type": "Polygon", "coordinates": [ [ [ -74.2586199, 4.8270036 ], [ -74.2588642, 4.8300555 ], [ -74.2587764, 4.8309534 ], [ -74.2572563, 4.8316744 ], [ -74.2562727, 4.8321251 ], [ -74.2546332, 4.8328464 ], [ -74.2544842, 4.8329065 ], [ -74.2554364, 4.831618 ], [ -74.2558223, 4.8305699 ], [ -74.2562672, 4.8291626 ], [ -74.2568022, 4.8280843 ], [ -74.2575771, 4.8276939 ], [ -74.2581431, 4.8272439 ], [ -74.2582021, 4.8268847 ], [ -74.2586199, 4.8270036 ] ] ] } },
{ "type": "Feature", "properties": { "id": 1, "CIAF-2": "1b", "DESCRIPCIO": "rural", "area ha": 0.971 }, "geometry": { "type": "Polygon", "coordinates": [ [ [ -74.2959491, 4.8322599 ], [ -74.2952195, 4.8329346 ], [ -74.2951672, 4.8328898 ], [ -74.2949804, 4.8327106 ], [ -74.2949576, 4.8324863 ], [ -74.2950909, 4.8319773 ], [ -74.2951275, 4.8316256 ], [ -74.2952688, 4.8314383 ], [ -74.2959491, 4.8322599 ] ] ] } },
{ "type": "Feature", "properties": { "id": 1, "CIAF-2": "1a", "DESCRIPCIO": "urbano", "area ha": 7884.881 }, "geometry": { "type": "Polygon", "coordinates": [ [ [ -74.1172523, 4.7401355 ], [ -74.1187733, 4.7399236 ], [ -74.1199672, 4.7404005 ], [ -74.119432, 4.7414487 ], [ -74.1191355, 4.7425864 ], [ -74.1192555, 4.7429753 ], [ -74.1200319, 4.7435426 ], [ -74.1207185, 4.7438707 ], [ -74.1225377, 4.7435984 ], [ -74.1233116, 4.7425796 ], [ -74.1245321, 4.7409916 ], [ -74.1252778, 4.7409904 ], [ -74.1261136, 4.7413481 ], [ -74.1273666, 4.7414658 ], [ -74.1282906, 4.7409854 ], [ -74.1287966, 4.7403562 ], [ -74.1298389, 4.7392771 ], [ -74.1298384, 4.7389779 ], [ -74.129838, 4.7387384 ], [ -74.1300464, 4.7384388 ], [ -74.1308218, 4.7383478 ], [ -74.1314187, 4.7385563 ], [ -74.1315985, 4.7390648 ], [ -74.1316294, 4.739753 ], [ -74.1317194, 4.7400521 ], [ -74.1326745, 4.7403797 ], [ -74.1332713, 4.7404985 ], [ -74.1337195, 4.7410065 ], [ -74.1337206, 4.7416649 ], [ -74.1333342, 4.7425333 ], [ -74.133275, 4.7427729 ], [ -74.1330374, 4.7434316 ], [ -74.1327996, 4.7439707 ], [ -74.1325622, 4.7447192 ], [ -74.1324441, 4.7454377 ], [ -74.1325042, 4.7457069 ], [ -74.1326844, 4.7464847 ], [ -74.132327, 4.7467845 ], [ -74.1320588, 4.7469645 ], [ -74.131194, 4.7471156 ], [ -74.1301497, 4.7469677 ], [ -74.1291954, 4.7470889 ], [ -74.128629, 4.7473293 ], [ -74.1285396, 4.7474192 ], [ -74.128004, 4.7481981 ], [ -74.1278851, 4.7484677 ], [ -74.1278262, 4.7489466 ], [ -74.1279166, 4.7494851 ], [ -74.1280067, 4.749874 ], [ -74.1280372, 4.750263 ], [ -74.1283656, 4.750442 ], [ -74.1286938, 4.7505313 ], [ -74.1293203, 4.7505302 ], [ -74.1297376, 4.750365 ], [ -74.1297824, 4.7503649 ], [ -74.1299618, 4.7506489 ], [ -74.1299621, 4.7508284 ], [ -74.1299178, 4.7510979 ], [ -74.1297988, 4.7512926 ], [ -74.1296499, 4.7514275 ], [ -74.129471, 4.7515176 ], [ -74.1287849, 4.7514887 ], [ -74.1282329, 4.7514298 ], [ -74.1279493, 4.7512657 ], [ -74.1275165, 4.7510719 ], [ -74.1271729, 4.7507881 ], [ -74.1270235, 4.7505938 ], [ -74.1267693, 4.7501753 ], [ -74.1266642, 4.7497565 ], [ -74.1264094, 4.7490387 ], [ -74.1262298, 4.7486499 ], [ -74.1260058, 4.7484558 ], [ -74.125722, 4.7482168 ], [ -74.1254386, 4.7481874 ], [ -74.1251403, 4.7481729 ], [ -74.1249762, 4.7481732 ], [ -74.1247676, 4.7482633 ], [ -74.1246782, 4.7483233 ], [ -74.1244994, 4.7484433 ], [ -74.124425, 4.7485481 ], [ -74.1243654, 4.7486081 ], [ -74.124289, 4.7486192 ], [ -74.1245228, 4.7487792 ], [ -74.1245946, 4.7489107 ], [ -74.1248459, 4.7494011 ], [ -74.1250613, 4.7497479 ], [ -74.1254873, 4.7512256 ], [ -74.1258458, 4.751608 ], [ -74.1260613, 4.7520626 ], [ -74.1264213, 4.7533069 ], [ -74.1271626, 4.7542394 ], [ -74.1274018, 4.7545502 ], [ -74.1274261, 4.7548375 ], [ -74.1261374, 4.7548396 ], [ -74.1246342, 4.7549378 ], [ -74.1229871, 4.7546772 ], [ -74.1216742, 4.754392 ], [ -74.1184277, 4.7537748 ], [ -74.1158017, 4.7531805 ], [ -74.1165863, 4.7513837 ], [ -74.1156073, 4.7510501 ], [ -74.115285, 4.7509549 ], [ -74.114521, 4.7507167 ], [ -74.1138883, 4.7505501 ], [ -74.1134466, 4.7503832 ], [ -74.1131482, 4.7503478 ], [ -74.1125642, 4.7507917 ], [ -74.1125404, 4.7508156 ], [ -74.1122068, 4.7510795 ], [ -74.1119209, 4.7514032 ], [ -74.1114441, 4.7517032 ], [ -74.1113487, 4.7517393 ], [ -74.1111101, 4.7517636 ], [ -74.1107522, 4.7518121 ], [ -74.1100002, 4.7516457 ], [ -74.1096301, 4.7515027 ], [ -74.1092484, 4.7515751 ], [ -74.1090455, 4.7515515 ], [ -74.1087591, 4.751516 ], [ -74.108568, 4.7514206 ], [ -74.1082456, 4.7512655 ], [ -74.1077444, 4.7512184 ], [ -74.1078645, 4.751721 ], [ -74.1081756, 4.7522232 ], [ -74.1087263, 4.7533715 ], [ -74.1094671, 4.7540407 ], [ -74.1100176, 4.7550214 ], [ -74.1106157, 4.756002 ], [ -74.1112619, 4.7571262 ], [ -74.1110483, 4.7578687 ], [ -74.1103815, 4.7587317 ], [ -74.1100481, 4.759211 ], [ -74.1097866, 4.759786 ], [ -74.1097155, 4.7601453 ], [ -74.1092392, 4.7607206 ], [ -74.1083805, 4.7609614 ], [ -74.1076397, 4.760388 ], [ -74.1072081, 4.7590959 ], [ -74.106108, 4.7576133 ], [ -74.1057721, 4.7565126 ], [ -74.1052458, 4.7556994 ], [ -74.1043857, 4.7550304 ], [ -74.1033826, 4.7545532 ], [ -74.103048, 4.7542665 ], [ -74.1022839, 4.7539325 ], [ -74.1013766, 4.7536945 ], [ -74.1005653, 4.7536958 ], [ -74.1003266, 4.7536962 ], [ -74.1003759, 4.7546538 ], [ -74.1005195, 4.7549409 ], [ -74.0999957, 4.7557078 ], [ -74.099975, 4.7557277 ], [ -74.1016188, 4.757129 ], [ -74.1009097, 4.7614096 ], [ -74.0990339, 4.7636271 ], [ -74.094798, 4.7636938 ], [ -74.0933647, 4.7627683 ], [ -74.0923486, 4.7615729 ], [ -74.0916888, 4.7593893 ], [ -74.0916255, 4.7570551 ], [ -74.0919188, 4.7563902 ], [ -74.0904751, 4.7564891 ], [ -74.089425, 4.7564189 ], [ -74.0879212, 4.7562058 ], [ -74.0865368, 4.7560165 ], [ -74.0861072, 4.7560172 ], [ -74.085177, 4.7563299 ], [ -74.0837939, 4.7569785 ], [ -74.0830319, 4.758081 ], [ -74.0829542, 4.7579913 ], [ -74.0828842, 4.7402896 ], [ -74.0827457, 4.6516544 ], [ -74.1247332, 4.6512994 ], [ -74.1450708, 4.6512642 ], [ -74.145239, 4.6512639 ], [ -74.1452067, 4.6513663 ], [ -74.1451495, 4.6528627 ], [ -74.1448531, 4.6540602 ], [ -74.1440214, 4.6561564 ], [ -74.1433073, 4.6572349 ], [ -74.1424158, 4.6592115 ], [ -74.1424176, 4.6603486 ], [ -74.1431352, 4.6614248 ], [ -74.1458215, 4.6626773 ], [ -74.1472542, 4.6633334 ], [ -74.1479709, 4.6638709 ], [ -74.1498213, 4.6645861 ], [ -74.1506574, 4.6651832 ], [ -74.1507191, 4.66644 ], [ -74.1510793, 4.6678759 ], [ -74.1510944, 4.667936 ], [ -74.1514693, 4.668066 ], [ -74.1537749, 4.6772077 ], [ -74.1570667, 4.6765798 ], [ -74.1582149, 4.6783016 ], [ -74.1599856, 4.6813631 ], [ -74.1584603, 4.6824669 ], [ -74.1594664, 4.6848593 ], [ -74.1573685, 4.6859641 ], [ -74.1608559, 4.6882087 ], [ -74.1698636, 4.6810594 ], [ -74.1708678, 4.6822547 ], [ -74.1724937, 4.684263 ], [ -74.1718749, 4.6852217 ], [ -74.1717799, 4.6855091 ], [ -74.1710176, 4.6862765 ], [ -74.1693979, 4.6879551 ], [ -74.1678258, 4.6896335 ], [ -74.1688294, 4.6904937 ], [ -74.1700716, 4.6913056 ], [ -74.1714097, 4.6924525 ], [ -74.1720328, 4.6940316 ], [ -74.1722273, 4.6962338 ], [ -74.1624045, 4.7047612 ], [ -74.1605938, 4.7064401 ], [ -74.1546892, 4.7144461 ], [ -74.1528787, 4.7162686 ], [ -74.1463806, 4.7117306 ], [ -74.1461426, 4.7121141 ], [ -74.1460026, 4.7140296 ], [ -74.1456705, 4.7152271 ], [ -74.1449106, 4.7175267 ], [ -74.1451061, 4.7203035 ], [ -74.1441545, 4.7220767 ], [ -74.1430075, 4.721121 ], [ -74.1349276, 4.712324 ], [ -74.1310667, 4.715299 ], [ -74.123607, 4.721033 ], [ -74.1289147, 4.7273448 ], [ -74.1218571, 4.7309953 ], [ -74.1177929, 4.7263094 ], [ -74.1144078, 4.7285175 ], [ -74.1077624, 4.7212979 ], [ -74.1044265, 4.7244156 ], [ -74.1053829, 4.7255632 ], [ -74.1137007, 4.7339772 ], [ -74.1116086, 4.7389124 ], [ -74.1168284, 4.7421217 ], [ -74.1161808, 4.7416036 ], [ -74.1166566, 4.7407051 ], [ -74.1172523, 4.7401355 ] ] ] } },
{ "type": "Feature", "properties": { "id": 4, "CIAF-2": "4a", "DESCRIPCIO": "natural", "area ha": 828.449 }, "geometry": { "type": "MultiPolygon", "coordinates": [ [ [ [ -74.146504, 4.8719791 ], [ -74.1466216, 4.8709614 ], [ -74.1469768, 4.8692849 ], [ -74.1469748, 4.8680879 ], [ -74.1465555, 4.867131 ], [ -74.146912, 4.8662326 ], [ -74.1473896, 4.8664113 ], [ -74.1484647, 4.867008 ], [ -74.1491825, 4.8680841 ], [ -74.1505569, 4.869219 ], [ -74.1534855, 4.8720868 ], [ -74.146504, 4.8719791 ] ] ], [ [ [ -74.1595143, 4.8646173 ], [ -74.1606222, 4.8638879 ], [ -74.1622411, 4.8625157 ], [ -74.1660771, 4.8604123 ], [ -74.1665032, 4.860112 ], [ -74.1679525, 4.8594248 ], [ -74.1691452, 4.8583957 ], [ -74.1712325, 4.8565519 ], [ -74.1728514, 4.8552653 ], [ -74.1735759, 4.8548361 ], [ -74.1747696, 4.8543633 ], [ -74.1752811, 4.8541057 ], [ -74.1767721, 4.8528193 ], [ -74.1766847, 4.8516641 ], [ -74.1768554, 4.8516638 ], [ -74.1778342, 4.8502927 ], [ -74.1799618, 4.8471651 ], [ -74.1811939, 4.8442102 ], [ -74.183408, 4.8417671 ], [ -74.1842574, 4.8395832 ], [ -74.1856601, 4.8366709 ], [ -74.186893, 4.8342295 ], [ -74.1885535, 4.8323437 ], [ -74.1884683, 4.8323867 ], [ -74.1895071, 4.8287688 ], [ -74.1893709, 4.8240619 ], [ -74.1902648, 4.8229049 ], [ -74.1907736, 4.8211067 ], [ -74.1915839, 4.8209983 ], [ -74.1934791, 4.8191977 ], [ -74.1950285, 4.8148301 ], [ -74.1957309, 4.8139944 ], [ -74.1966882, 4.8125592 ], [ -74.1968567, 4.8112965 ], [ -74.1967281, 4.8109544 ], [ -74.1965141, 4.8105268 ], [ -74.1972583, 4.8091989 ], [ -74.1979613, 4.8087484 ], [ -74.1984939, 4.8083409 ], [ -74.1994952, 4.8076759 ], [ -74.1996009, 4.8071622 ], [ -74.2009205, 4.8055765 ], [ -74.201687, 4.8048049 ], [ -74.2023687, 4.8042902 ], [ -74.2024528, 4.8036268 ], [ -74.2024944, 4.8029848 ], [ -74.203047, 4.801914 ], [ -74.2036435, 4.8014636 ], [ -74.2041342, 4.8015483 ], [ -74.2037517, 4.8024049 ], [ -74.2036459, 4.802833 ], [ -74.2034973, 4.8032612 ], [ -74.2047361, 4.8042646 ], [ -74.2051424, 4.8048202 ], [ -74.2067346, 4.8066682 ], [ -74.2063308, 4.8075033 ], [ -74.2060972, 4.80806 ], [ -74.2055654, 4.8088526 ], [ -74.204905, 4.8093459 ], [ -74.2043532, 4.8108874 ], [ -74.2040988, 4.8117651 ], [ -74.2037801, 4.8124932 ], [ -74.2036742, 4.8129213 ], [ -74.2027378, 4.8141211 ], [ -74.2024411, 4.8151701 ], [ -74.2019735, 4.8161123 ], [ -74.2016759, 4.8166692 ], [ -74.2011227, 4.8174618 ], [ -74.2006967, 4.8178263 ], [ -74.2001852, 4.8180626 ], [ -74.1995883, 4.8182134 ], [ -74.1992472, 4.8183424 ], [ -74.1987998, 4.8186213 ], [ -74.1988864, 4.8193486 ], [ -74.1989088, 4.8199905 ], [ -74.1989534, 4.8210816 ], [ -74.1991254, 4.8218302 ], [ -74.1992119, 4.8225361 ], [ -74.1993203, 4.8235416 ], [ -74.1991723, 4.8242907 ], [ -74.1988753, 4.8251899 ], [ -74.1986632, 4.8258535 ], [ -74.1982807, 4.82671 ], [ -74.1978768, 4.8274596 ], [ -74.1975153, 4.8280808 ], [ -74.1971753, 4.8288088 ], [ -74.1964102, 4.8304149 ], [ -74.1959003, 4.8315284 ], [ -74.195497, 4.8326845 ], [ -74.1955832, 4.8331551 ], [ -74.1954351, 4.8338828 ], [ -74.1950739, 4.8346751 ], [ -74.1947337, 4.8352962 ], [ -74.1947348, 4.8359381 ], [ -74.1942255, 4.8374368 ], [ -74.1938851, 4.8379081 ], [ -74.1934806, 4.8383367 ], [ -74.1927363, 4.8396432 ], [ -74.1925459, 4.8405422 ], [ -74.1923763, 4.841163 ], [ -74.191994, 4.8420623 ], [ -74.1914833, 4.8427693 ], [ -74.1907815, 4.8439687 ], [ -74.1902925, 4.8448682 ], [ -74.1899093, 4.8453182 ], [ -74.1894852, 4.8467525 ], [ -74.1888467, 4.8475453 ], [ -74.1883792, 4.8485732 ], [ -74.1878262, 4.8494728 ], [ -74.1865717, 4.8518072 ], [ -74.1861039, 4.8526211 ], [ -74.1856361, 4.8534992 ], [ -74.1850826, 4.8541207 ], [ -74.1844649, 4.8545925 ], [ -74.1841453, 4.854807 ], [ -74.1832518, 4.8561779 ], [ -74.1826988, 4.8571203 ], [ -74.1816127, 4.8581493 ], [ -74.1805053, 4.8591354 ], [ -74.1798026, 4.8598855 ], [ -74.1791429, 4.860764 ], [ -74.1788876, 4.8611281 ], [ -74.1781638, 4.8619853 ], [ -74.177376, 4.8628211 ], [ -74.1764179, 4.8638712 ], [ -74.1757153, 4.8646213 ], [ -74.1740322, 4.8658011 ], [ -74.1727122, 4.8672583 ], [ -74.1711574, 4.8686304 ], [ -74.1700281, 4.8693599 ], [ -74.1688351, 4.8702606 ], [ -74.1672584, 4.8713117 ], [ -74.1666197, 4.8720403 ], [ -74.166561, 4.8721231 ], [ -74.1534466, 4.8721472 ], [ -74.1595143, 4.8646173 ] ] ] ] } },
{ "type": "Feature", "properties": { "id": 1, "CIAF-2": "1b", "DESCRIPCIO": "rural", "area ha": 62.3 }, "geometry": { "type": "Polygon", "coordinates": [ [ [ -74.1613872, 4.7338643 ], [ -74.1622289, 4.7377832 ], [ -74.1511133, 4.7441761 ], [ -74.1497648, 4.7404076 ], [ -74.1613872, 4.7338643 ] ] ] } },
{ "type": "Feature", "properties": { "id": 1, "CIAF-2": "1b", "DESCRIPCIO": "rural", "area ha": 78.034 }, "geometry": { "type": "Polygon", "coordinates": [ [ [ -74.155571, 4.7520691 ], [ -74.1599354, 4.757628 ], [ -74.1583885, 4.7601144 ], [ -74.1618541, 4.7633406 ], [ -74.1652793, 4.7601926 ], [ -74.168059, 4.7634797 ], [ -74.162697, 4.767858 ], [ -74.1620701, 4.7676196 ], [ -74.1583363, 4.7645735 ], [ -74.1588128, 4.7641238 ], [ -74.1603013, 4.7623556 ], [ -74.1575837, 4.7605048 ], [ -74.1533689, 4.7552449 ], [ -74.155571, 4.7520691 ] ] ] } },
{ "type": "Feature", "properties": { "id": 1, "CIAF-2": "1b", "DESCRIPCIO": "rural", "area ha": 2.729 }, "geometry": { "type": "Polygon", "coordinates": [ [ [ -74.1714085, 4.7109991 ], [ -74.1723951, 4.7123141 ], [ -74.1713824, 4.7131837 ], [ -74.1703658, 4.711719 ], [ -74.1714085, 4.7109991 ] ] ] } },
{ "type": "Feature", "properties": { "id": 1, "CIAF-2": "1b", "DESCRIPCIO": "rural", "area ha": 3.581 }, "geometry": { "type": "Polygon", "coordinates": [ [ [ -74.1723096, 4.7147383 ], [ -74.1728778, 4.7155752 ], [ -74.1723727, 4.7167731 ], [ -74.171807, 4.7173726 ], [ -74.1710301, 4.716536 ], [ -74.1713274, 4.7159968 ], [ -74.1714154, 4.715069 ], [ -74.1715641, 4.7148592 ], [ -74.1720711, 4.7147985 ], [ -74.1723096, 4.7147383 ] ] ] } },
{ "type": "Feature", "properties": { "id": 2, "CIAF-2": "2c", "DESCRIPCIO": "confinados", "area ha": 5.427 }, "geometry": { "type": "Polygon", "coordinates": [ [ [ -74.2405237, 4.7767143 ], [ -74.239318, 4.7780631 ], [ -74.2373317, 4.7765555 ], [ -74.2385225, 4.7752516 ], [ -74.2405237, 4.7767143 ] ] ] } },
{ "type": "Feature", "properties": { "id": 1, "CIAF-2": "1b", "DESCRIPCIO": "rural", "area ha": 2.083 }, "geometry": { "type": "Polygon", "coordinates": [ [ [ -74.1694822, 4.7671881 ], [ -74.1697512, 4.7674869 ], [ -74.1696026, 4.7678163 ], [ -74.1692453, 4.768206 ], [ -74.1691268, 4.7687448 ], [ -74.1684704, 4.7686562 ], [ -74.1678431, 4.7681485 ], [ -74.168081, 4.7676693 ], [ -74.1685282, 4.7675488 ], [ -74.1694822, 4.7671881 ] ] ] } },
{ "type": "Feature", "properties": { "id": 1, "CIAF-2": "1a", "DESCRIPCIO": "urbano", "area ha": 345.872 }, "geometry": { "type": "Polygon", "coordinates": [ [ [ -74.3581186, 4.8251029 ], [ -74.3562158, 4.8246298 ], [ -74.3527497, 4.8236146 ], [ -74.3504386, 4.8227335 ], [ -74.3479232, 4.8216483 ], [ -74.3470388, 4.8209005 ], [ -74.3446569, 4.8185886 ], [ -74.3442472, 4.8174993 ], [ -74.3447185, 4.8153861 ], [ -74.344854, 4.8151814 ], [ -74.3470225, 4.8126561 ], [ -74.3472913, 4.8111566 ], [ -74.3478282, 4.807885 ], [ -74.3513191, 4.8051307 ], [ -74.3511681, 4.8048565 ], [ -74.3514053, 4.8041379 ], [ -74.3522148, 4.8032266 ], [ -74.3528811, 4.8022677 ], [ -74.3530714, 4.8019322 ], [ -74.3533571, 4.8015965 ], [ -74.3549762, 4.7997739 ], [ -74.3561673, 4.7987182 ], [ -74.3577883, 4.7978532 ], [ -74.3579314, 4.797805 ], [ -74.3584561, 4.7976603 ], [ -74.3590764, 4.7976112 ], [ -74.3596362, 4.7969417 ], [ -74.359637, 4.797339 ], [ -74.3595893, 4.7974905 ], [ -74.3596724, 4.8153488 ], [ -74.3596913, 4.8250739 ], [ -74.3581186, 4.8251029 ] ] ] } },
{ "type": "Feature", "properties": { "id": 6, "CIAF-2": "6a", "DESCRIPCIO": "rocas expuestas", "area ha": 265.201 }, "geometry": { "type": "Polygon", "coordinates": [ [ [ -74.2808404, 4.688943 ], [ -74.281523, 4.6908496 ], [ -74.2809143, 4.6922135 ], [ -74.2809155, 4.6928949 ], [ -74.2814624, 4.6948699 ], [ -74.2813282, 4.6957559 ], [ -74.2807869, 4.6968471 ], [ -74.280518, 4.6983467 ], [ -74.2824901, 4.6997739 ], [ -74.2843256, 4.7007926 ], [ -74.2856889, 4.7035156 ], [ -74.2861686, 4.7058996 ], [ -74.285832, 4.7074674 ], [ -74.2853583, 4.7084222 ], [ -74.2642113, 4.69422 ], [ -74.261149, 4.6907505 ], [ -74.2648831, 4.6901305 ], [ -74.2665815, 4.6904681 ], [ -74.2700437, 4.6897123 ], [ -74.2728267, 4.6888895 ], [ -74.2769684, 4.688405 ], [ -74.2789383, 4.6886058 ], [ -74.2807725, 4.6889431 ], [ -74.2808404, 4.688943 ] ] ] } },
{ "type": "Feature", "properties": { "id": 1, "CIAF-2": "1b", "DESCRIPCIO": "rural", "area ha": 4.351 }, "geometry": { "type": "Polygon", "coordinates": [ [ [ -74.3358803, 4.7912839 ], [ -74.3347466, 4.7911665 ], [ -74.3346266, 4.7908375 ], [ -74.3347458, 4.7907625 ], [ -74.3348461, 4.7907526 ], [ -74.3351628, 4.7904475 ], [ -74.3361468, 4.790266 ], [ -74.336833, 4.7903245 ], [ -74.3377579, 4.7904125 ], [ -74.3381458, 4.7904716 ], [ -74.3383548, 4.7906208 ], [ -74.3385651, 4.7913685 ], [ -74.3384163, 4.7915184 ], [ -74.3383865, 4.7915484 ], [ -74.3360414, 4.7912836 ], [ -74.3358803, 4.7912839 ] ] ] } },
{ "type": "Feature", "properties": { "id": 1, "CIAF-2": "1b", "DESCRIPCIO": "rural", "area ha": 45.861 }, "geometry": { "type": "Polygon", "coordinates": [ [ [ -74.3349871, 4.7840731 ], [ -74.3357332, 4.7835607 ], [ -74.3375336, 4.7837956 ], [ -74.3383149, 4.7838963 ], [ -74.3394703, 4.7843029 ], [ -74.3401515, 4.7853576 ], [ -74.3398824, 4.7866868 ], [ -74.3393746, 4.7874714 ], [ -74.3393067, 4.7875056 ], [ -74.3389024, 4.7891417 ], [ -74.3390056, 4.7898228 ], [ -74.3393812, 4.7908782 ], [ -74.3400965, 4.7920011 ], [ -74.340302, 4.7928524 ], [ -74.3412919, 4.7954396 ], [ -74.3416329, 4.7961884 ], [ -74.3419053, 4.7965286 ], [ -74.3432317, 4.797548 ], [ -74.3438438, 4.7979556 ], [ -74.3446944, 4.7987375 ], [ -74.3453757, 4.7997923 ], [ -74.3456836, 4.800984 ], [ -74.3455478, 4.8009843 ], [ -74.3444605, 4.8007139 ], [ -74.3426924, 4.7996272 ], [ -74.3426575, 4.7991163 ], [ -74.3425533, 4.7979241 ], [ -74.3423493, 4.7978223 ], [ -74.3408201, 4.7973483 ], [ -74.3394248, 4.795818 ], [ -74.3389137, 4.7949673 ], [ -74.3387411, 4.7935368 ], [ -74.3385344, 4.7920041 ], [ -74.3381233, 4.7901652 ], [ -74.337712, 4.7882582 ], [ -74.3367936, 4.7874764 ], [ -74.3362829, 4.7867961 ], [ -74.3358058, 4.7859453 ], [ -74.3355327, 4.7852304 ], [ -74.3351574, 4.7843454 ], [ -74.3349871, 4.7840731 ] ] ] } },
{ "type": "Feature", "properties": { "id": 1, "CIAF-2": "1b", "DESCRIPCIO": "rural", "area ha": 0.454 }, "geometry": { "type": "Polygon", "coordinates": [ [ [ -74.2099856, 4.8561247 ], [ -74.2100038, 4.8568061 ], [ -74.2094603, 4.856773 ], [ -74.2094421, 4.8560916 ], [ -74.2099856, 4.8561247 ] ] ] } },
{ "type": "Feature", "properties": { "id": 1, "CIAF-2": "1b", "DESCRIPCIO": "rural", "area ha": 0.42 }, "geometry": { "type": "Polygon", "coordinates": [ [ [ -74.1329638, 4.8636177 ], [ -74.1328289, 4.8641972 ], [ -74.1323531, 4.8639935 ], [ -74.1326914, 4.8631753 ], [ -74.1329638, 4.8635837 ], [ -74.1329638, 4.8636177 ] ] ] } },
{ "type": "Feature", "properties": { "id": 1, "CIAF-2": "1b", "DESCRIPCIO": "rural", "area ha": 0.806 }, "geometry": { "type": "Polygon", "coordinates": [ [ [ -74.1372949, 4.8536618 ], [ -74.1366847, 4.8544124 ], [ -74.1361744, 4.8539022 ], [ -74.1366149, 4.8532541 ], [ -74.1372949, 4.8536618 ] ] ] } },
{ "type": "Feature", "properties": { "id": 1, "CIAF-2": "1b", "DESCRIPCIO": "rural", "area ha": 4.667 }, "geometry": { "type": "Polygon", "coordinates": [ [ [ -74.2604243, 4.7455118 ], [ -74.2613787, 4.7474179 ], [ -74.2597497, 4.7480001 ], [ -74.2586592, 4.7458898 ], [ -74.2602888, 4.7456483 ], [ -74.2604243, 4.7455118 ] ] ] } },
{ "type": "Feature", "properties": { "id": 1, "CIAF-2": "1b", "DESCRIPCIO": "rural", "area ha": 14.495 }, "geometry": { "type": "Polygon", "coordinates": [ [ [ -74.2523011, 4.7416427 ], [ -74.254311, 4.7451482 ], [ -74.2508823, 4.7458017 ], [ -74.2494167, 4.7428403 ], [ -74.2523011, 4.7416427 ] ] ] } },
{ "type": "Feature", "properties": { "id": 1, "CIAF-2": "1b", "DESCRIPCIO": "rural", "area ha": 74.423 }, "geometry": { "type": "Polygon", "coordinates": [ [ [ -74.2119025, 4.7490738 ], [ -74.21327, 4.7543182 ], [ -74.2062092, 4.7559659 ], [ -74.2042954, 4.7490871 ], [ -74.2140704, 4.7459356 ], [ -74.2146171, 4.7478425 ], [ -74.2119025, 4.7490738 ] ] ] } },
{ "type": "Feature", "properties": { "id": 1, "CIAF-2": "1b", "DESCRIPCIO": "rural", "area ha": 19.002 }, "geometry": { "type": "Polygon", "coordinates": [ [ [ -74.218494, 4.6925744 ], [ -74.2203994, 4.6947856 ], [ -74.2167371, 4.697688 ], [ -74.2133076, 4.6977961 ], [ -74.218494, 4.6925744 ] ] ] } },
{ "type": "Feature", "properties": { "id": 1, "CIAF-2": "1b", "DESCRIPCIO": "rural", "area ha": 49.079 }, "geometry": { "type": "Polygon", "coordinates": [ [ [ -74.2615612, 4.8468316 ], [ -74.2635347, 4.8488039 ], [ -74.2638764, 4.8498935 ], [ -74.2638798, 4.8517332 ], [ -74.2622493, 4.8516 ], [ -74.261229, 4.8508523 ], [ -74.2594623, 4.8505831 ], [ -74.2582378, 4.8496314 ], [ -74.2585718, 4.8465646 ], [ -74.2582944, 4.8434989 ], [ -74.2584263, 4.8413182 ], [ -74.2584227, 4.8394103 ], [ -74.2592379, 4.8394088 ], [ -74.2609367, 4.8397463 ], [ -74.2608711, 4.8410411 ], [ -74.2615612, 4.8468316 ] ] ] } },
{ "type": "Feature", "properties": { "id": 1, "CIAF-2": "1b", "DESCRIPCIO": "rural", "area ha": 28.583 }, "geometry": { "type": "Polygon", "coordinates": [ [ [ -74.1522311, 4.7778124 ], [ -74.1521289, 4.7776423 ], [ -74.1523322, 4.7773693 ], [ -74.1530785, 4.776857 ], [ -74.1543004, 4.776378 ], [ -74.1558282, 4.7761369 ], [ -74.1620472, 4.7784432 ], [ -74.160489, 4.7808989 ], [ -74.1522311, 4.7778124 ] ] ] } },
{ "type": "Feature", "properties": { "id": 1, "CIAF-2": "1b", "DESCRIPCIO": "rural", "area ha": 97.799 }, "geometry": { "type": "Polygon", "coordinates": [ [ [ -74.1415007, 4.7582738 ], [ -74.1444967, 4.7627321 ], [ -74.147177, 4.7611604 ], [ -74.150954, 4.7655151 ], [ -74.14858, 4.7674952 ], [ -74.1503497, 4.7697409 ], [ -74.1510299, 4.7702848 ], [ -74.1465901, 4.7758458 ], [ -74.1447897, 4.7755762 ], [ -74.1448899, 4.774588 ], [ -74.1485867, 4.7715155 ], [ -74.1468161, 4.7687928 ], [ -74.1432792, 4.7658345 ], [ -74.1414758, 4.7637251 ], [ -74.1400508, 4.7645793 ], [ -74.1368522, 4.7608027 ], [ -74.1415007, 4.7582738 ] ] ] } },
{ "type": "Feature", "properties": { "id": 1, "CIAF-2": "1b", "DESCRIPCIO": "rural", "area ha": 38.828 }, "geometry": { "type": "Polygon", "coordinates": [ [ [ -74.1407721, 4.7489055 ], [ -74.144242, 4.7524772 ], [ -74.1398333, 4.7562323 ], [ -74.1372121, 4.7524548 ], [ -74.1383314, 4.7516012 ], [ -74.1362556, 4.7490493 ], [ -74.1379856, 4.7478199 ], [ -74.1394154, 4.749964 ], [ -74.1407721, 4.7489055 ] ] ] } },
{ "type": "Feature", "properties": { "id": 1, "CIAF-2": "1b", "DESCRIPCIO": "rural", "area ha": 24.132 }, "geometry": { "type": "Polygon", "coordinates": [ [ [ -74.1904242, 4.7301171 ], [ -74.1866954, 4.7340416 ], [ -74.1842443, 4.7305025 ], [ -74.1879069, 4.7276002 ], [ -74.1904242, 4.7301171 ] ] ] } },
{ "type": "Feature", "properties": { "id": 1, "CIAF-2": "1b", "DESCRIPCIO": "rural", "area ha": 6.506 }, "geometry": { "type": "Polygon", "coordinates": [ [ [ -74.2914316, 4.756101 ], [ -74.2900424, 4.757773 ], [ -74.2876288, 4.7564488 ], [ -74.2889507, 4.7550836 ], [ -74.2914316, 4.756101 ] ] ] } },
{ "type": "Feature", "properties": { "id": 1, "CIAF-2": "1b", "DESCRIPCIO": "rural", "area ha": 21.355 }, "geometry": { "type": "Polygon", "coordinates": [ [ [ -74.3066395, 4.7530061 ], [ -74.3058987, 4.7563463 ], [ -74.3010062, 4.755095 ], [ -74.3026293, 4.7513784 ], [ -74.3066395, 4.7530061 ] ] ] } },
{ "type": "Feature", "properties": { "id": 2, "CIAF-2": "2b", "DESCRIPCIO": "temporal", "area ha": 53029.752 }, "geometry": { "type": "Polygon", "coordinates": [ [ [ -74.344854, 4.8151814 ], [ -74.3447185, 4.8153861 ], [ -74.3442472, 4.8174993 ], [ -74.3446569, 4.8185886 ], [ -74.3470388, 4.8209005 ], [ -74.3479232, 4.8216483 ], [ -74.3504386, 4.8227335 ], [ -74.3527497, 4.8236146 ], [ -74.3562158, 4.8246298 ], [ -74.3581186, 4.8251029 ], [ -74.3596913, 4.8250739 ], [ -74.359782, 4.871767 ], [ -74.166561, 4.8721231 ], [ -74.1666197, 4.8720403 ], [ -74.1672584, 4.8713117 ], [ -74.1688351, 4.8702606 ], [ -74.1700281, 4.8693599 ], [ -74.1711574, 4.8686304 ], [ -74.1727122, 4.8672583 ], [ -74.1740322, 4.8658011 ], [ -74.1757153, 4.8646213 ], [ -74.1764179, 4.8638712 ], [ -74.177376, 4.8628211 ], [ -74.1781638, 4.8619853 ], [ -74.1788876, 4.8611281 ], [ -74.1791429, 4.860764 ], [ -74.1798026, 4.8598855 ], [ -74.1805053, 4.8591354 ], [ -74.1816127, 4.8581493 ], [ -74.1826988, 4.8571203 ], [ -74.1832518, 4.8561779 ], [ -74.1841453, 4.854807 ], [ -74.1844649, 4.8545925 ], [ -74.1850826, 4.8541207 ], [ -74.1856361, 4.8534992 ], [ -74.1861039, 4.8526211 ], [ -74.1865717, 4.8518072 ], [ -74.1878262, 4.8494728 ], [ -74.1883792, 4.8485732 ], [ -74.1888467, 4.8475453 ], [ -74.1894852, 4.8467525 ], [ -74.1899093, 4.8453182 ], [ -74.1902925, 4.8448682 ], [ -74.1907815, 4.8439687 ], [ -74.1914833, 4.8427693 ], [ -74.191994, 4.8420623 ], [ -74.1923763, 4.841163 ], [ -74.1925459, 4.8405422 ], [ -74.1927363, 4.8396432 ], [ -74.1934806, 4.8383367 ], [ -74.1938851, 4.8379081 ], [ -74.1942255, 4.8374368 ], [ -74.1947348, 4.8359381 ], [ -74.1947337, 4.8352962 ], [ -74.1950739, 4.8346751 ], [ -74.1954351, 4.8338828 ], [ -74.1955832, 4.8331551 ], [ -74.195497, 4.8326845 ], [ -74.1959003, 4.8315284 ], [ -74.1964102, 4.8304149 ], [ -74.1971753, 4.8288088 ], [ -74.1975153, 4.8280808 ], [ -74.1978768, 4.8274596 ], [ -74.1982807, 4.82671 ], [ -74.1986632, 4.8258535 ], [ -74.1988753, 4.8251899 ], [ -74.1991723, 4.8242907 ], [ -74.1993203, 4.8235416 ], [ -74.1992119, 4.8225361 ], [ -74.1991254, 4.8218302 ], [ -74.1989534, 4.8210816 ], [ -74.1989088, 4.8199905 ], [ -74.1988864, 4.8193486 ], [ -74.1987998, 4.8186213 ], [ -74.1992472, 4.8183424 ], [ -74.1995883, 4.8182134 ], [ -74.2001852, 4.8180626 ], [ -74.2006967, 4.8178263 ], [ -74.2011227, 4.8174618 ], [ -74.2016759, 4.8166692 ], [ -74.2019735, 4.8161123 ], [ -74.2024411, 4.8151701 ], [ -74.2027378, 4.8141211 ], [ -74.2036742, 4.8129213 ], [ -74.2037801, 4.8124932 ], [ -74.2040988, 4.8117651 ], [ -74.2043532, 4.8108874 ], [ -74.204905, 4.8093459 ], [ -74.2055654, 4.8088526 ], [ -74.2060972, 4.80806 ], [ -74.2063308, 4.8075033 ], [ -74.2067346, 4.8066682 ], [ -74.2051424, 4.8048202 ], [ -74.2047361, 4.8042646 ], [ -74.2034973, 4.8032612 ], [ -74.2036459, 4.802833 ], [ -74.2037517, 4.8024049 ], [ -74.2041342, 4.8015483 ], [ -74.2036435, 4.8014636 ], [ -74.203047, 4.801914 ], [ -74.2024944, 4.8029848 ], [ -74.2024528, 4.8036268 ], [ -74.2023687, 4.8042902 ], [ -74.201687, 4.8048049 ], [ -74.2009205, 4.8055765 ], [ -74.1996009, 4.8071622 ], [ -74.1994952, 4.8076759 ], [ -74.1984939, 4.8083409 ], [ -74.1979613, 4.8087484 ], [ -74.1972583, 4.8091989 ], [ -74.1965141, 4.8105268 ], [ -74.1967281, 4.8109544 ], [ -74.1968567, 4.8112965 ], [ -74.1966882, 4.8125592 ], [ -74.1957309, 4.8139944 ], [ -74.1950285, 4.8148301 ], [ -74.1934791, 4.8191977 ], [ -74.1915839, 4.8209983 ], [ -74.1907736, 4.8211067 ], [ -74.1902648, 4.8229049 ], [ -74.1893709, 4.8240619 ], [ -74.1895071, 4.8287688 ], [ -74.1884683, 4.8323867 ], [ -74.1885535, 4.8323437 ], [ -74.186893, 4.8342295 ], [ -74.1856601, 4.8366709 ], [ -74.1842574, 4.8395832 ], [ -74.183408, 4.8417671 ], [ -74.1811939, 4.8442102 ], [ -74.1799618, 4.8471651 ], [ -74.1778342, 4.8502927 ], [ -74.1768554, 4.8516638 ], [ -74.1766847, 4.8516641 ], [ -74.1767721, 4.8528193 ], [ -74.1752811, 4.8541057 ], [ -74.1747696, 4.8543633 ], [ -74.1735759, 4.8548361 ], [ -74.1728514, 4.8552653 ], [ -74.1712325, 4.8565519 ], [ -74.1691452, 4.8583957 ], [ -74.1679525, 4.8594248 ], [ -74.1665032, 4.860112 ], [ -74.1660771, 4.8604123 ], [ -74.1622411, 4.8625157 ], [ -74.1606222, 4.8638879 ], [ -74.1595143, 4.8646173 ], [ -74.1534466, 4.8721472 ], [ -74.1164946, 4.8722153 ], [ -74.0875528, 4.8638809 ], [ -74.0943591, 4.8657641 ], [ -74.0938948, 4.86556 ], [ -74.0942039, 4.8648173 ], [ -74.0943213, 4.8636679 ], [ -74.0942485, 4.8629019 ], [ -74.0940791, 4.8614657 ], [ -74.0940516, 4.8592392 ], [ -74.0942657, 4.8587601 ], [ -74.0952169, 4.8566038 ], [ -74.0965265, 4.8546385 ], [ -74.0968121, 4.8541832 ], [ -74.0973813, 4.8519078 ], [ -74.0976883, 4.8498723 ], [ -74.0982356, 4.8488898 ], [ -74.0992595, 4.8473799 ], [ -74.0997117, 4.8465651 ], [ -74.1004504, 4.8458457 ], [ -74.1014994, 4.8451497 ], [ -74.1026907, 4.8438549 ], [ -74.103572, 4.8427283 ], [ -74.1046444, 4.8417449 ], [ -74.1055264, 4.8410971 ], [ -74.1063126, 4.840186 ], [ -74.107075, 4.8393947 ], [ -74.108457, 4.8380039 ], [ -74.1109357, 4.8358451 ], [ -74.1116751, 4.8355327 ], [ -74.1121993, 4.8350051 ], [ -74.1126753, 4.8342143 ], [ -74.113843, 4.8330871 ], [ -74.1140088, 4.8323207 ], [ -74.1143184, 4.8319611 ], [ -74.1149613, 4.8310264 ], [ -74.1153662, 4.830475 ], [ -74.1159613, 4.8295164 ], [ -74.117032, 4.8275276 ], [ -74.1174834, 4.8262819 ], [ -74.1178397, 4.8252039 ], [ -74.1180056, 4.8244854 ], [ -74.1184101, 4.8237426 ], [ -74.1186241, 4.8232634 ], [ -74.1192416, 4.8214429 ], [ -74.1194793, 4.820844 ], [ -74.1197156, 4.8193832 ], [ -74.1203094, 4.8176585 ], [ -74.1216652, 4.8148791 ], [ -74.1218562, 4.8148787 ], [ -74.1225007, 4.8149734 ], [ -74.1234078, 4.8151156 ], [ -74.1241482, 4.8154017 ], [ -74.1247686, 4.8153767 ], [ -74.1252935, 4.8152561 ], [ -74.1257465, 4.814992 ], [ -74.1259606, 4.8145368 ], [ -74.1262225, 4.8141533 ], [ -74.1265554, 4.8134345 ], [ -74.1268892, 4.8132185 ], [ -74.1278665, 4.8125226 ], [ -74.128438, 4.8117555 ], [ -74.1291285, 4.8107249 ], [ -74.1293896, 4.8098866 ], [ -74.1298178, 4.809024 ], [ -74.1301022, 4.8078504 ], [ -74.130434, 4.8064373 ], [ -74.1315754, 4.8039216 ], [ -74.1324568, 4.8029147 ], [ -74.132814, 4.8024592 ], [ -74.1337703, 4.8034631 ], [ -74.1337698, 4.8031519 ], [ -74.1336716, 4.8015001 ], [ -74.1334784, 4.8001358 ], [ -74.1336918, 4.7992975 ], [ -74.1342163, 4.7989375 ], [ -74.1351459, 4.7982417 ], [ -74.13598, 4.7975221 ], [ -74.1364794, 4.7964918 ], [ -74.1368357, 4.7954617 ], [ -74.1380755, 4.7947175 ], [ -74.1397924, 4.7938767 ], [ -74.1416517, 4.7925569 ], [ -74.1428674, 4.791693 ], [ -74.143153, 4.7912376 ], [ -74.1422199, 4.7898267 ], [ -74.1421001, 4.7895635 ], [ -74.1432196, 4.7882449 ], [ -74.1444359, 4.787764 ], [ -74.1451974, 4.7864221 ], [ -74.1453878, 4.7861345 ], [ -74.1459116, 4.7853675 ], [ -74.1466017, 4.7842172 ], [ -74.1470054, 4.7829955 ], [ -74.1479814, 4.7815335 ], [ -74.1491968, 4.7804781 ], [ -74.1512225, 4.7787988 ], [ -74.1512684, 4.7777453 ], [ -74.1511724, 4.7774103 ], [ -74.149431, 4.7778442 ], [ -74.1493611, 4.7788498 ], [ -74.1482409, 4.7796896 ], [ -74.1471681, 4.7803857 ], [ -74.1450461, 4.7815623 ], [ -74.1442605, 4.7827368 ], [ -74.1430932, 4.7839597 ], [ -74.1423305, 4.7845355 ], [ -74.1413534, 4.7853751 ], [ -74.1409009, 4.7859744 ], [ -74.1396852, 4.7868143 ], [ -74.1384694, 4.7876064 ], [ -74.1366085, 4.7879207 ], [ -74.1359168, 4.7881852 ], [ -74.1352974, 4.7888327 ], [ -74.1333207, 4.7913258 ], [ -74.1330841, 4.7925472 ], [ -74.1328236, 4.7937925 ], [ -74.1318715, 4.7953503 ], [ -74.1314199, 4.7964523 ], [ -74.1308939, 4.7958547 ], [ -74.1312252, 4.7941543 ], [ -74.131676, 4.7925256 ], [ -74.1319378, 4.7921181 ], [ -74.1321738, 4.7905137 ], [ -74.1320543, 4.7904181 ], [ -74.1318627, 4.7899636 ], [ -74.1318618, 4.7894129 ], [ -74.1315978, 4.7885036 ], [ -74.1313582, 4.7879773 ], [ -74.130165, 4.7880032 ], [ -74.128782, 4.7886759 ], [ -74.1266128, 4.7902356 ], [ -74.1259474, 4.7919844 ], [ -74.1259054, 4.7920314 ], [ -74.1255076, 4.7905778 ], [ -74.1228772, 4.7873501 ], [ -74.1204901, 4.7869949 ], [ -74.1176863, 4.7872389 ], [ -74.1153026, 4.7889785 ], [ -74.1126228, 4.7920952 ], [ -74.1122068, 4.7931134 ], [ -74.1105989, 4.7949714 ], [ -74.1093483, 4.7964099 ], [ -74.1078599, 4.7983875 ], [ -74.1067279, 4.7994068 ], [ -74.1046983, 4.7987517 ], [ -74.1032653, 4.7980957 ], [ -74.0986734, 4.7994797 ], [ -74.0980195, 4.8010369 ], [ -74.0977242, 4.8028929 ], [ -74.0977863, 4.8044489 ], [ -74.0988041, 4.806602 ], [ -74.0994027, 4.8077981 ], [ -74.1001801, 4.8089341 ], [ -74.1016139, 4.8100689 ], [ -74.1025102, 4.8109054 ], [ -74.102572, 4.8122221 ], [ -74.101858, 4.8134203 ], [ -74.1003689, 4.8150388 ], [ -74.0994765, 4.8166562 ], [ -74.0990017, 4.8182132 ], [ -74.0985861, 4.8194708 ], [ -74.0982903, 4.8210873 ], [ -74.097875, 4.8225244 ], [ -74.0975785, 4.8236621 ], [ -74.0970427, 4.8244411 ], [ -74.0965063, 4.824801 ], [ -74.0961483, 4.8248016 ], [ -74.0951331, 4.8242646 ], [ -74.0942369, 4.8234879 ], [ -74.0933999, 4.8224718 ], [ -74.0920257, 4.8212769 ], [ -74.0909503, 4.8203809 ], [ -74.0902331, 4.8196638 ], [ -74.0900538, 4.8194845 ], [ -74.089217, 4.8185282 ], [ -74.0889169, 4.8174513 ], [ -74.0887967, 4.8169128 ], [ -74.0882587, 4.8162553 ], [ -74.0878407, 4.8160166 ], [ -74.0876621, 4.8163161 ], [ -74.0867086, 4.8170359 ], [ -74.086351, 4.8172759 ], [ -74.0856947, 4.8172769 ], [ -74.0846794, 4.81668 ], [ -74.0846781, 4.815842 ], [ -74.0851531, 4.8144048 ], [ -74.0851508, 4.8129085 ], [ -74.0851493, 4.8120107 ], [ -74.0846709, 4.8112932 ], [ -74.0836559, 4.8108758 ], [ -74.0829946, 4.8109654 ], [ -74.0828842, 4.7402896 ], [ -74.0829542, 4.7579913 ], [ -74.0830319, 4.758081 ], [ -74.0837939, 4.7569785 ], [ -74.085177, 4.7563299 ], [ -74.0861072, 4.7560172 ], [ -74.0865368, 4.7560165 ], [ -74.0879212, 4.7562058 ], [ -74.089425, 4.7564189 ], [ -74.0904751, 4.7564891 ], [ -74.0919188, 4.7563902 ], [ -74.0916255, 4.7570551 ], [ -74.0916888, 4.7593893 ], [ -74.0923486, 4.7615729 ], [ -74.0933647, 4.7627683 ], [ -74.094798, 4.7636938 ], [ -74.0990339, 4.7636271 ], [ -74.1009097, 4.7614096 ], [ -74.1016188, 4.757129 ], [ -74.099975, 4.7557277 ], [ -74.0999957, 4.7557078 ], [ -74.1005195, 4.7549409 ], [ -74.1003759, 4.7546538 ], [ -74.1003266, 4.7536962 ], [ -74.1005653, 4.7536958 ], [ -74.1013766, 4.7536945 ], [ -74.1022839, 4.7539325 ], [ -74.103048, 4.7542665 ], [ -74.1033826, 4.7545532 ], [ -74.1043857, 4.7550304 ], [ -74.1052458, 4.7556994 ], [ -74.1057721, 4.7565126 ], [ -74.106108, 4.7576133 ], [ -74.1072081, 4.7590959 ], [ -74.1076397, 4.760388 ], [ -74.1083805, 4.7609614 ], [ -74.1092392, 4.7607206 ], [ -74.1097155, 4.7601453 ], [ -74.1097866, 4.759786 ], [ -74.1100481, 4.759211 ], [ -74.1103815, 4.7587317 ], [ -74.1110483, 4.7578687 ], [ -74.1112619, 4.7571262 ], [ -74.1106157, 4.756002 ], [ -74.1100176, 4.7550214 ], [ -74.1094671, 4.7540407 ], [ -74.1087263, 4.7533715 ], [ -74.1081756, 4.7522232 ], [ -74.1078645, 4.751721 ], [ -74.1077444, 4.7512184 ], [ -74.1082456, 4.7512655 ], [ -74.108568, 4.7514206 ], [ -74.1087591, 4.751516 ], [ -74.1090455, 4.7515515 ], [ -74.1092484, 4.7515751 ], [ -74.1096301, 4.7515027 ], [ -74.1100002, 4.7516457 ], [ -74.1107522, 4.7518121 ], [ -74.1111101, 4.7517636 ], [ -74.1113487, 4.7517393 ], [ -74.1114441, 4.7517032 ], [ -74.1119209, 4.7514032 ], [ -74.1122068, 4.7510795 ], [ -74.1125404, 4.7508156 ], [ -74.1125642, 4.7507917 ], [ -74.1131482, 4.7503478 ], [ -74.1134466, 4.7503832 ], [ -74.1138883, 4.7505501 ], [ -74.114521, 4.7507167 ], [ -74.115285, 4.7509549 ], [ -74.1156073, 4.7510501 ], [ -74.1165863, 4.7513837 ], [ -74.1158017, 4.7531805 ], [ -74.1184277, 4.7537748 ], [ -74.1216742, 4.754392 ], [ -74.1229871, 4.7546772 ], [ -74.1246342, 4.7549378 ], [ -74.1261374, 4.7548396 ], [ -74.1274261, 4.7548375 ], [ -74.1274018, 4.7545502 ], [ -74.1271626, 4.7542394 ], [ -74.1264213, 4.7533069 ], [ -74.1260613, 4.7520626 ], [ -74.1258458, 4.751608 ], [ -74.1254873, 4.7512256 ], [ -74.1250613, 4.7497479 ], [ -74.1248459, 4.7494011 ], [ -74.1245946, 4.7489107 ], [ -74.1245228, 4.7487792 ], [ -74.124289, 4.7486192 ], [ -74.1243654, 4.7486081 ], [ -74.124425, 4.7485481 ], [ -74.1244994, 4.7484433 ], [ -74.1246782, 4.7483233 ], [ -74.1247676, 4.7482633 ], [ -74.1249762, 4.7481732 ], [ -74.1251403, 4.7481729 ], [ -74.1254386, 4.7481874 ], [ -74.125722, 4.7482168 ], [ -74.1260058, 4.7484558 ], [ -74.1262298, 4.7486499 ], [ -74.1264094, 4.7490387 ], [ -74.1266642, 4.7497565 ], [ -74.1267693, 4.7501753 ], [ -74.1270235, 4.7505938 ], [ -74.1271729, 4.7507881 ], [ -74.1275165, 4.7510719 ], [ -74.1279493, 4.7512657 ], [ -74.1282329, 4.7514298 ], [ -74.1287849, 4.7514887 ], [ -74.129471, 4.7515176 ], [ -74.1296499, 4.7514275 ], [ -74.1297988, 4.7512926 ], [ -74.1299178, 4.7510979 ], [ -74.1299621, 4.7508284 ], [ -74.1299618, 4.7506489 ], [ -74.1297824, 4.7503649 ], [ -74.1297376, 4.750365 ], [ -74.1293203, 4.7505302 ], [ -74.1286938, 4.7505313 ], [ -74.1283656, 4.750442 ], [ -74.1280372, 4.750263 ], [ -74.1280067, 4.749874 ], [ -74.1279166, 4.7494851 ], [ -74.1278262, 4.7489466 ], [ -74.1278851, 4.7484677 ], [ -74.128004, 4.7481981 ], [ -74.1285396, 4.7474192 ], [ -74.128629, 4.7473293 ], [ -74.1291954, 4.7470889 ], [ -74.1301497, 4.7469677 ], [ -74.131194, 4.7471156 ], [ -74.1320588, 4.7469645 ], [ -74.132327, 4.7467845 ], [ -74.1326844, 4.7464847 ], [ -74.1325042, 4.7457069 ], [ -74.1324441, 4.7454377 ], [ -74.1325622, 4.7447192 ], [ -74.1327996, 4.7439707 ], [ -74.1330374, 4.7434316 ], [ -74.133275, 4.7427729 ], [ -74.1333342, 4.7425333 ], [ -74.1337206, 4.7416649 ], [ -74.1337195, 4.7410065 ], [ -74.1332713, 4.7404985 ], [ -74.1326745, 4.7403797 ], [ -74.1317194, 4.7400521 ], [ -74.1316294, 4.739753 ], [ -74.1315985, 4.7390648 ], [ -74.1314187, 4.7385563 ], [ -74.1308218, 4.7383478 ], [ -74.1300464, 4.7384388 ], [ -74.129838, 4.7387384 ], [ -74.1298384, 4.7389779 ], [ -74.1298389, 4.7392771 ], [ -74.1287966, 4.7403562 ], [ -74.1282906, 4.7409854 ], [ -74.1273666, 4.7414658 ], [ -74.1261136, 4.7413481 ], [ -74.1252778, 4.7409904 ], [ -74.1245321, 4.7409916 ], [ -74.1233116, 4.7425796 ], [ -74.1225377, 4.7435984 ], [ -74.1207185, 4.7438707 ], [ -74.1200319, 4.7435426 ], [ -74.1192555, 4.7429753 ], [ -74.1191355, 4.7425864 ], [ -74.119432, 4.7414487 ], [ -74.1199672, 4.7404005 ], [ -74.1187733, 4.7399236 ], [ -74.1172523, 4.7401355 ], [ -74.1166566, 4.7407051 ], [ -74.1161808, 4.7416036 ], [ -74.1168284, 4.7421217 ], [ -74.1116086, 4.7389124 ], [ -74.1137007, 4.7339772 ], [ -74.1053829, 4.7255632 ], [ -74.1044265, 4.7244156 ], [ -74.1077624, 4.7212979 ], [ -74.1144078, 4.7285175 ], [ -74.1177929, 4.7263094 ], [ -74.1218571, 4.7309953 ], [ -74.1289147, 4.7273448 ], [ -74.123607, 4.721033 ], [ -74.1310667, 4.715299 ], [ -74.1349276, 4.712324 ], [ -74.1430075, 4.721121 ], [ -74.1441545, 4.7220767 ], [ -74.1451061, 4.7203035 ], [ -74.1449106, 4.7175267 ], [ -74.1456705, 4.7152271 ], [ -74.1460026, 4.7140296 ], [ -74.1461426, 4.7121141 ], [ -74.1463806, 4.7117306 ], [ -74.1528787, 4.7162686 ], [ -74.1546892, 4.7144461 ], [ -74.1605938, 4.7064401 ], [ -74.1624045, 4.7047612 ], [ -74.1722273, 4.6962338 ], [ -74.17216, 4.6954716 ], [ -74.1720328, 4.6940316 ], [ -74.1714097, 4.6924525 ], [ -74.1700716, 4.6913056 ], [ -74.1688294, 4.6904937 ], [ -74.1678271, 4.6896346 ], [ -74.1678267, 4.6896326 ], [ -74.1693979, 4.6879551 ], [ -74.1710176, 4.6862765 ], [ -74.1717799, 4.6855091 ], [ -74.1718749, 4.6852217 ], [ -74.1720255, 4.6849884 ], [ -74.1724937, 4.684263 ], [ -74.1708678, 4.6822547 ], [ -74.1698636, 4.6810594 ], [ -74.1608559, 4.6882087 ], [ -74.1573685, 4.6859641 ], [ -74.1594664, 4.6848593 ], [ -74.1584603, 4.6824669 ], [ -74.1599856, 4.6813631 ], [ -74.1582149, 4.6783016 ], [ -74.1570667, 4.6765798 ], [ -74.1537749, 4.6772077 ], [ -74.1514693, 4.668066 ], [ -74.1510944, 4.667936 ], [ -74.1510793, 4.6678759 ], [ -74.1507191, 4.66644 ], [ -74.1506574, 4.6651832 ], [ -74.1498213, 4.6645861 ], [ -74.1479709, 4.6638709 ], [ -74.1472542, 4.6633334 ], [ -74.1458215, 4.6626773 ], [ -74.1431352, 4.6614248 ], [ -74.1424176, 4.6603486 ], [ -74.1424158, 4.6592115 ], [ -74.1433073, 4.6572349 ], [ -74.1440214, 4.6561564 ], [ -74.1448531, 4.6540602 ], [ -74.1451495, 4.6528627 ], [ -74.1452067, 4.6513663 ], [ -74.145239, 4.6512639 ], [ -74.2528506, 4.6510775 ], [ -74.252944, 4.6526244 ], [ -74.2537136, 4.6560704 ], [ -74.254578, 4.6591332 ], [ -74.256206, 4.6622904 ], [ -74.2584096, 4.6670744 ], [ -74.261371, 4.6686012 ], [ -74.2632839, 4.670896 ], [ -74.2650044, 4.6723293 ], [ -74.2709283, 4.6760532 ], [ -74.2739862, 4.6781544 ], [ -74.2816339, 4.685035 ], [ -74.2824938, 4.6855123 ], [ -74.2828755, 4.6855116 ], [ -74.283354, 4.686181 ], [ -74.2853657, 4.6902949 ], [ -74.2880439, 4.69345 ], [ -74.2915787, 4.6953587 ], [ -74.2955915, 4.6976494 ], [ -74.2978841, 4.6986985 ], [ -74.298075, 4.6986981 ], [ -74.3013228, 4.7002242 ], [ -74.3037091, 4.7003155 ], [ -74.3053305, 4.6997379 ], [ -74.3050433, 4.6992597 ], [ -74.3057098, 4.6983966 ], [ -74.3082838, 4.6968596 ], [ -74.3112952, 4.6995352 ], [ -74.3117778, 4.702407 ], [ -74.3123537, 4.7041296 ], [ -74.3133123, 4.7063302 ], [ -74.3142244, 4.7092491 ], [ -74.3138024, 4.7132238 ], [ -74.3137811, 4.7146123 ], [ -74.3139015, 4.7151867 ], [ -74.3178915, 4.7179321 ], [ -74.3190386, 4.7188875 ], [ -74.3199927, 4.7186942 ], [ -74.3209457, 4.7179263 ], [ -74.3217078, 4.7171588 ], [ -74.3218012, 4.7161053 ], [ -74.3216047, 4.7131372 ], [ -74.3223665, 4.7121782 ], [ -74.3237012, 4.7114096 ], [ -74.3243686, 4.7110253 ], [ -74.3268505, 4.7112121 ], [ -74.32771, 4.7114977 ], [ -74.3289531, 4.7127402 ], [ -74.3294329, 4.7140798 ], [ -74.3304835, 4.7144609 ], [ -74.3323945, 4.7156063 ], [ -74.3326808, 4.7156057 ], [ -74.3328717, 4.7156054 ], [ -74.3338269, 4.7159866 ], [ -74.3340181, 4.7161777 ], [ -74.3349746, 4.7172292 ], [ -74.3362179, 4.7185674 ], [ -74.3370778, 4.7190445 ], [ -74.3377463, 4.7192347 ], [ -74.3387018, 4.7198074 ], [ -74.3404231, 4.7215277 ], [ -74.3424289, 4.7222899 ], [ -74.3472978, 4.7229508 ], [ -74.3494957, 4.7243828 ], [ -74.3515034, 4.7261025 ], [ -74.3538911, 4.7269597 ], [ -74.3552283, 4.7274358 ], [ -74.3569485, 4.7285815 ], [ -74.3583802, 4.7285787 ], [ -74.3594299, 4.7284809 ], [ -74.3593898, 4.6716238 ], [ -74.3596362, 4.7969417 ], [ -74.3590764, 4.7976112 ], [ -74.3584561, 4.7976603 ], [ -74.3579314, 4.797805 ], [ -74.3577883, 4.7978532 ], [ -74.3561673, 4.7987182 ], [ -74.3549762, 4.7997739 ], [ -74.3533571, 4.8015965 ], [ -74.3530714, 4.8019322 ], [ -74.3528811, 4.8022677 ], [ -74.3522148, 4.8032266 ], [ -74.3514053, 4.8041379 ], [ -74.3511681, 4.8048565 ], [ -74.3513191, 4.8051307 ], [ -74.3478282, 4.807885 ], [ -74.3472913, 4.8111566 ], [ -74.3470225, 4.8126561 ], [ -74.344854, 4.8151814 ] ], [ [ -74.1943245, 4.6548107 ], [ -74.1941638, 4.6550444 ], [ -74.194015, 4.6552062 ], [ -74.1938303, 4.6553621 ], [ -74.1937822, 4.6553916 ], [ -74.1935562, 4.6555302 ], [ -74.1926974, 4.6556214 ], [ -74.1924349, 4.6555979 ], [ -74.1922021, 4.6555265 ], [ -74.1917543, 4.65524 ], [ -74.1914796, 4.6550429 ], [ -74.1904942, 4.6543383 ], [ -74.1891207, 4.653419 ], [ -74.1889056, 4.6532098 ], [ -74.1886666, 4.6529948 ], [ -74.1882544, 4.6526124 ], [ -74.1872514, 4.6520754 ], [ -74.1866368, 4.6519688 ], [ -74.186601, 4.6519688 ], [ -74.1863863, 4.6520051 ], [ -74.1858378, 4.6521317 ], [ -74.1853016, 4.6525276 ], [ -74.1849083, 4.6528036 ], [ -74.1846048, 4.6531872 ], [ -74.1843008, 4.6533253 ], [ -74.183919, 4.653296 ], [ -74.1837637, 4.6531766 ], [ -74.1838227, 4.6527994 ], [ -74.1839892, 4.6525059 ], [ -74.1843099, 4.6516465 ], [ -74.1843574, 4.6515058 ], [ -74.1844377, 4.651365 ], [ -74.1844942, 4.6512571 ], [ -74.1845031, 4.6512182 ], [ -74.1841839, 4.6512098 ], [ -74.184181, 4.6512337 ], [ -74.18405, 4.6514135 ], [ -74.1839072, 4.6515813 ], [ -74.1836098, 4.6521205 ], [ -74.1835151, 4.6525635 ], [ -74.1834204, 4.6530186 ], [ -74.183421, 4.6533537 ], [ -74.1835407, 4.653581 ], [ -74.1837079, 4.6537243 ], [ -74.1840302, 4.6538435 ], [ -74.1842806, 4.6537593 ], [ -74.1849003, 4.6533513 ], [ -74.1851385, 4.6530995 ], [ -74.1853767, 4.6528836 ], [ -74.1855553, 4.6526439 ], [ -74.1859007, 4.6523201 ], [ -74.186652, 4.6521513 ], [ -74.1872132, 4.6524256 ], [ -74.1879775, 4.6528912 ], [ -74.1887539, 4.6534764 ], [ -74.1911668, 4.6552799 ], [ -74.191561, 4.6555545 ], [ -74.1919433, 4.6558771 ], [ -74.1924923, 4.6560317 ], [ -74.1929934, 4.6560548 ], [ -74.1936673, 4.65594 ], [ -74.1940009, 4.6557 ], [ -74.1945489, 4.6552442 ], [ -74.1949772, 4.6545492 ], [ -74.1951317, 4.6541659 ], [ -74.1952382, 4.6536989 ], [ -74.1953332, 4.6534114 ], [ -74.1953564, 4.6530403 ], [ -74.1955703, 4.6525132 ], [ -74.1958796, 4.6520339 ], [ -74.1966657, 4.6512306 ], [ -74.1966798, 4.6512156 ], [ -74.1961914, 4.6512014 ], [ -74.1961616, 4.6512284 ], [ -74.1960782, 4.6512884 ], [ -74.1958103, 4.6515941 ], [ -74.1956856, 4.6519355 ], [ -74.1952929, 4.6525347 ], [ -74.195168, 4.6527025 ], [ -74.1950669, 4.6529301 ], [ -74.1949839, 4.6531816 ], [ -74.1948178, 4.6537505 ], [ -74.1947465, 4.6539002 ], [ -74.1946395, 4.6541278 ], [ -74.1944789, 4.6544034 ], [ -74.1944313, 4.6544993 ], [ -74.1943785, 4.6546532 ], [ -74.1943245, 4.6548107 ] ], [ [ -74.3026293, 4.7513784 ], [ -74.3010062, 4.755095 ], [ -74.3058987, 4.7563463 ], [ -74.3066395, 4.7530061 ], [ -74.3026293, 4.7513784 ] ], [ [ -74.2889507, 4.7550836 ], [ -74.2876288, 4.7564488 ], [ -74.2900424, 4.757773 ], [ -74.2914316, 4.756101 ], [ -74.2889507, 4.7550836 ] ], [ [ -74.1879069, 4.7276002 ], [ -74.1842443, 4.7305025 ], [ -74.1866954, 4.7340416 ], [ -74.1904242, 4.7301171 ], [ -74.1879069, 4.7276002 ] ], [ [ -74.1394154, 4.749964 ], [ -74.1379856, 4.7478199 ], [ -74.1362556, 4.7490493 ], [ -74.1383314, 4.7516012 ], [ -74.1372121, 4.7524548 ], [ -74.1398333, 4.7562323 ], [ -74.144242, 4.7524772 ], [ -74.1407721, 4.7489055 ], [ -74.1394154, 4.749964 ] ], [ [ -74.1368522, 4.7608027 ], [ -74.1400508, 4.7645793 ], [ -74.1414758, 4.7637251 ], [ -74.1432792, 4.7658345 ], [ -74.1468161, 4.7687928 ], [ -74.1485867, 4.7715155 ], [ -74.1448899, 4.774588 ], [ -74.1447897, 4.7755762 ], [ -74.1465901, 4.7758458 ], [ -74.1510299, 4.7702848 ], [ -74.1503497, 4.7697409 ], [ -74.14858, 4.7674952 ], [ -74.150954, 4.7655151 ], [ -74.147177, 4.7611604 ], [ -74.1444967, 4.7627321 ], [ -74.1415007, 4.7582738 ], [ -74.1368522, 4.7608027 ] ], [ [ -74.1558282, 4.7761369 ], [ -74.1543004, 4.776378 ], [ -74.1530785, 4.776857 ], [ -74.1523322, 4.7773693 ], [ -74.1521289, 4.7776423 ], [ -74.1522311, 4.7778124 ], [ -74.160489, 4.7808989 ], [ -74.1620472, 4.7784432 ], [ -74.1558282, 4.7761369 ] ], [ [ -74.2592379, 4.8394088 ], [ -74.2584227, 4.8394103 ], [ -74.2584263, 4.8413182 ], [ -74.2582944, 4.8434989 ], [ -74.2585718, 4.8465646 ], [ -74.2582378, 4.8496314 ], [ -74.2594623, 4.8505831 ], [ -74.261229, 4.8508523 ], [ -74.2622493, 4.8516 ], [ -74.2638798, 4.8517332 ], [ -74.2638764, 4.8498935 ], [ -74.2635347, 4.8488039 ], [ -74.2615612, 4.8468316 ], [ -74.2608711, 4.8410411 ], [ -74.2609367, 4.8397463 ], [ -74.2592379, 4.8394088 ] ], [ [ -74.2203994, 4.6947856 ], [ -74.218494, 4.6925744 ], [ -74.2133076, 4.6977961 ], [ -74.2167371, 4.697688 ], [ -74.2203994, 4.6947856 ] ], [ [ -74.2042954, 4.7490871 ], [ -74.2062092, 4.7559659 ], [ -74.21327, 4.7543182 ], [ -74.2119025, 4.7490738 ], [ -74.2146171, 4.7478425 ], [ -74.2140704, 4.7459356 ], [ -74.2042954, 4.7490871 ] ], [ [ -74.254311, 4.7451482 ], [ -74.2523011, 4.7416427 ], [ -74.2494167, 4.7428403 ], [ -74.2508823, 4.7458017 ], [ -74.254311, 4.7451482 ] ], [ [ -74.2597497, 4.7480001 ], [ -74.2613787, 4.7474179 ], [ -74.2604243, 4.7455118 ], [ -74.2602888, 4.7456483 ], [ -74.2586592, 4.7458898 ], [ -74.2597497, 4.7480001 ] ], [ [ -74.1366847, 4.8544124 ], [ -74.1372949, 4.8536618 ], [ -74.1366149, 4.8532541 ], [ -74.1361744, 4.8539022 ], [ -74.1366847, 4.8544124 ] ], [ [ -74.1323531, 4.8639935 ], [ -74.1328289, 4.8641972 ], [ -74.1329638, 4.8636177 ], [ -74.1329638, 4.8635837 ], [ -74.1326914, 4.8631753 ], [ -74.1323531, 4.8639935 ] ], [ [ -74.2100038, 4.8568061 ], [ -74.2099856, 4.8561247 ], [ -74.2094421, 4.8560916 ], [ -74.2094603, 4.856773 ], [ -74.2100038, 4.8568061 ] ], [ [ -74.3358058, 4.7859453 ], [ -74.3362829, 4.7867961 ], [ -74.3367936, 4.7874764 ], [ -74.337712, 4.7882582 ], [ -74.3381233, 4.7901652 ], [ -74.3385344, 4.7920041 ], [ -74.3387411, 4.7935368 ], [ -74.3389137, 4.7949673 ], [ -74.3394248, 4.795818 ], [ -74.3408201, 4.7973483 ], [ -74.3423493, 4.7978223 ], [ -74.3425533, 4.7979241 ], [ -74.3426575, 4.7991163 ], [ -74.3426924, 4.7996272 ], [ -74.3444605, 4.8007139 ], [ -74.3455478, 4.8009843 ], [ -74.3456836, 4.800984 ], [ -74.3453757, 4.7997923 ], [ -74.3446944, 4.7987375 ], [ -74.3438438, 4.7979556 ], [ -74.3432317, 4.797548 ], [ -74.3419053, 4.7965286 ], [ -74.3416329, 4.7961884 ], [ -74.3412919, 4.7954396 ], [ -74.340302, 4.7928524 ], [ -74.3400965, 4.7920011 ], [ -74.3393812, 4.7908782 ], [ -74.3390056, 4.7898228 ], [ -74.3389024, 4.7891417 ], [ -74.3393067, 4.7875056 ], [ -74.3393746, 4.7874714 ], [ -74.3398824, 4.7866868 ], [ -74.3401515, 4.7853576 ], [ -74.3394703, 4.7843029 ], [ -74.3383149, 4.7838963 ], [ -74.3375336, 4.7837956 ], [ -74.3357332, 4.7835607 ], [ -74.3349871, 4.7840731 ], [ -74.3351574, 4.7843454 ], [ -74.3355327, 4.7852304 ], [ -74.3358058, 4.7859453 ] ], [ [ -74.2728267, 4.6888895 ], [ -74.2700437, 4.6897123 ], [ -74.2665815, 4.6904681 ], [ -74.2648831, 4.6901305 ], [ -74.261149, 4.6907505 ], [ -74.2642113, 4.69422 ], [ -74.2853583, 4.7084222 ], [ -74.285832, 4.7074674 ], [ -74.2861686, 4.7058996 ], [ -74.2856889, 4.7035156 ], [ -74.2843256, 4.7007926 ], [ -74.2824901, 4.6997739 ], [ -74.280518, 4.6983467 ], [ -74.2807869, 4.6968471 ], [ -74.2813282, 4.6957559 ], [ -74.2814624, 4.6948699 ], [ -74.2809155, 4.6928949 ], [ -74.2809143, 4.6922135 ], [ -74.281523, 4.6908496 ], [ -74.2808404, 4.688943 ], [ -74.2807725, 4.6889431 ], [ -74.2789383, 4.6886058 ], [ -74.2769684, 4.688405 ], [ -74.2728267, 4.6888895 ] ], [ [ -74.1691268, 4.7687448 ], [ -74.1692453, 4.768206 ], [ -74.1696026, 4.7678163 ], [ -74.1697512, 4.7674869 ], [ -74.1694822, 4.7671881 ], [ -74.1685282, 4.7675488 ], [ -74.168081, 4.7676693 ], [ -74.1678431, 4.7681485 ], [ -74.1684704, 4.7686562 ], [ -74.1691268, 4.7687448 ] ], [ [ -74.2385225, 4.7752516 ], [ -74.2373317, 4.7765555 ], [ -74.239318, 4.7780631 ], [ -74.2405237, 4.7767143 ], [ -74.2385225, 4.7752516 ] ], [ [ -74.1710301, 4.716536 ], [ -74.171807, 4.7173726 ], [ -74.1723727, 4.7167731 ], [ -74.1728778, 4.7155752 ], [ -74.1723096, 4.7147383 ], [ -74.1720711, 4.7147985 ], [ -74.1715641, 4.7148592 ], [ -74.1714154, 4.715069 ], [ -74.1713274, 4.7159968 ], [ -74.1710301, 4.716536 ] ], [ [ -74.1703658, 4.711719 ], [ -74.1713824, 4.7131837 ], [ -74.1723951, 4.7123141 ], [ -74.1714085, 4.7109991 ], [ -74.1703658, 4.711719 ] ], [ [ -74.1583363, 4.7645735 ], [ -74.1620701, 4.7676196 ], [ -74.162697, 4.767858 ], [ -74.168059, 4.7634797 ], [ -74.1652793, 4.7601926 ], [ -74.1618541, 4.7633406 ], [ -74.1583885, 4.7601144 ], [ -74.1599354, 4.757628 ], [ -74.155571, 4.7520691 ], [ -74.1533689, 4.7552449 ], [ -74.1575837, 4.7605048 ], [ -74.1603013, 4.7623556 ], [ -74.1588128, 4.7641238 ], [ -74.1583363, 4.7645735 ] ], [ [ -74.1497648, 4.7404076 ], [ -74.1511133, 4.7441761 ], [ -74.1622289, 4.7377832 ], [ -74.1613872, 4.7338643 ], [ -74.1497648, 4.7404076 ] ], [ [ -74.2949804, 4.8327106 ], [ -74.2951672, 4.8328898 ], [ -74.2952195, 4.8329346 ], [ -74.2959491, 4.8322599 ], [ -74.2952688, 4.8314383 ], [ -74.2951275, 4.8316256 ], [ -74.2950909, 4.8319773 ], [ -74.2949576, 4.8324863 ], [ -74.2949804, 4.8327106 ] ], [ [ -74.2562672, 4.8291626 ], [ -74.2558223, 4.8305699 ], [ -74.2554364, 4.831618 ], [ -74.2544842, 4.8329065 ], [ -74.2546332, 4.8328464 ], [ -74.2562727, 4.8321251 ], [ -74.2572563, 4.8316744 ], [ -74.2587764, 4.8309534 ], [ -74.2588642, 4.8300555 ], [ -74.2586199, 4.8270036 ], [ -74.2582021, 4.8268847 ], [ -74.2581431, 4.8272439 ], [ -74.2575771, 4.8276939 ], [ -74.2568022, 4.8280843 ], [ -74.2562672, 4.8291626 ] ], [ [ -74.2545009, 4.8176224 ], [ -74.2553406, 4.8200447 ], [ -74.256524, 4.814686 ], [ -74.2553304, 4.8145086 ], [ -74.2551438, 4.8103195 ], [ -74.2513554, 4.8103863 ], [ -74.2512461, 4.8158927 ], [ -74.2533332, 4.8153203 ], [ -74.253158, 4.8173555 ], [ -74.2545009, 4.8176224 ] ], [ [ -74.3040018, 4.7764133 ], [ -74.3013207, 4.7782737 ], [ -74.3025791, 4.7812039 ], [ -74.3058562, 4.7790431 ], [ -74.3040018, 4.7764133 ] ], [ [ -74.2568766, 4.7627209 ], [ -74.2567984, 4.760716 ], [ -74.2496075, 4.7595621 ], [ -74.2493553, 4.7602658 ], [ -74.2515183, 4.7605012 ], [ -74.2513423, 4.7621324 ], [ -74.2568766, 4.7627209 ] ], [ [ -74.2572771, 4.7615231 ], [ -74.2572496, 4.762795 ], [ -74.2637677, 4.7630823 ], [ -74.2638105, 4.7620348 ], [ -74.2572771, 4.7615231 ] ], [ [ -74.2431066, 4.7605464 ], [ -74.2413762, 4.76034 ], [ -74.2401843, 4.7610903 ], [ -74.2402165, 4.762407 ], [ -74.2408139, 4.7628548 ], [ -74.2413812, 4.7631231 ], [ -74.2415318, 4.7639607 ], [ -74.2421593, 4.764588 ], [ -74.243444, 4.7657228 ], [ -74.2443118, 4.7672175 ], [ -74.244937, 4.766558 ], [ -74.2456748, 4.7621577 ], [ -74.2459085, 4.7594042 ], [ -74.2462348, 4.7584161 ], [ -74.2461752, 4.7584461 ], [ -74.2450131, 4.7591365 ], [ -74.244388, 4.7598259 ], [ -74.2431066, 4.7605464 ] ], [ [ -74.3291394, 4.7644253 ], [ -74.3266984, 4.7670035 ], [ -74.3305823, 4.7702278 ], [ -74.3335035, 4.7692047 ], [ -74.3321207, 4.7636415 ], [ -74.3383501, 4.7457948 ], [ -74.3312471, 4.743654 ], [ -74.3298941, 4.7535914 ], [ -74.3258382, 4.7539583 ], [ -74.3272799, 4.7591623 ], [ -74.3291394, 4.7644253 ] ], [ [ -74.3410721, 4.7343286 ], [ -74.3440546, 4.734263 ], [ -74.3427921, 4.7291784 ], [ -74.341122, 4.7292415 ], [ -74.3413045, 4.7310964 ], [ -74.3392804, 4.7332549 ], [ -74.3411896, 4.7333709 ], [ -74.3410721, 4.7343286 ] ], [ [ -74.2099453, 4.6968045 ], [ -74.2088118, 4.6967466 ], [ -74.2075599, 4.6972276 ], [ -74.2063667, 4.6971698 ], [ -74.2051725, 4.6965135 ], [ -74.2049336, 4.6963344 ], [ -74.2028449, 4.6958592 ], [ -74.2021292, 4.6959203 ], [ -74.2012346, 4.6960415 ], [ -74.2006976, 4.6959826 ], [ -74.2008749, 4.6950247 ], [ -74.2006346, 4.6940076 ], [ -74.2000972, 4.6937093 ], [ -74.1992613, 4.6932918 ], [ -74.1980077, 4.6927553 ], [ -74.1973505, 4.6921579 ], [ -74.1977067, 4.6911398 ], [ -74.1978231, 4.6894638 ], [ -74.1975835, 4.6888657 ], [ -74.1971055, 4.6883877 ], [ -74.1969859, 4.6882083 ], [ -74.1958515, 4.6876118 ], [ -74.1951352, 4.6873736 ], [ -74.1932854, 4.6870176 ], [ -74.1916736, 4.686362 ], [ -74.1904806, 4.686364 ], [ -74.1894678, 4.6871438 ], [ -74.1885146, 4.6878637 ], [ -74.1880384, 4.688463 ], [ -74.1875025, 4.6890624 ], [ -74.18637, 4.689603 ], [ -74.1852974, 4.6902632 ], [ -74.1847019, 4.6909226 ], [ -74.1839282, 4.6919414 ], [ -74.1835113, 4.692361 ], [ -74.1830336, 4.6920626 ], [ -74.1817801, 4.6915859 ], [ -74.1810053, 4.6920062 ], [ -74.1802911, 4.6930249 ], [ -74.1802329, 4.6938629 ], [ -74.1807716, 4.6949393 ], [ -74.1813694, 4.6957163 ], [ -74.1820273, 4.6967327 ], [ -74.1814917, 4.6974518 ], [ -74.1808965, 4.6982908 ], [ -74.1797057, 4.6996095 ], [ -74.1795274, 4.7000288 ], [ -74.179053, 4.7017054 ], [ -74.1789358, 4.7029625 ], [ -74.1787579, 4.7036212 ], [ -74.1785804, 4.7044594 ], [ -74.178881, 4.7058355 ], [ -74.1795382, 4.7064329 ], [ -74.1802546, 4.7067908 ], [ -74.1811503, 4.7072681 ], [ -74.1834171, 4.7072642 ], [ -74.1855048, 4.7071409 ], [ -74.1874725, 4.7065989 ], [ -74.1909316, 4.7060544 ], [ -74.1935536, 4.7044339 ], [ -74.1953422, 4.7038323 ], [ -74.1976073, 4.7028109 ], [ -74.1996353, 4.7026877 ], [ -74.2017233, 4.702744 ], [ -74.2032146, 4.7026816 ], [ -74.2048843, 4.7023794 ], [ -74.2060173, 4.7021381 ], [ -74.2081048, 4.701895 ], [ -74.2100125, 4.7011735 ], [ -74.2103092, 4.7002752 ], [ -74.2100691, 4.6994377 ], [ -74.2101268, 4.6983005 ], [ -74.2100065, 4.6977022 ], [ -74.2099453, 4.6968045 ] ], [ [ -74.2628037, 4.6836336 ], [ -74.2634303, 4.6837821 ], [ -74.2641449, 4.6831225 ], [ -74.2644123, 4.6825534 ], [ -74.2642024, 4.6819254 ], [ -74.2631586, 4.6819572 ], [ -74.2629799, 4.6821371 ], [ -74.2626523, 4.682407 ], [ -74.2622955, 4.6830061 ], [ -74.2628037, 4.6836336 ] ], [ [ -74.2572882, 4.6848855 ], [ -74.2576614, 4.6850793 ], [ -74.2579446, 4.6850339 ], [ -74.258511, 4.6848683 ], [ -74.2586002, 4.6846886 ], [ -74.2585551, 4.6845241 ], [ -74.2583906, 4.6842551 ], [ -74.2582711, 4.6841206 ], [ -74.258196, 4.6838514 ], [ -74.2581808, 4.6836869 ], [ -74.2581956, 4.683627 ], [ -74.2577482, 4.6836278 ], [ -74.2572566, 4.683913 ], [ -74.257168, 4.684362 ], [ -74.2572882, 4.6848855 ] ], [ [ -74.275416, 4.7225278 ], [ -74.2756551, 4.7227668 ], [ -74.275746, 4.7235746 ], [ -74.2754786, 4.7241436 ], [ -74.2753006, 4.7246527 ], [ -74.2752721, 4.7254009 ], [ -74.2758692, 4.7256691 ], [ -74.2763457, 4.7253091 ], [ -74.2765836, 4.7248897 ], [ -74.2771497, 4.7245595 ], [ -74.2774175, 4.7241999 ], [ -74.2778636, 4.7234809 ], [ -74.2779808, 4.7223735 ], [ -74.2772946, 4.722255 ], [ -74.2766082, 4.7220169 ], [ -74.2767267, 4.7216277 ], [ -74.2770245, 4.7213578 ], [ -74.2770236, 4.720879 ], [ -74.2764259, 4.7202218 ], [ -74.2747876, 4.7214218 ], [ -74.2746098, 4.7220206 ], [ -74.2747294, 4.7221999 ], [ -74.2750279, 4.7223191 ], [ -74.275416, 4.7225278 ] ], [ [ -74.2297953, 4.7140815 ], [ -74.2269044, 4.7154034 ], [ -74.227772, 4.7168682 ], [ -74.2302158, 4.7157566 ], [ -74.2297953, 4.7140815 ] ], [ [ -74.236152, 4.7160902 ], [ -74.2348373, 4.7147609 ], [ -74.2335117, 4.7157358 ], [ -74.2341844, 4.7166024 ], [ -74.2349443, 4.7162569 ], [ -74.2353776, 4.71672 ], [ -74.236152, 4.7160902 ] ], [ [ -74.2390983, 4.7039354 ], [ -74.2398452, 4.7046223 ], [ -74.2403831, 4.7052198 ], [ -74.2410408, 4.7060267 ], [ -74.2417886, 4.7072822 ], [ -74.2422074, 4.7079398 ], [ -74.2427464, 4.7091657 ], [ -74.2434934, 4.7098826 ], [ -74.2437018, 4.7096728 ], [ -74.2439382, 4.7084155 ], [ -74.2436977, 4.7073386 ], [ -74.2434581, 4.7068303 ], [ -74.2429494, 4.7059035 ], [ -74.2428298, 4.7056943 ], [ -74.2420528, 4.7048877 ], [ -74.2419625, 4.7044091 ], [ -74.2421409, 4.7041095 ], [ -74.2427366, 4.7035997 ], [ -74.2432127, 4.7030003 ], [ -74.2444341, 4.7021303 ], [ -74.2452085, 4.7015305 ], [ -74.2452964, 4.7006325 ], [ -74.2422474, 4.6968375 ], [ -74.2378102, 4.7007656 ], [ -74.2369763, 4.7014553 ], [ -74.2379027, 4.7024712 ], [ -74.2386201, 4.7033676 ], [ -74.2390983, 4.7039354 ] ], [ [ -74.2378662, 4.7155859 ], [ -74.2378068, 4.7157207 ], [ -74.237822, 4.7158703 ], [ -74.2382107, 4.7164082 ], [ -74.2385992, 4.7168564 ], [ -74.2399133, 4.7178117 ], [ -74.2405705, 4.7183491 ], [ -74.2421533, 4.7194835 ], [ -74.2441247, 4.721066 ], [ -74.2452001, 4.7219319 ], [ -74.2459169, 4.7224991 ], [ -74.2470222, 4.7234248 ], [ -74.2475001, 4.7237831 ], [ -74.2486611, 4.7225241 ], [ -74.2412532, 4.7164926 ], [ -74.2412497, 4.7164841 ], [ -74.241283, 4.7164925 ], [ -74.2424733, 4.7149343 ], [ -74.2407857, 4.7135607 ], [ -74.2405773, 4.7137856 ], [ -74.239728, 4.714206 ], [ -74.2393416, 4.7150147 ], [ -74.2393628, 4.7150458 ], [ -74.2393566, 4.7150446 ], [ -74.238894, 4.7148659 ], [ -74.2385359, 4.7147917 ], [ -74.2381932, 4.7149569 ], [ -74.2379552, 4.7152865 ], [ -74.2378662, 4.7155859 ] ], [ [ -74.1437428, 4.7459053 ], [ -74.1418666, 4.7478087 ], [ -74.1430909, 4.7485698 ], [ -74.1446386, 4.7465024 ], [ -74.1437428, 4.7459053 ] ], [ [ -74.127907, 4.7573632 ], [ -74.1279077, 4.7577822 ], [ -74.127849, 4.7583808 ], [ -74.12785, 4.7589793 ], [ -74.1279706, 4.7597572 ], [ -74.1283299, 4.7605946 ], [ -74.1285694, 4.7611328 ], [ -74.1292265, 4.7616106 ], [ -74.1295853, 4.7621487 ], [ -74.1300036, 4.7625669 ], [ -74.1302433, 4.7632249 ], [ -74.1305428, 4.7639427 ], [ -74.1301275, 4.7653798 ], [ -74.1302476, 4.7658584 ], [ -74.1301879, 4.7657987 ], [ -74.129775, 4.7687321 ], [ -74.1304934, 4.7702272 ], [ -74.1312706, 4.7711836 ], [ -74.1319877, 4.7719007 ], [ -74.1321681, 4.7727981 ], [ -74.1319311, 4.7737562 ], [ -74.131156, 4.7740567 ], [ -74.1305002, 4.7743571 ], [ -74.1304714, 4.7750155 ], [ -74.1300847, 4.7757044 ], [ -74.1295188, 4.7762141 ], [ -74.1288638, 4.7770232 ], [ -74.1283869, 4.7772634 ], [ -74.1277914, 4.7779527 ], [ -74.1277925, 4.778611 ], [ -74.1277348, 4.7798082 ], [ -74.1277357, 4.7803768 ], [ -74.1280059, 4.7813938 ], [ -74.1286937, 4.7824401 ], [ -74.1291721, 4.7830977 ], [ -74.1298894, 4.7839345 ], [ -74.130278, 4.7844126 ], [ -74.1310837, 4.7845909 ], [ -74.1322763, 4.7841998 ], [ -74.1338867, 4.783868 ], [ -74.1359436, 4.7830267 ], [ -74.1376427, 4.7822158 ], [ -74.1400277, 4.7813141 ], [ -74.1409216, 4.780744 ], [ -74.1419345, 4.7799044 ], [ -74.14259, 4.7794245 ], [ -74.1435133, 4.7785551 ], [ -74.144019, 4.7776864 ], [ -74.1439585, 4.7772077 ], [ -74.1435402, 4.7767894 ], [ -74.1431817, 4.7764309 ], [ -74.1420767, 4.7757145 ], [ -74.1413899, 4.7752967 ], [ -74.1403746, 4.77464 ], [ -74.1398966, 4.7742218 ], [ -74.1392392, 4.7735047 ], [ -74.1378051, 4.7721903 ], [ -74.1371769, 4.7710841 ], [ -74.1358313, 4.769171 ], [ -74.135202, 4.7673765 ], [ -74.1345426, 4.7655222 ], [ -74.132568, 4.7619343 ], [ -74.1314025, 4.7606494 ], [ -74.1309244, 4.7601713 ], [ -74.1305951, 4.7594536 ], [ -74.1297274, 4.7578091 ], [ -74.1283219, 4.7556867 ], [ -74.1280827, 4.7553279 ], [ -74.1280241, 4.7559864 ], [ -74.1279053, 4.7562859 ], [ -74.1278468, 4.7570042 ], [ -74.127907, 4.7573632 ] ], [ [ -74.1854258, 4.7701496 ], [ -74.1858475, 4.772513 ], [ -74.1881429, 4.7716412 ], [ -74.1876171, 4.7694425 ], [ -74.1854258, 4.7701496 ] ], [ [ -74.1670412, 4.8305639 ], [ -74.1674812, 4.8305108 ], [ -74.1679274, 4.8297843 ], [ -74.167464, 4.8291791 ], [ -74.167121, 4.8292395 ], [ -74.1666967, 4.8296966 ], [ -74.1667871, 4.8302277 ], [ -74.1670412, 4.8305639 ] ], [ [ -74.0871741, 4.8048625 ], [ -74.0829956, 4.8036421 ], [ -74.0830007, 4.8068742 ], [ -74.0853879, 4.8072295 ], [ -74.0858327, 4.8055529 ], [ -74.0869663, 4.8054913 ], [ -74.0871741, 4.8048625 ] ], [ [ -74.146912, 4.8662326 ], [ -74.1465555, 4.867131 ], [ -74.1469748, 4.8680879 ], [ -74.1469768, 4.8692849 ], [ -74.1466216, 4.8709614 ], [ -74.146504, 4.8719791 ], [ -74.1534855, 4.8720868 ], [ -74.1505569, 4.869219 ], [ -74.1491825, 4.8680841 ], [ -74.1484647, 4.867008 ], [ -74.1473896, 4.8664113 ], [ -74.146912, 4.8662326 ] ], [ [ -74.1715896, 4.8428929 ], [ -74.170666, 4.8436127 ], [ -74.1722047, 4.8449717 ], [ -74.1730238, 4.8442221 ], [ -74.1715896, 4.8428929 ] ], [ [ -74.2237054, 4.78307 ], [ -74.2233041, 4.7838787 ], [ -74.2244085, 4.7842358 ], [ -74.2246756, 4.7834423 ], [ -74.2237054, 4.78307 ] ], [ [ -74.2275673, 4.7908286 ], [ -74.2295079, 4.7917229 ], [ -74.2314756, 4.7911209 ], [ -74.2321581, 4.7891147 ], [ -74.2331363, 4.7856416 ], [ -74.2330463, 4.7853425 ], [ -74.2328959, 4.7846246 ], [ -74.2314339, 4.7844776 ], [ -74.2287576, 4.7891806 ], [ -74.2275673, 4.7908286 ] ], [ [ -74.2331719, 4.7888734 ], [ -74.2349021, 4.7889002 ], [ -74.2349373, 4.7918628 ], [ -74.2383659, 4.7908092 ], [ -74.2385789, 4.7931429 ], [ -74.2428456, 4.7936738 ], [ -74.2425961, 4.7876594 ], [ -74.2415867, 4.7903545 ], [ -74.238454, 4.7900609 ], [ -74.2381189, 4.7861413 ], [ -74.2340013, 4.7855802 ], [ -74.2331719, 4.7888734 ] ], [ [ -74.3346419, 4.7833266 ], [ -74.3350191, 4.7817399 ], [ -74.3333278, 4.7786386 ], [ -74.3309137, 4.7797056 ], [ -74.3318847, 4.7804967 ], [ -74.3307171, 4.7821373 ], [ -74.3346419, 4.7833266 ] ], [ [ -74.3258361, 4.7800969 ], [ -74.3254939, 4.7804866 ], [ -74.3274052, 4.7816799 ], [ -74.3277772, 4.7812453 ], [ -74.3258361, 4.7800969 ] ], [ [ -74.3478712, 4.8402755 ], [ -74.3476702, 4.8404629 ], [ -74.3477456, 4.8408817 ], [ -74.3479173, 4.8409861 ], [ -74.3480963, 4.8409857 ], [ -74.3487226, 4.8409321 ], [ -74.3487669, 4.8407001 ], [ -74.3485501, 4.8404088 ], [ -74.3485725, 4.8404162 ], [ -74.3484829, 4.8403715 ], [ -74.348453, 4.8403566 ], [ -74.3483037, 4.8402971 ], [ -74.3478712, 4.8402755 ] ], [ [ -74.3541158, 4.8415273 ], [ -74.3543258, 4.8421254 ], [ -74.3546832, 4.8418254 ], [ -74.3547111, 4.8408379 ], [ -74.3546793, 4.8398804 ], [ -74.3545003, 4.8398807 ], [ -74.3543216, 4.8400008 ], [ -74.3542026, 4.8401506 ], [ -74.3540843, 4.8406895 ], [ -74.3541158, 4.8415273 ] ], [ [ -74.3442788, 4.8338977 ], [ -74.3444469, 4.8340357 ], [ -74.3447531, 4.8342371 ], [ -74.3448647, 4.8341247 ], [ -74.345103, 4.8339671 ], [ -74.3450281, 4.8338027 ], [ -74.344834, 4.8336946 ], [ -74.3446513, 4.8336912 ], [ -74.3444835, 4.8337102 ], [ -74.3443566, 4.8336319 ], [ -74.3442337, 4.8337145 ], [ -74.3442788, 4.8338977 ] ], [ [ -74.3451836, 4.8332039 ], [ -74.3455868, 4.8334649 ], [ -74.3458475, 4.8332961 ], [ -74.3458843, 4.8330678 ], [ -74.3456452, 4.8328364 ], [ -74.3456862, 4.8328363 ], [ -74.3456676, 4.8328289 ], [ -74.3453954, 4.8328593 ], [ -74.3451832, 4.8330318 ], [ -74.3451836, 4.8332039 ] ], [ [ -74.345275, 4.8304058 ], [ -74.3449764, 4.8302418 ], [ -74.3448572, 4.8303169 ], [ -74.3447087, 4.8306613 ], [ -74.344575, 4.830901 ], [ -74.344516, 4.8312602 ], [ -74.3444423, 4.8316792 ], [ -74.3443386, 4.8320684 ], [ -74.3441752, 4.832383 ], [ -74.3444593, 4.8327415 ], [ -74.3446829, 4.8326962 ], [ -74.3447871, 4.8325912 ], [ -74.3450997, 4.8322764 ], [ -74.3452336, 4.8320966 ], [ -74.345412, 4.831797 ], [ -74.3454416, 4.8316773 ], [ -74.3455455, 4.8314377 ], [ -74.3456943, 4.8312578 ], [ -74.3458134, 4.8311229 ], [ -74.3460819, 4.8311224 ], [ -74.3461716, 4.8312569 ], [ -74.3463514, 4.8316904 ], [ -74.3464117, 4.8319746 ], [ -74.3464121, 4.8321691 ], [ -74.3464276, 4.8324832 ], [ -74.3465025, 4.8326477 ], [ -74.3467708, 4.8325723 ], [ -74.3468599, 4.8323627 ], [ -74.3468745, 4.8321981 ], [ -74.3468888, 4.8319138 ], [ -74.3469035, 4.8317791 ], [ -74.3470373, 4.8315544 ], [ -74.3471861, 4.8313745 ], [ -74.3470502, 4.8305519 ], [ -74.3471246, 4.830462 ], [ -74.3463644, 4.830673 ], [ -74.345902, 4.8306589 ], [ -74.3455289, 4.8305849 ], [ -74.345275, 4.8304058 ] ], [ [ -74.22031, 4.7543627 ], [ -74.2195791, 4.7543042 ], [ -74.2190426, 4.7545595 ], [ -74.218656, 4.7552036 ], [ -74.2183136, 4.7555932 ], [ -74.2180918, 4.7566709 ], [ -74.2181668, 4.7569252 ], [ -74.2180051, 4.7582571 ], [ -74.2184229, 4.7583461 ], [ -74.2189452, 4.7585248 ], [ -74.2190052, 4.7587192 ], [ -74.2192887, 4.7588085 ], [ -74.219408, 4.7587634 ], [ -74.2198106, 4.7587178 ], [ -74.2202436, 4.7589714 ], [ -74.220438, 4.7592703 ], [ -74.2206622, 4.7595392 ], [ -74.2209013, 4.759838 ], [ -74.2211102, 4.7598825 ], [ -74.2213635, 4.7597325 ], [ -74.2214523, 4.7593433 ], [ -74.221586, 4.7590288 ], [ -74.2214808, 4.7585652 ], [ -74.2235693, 4.7588607 ], [ -74.2236832, 4.7557932 ], [ -74.2228174, 4.7553608 ], [ -74.2222503, 4.7551673 ], [ -74.2216981, 4.7549289 ], [ -74.2210563, 4.7546906 ], [ -74.22031, 4.7543627 ] ], [ [ -74.2274404, 4.8136917 ], [ -74.2252973, 4.816329 ], [ -74.2272086, 4.8175225 ], [ -74.2298291, 4.8148844 ], [ -74.2274404, 4.8136917 ] ], [ [ -74.3521173, 4.8652144 ], [ -74.352403, 4.8648547 ], [ -74.3519972, 4.8648077 ], [ -74.3518779, 4.8648318 ], [ -74.3517587, 4.8649278 ], [ -74.3518308, 4.8651431 ], [ -74.3521173, 4.8652144 ] ], [ [ -74.1610842, 4.6676578 ], [ -74.1615617, 4.6678485 ], [ -74.1623017, 4.6680149 ], [ -74.162934, 4.6680617 ], [ -74.163841, 4.6682039 ], [ -74.1641274, 4.6682752 ], [ -74.164557, 4.6683463 ], [ -74.1647122, 4.66837 ], [ -74.1656311, 4.66856 ], [ -74.1662518, 4.6687385 ], [ -74.166789, 4.6689411 ], [ -74.1674696, 4.6692632 ], [ -74.1682572, 4.6693816 ], [ -74.1687345, 4.6694766 ], [ -74.1692119, 4.6695476 ], [ -74.169618, 4.6698581 ], [ -74.1700721, 4.6703123 ], [ -74.1704792, 4.6711734 ], [ -74.1712458, 4.6730156 ], [ -74.1713656, 4.6733027 ], [ -74.1714621, 4.6739729 ], [ -74.1716544, 4.6748105 ], [ -74.1715835, 4.6752176 ], [ -74.171799, 4.6756721 ], [ -74.1722768, 4.6760304 ], [ -74.1732082, 4.6765555 ], [ -74.1741161, 4.6772243 ], [ -74.1748221, 4.678492 ], [ -74.1747282, 4.6794019 ], [ -74.1746577, 4.6800604 ], [ -74.1743491, 4.6810305 ], [ -74.1741955, 4.6819525 ], [ -74.1739226, 4.6828507 ], [ -74.1735663, 4.683809 ], [ -74.1727444, 4.6845705 ], [ -74.1705946, 4.6867646 ], [ -74.1681594, 4.6895817 ], [ -74.1684464, 4.6899643 ], [ -74.1697842, 4.6909197 ], [ -74.1705726, 4.691493 ], [ -74.1713612, 4.6922099 ], [ -74.1716962, 4.6927599 ], [ -74.1721397, 4.6940161 ], [ -74.1723929, 4.6955598 ], [ -74.1726683, 4.6962057 ], [ -74.1728017, 4.6974864 ], [ -74.1727666, 4.6978695 ], [ -74.1723736, 4.6983011 ], [ -74.1715277, 4.6990566 ], [ -74.1709199, 4.6994407 ], [ -74.1704192, 4.699669 ], [ -74.1700381, 4.7000886 ], [ -74.1697886, 4.7007114 ], [ -74.1697056, 4.7010228 ], [ -74.1695991, 4.7015377 ], [ -74.1700904, 4.7028297 ], [ -74.1704365, 4.702877 ], [ -74.1704723, 4.7028769 ], [ -74.1715817, 4.7028032 ], [ -74.1724285, 4.7026342 ], [ -74.1729534, 4.7025735 ], [ -74.17386, 4.7025121 ], [ -74.1747191, 4.7025466 ], [ -74.1752203, 4.7025816 ], [ -74.1762349, 4.7028792 ], [ -74.176928, 4.7035603 ], [ -74.1766905, 4.7042311 ], [ -74.1763451, 4.7045429 ], [ -74.1736854, 4.70511 ], [ -74.1726956, 4.7053869 ], [ -74.1710738, 4.7058685 ], [ -74.1702455, 4.7064205 ], [ -74.1713792, 4.7065503 ], [ -74.1724168, 4.7063211 ], [ -74.1738596, 4.7058039 ], [ -74.1752907, 4.7054424 ], [ -74.1765905, 4.7050452 ], [ -74.1770676, 4.7049726 ], [ -74.1775205, 4.7046726 ], [ -74.1776269, 4.7040858 ], [ -74.177614, 4.7035232 ], [ -74.1771956, 4.7030092 ], [ -74.1766699, 4.7026031 ], [ -74.1760015, 4.7024127 ], [ -74.1755837, 4.7023057 ], [ -74.1749512, 4.7021751 ], [ -74.1741994, 4.7020926 ], [ -74.1730781, 4.7022142 ], [ -74.171599, 4.7024561 ], [ -74.17043, 4.7025538 ], [ -74.1700716, 4.702315 ], [ -74.1699749, 4.701549 ], [ -74.1699984, 4.7013335 ], [ -74.170593, 4.7001594 ], [ -74.1710815, 4.6997756 ], [ -74.1719513, 4.6990918 ], [ -74.1728687, 4.6983002 ], [ -74.1731422, 4.6977731 ], [ -74.173129, 4.697019 ], [ -74.1730441, 4.6961931 ], [ -74.1728637, 4.6953316 ], [ -74.1726116, 4.6943504 ], [ -74.1723714, 4.6934411 ], [ -74.1716533, 4.6921016 ], [ -74.1712827, 4.6916115 ], [ -74.1685475, 4.6897846 ], [ -74.1687019, 4.6893773 ], [ -74.1691545, 4.6888978 ], [ -74.1702859, 4.6876749 ], [ -74.1715002, 4.6861407 ], [ -74.1719411, 4.6857688 ], [ -74.172203, 4.6854572 ], [ -74.1725364, 4.6850736 ], [ -74.1728821, 4.6849054 ], [ -74.1731681, 4.6847134 ], [ -74.1734659, 4.6844136 ], [ -74.1738114, 4.6840898 ], [ -74.1741685, 4.6836344 ], [ -74.1743112, 4.6833229 ], [ -74.1743943, 4.6830714 ], [ -74.1745008, 4.6825565 ], [ -74.1745707, 4.6815389 ], [ -74.1746649, 4.6808205 ], [ -74.1751393, 4.679096 ], [ -74.1753531, 4.678545 ], [ -74.1752329, 4.6780185 ], [ -74.1750653, 4.6776597 ], [ -74.1746592, 4.6773731 ], [ -74.1739185, 4.6767758 ], [ -74.1732736, 4.6763938 ], [ -74.1727957, 4.6760116 ], [ -74.1718163, 4.675295 ], [ -74.171887, 4.6747682 ], [ -74.171886, 4.6742175 ], [ -74.1718854, 4.6738345 ], [ -74.1717892, 4.6733798 ], [ -74.1715973, 4.6727816 ], [ -74.1711902, 4.6718725 ], [ -74.1704006, 4.6705571 ], [ -74.1703044, 4.6700784 ], [ -74.1700891, 4.6697436 ], [ -74.1692533, 4.6693859 ], [ -74.1686806, 4.669339 ], [ -74.1681075, 4.6690527 ], [ -74.1674628, 4.6687904 ], [ -74.1666751, 4.6685762 ], [ -74.166126, 4.6684335 ], [ -74.1656723, 4.6682188 ], [ -74.1652664, 4.6680758 ], [ -74.1644072, 4.6679097 ], [ -74.1631897, 4.6675765 ], [ -74.1621041, 4.6676142 ], [ -74.1616388, 4.667591 ], [ -74.1614002, 4.6675675 ], [ -74.1611972, 4.6674721 ], [ -74.1610774, 4.667185 ], [ -74.1608207, 4.6670477 ], [ -74.1607852, 4.6672154 ], [ -74.1608332, 4.6674068 ], [ -74.1609169, 4.6675384 ], [ -74.1610842, 4.6676578 ] ], [ [ -74.1793674, 4.6535842 ], [ -74.1784139, 4.6541006 ], [ -74.1778896, 4.6545204 ], [ -74.1775321, 4.6547365 ], [ -74.1771868, 4.655156 ], [ -74.1762803, 4.6552293 ], [ -74.1755286, 4.6551947 ], [ -74.1749443, 4.6553872 ], [ -74.17442, 4.6557592 ], [ -74.1741345, 4.6562504 ], [ -74.1736701, 4.6567539 ], [ -74.173241, 4.657006 ], [ -74.1726809, 4.6573661 ], [ -74.1716439, 4.6579184 ], [ -74.1707011, 4.6577045 ], [ -74.1701753, 4.6571787 ], [ -74.1698407, 4.656892 ], [ -74.1694111, 4.6568209 ], [ -74.1687431, 4.6568459 ], [ -74.1677413, 4.6570631 ], [ -74.1674433, 4.6572192 ], [ -74.1672647, 4.657423 ], [ -74.1671698, 4.6577463 ], [ -74.1670749, 4.6580577 ], [ -74.1668612, 4.6586925 ], [ -74.1667903, 4.6590996 ], [ -74.1668509, 4.659698 ], [ -74.1667567, 4.6604224 ], [ -74.1661663, 4.6605132 ], [ -74.1660051, 4.6604296 ], [ -74.1656765, 4.6601249 ], [ -74.1655329, 4.6598558 ], [ -74.1652637, 4.6594253 ], [ -74.1648579, 4.6592704 ], [ -74.164464, 4.6591932 ], [ -74.1637782, 4.6592901 ], [ -74.163248, 4.659692 ], [ -74.1630758, 4.660207 ], [ -74.1630116, 4.6610511 ], [ -74.1630006, 4.6616017 ], [ -74.162942, 4.6622542 ], [ -74.1629421, 4.6622961 ], [ -74.1629726, 4.662739 ], [ -74.1628421, 4.6631641 ], [ -74.1626698, 4.6635774 ], [ -74.1624318, 4.6639668 ], [ -74.162044, 4.6639315 ], [ -74.1615546, 4.6637767 ], [ -74.1609218, 4.6634306 ], [ -74.16051, 4.6633356 ], [ -74.1599613, 4.6634023 ], [ -74.1594364, 4.6634151 ], [ -74.1587564, 4.6634043 ], [ -74.1586134, 4.6635123 ], [ -74.1585542, 4.6638116 ], [ -74.1584951, 4.664111 ], [ -74.1589133, 4.6645053 ], [ -74.1595581, 4.6648394 ], [ -74.1602027, 4.6651137 ], [ -74.1606563, 4.6652326 ], [ -74.160931, 4.6653998 ], [ -74.1611703, 4.6658423 ], [ -74.161159, 4.6662493 ], [ -74.1611832, 4.6664408 ], [ -74.1608263, 4.6670399 ], [ -74.1610919, 4.6671741 ], [ -74.1613893, 4.6666349 ], [ -74.1614959, 4.6661679 ], [ -74.1614835, 4.6658807 ], [ -74.1613637, 4.6655576 ], [ -74.161041, 4.665235 ], [ -74.1607307, 4.6651158 ], [ -74.1604202, 4.6649487 ], [ -74.1599189, 4.6647939 ], [ -74.159501, 4.664627 ], [ -74.1592264, 4.6644958 ], [ -74.1590353, 4.6643285 ], [ -74.1587721, 4.66391 ], [ -74.1587719, 4.6637664 ], [ -74.1589894, 4.6636702 ], [ -74.1592519, 4.6636818 ], [ -74.1594428, 4.6636695 ], [ -74.1597409, 4.6635732 ], [ -74.1604089, 4.6635243 ], [ -74.1607907, 4.6635356 ], [ -74.1610415, 4.6636908 ], [ -74.1611967, 4.6637863 ], [ -74.1615788, 4.6639413 ], [ -74.1618297, 4.6641803 ], [ -74.1623309, 4.6642752 ], [ -74.1625815, 4.6642868 ], [ -74.1627841, 4.6641667 ], [ -74.1628913, 4.6640469 ], [ -74.1630221, 4.6638072 ], [ -74.1631767, 4.6634957 ], [ -74.1632836, 4.6632202 ], [ -74.163355, 4.6630885 ], [ -74.1634144, 4.6629327 ], [ -74.1634733, 4.6624897 ], [ -74.1634244, 4.6618075 ], [ -74.1634233, 4.6610893 ], [ -74.1633986, 4.6605866 ], [ -74.1635055, 4.6602991 ], [ -74.163541, 4.6601434 ], [ -74.1636003, 4.6599039 ], [ -74.1638266, 4.659724 ], [ -74.1640889, 4.6595799 ], [ -74.1643512, 4.6595196 ], [ -74.164733, 4.659531 ], [ -74.165151, 4.6597697 ], [ -74.165402, 4.6600685 ], [ -74.1655336, 4.6603077 ], [ -74.1657014, 4.6607743 ], [ -74.1664175, 4.6609646 ], [ -74.1669302, 4.6607722 ], [ -74.1670728, 4.660389 ], [ -74.1671431, 4.6596467 ], [ -74.1672023, 4.6593593 ], [ -74.1672255, 4.6589403 ], [ -74.1673079, 4.6582818 ], [ -74.1676528, 4.6576468 ], [ -74.1681655, 4.6574305 ], [ -74.1687378, 4.6572739 ], [ -74.1691434, 4.6572373 ], [ -74.1696327, 4.6573442 ], [ -74.1709226, 4.658192 ], [ -74.1720919, 4.6583097 ], [ -74.1739747, 4.6569898 ], [ -74.1745585, 4.6564981 ], [ -74.1749036, 4.6559948 ], [ -74.1749033, 4.6558032 ], [ -74.1753443, 4.6555751 ], [ -74.1756425, 4.6555267 ], [ -74.1760721, 4.6555858 ], [ -74.1765852, 4.6556927 ], [ -74.1771697, 4.6556199 ], [ -74.1777059, 4.6552359 ], [ -74.1781346, 4.6547444 ], [ -74.1787901, 4.6543723 ], [ -74.1798272, 4.6538678 ], [ -74.1803749, 4.6532564 ], [ -74.1808152, 4.6525613 ], [ -74.1815645, 4.6512074 ], [ -74.1811652, 4.6512055 ], [ -74.1811292, 4.651259 ], [ -74.1806417, 4.6522295 ], [ -74.1802609, 4.6528166 ], [ -74.1793674, 4.6535842 ] ], [ [ -74.257701, 4.7375488 ], [ -74.2579397, 4.7375963 ], [ -74.2609902, 4.735484 ], [ -74.2632837, 4.737012 ], [ -74.2635237, 4.7377776 ], [ -74.2611414, 4.7399365 ], [ -74.2623366, 4.7410356 ], [ -74.2635782, 4.7414642 ], [ -74.2646746, 4.7407919 ], [ -74.2674925, 4.7419837 ], [ -74.2691114, 4.7399219 ], [ -74.2714997, 4.7410667 ], [ -74.2720664, 4.7377619 ], [ -74.2751707, 4.7390011 ], [ -74.280405, 4.7306125 ], [ -74.2765861, 4.7300929 ], [ -74.2751137, 4.733926 ], [ -74.275497, 4.7347392 ], [ -74.2749263, 4.7358415 ], [ -74.2747362, 4.7362728 ], [ -74.2744519, 4.7373745 ], [ -74.2736889, 4.7377111 ], [ -74.272972, 4.7371378 ], [ -74.2727793, 4.7361806 ], [ -74.2731602, 4.7356532 ], [ -74.2739698, 4.734742 ], [ -74.2744915, 4.7329695 ], [ -74.2742518, 4.7323475 ], [ -74.2728205, 4.7325896 ], [ -74.2717709, 4.732783 ], [ -74.2709124, 4.7330719 ], [ -74.2704354, 4.7331685 ], [ -74.2700536, 4.7331692 ], [ -74.2697664, 4.7327388 ], [ -74.2690983, 4.73274 ], [ -74.268718, 4.7335547 ], [ -74.2683374, 4.7342257 ], [ -74.2677658, 4.7348013 ], [ -74.2670012, 4.7342281 ], [ -74.2672872, 4.734084 ], [ -74.2674302, 4.7339401 ], [ -74.2674296, 4.7336049 ], [ -74.2672382, 4.7333659 ], [ -74.2669991, 4.733079 ], [ -74.2669034, 4.7329356 ], [ -74.2669978, 4.7323608 ], [ -74.2675683, 4.7311628 ], [ -74.2678527, 4.7301089 ], [ -74.2682819, 4.7299166 ], [ -74.2710476, 4.7286667 ], [ -74.2720491, 4.7282818 ], [ -74.2729074, 4.7278972 ], [ -74.2691277, 4.7226853 ], [ -74.2671274, 4.7248914 ], [ -74.2647906, 4.7258054 ], [ -74.2636951, 4.7270044 ], [ -74.2625499, 4.7271022 ], [ -74.2611189, 4.7274878 ], [ -74.260785, 4.7275842 ], [ -74.259689, 4.7284959 ], [ -74.2595467, 4.728975 ], [ -74.2594519, 4.7293103 ], [ -74.2592624, 4.7301246 ], [ -74.2592633, 4.7306034 ], [ -74.2588349, 4.7312266 ], [ -74.258406, 4.7315626 ], [ -74.2543446, 4.7288408 ], [ -74.2540337, 4.7284583 ], [ -74.254081, 4.7282428 ], [ -74.2540093, 4.7281711 ], [ -74.2490042, 4.7314838 ], [ -74.2537932, 4.7406681 ], [ -74.2556505, 4.7385101 ], [ -74.2562699, 4.7379345 ], [ -74.257701, 4.7375488 ] ], [ [ -74.2222964, 4.7007683 ], [ -74.2192476, 4.7039338 ], [ -74.1967391, 4.7137405 ], [ -74.1981272, 4.7161322 ], [ -74.2016096, 4.7152643 ], [ -74.2051556, 4.7236373 ], [ -74.2107815, 4.7204195 ], [ -74.2132705, 4.7246765 ], [ -74.2157021, 4.7233316 ], [ -74.2140273, 4.720749 ], [ -74.225754, 4.7131154 ], [ -74.2245576, 4.7112023 ], [ -74.2286097, 4.7087053 ], [ -74.2349663, 4.7140567 ], [ -74.2373027, 4.7129034 ], [ -74.2311854, 4.7079826 ], [ -74.2345689, 4.7051995 ], [ -74.234281, 4.7043382 ], [ -74.2334696, 4.7042678 ], [ -74.2313719, 4.7054446 ], [ -74.2270716, 4.7024836 ], [ -74.225261, 4.7041147 ], [ -74.2222964, 4.7007683 ] ], [ [ -74.3364672, 4.810565 ], [ -74.3347999, 4.8121962 ], [ -74.3334183, 4.8134916 ], [ -74.3324182, 4.8146426 ], [ -74.3319896, 4.8151222 ], [ -74.3300331, 4.8153176 ], [ -74.3294604, 4.8153187 ], [ -74.328173, 4.8159915 ], [ -74.3275067, 4.8169983 ], [ -74.3268882, 4.8180049 ], [ -74.3263653, 4.8190593 ], [ -74.3257937, 4.8196828 ], [ -74.3246041, 4.8215524 ], [ -74.3237001, 4.8230384 ], [ -74.3232262, 4.8247629 ], [ -74.3222747, 4.8263448 ], [ -74.320607, 4.8278322 ], [ -74.3188909, 4.8289368 ], [ -74.3175083, 4.8297534 ], [ -74.3169366, 4.8302812 ], [ -74.3161282, 4.8318627 ], [ -74.3156047, 4.8326777 ], [ -74.314844, 4.8342113 ], [ -74.3136544, 4.8360809 ], [ -74.3132747, 4.8372307 ], [ -74.3130391, 4.8388111 ], [ -74.3121843, 4.8410631 ], [ -74.3118536, 4.8428352 ], [ -74.3118083, 4.8440802 ], [ -74.310716, 4.846955 ], [ -74.3093819, 4.8481546 ], [ -74.3080954, 4.849354 ], [ -74.3073818, 4.8506002 ], [ -74.3063352, 4.8523738 ], [ -74.3067199, 4.8538573 ], [ -74.3071038, 4.8549099 ], [ -74.3072492, 4.8560587 ], [ -74.307299, 4.8571598 ], [ -74.3070139, 4.8578306 ], [ -74.3069663, 4.8578786 ], [ -74.3058249, 4.8600354 ], [ -74.3043476, 4.8612831 ], [ -74.30349, 4.8620987 ], [ -74.3022511, 4.8632502 ], [ -74.3013467, 4.8645446 ], [ -74.30006, 4.8656483 ], [ -74.2993452, 4.8662721 ], [ -74.2978209, 4.867903 ], [ -74.2976327, 4.8693397 ], [ -74.2973034, 4.87183 ], [ -74.3137713, 4.8718459 ], [ -74.3141042, 4.8712229 ], [ -74.3142942, 4.8707437 ], [ -74.3145784, 4.8695941 ], [ -74.3142904, 4.8687807 ], [ -74.3137635, 4.8678242 ], [ -74.3134268, 4.8664842 ], [ -74.313712, 4.8659091 ], [ -74.3150467, 4.8649489 ], [ -74.315761, 4.8640857 ], [ -74.3157105, 4.8626495 ], [ -74.3150407, 4.8618847 ], [ -74.3147048, 4.8609757 ], [ -74.3147521, 4.8607362 ], [ -74.3151328, 4.8601609 ], [ -74.3163246, 4.8593446 ], [ -74.3171345, 4.858577 ], [ -74.318992, 4.8565146 ], [ -74.3200886, 4.8558422 ], [ -74.3212323, 4.8548824 ], [ -74.3217542, 4.8533013 ], [ -74.3211312, 4.8520098 ], [ -74.3201754, 4.8513893 ], [ -74.3193631, 4.85096 ], [ -74.3186465, 4.8506262 ], [ -74.3186439, 4.8492856 ], [ -74.3195456, 4.8466027 ], [ -74.3202111, 4.8452129 ], [ -74.321212, 4.8444449 ], [ -74.3217831, 4.843582 ], [ -74.3236393, 4.8408971 ], [ -74.3255962, 4.8408454 ], [ -74.3272194, 4.8410338 ], [ -74.3286026, 4.8405523 ], [ -74.3291259, 4.8396415 ], [ -74.3289328, 4.8385407 ], [ -74.3283573, 4.8371534 ], [ -74.3279741, 4.836436 ], [ -74.3278294, 4.8356702 ], [ -74.3278289, 4.8353829 ], [ -74.3287809, 4.8340883 ], [ -74.3291623, 4.8338482 ], [ -74.3296386, 4.8333206 ], [ -74.3303538, 4.8329362 ], [ -74.3313547, 4.832216 ], [ -74.3321642, 4.8312569 ], [ -74.3330666, 4.8289569 ], [ -74.3332557, 4.8280469 ], [ -74.3336834, 4.8270885 ], [ -74.3342061, 4.8258905 ], [ -74.3340131, 4.8248376 ], [ -74.3342002, 4.8228742 ], [ -74.3344859, 4.8225385 ], [ -74.3346269, 4.8213891 ], [ -74.3353403, 4.820095 ], [ -74.3359106, 4.818849 ], [ -74.3364336, 4.8178426 ], [ -74.3363828, 4.8162627 ], [ -74.3368111, 4.8155916 ], [ -74.3373821, 4.8147286 ], [ -74.3381434, 4.8134823 ], [ -74.3383321, 4.8123807 ], [ -74.3387591, 4.8110872 ], [ -74.3389967, 4.8105601 ], [ -74.3397092, 4.8087872 ], [ -74.3397086, 4.8084999 ], [ -74.3396594, 4.8077339 ], [ -74.3396584, 4.8072073 ], [ -74.3393242, 4.8071601 ], [ -74.3388477, 4.807544 ], [ -74.3381332, 4.8082636 ], [ -74.337037, 4.8090797 ], [ -74.3364672, 4.810565 ] ] ] } }
]
}
