{
"type": "FeatureCollection",
"name": "rosal",
"crs": { "type": "name", "properties": { "name": "urn:ogc:def:crs:OGC:1.3:CRS84" } },
"xy_coordinate_resolution": 1e-07,
"features": [
{ "type": "Feature", "properties": { "MpNombre": "Ronda Hidirca", "Clas_CIAF": "3a" }, "geometry": { "type": "Polygon", "coordinates": [ [ [ -74.2349593, 4.9484446 ], [ -74.2346576, 4.9481348 ], [ -74.2339592, 4.947482 ], [ -74.2335398, 4.9470872 ], [ -74.2332516, 4.9468012 ], [ -74.2328321, 4.9463922 ], [ -74.2316769, 4.9452954 ], [ -74.2311524, 4.9447696 ], [ -74.2308743, 4.9445085 ], [ -74.2307339, 4.9443476 ], [ -74.2306259, 4.9442037 ], [ -74.2304731, 4.9441048 ], [ -74.2303022, 4.9440239 ], [ -74.2300594, 4.9439249 ], [ -74.2298705, 4.943871 ], [ -74.2297357, 4.943844 ], [ -74.2295378, 4.943799 ], [ -74.2292321, 4.9437721 ], [ -74.2290162, 4.9437631 ], [ -74.2288364, 4.9437541 ], [ -74.2286205, 4.9437721 ], [ -74.2283597, 4.9437721 ], [ -74.2281349, 4.9437721 ], [ -74.2279371, 4.9437721 ], [ -74.2277033, 4.9437361 ], [ -74.2275504, 4.9436911 ], [ -74.2275144, 4.9436102 ], [ -74.2275144, 4.9434393 ], [ -74.2275594, 4.9432505 ], [ -74.2276763, 4.9430347 ], [ -74.2277752, 4.9428548 ], [ -74.2278292, 4.942621 ], [ -74.2278472, 4.9424321 ], [ -74.2278561, 4.9423962 ], [ -74.2277662, 4.9422343 ], [ -74.2276313, 4.9421084 ], [ -74.2274245, 4.9420275 ], [ -74.2272177, 4.9419555 ], [ -74.2269838, 4.9418206 ], [ -74.226822, 4.9416947 ], [ -74.2265882, 4.9416138 ], [ -74.2263543, 4.9414159 ], [ -74.2261925, 4.9412721 ], [ -74.2260936, 4.9410742 ], [ -74.2259407, 4.9408764 ], [ -74.2257467, 4.9405868 ], [ -74.2256375, 4.940514 ], [ -74.225469, 4.9404062 ], [ -74.2254106, 4.9403285 ], [ -74.2253685, 4.9402669 ], [ -74.2253329, 4.94016 ], [ -74.2253102, 4.9400531 ], [ -74.2252973, 4.9399689 ], [ -74.2252843, 4.9399235 ], [ -74.2252584, 4.9398523 ], [ -74.2252098, 4.9397778 ], [ -74.2251547, 4.9397097 ], [ -74.2250381, 4.9396288 ], [ -74.2248632, 4.9395283 ], [ -74.2247401, 4.9394603 ], [ -74.224523, 4.9393664 ], [ -74.2243449, 4.9392659 ], [ -74.2242833, 4.9392076 ], [ -74.2242282, 4.939104 ], [ -74.2242185, 4.939023 ], [ -74.224225, 4.9389387 ], [ -74.2242444, 4.9387606 ], [ -74.2242541, 4.9386278 ], [ -74.2242541, 4.9385662 ], [ -74.2242185, 4.9385014 ], [ -74.2241408, 4.9384204 ], [ -74.2240274, 4.9383168 ], [ -74.2238589, 4.9380997 ], [ -74.2237715, 4.9379766 ], [ -74.2236937, 4.9378503 ], [ -74.2237099, 4.9377498 ], [ -74.2237132, 4.9376235 ], [ -74.2237067, 4.9374389 ], [ -74.2237067, 4.9372736 ], [ -74.2236581, 4.9370793 ], [ -74.2236386, 4.9369497 ], [ -74.2236348, 4.9369272 ], [ -74.2236062, 4.9367715 ], [ -74.2235933, 4.936561 ], [ -74.223616, 4.9364184 ], [ -74.2235544, 4.9363666 ], [ -74.2234248, 4.9362435 ], [ -74.2232791, 4.9360912 ], [ -74.2231203, 4.9358645 ], [ -74.2229972, 4.9356669 ], [ -74.2228126, 4.9354174 ], [ -74.2226668, 4.9351809 ], [ -74.2225437, 4.9349704 ], [ -74.2224044, 4.9347112 ], [ -74.2222489, 4.9344261 ], [ -74.2221614, 4.9342609 ], [ -74.2220254, 4.934005 ], [ -74.2219379, 4.9338106 ], [ -74.2218666, 4.9336681 ], [ -74.221763, 4.9333474 ], [ -74.2216885, 4.9331822 ], [ -74.2215168, 4.9328809 ], [ -74.2214423, 4.9327707 ], [ -74.2213613, 4.9326768 ], [ -74.2212771, 4.9326055 ], [ -74.2211993, 4.9325537 ], [ -74.221128, 4.9325245 ], [ -74.2210017, 4.9324727 ], [ -74.2209013, 4.9324371 ], [ -74.2207814, 4.9324014 ], [ -74.2206324, 4.9323593 ], [ -74.2204445, 4.932301 ], [ -74.2202404, 4.9322265 ], [ -74.2200979, 4.9321423 ], [ -74.2199294, 4.9320678 ], [ -74.2198387, 4.9320581 ], [ -74.2197577, 4.9320581 ], [ -74.21968, 4.9320678 ], [ -74.219612, 4.9320905 ], [ -74.219531, 4.9321261 ], [ -74.2194856, 4.9321423 ], [ -74.2194273, 4.932152 ], [ -74.2193593, 4.932152 ], [ -74.2192783, 4.932152 ], [ -74.2192005, 4.932152 ], [ -74.219126, 4.9321326 ], [ -74.2190321, 4.9321002 ], [ -74.2189284, 4.9320386 ], [ -74.2187924, 4.9319512 ], [ -74.218611, 4.9318248 ], [ -74.2184263, 4.9316888 ], [ -74.2182481, 4.9315495 ], [ -74.2180635, 4.931394 ], [ -74.2179598, 4.9313259 ], [ -74.2179112, 4.9312968 ], [ -74.2178302, 4.9312806 ], [ -74.2177363, 4.9312741 ], [ -74.2176618, 4.9312741 ], [ -74.217584, 4.9312903 ], [ -74.2175095, 4.9312968 ], [ -74.2174512, 4.9313195 ], [ -74.2174059, 4.9313389 ], [ -74.2173605, 4.9313745 ], [ -74.2173152, 4.9313972 ], [ -74.2172439, 4.9314328 ], [ -74.2171564, 4.9314652 ], [ -74.2170171, 4.9315009 ], [ -74.2167904, 4.9315397 ], [ -74.2167904, 4.9314555 ], [ -74.2167936, 4.9313875 ], [ -74.2168098, 4.9313162 ], [ -74.2168404, 4.931275 ], [ -74.2170132, 4.9311886 ], [ -74.217209, 4.931085 ], [ -74.2173875, 4.9310101 ], [ -74.2175142, 4.9309525 ], [ -74.2176236, 4.9308776 ], [ -74.2176927, 4.93082 ], [ -74.2178137, 4.9307509 ], [ -74.2179634, 4.9306761 ], [ -74.2181189, 4.93063 ], [ -74.2183262, 4.9305609 ], [ -74.218476, 4.9304918 ], [ -74.218666, 4.9304111 ], [ -74.2188906, 4.9302844 ], [ -74.2190864, 4.9301405 ], [ -74.2195011, 4.9297834 ], [ -74.2198812, 4.9295242 ], [ -74.2201691, 4.9292996 ], [ -74.2203246, 4.9291614 ], [ -74.220388, 4.929075 ], [ -74.2204398, 4.9289426 ], [ -74.2204513, 4.9288389 ], [ -74.2204629, 4.9286431 ], [ -74.2204801, 4.9284415 ], [ -74.2205377, 4.9282169 ], [ -74.2205824, 4.9280101 ], [ -74.2206472, 4.9278201 ], [ -74.2207076, 4.9276775 ], [ -74.2208459, 4.9274875 ], [ -74.2209323, 4.9273449 ], [ -74.22101, 4.9272283 ], [ -74.2210489, 4.9271678 ], [ -74.2211007, 4.9270901 ], [ -74.2211698, 4.9269951 ], [ -74.221226, 4.9269346 ], [ -74.2212951, 4.9268871 ], [ -74.2213815, 4.9268223 ], [ -74.221524, 4.9267445 ], [ -74.2217011, 4.926602 ], [ -74.2218004, 4.9265113 ], [ -74.2219732, 4.9263472 ], [ -74.2221157, 4.9262003 ], [ -74.2222669, 4.9260491 ], [ -74.2224008, 4.9259109 ], [ -74.2225131, 4.9257468 ], [ -74.2226989, 4.9254401 ], [ -74.2227766, 4.9252414 ], [ -74.2228414, 4.9250125 ], [ -74.2228846, 4.924844 ], [ -74.2229191, 4.9246842 ], [ -74.2229321, 4.9245849 ], [ -74.2229407, 4.9244855 ], [ -74.2229537, 4.9243819 ], [ -74.2229753, 4.9242652 ], [ -74.2230228, 4.9241357 ], [ -74.2230876, 4.9239456 ], [ -74.2231308, 4.9238031 ], [ -74.2232301, 4.9235612 ], [ -74.2233208, 4.9233366 ], [ -74.2233943, 4.9231854 ], [ -74.2234591, 4.9230645 ], [ -74.2234979, 4.9229263 ], [ -74.2235152, 4.9228312 ], [ -74.2235454, 4.9226498 ], [ -74.2235714, 4.9224555 ], [ -74.2236102, 4.9223129 ], [ -74.223675, 4.9221229 ], [ -74.2237398, 4.9219501 ], [ -74.223783, 4.9218291 ], [ -74.2238219, 4.9217514 ], [ -74.2238521, 4.9216607 ], [ -74.2238694, 4.9215527 ], [ -74.2238651, 4.9214706 ], [ -74.2238521, 4.9214015 ], [ -74.223783, 4.9214663 ], [ -74.223593, 4.9215354 ], [ -74.2234202, 4.9215786 ], [ -74.2232906, 4.9216089 ], [ -74.2231556, 4.9216278 ], [ -74.2229386, 4.9216537 ], [ -74.2227604, 4.9216569 ], [ -74.2225369, 4.9216634 ], [ -74.22243, 4.9216569 ], [ -74.222281, 4.9216537 ], [ -74.2222097, 4.921618 ], [ -74.2221287, 4.9215759 ], [ -74.2220639, 4.9215371 ], [ -74.2219894, 4.9214852 ], [ -74.2219117, 4.9214237 ], [ -74.2218242, 4.9213621 ], [ -74.2217205, 4.9212973 ], [ -74.2215424, 4.9211548 ], [ -74.2213921, 4.9210393 ], [ -74.221766, 4.9202519 ], [ -74.2216476, 4.9201664 ], [ -74.2214833, 4.9200875 ], [ -74.2213123, 4.9200217 ], [ -74.2211874, 4.919956 ], [ -74.2210822, 4.9198902 ], [ -74.2209639, 4.919785 ], [ -74.220885, 4.9196601 ], [ -74.2207863, 4.9194103 ], [ -74.2206746, 4.919167 ], [ -74.2205759, 4.918904 ], [ -74.2205168, 4.9187922 ], [ -74.2204181, 4.9186213 ], [ -74.2203721, 4.9184898 ], [ -74.2203064, 4.9183977 ], [ -74.2202604, 4.918332 ], [ -74.2202012, 4.9182531 ], [ -74.2201289, 4.9181479 ], [ -74.2200631, 4.9179967 ], [ -74.2200105, 4.9178783 ], [ -74.2199513, 4.9177205 ], [ -74.2199316, 4.9175693 ], [ -74.219925, 4.9173721 ], [ -74.2199448, 4.9171748 ], [ -74.2199579, 4.9169841 ], [ -74.2199711, 4.9168592 ], [ -74.2199842, 4.9166357 ], [ -74.2199711, 4.9163332 ], [ -74.2199513, 4.9161031 ], [ -74.2199513, 4.9159453 ], [ -74.2199053, 4.9158072 ], [ -74.2198396, 4.9156494 ], [ -74.2197804, 4.9155114 ], [ -74.2197212, 4.9154653 ], [ -74.2196423, 4.9154325 ], [ -74.2195305, 4.9154127 ], [ -74.2194253, 4.9154062 ], [ -74.2193399, 4.915393 ], [ -74.2192675, 4.9153536 ], [ -74.2192281, 4.9153076 ], [ -74.2191755, 4.9152287 ], [ -74.2191229, 4.91513 ], [ -74.21909, 4.9150051 ], [ -74.2190659, 4.914809 ], [ -74.2190442, 4.9146813 ], [ -74.2188617, 4.9145925 ], [ -74.2187187, 4.9145038 ], [ -74.2185017, 4.9143657 ], [ -74.2183144, 4.9142276 ], [ -74.2181467, 4.9140994 ], [ -74.2179544, 4.9139515 ], [ -74.2177867, 4.9138183 ], [ -74.217627, 4.9136853 ], [ -74.2175161, 4.9135817 ], [ -74.2174273, 4.9134966 ], [ -74.2173422, 4.9133931 ], [ -74.2172609, 4.9132969 ], [ -74.2171943, 4.9131897 ], [ -74.2171018, 4.9130344 ], [ -74.2170427, 4.9129604 ], [ -74.216965, 4.9128605 ], [ -74.216891, 4.9127755 ], [ -74.2167949, 4.9126719 ], [ -74.2167135, 4.9126053 ], [ -74.2166284, 4.912561 ], [ -74.2165064, 4.9124796 ], [ -74.2164287, 4.9124167 ], [ -74.2163659, 4.9123465 ], [ -74.2163141, 4.9122947 ], [ -74.2162438, 4.9122133 ], [ -74.2161662, 4.9120913 ], [ -74.2160959, 4.911947 ], [ -74.216033, 4.9118731 ], [ -74.2159516, 4.911788 ], [ -74.2158814, 4.9117436 ], [ -74.2157963, 4.9117103 ], [ -74.215726, 4.9116918 ], [ -74.2156558, 4.9116918 ], [ -74.2155966, 4.911666 ], [ -74.2155522, 4.9116142 ], [ -74.2155041, 4.9115365 ], [ -74.2154598, 4.9114552 ], [ -74.2154006, 4.9113738 ], [ -74.2153525, 4.9113035 ], [ -74.2152896, 4.9112222 ], [ -74.2152157, 4.911163 ], [ -74.2151047, 4.9110927 ], [ -74.2150049, 4.9110187 ], [ -74.2148902, 4.9109596 ], [ -74.2147682, 4.9109189 ], [ -74.2146461, 4.9108819 ], [ -74.2145167, 4.9108227 ], [ -74.2144501, 4.910782 ], [ -74.2143761, 4.910734 ], [ -74.2143059, 4.9107081 ], [ -74.2142282, 4.9106785 ], [ -74.2141062, 4.9106489 ], [ -74.2139952, 4.9106489 ], [ -74.2138917, 4.9106489 ], [ -74.2137622, 4.9106489 ], [ -74.2136513, 4.9106489 ], [ -74.2135625, 4.9106452 ], [ -74.2134663, 4.9106378 ], [ -74.2133628, 4.9106304 ], [ -74.2132925, 4.9106045 ], [ -74.2132334, 4.9105601 ], [ -74.2131779, 4.9105269 ], [ -74.2131187, 4.9104788 ], [ -74.2130706, 4.9104307 ], [ -74.2130373, 4.910382 ], [ -74.212993, 4.9102932 ], [ -74.2129535, 4.9102094 ], [ -74.2129091, 4.9101009 ], [ -74.2128697, 4.9100171 ], [ -74.2128302, 4.9099382 ], [ -74.2127957, 4.909884 ], [ -74.2127415, 4.9098347 ], [ -74.2126726, 4.9098274 ], [ -74.2125926, 4.9097697 ], [ -74.2125091, 4.9097278 ], [ -74.2124137, 4.909674 ], [ -74.2123421, 4.9096202 ], [ -74.2122884, 4.9095185 ], [ -74.2122646, 4.9094288 ], [ -74.2122586, 4.909375 ], [ -74.2122109, 4.9093451 ], [ -74.2121393, 4.9093092 ], [ -74.2120677, 4.9092793 ], [ -74.2119604, 4.9092434 ], [ -74.211865, 4.9091896 ], [ -74.2117636, 4.9091358 ], [ -74.2116979, 4.90907 ], [ -74.2116383, 4.9089683 ], [ -74.2115846, 4.9088607 ], [ -74.2115547, 4.9087411 ], [ -74.2115249, 4.9086513 ], [ -74.211501, 4.9085377 ], [ -74.2114533, 4.9084121 ], [ -74.2113758, 4.9083164 ], [ -74.2113101, 4.9082267 ], [ -74.2112505, 4.9081609 ], [ -74.2111431, 4.9081011 ], [ -74.2110119, 4.9080832 ], [ -74.2108748, 4.9080533 ], [ -74.2107376, 4.9080294 ], [ -74.2106362, 4.9079995 ], [ -74.210499, 4.9079637 ], [ -74.2104274, 4.9079098 ], [ -74.210326, 4.9078321 ], [ -74.2101948, 4.9077424 ], [ -74.2100815, 4.9076587 ], [ -74.2099682, 4.907563 ], [ -74.2098489, 4.9074554 ], [ -74.2097475, 4.9073597 ], [ -74.209658, 4.907252 ], [ -74.2095805, 4.9071862 ], [ -74.209491, 4.9070965 ], [ -74.2094313, 4.9070367 ], [ -74.2093299, 4.9069171 ], [ -74.2092583, 4.9067975 ], [ -74.2091868, 4.9066779 ], [ -74.2091211, 4.9065702 ], [ -74.2090794, 4.9064446 ], [ -74.2090018, 4.9063011 ], [ -74.2089421, 4.9061635 ], [ -74.2088646, 4.90602 ], [ -74.2088109, 4.9058944 ], [ -74.2087453, 4.9057628 ], [ -74.2086916, 4.9056013 ], [ -74.2086379, 4.9054877 ], [ -74.20862, 4.90538 ], [ -74.2085782, 4.9052663 ], [ -74.2085364, 4.9051168 ], [ -74.2084648, 4.9049912 ], [ -74.2084171, 4.9049314 ], [ -74.2083574, 4.9048716 ], [ -74.2082739, 4.9047879 ], [ -74.2081785, 4.9047281 ], [ -74.208101, 4.9046623 ], [ -74.2080234, 4.9046025 ], [ -74.2079101, 4.9045427 ], [ -74.2078087, 4.904441 ], [ -74.2077371, 4.9043633 ], [ -74.2077133, 4.9043035 ], [ -74.2076834, 4.9042257 ], [ -74.2076775, 4.9041539 ], [ -74.2076774, 4.9040463 ], [ -74.2076834, 4.9039506 ], [ -74.2076655, 4.9038429 ], [ -74.2076177, 4.9037831 ], [ -74.2075402, 4.9037173 ], [ -74.2074925, 4.9037054 ], [ -74.2068495, 4.901558 ], [ -74.2068003, 4.9015282 ], [ -74.2067645, 4.9014684 ], [ -74.2067657, 4.9014143 ], [ -74.2067943, 4.9013569 ], [ -74.2068324, 4.9013042 ], [ -74.2068658, 4.9012372 ], [ -74.2068563, 4.901175 ], [ -74.2068515, 4.9010889 ], [ -74.2068324, 4.9010506 ], [ -74.2067847, 4.9009932 ], [ -74.2067656, 4.9009358 ], [ -74.2067465, 4.900864 ], [ -74.2067322, 4.9007922 ], [ -74.2067131, 4.9007013 ], [ -74.2066558, 4.9005865 ], [ -74.2066224, 4.9005051 ], [ -74.2065603, 4.9004525 ], [ -74.2065031, 4.9003903 ], [ -74.2064172, 4.9003281 ], [ -74.2062741, 4.9002803 ], [ -74.2061452, 4.9002325 ], [ -74.2060259, 4.9001703 ], [ -74.2059067, 4.9001129 ], [ -74.205816, 4.9000316 ], [ -74.2057635, 4.8999454 ], [ -74.2057205, 4.8998497 ], [ -74.2057014, 4.8997445 ], [ -74.2057074, 4.8996308 ], [ -74.2056418, 4.8995411 ], [ -74.205606, 4.8994514 ], [ -74.2055344, 4.8993736 ], [ -74.205427, 4.8993677 ], [ -74.2052839, 4.8993258 ], [ -74.2051706, 4.89929 ], [ -74.2050811, 4.8992122 ], [ -74.2050096, 4.8991464 ], [ -74.2049201, 4.8990747 ], [ -74.2048724, 4.8990029 ], [ -74.2047829, 4.8989012 ], [ -74.2047113, 4.8988175 ], [ -74.2046099, 4.8987517 ], [ -74.2045264, 4.8987159 ], [ -74.2044071, 4.8986441 ], [ -74.2042461, 4.8985963 ], [ -74.2041626, 4.8985664 ], [ -74.2040851, 4.8985305 ], [ -74.2040433, 4.8985066 ], [ -74.2040016, 4.8984528 ], [ -74.2039777, 4.898387 ], [ -74.2039598, 4.8983092 ], [ -74.2039419, 4.8982614 ], [ -74.203918, 4.8982135 ], [ -74.2038524, 4.8981597 ], [ -74.2037868, 4.8981178 ], [ -74.2037212, 4.8980939 ], [ -74.2036198, 4.898076 ], [ -74.2035244, 4.8980282 ], [ -74.2033932, 4.8979744 ], [ -74.2032381, 4.8979205 ], [ -74.2031487, 4.8978787 ], [ -74.2030175, 4.8978488 ], [ -74.2028684, 4.897795 ], [ -74.2027133, 4.8977412 ], [ -74.2026059, 4.8976993 ], [ -74.202433, 4.8976276 ], [ -74.2023435, 4.8975917 ], [ -74.2022123, 4.8975499 ], [ -74.2020573, 4.8975021 ], [ -74.2019559, 4.8974542 ], [ -74.2018545, 4.8973884 ], [ -74.201765, 4.8973286 ], [ -74.2016576, 4.8972689 ], [ -74.2015443, 4.897221 ], [ -74.2014251, 4.8971852 ], [ -74.2013237, 4.8971313 ], [ -74.2011507, 4.8970596 ], [ -74.2010135, 4.8969819 ], [ -74.2009241, 4.896934 ], [ -74.2008883, 4.8968742 ], [ -74.2007869, 4.8967845 ], [ -74.2006735, 4.8966529 ], [ -74.200602, 4.8965752 ], [ -74.2005423, 4.8964915 ], [ -74.2004886, 4.8964197 ], [ -74.200429, 4.89633 ], [ -74.200417, 4.8962642 ], [ -74.2003872, 4.8961804 ], [ -74.2003335, 4.8960967 ], [ -74.2002679, 4.896013 ], [ -74.2001963, 4.8959233 ], [ -74.2001188, 4.8958694 ], [ -74.2000114, 4.8957558 ], [ -74.1999041, 4.89569 ], [ -74.1998027, 4.8956302 ], [ -74.1996893, 4.8955405 ], [ -74.1995581, 4.8954568 ], [ -74.199421, 4.8953671 ], [ -74.1993374, 4.8952894 ], [ -74.1992539, 4.8951757 ], [ -74.1992122, 4.8950741 ], [ -74.1991704, 4.8950023 ], [ -74.1991346, 4.8948707 ], [ -74.1990988, 4.8947511 ], [ -74.199063, 4.8945956 ], [ -74.1990391, 4.8944819 ], [ -74.1990093, 4.8943025 ], [ -74.1989914, 4.8942068 ], [ -74.1989734, 4.8940572 ], [ -74.1989615, 4.8938957 ], [ -74.1989615, 4.8938 ], [ -74.1989615, 4.8937282 ], [ -74.1989555, 4.8935787 ], [ -74.1989614, 4.8934112 ], [ -74.1989495, 4.8932736 ], [ -74.1989435, 4.8931959 ], [ -74.1989077, 4.8931062 ], [ -74.1988659, 4.8929626 ], [ -74.1988361, 4.8928609 ], [ -74.1988182, 4.8927712 ], [ -74.1988301, 4.8926396 ], [ -74.1988181, 4.8925678 ], [ -74.1988002, 4.8924781 ], [ -74.1987763, 4.8923406 ], [ -74.1987286, 4.8921791 ], [ -74.1986988, 4.8920774 ], [ -74.1986987, 4.8919697 ], [ -74.1986749, 4.8918561 ], [ -74.1986212, 4.8917005 ], [ -74.1985675, 4.8916049 ], [ -74.1985198, 4.8914733 ], [ -74.198472, 4.8913477 ], [ -74.1984362, 4.8912161 ], [ -74.1984243, 4.8911503 ], [ -74.1983766, 4.8911204 ], [ -74.198305, 4.8910606 ], [ -74.1982811, 4.8910187 ], [ -74.1981738, 4.8908871 ], [ -74.198132, 4.8908034 ], [ -74.1980127, 4.8906539 ], [ -74.1979531, 4.8905654 ], [ -74.1978994, 4.8904756 ], [ -74.1978337, 4.8903859 ], [ -74.1977681, 4.8902843 ], [ -74.1977085, 4.8901766 ], [ -74.1976488, 4.8900989 ], [ -74.1975892, 4.8900091 ], [ -74.1975713, 4.8899374 ], [ -74.1975474, 4.8898177 ], [ -74.1975116, 4.889722 ], [ -74.1974937, 4.8896084 ], [ -74.1974758, 4.8895067 ], [ -74.1974519, 4.8893871 ], [ -74.19744, 4.8893093 ], [ -74.1973982, 4.8892196 ], [ -74.1973445, 4.8891718 ], [ -74.1972551, 4.8891179 ], [ -74.1971656, 4.889112 ], [ -74.197094, 4.889094 ], [ -74.1970106, 4.889106 ], [ -74.196933, 4.889112 ], [ -74.1968078, 4.8891001 ], [ -74.1967303, 4.8890702 ], [ -74.1966766, 4.8890463 ], [ -74.1965454, 4.8889984 ], [ -74.19645, 4.8889626 ], [ -74.1963605, 4.8889147 ], [ -74.1962651, 4.8888609 ], [ -74.1961995, 4.8888131 ], [ -74.1961398, 4.8887533 ], [ -74.196104, 4.8886994 ], [ -74.1960563, 4.8886396 ], [ -74.1959847, 4.8886038 ], [ -74.1958893, 4.8885798 ], [ -74.195776, 4.888538 ], [ -74.1956806, 4.8885081 ], [ -74.1955852, 4.8884722 ], [ -74.1954659, 4.8884184 ], [ -74.1953526, 4.8883586 ], [ -74.1952512, 4.8882988 ], [ -74.1951438, 4.8882211 ], [ -74.1950663, 4.8881553 ], [ -74.1949768, 4.8880656 ], [ -74.1948993, 4.8880118 ], [ -74.1947979, 4.887952 ], [ -74.1947144, 4.8878922 ], [ -74.1946547, 4.8878144 ], [ -74.194613, 4.8877307 ], [ -74.1945354, 4.887617 ], [ -74.1944639, 4.8875572 ], [ -74.1943684, 4.8875154 ], [ -74.1942969, 4.8874915 ], [ -74.1942134, 4.8874496 ], [ -74.1941358, 4.8874197 ], [ -74.1940762, 4.8873898 ], [ -74.1939808, 4.8873599 ], [ -74.1938555, 4.887336 ], [ -74.1936886, 4.8873002 ], [ -74.1935514, 4.8872583 ], [ -74.1934619, 4.8872105 ], [ -74.1933605, 4.8871567 ], [ -74.193283, 4.8871088 ], [ -74.1932055, 4.887049 ], [ -74.19311, 4.8869892 ], [ -74.1929967, 4.8869354 ], [ -74.1929013, 4.8868636 ], [ -74.1927999, 4.8867859 ], [ -74.1927045, 4.8867321 ], [ -74.192621, 4.8866543 ], [ -74.1925255, 4.8865527 ], [ -74.192448, 4.8864988 ], [ -74.1923884, 4.8864271 ], [ -74.1923287, 4.8863553 ], [ -74.1922392, 4.8862895 ], [ -74.1921319, 4.8861998 ], [ -74.1920365, 4.8861161 ], [ -74.1919768, 4.8860683 ], [ -74.1919231, 4.8860144 ], [ -74.1918337, 4.8859427 ], [ -74.1917859, 4.8858769 ], [ -74.191774, 4.8857872 ], [ -74.1917621, 4.8857094 ], [ -74.1917621, 4.8856197 ], [ -74.191762, 4.885506 ], [ -74.1917382, 4.8853984 ], [ -74.1917083, 4.8852967 ], [ -74.1916785, 4.8852428 ], [ -74.1916367, 4.885201 ], [ -74.1915711, 4.8851472 ], [ -74.1915354, 4.8851173 ], [ -74.1914459, 4.8850874 ], [ -74.1913564, 4.8850515 ], [ -74.191267, 4.8850276 ], [ -74.1911775, 4.8849558 ], [ -74.1910702, 4.884896 ], [ -74.1909926, 4.8848242 ], [ -74.190927, 4.8847465 ], [ -74.1908674, 4.8846807 ], [ -74.1908077, 4.884597 ], [ -74.1907242, 4.8845073 ], [ -74.1906288, 4.8844176 ], [ -74.1905155, 4.8843518 ], [ -74.1904499, 4.884292 ], [ -74.1903544, 4.8842202 ], [ -74.1902709, 4.8841604 ], [ -74.1901517, 4.8841066 ], [ -74.1900503, 4.8840528 ], [ -74.1899608, 4.8840169 ], [ -74.1898534, 4.8839272 ], [ -74.189764, 4.8838614 ], [ -74.1897043, 4.8837956 ], [ -74.1896149, 4.8837239 ], [ -74.1895075, 4.8836461 ], [ -74.1893644, 4.8835684 ], [ -74.1892093, 4.8834847 ], [ -74.189096, 4.883377 ], [ -74.1890185, 4.8833112 ], [ -74.188929, 4.8832335 ], [ -74.1887739, 4.8831378 ], [ -74.1886904, 4.883078 ], [ -74.1884638, 4.8829883 ], [ -74.1883266, 4.8829285 ], [ -74.1881537, 4.8828687 ], [ -74.1879986, 4.8828269 ], [ -74.1878257, 4.882797 ], [ -74.1877303, 4.8827552 ], [ -74.1876408, 4.8827073 ], [ -74.1875275, 4.8825997 ], [ -74.1874499, 4.882504 ], [ -74.1873366, 4.8824621 ], [ -74.1872472, 4.8823724 ], [ -74.1871517, 4.8822767 ], [ -74.187104, 4.882193 ], [ -74.1870861, 4.8820973 ], [ -74.1871219, 4.8820315 ], [ -74.1871934, 4.8819956 ], [ -74.1872888, 4.8819298 ], [ -74.1873604, 4.8818759 ], [ -74.187414, 4.8817802 ], [ -74.1874564, 4.881671 ], [ -74.1874942, 4.8816068 ], [ -74.1875017, 4.8815389 ], [ -74.187498, 4.881486 ], [ -74.187464, 4.8814105 ], [ -74.1874375, 4.8813727 ], [ -74.1873922, 4.8813425 ], [ -74.1873469, 4.8813387 ], [ -74.1873054, 4.881335 ], [ -74.1872752, 4.8813085 ], [ -74.187245, 4.8812708 ], [ -74.187211, 4.8812292 ], [ -74.1871732, 4.8811764 ], [ -74.1871544, 4.8811235 ], [ -74.18706, 4.8808932 ], [ -74.1870071, 4.8807233 ], [ -74.1869769, 4.8806553 ], [ -74.1869391, 4.8806025 ], [ -74.186875, 4.8805609 ], [ -74.1868259, 4.8805383 ], [ -74.1867843, 4.8805345 ], [ -74.1867359, 4.8805185 ], [ -74.1866991, 4.8805185 ], [ -74.1866396, 4.8805185 ], [ -74.1865915, 4.8805185 ], [ -74.1865377, 4.8805185 ], [ -74.1864867, 4.8805128 ], [ -74.1864103, 4.8804958 ], [ -74.1863508, 4.8804675 ], [ -74.18628, 4.880425 ], [ -74.186246, 4.8804194 ], [ -74.186212, 4.8803684 ], [ -74.1861752, 4.8803146 ], [ -74.1861667, 4.8802438 ], [ -74.1861667, 4.8801815 ], [ -74.1861752, 4.8801249 ], [ -74.1861894, 4.8800711 ], [ -74.1862092, 4.8800286 ], [ -74.1861894, 4.8799776 ], [ -74.1861582, 4.879921 ], [ -74.1861497, 4.8798813 ], [ -74.1861497, 4.8798388 ], [ -74.1861497, 4.879802 ], [ -74.186161, 4.8797652 ], [ -74.1862035, 4.8797312 ], [ -74.1862488, 4.8797001 ], [ -74.1863026, 4.8796633 ], [ -74.186348, 4.8796265 ], [ -74.1863933, 4.8795953 ], [ -74.1864216, 4.8795557 ], [ -74.1864471, 4.8795132 ], [ -74.186449, 4.8794805 ], [ -74.1863923, 4.8794097 ], [ -74.1862847, 4.8792709 ], [ -74.1862705, 4.8792426 ], [ -74.1862705, 4.8792086 ], [ -74.1862734, 4.8791803 ], [ -74.1862932, 4.8791463 ], [ -74.186313, 4.8791152 ], [ -74.1863527, 4.8790613 ], [ -74.186398, 4.8790047 ], [ -74.186432, 4.8789764 ], [ -74.1864631, 4.8789367 ], [ -74.1864574, 4.8788914 ], [ -74.186432, 4.878849 ], [ -74.1864036, 4.8788065 ], [ -74.1863753, 4.8787782 ], [ -74.1863413, 4.8787272 ], [ -74.1863272, 4.8786847 ], [ -74.18633, 4.8786337 ], [ -74.1863527, 4.8785941 ], [ -74.1863895, 4.8785686 ], [ -74.1864348, 4.8785431 ], [ -74.1864914, 4.878512 ], [ -74.1865481, 4.8784808 ], [ -74.1865934, 4.8784553 ], [ -74.1866528, 4.878427 ], [ -74.1866868, 4.8784129 ], [ -74.1867661, 4.8783987 ], [ -74.1868567, 4.8783704 ], [ -74.1869077, 4.8783364 ], [ -74.1869644, 4.8782911 ], [ -74.1870182, 4.8782316 ], [ -74.1870691, 4.8781778 ], [ -74.1871258, 4.878124 ], [ -74.1871626, 4.878056 ], [ -74.1871796, 4.8779796 ], [ -74.1871852, 4.8779258 ], [ -74.1871852, 4.8778606 ], [ -74.1871852, 4.8777757 ], [ -74.1871881, 4.8777106 ], [ -74.1871881, 4.8776539 ], [ -74.1871909, 4.8776001 ], [ -74.1872022, 4.8775661 ], [ -74.1872305, 4.8775378 ], [ -74.1872674, 4.877518 ], [ -74.187307, 4.877501 ], [ -74.1873382, 4.8774925 ], [ -74.1873723, 4.8774859 ], [ -74.1874177, 4.8774859 ], [ -74.1874545, 4.8774859 ], [ -74.1875139, 4.8774717 ], [ -74.1875592, 4.8774519 ], [ -74.1876074, 4.8774208 ], [ -74.1876527, 4.8773811 ], [ -74.1876867, 4.8773471 ], [ -74.1876923, 4.8773047 ], [ -74.1876867, 4.8772565 ], [ -74.1876555, 4.8772112 ], [ -74.1876357, 4.8771744 ], [ -74.1876131, 4.8771347 ], [ -74.1876046, 4.8770809 ], [ -74.1876046, 4.8770186 ], [ -74.1876187, 4.8769224 ], [ -74.1876385, 4.8768629 ], [ -74.187664, 4.8768232 ], [ -74.1877235, 4.8767723 ], [ -74.1878283, 4.876676 ], [ -74.1878651, 4.876625 ], [ -74.1878906, 4.876591 ], [ -74.1879359, 4.8765287 ], [ -74.1879274, 4.8764551 ], [ -74.1878821, 4.8763815 ], [ -74.1878368, 4.8763447 ], [ -74.187766, 4.8762994 ], [ -74.1877348, 4.876271 ], [ -74.1876952, 4.8762399 ], [ -74.1876442, 4.8761946 ], [ -74.1876244, 4.8761238 ], [ -74.18763, 4.8760275 ], [ -74.1876725, 4.875917 ], [ -74.1877037, 4.8758746 ], [ -74.187732, 4.8758321 ], [ -74.1877631, 4.8757924 ], [ -74.1877886, 4.8757556 ], [ -74.1878254, 4.875716 ], [ -74.1878708, 4.8756735 ], [ -74.1879132, 4.8756367 ], [ -74.1879727, 4.8756027 ], [ -74.1880407, 4.8755744 ], [ -74.188086, 4.8755687 ], [ -74.1881369, 4.8755659 ], [ -74.1881766, 4.8755631 ], [ -74.1882191, 4.8755428 ], [ -74.1882644, 4.8755226 ], [ -74.1883172, 4.8754773 ], [ -74.1883474, 4.875432 ], [ -74.1883701, 4.8753678 ], [ -74.1884192, 4.8752885 ], [ -74.1884569, 4.8752394 ], [ -74.1885211, 4.8751866 ], [ -74.1885589, 4.8751753 ], [ -74.1886344, 4.8751677 ], [ -74.1886835, 4.8751413 ], [ -74.1887364, 4.8751337 ], [ -74.1887892, 4.8751375 ], [ -74.1888194, 4.8751602 ], [ -74.1888723, 4.8752357 ], [ -74.1889327, 4.8752394 ], [ -74.1889818, 4.8752243 ], [ -74.1890573, 4.8752055 ], [ -74.1891668, 4.875179 ], [ -74.1892914, 4.8751413 ], [ -74.189348, 4.8751111 ], [ -74.1893971, 4.875062 ], [ -74.18945, 4.8749865 ], [ -74.1894613, 4.8748732 ], [ -74.1894613, 4.8747486 ], [ -74.1894424, 4.8746693 ], [ -74.1894047, 4.8746089 ], [ -74.1893669, 4.8745523 ], [ -74.1893254, 4.8744881 ], [ -74.1892952, 4.8744163 ], [ -74.1892763, 4.8743521 ], [ -74.1892763, 4.8742653 ], [ -74.1892763, 4.8741445 ], [ -74.1892914, 4.8740501 ], [ -74.1893103, 4.8739783 ], [ -74.1893216, 4.8739066 ], [ -74.1893329, 4.8738348 ], [ -74.1893594, 4.8737782 ], [ -74.1893971, 4.8737102 ], [ -74.1894424, 4.8736461 ], [ -74.1894764, 4.8735781 ], [ -74.1894877, 4.8735101 ], [ -74.1894726, 4.8734422 ], [ -74.1894726, 4.8733364 ], [ -74.1894726, 4.8732685 ], [ -74.1894877, 4.8731703 ], [ -74.1894915, 4.8731363 ], [ -74.1895104, 4.8730306 ], [ -74.1895255, 4.8729664 ], [ -74.1895595, 4.8728985 ], [ -74.1895859, 4.8728343 ], [ -74.1896123, 4.8727625 ], [ -74.1896539, 4.8727021 ], [ -74.1896879, 4.8725888 ], [ -74.1897105, 4.8725133 ], [ -74.1897558, 4.8725133 ], [ -74.1898049, 4.8725133 ], [ -74.1898653, 4.8725133 ], [ -74.1899522, 4.8725095 ], [ -74.1900088, 4.8724907 ], [ -74.1900617, 4.8724605 ], [ -74.1901221, 4.8724227 ], [ -74.1901825, 4.8723849 ], [ -74.1902297, 4.8724019 ], [ -74.190258, 4.8724529 ], [ -74.1902844, 4.8725058 ], [ -74.1903071, 4.8725624 ], [ -74.19036, 4.8726115 ], [ -74.1903902, 4.872619 ], [ -74.1904355, 4.872619 ], [ -74.1904997, 4.872619 ], [ -74.1905752, 4.8725964 ], [ -74.190628, 4.8725586 ], [ -74.1906582, 4.8725209 ], [ -74.1906733, 4.8724718 ], [ -74.1906733, 4.8724151 ], [ -74.1906733, 4.8723698 ], [ -74.1906733, 4.8723208 ], [ -74.1906733, 4.872249 ], [ -74.1906771, 4.872181 ], [ -74.1906771, 4.8721169 ], [ -74.1906884, 4.8720602 ], [ -74.190696, 4.8720149 ], [ -74.1906998, 4.8719734 ], [ -74.1907073, 4.8719356 ], [ -74.1907338, 4.8718979 ], [ -74.1907753, 4.8718752 ], [ -74.1908055, 4.8718601 ], [ -74.1908621, 4.8718337 ], [ -74.1909376, 4.8717959 ], [ -74.1910094, 4.8717582 ], [ -74.191066, 4.8717242 ], [ -74.1910925, 4.8716902 ], [ -74.1911076, 4.8716524 ], [ -74.1911149, 4.8716127 ], [ -74.1911149, 4.8715561 ], [ -74.1911149, 4.8715023 ], [ -74.1911177, 4.8714485 ], [ -74.1911262, 4.871406 ], [ -74.1911432, 4.8713664 ], [ -74.1911885, 4.8713267 ], [ -74.1912338, 4.8712927 ], [ -74.1912735, 4.8712644 ], [ -74.1913131, 4.8712418 ], [ -74.1913584, 4.8712219 ], [ -74.1914349, 4.871205 ], [ -74.1914802, 4.8711908 ], [ -74.1915425, 4.871188 ], [ -74.1915991, 4.871188 ], [ -74.1916643, 4.871188 ], [ -74.1917492, 4.8711851 ], [ -74.1918597, 4.8711766 ], [ -74.191905, 4.8711738 ], [ -74.1919418, 4.871154 ], [ -74.1919871, 4.8711257 ], [ -74.1920253, 4.8710945 ], [ -74.1920664, 4.8710209 ], [ -74.1920806, 4.8709699 ], [ -74.1920919, 4.8708934 ], [ -74.1920636, 4.8708453 ], [ -74.1920098, 4.8708085 ], [ -74.191939, 4.8707802 ], [ -74.191871, 4.8707547 ], [ -74.1918115, 4.8707065 ], [ -74.1917691, 4.8706754 ], [ -74.1917379, 4.8706414 ], [ -74.1917181, 4.8706103 ], [ -74.1917096, 4.8705734 ], [ -74.1917096, 4.8705253 ], [ -74.1917124, 4.8704857 ], [ -74.1917124, 4.8704573 ], [ -74.1917464, 4.8703696 ], [ -74.1917776, 4.8702506 ], [ -74.1918115, 4.8701458 ], [ -74.1918653, 4.8700382 ], [ -74.191905, 4.8699448 ], [ -74.1919418, 4.8698796 ], [ -74.1919645, 4.8698315 ], [ -74.1919871, 4.8698088 ], [ -74.1920069, 4.8697494 ], [ -74.1919814, 4.8697154 ], [ -74.191939, 4.8696899 ], [ -74.1918937, 4.8696701 ], [ -74.1918512, 4.8696588 ], [ -74.1917889, 4.8696503 ], [ -74.1917322, 4.8696446 ], [ -74.1916898, 4.8696418 ], [ -74.191568, 4.8696588 ], [ -74.1915312, 4.8696588 ], [ -74.1915029, 4.8696644 ], [ -74.1914632, 4.8696786 ], [ -74.1914179, 4.8696842 ], [ -74.1913811, 4.8696842 ], [ -74.1913216, 4.8696871 ], [ -74.1912777, 4.8696842 ], [ -74.1912452, 4.8696616 ], [ -74.1912168, 4.8696389 ], [ -74.1911885, 4.8696163 ], [ -74.191163, 4.8695908 ], [ -74.1911347, 4.8695596 ], [ -74.1911036, 4.8695172 ], [ -74.1910724, 4.8694634 ], [ -74.1910583, 4.8693756 ], [ -74.1910526, 4.8693246 ], [ -74.1910596, 4.8692519 ], [ -74.1910696, 4.8692142 ], [ -74.1910866, 4.8691915 ], [ -74.1911121, 4.8691632 ], [ -74.1911291, 4.8691349 ], [ -74.1911545, 4.8691066 ], [ -74.1911772, 4.8690754 ], [ -74.1912112, 4.8690414 ], [ -74.1912367, 4.8690216 ], [ -74.1912452, 4.8689904 ], [ -74.1912452, 4.8689451 ], [ -74.1912452, 4.8689027 ], [ -74.1912423, 4.8688573 ], [ -74.1912338, 4.868795 ], [ -74.1912336, 4.8687319 ], [ -74.1912357, 4.8686703 ], [ -74.1912357, 4.8686151 ], [ -74.1912527, 4.8685683 ], [ -74.1912654, 4.8685344 ], [ -74.1912867, 4.8685089 ], [ -74.1913143, 4.8684813 ], [ -74.1913525, 4.8684473 ], [ -74.1913886, 4.8684175 ], [ -74.1914184, 4.8683899 ], [ -74.1914438, 4.8683538 ], [ -74.1914608, 4.8683113 ], [ -74.1914651, 4.8682338 ], [ -74.1914545, 4.8681733 ], [ -74.191446, 4.8681436 ], [ -74.1914269, 4.8681075 ], [ -74.1914099, 4.8680777 ], [ -74.1913907, 4.8680501 ], [ -74.1913716, 4.8680289 ], [ -74.1913483, 4.8679991 ], [ -74.1913079, 4.8679609 ], [ -74.1912591, 4.8678887 ], [ -74.1912145, 4.8678377 ], [ -74.1911869, 4.8677867 ], [ -74.1911614, 4.8677485 ], [ -74.1911614, 4.8677145 ], [ -74.1911635, 4.8676763 ], [ -74.191172, 4.8676466 ], [ -74.1911847, 4.8675892 ], [ -74.1911911, 4.8675552 ], [ -74.1911911, 4.8675234 ], [ -74.191192, 4.8674772 ], [ -74.191192, 4.8674242 ], [ -74.1912083, 4.867355 ], [ -74.1912368, 4.8673347 ], [ -74.1913508, 4.8673306 ], [ -74.1913956, 4.8673143 ], [ -74.1914567, 4.8672899 ], [ -74.1914811, 4.8672655 ], [ -74.1915009, 4.8672116 ], [ -74.1915055, 4.8670863 ], [ -74.1915014, 4.8669764 ], [ -74.1914974, 4.8669072 ], [ -74.1914607, 4.8668502 ], [ -74.1914159, 4.8668013 ], [ -74.191363, 4.866785 ], [ -74.1912938, 4.8667891 ], [ -74.1912368, 4.8667932 ], [ -74.1911961, 4.8667932 ], [ -74.1911594, 4.8667972 ], [ -74.1911228, 4.8667728 ], [ -74.1911309, 4.8663331 ], [ -74.1911472, 4.8660603 ], [ -74.1911106, 4.8658771 ], [ -74.1910576, 4.8655961 ], [ -74.1910129, 4.8652948 ], [ -74.1910169, 4.8650912 ], [ -74.1910129, 4.8648266 ], [ -74.1910414, 4.8647045 ], [ -74.1911106, 4.8645619 ], [ -74.1911513, 4.8645172 ], [ -74.1912001, 4.8644602 ], [ -74.1912409, 4.8644235 ], [ -74.1912734, 4.864395 ], [ -74.1913671, 4.8643462 ], [ -74.1914078, 4.8643177 ], [ -74.1914526, 4.864281 ], [ -74.1914892, 4.8642444 ], [ -74.191534, 4.8641955 ], [ -74.1915625, 4.8641589 ], [ -74.1916032, 4.86411 ], [ -74.1916765, 4.8640326 ], [ -74.1917213, 4.8639716 ], [ -74.1917539, 4.8639309 ], [ -74.191815, 4.8638861 ], [ -74.1919045, 4.8638942 ], [ -74.1919778, 4.8639268 ], [ -74.1920348, 4.8639675 ], [ -74.192104, 4.8640367 ], [ -74.1921447, 4.8640978 ], [ -74.1921651, 4.8641426 ], [ -74.1922343, 4.8641629 ], [ -74.1922954, 4.8641589 ], [ -74.1923361, 4.8641344 ], [ -74.1923565, 4.8641181 ], [ -74.192385, 4.8640896 ], [ -74.1924053, 4.8640693 ], [ -74.1924548, 4.8639865 ], [ -74.1925665, 4.8638611 ], [ -74.1926489, 4.8637873 ], [ -74.1926953, 4.8637392 ], [ -74.1927606, 4.8636619 ], [ -74.1927777, 4.8635897 ], [ -74.1928069, 4.8635039 ], [ -74.1928361, 4.8634111 ], [ -74.1928653, 4.8633149 ], [ -74.1928928, 4.8632393 ], [ -74.1929048, 4.8631912 ], [ -74.192922, 4.863162 ], [ -74.1929461, 4.863138 ], [ -74.192965, 4.8631191 ], [ -74.1929907, 4.8631036 ], [ -74.1930268, 4.8630813 ], [ -74.1930474, 4.8630658 ], [ -74.1930766, 4.863059 ], [ -74.1931041, 4.863059 ], [ -74.1931453, 4.863059 ], [ -74.193198, 4.863065 ], [ -74.1932209, 4.863081 ], [ -74.1932507, 4.8630948 ], [ -74.1933102, 4.8631016 ], [ -74.1933545, 4.8631066 ], [ -74.1934003, 4.8630944 ], [ -74.1934308, 4.8630669 ], [ -74.1934614, 4.8630364 ], [ -74.1935225, 4.8629661 ], [ -74.1935644, 4.8628932 ], [ -74.193624, 4.8627856 ], [ -74.1936904, 4.8626459 ], [ -74.1937751, 4.8624626 ], [ -74.1938553, 4.8623069 ], [ -74.1939263, 4.8621649 ], [ -74.1940294, 4.8620229 ], [ -74.1941118, 4.8619038 ], [ -74.1941668, 4.8618328 ], [ -74.1942057, 4.8617962 ], [ -74.1942378, 4.861771 ], [ -74.1942744, 4.8617458 ], [ -74.1943202, 4.8617481 ], [ -74.1943775, 4.8617618 ], [ -74.1944027, 4.861771 ], [ -74.1944347, 4.8617985 ], [ -74.1944668, 4.8618282 ], [ -74.1945218, 4.8619015 ], [ -74.1945676, 4.8619313 ], [ -74.1946088, 4.8619519 ], [ -74.1946615, 4.8619519 ], [ -74.1948035, 4.8619496 ], [ -74.194879, 4.8619657 ], [ -74.1949271, 4.8619771 ], [ -74.1949844, 4.8620115 ], [ -74.1950256, 4.8620367 ], [ -74.1950897, 4.8620733 ], [ -74.1951333, 4.862087 ], [ -74.1951607, 4.8620939 ], [ -74.1951974, 4.8621145 ], [ -74.1952249, 4.862142 ], [ -74.1952546, 4.862158 ], [ -74.195305, 4.8621649 ], [ -74.1953554, 4.862158 ], [ -74.1953783, 4.8621466 ], [ -74.1954058, 4.8621214 ], [ -74.1954264, 4.8620893 ], [ -74.1954424, 4.8620527 ], [ -74.1954653, 4.862016 ], [ -74.1954837, 4.8619977 ], [ -74.1954768, 4.8619588 ], [ -74.1954585, 4.861929 ], [ -74.1954287, 4.8618992 ], [ -74.1953944, 4.8618718 ], [ -74.1953463, 4.8618534 ], [ -74.1953234, 4.8618351 ], [ -74.1953004, 4.8618122 ], [ -74.1952775, 4.8617802 ], [ -74.1952638, 4.8617572 ], [ -74.1952615, 4.861716 ], [ -74.1952789, 4.8616762 ], [ -74.1953073, 4.8616519 ], [ -74.1953394, 4.861629 ], [ -74.1953692, 4.8616084 ], [ -74.1953921, 4.8615855 ], [ -74.1954218, 4.8615649 ], [ -74.1954516, 4.861542 ], [ -74.1954997, 4.8614962 ], [ -74.1955478, 4.8614458 ], [ -74.1955684, 4.8613977 ], [ -74.1955684, 4.8613267 ], [ -74.1955684, 4.861258 ], [ -74.1955684, 4.8611732 ], [ -74.1955615, 4.8610404 ], [ -74.1955615, 4.860974 ], [ -74.1955776, 4.8608915 ], [ -74.1956028, 4.8608595 ], [ -74.1956325, 4.8608343 ], [ -74.1956783, 4.8608114 ], [ -74.1957196, 4.8608068 ], [ -74.1957608, 4.8608137 ], [ -74.1958043, 4.8608343 ], [ -74.1958318, 4.8608549 ], [ -74.1958639, 4.8608938 ], [ -74.1958776, 4.860919 ], [ -74.1958959, 4.8609373 ], [ -74.1959234, 4.8609465 ], [ -74.1959679, 4.8609393 ], [ -74.1959852, 4.8609144 ], [ -74.1959875, 4.8608709 ], [ -74.1959875, 4.8608274 ], [ -74.1959829, 4.8607862 ], [ -74.1959761, 4.8607495 ], [ -74.1959669, 4.8607243 ], [ -74.1959463, 4.8606946 ], [ -74.1958982, 4.860635 ], [ -74.1958318, 4.8605846 ], [ -74.1957837, 4.860564 ], [ -74.1957448, 4.8605503 ], [ -74.1957012, 4.8605411 ], [ -74.19566, 4.8605182 ], [ -74.1956211, 4.8604839 ], [ -74.1955341, 4.8604106 ], [ -74.1955157, 4.8603923 ], [ -74.195486, 4.8603533 ], [ -74.1954631, 4.8603075 ], [ -74.1954608, 4.8602548 ], [ -74.1954608, 4.860209 ], [ -74.1954699, 4.8601564 ], [ -74.1954837, 4.8601266 ], [ -74.1955134, 4.8601014 ], [ -74.1955409, 4.8600831 ], [ -74.1955936, 4.8600739 ], [ -74.1956806, 4.8600556 ], [ -74.1957608, 4.8600235 ], [ -74.1958203, 4.859996 ], [ -74.1958478, 4.8599686 ], [ -74.1958707, 4.8599044 ], [ -74.1958822, 4.8598449 ], [ -74.1958799, 4.8597945 ], [ -74.1958616, 4.8597373 ], [ -74.1958409, 4.8597029 ], [ -74.1958043, 4.8596663 ], [ -74.1957791, 4.8596456 ], [ -74.1957631, 4.859625 ], [ -74.1957425, 4.8595953 ], [ -74.1957196, 4.8595655 ], [ -74.195699, 4.8595334 ], [ -74.1956944, 4.8594876 ], [ -74.1956967, 4.8594418 ], [ -74.1957012, 4.8594006 ], [ -74.1957127, 4.8593639 ], [ -74.195731, 4.8593319 ], [ -74.1957562, 4.8593067 ], [ -74.1957791, 4.8592884 ], [ -74.1958043, 4.8592678 ], [ -74.1958547, 4.8592609 ], [ -74.1959051, 4.8592609 ], [ -74.1959371, 4.8592609 ], [ -74.1959784, 4.8592723 ], [ -74.1960265, 4.8592884 ], [ -74.196086, 4.8593158 ], [ -74.1961227, 4.8593433 ], [ -74.196157, 4.85938 ], [ -74.1961982, 4.8594624 ], [ -74.1962303, 4.8595655 ], [ -74.1962463, 4.8596548 ], [ -74.1962669, 4.8597624 ], [ -74.1962761, 4.859838 ], [ -74.1962875, 4.8598838 ], [ -74.1963036, 4.8599228 ], [ -74.1963288, 4.8599411 ], [ -74.1963585, 4.8599502 ], [ -74.1964044, 4.8599502 ], [ -74.1964729, 4.8599346 ], [ -74.1965005, 4.8599136 ], [ -74.1965234, 4.859893 ], [ -74.1965486, 4.8598598 ], [ -74.1965922, 4.8598014 ], [ -74.1966219, 4.8597624 ], [ -74.1966517, 4.859735 ], [ -74.1966975, 4.8597075 ], [ -74.1967341, 4.8596823 ], [ -74.1967845, 4.8596594 ], [ -74.1968418, 4.8596571 ], [ -74.1969059, 4.8596594 ], [ -74.1969357, 4.8596685 ], [ -74.1969861, 4.8597258 ], [ -74.1970067, 4.8597624 ], [ -74.1970227, 4.8598105 ], [ -74.1970319, 4.8598655 ], [ -74.1970484, 4.8599247 ], [ -74.1970606, 4.8599695 ], [ -74.1970647, 4.8600142 ], [ -74.1970647, 4.860055 ], [ -74.1970647, 4.8600957 ], [ -74.197081, 4.8601445 ], [ -74.1971095, 4.860173 ], [ -74.1971339, 4.8601934 ], [ -74.1971828, 4.8602056 ], [ -74.1972113, 4.8602056 ], [ -74.1972479, 4.8602056 ], [ -74.1972805, 4.8602015 ], [ -74.197309, 4.8601852 ], [ -74.1973474, 4.8601458 ], [ -74.1973782, 4.8601038 ], [ -74.1973986, 4.8600794 ], [ -74.1974189, 4.8600387 ], [ -74.1974515, 4.8599857 ], [ -74.1974719, 4.8599369 ], [ -74.19748, 4.8598921 ], [ -74.1974841, 4.8598432 ], [ -74.1974841, 4.8598025 ], [ -74.1974759, 4.8597659 ], [ -74.1974637, 4.8597333 ], [ -74.1974311, 4.8596844 ], [ -74.1974149, 4.8596315 ], [ -74.1974149, 4.8595745 ], [ -74.1974149, 4.8595338 ], [ -74.1974149, 4.8594931 ], [ -74.1974394, 4.8594436 ], [ -74.19748, 4.8593872 ], [ -74.1975289, 4.8593424 ], [ -74.1975451, 4.8592976 ], [ -74.1975451, 4.8592488 ], [ -74.197537, 4.859204 ], [ -74.1975085, 4.8591796 ], [ -74.1974922, 4.8591307 ], [ -74.1974922, 4.8590737 ], [ -74.1974922, 4.8590167 ], [ -74.1974922, 4.8589597 ], [ -74.1975044, 4.8589068 ], [ -74.1975085, 4.8588579 ], [ -74.1975289, 4.8587968 ], [ -74.1975655, 4.8587439 ], [ -74.197594, 4.8586991 ], [ -74.1976184, 4.8586625 ], [ -74.1976469, 4.858634 ], [ -74.1976877, 4.8586055 ], [ -74.1977406, 4.8585648 ], [ -74.197765, 4.8585444 ], [ -74.1978383, 4.8585342 ], [ -74.1979252, 4.8585342 ], [ -74.1980229, 4.8585342 ], [ -74.1980989, 4.8585179 ], [ -74.1981532, 4.8584691 ], [ -74.1982183, 4.8584094 ], [ -74.1982617, 4.8583442 ], [ -74.1983106, 4.8582737 ], [ -74.1983595, 4.8582139 ], [ -74.1984246, 4.8581162 ], [ -74.1984897, 4.8580565 ], [ -74.1985549, 4.8579914 ], [ -74.1986418, 4.8579208 ], [ -74.1987286, 4.8578611 ], [ -74.1988263, 4.8578122 ], [ -74.1989186, 4.8577905 ], [ -74.1989892, 4.8577905 ], [ -74.1990761, 4.8577905 ], [ -74.1991629, 4.8577905 ], [ -74.1992606, 4.8577905 ], [ -74.1993638, 4.8577905 ], [ -74.1994778, 4.8577634 ], [ -74.1995823, 4.8577263 ], [ -74.1996547, 4.8576828 ], [ -74.1997054, 4.8576322 ], [ -74.1997778, 4.8575453 ], [ -74.199814, 4.8574874 ], [ -74.1998719, 4.8574005 ], [ -74.199937, 4.8573571 ], [ -74.2000456, 4.8573209 ], [ -74.2001324, 4.8572775 ], [ -74.2003062, 4.8572775 ], [ -74.2005161, 4.857292 ], [ -74.2007187, 4.8573209 ], [ -74.2008997, 4.8573281 ], [ -74.2010734, 4.8573281 ], [ -74.2012254, 4.8573282 ], [ -74.2013847, 4.8573499 ], [ -74.2014715, 4.8574078 ], [ -74.2015294, 4.8573716 ], [ -74.2015294, 4.8572485 ], [ -74.2015584, 4.857082 ], [ -74.2015748, 4.8569233 ], [ -74.2015577, 4.8568345 ], [ -74.2015411, 4.8567367 ], [ -74.2015369, 4.8565904 ], [ -74.201529, 4.856529 ], [ -74.2015234, 4.8564788 ], [ -74.2015234, 4.8564119 ], [ -74.2015234, 4.8563339 ], [ -74.2015345, 4.8562726 ], [ -74.2016237, 4.8561277 ], [ -74.2016906, 4.8559883 ], [ -74.2017687, 4.855849 ], [ -74.2018132, 4.8557208 ], [ -74.2018355, 4.8556595 ], [ -74.2018467, 4.8555814 ], [ -74.2018467, 4.85547 ], [ -74.20183, 4.8553696 ], [ -74.2017965, 4.8553083 ], [ -74.2017742, 4.8551968 ], [ -74.2017854, 4.8551522 ], [ -74.2018188, 4.8551244 ], [ -74.2018411, 4.8551076 ], [ -74.2019024, 4.8550798 ], [ -74.2019359, 4.8550742 ], [ -74.2020083, 4.8550686 ], [ -74.2020585, 4.8550408 ], [ -74.202131, 4.8549906 ], [ -74.2022034, 4.8549404 ], [ -74.2022146, 4.8548847 ], [ -74.2022201, 4.8547955 ], [ -74.2021867, 4.8547175 ], [ -74.2021365, 4.8546506 ], [ -74.2020919, 4.8546171 ], [ -74.2020251, 4.8545503 ], [ -74.2020028, 4.8544889 ], [ -74.2020028, 4.8544276 ], [ -74.2020306, 4.8543273 ], [ -74.2020864, 4.8542158 ], [ -74.2021421, 4.8541155 ], [ -74.2022647, 4.8540598 ], [ -74.2023428, 4.854043 ], [ -74.202471, 4.8540542 ], [ -74.2025323, 4.8541043 ], [ -74.2025992, 4.8541935 ], [ -74.2026382, 4.8542771 ], [ -74.2026939, 4.8543329 ], [ -74.2027664, 4.8543719 ], [ -74.2028444, 4.854383 ], [ -74.2029225, 4.8543607 ], [ -74.2029726, 4.8543329 ], [ -74.2030284, 4.8542883 ], [ -74.203073, 4.8542493 ], [ -74.2031064, 4.8541991 ], [ -74.2031287, 4.8541266 ], [ -74.2031343, 4.8540319 ], [ -74.2031231, 4.8538981 ], [ -74.2031231, 4.8537922 ], [ -74.2031231, 4.8536919 ], [ -74.2031231, 4.8535915 ], [ -74.2031231, 4.8535079 ], [ -74.203151, 4.853441 ], [ -74.20319, 4.8533797 ], [ -74.2032234, 4.8533351 ], [ -74.2032792, 4.853285 ], [ -74.2033461, 4.8532404 ], [ -74.2034241, 4.8532292 ], [ -74.2035021, 4.8532348 ], [ -74.2035802, 4.8533017 ], [ -74.2036861, 4.8533686 ], [ -74.2037976, 4.8534355 ], [ -74.2038812, 4.8534801 ], [ -74.2039648, 4.8534856 ], [ -74.2040205, 4.8534689 ], [ -74.2040763, 4.8534466 ], [ -74.2041487, 4.8534076 ], [ -74.2041877, 4.8533742 ], [ -74.2042323, 4.8533296 ], [ -74.2042713, 4.8532794 ], [ -74.2043382, 4.8531846 ], [ -74.2043773, 4.8531289 ], [ -74.2044051, 4.8530286 ], [ -74.2044274, 4.8529728 ], [ -74.204472, 4.8527666 ], [ -74.2044943, 4.852304 ], [ -74.2044943, 4.8521312 ], [ -74.2044943, 4.8520197 ], [ -74.2045054, 4.8519472 ], [ -74.20455, 4.8519026 ], [ -74.2046002, 4.8518748 ], [ -74.2047061, 4.8518915 ], [ -74.204773, 4.8519249 ], [ -74.2047897, 4.8520364 ], [ -74.2048455, 4.8522817 ], [ -74.2048845, 4.8523876 ], [ -74.2049291, 4.85246 ], [ -74.2049792, 4.8524656 ], [ -74.2050684, 4.8524099 ], [ -74.2051019, 4.852343 ], [ -74.2051297, 4.8520531 ], [ -74.2051186, 4.8518358 ], [ -74.2052022, 4.8517633 ], [ -74.2053304, 4.8516295 ], [ -74.205453, 4.8515292 ], [ -74.2055088, 4.8515069 ], [ -74.2055645, 4.8515069 ], [ -74.2056537, 4.8515348 ], [ -74.2057763, 4.8515682 ], [ -74.2058711, 4.8515738 ], [ -74.2059435, 4.8515626 ], [ -74.2059993, 4.8514902 ], [ -74.2060216, 4.8513954 ], [ -74.2060327, 4.8512839 ], [ -74.2060327, 4.8511557 ], [ -74.2060829, 4.8511 ], [ -74.2061888, 4.8510387 ], [ -74.2063114, 4.8510164 ], [ -74.2064675, 4.8509718 ], [ -74.2066793, 4.8509439 ], [ -74.2067406, 4.8509161 ], [ -74.2067685, 4.8508826 ], [ -74.2067406, 4.8508436 ], [ -74.2066849, 4.8508018 ], [ -74.206618, 4.8507934 ], [ -74.2065678, 4.8507544 ], [ -74.2065678, 4.8506931 ], [ -74.2066143, 4.8506306 ], [ -74.2066561, 4.850593 ], [ -74.2067438, 4.850547 ], [ -74.206886, 4.8505178 ], [ -74.2070825, 4.8504676 ], [ -74.2071995, 4.8504634 ], [ -74.2074085, 4.8504592 ], [ -74.2075005, 4.8504634 ], [ -74.2075925, 4.8504885 ], [ -74.2076301, 4.8505261 ], [ -74.2076468, 4.8505937 ], [ -74.2076524, 4.8506606 ], [ -74.2076524, 4.8507052 ], [ -74.2076301, 4.8507609 ], [ -74.2075855, 4.8508724 ], [ -74.2075353, 4.8509894 ], [ -74.2075409, 4.8510285 ], [ -74.2075744, 4.8510396 ], [ -74.207658, 4.8510396 ], [ -74.2077694, 4.8510229 ], [ -74.2078475, 4.8509672 ], [ -74.2080481, 4.8509337 ], [ -74.2082432, 4.8509226 ], [ -74.2083547, 4.8508947 ], [ -74.2084104, 4.8508612 ], [ -74.2084327, 4.8508167 ], [ -74.2084327, 4.8507665 ], [ -74.2084327, 4.850694 ], [ -74.2084383, 4.8506104 ], [ -74.2084941, 4.850538 ], [ -74.2085609, 4.8504989 ], [ -74.2086613, 4.8504989 ], [ -74.2087282, 4.8504989 ], [ -74.2088229, 4.8504989 ], [ -74.2089102, 4.8504982 ], [ -74.2089939, 4.8504523 ], [ -74.2090942, 4.8503478 ], [ -74.2091903, 4.8502223 ], [ -74.2093366, 4.8499673 ], [ -74.2095749, 4.849658 ], [ -74.2098049, 4.849449 ], [ -74.2099219, 4.8493319 ], [ -74.2099888, 4.8492608 ], [ -74.2101226, 4.8491396 ], [ -74.2102354, 4.8490685 ], [ -74.2103107, 4.8490476 ], [ -74.2103776, 4.8490058 ], [ -74.2104361, 4.8489682 ], [ -74.2104904, 4.8489264 ], [ -74.2105197, 4.848893 ], [ -74.2105573, 4.8488303 ], [ -74.2106075, 4.8487717 ], [ -74.2106702, 4.8487048 ], [ -74.2107413, 4.8486421 ], [ -74.2107873, 4.8486045 ], [ -74.2108416, 4.8485627 ], [ -74.2109001, 4.8485251 ], [ -74.2109503, 4.8484833 ], [ -74.2110339, 4.8484666 ], [ -74.2111866, 4.8484432 ], [ -74.2113831, 4.848439 ], [ -74.2115628, 4.8484223 ], [ -74.2118011, 4.8484055 ], [ -74.2119223, 4.8483846 ], [ -74.2119558, 4.8483637 ], [ -74.2119976, 4.8483345 ], [ -74.2120561, 4.8482801 ], [ -74.2120854, 4.84823 ], [ -74.212123, 4.8481589 ], [ -74.2121439, 4.8480544 ], [ -74.2121439, 4.8479457 ], [ -74.2121439, 4.8478245 ], [ -74.2121523, 4.8476991 ], [ -74.2121815, 4.8475987 ], [ -74.2122651, 4.8475026 ], [ -74.2123864, 4.847373 ], [ -74.2124825, 4.8472768 ], [ -74.2124909, 4.8471472 ], [ -74.2124909, 4.8470427 ], [ -74.2125243, 4.8469758 ], [ -74.2126205, 4.8468964 ], [ -74.212679, 4.846817 ], [ -74.2126881, 4.846746 ], [ -74.212677, 4.8465732 ], [ -74.2126603, 4.8464004 ], [ -74.2126045, 4.8461997 ], [ -74.2125822, 4.845882 ], [ -74.2125766, 4.8454919 ], [ -74.2125822, 4.8453358 ], [ -74.2126157, 4.8451853 ], [ -74.2126603, 4.8451073 ], [ -74.2127356, 4.8450188 ], [ -74.2128709, 4.8449466 ], [ -74.2130197, 4.8448925 ], [ -74.2130919, 4.8448564 ], [ -74.2131776, 4.8448339 ], [ -74.2132768, 4.8448339 ], [ -74.2134707, 4.8448294 ], [ -74.213606, 4.8448294 ], [ -74.213836, 4.8448068 ], [ -74.2139217, 4.8447798 ], [ -74.2139623, 4.8447527 ], [ -74.2140074, 4.8446986 ], [ -74.214048, 4.844631 ], [ -74.2140885, 4.8445588 ], [ -74.2141066, 4.8444596 ], [ -74.2141201, 4.8443378 ], [ -74.2141246, 4.844198 ], [ -74.2141246, 4.8440898 ], [ -74.2141697, 4.8440041 ], [ -74.2141968, 4.8439725 ], [ -74.214287, 4.8439139 ], [ -74.2143591, 4.8438868 ], [ -74.2144448, 4.8438868 ], [ -74.2145621, 4.8438868 ], [ -74.2146929, 4.8438868 ], [ -74.2148282, 4.8438868 ], [ -74.2149589, 4.8438868 ], [ -74.2150987, 4.8438417 ], [ -74.2152431, 4.8437425 ], [ -74.2153603, 4.8436208 ], [ -74.2154325, 4.843517 ], [ -74.2154731, 4.8434043 ], [ -74.2154776, 4.843278 ], [ -74.2154505, 4.8431157 ], [ -74.2154099, 4.843048 ], [ -74.2153693, 4.8429849 ], [ -74.2153242, 4.8429533 ], [ -74.2152566, 4.8429172 ], [ -74.2151934, 4.8428812 ], [ -74.2151438, 4.8428361 ], [ -74.2150852, 4.8428 ], [ -74.2150356, 4.8427639 ], [ -74.214995, 4.8427368 ], [ -74.2149544, 4.8426692 ], [ -74.2149544, 4.8426061 ], [ -74.214968, 4.8425565 ], [ -74.214995, 4.8425159 ], [ -74.2150311, 4.8424663 ], [ -74.2150852, 4.8424076 ], [ -74.2152295, 4.8423039 ], [ -74.2153558, 4.8421821 ], [ -74.2154009, 4.842119 ], [ -74.2154189, 4.8420063 ], [ -74.2154054, 4.8418394 ], [ -74.2153874, 4.8417131 ], [ -74.2154009, 4.8414967 ], [ -74.2154099, 4.841429 ], [ -74.2154595, 4.8413839 ], [ -74.2155136, 4.8413478 ], [ -74.2156038, 4.8413163 ], [ -74.215685, 4.8412622 ], [ -74.2157391, 4.8412261 ], [ -74.2158023, 4.8411765 ], [ -74.2158429, 4.8411043 ], [ -74.2158564, 4.8410141 ], [ -74.2158699, 4.8409194 ], [ -74.2159015, 4.8408653 ], [ -74.2159421, 4.8408112 ], [ -74.2159962, 4.8407706 ], [ -74.2160864, 4.8407029 ], [ -74.2161766, 4.8406443 ], [ -74.2162668, 4.8405496 ], [ -74.2163479, 4.8404549 ], [ -74.2164021, 4.8403151 ], [ -74.2164066, 4.8401437 ], [ -74.2164021, 4.84004 ], [ -74.216375, 4.8398957 ], [ -74.2163434, 4.8396178 ], [ -74.2163874, 4.8391916 ], [ -74.2164145, 4.8390867 ], [ -74.2164517, 4.8389954 ], [ -74.2164618, 4.8388297 ], [ -74.2164618, 4.8387417 ], [ -74.2164652, 4.8385929 ], [ -74.2165024, 4.8385084 ], [ -74.2165734, 4.8383359 ], [ -74.2166546, 4.8381295 ], [ -74.2167087, 4.8380619 ], [ -74.2167459, 4.838001 ], [ -74.2168068, 4.8379435 ], [ -74.2168542, 4.8379063 ], [ -74.2169353, 4.837859 ], [ -74.2170334, 4.8378454 ], [ -74.2171823, 4.8378488 ], [ -74.2172871, 4.8378522 ], [ -74.2173446, 4.8378691 ], [ -74.2173987, 4.8378995 ], [ -74.2174596, 4.8379334 ], [ -74.2175239, 4.8379435 ], [ -74.2175814, 4.8379435 ], [ -74.2176321, 4.8379232 ], [ -74.2176795, 4.837886 ], [ -74.2177133, 4.837842 ], [ -74.2177336, 4.8377913 ], [ -74.2177403, 4.8377304 ], [ -74.2177471, 4.837612 ], [ -74.217764, 4.8373279 ], [ -74.2177809, 4.8371893 ], [ -74.2178046, 4.8371047 ], [ -74.2178655, 4.837054 ], [ -74.2179331, 4.8370066 ], [ -74.2180346, 4.8369559 ], [ -74.218109, 4.836922 ], [ -74.2181767, 4.8369085 ], [ -74.2182781, 4.8369153 ], [ -74.2183458, 4.8369322 ], [ -74.2184134, 4.8369559 ], [ -74.2184709, 4.8369795 ], [ -74.2185149, 4.8369829 ], [ -74.2185825, 4.8369863 ], [ -74.2186367, 4.8369863 ], [ -74.2186874, 4.8369762 ], [ -74.2187314, 4.8369525 ], [ -74.2187618, 4.8369288 ], [ -74.2188024, 4.836895 ], [ -74.2188159, 4.8368679 ], [ -74.218843, 4.8368443 ], [ -74.2188362, 4.8367901 ], [ -74.2188362, 4.8366515 ], [ -74.2188328, 4.8365872 ], [ -74.2188092, 4.8365263 ], [ -74.2187889, 4.8364621 ], [ -74.218799, 4.836391 ], [ -74.2188227, 4.8363403 ], [ -74.2188768, 4.8362997 ], [ -74.2189343, 4.836276 ], [ -74.2189986, 4.8362591 ], [ -74.2190358, 4.8362118 ], [ -74.2190358, 4.8361509 ], [ -74.2190392, 4.8360765 ], [ -74.2190662, 4.8359175 ], [ -74.2191034, 4.8358837 ], [ -74.2191575, 4.8358566 ], [ -74.2192353, 4.8358296 ], [ -74.2192895, 4.8358126 ], [ -74.2194484, 4.835816 ], [ -74.219648, 4.8358735 ], [ -74.2198171, 4.8359073 ], [ -74.2199287, 4.8359243 ], [ -74.2200539, 4.8359243 ], [ -74.220179, 4.835931 ], [ -74.2202636, 4.8358904 ], [ -74.2203515, 4.8358126 ], [ -74.2204225, 4.8357213 ], [ -74.2204699, 4.8356232 ], [ -74.2205443, 4.835559 ], [ -74.220595, 4.8355116 ], [ -74.2206864, 4.8354778 ], [ -74.2208284, 4.8354541 ], [ -74.2210212, 4.8354203 ], [ -74.2211497, 4.8353932 ], [ -74.2213459, 4.8353459 ], [ -74.2215827, 4.835241 ], [ -74.221745, 4.8351599 ], [ -74.2219209, 4.8350719 ], [ -74.2222016, 4.8349129 ], [ -74.222435, 4.8347134 ], [ -74.2227902, 4.8344259 ], [ -74.2229153, 4.8342838 ], [ -74.2229289, 4.8342399 ], [ -74.2229289, 4.8341824 ], [ -74.2229018, 4.8341079 ], [ -74.2228578, 4.8340504 ], [ -74.2228003, 4.8340234 ], [ -74.2227462, 4.8340031 ], [ -74.2226752, 4.8339997 ], [ -74.2226244, 4.8339997 ], [ -74.2225771, 4.8339929 ], [ -74.2225433, 4.8339862 ], [ -74.2224925, 4.8339625 ], [ -74.2224553, 4.8339321 ], [ -74.2224181, 4.8338813 ], [ -74.2223911, 4.8338374 ], [ -74.2223606, 4.8337832 ], [ -74.2223572, 4.8337291 ], [ -74.2223674, 4.8336818 ], [ -74.2223978, 4.8336513 ], [ -74.2224689, 4.8336107 ], [ -74.2225534, 4.8335871 ], [ -74.2226763, 4.8335944 ], [ -74.22278, 4.8335944 ], [ -74.2229649, 4.8335628 ], [ -74.2231363, 4.8335267 ], [ -74.2233753, 4.8334185 ], [ -74.2235512, 4.8333193 ], [ -74.2237586, 4.8331209 ], [ -74.2238624, 4.8329856 ], [ -74.2239255, 4.8328458 ], [ -74.2239526, 4.832706 ], [ -74.2239571, 4.8324985 ], [ -74.2239616, 4.8323181 ], [ -74.2239706, 4.8322324 ], [ -74.2240563, 4.8321783 ], [ -74.2242141, 4.8321062 ], [ -74.2244847, 4.832016 ], [ -74.224593, 4.8319618 ], [ -74.2248049, 4.8317048 ], [ -74.2249447, 4.8314838 ], [ -74.2250349, 4.8313575 ], [ -74.2250665, 4.8311771 ], [ -74.2250665, 4.8309787 ], [ -74.225071, 4.8307622 ], [ -74.2250755, 4.8305593 ], [ -74.2251116, 4.8304421 ], [ -74.2251837, 4.8302887 ], [ -74.2253551, 4.8300452 ], [ -74.2255671, 4.8298287 ], [ -74.2258106, 4.8295897 ], [ -74.2261218, 4.8293372 ], [ -74.2263067, 4.8291613 ], [ -74.2264871, 4.829017 ], [ -74.2267306, 4.8288862 ], [ -74.2270102, 4.8287328 ], [ -74.2272177, 4.8285434 ], [ -74.2274026, 4.8283134 ], [ -74.2274567, 4.8282368 ], [ -74.2274837, 4.8281466 ], [ -74.2275153, 4.8279842 ], [ -74.2275333, 4.8278038 ], [ -74.2275424, 4.8277136 ], [ -74.2276055, 4.8276595 ], [ -74.2276867, 4.8276099 ], [ -74.2277724, 4.8275874 ], [ -74.2278445, 4.8275693 ], [ -74.2278941, 4.8275603 ], [ -74.2279708, 4.8275513 ], [ -74.228052, 4.8275513 ], [ -74.2281241, 4.8275107 ], [ -74.2281512, 4.8274881 ], [ -74.2281918, 4.8274566 ], [ -74.2282369, 4.827425 ], [ -74.2283135, 4.8273844 ], [ -74.2283631, 4.8273844 ], [ -74.2284624, 4.8273979 ], [ -74.228512, 4.8274295 ], [ -74.2285255, 4.8274791 ], [ -74.228521, 4.8275423 ], [ -74.2284939, 4.8275919 ], [ -74.2284488, 4.827646 ], [ -74.2284353, 4.8276956 ], [ -74.2284353, 4.8277407 ], [ -74.2284578, 4.8277678 ], [ -74.2285029, 4.8277723 ], [ -74.2285706, 4.8277903 ], [ -74.2286518, 4.8277903 ], [ -74.2287375, 4.8277903 ], [ -74.2287916, 4.8277903 ], [ -74.2288502, 4.8278128 ], [ -74.2288637, 4.8278625 ], [ -74.2288322, 4.8279301 ], [ -74.2288231, 4.8279932 ], [ -74.2288322, 4.8280338 ], [ -74.2288727, 4.8280609 ], [ -74.2289088, 4.8280654 ], [ -74.2289629, 4.8280609 ], [ -74.2290125, 4.8280383 ], [ -74.2290802, 4.8280248 ], [ -74.2291794, 4.8280293 ], [ -74.2292831, 4.8280383 ], [ -74.2293643, 4.8280564 ], [ -74.2293869, 4.8281105 ], [ -74.2293733, 4.8281962 ], [ -74.2293598, 4.8282909 ], [ -74.2293643, 4.828363 ], [ -74.2294365, 4.8284217 ], [ -74.2295131, 4.8284352 ], [ -74.2295808, 4.8284262 ], [ -74.2296935, 4.8283721 ], [ -74.2297792, 4.8283179 ], [ -74.2298829, 4.8282683 ], [ -74.2300227, 4.8281872 ], [ -74.2301535, 4.828124 ], [ -74.2302798, 4.8281015 ], [ -74.2305008, 4.8280925 ], [ -74.2307894, 4.828106 ], [ -74.2310194, 4.828106 ], [ -74.231078, 4.8280654 ], [ -74.2311321, 4.8280158 ], [ -74.2312043, 4.8279121 ], [ -74.2313441, 4.8277001 ], [ -74.2313712, 4.8276415 ], [ -74.2314163, 4.8275603 ], [ -74.2315335, 4.8275107 ], [ -74.2316598, 4.8275062 ], [ -74.2318808, 4.8275378 ], [ -74.2320251, 4.8275874 ], [ -74.2321468, 4.8277542 ], [ -74.2322506, 4.8279346 ], [ -74.2322957, 4.8280113 ], [ -74.2324219, 4.828124 ], [ -74.2325617, 4.8281736 ], [ -74.2327151, 4.8281872 ], [ -74.232918, 4.8281872 ], [ -74.2330804, 4.8281736 ], [ -74.2332472, 4.8281376 ], [ -74.233369, 4.8281015 ], [ -74.2334908, 4.8280474 ], [ -74.2336215, 4.8279797 ], [ -74.2339913, 4.8278219 ], [ -74.2342935, 4.8277407 ], [ -74.2346453, 4.827664 ], [ -74.2351143, 4.8274701 ], [ -74.2353353, 4.8273529 ], [ -74.2354615, 4.8272446 ], [ -74.2355608, 4.8271229 ], [ -74.2356464, 4.8269966 ], [ -74.2357411, 4.8268523 ], [ -74.2358494, 4.826735 ], [ -74.2359441, 4.8266448 ], [ -74.2360523, 4.8265456 ], [ -74.2361425, 4.8264599 ], [ -74.23635, 4.8262705 ], [ -74.2364853, 4.826045 ], [ -74.2366792, 4.825558 ], [ -74.2368776, 4.824886 ], [ -74.2369904, 4.8245072 ], [ -74.23704, 4.8242546 ], [ -74.2371347, 4.8238668 ], [ -74.2372339, 4.8236142 ], [ -74.2373105, 4.8234654 ], [ -74.2373917, 4.8233933 ], [ -74.2374504, 4.8233256 ], [ -74.2375541, 4.823285 ], [ -74.2376127, 4.8232625 ], [ -74.2376894, 4.823267 ], [ -74.2377254, 4.823267 ], [ -74.2377841, 4.8233211 ], [ -74.2378247, 4.8233572 ], [ -74.2378698, 4.8233752 ], [ -74.2379329, 4.8233707 ], [ -74.237987, 4.8233346 ], [ -74.2380411, 4.8232895 ], [ -74.2380862, 4.8232084 ], [ -74.2381313, 4.8231137 ], [ -74.238208, 4.8230415 ], [ -74.2382892, 4.8230144 ], [ -74.2383388, 4.823028 ], [ -74.2384109, 4.8230686 ], [ -74.2385056, 4.8230956 ], [ -74.2385913, 4.8230956 ], [ -74.2386409, 4.8230776 ], [ -74.238686, 4.823037 ], [ -74.2387041, 4.8229648 ], [ -74.2386905, 4.8228791 ], [ -74.23865, 4.822798 ], [ -74.2386049, 4.8227078 ], [ -74.2385868, 4.822568 ], [ -74.2386049, 4.8224462 ], [ -74.2386454, 4.8223695 ], [ -74.2387086, 4.8223335 ], [ -74.2388439, 4.8223425 ], [ -74.2389205, 4.8223695 ], [ -74.2389792, 4.8223876 ], [ -74.2390603, 4.8223921 ], [ -74.2391776, 4.8223876 ], [ -74.2392137, 4.8223695 ], [ -74.2392858, 4.8223244 ], [ -74.2393445, 4.8222748 ], [ -74.2393715, 4.8221891 ], [ -74.239376, 4.8220764 ], [ -74.239376, 4.8219727 ], [ -74.2393174, 4.821896 ], [ -74.2392678, 4.8218419 ], [ -74.2392362, 4.8218058 ], [ -74.2392182, 4.8217607 ], [ -74.2392182, 4.8217292 ], [ -74.2392362, 4.8216886 ], [ -74.2393129, 4.8216615 ], [ -74.2393941, 4.8216705 ], [ -74.2394933, 4.821675 ], [ -74.2395745, 4.821675 ], [ -74.2396421, 4.821657 ], [ -74.2396917, 4.8216209 ], [ -74.2397323, 4.8215848 ], [ -74.2398045, 4.8215668 ], [ -74.2398586, 4.8215758 ], [ -74.2398811, 4.8216254 ], [ -74.2398811, 4.8217021 ], [ -74.2398856, 4.8217607 ], [ -74.2399307, 4.8217923 ], [ -74.2399803, 4.8217833 ], [ -74.2400074, 4.8217562 ], [ -74.2400209, 4.8217156 ], [ -74.2400209, 4.821666 ], [ -74.240039, 4.8216119 ], [ -74.240066, 4.8215803 ], [ -74.2401111, 4.8215623 ], [ -74.2401517, 4.8215623 ], [ -74.2402374, 4.8215894 ], [ -74.240305, 4.8216209 ], [ -74.2403817, 4.821666 ], [ -74.2404899, 4.821666 ], [ -74.2405396, 4.821648 ], [ -74.2405756, 4.8216074 ], [ -74.2405756, 4.8215488 ], [ -74.2405531, 4.8214811 ], [ -74.2404945, 4.8213954 ], [ -74.2404674, 4.8212421 ], [ -74.2404764, 4.8211564 ], [ -74.240508, 4.8211113 ], [ -74.2405847, 4.8210888 ], [ -74.2406658, 4.8211158 ], [ -74.2408011, 4.8212015 ], [ -74.2409003, 4.8212331 ], [ -74.2410176, 4.8212421 ], [ -74.2411484, 4.8212286 ], [ -74.2412566, 4.8212105 ], [ -74.2413919, 4.821197 ], [ -74.2415633, 4.821197 ], [ -74.2417166, 4.821215 ], [ -74.2418023, 4.8212511 ], [ -74.2418699, 4.8213458 ], [ -74.2419105, 4.8214135 ], [ -74.2419782, 4.8214721 ], [ -74.2420323, 4.8215082 ], [ -74.242127, 4.8215533 ], [ -74.2421946, 4.8215894 ], [ -74.2422307, 4.821648 ], [ -74.2421811, 4.8217246 ], [ -74.2421315, 4.8217833 ], [ -74.2420999, 4.8218329 ], [ -74.2420954, 4.8219005 ], [ -74.2421405, 4.8220178 ], [ -74.2421856, 4.822117 ], [ -74.2422262, 4.8222117 ], [ -74.2422262, 4.8222658 ], [ -74.2422127, 4.822347 ], [ -74.2421631, 4.8224146 ], [ -74.2421044, 4.8224868 ], [ -74.2420774, 4.8225454 ], [ -74.2420909, 4.8226176 ], [ -74.2421225, 4.8226942 ], [ -74.2421631, 4.8227709 ], [ -74.2422217, 4.8228295 ], [ -74.2422713, 4.8228746 ], [ -74.2423299, 4.8228837 ], [ -74.2424472, 4.8228701 ], [ -74.2424742, 4.8228521 ], [ -74.2425419, 4.822825 ], [ -74.2426095, 4.822825 ], [ -74.2426772, 4.822825 ], [ -74.242799, 4.8228386 ], [ -74.2429523, 4.8228476 ], [ -74.2432544, 4.8228476 ], [ -74.2433401, 4.8228566 ], [ -74.2433672, 4.8229017 ], [ -74.2434213, 4.8230144 ], [ -74.243507, 4.8231542 ], [ -74.2435656, 4.8232174 ], [ -74.2436288, 4.823267 ], [ -74.2437099, 4.823294 ], [ -74.2438001, 4.823294 ], [ -74.2438497, 4.823276 ], [ -74.2439039, 4.8232489 ], [ -74.243976, 4.8232264 ], [ -74.2441023, 4.8232264 ], [ -74.2442646, 4.8232444 ], [ -74.2444676, 4.8232625 ], [ -74.2445668, 4.8232625 ], [ -74.2447427, 4.8231723 ], [ -74.2448825, 4.8231182 ], [ -74.2449546, 4.823055 ], [ -74.2449591, 4.8229648 ], [ -74.2449591, 4.8228611 ], [ -74.2449591, 4.8227439 ], [ -74.2449862, 4.8226537 ], [ -74.2450358, 4.8226131 ], [ -74.2451035, 4.8225995 ], [ -74.2452613, 4.8226131 ], [ -74.2453199, 4.8226717 ], [ -74.2453831, 4.8227754 ], [ -74.2454462, 4.8228386 ], [ -74.2455364, 4.8228882 ], [ -74.2456491, 4.8229062 ], [ -74.2457438, 4.8228295 ], [ -74.2458611, 4.8227168 ], [ -74.2458836, 4.8226086 ], [ -74.2458656, 4.8224778 ], [ -74.2458205, 4.8223786 ], [ -74.2457213, 4.8222162 ], [ -74.2454958, 4.821896 ], [ -74.245374, 4.8216435 ], [ -74.2453289, 4.8215623 ], [ -74.2453244, 4.8214946 ], [ -74.2453244, 4.821427 ], [ -74.2453605, 4.8213819 ], [ -74.2453921, 4.8213548 ], [ -74.2454642, 4.8213503 ], [ -74.2455364, 4.8213774 ], [ -74.245604, 4.8214405 ], [ -74.2457033, 4.8215443 ], [ -74.245825, 4.8217517 ], [ -74.2459197, 4.8219005 ], [ -74.2459919, 4.8219637 ], [ -74.2461091, 4.8220088 ], [ -74.2462985, 4.8220539 ], [ -74.2464158, 4.8220764 ], [ -74.2466954, 4.8221035 ], [ -74.2469299, 4.8221621 ], [ -74.2471238, 4.8221846 ], [ -74.2473042, 4.8221891 ], [ -74.2474666, 4.8221892 ], [ -74.2475574, 4.8222395 ], [ -74.2476961, 4.8222632 ], [ -74.2477976, 4.8222666 ], [ -74.247872, 4.8222564 ], [ -74.2479363, 4.8222294 ], [ -74.247987, 4.8221921 ], [ -74.248014, 4.8221549 ], [ -74.2480208, 4.822111 ], [ -74.2480208, 4.8220399 ], [ -74.2479971, 4.8219926 ], [ -74.2479735, 4.8219655 ], [ -74.2478889, 4.8219249 ], [ -74.2477164, 4.8218539 ], [ -74.2476149, 4.8217964 ], [ -74.2475507, 4.8217491 ], [ -74.2475439, 4.8216713 ], [ -74.2475608, 4.8216138 ], [ -74.2476014, 4.8215529 ], [ -74.2476397, 4.8215117 ], [ -74.2477389, 4.8214892 ], [ -74.2478472, 4.8214892 ], [ -74.2479013, 4.8214937 ], [ -74.2479644, 4.8214937 ], [ -74.2480321, 4.8215027 ], [ -74.2480952, 4.8215027 ], [ -74.2481448, 4.8214757 ], [ -74.2481899, 4.8214351 ], [ -74.248235, 4.8213945 ], [ -74.2482846, 4.8213404 ], [ -74.2483478, 4.8212998 ], [ -74.2483974, 4.8212998 ], [ -74.248456, 4.8213268 ], [ -74.2484831, 4.82139 ], [ -74.2484876, 4.8215072 ], [ -74.2484966, 4.8216831 ], [ -74.2485011, 4.8218951 ], [ -74.2485237, 4.8220755 ], [ -74.2485974, 4.8223066 ], [ -74.2486705, 4.8224908 ], [ -74.2487213, 4.8227259 ], [ -74.2487658, 4.8228784 ], [ -74.2487976, 4.8229546 ], [ -74.2488262, 4.8229928 ], [ -74.2489056, 4.8230372 ], [ -74.2490358, 4.8230468 ], [ -74.2491502, 4.8230404 ], [ -74.2492359, 4.8230277 ], [ -74.2492709, 4.8229991 ], [ -74.2493185, 4.8229451 ], [ -74.2493598, 4.8229006 ], [ -74.2494138, 4.8228689 ], [ -74.2494615, 4.8228371 ], [ -74.249525, 4.8228339 ], [ -74.24956, 4.8228403 ], [ -74.2495917, 4.8228816 ], [ -74.2496108, 4.822926 ], [ -74.2496108, 4.8229928 ], [ -74.2496108, 4.8231071 ], [ -74.2496108, 4.8231992 ], [ -74.2496203, 4.8233072 ], [ -74.2496394, 4.8233454 ], [ -74.249668, 4.8233612 ], [ -74.2496934, 4.8233644 ], [ -74.249722, 4.8233485 ], [ -74.249741, 4.8233295 ], [ -74.2497601, 4.8233072 ], [ -74.2497823, 4.8232723 ], [ -74.2497919, 4.8232405 ], [ -74.2498141, 4.8231865 ], [ -74.2498173, 4.8231357 ], [ -74.2498141, 4.8229959 ], [ -74.2498205, 4.8229006 ], [ -74.249849, 4.8228371 ], [ -74.2499285, 4.8227863 ], [ -74.2500015, 4.822764 ], [ -74.2500619, 4.822764 ], [ -74.2501222, 4.822764 ], [ -74.2502017, 4.822764 ], [ -74.2502652, 4.8227545 ], [ -74.250297, 4.8227259 ], [ -74.2503255, 4.8226878 ], [ -74.250351, 4.822637 ], [ -74.250351, 4.8225925 ], [ -74.2503446, 4.8225575 ], [ -74.2503128, 4.8225004 ], [ -74.2502991, 4.8224533 ], [ -74.250333, 4.822377 ], [ -74.2504388, 4.8221949 ], [ -74.2505702, 4.8219577 ], [ -74.2507057, 4.8217163 ], [ -74.2508582, 4.8215426 ], [ -74.2509471, 4.8215257 ], [ -74.2510827, 4.8215257 ], [ -74.2511208, 4.8215045 ], [ -74.251197, 4.8214325 ], [ -74.2512521, 4.8213732 ], [ -74.2513283, 4.8213224 ], [ -74.2513791, 4.8213181 ], [ -74.2514342, 4.8213605 ], [ -74.2514554, 4.8214113 ], [ -74.2514723, 4.8214875 ], [ -74.2514893, 4.8215765 ], [ -74.2515316, 4.821657 ], [ -74.2515825, 4.8216824 ], [ -74.2516714, 4.8216824 ], [ -74.2517392, 4.8216824 ], [ -74.2518239, 4.8216612 ], [ -74.2518874, 4.8216146 ], [ -74.2519764, 4.8215299 ], [ -74.2520314, 4.8214875 ], [ -74.252095, 4.8214537 ], [ -74.2521797, 4.8214367 ], [ -74.2522813, 4.8214071 ], [ -74.2523237, 4.821352 ], [ -74.2523406, 4.82128 ], [ -74.2523194, 4.8211995 ], [ -74.2522644, 4.8211487 ], [ -74.2522051, 4.8211148 ], [ -74.2520611, 4.8210343 ], [ -74.2520102, 4.8209581 ], [ -74.2520102, 4.8208819 ], [ -74.2520187, 4.8208014 ], [ -74.252078, 4.8207463 ], [ -74.252222, 4.8206065 ], [ -74.2523576, 4.8204964 ], [ -74.2524042, 4.8204414 ], [ -74.2523999, 4.8203778 ], [ -74.252366, 4.8203355 ], [ -74.252311, 4.8202931 ], [ -74.2522644, 4.8202296 ], [ -74.2522178, 4.8201745 ], [ -74.2521966, 4.8201025 ], [ -74.2521924, 4.8200093 ], [ -74.2522136, 4.8199373 ], [ -74.2522813, 4.819878 ], [ -74.2524296, 4.8198484 ], [ -74.2525609, 4.8198484 ], [ -74.2526922, 4.8198568 ], [ -74.2528828, 4.819878 ], [ -74.2529675, 4.8198738 ], [ -74.2530673, 4.8198254 ], [ -74.2531657, 4.8197682 ], [ -74.2533309, 4.8196792 ], [ -74.2534262, 4.8196602 ], [ -74.2535152, 4.8196665 ], [ -74.2535914, 4.8196951 ], [ -74.2536168, 4.8197523 ], [ -74.2536232, 4.8198063 ], [ -74.2536518, 4.8198444 ], [ -74.2536931, 4.8198762 ], [ -74.2537534, 4.819908 ], [ -74.2538169, 4.819908 ], [ -74.2538519, 4.8198953 ], [ -74.2538932, 4.8198794 ], [ -74.2539472, 4.8198508 ], [ -74.253998, 4.8198349 ], [ -74.254052, 4.8198349 ], [ -74.2541187, 4.819854 ], [ -74.2541664, 4.8198826 ], [ -74.2542204, 4.8199238 ], [ -74.254268, 4.8199906 ], [ -74.2542839, 4.8200827 ], [ -74.2542776, 4.8201526 ], [ -74.2542776, 4.8202638 ], [ -74.2542522, 4.8203463 ], [ -74.2542363, 4.8204131 ], [ -74.2542045, 4.8204639 ], [ -74.2541219, 4.8205719 ], [ -74.2541029, 4.8206577 ], [ -74.2541029, 4.8207403 ], [ -74.2541251, 4.8207943 ], [ -74.2541886, 4.820934 ], [ -74.2542617, 4.8210865 ], [ -74.2542807, 4.8211437 ], [ -74.2543062, 4.821185 ], [ -74.254357, 4.8211882 ], [ -74.2543824, 4.8211786 ], [ -74.2544078, 4.8211564 ], [ -74.2544523, 4.8211151 ], [ -74.2545253, 4.8210611 ], [ -74.254573, 4.8210262 ], [ -74.2546238, 4.8210198 ], [ -74.2546747, 4.8210293 ], [ -74.2547064, 4.8210452 ], [ -74.2547541, 4.8211056 ], [ -74.2547572, 4.8211405 ], [ -74.254735, 4.8211882 ], [ -74.254735, 4.8212517 ], [ -74.2547255, 4.8213057 ], [ -74.2547477, 4.8213788 ], [ -74.2547795, 4.8214264 ], [ -74.2548303, 4.8214709 ], [ -74.2548811, 4.8214931 ], [ -74.2549383, 4.8214995 ], [ -74.2550082, 4.8214995 ], [ -74.2550876, 4.8215027 ], [ -74.2551321, 4.821544 ], [ -74.2551956, 4.8216551 ], [ -74.255221, 4.8216996 ], [ -74.2552179, 4.8217346 ], [ -74.2551829, 4.8217981 ], [ -74.2551289, 4.8219061 ], [ -74.2551162, 4.8219633 ], [ -74.2551289, 4.8220459 ], [ -74.2551448, 4.8221126 ], [ -74.2551734, 4.8221698 ], [ -74.2552528, 4.8222682 ], [ -74.2553132, 4.8223286 ], [ -74.2553227, 4.8223985 ], [ -74.2553163, 4.8224493 ], [ -74.2553036, 4.8225033 ], [ -74.2552878, 4.8225605 ], [ -74.2552973, 4.8225859 ], [ -74.2553354, 4.8226336 ], [ -74.2553658, 4.8226576 ], [ -74.255433, 4.8227094 ], [ -74.2555712, 4.822804 ], [ -74.2557117, 4.8228815 ], [ -74.2558475, 4.8229833 ], [ -74.2559638, 4.8230827 ], [ -74.2560923, 4.8232063 ], [ -74.256165, 4.8232984 ], [ -74.2562328, 4.8233905 ], [ -74.2563225, 4.8235577 ], [ -74.2564001, 4.8237056 ], [ -74.2564534, 4.8238195 ], [ -74.2565043, 4.823897 ], [ -74.2565794, 4.8240061 ], [ -74.2566328, 4.8240716 ], [ -74.2566861, 4.8241103 ], [ -74.2567709, 4.8241249 ], [ -74.2568557, 4.8241249 ], [ -74.2569139, 4.8241006 ], [ -74.2569527, 4.8240716 ], [ -74.2569697, 4.8240304 ], [ -74.2569721, 4.8239819 ], [ -74.2569721, 4.8239431 ], [ -74.2569721, 4.8238946 ], [ -74.2569721, 4.8238389 ], [ -74.2569624, 4.8237953 ], [ -74.2569697, 4.8237177 ], [ -74.2569866, 4.8236547 ], [ -74.2569963, 4.8235989 ], [ -74.2570205, 4.823548 ], [ -74.2570375, 4.8235093 ], [ -74.2570884, 4.8234753 ], [ -74.257132, 4.8234511 ], [ -74.2571805, 4.8234487 ], [ -74.2572435, 4.8234559 ], [ -74.2573259, 4.8234826 ], [ -74.2574326, 4.8235698 ], [ -74.2575392, 4.8236595 ], [ -74.257641, 4.8237953 ], [ -74.2577141, 4.8239137 ], [ -74.2578596, 4.8240745 ], [ -74.2579822, 4.8241511 ], [ -74.2581088, 4.8241952 ], [ -74.2581936, 4.8242339 ], [ -74.2583972, 4.8242485 ], [ -74.2584942, 4.8242339 ], [ -74.2585669, 4.8241976 ], [ -74.2586444, 4.8241491 ], [ -74.2587026, 4.8240934 ], [ -74.2587826, 4.8239988 ], [ -74.2588408, 4.8239067 ], [ -74.2589014, 4.8237977 ], [ -74.258928, 4.8237686 ], [ -74.2589644, 4.8237686 ], [ -74.2590032, 4.8237904 ], [ -74.2590759, 4.8238437 ], [ -74.2591365, 4.823897 ], [ -74.259214, 4.8239649 ], [ -74.2592601, 4.8239843 ], [ -74.2593207, 4.824011 ], [ -74.2593716, 4.8240158 ], [ -74.2594709, 4.8239722 ], [ -74.2595218, 4.8239334 ], [ -74.2595461, 4.8239067 ], [ -74.2595679, 4.8238728 ], [ -74.25958, 4.8238389 ], [ -74.2595848, 4.823805 ], [ -74.2595848, 4.8237759 ], [ -74.2595618, 4.8237456 ], [ -74.2595291, 4.8237225 ], [ -74.2594564, 4.8236959 ], [ -74.2593982, 4.8236886 ], [ -74.2593061, 4.8236619 ], [ -74.2592601, 4.8236401 ], [ -74.2592237, 4.8236014 ], [ -74.2592213, 4.8235432 ], [ -74.2592261, 4.8235044 ], [ -74.2592431, 4.8234414 ], [ -74.2592843, 4.8233251 ], [ -74.2593279, 4.8232087 ], [ -74.2594079, 4.8230487 ], [ -74.2594976, 4.8228839 ], [ -74.25958, 4.8228015 ], [ -74.2596624, 4.8227361 ], [ -74.259723, 4.822787 ], [ -74.2598442, 4.8229421 ], [ -74.2600163, 4.8231239 ], [ -74.2601108, 4.8231869 ], [ -74.2602029, 4.823199 ], [ -74.2603192, 4.8232039 ], [ -74.2604332, 4.8232081 ], [ -74.2605442, 4.8233719 ], [ -74.2607504, 4.8236574 ], [ -74.2609037, 4.823927 ], [ -74.2609672, 4.8240328 ], [ -74.2609619, 4.8241491 ], [ -74.2609619, 4.8243129 ], [ -74.260983, 4.8244927 ], [ -74.2610729, 4.824646 ], [ -74.2611311, 4.8248205 ], [ -74.2612209, 4.8249579 ], [ -74.2613214, 4.8250742 ], [ -74.2614218, 4.8251429 ], [ -74.2615434, 4.8251958 ], [ -74.2616703, 4.8252434 ], [ -74.261813, 4.8252804 ], [ -74.2619663, 4.8253703 ], [ -74.2621143, 4.8254866 ], [ -74.2621566, 4.8255659 ], [ -74.2621725, 4.8257033 ], [ -74.2621619, 4.8257668 ], [ -74.2620985, 4.8258566 ], [ -74.2620615, 4.8259729 ], [ -74.2620932, 4.8260628 ], [ -74.2621461, 4.8261157 ], [ -74.2622148, 4.8262267 ], [ -74.2622201, 4.8263536 ], [ -74.2622254, 4.826602 ], [ -74.2622994, 4.8267183 ], [ -74.2623681, 4.8268452 ], [ -74.2624051, 4.8269721 ], [ -74.2623945, 4.8271307 ], [ -74.2623945, 4.8273051 ], [ -74.2624368, 4.8274584 ], [ -74.2625214, 4.8275695 ], [ -74.262606, 4.8276593 ], [ -74.2627012, 4.8277122 ], [ -74.2627963, 4.8277545 ], [ -74.2629232, 4.8278444 ], [ -74.2630501, 4.8280505 ], [ -74.2631505, 4.8281563 ], [ -74.2632404, 4.828188 ], [ -74.2634043, 4.828188 ], [ -74.2635206, 4.828188 ], [ -74.2636792, 4.828225 ], [ -74.2638008, 4.8283096 ], [ -74.2639276, 4.8284576 ], [ -74.2640704, 4.8286743 ], [ -74.2641338, 4.8288911 ], [ -74.2641655, 4.8291026 ], [ -74.2642131, 4.8292294 ], [ -74.2642977, 4.8293722 ], [ -74.2644034, 4.8295731 ], [ -74.2644986, 4.8298057 ], [ -74.264599, 4.8299325 ], [ -74.2647788, 4.8301229 ], [ -74.2648634, 4.830218 ], [ -74.2648739, 4.8303449 ], [ -74.2648686, 4.8305511 ], [ -74.2648475, 4.8307202 ], [ -74.2648369, 4.8310586 ], [ -74.2648316, 4.831233 ], [ -74.2648898, 4.8314181 ], [ -74.2649691, 4.8315608 ], [ -74.2650748, 4.8317458 ], [ -74.2651435, 4.8318886 ], [ -74.2651541, 4.831989 ], [ -74.265133, 4.8321159 ], [ -74.2650907, 4.8322428 ], [ -74.2650801, 4.8323591 ], [ -74.2650907, 4.8324595 ], [ -74.2651594, 4.8325811 ], [ -74.2651911, 4.8327344 ], [ -74.2651911, 4.8328296 ], [ -74.2651435, 4.8329194 ], [ -74.2651065, 4.8330146 ], [ -74.2650642, 4.833152 ], [ -74.2650378, 4.8332472 ], [ -74.2650378, 4.8334005 ], [ -74.2650484, 4.8334798 ], [ -74.2651012, 4.8335644 ], [ -74.2651858, 4.8337071 ], [ -74.2652704, 4.8339292 ], [ -74.2652757, 4.8341988 ], [ -74.265281, 4.8343891 ], [ -74.265318, 4.8344843 ], [ -74.2653867, 4.8345688 ], [ -74.2654925, 4.8346746 ], [ -74.2656088, 4.834775 ], [ -74.2656246, 4.8348543 ], [ -74.2656246, 4.8349548 ], [ -74.2656299, 4.8350023 ], [ -74.2656722, 4.8350605 ], [ -74.2657356, 4.8351028 ], [ -74.2657885, 4.8352349 ], [ -74.2657885, 4.8353988 ], [ -74.2657621, 4.8355151 ], [ -74.2656563, 4.8356949 ], [ -74.2655876, 4.835864 ], [ -74.2655929, 4.8359962 ], [ -74.2655982, 4.8360491 ], [ -74.2656669, 4.8361389 ], [ -74.2657726, 4.8362341 ], [ -74.2658995, 4.8363081 ], [ -74.2659418, 4.8364138 ], [ -74.2659418, 4.8364879 ], [ -74.2658889, 4.8365724 ], [ -74.2658361, 4.8366517 ], [ -74.2658308, 4.836731 ], [ -74.2658466, 4.836805 ], [ -74.2658995, 4.8368632 ], [ -74.265963, 4.8369108 ], [ -74.2660793, 4.8370112 ], [ -74.2661163, 4.8371011 ], [ -74.2661215, 4.8371698 ], [ -74.266111, 4.8372808 ], [ -74.266074, 4.8374659 ], [ -74.266074, 4.8376033 ], [ -74.2661057, 4.8377672 ], [ -74.2661638, 4.8380104 ], [ -74.2661956, 4.8382588 ], [ -74.266185, 4.8383646 ], [ -74.2661163, 4.8385179 ], [ -74.2660951, 4.8386448 ], [ -74.266111, 4.8387452 ], [ -74.266148, 4.8388404 ], [ -74.2662643, 4.8390624 ], [ -74.2663224, 4.8392686 ], [ -74.2663806, 4.8394906 ], [ -74.266407, 4.8396968 ], [ -74.2663912, 4.839866 ], [ -74.2663806, 4.8400721 ], [ -74.2663489, 4.8402677 ], [ -74.2663383, 4.8404422 ], [ -74.2663277, 4.8405585 ], [ -74.2662696, 4.8407329 ], [ -74.2662273, 4.8408228 ], [ -74.2661797, 4.8409656 ], [ -74.2661797, 4.8410819 ], [ -74.2661797, 4.8411823 ], [ -74.2662061, 4.8412933 ], [ -74.266259, 4.8414413 ], [ -74.2662801, 4.8415788 ], [ -74.2662801, 4.8416845 ], [ -74.2662749, 4.8418061 ], [ -74.2662379, 4.841859 ], [ -74.2662273, 4.8420546 ], [ -74.2662114, 4.8421603 ], [ -74.2661321, 4.8422978 ], [ -74.2660422, 4.8424352 ], [ -74.2659947, 4.8426308 ], [ -74.266, 4.8428053 ], [ -74.2660581, 4.8429956 ], [ -74.2661797, 4.8431383 ], [ -74.2663013, 4.8432493 ], [ -74.2665233, 4.8433868 ], [ -74.2667718, 4.8434978 ], [ -74.2669568, 4.8435983 ], [ -74.267126, 4.843778 ], [ -74.2672053, 4.843963 ], [ -74.2672793, 4.8443912 ], [ -74.2673269, 4.8446926 ], [ -74.2673639, 4.8448882 ], [ -74.2674485, 4.8451895 ], [ -74.2675225, 4.8454908 ], [ -74.2675701, 4.845697 ], [ -74.2676441, 4.845845 ], [ -74.2677657, 4.8460935 ], [ -74.267845, 4.8462944 ], [ -74.2678873, 4.8465429 ], [ -74.2678873, 4.8467807 ], [ -74.2679348, 4.8471614 ], [ -74.267993, 4.8475209 ], [ -74.2681093, 4.8478856 ], [ -74.2682626, 4.8480971 ], [ -74.2685481, 4.8484619 ], [ -74.2690344, 4.8489112 ], [ -74.2692723, 4.8490857 ], [ -74.2695155, 4.8494134 ], [ -74.26969, 4.8497042 ], [ -74.2698856, 4.8499262 ], [ -74.2700759, 4.8501166 ], [ -74.2704565, 4.850439 ], [ -74.2707367, 4.8506135 ], [ -74.27089, 4.8507668 ], [ -74.2710486, 4.8510734 ], [ -74.2711385, 4.8512902 ], [ -74.2711755, 4.8514593 ], [ -74.2711702, 4.8515651 ], [ -74.2711332, 4.8517818 ], [ -74.2711332, 4.8519034 ], [ -74.2711649, 4.8520144 ], [ -74.2712283, 4.8521413 ], [ -74.2713605, 4.8523158 ], [ -74.2715667, 4.8525114 ], [ -74.2717517, 4.8527598 ], [ -74.2721625, 4.8533034 ], [ -74.2725431, 4.8538214 ], [ -74.2727017, 4.8541228 ], [ -74.2727387, 4.8542602 ], [ -74.272781, 4.8545457 ], [ -74.2728127, 4.8551748 ], [ -74.2728286, 4.8554867 ], [ -74.2728603, 4.8556083 ], [ -74.272929, 4.855862 ], [ -74.2729502, 4.8560418 ], [ -74.2729396, 4.8564277 ], [ -74.2729238, 4.8568189 ], [ -74.2729132, 4.8572365 ], [ -74.2729185, 4.8575802 ], [ -74.2730031, 4.8579026 ], [ -74.2730295, 4.8580877 ], [ -74.2730482, 4.8583389 ], [ -74.2730535, 4.8584048 ], [ -74.2730578, 4.8584565 ], [ -74.2730722, 4.8584848 ], [ -74.2730915, 4.8585099 ], [ -74.2731709, 4.8587089 ], [ -74.2732425, 4.8589242 ], [ -74.2732592, 4.8589734 ], [ -74.2733933, 4.8592423 ], [ -74.2734497, 4.8593244 ], [ -74.2734715, 4.8593561 ], [ -74.2735537, 4.8594757 ], [ -74.2736395, 4.8596006 ], [ -74.273732, 4.8597115 ], [ -74.2738513, 4.8598546 ], [ -74.2739329, 4.8599524 ], [ -74.2740445, 4.8600862 ], [ -74.2743382, 4.8603807 ], [ -74.2743956, 4.8604401 ], [ -74.2745111, 4.8605598 ], [ -74.2745765, 4.8606275 ], [ -74.2747353, 4.8608265 ], [ -74.2748226, 4.8610016 ], [ -74.2750371, 4.861336 ], [ -74.2754848, 4.8619293 ], [ -74.2759086, 4.8625148 ], [ -74.275952, 4.8625777 ], [ -74.2761298, 4.8628203 ], [ -74.2762203, 4.86296 ], [ -74.2762371, 4.8630218 ], [ -74.2762441, 4.8630476 ], [ -74.2762663, 4.8630792 ], [ -74.2766475, 4.8636235 ], [ -74.2767682, 4.8637959 ], [ -74.2771958, 4.8644053 ], [ -74.2777038, 4.8651292 ], [ -74.2782373, 4.8658897 ], [ -74.2785516, 4.8663376 ], [ -74.2786157, 4.866429 ], [ -74.2788405, 4.8667493 ], [ -74.2789601, 4.8669215 ], [ -74.279245, 4.8673258 ], [ -74.2793107, 4.8674166 ], [ -74.2794732, 4.8676412 ], [ -74.2798741, 4.8681952 ], [ -74.2799228, 4.8682626 ], [ -74.2800508, 4.8684395 ], [ -74.2801504, 4.868577 ], [ -74.2801961, 4.8686402 ], [ -74.280268, 4.8687396 ], [ -74.2806329, 4.8692549 ], [ -74.2813221, 4.8702289 ], [ -74.2817346, 4.8708105 ], [ -74.2826013, 4.8720548 ], [ -74.2829679, 4.872581 ], [ -74.283542, 4.8734052 ], [ -74.2835587, 4.8734292 ], [ -74.2836034, 4.8734984 ], [ -74.2836247, 4.8736224 ], [ -74.2836328, 4.8736698 ], [ -74.2836343, 4.8736984 ], [ -74.2840082, 4.8746225 ], [ -74.2840329, 4.8746747 ], [ -74.2842327, 4.875096 ], [ -74.2843977, 4.8755113 ], [ -74.2843508, 4.875498 ], [ -74.2837526, 4.875366 ], [ -74.28356, 4.8754677 ], [ -74.2833979, 4.8757525 ], [ -74.2830838, 4.8761288 ], [ -74.2826885, 4.8764137 ], [ -74.2823337, 4.8766375 ], [ -74.2820702, 4.8768816 ], [ -74.2819842, 4.8771461 ], [ -74.2819082, 4.8773799 ], [ -74.2817663, 4.8776444 ], [ -74.2813407, 4.8781123 ], [ -74.2810366, 4.8784276 ], [ -74.2806312, 4.8788141 ], [ -74.2803586, 4.8792209 ], [ -74.2802722, 4.8793703 ], [ -74.2802883, 4.8794796 ], [ -74.2801899, 4.8796021 ], [ -74.280009, 4.8799078 ], [ -74.2795616, 4.8805289 ], [ -74.2792951, 4.8810066 ], [ -74.2791905, 4.8814747 ], [ -74.2792092, 4.8819711 ], [ -74.2792265, 4.8824297 ], [ -74.2793909, 4.8830603 ], [ -74.2796483, 4.8837289 ], [ -74.2798198, 4.884025 ], [ -74.2798881, 4.8843602 ], [ -74.2799524, 4.884688 ], [ -74.2800329, 4.8851608 ], [ -74.2800813, 4.8856014 ], [ -74.2800493, 4.886214 ], [ -74.2799691, 4.8867943 ], [ -74.2799388, 4.8870404 ], [ -74.2798997, 4.8873585 ], [ -74.2798355, 4.8877347 ], [ -74.2796322, 4.8885676 ], [ -74.2795092, 4.88925 ], [ -74.2792201, 4.8900131 ], [ -74.2789899, 4.8905021 ], [ -74.2787062, 4.8911578 ], [ -74.2783903, 4.8918027 ], [ -74.278053, 4.8925496 ], [ -74.2778817, 4.893001 ], [ -74.2776088, 4.8938232 ], [ -74.2774375, 4.894323 ], [ -74.2772287, 4.894769 ], [ -74.2769075, 4.8954139 ], [ -74.276522, 4.8960911 ], [ -74.276273, 4.8965398 ], [ -74.2760802, 4.896719 ], [ -74.2760446, 4.8967333 ], [ -74.2757945, 4.8968337 ], [ -74.275366, 4.8969126 ], [ -74.2751231, 4.8969987 ], [ -74.2749589, 4.8970847 ], [ -74.2747518, 4.8972209 ], [ -74.2745589, 4.8972854 ], [ -74.2743089, 4.8973142 ], [ -74.2740304, 4.8973787 ], [ -74.2738018, 4.8973788 ], [ -74.2735447, 4.8973287 ], [ -74.2733375, 4.8972929 ], [ -74.2732304, 4.8972858 ], [ -74.2730303, 4.8972286 ], [ -74.2728946, 4.8972286 ], [ -74.2727589, 4.8972788 ], [ -74.2724947, 4.897286 ], [ -74.2722518, 4.8973936 ], [ -74.2720518, 4.8974581 ], [ -74.2717519, 4.8976373 ], [ -74.2715591, 4.897752 ], [ -74.2714377, 4.897838 ], [ -74.271302, 4.8979455 ], [ -74.2711949, 4.8981175 ], [ -74.2710521, 4.8983324 ], [ -74.2709236, 4.8986477 ], [ -74.2707308, 4.89892 ], [ -74.270481, 4.8993929 ], [ -74.2703239, 4.8997727 ], [ -74.2701383, 4.9000521 ], [ -74.2698598, 4.900389 ], [ -74.2696813, 4.9006254 ], [ -74.2693737, 4.9008149 ], [ -74.2689386, 4.9010913 ], [ -74.2686858, 4.9012541 ], [ -74.2685601, 4.901335 ], [ -74.2683673, 4.9014497 ], [ -74.2681316, 4.9015859 ], [ -74.2679816, 4.9016934 ], [ -74.2678174, 4.9019514 ], [ -74.2677032, 4.9022165 ], [ -74.2675176, 4.9025318 ], [ -74.2673676, 4.9027038 ], [ -74.2671391, 4.9028328 ], [ -74.2668891, 4.9030048 ], [ -74.266682, 4.9031266 ], [ -74.2665678, 4.9033846 ], [ -74.266517, 4.9035717 ], [ -74.2665037, 4.9039936 ], [ -74.2664896, 4.9045739 ], [ -74.2665254, 4.9047602 ], [ -74.2666969, 4.9050037 ], [ -74.2667541, 4.9053404 ], [ -74.2668327, 4.9056341 ], [ -74.2668399, 4.9058204 ], [ -74.2668829, 4.9061786 ], [ -74.2668258, 4.9064724 ], [ -74.2667545, 4.906716 ], [ -74.2666617, 4.9070384 ], [ -74.2667547, 4.9073966 ], [ -74.2669119, 4.9077548 ], [ -74.2671478, 4.9082562 ], [ -74.2672836, 4.9085929 ], [ -74.2673836, 4.9087934 ], [ -74.2675266, 4.9092448 ], [ -74.2676768, 4.9099612 ], [ -74.267877, 4.9106202 ], [ -74.2679343, 4.911136 ], [ -74.2679344, 4.9114298 ], [ -74.2679345, 4.9117737 ], [ -74.2677418, 4.9125188 ], [ -74.2675882, 4.9126808 ], [ -74.2674166, 4.9130428 ], [ -74.2673363, 4.9131706 ], [ -74.2669683, 4.9137559 ], [ -74.266625, 4.9143302 ], [ -74.2663532, 4.9150098 ], [ -74.2662197, 4.9154405 ], [ -74.2661722, 4.9158664 ], [ -74.2661436, 4.9162445 ], [ -74.2660658, 4.9164431 ], [ -74.2660467, 4.9166536 ], [ -74.2659514, 4.9168961 ], [ -74.2658179, 4.9171769 ], [ -74.2657198, 4.9174176 ], [ -74.2657035, 4.9174577 ], [ -74.2652817, 4.9179408 ], [ -74.2650739, 4.9181788 ], [ -74.2644698, 4.9188936 ], [ -74.2639865, 4.9196083 ], [ -74.2636177, 4.9204123 ], [ -74.2634397, 4.9206229 ], [ -74.2630455, 4.921242 ], [ -74.2625812, 4.9218737 ], [ -74.2624939, 4.9220298 ], [ -74.2623079, 4.9222931 ], [ -74.2614637, 4.9232073 ], [ -74.2610821, 4.9237098 ], [ -74.2609725, 4.9239348 ], [ -74.2608771, 4.9242028 ], [ -74.2608199, 4.9243511 ], [ -74.2606434, 4.9244995 ], [ -74.2604526, 4.9246384 ], [ -74.2602379, 4.9247341 ], [ -74.2600137, 4.9247677 ], [ -74.2597036, 4.9248204 ], [ -74.2594937, 4.92483 ], [ -74.2592694, 4.9248253 ], [ -74.2589641, 4.9249881 ], [ -74.2587018, 4.9251987 ], [ -74.2583822, 4.9255194 ], [ -74.2581628, 4.9258066 ], [ -74.2580627, 4.9259502 ], [ -74.2578529, 4.9264192 ], [ -74.2576717, 4.9268355 ], [ -74.2575382, 4.9272567 ], [ -74.2575254, 4.9273284 ], [ -74.257507, 4.9274314 ], [ -74.257481, 4.9275773 ], [ -74.2574, 4.9279984 ], [ -74.2573982, 4.9280431 ], [ -74.2573811, 4.9284722 ], [ -74.2573782, 4.9285284 ], [ -74.2573488, 4.9285037 ], [ -74.2572941, 4.9284655 ], [ -74.2572538, 4.9284417 ], [ -74.2571718, 4.9283992 ], [ -74.2570745, 4.928351 ], [ -74.2570124, 4.9283214 ], [ -74.2569379, 4.928287 ], [ -74.2568141, 4.9282312 ], [ -74.2567607, 4.928207 ], [ -74.2565765, 4.9281238 ], [ -74.2565043, 4.9280897 ], [ -74.2564561, 4.9280644 ], [ -74.2564292, 4.9280467 ], [ -74.2563999, 4.9280176 ], [ -74.2563717, 4.9279763 ], [ -74.2563583, 4.9279493 ], [ -74.2563486, 4.9279226 ], [ -74.256338, 4.9278793 ], [ -74.2563371, 4.9278486 ], [ -74.256355, 4.9277792 ], [ -74.2563722, 4.9277142 ], [ -74.2563825, 4.9276661 ], [ -74.2563897, 4.9276359 ], [ -74.2563989, 4.9275791 ], [ -74.2563813, 4.9275278 ], [ -74.2563542, 4.927488 ], [ -74.256323, 4.9274554 ], [ -74.2563001, 4.9274345 ], [ -74.2562595, 4.927401 ], [ -74.256224, 4.9273816 ], [ -74.2561446, 4.9273724 ], [ -74.2561111, 4.927369 ], [ -74.2560782, 4.9273674 ], [ -74.2560411, 4.9273606 ], [ -74.2559756, 4.9273373 ], [ -74.2559399, 4.9273199 ], [ -74.255913, 4.9272914 ], [ -74.2559035, 4.9272485 ], [ -74.2559032, 4.9272041 ], [ -74.2559076, 4.9271554 ], [ -74.2559136, 4.9271198 ], [ -74.255935, 4.9270374 ], [ -74.2559706, 4.9269024 ], [ -74.2559864, 4.9268374 ], [ -74.2559976, 4.92678 ], [ -74.2560026, 4.9267363 ], [ -74.2560036, 4.9266794 ], [ -74.2559937, 4.9266348 ], [ -74.2559781, 4.9266033 ], [ -74.2559519, 4.9265661 ], [ -74.2558985, 4.9265063 ], [ -74.255867, 4.9264757 ], [ -74.2558078, 4.9264225 ], [ -74.2556876, 4.9263242 ], [ -74.2555852, 4.9262457 ], [ -74.2553618, 4.9260796 ], [ -74.2552182, 4.925972 ], [ -74.2551247, 4.9258972 ], [ -74.2550859, 4.9258624 ], [ -74.2549387, 4.9258457 ], [ -74.2548514, 4.9258306 ], [ -74.2547972, 4.9258194 ], [ -74.2546976, 4.925795 ], [ -74.2546305, 4.9257752 ], [ -74.254589, 4.9257615 ], [ -74.2545138, 4.9257335 ], [ -74.2544183, 4.9256912 ], [ -74.2543651, 4.9256641 ], [ -74.2542799, 4.9256158 ], [ -74.2541862, 4.9255613 ], [ -74.254149, 4.9255406 ], [ -74.2541055, 4.9255202 ], [ -74.2540742, 4.9255112 ], [ -74.254046, 4.9255077 ], [ -74.2540085, 4.9255097 ], [ -74.2539641, 4.9255186 ], [ -74.2538757, 4.9255439 ], [ -74.2538244, 4.9255568 ], [ -74.253792, 4.925561 ], [ -74.2537515, 4.9255583 ], [ -74.2537201, 4.9255477 ], [ -74.2536917, 4.9255265 ], [ -74.25366, 4.9254895 ], [ -74.2536083, 4.9254072 ], [ -74.2535858, 4.9253763 ], [ -74.2535616, 4.9253559 ], [ -74.2535259, 4.9253381 ], [ -74.2534924, 4.9253349 ], [ -74.2534658, 4.9253597 ], [ -74.2534561, 4.9253846 ], [ -74.2534373, 4.9254539 ], [ -74.2534246, 4.9255177 ], [ -74.2534175, 4.925567 ], [ -74.2534049, 4.9256797 ], [ -74.2533947, 4.9257862 ], [ -74.2533716, 4.9260353 ], [ -74.2533536, 4.9262045 ], [ -74.2533364, 4.9263219 ], [ -74.2533251, 4.9263746 ], [ -74.2533176, 4.9264015 ], [ -74.2533021, 4.9264423 ], [ -74.2532778, 4.9264872 ], [ -74.2532422, 4.9265303 ], [ -74.253206, 4.9265549 ], [ -74.2531694, 4.9265794 ], [ -74.2531306, 4.9266008 ], [ -74.2530677, 4.9266311 ], [ -74.2529942, 4.9266669 ], [ -74.2529686, 4.9266763 ], [ -74.2529122, 4.9266962 ], [ -74.2528804, 4.9267098 ], [ -74.2528499, 4.926728 ], [ -74.2528267, 4.9267488 ], [ -74.2527976, 4.9267857 ], [ -74.2527629, 4.9268397 ], [ -74.2527384, 4.9268813 ], [ -74.2526942, 4.9269626 ], [ -74.2526707, 4.9270113 ], [ -74.252657, 4.927046 ], [ -74.2526469, 4.9270834 ], [ -74.2526432, 4.9271144 ], [ -74.2526437, 4.9271706 ], [ -74.2526481, 4.9272307 ], [ -74.2526623, 4.927321 ], [ -74.2526677, 4.9273808 ], [ -74.2526682, 4.9274073 ], [ -74.2526658, 4.9274352 ], [ -74.2526569, 4.927467 ], [ -74.2526305, 4.9275213 ], [ -74.2526003, 4.9275564 ], [ -74.252553, 4.9275825 ], [ -74.2525016, 4.9275905 ], [ -74.2524446, 4.9275934 ], [ -74.2524077, 4.9275925 ], [ -74.252379, 4.9275878 ], [ -74.2523325, 4.9275764 ], [ -74.2522863, 4.9275606 ], [ -74.2522557, 4.9275468 ], [ -74.2521685, 4.9275055 ], [ -74.2521185, 4.9274865 ], [ -74.2520689, 4.9274739 ], [ -74.2520257, 4.927468 ], [ -74.2519725, 4.9274658 ], [ -74.2519256, 4.9274677 ], [ -74.2518823, 4.9274716 ], [ -74.2518626, 4.9275842 ], [ -74.2518489, 4.9276587 ], [ -74.2518209, 4.927805 ], [ -74.2517786, 4.9280156 ], [ -74.2517516, 4.9281481 ], [ -74.2517045, 4.9283885 ], [ -74.2516779, 4.9285435 ], [ -74.2516676, 4.9286136 ], [ -74.2516527, 4.9287419 ], [ -74.2516468, 4.9288204 ], [ -74.2516446, 4.9288704 ], [ -74.251644, 4.9289666 ], [ -74.2516488, 4.929071 ], [ -74.2516543, 4.9291379 ], [ -74.2516671, 4.929262 ], [ -74.2516755, 4.929344 ], [ -74.2516784, 4.9293807 ], [ -74.2516801, 4.9294142 ], [ -74.2516795, 4.9294732 ], [ -74.2516736, 4.9295241 ], [ -74.2516636, 4.9295654 ], [ -74.2516397, 4.929627 ], [ -74.2516091, 4.9296856 ], [ -74.2515792, 4.9297332 ], [ -74.2515572, 4.9297648 ], [ -74.2515037, 4.929832 ], [ -74.2514725, 4.9298655 ], [ -74.2514496, 4.9298854 ], [ -74.2514047, 4.9299168 ], [ -74.2513425, 4.9299512 ], [ -74.2513031, 4.92997 ], [ -74.2512045, 4.9300117 ], [ -74.2511438, 4.9300348 ], [ -74.2510367, 4.930073 ], [ -74.2510056, 4.930081 ], [ -74.2509526, 4.9300911 ], [ -74.2509106, 4.9300954 ], [ -74.2508532, 4.9300949 ], [ -74.2508027, 4.9300922 ], [ -74.2507715, 4.9300884 ], [ -74.2506703, 4.9300735 ], [ -74.2506158, 4.9300681 ], [ -74.2505645, 4.9300688 ], [ -74.2505279, 4.9300764 ], [ -74.2504944, 4.9300917 ], [ -74.250456, 4.9301194 ], [ -74.2504296, 4.9301475 ], [ -74.2504042, 4.9301852 ], [ -74.2503784, 4.9302355 ], [ -74.250368, 4.93026 ], [ -74.2503524, 4.9303019 ], [ -74.2503211, 4.9304045 ], [ -74.2502538, 4.9306665 ], [ -74.2501948, 4.9308902 ], [ -74.2501496, 4.9310427 ], [ -74.2500488, 4.9313559 ], [ -74.2499689, 4.9316033 ], [ -74.2498902, 4.9318636 ], [ -74.2498244, 4.9320971 ], [ -74.2497938, 4.9322115 ], [ -74.249752, 4.9323765 ], [ -74.2497045, 4.9325817 ], [ -74.2496838, 4.9326807 ], [ -74.2496558, 4.9328291 ], [ -74.2496183, 4.9330623 ], [ -74.2495948, 4.9332315 ], [ -74.2495474, 4.9336053 ], [ -74.2495078, 4.9339136 ], [ -74.2494674, 4.9342023 ], [ -74.2494451, 4.9343463 ], [ -74.2494089, 4.9345547 ], [ -74.2493692, 4.9347459 ], [ -74.2493481, 4.9348324 ], [ -74.249326, 4.9349115 ], [ -74.249311, 4.9349602 ], [ -74.2492804, 4.9350483 ], [ -74.249265, 4.935088 ], [ -74.2492346, 4.9351592 ], [ -74.2492052, 4.9352202 ], [ -74.2491864, 4.9352555 ], [ -74.2491521, 4.9353148 ], [ -74.2491054, 4.9353855 ], [ -74.2490808, 4.9354173 ], [ -74.2490413, 4.9354607 ], [ -74.2489732, 4.9355331 ], [ -74.2489397, 4.9355678 ], [ -74.2489204, 4.9355923 ], [ -74.2488966, 4.9356271 ], [ -74.24885, 4.9357044 ], [ -74.2488211, 4.9357623 ], [ -74.2488033, 4.9357964 ], [ -74.2487658, 4.9358598 ], [ -74.2487424, 4.935896 ], [ -74.2487039, 4.9359499 ], [ -74.248649, 4.9360151 ], [ -74.2486189, 4.936047 ], [ -74.2485682, 4.936098 ], [ -74.2485301, 4.9361356 ], [ -74.248449, 4.936215 ], [ -74.2483904, 4.9362718 ], [ -74.2483386, 4.9363215 ], [ -74.2483075, 4.9363511 ], [ -74.2482499, 4.9364052 ], [ -74.2481629, 4.9364899 ], [ -74.2481114, 4.9365465 ], [ -74.248031, 4.9366452 ], [ -74.2479899, 4.9367004 ], [ -74.2479338, 4.9367838 ], [ -74.2478882, 4.9368644 ], [ -74.247787, 4.9370638 ], [ -74.2476813, 4.9372558 ], [ -74.2476216, 4.9373578 ], [ -74.2475346, 4.9374976 ], [ -74.2475081, 4.9375373 ], [ -74.2474559, 4.9376093 ], [ -74.2474137, 4.9376621 ], [ -74.2473847, 4.9376951 ], [ -74.2473272, 4.9377543 ], [ -74.2472665, 4.9378109 ], [ -74.2472327, 4.9378399 ], [ -74.2471753, 4.937886 ], [ -74.2470678, 4.9379651 ], [ -74.2469783, 4.9380268 ], [ -74.2467909, 4.9381492 ], [ -74.2467638, 4.9381669 ], [ -74.246583, 4.9382794 ], [ -74.246458, 4.938355 ], [ -74.246206, 4.938506 ], [ -74.246022, 4.9386197 ], [ -74.2459171, 4.938688 ], [ -74.2458656, 4.9387231 ], [ -74.2457891, 4.9387781 ], [ -74.2457129, 4.9388371 ], [ -74.2456748, 4.9388684 ], [ -74.2455981, 4.9389355 ], [ -74.2455537, 4.9389998 ], [ -74.2455067, 4.9390594 ], [ -74.2454536, 4.9391429 ], [ -74.2454279, 4.9391785 ], [ -74.2453623, 4.9392674 ], [ -74.2453384, 4.9393901 ], [ -74.2453278, 4.9395359 ], [ -74.2452924, 4.9397315 ], [ -74.2452463, 4.9398418 ], [ -74.2452109, 4.9399805 ], [ -74.2451507, 4.9401263 ], [ -74.2450727, 4.9402685 ], [ -74.2449841, 4.9404037 ], [ -74.2448387, 4.9404322 ], [ -74.2447111, 4.9404784 ], [ -74.244587, 4.9405069 ], [ -74.2444346, 4.9405318 ], [ -74.2442431, 4.9406172 ], [ -74.2441368, 4.9407133 ], [ -74.2440754, 4.940976 ], [ -74.2440092, 4.94114 ], [ -74.2439242, 4.9413641 ], [ -74.2438852, 4.9414815 ], [ -74.2438108, 4.9416842 ], [ -74.2436903, 4.9418585 ], [ -74.2435911, 4.9420683 ], [ -74.2434848, 4.9423066 ], [ -74.2433714, 4.9425626 ], [ -74.243258, 4.9428045 ], [ -74.2430595, 4.9429895 ], [ -74.2428928, 4.9431246 ], [ -74.2427794, 4.9432242 ], [ -74.2426872, 4.9432812 ], [ -74.2425738, 4.9433416 ], [ -74.2424958, 4.943427 ], [ -74.2424497, 4.9435373 ], [ -74.2423435, 4.943617 ], [ -74.2423186, 4.9437862 ], [ -74.2422655, 4.9439071 ], [ -74.2422159, 4.9440707 ], [ -74.2421379, 4.9441739 ], [ -74.2420634, 4.9442415 ], [ -74.2419925, 4.9443233 ], [ -74.2418543, 4.944398 ], [ -74.2417231, 4.9444265 ], [ -74.24156, 4.9443838 ], [ -74.2413898, 4.9443732 ], [ -74.2412019, 4.9443875 ], [ -74.2410175, 4.9444337 ], [ -74.2408934, 4.9444516 ], [ -74.2408083, 4.9444836 ], [ -74.2406736, 4.9444978 ], [ -74.2405353, 4.9445014 ], [ -74.2404219, 4.9445299 ], [ -74.2403003, 4.9445695 ], [ -74.2402348, 4.9446079 ], [ -74.2401106, 4.9446831 ], [ -74.2400199, 4.9447415 ], [ -74.2399282, 4.9448052 ], [ -74.2398809, 4.9448399 ], [ -74.2398324, 4.944877 ], [ -74.2397483, 4.945003 ], [ -74.2396278, 4.9451275 ], [ -74.2394115, 4.9453303 ], [ -74.2392875, 4.9454725 ], [ -74.2391847, 4.9455721 ], [ -74.2390836, 4.945654 ], [ -74.2390021, 4.9457287 ], [ -74.2388851, 4.9457838 ], [ -74.238752, 4.9457924 ], [ -74.2385554, 4.9457377 ], [ -74.2383462, 4.9457537 ], [ -74.2381954, 4.9458599 ], [ -74.2381299, 4.9459049 ], [ -74.2380616, 4.9459558 ], [ -74.2379243, 4.946097 ], [ -74.2377987, 4.9462482 ], [ -74.237709, 4.9463308 ], [ -74.2375889, 4.9465575 ], [ -74.2374033, 4.9467432 ], [ -74.2373104, 4.9468402 ], [ -74.2371731, 4.9469915 ], [ -74.2370841, 4.9470962 ], [ -74.2370407, 4.9471498 ], [ -74.2369771, 4.9472317 ], [ -74.2369157, 4.9473153 ], [ -74.2368, 4.947484 ], [ -74.2367288, 4.9475939 ], [ -74.2366019, 4.9477964 ], [ -74.2365219, 4.9479227 ], [ -74.2364418, 4.9478626 ], [ -74.2364133, 4.9478669 ], [ -74.2363891, 4.9478769 ], [ -74.2363538, 4.9478782 ], [ -74.2363331, 4.9478976 ], [ -74.236311, 4.9479159 ], [ -74.235999, 4.9479021 ], [ -74.2359038, 4.9479042 ], [ -74.2358193, 4.9479307 ], [ -74.2357679, 4.9479651 ], [ -74.235708, 4.9480023 ], [ -74.2356396, 4.9480452 ], [ -74.2355882, 4.9480824 ], [ -74.2355278, 4.9481512 ], [ -74.2354998, 4.9481625 ], [ -74.235457, 4.9482226 ], [ -74.2353572, 4.9482799 ], [ -74.2352688, 4.9483142 ], [ -74.2351661, 4.9483429 ], [ -74.2350862, 4.9483915 ], [ -74.2350962, 4.9485185 ], [ -74.2350576, 4.9485168 ], [ -74.2349593, 4.9484446 ] ], [ [ -74.2574147, 4.8780508 ], [ -74.2553692, 4.8803798 ], [ -74.2555482, 4.8805868 ], [ -74.2545026, 4.8820274 ], [ -74.2552047, 4.8827772 ], [ -74.2552185, 4.8829797 ], [ -74.2558884, 4.8833154 ], [ -74.2561316, 4.8834948 ], [ -74.2564574, 4.8838353 ], [ -74.2568517, 4.8829701 ], [ -74.257306, 4.8832046 ], [ -74.2587274, 4.8805468 ], [ -74.2574147, 4.8780508 ] ] ] } },
{ "type": "Feature", "properties": { "MpNombre": "Area vivienda campestre", "Clas_CIAF": "1b" }, "geometry": { "type": "MultiPolygon", "coordinates": [ [ [ [ -74.2799733, 4.8673302 ], [ -74.2801178, 4.8674705 ], [ -74.2794838, 4.8676515 ], [ -74.2760341, 4.868636 ], [ -74.2758345, 4.8683806 ], [ -74.2756349, 4.8681782 ], [ -74.2753389, 4.8678263 ], [ -74.2752196, 4.8676676 ], [ -74.2751851, 4.8675663 ], [ -74.2751438, 4.8674513 ], [ -74.2750772, 4.8672765 ], [ -74.2749946, 4.8671293 ], [ -74.274896, 4.867028 ], [ -74.2747996, 4.8669383 ], [ -74.2747147, 4.8668555 ], [ -74.2745725, 4.8667544 ], [ -74.2743706, 4.8666693 ], [ -74.2741624, 4.8666204 ], [ -74.2740041, 4.8666067 ], [ -74.2739497, 4.8666171 ], [ -74.2736378, 4.8668978 ], [ -74.2728992, 4.8667462 ], [ -74.2724541, 4.8664012 ], [ -74.2713668, 4.8662589 ], [ -74.2712474, 4.8660242 ], [ -74.2706003, 4.8652582 ], [ -74.2709051, 4.8641055 ], [ -74.2703774, 4.8636271 ], [ -74.2699076, 4.865033 ], [ -74.2697026, 4.8651687 ], [ -74.2694627, 4.8653276 ], [ -74.2677353, 4.8647023 ], [ -74.267733, 4.8646034 ], [ -74.2679943, 4.8640522 ], [ -74.2680012, 4.8639936 ], [ -74.2674598, 4.863598 ], [ -74.2676249, 4.8633955 ], [ -74.2671752, 4.8631149 ], [ -74.2669824, 4.8624569 ], [ -74.2660466, 4.8628391 ], [ -74.2656855, 4.8622207 ], [ -74.2647356, 4.860594 ], [ -74.2643943, 4.8600096 ], [ -74.2652353, 4.8595331 ], [ -74.2695131, 4.8571092 ], [ -74.270018, 4.8580156 ], [ -74.2702931, 4.8574863 ], [ -74.2729185, 4.8575802 ], [ -74.2731584, 4.8588734 ], [ -74.2738834, 4.8596233 ], [ -74.2746773, 4.8603915 ], [ -74.275003, 4.8605801 ], [ -74.2754716, 4.8609568 ], [ -74.2758336, 4.8614265 ], [ -74.2760907, 4.8619326 ], [ -74.2763159, 4.862547 ], [ -74.2759517, 4.8625769 ], [ -74.2756413, 4.8626023 ], [ -74.2754028, 4.8627772 ], [ -74.2752468, 4.8627865 ], [ -74.2745314, 4.8637484 ], [ -74.273935, 4.8634679 ], [ -74.2731004, 4.8644528 ], [ -74.2736006, 4.8652074 ], [ -74.274032, 4.8658561 ], [ -74.2748361, 4.8661503 ], [ -74.2751515, 4.8662768 ], [ -74.2754795, 4.8663871 ], [ -74.2755874, 4.8664239 ], [ -74.2757158, 4.8664768 ], [ -74.2758856, 4.8665434 ], [ -74.2760049, 4.8665848 ], [ -74.2762343, 4.8666745 ], [ -74.276544, 4.8667848 ], [ -74.2766793, 4.8668193 ], [ -74.2770876, 4.8668238 ], [ -74.2774821, 4.8668559 ], [ -74.2777161, 4.866934 ], [ -74.2779478, 4.8669984 ], [ -74.2781336, 4.8670144 ], [ -74.2782689, 4.8669661 ], [ -74.2785579, 4.8669211 ], [ -74.2788699, 4.8669038 ], [ -74.2790327, 4.8669164 ], [ -74.2792782, 4.8669819 ], [ -74.2794245, 4.8670192 ], [ -74.2795305, 4.8670462 ], [ -74.2796439, 4.8671108 ], [ -74.279706, 4.8671463 ], [ -74.2799733, 4.8673302 ] ] ], [ [ [ -74.2577359, 4.8666249 ], [ -74.2576573, 4.8665816 ], [ -74.2575355, 4.8664832 ], [ -74.2574766, 4.8664359 ], [ -74.2573548, 4.8663335 ], [ -74.2572094, 4.866239 ], [ -74.2570798, 4.866172 ], [ -74.257013, 4.8661405 ], [ -74.2568048, 4.8660933 ], [ -74.2566792, 4.86631 ], [ -74.2564946, 4.8665228 ], [ -74.2563336, 4.8667002 ], [ -74.2560941, 4.8669327 ], [ -74.2559449, 4.8672598 ], [ -74.2557486, 4.8675711 ], [ -74.2555758, 4.8678942 ], [ -74.2554344, 4.8680164 ], [ -74.2552145, 4.8682213 ], [ -74.2551832, 4.868438 ], [ -74.2548336, 4.8685248 ], [ -74.2544958, 4.8686352 ], [ -74.2542445, 4.8687259 ], [ -74.2540049, 4.8688481 ], [ -74.2539263, 4.8688363 ], [ -74.2538713, 4.8687536 ], [ -74.2538163, 4.868663 ], [ -74.2537456, 4.8685526 ], [ -74.253663, 4.8684463 ], [ -74.2535609, 4.8683321 ], [ -74.2533487, 4.8681469 ], [ -74.2531916, 4.8680721 ], [ -74.2531287, 4.8680209 ], [ -74.2528813, 4.8679973 ], [ -74.2527163, 4.8680171 ], [ -74.2525788, 4.8680683 ], [ -74.252516, 4.8680999 ], [ -74.2523785, 4.8681196 ], [ -74.252241, 4.8680881 ], [ -74.25208, 4.8680291 ], [ -74.2520485, 4.8680015 ], [ -74.2519935, 4.8679385 ], [ -74.2518835, 4.8679188 ], [ -74.2517382, 4.8678952 ], [ -74.2556612, 4.8640606 ], [ -74.257893, 4.8665658 ], [ -74.2578459, 4.8666722 ], [ -74.2577909, 4.8666486 ], [ -74.2577359, 4.8666249 ] ] ], [ [ [ -74.2720683, 4.8768199 ], [ -74.271949, 4.8768912 ], [ -74.2718825, 4.8769165 ], [ -74.2717839, 4.8768683 ], [ -74.2717127, 4.8768154 ], [ -74.271543, 4.8768085 ], [ -74.2714283, 4.8768983 ], [ -74.2712632, 4.8770801 ], [ -74.2711669, 4.8771376 ], [ -74.2710614, 4.8772021 ], [ -74.270894, 4.877232 ], [ -74.2708114, 4.8772896 ], [ -74.2706142, 4.8773679 ], [ -74.2704812, 4.8774783 ], [ -74.2702495, 4.8776026 ], [ -74.2701211, 4.8776648 ], [ -74.269917, 4.8777385 ], [ -74.2697839, 4.8778168 ], [ -74.2696257, 4.8779341 ], [ -74.2695087, 4.8780009 ], [ -74.269362, 4.8781229 ], [ -74.2692725, 4.8782448 ], [ -74.2692336, 4.8783622 ], [ -74.2691992, 4.8784128 ], [ -74.2691442, 4.878521 ], [ -74.2690685, 4.8786015 ], [ -74.2690456, 4.8787212 ], [ -74.2690456, 4.8788155 ], [ -74.2689952, 4.8789075 ], [ -74.2688943, 4.8789835 ], [ -74.2688393, 4.8791101 ], [ -74.2687912, 4.8793977 ], [ -74.2687476, 4.8795564 ], [ -74.268766, 4.8796301 ], [ -74.2688348, 4.8797175 ], [ -74.2688601, 4.8798486 ], [ -74.2688923, 4.8799728 ], [ -74.2689198, 4.880035 ], [ -74.2689611, 4.8801017 ], [ -74.2689795, 4.8801914 ], [ -74.2689451, 4.8803018 ], [ -74.2688901, 4.8804399 ], [ -74.2688511, 4.8805273 ], [ -74.2687823, 4.8806102 ], [ -74.2676143, 4.8789494 ], [ -74.2637715, 4.8807312 ], [ -74.2627278, 4.8804554 ], [ -74.2629892, 4.8803273 ], [ -74.2628975, 4.8801655 ], [ -74.2643423, 4.8791988 ], [ -74.2643927, 4.8790952 ], [ -74.264434, 4.8790009 ], [ -74.2645028, 4.8789295 ], [ -74.2650092, 4.8787195 ], [ -74.2650073, 4.8785382 ], [ -74.265044, 4.8784899 ], [ -74.2667182, 4.877698 ], [ -74.2652863, 4.8755978 ], [ -74.2683731, 4.873089 ], [ -74.2687284, 4.8724654 ], [ -74.269334, 4.8725435 ], [ -74.2693295, 4.872861 ], [ -74.2701506, 4.872488 ], [ -74.2730259, 4.8726724 ], [ -74.273011, 4.8727219 ], [ -74.2728803, 4.872845 ], [ -74.2728505, 4.8730371 ], [ -74.2731998, 4.8753217 ], [ -74.272285, 4.8767416 ], [ -74.2721222, 4.876783 ], [ -74.2720683, 4.8768199 ] ] ], [ [ [ -74.2226906, 4.8810307 ], [ -74.2222397, 4.8803866 ], [ -74.2217028, 4.8794434 ], [ -74.2211382, 4.8783115 ], [ -74.2207481, 4.8774005 ], [ -74.2210919, 4.876135 ], [ -74.2212616, 4.8758519 ], [ -74.2212111, 4.8758278 ], [ -74.2211366, 4.8757864 ], [ -74.2210643, 4.8757289 ], [ -74.220976, 4.8756438 ], [ -74.220883, 4.8755322 ], [ -74.2208085, 4.8754333 ], [ -74.2207477, 4.8753597 ], [ -74.2206834, 4.8752044 ], [ -74.2206169, 4.8750468 ], [ -74.2205514, 4.8748558 ], [ -74.220517, 4.8747305 ], [ -74.2205135, 4.8745257 ], [ -74.2204929, 4.8743692 ], [ -74.2204642, 4.8742991 ], [ -74.2203816, 4.8742163 ], [ -74.2203116, 4.8741392 ], [ -74.2201017, 4.8739299 ], [ -74.2199308, 4.8738103 ], [ -74.2197461, 4.87367 ], [ -74.220832, 4.8726447 ], [ -74.2255884, 4.8792953 ], [ -74.2255743, 4.8794518 ], [ -74.2255254, 4.8796139 ], [ -74.2255141, 4.880142 ], [ -74.2252974, 4.8807391 ], [ -74.2251507, 4.8811625 ], [ -74.2251634, 4.8815761 ], [ -74.2254629, 4.8821931 ], [ -74.2253987, 4.8823427 ], [ -74.2250524, 4.8826856 ], [ -74.2252189, 4.8833908 ], [ -74.2245491, 4.8834783 ], [ -74.2236084, 4.8823051 ], [ -74.2226906, 4.8810307 ] ] ], [ [ [ -74.2564574, 4.8838353 ], [ -74.2561316, 4.8834948 ], [ -74.2558884, 4.8833154 ], [ -74.2555259, 4.8831177 ], [ -74.2552185, 4.8829797 ], [ -74.2552047, 4.8827772 ], [ -74.2545026, 4.8820274 ], [ -74.2555482, 4.8805868 ], [ -74.2553692, 4.8803798 ], [ -74.2574147, 4.8780508 ], [ -74.2578874, 4.8789342 ], [ -74.2582776, 4.8797141 ], [ -74.2587274, 4.8805468 ], [ -74.257306, 4.8832046 ], [ -74.2568517, 4.8829701 ], [ -74.2564574, 4.8838353 ] ] ], [ [ [ -74.2390776, 4.8859311 ], [ -74.2386695, 4.8866214 ], [ -74.2388727, 4.8876763 ], [ -74.2375603, 4.8881579 ], [ -74.2330377, 4.8898174 ], [ -74.2302062, 4.8858101 ], [ -74.2338483, 4.883444 ], [ -74.23193, 4.8807387 ], [ -74.2317464, 4.8808779 ], [ -74.2314988, 4.8810656 ], [ -74.2312878, 4.8808355 ], [ -74.2310675, 4.8806239 ], [ -74.2308702, 4.8804537 ], [ -74.230705, 4.8803617 ], [ -74.2305857, 4.8802605 ], [ -74.2305077, 4.8801317 ], [ -74.2303701, 4.8800489 ], [ -74.2302554, 4.8799845 ], [ -74.2301773, 4.8798971 ], [ -74.2301039, 4.8798142 ], [ -74.2300764, 4.8797705 ], [ -74.2300489, 4.8797268 ], [ -74.2299617, 4.8795842 ], [ -74.2298653, 4.8794232 ], [ -74.2296542, 4.8792161 ], [ -74.2294798, 4.8790597 ], [ -74.2294248, 4.8789907 ], [ -74.229154, 4.8785674 ], [ -74.2323006, 4.8764868 ], [ -74.2337372, 4.8786723 ], [ -74.2368451, 4.8834008 ], [ -74.2390776, 4.8859311 ] ] ], [ [ [ -74.2696393, 4.8886034 ], [ -74.2695677, 4.8886351 ], [ -74.2695092, 4.8886696 ], [ -74.2694369, 4.8887197 ], [ -74.2693825, 4.8887364 ], [ -74.269352, 4.8887371 ], [ -74.2692603, 4.8887002 ], [ -74.2692225, 4.8886553 ], [ -74.2691915, 4.8886024 ], [ -74.2691398, 4.8885323 ], [ -74.2690513, 4.888442 ], [ -74.2689861, 4.8884058 ], [ -74.2688049, 4.8884035 ], [ -74.2687373, 4.8884691 ], [ -74.2686765, 4.8885335 ], [ -74.2686547, 4.8885727 ], [ -74.2684598, 4.8887614 ], [ -74.2683921, 4.8888143 ], [ -74.2682843, 4.8888178 ], [ -74.2681846, 4.8888487 ], [ -74.2681228, 4.8888418 ], [ -74.268063, 4.8888351 ], [ -74.2680366, 4.8887914 ], [ -74.268009, 4.8886177 ], [ -74.2679998, 4.888582 ], [ -74.2679585, 4.8884958 ], [ -74.2679057, 4.8884624 ], [ -74.2678451, 4.8884292 ], [ -74.267801, 4.8884171 ], [ -74.267736, 4.8883992 ], [ -74.267666, 4.8884073 ], [ -74.2676385, 4.8884924 ], [ -74.2676041, 4.8885335 ], [ -74.2675674, 4.8885258 ], [ -74.2675399, 4.8885039 ], [ -74.2674912, 4.8884724 ], [ -74.2674676, 4.8884672 ], [ -74.2674011, 4.8884798 ], [ -74.2673529, 4.8885167 ], [ -74.2673082, 4.8885707 ], [ -74.2672452, 4.888634 ], [ -74.2671844, 4.888664 ], [ -74.2671248, 4.8887261 ], [ -74.2670224, 4.8888032 ], [ -74.2669935, 4.8888274 ], [ -74.2669562, 4.8888443 ], [ -74.2669424, 4.8888383 ], [ -74.2669244, 4.8888257 ], [ -74.2668418, 4.888744 ], [ -74.2668096, 4.8886899 ], [ -74.2668108, 4.8885794 ], [ -74.2667804, 4.888575 ], [ -74.2667408, 4.8885692 ], [ -74.2667098, 4.8885979 ], [ -74.2666823, 4.8886348 ], [ -74.266656, 4.8886911 ], [ -74.2666261, 4.8887429 ], [ -74.2665963, 4.8887901 ], [ -74.2665792, 4.8889534 ], [ -74.2665712, 4.8890041 ], [ -74.2665322, 4.8890708 ], [ -74.2664737, 4.8891111 ], [ -74.2663911, 4.8891571 ], [ -74.266312, 4.8892047 ], [ -74.2662374, 4.8892072 ], [ -74.2661859, 4.8892089 ], [ -74.2661669, 4.8892474 ], [ -74.2661201, 4.8892494 ], [ -74.2660437, 4.8892527 ], [ -74.2659771, 4.8892366 ], [ -74.2658965, 4.8892085 ], [ -74.2658062, 4.8892114 ], [ -74.2657569, 4.8891849 ], [ -74.2657179, 4.8891619 ], [ -74.2656617, 4.8891366 ], [ -74.2656009, 4.8890895 ], [ -74.2655447, 4.8890113 ], [ -74.2665537, 4.8880677 ], [ -74.2666268, 4.8869955 ], [ -74.267127, 4.8873496 ], [ -74.2675675, 4.8876946 ], [ -74.2678749, 4.8879246 ], [ -74.2680952, 4.8880718 ], [ -74.2681456, 4.8880166 ], [ -74.2682327, 4.8878969 ], [ -74.2683978, 4.8877036 ], [ -74.2686271, 4.8874274 ], [ -74.268728, 4.8872848 ], [ -74.268884, 4.8870777 ], [ -74.2689665, 4.8870086 ], [ -74.269384, 4.887211 ], [ -74.2696227, 4.8873673 ], [ -74.2699473, 4.8875697 ], [ -74.2701377, 4.8877192 ], [ -74.2703213, 4.8879492 ], [ -74.2703489, 4.8880746 ], [ -74.2703535, 4.8882092 ], [ -74.2701952, 4.8883715 ], [ -74.270115, 4.888406 ], [ -74.2700875, 4.8884658 ], [ -74.2701058, 4.8885694 ], [ -74.2701265, 4.8886384 ], [ -74.2701403, 4.8887097 ], [ -74.270177, 4.8888477 ], [ -74.2701908, 4.8889536 ], [ -74.2701863, 4.8890732 ], [ -74.2697938, 4.88864 ], [ -74.2697575, 4.8886 ], [ -74.2696829, 4.8885925 ], [ -74.2696393, 4.8886034 ] ] ], [ [ [ -74.2650003, 4.8893082 ], [ -74.2649165, 4.8893335 ], [ -74.2648466, 4.8893658 ], [ -74.2647491, 4.8894544 ], [ -74.264678, 4.8894763 ], [ -74.2646172, 4.8894671 ], [ -74.2645645, 4.8894372 ], [ -74.2644956, 4.8894015 ], [ -74.2644326, 4.8893854 ], [ -74.264366, 4.8893636 ], [ -74.2643006, 4.8893337 ], [ -74.2642731, 4.8893015 ], [ -74.2642628, 4.8892405 ], [ -74.2642754, 4.8891727 ], [ -74.2643052, 4.8891186 ], [ -74.2643384, 4.8890496 ], [ -74.264382, 4.888984 ], [ -74.2644336, 4.8889195 ], [ -74.2644324, 4.8888528 ], [ -74.2644003, 4.8888011 ], [ -74.2643876, 4.8887366 ], [ -74.2644369, 4.8886665 ], [ -74.2645505, 4.8885698 ], [ -74.264633, 4.8885295 ], [ -74.2646743, 4.8885007 ], [ -74.2647477, 4.8884535 ], [ -74.2648429, 4.8884903 ], [ -74.2648789, 4.8885363 ], [ -74.2649475, 4.888624 ], [ -74.2649997, 4.8886906 ], [ -74.2653535, 4.8891425 ], [ -74.2652927, 4.8891942 ], [ -74.2652021, 4.8892598 ], [ -74.2651104, 4.8893105 ], [ -74.2650003, 4.8893082 ] ] ] ] } },
{ "type": "Feature", "properties": { "MpNombre": "Areas de zona urbana", "Clas_CIAF": "1a" }, "geometry": { "type": "MultiPolygon", "coordinates": [ [ [ [ -74.2580857, 4.8341187 ], [ -74.2570406, 4.8345854 ], [ -74.2565598, 4.8348001 ], [ -74.2562139, 4.8335608 ], [ -74.2557428, 4.8328125 ], [ -74.2580851, 4.8316829 ], [ -74.2580857, 4.8341187 ] ] ], [ [ [ -74.2600568, 4.8415133 ], [ -74.2599171, 4.8419089 ], [ -74.259881, 4.8419199 ], [ -74.2598135, 4.8419497 ], [ -74.2597616, 4.842035 ], [ -74.2596799, 4.8421997 ], [ -74.2595857, 4.8423195 ], [ -74.2595606, 4.8424015 ], [ -74.2595574, 4.8424708 ], [ -74.2595512, 4.8426032 ], [ -74.2595418, 4.8427072 ], [ -74.2594382, 4.8429153 ], [ -74.2593533, 4.8430288 ], [ -74.2592277, 4.8431108 ], [ -74.2591491, 4.8431738 ], [ -74.2590643, 4.8432936 ], [ -74.2589575, 4.8434513 ], [ -74.258901, 4.8436499 ], [ -74.2588696, 4.8437381 ], [ -74.2588445, 4.843798 ], [ -74.2574525, 4.8439465 ], [ -74.2583437, 4.8430179 ], [ -74.2583697, 4.8422027 ], [ -74.258311, 4.8405161 ], [ -74.2601384, 4.8411476 ], [ -74.2601414, 4.8414111 ], [ -74.2600568, 4.8415133 ] ] ], [ [ [ -74.2663133, 4.8515922 ], [ -74.2643408, 4.8520115 ], [ -74.2656167, 4.8542429 ], [ -74.2616939, 4.8553121 ], [ -74.2605296, 4.8556294 ], [ -74.2596765, 4.8562325 ], [ -74.2596879, 4.8559426 ], [ -74.2596925, 4.855816 ], [ -74.2596466, 4.8557217 ], [ -74.2595594, 4.8555399 ], [ -74.2594928, 4.8554617 ], [ -74.2593987, 4.8553329 ], [ -74.2593643, 4.8551719 ], [ -74.2593367, 4.8549625 ], [ -74.259277, 4.8547555 ], [ -74.2592059, 4.8546335 ], [ -74.259121, 4.8545438 ], [ -74.2590407, 4.8544932 ], [ -74.2589925, 4.8544541 ], [ -74.2589627, 4.854415 ], [ -74.2589099, 4.8543736 ], [ -74.2588893, 4.8543299 ], [ -74.2588548, 4.854254 ], [ -74.2588594, 4.8541206 ], [ -74.2588995, 4.8539365 ], [ -74.2589408, 4.8538444 ], [ -74.2590738, 4.8537041 ], [ -74.2592251, 4.8535522 ], [ -74.2592641, 4.8534578 ], [ -74.2592824, 4.8533474 ], [ -74.2593328, 4.8532576 ], [ -74.2593534, 4.8531587 ], [ -74.2593626, 4.8529562 ], [ -74.2593831, 4.8527583 ], [ -74.2593762, 4.8524754 ], [ -74.2592111, 4.8525306 ], [ -74.2589083, 4.8525721 ], [ -74.2582661, 4.8527632 ], [ -74.2574245, 4.8535918 ], [ -74.255963, 4.8518827 ], [ -74.2566417, 4.851183 ], [ -74.2569467, 4.8509184 ], [ -74.2577768, 4.8500738 ], [ -74.2583225, 4.8491625 ], [ -74.258905, 4.8487666 ], [ -74.2596022, 4.8484236 ], [ -74.2597834, 4.8483499 ], [ -74.2598132, 4.8482257 ], [ -74.2598613, 4.8481359 ], [ -74.2599049, 4.8480623 ], [ -74.2599003, 4.8479979 ], [ -74.2598521, 4.8479749 ], [ -74.2598612, 4.8478759 ], [ -74.2598314, 4.8477149 ], [ -74.2597809, 4.847616 ], [ -74.2596868, 4.8474895 ], [ -74.259634, 4.8474251 ], [ -74.2596271, 4.8472663 ], [ -74.2596248, 4.8471513 ], [ -74.2596225, 4.84705 ], [ -74.2596293, 4.8469281 ], [ -74.2596729, 4.8468498 ], [ -74.2597784, 4.8467808 ], [ -74.2599917, 4.8467738 ], [ -74.2600718, 4.8468135 ], [ -74.2601912, 4.8468359 ], [ -74.2602945, 4.846852 ], [ -74.2604229, 4.8468773 ], [ -74.2605651, 4.8468519 ], [ -74.2606982, 4.8468841 ], [ -74.260814, 4.8469669 ], [ -74.2608358, 4.8470451 ], [ -74.260845, 4.8471705 ], [ -74.2607923, 4.8473155 ], [ -74.2603347, 4.8473282 ], [ -74.2604842, 4.8486834 ], [ -74.2617639, 4.8481032 ], [ -74.2621309, 4.8481629 ], [ -74.2628742, 4.8487793 ], [ -74.2661943, 4.8483832 ], [ -74.2671174, 4.8482444 ], [ -74.2678192, 4.8476966 ], [ -74.267887, 4.8477838 ], [ -74.2679775, 4.8478392 ], [ -74.2681093, 4.8478856 ], [ -74.2682626, 4.8480971 ], [ -74.2685481, 4.8484619 ], [ -74.2690344, 4.8489112 ], [ -74.2692723, 4.8490857 ], [ -74.2695155, 4.8494134 ], [ -74.26969, 4.8497042 ], [ -74.2698856, 4.8499262 ], [ -74.2700759, 4.8501166 ], [ -74.2704565, 4.850439 ], [ -74.2707367, 4.8506135 ], [ -74.27089, 4.8507668 ], [ -74.2710486, 4.8510734 ], [ -74.2711385, 4.8512902 ], [ -74.2711757, 4.8514726 ], [ -74.2711702, 4.8515651 ], [ -74.2711332, 4.8517818 ], [ -74.2711332, 4.8519034 ], [ -74.2711649, 4.8520144 ], [ -74.2712283, 4.8521413 ], [ -74.2713605, 4.8523158 ], [ -74.2715667, 4.8525114 ], [ -74.2675112, 4.8537224 ], [ -74.2663133, 4.8515922 ] ] ] ] } },
{ "type": "Feature", "properties": { "MpNombre": "Area Agrope Semi Intensiva", "Clas_CIAF": "2b" }, "geometry": { "type": "MultiPolygon", "coordinates": [ [ [ [ -74.1952928, 4.8662501 ], [ -74.1953111, 4.8662052 ], [ -74.1953455, 4.8661649 ], [ -74.1953902, 4.8661063 ], [ -74.1954132, 4.8660637 ], [ -74.1954544, 4.8660131 ], [ -74.195482, 4.8659555 ], [ -74.1955152, 4.865913 ], [ -74.1955473, 4.8658474 ], [ -74.1955783, 4.8657991 ], [ -74.1955966, 4.8657554 ], [ -74.1956505, 4.8656978 ], [ -74.1956734, 4.8656472 ], [ -74.1956952, 4.8656173 ], [ -74.1957319, 4.8655552 ], [ -74.1957502, 4.8652169 ], [ -74.1957628, 4.865133 ], [ -74.1957754, 4.8650743 ], [ -74.1958167, 4.8650536 ], [ -74.1958545, 4.8650156 ], [ -74.1958901, 4.8649937 ], [ -74.1959274, 4.8649558 ], [ -74.195952, 4.8649299 ], [ -74.1959669, 4.8648609 ], [ -74.1959915, 4.8647798 ], [ -74.1960145, 4.8646624 ], [ -74.1960615, 4.8646164 ], [ -74.1960907, 4.8645778 ], [ -74.1961463, 4.864541 ], [ -74.1962106, 4.8645105 ], [ -74.1963619, 4.8645197 ], [ -74.1964675, 4.8645404 ], [ -74.19655, 4.8645703 ], [ -74.1966601, 4.8646071 ], [ -74.1968551, 4.8646784 ], [ -74.1970593, 4.8647543 ], [ -74.196963, 4.8649613 ], [ -74.1972279, 4.8650901 ], [ -74.1973805, 4.8651453 ], [ -74.1974814, 4.8652063 ], [ -74.1976523, 4.8652879 ], [ -74.1977533, 4.8653098 ], [ -74.1979517, 4.8653327 ], [ -74.1981145, 4.8653569 ], [ -74.1984861, 4.8653603 ], [ -74.1985813, 4.8653453 ], [ -74.19879, 4.8653107 ], [ -74.1989299, 4.8652658 ], [ -74.1991088, 4.8652014 ], [ -74.1992579, 4.8651623 ], [ -74.1994323, 4.8651139 ], [ -74.199688, 4.8650701 ], [ -74.1999139, 4.8650057 ], [ -74.2001502, 4.8649803 ], [ -74.2005883, 4.8649733 ], [ -74.2006221, 4.8649866 ], [ -74.2006749, 4.8650262 ], [ -74.2007775, 4.8650993 ], [ -74.2008102, 4.8651171 ], [ -74.2008355, 4.8651321 ], [ -74.2008641, 4.8651574 ], [ -74.2008836, 4.8651781 ], [ -74.2009043, 4.8651919 ], [ -74.2009307, 4.8652241 ], [ -74.2009697, 4.8652597 ], [ -74.2010006, 4.865285 ], [ -74.2010362, 4.8653195 ], [ -74.2010752, 4.8653655 ], [ -74.2011154, 4.8653966 ], [ -74.2011371, 4.8654288 ], [ -74.2011612, 4.8654622 ], [ -74.2011888, 4.8655047 ], [ -74.2011957, 4.8655323 ], [ -74.2012232, 4.8655726 ], [ -74.2012542, 4.8656013 ], [ -74.2012817, 4.8656485 ], [ -74.2013069, 4.8656807 ], [ -74.2013413, 4.865744 ], [ -74.2013849, 4.8658095 ], [ -74.2014262, 4.8658647 ], [ -74.2014652, 4.8659326 ], [ -74.2015043, 4.8659809 ], [ -74.2015582, 4.8660212 ], [ -74.2016505, 4.8661333 ], [ -74.2016849, 4.8661903 ], [ -74.2017343, 4.8662673 ], [ -74.2017446, 4.8662903 ], [ -74.2017538, 4.8663145 ], [ -74.2017664, 4.8663323 ], [ -74.2017796, 4.8663588 ], [ -74.2018042, 4.8663927 ], [ -74.2018111, 4.866414 ], [ -74.2018364, 4.8664399 ], [ -74.2018496, 4.8664681 ], [ -74.2018736, 4.866506 ], [ -74.2019017, 4.8665468 ], [ -74.2019287, 4.8665796 ], [ -74.2019476, 4.866617 ], [ -74.201978, 4.8666458 ], [ -74.2020124, 4.8666889 ], [ -74.2020394, 4.8667384 ], [ -74.2020727, 4.8667688 ], [ -74.2020962, 4.8668028 ], [ -74.2021071, 4.8668407 ], [ -74.2021381, 4.8668804 ], [ -74.2021645, 4.8669074 ], [ -74.2021702, 4.8669374 ], [ -74.2022023, 4.8669696 ], [ -74.2022235, 4.8670046 ], [ -74.2022379, 4.8670369 ], [ -74.2022597, 4.8670599 ], [ -74.2022838, 4.867084 ], [ -74.2022975, 4.8671214 ], [ -74.2023199, 4.8671467 ], [ -74.2023417, 4.8671881 ], [ -74.2023589, 4.8672232 ], [ -74.202383, 4.867241 ], [ -74.2023962, 4.8672819 ], [ -74.2024209, 4.8673204 ], [ -74.2024478, 4.8673428 ], [ -74.2024679, 4.86739 ], [ -74.2025115, 4.8674348 ], [ -74.2025379, 4.8674682 ], [ -74.2026015, 4.8675401 ], [ -74.2028356, 4.8679082 ], [ -74.2032914, 4.8676044 ], [ -74.2032793, 4.8675543 ], [ -74.203238, 4.8674836 ], [ -74.2031939, 4.8674324 ], [ -74.2031813, 4.8674083 ], [ -74.2031658, 4.8673709 ], [ -74.2031468, 4.8673312 ], [ -74.2031032, 4.867257 ], [ -74.2030923, 4.8672334 ], [ -74.2030556, 4.8671995 ], [ -74.2030338, 4.8671759 ], [ -74.2030109, 4.8671385 ], [ -74.2029598, 4.8670758 ], [ -74.202922, 4.867012 ], [ -74.202891, 4.8669775 ], [ -74.2028577, 4.8669154 ], [ -74.2028308, 4.8668757 ], [ -74.2027872, 4.8668113 ], [ -74.2027367, 4.8667342 ], [ -74.2027012, 4.8666744 ], [ -74.2026748, 4.8666353 ], [ -74.2026467, 4.8666077 ], [ -74.2026082, 4.8665303 ], [ -74.2025652, 4.8664728 ], [ -74.2025342, 4.8664239 ], [ -74.2024763, 4.8663515 ], [ -74.202447, 4.866306 ], [ -74.2024023, 4.8662531 ], [ -74.2023553, 4.8661893 ], [ -74.202318, 4.8661341 ], [ -74.2022836, 4.8660725 ], [ -74.2022228, 4.8659909 ], [ -74.2021838, 4.865908 ], [ -74.2021425, 4.8658488 ], [ -74.2021052, 4.8658028 ], [ -74.2020627, 4.8657533 ], [ -74.2019962, 4.8656682 ], [ -74.201901, 4.8655566 ], [ -74.2018608, 4.8654876 ], [ -74.2018104, 4.8654117 ], [ -74.2017737, 4.8653634 ], [ -74.2017599, 4.8653277 ], [ -74.2017174, 4.8652817 ], [ -74.2016956, 4.865238 ], [ -74.2016658, 4.8651863 ], [ -74.2016291, 4.8651276 ], [ -74.2015901, 4.8650804 ], [ -74.2015706, 4.8650413 ], [ -74.2015121, 4.8649896 ], [ -74.2014352, 4.8649194 ], [ -74.2013939, 4.8648722 ], [ -74.2013309, 4.8648136 ], [ -74.201285, 4.8647756 ], [ -74.2012689, 4.8647469 ], [ -74.2012299, 4.8647066 ], [ -74.2011542, 4.8646641 ], [ -74.2010533, 4.8645997 ], [ -74.2009994, 4.8645606 ], [ -74.2009374, 4.8645192 ], [ -74.2008996, 4.8644835 ], [ -74.2008411, 4.8644398 ], [ -74.2007791, 4.8644341 ], [ -74.2007378, 4.8644226 ], [ -74.2006862, 4.8644191 ], [ -74.2006415, 4.8644053 ], [ -74.2004397, 4.8643985 ], [ -74.200263, 4.8643985 ], [ -74.2001036, 4.8644031 ], [ -74.2000497, 4.8644077 ], [ -74.1999247, 4.8644262 ], [ -74.1998525, 4.8644434 ], [ -74.1996965, 4.8644688 ], [ -74.1995577, 4.864493 ], [ -74.1994522, 4.8645125 ], [ -74.1993433, 4.8645425 ], [ -74.1992286, 4.8645609 ], [ -74.1990646, 4.8646023 ], [ -74.1990049, 4.8646288 ], [ -74.1989144, 4.8646553 ], [ -74.1988077, 4.8646852 ], [ -74.1986976, 4.8647278 ], [ -74.1986735, 4.8647491 ], [ -74.19865, 4.8647537 ], [ -74.1986328, 4.8647474 ], [ -74.1986661, 4.8647146 ], [ -74.1987159, 4.8646731 ], [ -74.1987303, 4.8646404 ], [ -74.1987498, 4.8646139 ], [ -74.1987589, 4.8645794 ], [ -74.198783, 4.8645495 ], [ -74.1988014, 4.8645126 ], [ -74.1988243, 4.8644781 ], [ -74.1988495, 4.8644448 ], [ -74.1988793, 4.8643849 ], [ -74.1988862, 4.864309 ], [ -74.1988816, 4.8642411 ], [ -74.1988621, 4.8641928 ], [ -74.1988586, 4.8641503 ], [ -74.1988334, 4.8640444 ], [ -74.1988265, 4.8639915 ], [ -74.1988035, 4.863919 ], [ -74.1987817, 4.8638523 ], [ -74.1987588, 4.8637833 ], [ -74.1987427, 4.8637292 ], [ -74.1987221, 4.8636936 ], [ -74.1986819, 4.8636568 ], [ -74.1986498, 4.8636211 ], [ -74.1986143, 4.8635924 ], [ -74.1985913, 4.8635694 ], [ -74.1985615, 4.8635372 ], [ -74.1985408, 4.8635153 ], [ -74.1985156, 4.8634865 ], [ -74.1984835, 4.8634486 ], [ -74.1984548, 4.8634279 ], [ -74.1983871, 4.863398 ], [ -74.1983539, 4.8633577 ], [ -74.1983034, 4.863306 ], [ -74.1982587, 4.8632646 ], [ -74.1981807, 4.8632508 ], [ -74.1980992, 4.8632266 ], [ -74.1980017, 4.863199 ], [ -74.1979845, 4.8631933 ], [ -74.1979834, 4.8631576 ], [ -74.1980109, 4.863107 ], [ -74.1980212, 4.8629897 ], [ -74.1980441, 4.8629195 ], [ -74.1980521, 4.8628459 ], [ -74.1980682, 4.8627757 ], [ -74.198098, 4.8626986 ], [ -74.1981152, 4.8626376 ], [ -74.1981553, 4.8625732 ], [ -74.1981943, 4.8624915 ], [ -74.1982264, 4.8624397 ], [ -74.1982528, 4.8623765 ], [ -74.1982596, 4.8623488 ], [ -74.1982872, 4.8622994 ], [ -74.1983055, 4.8622419 ], [ -74.1983261, 4.8621521 ], [ -74.1983376, 4.8620831 ], [ -74.1983536, 4.861998 ], [ -74.1983582, 4.8619381 ], [ -74.1983674, 4.8618553 ], [ -74.1983972, 4.861807 ], [ -74.1984178, 4.8617748 ], [ -74.1984591, 4.8617172 ], [ -74.1984797, 4.8616678 ], [ -74.1985004, 4.8616425 ], [ -74.1985256, 4.8616229 ], [ -74.1985405, 4.8615861 ], [ -74.1985611, 4.8615504 ], [ -74.1985887, 4.861524 ], [ -74.1986219, 4.8614814 ], [ -74.1986494, 4.8614354 ], [ -74.1986666, 4.8614078 ], [ -74.1986941, 4.8613859 ], [ -74.1987228, 4.8613387 ], [ -74.1987303, 4.8613258 ], [ -74.1987366, 4.8613108 ], [ -74.1987426, 4.8612993 ], [ -74.1987483, 4.8612892 ], [ -74.1987566, 4.8612743 ], [ -74.1987615, 4.8612737 ], [ -74.1987735, 4.8612731 ], [ -74.1987839, 4.8612777 ], [ -74.1987856, 4.8613051 ], [ -74.1987866, 4.8613158 ], [ -74.1987873, 4.8613224 ], [ -74.198788, 4.8613371 ], [ -74.1987958, 4.8613475 ], [ -74.1988058, 4.8613601 ], [ -74.1988163, 4.8613805 ], [ -74.1988206, 4.8614331 ], [ -74.1988517, 4.8614971 ], [ -74.1988878, 4.8615279 ], [ -74.1989664, 4.8615393 ], [ -74.1990106, 4.8615566 ], [ -74.1990519, 4.8615618 ], [ -74.1991075, 4.8615646 ], [ -74.1991694, 4.8615606 ], [ -74.1992577, 4.8615491 ], [ -74.1993449, 4.8615387 ], [ -74.1993626, 4.8615295 ], [ -74.199381, 4.8614818 ], [ -74.1993913, 4.8614645 ], [ -74.1994062, 4.8614254 ], [ -74.1994154, 4.861384 ], [ -74.1994326, 4.8613587 ], [ -74.1994601, 4.8613264 ], [ -74.199475, 4.8612563 ], [ -74.1994933, 4.861216 ], [ -74.1995232, 4.8611884 ], [ -74.1995587, 4.8611688 ], [ -74.1996332, 4.8611527 ], [ -74.1996883, 4.8611481 ], [ -74.199725, 4.8611354 ], [ -74.1997422, 4.8611159 ], [ -74.1997651, 4.861094 ], [ -74.2001998, 4.8610801 ], [ -74.2002336, 4.8610562 ], [ -74.200268, 4.8610456 ], [ -74.2002987, 4.8610269 ], [ -74.2003294, 4.8610134 ], [ -74.200356, 4.8609975 ], [ -74.2004071, 4.8609702 ], [ -74.2004254, 4.8609461 ], [ -74.2004572, 4.860915 ], [ -74.2004615, 4.8608845 ], [ -74.2004888, 4.8608534 ], [ -74.2004908, 4.8608206 ], [ -74.2005223, 4.8607881 ], [ -74.2005295, 4.8607738 ], [ -74.2005564, 4.8607513 ], [ -74.2005627, 4.8607295 ], [ -74.2005942, 4.8607111 ], [ -74.2006103, 4.8606788 ], [ -74.200639, 4.8606426 ], [ -74.2006521, 4.8606184 ], [ -74.2006527, 4.8605753 ], [ -74.2006447, 4.8605362 ], [ -74.2006263, 4.8604988 ], [ -74.2006154, 4.8604447 ], [ -74.2005965, 4.8604033 ], [ -74.2005833, 4.8603688 ], [ -74.2005477, 4.8603389 ], [ -74.2004818, 4.8603061 ], [ -74.2004411, 4.860267 ], [ -74.200417, 4.8602423 ], [ -74.2003906, 4.8602135 ], [ -74.2003527, 4.8601785 ], [ -74.2003292, 4.8601411 ], [ -74.2003154, 4.8601141 ], [ -74.2002908, 4.8600887 ], [ -74.2002764, 4.860068 ], [ -74.2002615, 4.8600318 ], [ -74.2002575, 4.8600226 ], [ -74.2002323, 4.8600025 ], [ -74.2002242, 4.8599892 ], [ -74.2001921, 4.8599668 ], [ -74.2001789, 4.8599174 ], [ -74.200166, 4.8598713 ], [ -74.2001649, 4.8597609 ], [ -74.2001545, 4.8595659 ], [ -74.2001419, 4.8594957 ], [ -74.2001378, 4.8594164 ], [ -74.2001373, 4.859408 ], [ -74.2001444, 4.8594037 ], [ -74.2001639, 4.8593925 ], [ -74.2001694, 4.8593807 ], [ -74.2001866, 4.8593721 ], [ -74.2002032, 4.8593505 ], [ -74.2002236, 4.8593361 ], [ -74.2002327, 4.8593148 ], [ -74.2002367, 4.8592898 ], [ -74.2002625, 4.8592746 ], [ -74.2002964, 4.8592412 ], [ -74.2003285, 4.8592095 ], [ -74.2003517, 4.8592072 ], [ -74.2003589, 4.8591989 ], [ -74.2003626, 4.8591917 ], [ -74.2003778, 4.8591828 ], [ -74.2003861, 4.8591782 ], [ -74.2003947, 4.8591713 ], [ -74.2004004, 4.8591583 ], [ -74.2004153, 4.8591489 ], [ -74.2004216, 4.859144 ], [ -74.2004258, 4.859131 ], [ -74.200435, 4.859124 ], [ -74.2004523, 4.8591151 ], [ -74.2004563, 4.8591132 ], [ -74.2004725, 4.8590989 ], [ -74.200481, 4.8590912 ], [ -74.2004883, 4.8590818 ], [ -74.2005015, 4.8590798 ], [ -74.2005065, 4.8590789 ], [ -74.2005155, 4.8590748 ], [ -74.2005201, 4.8590617 ], [ -74.2005313, 4.8590522 ], [ -74.2005418, 4.8590497 ], [ -74.2005529, 4.8590469 ], [ -74.2005548, 4.859039 ], [ -74.2005575, 4.8590308 ], [ -74.200563, 4.8590213 ], [ -74.2005746, 4.8590188 ], [ -74.2005833, 4.8590162 ], [ -74.2005863, 4.8590111 ], [ -74.2008881, 4.85872 ], [ -74.200903, 4.8587015 ], [ -74.2025284, 4.8604337 ], [ -74.2041919, 4.8588654 ], [ -74.2022201, 4.856756 ], [ -74.2022155, 4.8567123 ], [ -74.2022407, 4.8566559 ], [ -74.202259, 4.8566168 ], [ -74.2022774, 4.8565616 ], [ -74.202306, 4.8565121 ], [ -74.2023519, 4.8564327 ], [ -74.2023485, 4.8563694 ], [ -74.2023519, 4.8562923 ], [ -74.2023473, 4.8561865 ], [ -74.2023885, 4.8560669 ], [ -74.2024241, 4.8559737 ], [ -74.2024768, 4.8558897 ], [ -74.2025101, 4.8557988 ], [ -74.2025766, 4.8556803 ], [ -74.2025719, 4.8555837 ], [ -74.202604, 4.8555031 ], [ -74.2026453, 4.8554571 ], [ -74.2032394, 4.855595 ], [ -74.2034732, 4.8546425 ], [ -74.2035122, 4.8545803 ], [ -74.2035512, 4.854578 ], [ -74.2036154, 4.8546033 ], [ -74.2036957, 4.8546309 ], [ -74.2037576, 4.8546631 ], [ -74.20387, 4.8546884 ], [ -74.2039687, 4.8546677 ], [ -74.2040925, 4.854617 ], [ -74.2042209, 4.8545641 ], [ -74.2043219, 4.8545135 ], [ -74.2043815, 4.8544812 ], [ -74.2044274, 4.8544697 ], [ -74.2044916, 4.8544444 ], [ -74.204542, 4.8543984 ], [ -74.2046269, 4.8542856 ], [ -74.2046911, 4.8542005 ], [ -74.2047691, 4.8540854 ], [ -74.2048057, 4.8540233 ], [ -74.2049502, 4.8539197 ], [ -74.2050443, 4.8538967 ], [ -74.2050993, 4.8538622 ], [ -74.2051681, 4.8538162 ], [ -74.2052461, 4.8537241 ], [ -74.2053172, 4.8536574 ], [ -74.205386, 4.8535837 ], [ -74.2054617, 4.8535078 ], [ -74.2055098, 4.8534411 ], [ -74.2055671, 4.8534066 ], [ -74.2056356, 4.8533464 ], [ -74.2056638, 4.8533137 ], [ -74.2057295, 4.8532802 ], [ -74.2077879, 4.8554998 ], [ -74.209212, 4.8541927 ], [ -74.2075515, 4.8524115 ], [ -74.2077803, 4.8524069 ], [ -74.2078296, 4.8523746 ], [ -74.2079064, 4.8523401 ], [ -74.2079786, 4.8523067 ], [ -74.2080211, 4.852286 ], [ -74.2080646, 4.8522699 ], [ -74.2081231, 4.8522388 ], [ -74.2081988, 4.8522101 ], [ -74.2082458, 4.8521778 ], [ -74.2082779, 4.8521525 ], [ -74.2082894, 4.8521123 ], [ -74.2083238, 4.8519961 ], [ -74.2083444, 4.85185 ], [ -74.2083536, 4.8517637 ], [ -74.2083811, 4.8516107 ], [ -74.2083994, 4.8514979 ], [ -74.2084166, 4.8514266 ], [ -74.208436, 4.8513081 ], [ -74.2084291, 4.8512207 ], [ -74.2084142, 4.8511793 ], [ -74.2084028, 4.8511275 ], [ -74.2084177, 4.8510734 ], [ -74.2084337, 4.8510136 ], [ -74.2084578, 4.8509526 ], [ -74.2084899, 4.8508802 ], [ -74.2085243, 4.8508203 ], [ -74.2085369, 4.8507536 ], [ -74.2085518, 4.8507179 ], [ -74.208577, 4.8506673 ], [ -74.208585, 4.8506155 ], [ -74.2086091, 4.8505546 ], [ -74.2086274, 4.8505097 ], [ -74.20864, 4.8504809 ], [ -74.2086549, 4.8504579 ], [ -74.208671, 4.8504407 ], [ -74.2087123, 4.850405 ], [ -74.2087581, 4.8503751 ], [ -74.208812, 4.8503509 ], [ -74.2088625, 4.850298 ], [ -74.208921, 4.8502416 ], [ -74.2089634, 4.8501829 ], [ -74.2090127, 4.8501254 ], [ -74.20907, 4.8500713 ], [ -74.2091446, 4.8500092 ], [ -74.2092237, 4.8499275 ], [ -74.2092684, 4.8498654 ], [ -74.2093062, 4.8498044 ], [ -74.2093234, 4.849794 ], [ -74.209332, 4.8497762 ], [ -74.2095442, 4.8497623 ], [ -74.2095992, 4.8497451 ], [ -74.2096159, 4.8497295 ], [ -74.2096715, 4.8497008 ], [ -74.2097162, 4.8496634 ], [ -74.2097701, 4.8496202 ], [ -74.2098171, 4.8495955 ], [ -74.2098561, 4.849561 ], [ -74.2098997, 4.8495299 ], [ -74.2099398, 4.849508 ], [ -74.2103722, 4.849501 ], [ -74.2104696, 4.84947 ], [ -74.2105889, 4.8494435 ], [ -74.2107059, 4.8494193 ], [ -74.2107563, 4.8493813 ], [ -74.2107919, 4.8493203 ], [ -74.2108148, 4.8492686 ], [ -74.2108458, 4.8492214 ], [ -74.2109547, 4.8491984 ], [ -74.2110315, 4.8491765 ], [ -74.2110499, 4.8491512 ], [ -74.2111072, 4.8490879 ], [ -74.2112001, 4.8490246 ], [ -74.2112368, 4.8489993 ], [ -74.2112746, 4.8489659 ], [ -74.2113285, 4.8489107 ], [ -74.2113606, 4.8488739 ], [ -74.2114214, 4.8488175 ], [ -74.2114753, 4.8487646 ], [ -74.2114718, 4.8483826 ], [ -74.2115108, 4.8483412 ], [ -74.2115211, 4.8483171 ], [ -74.2115715, 4.8482791 ], [ -74.2115922, 4.8482595 ], [ -74.2116988, 4.8482802 ], [ -74.2118227, 4.8482894 ], [ -74.2119534, 4.8482433 ], [ -74.2122493, 4.8481789 ], [ -74.2123433, 4.8481443 ], [ -74.2124557, 4.8480638 ], [ -74.2125887, 4.8478935 ], [ -74.2127034, 4.8476703 ], [ -74.2127882, 4.8475023 ], [ -74.212873, 4.8473781 ], [ -74.2129372, 4.8472768 ], [ -74.2129808, 4.8471549 ], [ -74.2129418, 4.8470997 ], [ -74.2128684, 4.8470398 ], [ -74.2128271, 4.8469777 ], [ -74.2128844, 4.8468972 ], [ -74.2130014, 4.8468028 ], [ -74.2131458, 4.8466487 ], [ -74.213233, 4.8465336 ], [ -74.2132375, 4.8461609 ], [ -74.2132604, 4.8458986 ], [ -74.2132672, 4.8458134 ], [ -74.2312085, 4.8457981 ], [ -74.2343726, 4.8403675 ], [ -74.2217573, 4.8403519 ], [ -74.2217196, 4.8354282 ], [ -74.2217563, 4.8353707 ], [ -74.2218136, 4.83535 ], [ -74.2218847, 4.8353085 ], [ -74.2219696, 4.8352717 ], [ -74.2220521, 4.8352303 ], [ -74.2221003, 4.8351866 ], [ -74.2221989, 4.8351382 ], [ -74.2222723, 4.8350968 ], [ -74.2223273, 4.8350439 ], [ -74.2223594, 4.8350185 ], [ -74.2224237, 4.8349725 ], [ -74.2224925, 4.8349288 ], [ -74.2225544, 4.8349035 ], [ -74.222598, 4.8348689 ], [ -74.2226438, 4.8348298 ], [ -74.222692, 4.8347861 ], [ -74.2227447, 4.8347332 ], [ -74.2227722, 4.8347079 ], [ -74.2227998, 4.8346825 ], [ -74.222825, 4.8346342 ], [ -74.2228777, 4.8345767 ], [ -74.2229305, 4.8345192 ], [ -74.2229717, 4.8344846 ], [ -74.2229901, 4.8344363 ], [ -74.2230268, 4.8343926 ], [ -74.2230703, 4.8343535 ], [ -74.2230933, 4.8343213 ], [ -74.2231368, 4.8343028 ], [ -74.2231965, 4.8342637 ], [ -74.2232515, 4.8342292 ], [ -74.2233065, 4.8341901 ], [ -74.2233318, 4.8341601 ], [ -74.2233616, 4.8340888 ], [ -74.2233799, 4.8340566 ], [ -74.2234166, 4.8339508 ], [ -74.2234143, 4.8338909 ], [ -74.2234234, 4.8335205 ], [ -74.2234761, 4.8334975 ], [ -74.2235564, 4.8334975 ], [ -74.2236069, 4.8334698 ], [ -74.2236825, 4.8334284 ], [ -74.2237261, 4.8334261 ], [ -74.2237858, 4.8334008 ], [ -74.2238431, 4.8333778 ], [ -74.2239096, 4.8333409 ], [ -74.2239532, 4.8333041 ], [ -74.2240082, 4.8332443 ], [ -74.2240678, 4.8331844 ], [ -74.2240999, 4.8331338 ], [ -74.2241527, 4.833074 ], [ -74.2242031, 4.8330211 ], [ -74.224226, 4.8329819 ], [ -74.2242513, 4.832929 ], [ -74.2242879, 4.8328646 ], [ -74.2243109, 4.8327933 ], [ -74.2243407, 4.832715 ], [ -74.2243728, 4.8326552 ], [ -74.2244003, 4.8325793 ], [ -74.2244163, 4.832524 ], [ -74.2244301, 4.8324642 ], [ -74.2244392, 4.8323952 ], [ -74.2244621, 4.8323032 ], [ -74.2244644, 4.832264 ], [ -74.2244828, 4.8321835 ], [ -74.2245034, 4.8321714 ], [ -74.2245412, 4.8321421 ], [ -74.2245562, 4.8321409 ], [ -74.2245986, 4.8321381 ], [ -74.2246553, 4.8321139 ], [ -74.2247024, 4.8321081 ], [ -74.2247333, 4.8320989 ], [ -74.2247677, 4.8320851 ], [ -74.2248205, 4.832077 ], [ -74.2248824, 4.8320471 ], [ -74.2249271, 4.8320114 ], [ -74.2249455, 4.8319861 ], [ -74.2249822, 4.8319482 ], [ -74.2250143, 4.8318906 ], [ -74.2250372, 4.8318653 ], [ -74.2250658, 4.8318331 ], [ -74.2250888, 4.8317974 ], [ -74.2251151, 4.8317595 ], [ -74.2251513, 4.8317244 ], [ -74.2251771, 4.8316921 ], [ -74.2252046, 4.8316185 ], [ -74.2252378, 4.8315495 ], [ -74.2252561, 4.8315058 ], [ -74.2252871, 4.8314494 ], [ -74.225294, 4.831416 ], [ -74.2253158, 4.8313654 ], [ -74.2253295, 4.8313286 ], [ -74.2253547, 4.8312676 ], [ -74.2253983, 4.8311917 ], [ -74.2254178, 4.8311307 ], [ -74.2254281, 4.8310985 ], [ -74.2254395, 4.831064 ], [ -74.2254499, 4.8310398 ], [ -74.2254682, 4.8309846 ], [ -74.2254751, 4.8309432 ], [ -74.2254774, 4.8308926 ], [ -74.2254922, 4.8308304 ], [ -74.2255026, 4.8307821 ], [ -74.2255048, 4.8306981 ], [ -74.2255094, 4.830613 ], [ -74.2255209, 4.8305486 ], [ -74.2255312, 4.8304888 ], [ -74.2255357, 4.8303691 ], [ -74.2255369, 4.8303254 ], [ -74.2255466, 4.8302794 ], [ -74.2255592, 4.8302437 ], [ -74.225569, 4.8302219 ], [ -74.2255982, 4.8302011 ], [ -74.2256056, 4.8301735 ], [ -74.2256297, 4.8301505 ], [ -74.2256572, 4.8301125 ], [ -74.2257031, 4.8300677 ], [ -74.2257272, 4.8300343 ], [ -74.2257593, 4.8300021 ], [ -74.2257811, 4.8299584 ], [ -74.2258223, 4.82991 ], [ -74.2258716, 4.8298594 ], [ -74.2259278, 4.8297996 ], [ -74.2260253, 4.8297133 ], [ -74.2260941, 4.829635 ], [ -74.2261743, 4.8295775 ], [ -74.2263865, 4.8293991 ], [ -74.2264105, 4.8293773 ], [ -74.2264656, 4.8293094 ], [ -74.2264942, 4.8292864 ], [ -74.2265183, 4.8292473 ], [ -74.2265665, 4.8292047 ], [ -74.2265974, 4.8291713 ], [ -74.2266238, 4.829146 ], [ -74.2266502, 4.8291247 ], [ -74.2266937, 4.829085 ], [ -74.2267333, 4.8290511 ], [ -74.2267837, 4.8290033 ], [ -74.2268239, 4.8289889 ], [ -74.2269053, 4.8289498 ], [ -74.226942, 4.8289164 ], [ -74.2270073, 4.8288842 ], [ -74.2270968, 4.8288405 ], [ -74.2271381, 4.8288175 ], [ -74.227169, 4.8288025 ], [ -74.2272034, 4.8287795 ], [ -74.2272504, 4.8287599 ], [ -74.2272929, 4.8287288 ], [ -74.2273066, 4.828715 ], [ -74.227364, 4.8286874 ], [ -74.2274213, 4.8286586 ], [ -74.2274419, 4.8286483 ], [ -74.2274729, 4.8286241 ], [ -74.2275165, 4.828585 ], [ -74.2275451, 4.8285539 ], [ -74.2275692, 4.8285321 ], [ -74.2276059, 4.8285021 ], [ -74.2276483, 4.8284607 ], [ -74.2276965, 4.8284193 ], [ -74.2277309, 4.8283721 ], [ -74.2277618, 4.8283353 ], [ -74.2278008, 4.828295 ], [ -74.2278455, 4.828264 ], [ -74.2278891, 4.8282248 ], [ -74.2279201, 4.8281834 ], [ -74.227935, 4.8281362 ], [ -74.2279464, 4.8280891 ], [ -74.2279659, 4.8280431 ], [ -74.2279734, 4.8280206 ], [ -74.2279791, 4.8279965 ], [ -74.2279791, 4.8279706 ], [ -74.2279791, 4.8279464 ], [ -74.2279865, 4.8279223 ], [ -74.2280003, 4.8279119 ], [ -74.2280657, 4.8279222 ], [ -74.228119, 4.8279458 ], [ -74.2281706, 4.827955 ], [ -74.228213, 4.8279757 ], [ -74.228252, 4.8280045 ], [ -74.2283163, 4.8280286 ], [ -74.2284493, 4.8280723 ], [ -74.228556, 4.8281229 ], [ -74.2286064, 4.8281482 ], [ -74.2286615, 4.8281689 ], [ -74.2287165, 4.8282333 ], [ -74.2288014, 4.8282747 ], [ -74.2288456, 4.8282729 ], [ -74.2288995, 4.8282798 ], [ -74.228927, 4.8283287 ], [ -74.2289402, 4.8283811 ], [ -74.22895, 4.8284138 ], [ -74.2289591, 4.8284478 ], [ -74.2289689, 4.828499 ], [ -74.228985, 4.8285283 ], [ -74.2296811, 4.8285287 ], [ -74.2297338, 4.828516 ], [ -74.2297751, 4.828493 ], [ -74.2298439, 4.8284735 ], [ -74.2299116, 4.8284504 ], [ -74.2299838, 4.8284263 ], [ -74.2300366, 4.8284067 ], [ -74.2300973, 4.8283825 ], [ -74.2301845, 4.8283526 ], [ -74.2302774, 4.828333 ], [ -74.2303611, 4.8283054 ], [ -74.2304655, 4.8282985 ], [ -74.2305732, 4.8282789 ], [ -74.2306845, 4.8282754 ], [ -74.2307957, 4.8282708 ], [ -74.2308829, 4.8282546 ], [ -74.230993, 4.8282305 ], [ -74.2310801, 4.828204 ], [ -74.2311329, 4.8281879 ], [ -74.2312017, 4.8281706 ], [ -74.2312625, 4.828143 ], [ -74.2313255, 4.8281234 ], [ -74.2314012, 4.8280981 ], [ -74.2314368, 4.8280682 ], [ -74.2314677, 4.8280279 ], [ -74.2314872, 4.8279888 ], [ -74.231517, 4.8279577 ], [ -74.2315342, 4.8279209 ], [ -74.2315445, 4.827899 ], [ -74.2315697, 4.8278783 ], [ -74.2316844, 4.8278806 ], [ -74.231751, 4.8279496 ], [ -74.2317601, 4.8280071 ], [ -74.2318129, 4.828083 ], [ -74.231845, 4.8281198 ], [ -74.2318915, 4.8281382 ], [ -74.2319127, 4.8281526 ], [ -74.2319276, 4.8281658 ], [ -74.2319397, 4.828175 ], [ -74.231954, 4.8281906 ], [ -74.2319569, 4.8282021 ], [ -74.2320747, 4.8282455 ], [ -74.2323637, 4.8283265 ], [ -74.2325581, 4.8283627 ], [ -74.2328334, 4.8284075 ], [ -74.2331568, 4.8284057 ], [ -74.2333064, 4.8283073 ], [ -74.233444, 4.8281554 ], [ -74.2335764, 4.8280156 ], [ -74.2336573, 4.8279794 ], [ -74.2337639, 4.8279345 ], [ -74.233972, 4.8278585 ], [ -74.2341131, 4.8278257 ], [ -74.2341957, 4.827817 ], [ -74.2343539, 4.8277842 ], [ -74.2343761, 4.8344588 ], [ -74.2384567, 4.8285442 ], [ -74.2361289, 4.8267968 ], [ -74.2361633, 4.8267243 ], [ -74.2362046, 4.8266794 ], [ -74.236239, 4.8266483 ], [ -74.2362872, 4.8266035 ], [ -74.2363353, 4.8265689 ], [ -74.2364798, 4.8264481 ], [ -74.2365417, 4.8263722 ], [ -74.2365967, 4.826279 ], [ -74.2369475, 4.8257888 ], [ -74.237006, 4.8256577 ], [ -74.2370266, 4.8255679 ], [ -74.237092, 4.8254644 ], [ -74.2371504, 4.8253608 ], [ -74.2371986, 4.8251952 ], [ -74.2372192, 4.825133 ], [ -74.2373051, 4.8249328 ], [ -74.237398, 4.8247188 ], [ -74.2374633, 4.8244876 ], [ -74.2374839, 4.8242391 ], [ -74.2375285, 4.8237076 ], [ -74.2376007, 4.8235592 ], [ -74.2376557, 4.8234867 ], [ -74.237845, 4.8235143 ], [ -74.2380135, 4.8235039 ], [ -74.2382268, 4.8234314 ], [ -74.2383541, 4.8232967 ], [ -74.2385089, 4.8232484 ], [ -74.238588, 4.8232449 ], [ -74.2386637, 4.8232311 ], [ -74.2387188, 4.8232276 ], [ -74.2387669, 4.8232207 ], [ -74.2388289, 4.8232034 ], [ -74.2388719, 4.823181 ], [ -74.2389235, 4.8231741 ], [ -74.2389544, 4.8231292 ], [ -74.2389785, 4.8230999 ], [ -74.2390026, 4.8230567 ], [ -74.2390232, 4.8230205 ], [ -74.2390455, 4.8229842 ], [ -74.2390662, 4.8229428 ], [ -74.2390954, 4.822891 ], [ -74.2391143, 4.8228496 ], [ -74.2391332, 4.8227685 ], [ -74.2391401, 4.8227185 ], [ -74.2391538, 4.8226391 ], [ -74.2391641, 4.8225821 ], [ -74.2391899, 4.8225597 ], [ -74.2392484, 4.8225493 ], [ -74.2393086, 4.8225528 ], [ -74.2393998, 4.8225424 ], [ -74.2394738, 4.8225096 ], [ -74.2395082, 4.8224664 ], [ -74.2395615, 4.8224181 ], [ -74.2395959, 4.822375 ], [ -74.2396337, 4.8223197 ], [ -74.2396681, 4.8222576 ], [ -74.2396956, 4.8222041 ], [ -74.2397274, 4.8221808 ], [ -74.2397653, 4.8221394 ], [ -74.2397738, 4.8220885 ], [ -74.2398013, 4.8219754 ], [ -74.2398117, 4.821947 ], [ -74.239865, 4.8218926 ], [ -74.239963, 4.82189 ], [ -74.2400611, 4.8218632 ], [ -74.2401419, 4.8218416 ], [ -74.240215, 4.8217985 ], [ -74.2403457, 4.8217898 ], [ -74.2405143, 4.8217811 ], [ -74.2405444, 4.8217708 ], [ -74.2405891, 4.8217639 ], [ -74.2406253, 4.8217561 ], [ -74.2406605, 4.8217406 ], [ -74.2406898, 4.8217302 ], [ -74.2407801, 4.821725 ], [ -74.2408145, 4.8217077 ], [ -74.2408532, 4.8216836 ], [ -74.240879, 4.821656 ], [ -74.2409048, 4.8215921 ], [ -74.2409168, 4.8215438 ], [ -74.2409245, 4.8215024 ], [ -74.2409297, 4.8214808 ], [ -74.2409667, 4.8214661 ], [ -74.2410845, 4.8214695 ], [ -74.2412187, 4.8214678 ], [ -74.2412643, 4.8214954 ], [ -74.2413124, 4.821504 ], [ -74.2413718, 4.8215018 ], [ -74.2413984, 4.8215018 ], [ -74.2414221, 4.8215104 ], [ -74.2414328, 4.8215178 ], [ -74.2414488, 4.8215329 ], [ -74.24146, 4.8215518 ], [ -74.241463, 4.8215613 ], [ -74.2414617, 4.8215795 ], [ -74.2414527, 4.8216101 ], [ -74.2414363, 4.8216394 ], [ -74.2414346, 4.821705 ], [ -74.2414355, 4.8218029 ], [ -74.2414424, 4.8218133 ], [ -74.2414475, 4.8218154 ], [ -74.2414579, 4.8218197 ], [ -74.2414643, 4.8218241 ], [ -74.2414682, 4.8218313 ], [ -74.2414686, 4.8218465 ], [ -74.2414706, 4.8218723 ], [ -74.2414753, 4.8218882 ], [ -74.2414852, 4.8218912 ], [ -74.2414972, 4.821902 ], [ -74.241502, 4.821927 ], [ -74.2415063, 4.821949 ], [ -74.2415203, 4.8219575 ], [ -74.2415314, 4.8219719 ], [ -74.241534, 4.82199 ], [ -74.2415349, 4.8220131 ], [ -74.2415336, 4.8220431 ], [ -74.2415302, 4.8220936 ], [ -74.241513, 4.8221522 ], [ -74.241501, 4.8222282 ], [ -74.2414993, 4.822399 ], [ -74.2415028, 4.8225301 ], [ -74.2415355, 4.8225715 ], [ -74.2415888, 4.8226095 ], [ -74.2416335, 4.8226319 ], [ -74.2416731, 4.8226474 ], [ -74.2416955, 4.8226681 ], [ -74.2417333, 4.8227095 ], [ -74.2417557, 4.8227233 ], [ -74.2418176, 4.8227716 ], [ -74.241871, 4.8228338 ], [ -74.2419157, 4.8228579 ], [ -74.2419707, 4.8228907 ], [ -74.2420138, 4.8229338 ], [ -74.2420602, 4.8229631 ], [ -74.2420877, 4.8229856 ], [ -74.2421325, 4.8230252 ], [ -74.24216, 4.8230494 ], [ -74.2422202, 4.8230701 ], [ -74.2423286, 4.8230994 ], [ -74.2423836, 4.823108 ], [ -74.2424275, 4.8231123 ], [ -74.2425196, 4.8231304 ], [ -74.2425703, 4.8231528 ], [ -74.2426383, 4.8231804 ], [ -74.2426985, 4.8232037 ], [ -74.2427664, 4.8232399 ], [ -74.2428189, 4.8232666 ], [ -74.2428705, 4.8233055 ], [ -74.2428972, 4.8233313 ], [ -74.2429333, 4.8233581 ], [ -74.2417439, 4.8272617 ], [ -74.2421637, 4.8275515 ], [ -74.2465327, 4.8262113 ], [ -74.2459784, 4.8246343 ], [ -74.2459713, 4.8236265 ], [ -74.2459437, 4.8235333 ], [ -74.2459127, 4.8234453 ], [ -74.2458852, 4.8233729 ], [ -74.2458508, 4.8232745 ], [ -74.2458146, 4.8232055 ], [ -74.2457716, 4.8231676 ], [ -74.2457234, 4.8231227 ], [ -74.2456856, 4.8230761 ], [ -74.2457355, 4.8230105 ], [ -74.2457974, 4.8229674 ], [ -74.2459229, 4.8228966 ], [ -74.2459625, 4.8228707 ], [ -74.246021, 4.8228345 ], [ -74.2460949, 4.8227999 ], [ -74.2461551, 4.8227551 ], [ -74.246205, 4.822724 ], [ -74.2462704, 4.8226929 ], [ -74.2463306, 4.8226515 ], [ -74.2463718, 4.8226031 ], [ -74.2463846, 4.8222373 ], [ -74.2464431, 4.8222416 ], [ -74.2464965, 4.822264 ], [ -74.2465618, 4.8222675 ], [ -74.2466238, 4.8222675 ], [ -74.2466943, 4.8222864 ], [ -74.2467906, 4.8223002 ], [ -74.2468801, 4.8223192 ], [ -74.2469592, 4.8223364 ], [ -74.2470315, 4.8223554 ], [ -74.2470642, 4.822364 ], [ -74.2471657, 4.822376 ], [ -74.2472173, 4.8223985 ], [ -74.2473153, 4.8224278 ], [ -74.2473738, 4.8224346 ], [ -74.2473841, 4.8224545 ], [ -74.2474022, 4.8224648 ], [ -74.2474125, 4.8224769 ], [ -74.2474203, 4.8224864 ], [ -74.2474349, 4.8224959 ], [ -74.2474573, 4.8225054 ], [ -74.2474796, 4.8225209 ], [ -74.2475252, 4.8225399 ], [ -74.2475476, 4.8225494 ], [ -74.247582, 4.8225588 ], [ -74.2476035, 4.8225744 ], [ -74.2476603, 4.8226011 ], [ -74.2476912, 4.8226192 ], [ -74.247711, 4.8226252 ], [ -74.2477635, 4.822627 ], [ -74.2478099, 4.8226295 ], [ -74.2479132, 4.8226269 ], [ -74.247945, 4.8226088 ], [ -74.2479794, 4.8226019 ], [ -74.2480112, 4.822607 ], [ -74.248074, 4.8226321 ], [ -74.2481127, 4.8226855 ], [ -74.2481213, 4.8227485 ], [ -74.2481213, 4.8228046 ], [ -74.2481334, 4.8229297 ], [ -74.2481498, 4.8229763 ], [ -74.24821, 4.8230099 ], [ -74.2482771, 4.8230134 ], [ -74.2483141, 4.8230133 ], [ -74.2483605, 4.8230202 ], [ -74.2483751, 4.8230228 ], [ -74.2484009, 4.8230383 ], [ -74.2484164, 4.8230556 ], [ -74.2484353, 4.8230703 ], [ -74.2484861, 4.8230875 ], [ -74.2485145, 4.8231048 ], [ -74.2485566, 4.8231255 ], [ -74.2485928, 4.8231401 ], [ -74.2486693, 4.8231513 ], [ -74.2487063, 4.8231772 ], [ -74.2487493, 4.823191 ], [ -74.2487992, 4.8232117 ], [ -74.2490805, 4.8232125 ], [ -74.2490934, 4.8232202 ], [ -74.2491046, 4.8232392 ], [ -74.2491192, 4.8232565 ], [ -74.2491381, 4.8232711 ], [ -74.2491665, 4.8233004 ], [ -74.2491914, 4.823328 ], [ -74.2492259, 4.8233582 ], [ -74.2492491, 4.8233772 ], [ -74.2492749, 4.8234005 ], [ -74.2493016, 4.8234333 ], [ -74.24933, 4.8234617 ], [ -74.2493601, 4.8234919 ], [ -74.2493902, 4.8235239 ], [ -74.249422, 4.8235592 ], [ -74.2494409, 4.8235894 ], [ -74.2494599, 4.8236127 ], [ -74.2494771, 4.8236274 ], [ -74.2495029, 4.8236282 ], [ -74.2495214, 4.8236261 ], [ -74.2495308, 4.8236131 ], [ -74.2495485, 4.8236058 ], [ -74.2495648, 4.8235993 ], [ -74.2495928, 4.8235907 ], [ -74.2496125, 4.8235829 ], [ -74.2496289, 4.8235704 ], [ -74.2496534, 4.8235566 ], [ -74.2496547, 4.8235389 ], [ -74.2496813, 4.8235294 ], [ -74.2497054, 4.8235294 ], [ -74.2502037, 4.8230513 ], [ -74.2502519, 4.823034 ], [ -74.2503276, 4.8229926 ], [ -74.2503602, 4.8229684 ], [ -74.2504118, 4.8229563 ], [ -74.2504772, 4.8229425 ], [ -74.2505168, 4.8229183 ], [ -74.250558, 4.822901 ], [ -74.250589, 4.822889 ], [ -74.2506182, 4.82287 ], [ -74.2506716, 4.8228475 ], [ -74.2506905, 4.8228234 ], [ -74.2507249, 4.8227975 ], [ -74.2507851, 4.822775 ], [ -74.250816, 4.8227491 ], [ -74.2508401, 4.822706 ], [ -74.2508659, 4.8226904 ], [ -74.2508814, 4.8226663 ], [ -74.2509055, 4.8226542 ], [ -74.2509794, 4.8225869 ], [ -74.2510241, 4.822504 ], [ -74.2510086, 4.8224264 ], [ -74.2510103, 4.822328 ], [ -74.2510034, 4.8222211 ], [ -74.2510447, 4.8221313 ], [ -74.2510859, 4.822064 ], [ -74.2511307, 4.822026 ], [ -74.2512063, 4.8219639 ], [ -74.2512373, 4.8219535 ], [ -74.2512958, 4.8219552 ], [ -74.2513457, 4.8219811 ], [ -74.251411, 4.8220104 ], [ -74.2514369, 4.822038 ], [ -74.2515143, 4.8220846 ], [ -74.2515693, 4.8220984 ], [ -74.2516416, 4.8221432 ], [ -74.2517603, 4.8221501 ], [ -74.2519839, 4.8221483 ], [ -74.2521318, 4.8221345 ], [ -74.252192, 4.8220844 ], [ -74.2523021, 4.8220257 ], [ -74.2523726, 4.8219653 ], [ -74.2524294, 4.821898 ], [ -74.252493, 4.8218566 ], [ -74.2525979, 4.8218272 ], [ -74.2527338, 4.8218047 ], [ -74.2527957, 4.821753 ], [ -74.2528198, 4.8216408 ], [ -74.2528421, 4.821539 ], [ -74.252861, 4.8214492 ], [ -74.2528868, 4.8213077 ], [ -74.2528988, 4.8211611 ], [ -74.2528816, 4.8210472 ], [ -74.2528609, 4.8209989 ], [ -74.2528403, 4.8209626 ], [ -74.2528282, 4.8209247 ], [ -74.2528231, 4.8208936 ], [ -74.252842, 4.8208781 ], [ -74.2528953, 4.8208729 ], [ -74.2529486, 4.8208435 ], [ -74.2529641, 4.8208073 ], [ -74.2529813, 4.8207469 ], [ -74.2530019, 4.8206261 ], [ -74.2530191, 4.8205226 ], [ -74.2530311, 4.8204363 ], [ -74.2530448, 4.8203586 ], [ -74.2530723, 4.8203155 ], [ -74.2531343, 4.8203085 ], [ -74.2532547, 4.8202982 ], [ -74.253363, 4.8202809 ], [ -74.253468, 4.8202809 ], [ -74.2535505, 4.820286 ], [ -74.253609, 4.8203102 ], [ -74.2536606, 4.8203377 ], [ -74.2536951, 4.8203533 ], [ -74.2537295, 4.8203791 ], [ -74.2537484, 4.8204223 ], [ -74.2537382, 4.8209141 ], [ -74.2537692, 4.82094 ], [ -74.2537967, 4.8209883 ], [ -74.253807, 4.8210279 ], [ -74.253838, 4.8210935 ], [ -74.2538466, 4.8211522 ], [ -74.2538742, 4.8212005 ], [ -74.2538948, 4.8212557 ], [ -74.2538966, 4.8212937 ], [ -74.2539172, 4.8213523 ], [ -74.2539293, 4.8213782 ], [ -74.2539551, 4.8214472 ], [ -74.2539654, 4.8214955 ], [ -74.2539878, 4.8215456 ], [ -74.2540085, 4.8216163 ], [ -74.254024, 4.8216646 ], [ -74.2540394, 4.8217095 ], [ -74.2540549, 4.8217647 ], [ -74.2540773, 4.8218096 ], [ -74.2541135, 4.8218648 ], [ -74.2541393, 4.8219355 ], [ -74.254172, 4.8220097 ], [ -74.2541909, 4.8220201 ], [ -74.2542271, 4.822115 ], [ -74.2542684, 4.8221788 ], [ -74.2543028, 4.8222306 ], [ -74.2543458, 4.8223047 ], [ -74.2543682, 4.822341 ], [ -74.2544043, 4.8223927 ], [ -74.2544404, 4.8224462 ], [ -74.2544731, 4.8224911 ], [ -74.2545282, 4.8225566 ], [ -74.2545661, 4.8226205 ], [ -74.2546108, 4.8226722 ], [ -74.2546555, 4.8227188 ], [ -74.2546865, 4.8227568 ], [ -74.2547261, 4.8227913 ], [ -74.254776, 4.8228327 ], [ -74.2548173, 4.8228637 ], [ -74.2548362, 4.822881 ], [ -74.2548586, 4.822893 ], [ -74.2549377, 4.8229431 ], [ -74.2550478, 4.8230086 ], [ -74.2551167, 4.8230811 ], [ -74.2551958, 4.8231121 ], [ -74.2552543, 4.8231673 ], [ -74.25533, 4.8232294 ], [ -74.2553816, 4.8232674 ], [ -74.2554436, 4.8233191 ], [ -74.2555227, 4.8233985 ], [ -74.2555606, 4.8234468 ], [ -74.2556741, 4.8235468 ], [ -74.2557361, 4.823602 ], [ -74.2558014, 4.8236331 ], [ -74.25586, 4.8237193 ], [ -74.2558703, 4.8237469 ], [ -74.2558944, 4.8237711 ], [ -74.2559167, 4.8238073 ], [ -74.2559322, 4.8238453 ], [ -74.255958, 4.8238729 ], [ -74.2560062, 4.8239281 ], [ -74.2560303, 4.8239488 ], [ -74.2560716, 4.8239764 ], [ -74.2561026, 4.8240143 ], [ -74.2561336, 4.8240506 ], [ -74.2561645, 4.8240937 ], [ -74.2561903, 4.8241248 ], [ -74.256242, 4.82418 ], [ -74.2562884, 4.8242248 ], [ -74.2563641, 4.8242955 ], [ -74.2563848, 4.8243301 ], [ -74.2564106, 4.8243577 ], [ -74.256457, 4.8243887 ], [ -74.2564846, 4.824418 ], [ -74.2565087, 4.8244405 ], [ -74.2565844, 4.8244836 ], [ -74.2567237, 4.8244956 ], [ -74.2567822, 4.824506 ], [ -74.2569301, 4.8244938 ], [ -74.2570505, 4.8244714 ], [ -74.2571365, 4.8244472 ], [ -74.2572294, 4.8244127 ], [ -74.2572879, 4.8243902 ], [ -74.2573326, 4.8243712 ], [ -74.2573498, 4.8243263 ], [ -74.2573756, 4.8243074 ], [ -74.2574341, 4.8242659 ], [ -74.2574565, 4.8242642 ], [ -74.2574926, 4.824278 ], [ -74.2575236, 4.8243004 ], [ -74.2575502, 4.824328 ], [ -74.2575838, 4.8243522 ], [ -74.2576242, 4.8243858 ], [ -74.2576483, 4.8244091 ], [ -74.2576887, 4.8244445 ], [ -74.2577206, 4.8244729 ], [ -74.2577309, 4.8244885 ], [ -74.2577584, 4.8245092 ], [ -74.25781, 4.8245462 ], [ -74.2578513, 4.8245764 ], [ -74.2579047, 4.8245954 ], [ -74.2579511, 4.8246161 ], [ -74.258007, 4.8246359 ], [ -74.258069, 4.8246877 ], [ -74.2580724, 4.8247601 ], [ -74.2580879, 4.8248689 ], [ -74.2581241, 4.8249517 ], [ -74.2581585, 4.8250604 ], [ -74.2581878, 4.8251743 ], [ -74.2582343, 4.8253106 ], [ -74.2582549, 4.8253813 ], [ -74.258267, 4.8254866 ], [ -74.2582687, 4.8255987 ], [ -74.2582636, 4.8257247 ], [ -74.2582654, 4.825842 ], [ -74.258274, 4.8259577 ], [ -74.2582689, 4.8260698 ], [ -74.2582964, 4.8261302 ], [ -74.258336, 4.8262303 ], [ -74.2583481, 4.8262648 ], [ -74.2583601, 4.8263166 ], [ -74.2583928, 4.8264287 ], [ -74.2584118, 4.8264822 ], [ -74.2583997, 4.8265616 ], [ -74.2583722, 4.826653 ], [ -74.2583585, 4.8267134 ], [ -74.2583241, 4.8268411 ], [ -74.2583052, 4.8269499 ], [ -74.2583087, 4.8271069 ], [ -74.2583053, 4.8272139 ], [ -74.2583071, 4.8273295 ], [ -74.2583294, 4.8274451 ], [ -74.2583501, 4.8275659 ], [ -74.2583708, 4.8276798 ], [ -74.2583656, 4.8277419 ], [ -74.2583949, 4.8278558 ], [ -74.2584052, 4.8278816 ], [ -74.2584104, 4.8279766 ], [ -74.2583748, 4.8297608 ], [ -74.2591042, 4.8297744 ], [ -74.2591041, 4.829519 ], [ -74.2591454, 4.8294086 ], [ -74.2591866, 4.8292602 ], [ -74.2592278, 4.8291325 ], [ -74.2592588, 4.82906 ], [ -74.2593138, 4.8289634 ], [ -74.2593757, 4.828884 ], [ -74.2594239, 4.828777 ], [ -74.2594341, 4.8286458 ], [ -74.2594547, 4.828494 ], [ -74.2594788, 4.8283628 ], [ -74.2594684, 4.8282455 ], [ -74.2594512, 4.8280971 ], [ -74.2594202, 4.8279901 ], [ -74.2593858, 4.8278348 ], [ -74.2593479, 4.8277382 ], [ -74.2593066, 4.8276519 ], [ -74.2592618, 4.8275587 ], [ -74.2592171, 4.8274759 ], [ -74.2591551, 4.8273931 ], [ -74.2591035, 4.8273414 ], [ -74.2590691, 4.8272861 ], [ -74.259045, 4.827193 ], [ -74.2590415, 4.8271239 ], [ -74.2590725, 4.8270411 ], [ -74.2591309, 4.8268892 ], [ -74.2591412, 4.826834 ], [ -74.2591722, 4.8267305 ], [ -74.2592169, 4.8266338 ], [ -74.2592547, 4.8265855 ], [ -74.25932, 4.8265268 ], [ -74.259382, 4.8264612 ], [ -74.2594611, 4.8263922 ], [ -74.2595058, 4.82633 ], [ -74.2595402, 4.8262265 ], [ -74.259602, 4.8260643 ], [ -74.2596536, 4.8259504 ], [ -74.2596949, 4.8258468 ], [ -74.2597292, 4.8257226 ], [ -74.2597395, 4.8256156 ], [ -74.2597567, 4.825519 ], [ -74.2597773, 4.8254154 ], [ -74.2597464, 4.8253602 ], [ -74.2597154, 4.8253222 ], [ -74.2596844, 4.8252739 ], [ -74.2596809, 4.8252187 ], [ -74.2596629, 4.8252041 ], [ -74.2595708, 4.8252041 ], [ -74.2594728, 4.8252067 ], [ -74.2593945, 4.8252093 ], [ -74.2593352, 4.8252257 ], [ -74.2591795, 4.8252387 ], [ -74.2591356, 4.8252309 ], [ -74.2591064, 4.8251904 ], [ -74.2590763, 4.8251412 ], [ -74.2590599, 4.8250774 ], [ -74.2590298, 4.8249928 ], [ -74.2589997, 4.8249247 ], [ -74.2589807, 4.8248695 ], [ -74.2589575, 4.8248238 ], [ -74.2589308, 4.8247504 ], [ -74.2589093, 4.8246952 ], [ -74.258954, 4.8246719 ], [ -74.2590822, 4.824646 ], [ -74.2592443, 4.8246008 ], [ -74.2592972, 4.8245855 ], [ -74.2594606, 4.8245423 ], [ -74.2595896, 4.8244923 ], [ -74.2596635, 4.8244853 ], [ -74.2597358, 4.8244767 ], [ -74.2597857, 4.8244387 ], [ -74.2598958, 4.8243887 ], [ -74.2600127, 4.8243265 ], [ -74.2600712, 4.8242851 ], [ -74.2601056, 4.8242523 ], [ -74.2601864, 4.8241815 ], [ -74.2602105, 4.8241401 ], [ -74.2602156, 4.8240952 ], [ -74.2602328, 4.8240469 ], [ -74.2602448, 4.8239537 ], [ -74.2602431, 4.8238415 ], [ -74.2602568, 4.8236793 ], [ -74.2602258, 4.8235896 ], [ -74.2602069, 4.8235206 ], [ -74.2602292, 4.8234895 ], [ -74.2602722, 4.8235137 ], [ -74.2603135, 4.8235292 ], [ -74.2604064, 4.8235602 ], [ -74.2604322, 4.8235568 ], [ -74.2604649, 4.8235757 ], [ -74.2605131, 4.8235895 ], [ -74.2605578, 4.8236154 ], [ -74.2605802, 4.8236603 ], [ -74.2606095, 4.8236913 ], [ -74.2606232, 4.8237086 ], [ -74.260649, 4.8237396 ], [ -74.2606423, 4.8237448 ], [ -74.2606645, 4.8237741 ], [ -74.2607058, 4.8238293 ], [ -74.2607351, 4.8238846 ], [ -74.2607557, 4.8239329 ], [ -74.2607644, 4.8240019 ], [ -74.2607627, 4.8240864 ], [ -74.2607661, 4.8241658 ], [ -74.2607782, 4.824259 ], [ -74.2608109, 4.8243297 ], [ -74.2608436, 4.8243988 ], [ -74.2608488, 4.8245195 ], [ -74.2608643, 4.8245851 ], [ -74.2608884, 4.8246282 ], [ -74.2609073, 4.8246628 ], [ -74.2609349, 4.82473 ], [ -74.2609796, 4.8247956 ], [ -74.260999, 4.8248284 ], [ -74.261008, 4.8248474 ], [ -74.2610175, 4.8248659 ], [ -74.2610299, 4.8248836 ], [ -74.2610437, 4.8249073 ], [ -74.2610532, 4.8249285 ], [ -74.2610527, 4.8249444 ], [ -74.2610489, 4.8249522 ], [ -74.261037, 4.824961 ], [ -74.2610214, 4.8249679 ], [ -74.2610052, 4.824972 ], [ -74.2609842, 4.8249764 ], [ -74.2609616, 4.8249802 ], [ -74.2609461, 4.8249835 ], [ -74.2609272, 4.8249902 ], [ -74.2609076, 4.8249999 ], [ -74.2608891, 4.8250059 ], [ -74.2608625, 4.8250118 ], [ -74.2607341, 4.8250224 ], [ -74.260698, 4.825025 ], [ -74.2606154, 4.8250422 ], [ -74.2605191, 4.8250543 ], [ -74.2604462, 4.8258059 ], [ -74.2608031, 4.8258135 ], [ -74.2608685, 4.8258049 ], [ -74.2609726, 4.8257962 ], [ -74.2611188, 4.8257789 ], [ -74.2615213, 4.8257754 ], [ -74.2615953, 4.8257572 ], [ -74.2617638, 4.8257572 ], [ -74.2618825, 4.8257503 ], [ -74.2618989, 4.8257503 ], [ -74.2618989, 4.8258012 ], [ -74.2618955, 4.8258477 ], [ -74.2619058, 4.8258736 ], [ -74.2619264, 4.8259047 ], [ -74.2619402, 4.8259547 ], [ -74.2619505, 4.8259841 ], [ -74.2619626, 4.8260168 ], [ -74.2619798, 4.8260738 ], [ -74.2619953, 4.82611 ], [ -74.2619979, 4.8261419 ], [ -74.2620074, 4.8261704 ], [ -74.262016, 4.8262006 ], [ -74.2620237, 4.8262282 ], [ -74.2620289, 4.8262722 ], [ -74.2620367, 4.8263222 ], [ -74.2620444, 4.8263473 ], [ -74.2620513, 4.8263783 ], [ -74.2620633, 4.826418 ], [ -74.2620943, 4.8264689 ], [ -74.2621064, 4.8265077 ], [ -74.262121, 4.8265353 ], [ -74.2621348, 4.826556 ], [ -74.262146, 4.8265776 ], [ -74.2621571, 4.8266087 ], [ -74.2621726, 4.826632 ], [ -74.2621812, 4.8266483 ], [ -74.2621933, 4.8267234 ], [ -74.2622088, 4.8267976 ], [ -74.2622243, 4.8268804 ], [ -74.262221, 4.8272497 ], [ -74.2622537, 4.8272859 ], [ -74.2622726, 4.8273153 ], [ -74.2622984, 4.8273584 ], [ -74.2623277, 4.8273963 ], [ -74.2623483, 4.8274378 ], [ -74.2623776, 4.8274826 ], [ -74.2623982, 4.8275309 ], [ -74.262412, 4.8275706 ], [ -74.2624464, 4.8276293 ], [ -74.2624602, 4.8276672 ], [ -74.2624946, 4.8277138 ], [ -74.2625359, 4.82775 ], [ -74.2625686, 4.8277656 ], [ -74.2625961, 4.8277759 ], [ -74.2626254, 4.8278018 ], [ -74.2626684, 4.8278208 ], [ -74.2626821, 4.827838 ], [ -74.2627114, 4.8278604 ], [ -74.262732, 4.8278863 ], [ -74.2627544, 4.8279036 ], [ -74.2627854, 4.8279381 ], [ -74.262806, 4.8279941 ], [ -74.2628276, 4.8280174 ], [ -74.2628405, 4.8280554 ], [ -74.2628585, 4.8280744 ], [ -74.262874, 4.8281002 ], [ -74.2629024, 4.8281149 ], [ -74.2629239, 4.8281261 ], [ -74.262936, 4.8281293 ], [ -74.2629469, 4.8281358 ], [ -74.2635544, 4.8284653 ], [ -74.2635834, 4.8284915 ], [ -74.2636262, 4.828517 ], [ -74.2636487, 4.8285447 ], [ -74.2636749, 4.8285636 ], [ -74.2637024, 4.8285891 ], [ -74.2637373, 4.8286189 ], [ -74.2637605, 4.8286225 ], [ -74.2637975, 4.8286647 ], [ -74.2638041, 4.8286771 ], [ -74.2638317, 4.828707 ], [ -74.2638701, 4.8287368 ], [ -74.2638839, 4.8287594 ], [ -74.2638861, 4.8287797 ], [ -74.2638868, 4.8288045 ], [ -74.2638919, 4.8288227 ], [ -74.263905, 4.8288416 ], [ -74.2639253, 4.8288591 ], [ -74.2639667, 4.8289122 ], [ -74.2639798, 4.8289362 ], [ -74.2639878, 4.8289617 ], [ -74.2639928, 4.8289814 ], [ -74.2640008, 4.8289974 ], [ -74.2640121, 4.8290067 ], [ -74.2640181, 4.8290214 ], [ -74.2640251, 4.8290421 ], [ -74.264036, 4.8290623 ], [ -74.2640442, 4.8290913 ], [ -74.2640497, 4.8291142 ], [ -74.2640638, 4.829147 ], [ -74.2640807, 4.8291693 ], [ -74.2640927, 4.8291895 ], [ -74.2641036, 4.8292076 ], [ -74.2641134, 4.829243 ], [ -74.2641166, 4.8292676 ], [ -74.264127, 4.8292971 ], [ -74.2641444, 4.8293042 ], [ -74.2641575, 4.8293293 ], [ -74.2641716, 4.8293511 ], [ -74.2641814, 4.8293675 ], [ -74.2641891, 4.829397 ], [ -74.2642032, 4.8294155 ], [ -74.2642196, 4.8294581 ], [ -74.2642261, 4.8294985 ], [ -74.2642424, 4.8295215 ], [ -74.2642544, 4.8295619 ], [ -74.2642686, 4.8295793 ], [ -74.2642817, 4.8296055 ], [ -74.2642904, 4.8296306 ], [ -74.2643056, 4.8296547 ], [ -74.2643263, 4.8297082 ], [ -74.2643394, 4.82973 ], [ -74.2643688, 4.8297802 ], [ -74.2643732, 4.8298086 ], [ -74.264383, 4.829837 ], [ -74.2643993, 4.8299047 ], [ -74.2644124, 4.8299517 ], [ -74.2644276, 4.8299899 ], [ -74.2644385, 4.8300128 ], [ -74.2644516, 4.8300314 ], [ -74.2644701, 4.8300597 ], [ -74.2644864, 4.8300903 ], [ -74.2645006, 4.8301034 ], [ -74.2645169, 4.830146 ], [ -74.2645278, 4.8301678 ], [ -74.2645376, 4.8301984 ], [ -74.2645562, 4.8302224 ], [ -74.2645714, 4.8302716 ], [ -74.2645758, 4.8302989 ], [ -74.264591, 4.830324 ], [ -74.2646057, 4.8303573 ], [ -74.2646199, 4.8303911 ], [ -74.2646373, 4.8304184 ], [ -74.2646558, 4.8304533 ], [ -74.2646667, 4.8305298 ], [ -74.2646766, 4.8306466 ], [ -74.2646886, 4.8307241 ], [ -74.2646962, 4.8309016 ], [ -74.2647055, 4.8311697 ], [ -74.2647121, 4.8312374 ], [ -74.264723, 4.8312963 ], [ -74.2647709, 4.8314121 ], [ -74.264808, 4.8315169 ], [ -74.2648276, 4.8315758 ], [ -74.2648428, 4.8316304 ], [ -74.2648668, 4.8316981 ], [ -74.2648908, 4.8317724 ], [ -74.2648984, 4.8318696 ], [ -74.2649159, 4.8319547 ], [ -74.264929, 4.8321426 ], [ -74.2649334, 4.8323915 ], [ -74.2649334, 4.832492 ], [ -74.264916, 4.8325925 ], [ -74.2649074, 4.8327126 ], [ -74.2648987, 4.8328829 ], [ -74.2648857, 4.8331079 ], [ -74.2648923, 4.8333022 ], [ -74.2648967, 4.8334508 ], [ -74.264925, 4.833584 ], [ -74.2649381, 4.8336997 ], [ -74.2649577, 4.833846 ], [ -74.2650079, 4.8339945 ], [ -74.265034, 4.8341343 ], [ -74.2650602, 4.8342413 ], [ -74.265095, 4.834357 ], [ -74.2651168, 4.8344575 ], [ -74.2651386, 4.8345296 ], [ -74.2651909, 4.8346256 ], [ -74.2652759, 4.8347042 ], [ -74.2653521, 4.8347894 ], [ -74.2653978, 4.8348789 ], [ -74.2654131, 4.8349422 ], [ -74.2654392, 4.8350187 ], [ -74.2654501, 4.8350842 ], [ -74.2654741, 4.835106 ], [ -74.2655176, 4.8351737 ], [ -74.2655394, 4.8352108 ], [ -74.2655482, 4.8352895 ], [ -74.2655395, 4.8353856 ], [ -74.2655155, 4.8354576 ], [ -74.2654829, 4.8355734 ], [ -74.2654372, 4.8357088 ], [ -74.2654351, 4.8357481 ], [ -74.2654384, 4.8358093 ], [ -74.2654209, 4.8358486 ], [ -74.2654079, 4.8359021 ], [ -74.2653796, 4.8359545 ], [ -74.2653775, 4.8360331 ], [ -74.2654243, 4.8360954 ], [ -74.2654624, 4.8361227 ], [ -74.2655321, 4.8361838 ], [ -74.2655974, 4.8362384 ], [ -74.2656475, 4.8362864 ], [ -74.2656867, 4.836317 ], [ -74.2656998, 4.8363737 ], [ -74.265702, 4.8365572 ], [ -74.2657194, 4.8366096 ], [ -74.2657434, 4.836721 ], [ -74.2657761, 4.8367887 ], [ -74.2658153, 4.8369088 ], [ -74.2658436, 4.8369808 ], [ -74.2658676, 4.8370507 ], [ -74.2658872, 4.8371097 ], [ -74.2658905, 4.8372833 ], [ -74.2659047, 4.8373499 ], [ -74.26592, 4.8374089 ], [ -74.265944, 4.8376349 ], [ -74.2659549, 4.8377921 ], [ -74.2659702, 4.8378686 ], [ -74.2659811, 4.8379101 ], [ -74.2659879, 4.8389147 ], [ -74.2660292, 4.8389693 ], [ -74.2660402, 4.8390566 ], [ -74.2660619, 4.8391331 ], [ -74.2660772, 4.8392292 ], [ -74.2661077, 4.8393274 ], [ -74.2661382, 4.839465 ], [ -74.2661753, 4.8395917 ], [ -74.2661819, 4.8397052 ], [ -74.2661862, 4.8398515 ], [ -74.2661754, 4.839976 ], [ -74.2661558, 4.8400568 ], [ -74.266145, 4.8402709 ], [ -74.2661298, 4.8403932 ], [ -74.2660907, 4.840605 ], [ -74.266045, 4.8407907 ], [ -74.2660211, 4.8408267 ], [ -74.2659666, 4.8408278 ], [ -74.2614301, 4.8376416 ], [ -74.2579786, 4.8352489 ], [ -74.2570406, 4.8345854 ], [ -74.2580857, 4.8341187 ], [ -74.2580851, 4.8316829 ], [ -74.2557428, 4.8328125 ], [ -74.2562139, 4.8335608 ], [ -74.2559866, 4.8336569 ], [ -74.2559167, 4.8336465 ], [ -74.2550712, 4.8330111 ], [ -74.2549972, 4.8329697 ], [ -74.2549384, 4.8329566 ], [ -74.2548796, 4.8329086 ], [ -74.2547599, 4.8328278 ], [ -74.2505964, 4.8300399 ], [ -74.2505311, 4.8301557 ], [ -74.2504876, 4.8302453 ], [ -74.2504506, 4.8303326 ], [ -74.2504332, 4.8304025 ], [ -74.2504136, 4.8305095 ], [ -74.2503984, 4.8306078 ], [ -74.2504093, 4.8306886 ], [ -74.2504246, 4.8307389 ], [ -74.2504485, 4.8308087 ], [ -74.250479, 4.830883 ], [ -74.2505052, 4.8310184 ], [ -74.2500394, 4.831298 ], [ -74.2495196, 4.8317034 ], [ -74.2488816, 4.832201 ], [ -74.2485831, 4.8324338 ], [ -74.2480888, 4.8321022 ], [ -74.2493439, 4.8362296 ], [ -74.2581065, 4.8423249 ], [ -74.2546408, 4.843955 ], [ -74.2539968, 4.845484 ], [ -74.2540012, 4.8457395 ], [ -74.2531287, 4.8478581 ], [ -74.2544571, 4.8491594 ], [ -74.25445, 4.8491818 ], [ -74.2544364, 4.8492037 ], [ -74.2544179, 4.8492211 ], [ -74.2543886, 4.8492441 ], [ -74.2543638, 4.8492545 ], [ -74.2542759, 4.849272 ], [ -74.2542273, 4.8492923 ], [ -74.2541415, 4.8493179 ], [ -74.2541028, 4.8493217 ], [ -74.2539825, 4.8493299 ], [ -74.2537953, 4.8493218 ], [ -74.2536826, 4.8493693 ], [ -74.2535101, 4.849407 ], [ -74.2533774, 4.8494631 ], [ -74.2533272, 4.8495556 ], [ -74.2532685, 4.8496364 ], [ -74.2532054, 4.8496954 ], [ -74.2531564, 4.8497478 ], [ -74.2530734, 4.8497826 ], [ -74.252993, 4.8498163 ], [ -74.2528951, 4.8498189 ], [ -74.2527863, 4.8498364 ], [ -74.2526958, 4.8498744 ], [ -74.2526023, 4.8499325 ], [ -74.2525599, 4.8499664 ], [ -74.2524641, 4.8499839 ], [ -74.2523422, 4.849997 ], [ -74.2522541, 4.8500341 ], [ -74.2521295, 4.8500865 ], [ -74.2520766, 4.8501434 ], [ -74.2520309, 4.850186 ], [ -74.2519558, 4.8502592 ], [ -74.2518752, 4.8503236 ], [ -74.2517969, 4.8504022 ], [ -74.2517359, 4.8504678 ], [ -74.2516826, 4.8505169 ], [ -74.2516304, 4.8505814 ], [ -74.2515476, 4.8506567 ], [ -74.251491, 4.8507092 ], [ -74.2513604, 4.8508293 ], [ -74.2512712, 4.85092 ], [ -74.2512113, 4.8509795 ], [ -74.2511771, 4.851033 ], [ -74.2511357, 4.8510784 ], [ -74.2510731, 4.8511472 ], [ -74.2510274, 4.8511936 ], [ -74.2509735, 4.8512482 ], [ -74.2509344, 4.8512897 ], [ -74.2509006, 4.8513334 ], [ -74.2508419, 4.8513885 ], [ -74.2507972, 4.8514437 ], [ -74.250751, 4.8515054 ], [ -74.2506971, 4.8515693 ], [ -74.2506008, 4.8516831 ], [ -74.2505326, 4.8517661 ], [ -74.2504913, 4.8518163 ], [ -74.2504441, 4.8518884 ], [ -74.2504187, 4.8519343 ], [ -74.2503665, 4.8519933 ], [ -74.2503404, 4.8520282 ], [ -74.2502917, 4.8520624 ], [ -74.2502649, 4.852101 ], [ -74.2502199, 4.8521469 ], [ -74.2501568, 4.852227 ], [ -74.2501053, 4.8522802 ], [ -74.2500247, 4.8523421 ], [ -74.2499631, 4.8523938 ], [ -74.2499137, 4.8524455 ], [ -74.2498578, 4.8524942 ], [ -74.2498129, 4.8525438 ], [ -74.2497403, 4.8526188 ], [ -74.249691, 4.8526763 ], [ -74.2496569, 4.8527302 ], [ -74.2495894, 4.8528059 ], [ -74.2495205, 4.8528845 ], [ -74.2494349, 4.8529442 ], [ -74.2494131, 4.8529836 ], [ -74.2494182, 4.8530331 ], [ -74.249436, 4.8530647 ], [ -74.2494752, 4.8531095 ], [ -74.2495438, 4.853163 ], [ -74.2496233, 4.8532263 ], [ -74.2496755, 4.85327 ], [ -74.2497234, 4.8533049 ], [ -74.2497931, 4.8533627 ], [ -74.2498541, 4.8534206 ], [ -74.2498933, 4.8534523 ], [ -74.2499706, 4.853521 ], [ -74.2500185, 4.8535767 ], [ -74.2500392, 4.8536018 ], [ -74.2500632, 4.8536946 ], [ -74.2500665, 4.8537525 ], [ -74.2500774, 4.8538224 ], [ -74.2500785, 4.8539316 ], [ -74.2500535, 4.8540026 ], [ -74.2499653, 4.8540812 ], [ -74.2499098, 4.8541216 ], [ -74.2498793, 4.85415 ], [ -74.2498194, 4.8541533 ], [ -74.2497345, 4.8541064 ], [ -74.2496638, 4.8540889 ], [ -74.2495865, 4.8540901 ], [ -74.2494983, 4.8540977 ], [ -74.2494169, 4.8541276 ], [ -74.2493717, 4.8541499 ], [ -74.2492923, 4.8541556 ], [ -74.2492251, 4.8541543 ], [ -74.2491559, 4.8541581 ], [ -74.2490846, 4.8541663 ], [ -74.2489366, 4.8541675 ], [ -74.2487951, 4.8541631 ], [ -74.2486895, 4.8541675 ], [ -74.2486024, 4.8541687 ], [ -74.2484892, 4.8541774 ], [ -74.2483825, 4.8542172 ], [ -74.2483129, 4.8542431 ], [ -74.24829, 4.8542517 ], [ -74.2482241, 4.8542992 ], [ -74.2481425, 4.854356 ], [ -74.2481049, 4.854403 ], [ -74.2480358, 4.8544522 ], [ -74.2479841, 4.854486 ], [ -74.2479264, 4.8545221 ], [ -74.2478617, 4.8545516 ], [ -74.2478192, 4.8545767 ], [ -74.2477615, 4.8545844 ], [ -74.2476488, 4.8546111 ], [ -74.2475828, 4.8546356 ], [ -74.2475035, 4.8546363 ], [ -74.2474273, 4.8546363 ], [ -74.2473478, 4.8546352 ], [ -74.2472782, 4.8546391 ], [ -74.2471916, 4.8546593 ], [ -74.247128, 4.8546686 ], [ -74.2470506, 4.8546974 ], [ -74.2469652, 4.8547183 ], [ -74.246895, 4.854726 ], [ -74.2468123, 4.8547391 ], [ -74.2467066, 4.8547786 ], [ -74.246632, 4.8548065 ], [ -74.2465728, 4.854844 ], [ -74.2464969, 4.8548724 ], [ -74.2464551, 4.854888 ], [ -74.2464084, 4.8549055 ], [ -74.246367, 4.8549209 ], [ -74.246237, 4.854953 ], [ -74.2461695, 4.8549782 ], [ -74.2461009, 4.8550207 ], [ -74.2460079, 4.8550555 ], [ -74.2459062, 4.8550935 ], [ -74.2457968, 4.8551344 ], [ -74.2457374, 4.8551835 ], [ -74.2456699, 4.8552196 ], [ -74.2456185, 4.8552388 ], [ -74.2455425, 4.8552589 ], [ -74.2454077, 4.8553092 ], [ -74.2452794, 4.8553571 ], [ -74.2451196, 4.8553453 ], [ -74.2449541, 4.8553257 ], [ -74.2448953, 4.8553126 ], [ -74.2448039, 4.8552711 ], [ -74.2447342, 4.8552318 ], [ -74.2446449, 4.8551773 ], [ -74.244523, 4.855114 ], [ -74.2444577, 4.8550856 ], [ -74.2443749, 4.8550441 ], [ -74.2443314, 4.8550266 ], [ -74.2439482, 4.8550333 ], [ -74.2436325, 4.8550006 ], [ -74.2435018, 4.8549788 ], [ -74.2432275, 4.8549898 ], [ -74.24312, 4.8550324 ], [ -74.2430555, 4.8551209 ], [ -74.2430055, 4.855193 ], [ -74.2429706, 4.8552476 ], [ -74.2429641, 4.8553306 ], [ -74.2429533, 4.855407 ], [ -74.2429533, 4.8554507 ], [ -74.2429903, 4.8555053 ], [ -74.2430121, 4.8555773 ], [ -74.2430361, 4.8556276 ], [ -74.2430274, 4.8557258 ], [ -74.242949, 4.855787 ], [ -74.2428478, 4.8557892 ], [ -74.2427792, 4.8557881 ], [ -74.2426855, 4.855739 ], [ -74.2426126, 4.8556965 ], [ -74.2424885, 4.8556736 ], [ -74.2423775, 4.8557588 ], [ -74.2423053, 4.8557867 ], [ -74.2422577, 4.8558483 ], [ -74.2421828, 4.8558773 ], [ -74.2421166, 4.8559029 ], [ -74.2420363, 4.8559339 ], [ -74.2419385, 4.8559718 ], [ -74.2418724, 4.8560275 ], [ -74.241796, 4.856057 ], [ -74.241757, 4.8561149 ], [ -74.2417571, 4.8562066 ], [ -74.2417614, 4.8562787 ], [ -74.2417702, 4.8563398 ], [ -74.2417441, 4.8564359 ], [ -74.2417027, 4.8564927 ], [ -74.2416679, 4.8565342 ], [ -74.2415949, 4.8565617 ], [ -74.2415381, 4.8565831 ], [ -74.2414131, 4.8565954 ], [ -74.2413065, 4.856602 ], [ -74.241178, 4.8566195 ], [ -74.2410746, 4.8566217 ], [ -74.2410003, 4.85665 ], [ -74.2408678, 4.8566338 ], [ -74.2407513, 4.8566087 ], [ -74.24065, 4.8566065 ], [ -74.2405444, 4.8566175 ], [ -74.2404638, 4.8566485 ], [ -74.2403572, 4.8567114 ], [ -74.2403093, 4.8567573 ], [ -74.2402505, 4.856813 ], [ -74.2402266, 4.8568491 ], [ -74.240182, 4.8569059 ], [ -74.2401548, 4.8569758 ], [ -74.2401352, 4.8570478 ], [ -74.2401113, 4.8570959 ], [ -74.2400819, 4.8571494 ], [ -74.2400623, 4.8571931 ], [ -74.2400362, 4.8572728 ], [ -74.2400123, 4.8573318 ], [ -74.2399709, 4.8574268 ], [ -74.2399405, 4.8574858 ], [ -74.2399045, 4.8575513 ], [ -74.2398654, 4.8575819 ], [ -74.2398009, 4.8576056 ], [ -74.239705, 4.857641 ], [ -74.2396041, 4.8576431 ], [ -74.2395519, 4.8576624 ], [ -74.2394691, 4.8576682 ], [ -74.2393897, 4.8576715 ], [ -74.2392928, 4.8576694 ], [ -74.2392274, 4.8576748 ], [ -74.2391809, 4.8576921 ], [ -74.2390786, 4.8577302 ], [ -74.2390272, 4.8577808 ], [ -74.2389912, 4.8578169 ], [ -74.238927, 4.8578933 ], [ -74.2388694, 4.8579861 ], [ -74.238865, 4.8580287 ], [ -74.2388193, 4.8581106 ], [ -74.2387725, 4.858186 ], [ -74.2387192, 4.8582624 ], [ -74.2386898, 4.8583061 ], [ -74.238667, 4.8583673 ], [ -74.2386539, 4.8584546 ], [ -74.2386539, 4.8585322 ], [ -74.2386322, 4.8586163 ], [ -74.2386115, 4.8587277 ], [ -74.2385832, 4.8588183 ], [ -74.2385593, 4.8588794 ], [ -74.2385071, 4.8589559 ], [ -74.2384592, 4.859004 ], [ -74.23842, 4.8590739 ], [ -74.2383656, 4.8591678 ], [ -74.2383221, 4.8592639 ], [ -74.2383101, 4.8593392 ], [ -74.2383113, 4.8595445 ], [ -74.2383124, 4.8597411 ], [ -74.238332, 4.8598677 ], [ -74.2383701, 4.8599256 ], [ -74.2384322, 4.8599562 ], [ -74.2385302, 4.8599605 ], [ -74.238663, 4.8599605 ], [ -74.2387414, 4.8599626 ], [ -74.2388241, 4.8599976 ], [ -74.2388753, 4.8600347 ], [ -74.2388797, 4.860086 ], [ -74.2387479, 4.8601046 ], [ -74.2386304, 4.8601068 ], [ -74.238552, 4.8601767 ], [ -74.2385117, 4.8602663 ], [ -74.2385118, 4.8603427 ], [ -74.2385227, 4.8604071 ], [ -74.2385445, 4.860548 ], [ -74.2385184, 4.8607227 ], [ -74.2384988, 4.8608494 ], [ -74.2385163, 4.8609586 ], [ -74.2385468, 4.8610241 ], [ -74.2385685, 4.8610787 ], [ -74.238599, 4.861142 ], [ -74.2386448, 4.8612228 ], [ -74.2386709, 4.8613451 ], [ -74.2386666, 4.8614805 ], [ -74.2386623, 4.8615788 ], [ -74.2386514, 4.8616596 ], [ -74.2386776, 4.8617491 ], [ -74.238695, 4.8617884 ], [ -74.2387342, 4.8618212 ], [ -74.2387538, 4.8618452 ], [ -74.2387973, 4.8618736 ], [ -74.2388496, 4.8619042 ], [ -74.2389106, 4.8619369 ], [ -74.2389607, 4.8619915 ], [ -74.2389825, 4.8620199 ], [ -74.2390108, 4.8620461 ], [ -74.239063, 4.8620919 ], [ -74.2390892, 4.8621312 ], [ -74.2391197, 4.862164 ], [ -74.239161, 4.8621924 ], [ -74.239198, 4.862212 ], [ -74.239246, 4.8622469 ], [ -74.2392939, 4.8622731 ], [ -74.2393309, 4.8622819 ], [ -74.2393853, 4.8622939 ], [ -74.2395494, 4.8622914 ], [ -74.2396719, 4.8622938 ], [ -74.239765, 4.8623036 ], [ -74.2398556, 4.8623478 ], [ -74.239956, 4.8623502 ], [ -74.2400393, 4.8623183 ], [ -74.2401226, 4.8622863 ], [ -74.2401765, 4.862247 ], [ -74.2402107, 4.8621315 ], [ -74.240272, 4.8621143 ], [ -74.240321, 4.8621315 ], [ -74.2403308, 4.8621904 ], [ -74.2403038, 4.8622592 ], [ -74.2402769, 4.8623133 ], [ -74.24025, 4.8623624 ], [ -74.2402279, 4.8624386 ], [ -74.2402133, 4.8625074 ], [ -74.2401962, 4.8626425 ], [ -74.2401986, 4.8627285 ], [ -74.240206, 4.8627973 ], [ -74.2402109, 4.8628317 ], [ -74.2402526, 4.8628931 ], [ -74.240326, 4.8629349 ], [ -74.2404069, 4.8629791 ], [ -74.2404902, 4.8630061 ], [ -74.2405955, 4.8630405 ], [ -74.2406788, 4.8630749 ], [ -74.2407376, 4.8630847 ], [ -74.2407964, 4.8631215 ], [ -74.2408601, 4.8631583 ], [ -74.2409434, 4.8631804 ], [ -74.2410315, 4.863205 ], [ -74.241132, 4.8632172 ], [ -74.2411908, 4.8632516 ], [ -74.2412398, 4.8632811 ], [ -74.2413108, 4.8633351 ], [ -74.2413329, 4.8633646 ], [ -74.2413868, 4.8634039 ], [ -74.2414431, 4.8634432 ], [ -74.2414946, 4.8634776 ], [ -74.2415509, 4.8634874 ], [ -74.2416342, 4.8634972 ], [ -74.2417199, 4.8634898 ], [ -74.2418375, 4.8634579 ], [ -74.2419085, 4.8634013 ], [ -74.2420261, 4.8633522 ], [ -74.242124, 4.8633005 ], [ -74.2422171, 4.8632907 ], [ -74.2422685, 4.86333 ], [ -74.2423151, 4.8633742 ], [ -74.2423396, 4.8635781 ], [ -74.2423348, 4.8637108 ], [ -74.2423617, 4.863787 ], [ -74.2423813, 4.8638508 ], [ -74.2423911, 4.8638901 ], [ -74.2424132, 4.863954 ], [ -74.2424353, 4.8640228 ], [ -74.2424426, 4.8640695 ], [ -74.2424476, 4.864212 ], [ -74.2424378, 4.8643422 ], [ -74.242406, 4.8644159 ], [ -74.242379, 4.8644921 ], [ -74.2423619, 4.8645535 ], [ -74.2423203, 4.8646518 ], [ -74.2423326, 4.8647157 ], [ -74.242362, 4.8648803 ], [ -74.2423559, 4.8649835 ], [ -74.2423718, 4.8650818 ], [ -74.2423523, 4.8654282 ], [ -74.2423352, 4.8655191 ], [ -74.2422997, 4.8656174 ], [ -74.2422581, 4.8657267 ], [ -74.2422128, 4.8658545 ], [ -74.2422239, 4.8659614 ], [ -74.2422557, 4.8660523 ], [ -74.2423072, 4.8661358 ], [ -74.2423476, 4.8662107 ], [ -74.2424248, 4.8662648 ], [ -74.242513, 4.8663323 ], [ -74.2425914, 4.8663937 ], [ -74.2426808, 4.8664588 ], [ -74.2427592, 4.8665386 ], [ -74.242829, 4.8665681 ], [ -74.2429797, 4.8666393 ], [ -74.2430703, 4.8666872 ], [ -74.243183, 4.8667351 ], [ -74.2433189, 4.8667068 ], [ -74.2434255, 4.8666196 ], [ -74.2434818, 4.8666527 ], [ -74.2435651, 4.866719 ], [ -74.2436019, 4.8667927 ], [ -74.2436729, 4.8669315 ], [ -74.2436754, 4.8669757 ], [ -74.243684, 4.8670531 ], [ -74.243711, 4.8671342 ], [ -74.2437171, 4.8671895 ], [ -74.2437367, 4.8672423 ], [ -74.2437735, 4.8672632 ], [ -74.2438273, 4.8672693 ], [ -74.2438763, 4.8672963 ], [ -74.2439168, 4.8673369 ], [ -74.2440086, 4.867397 ], [ -74.2440405, 4.8674388 ], [ -74.2441128, 4.8674646 ], [ -74.2441899, 4.8674658 ], [ -74.2442634, 4.8674498 ], [ -74.2443161, 4.8674338 ], [ -74.2443736, 4.8674301 ], [ -74.2444912, 4.8674301 ], [ -74.2445671, 4.8674374 ], [ -74.2446443, 4.8674522 ], [ -74.244741, 4.8674202 ], [ -74.2448133, 4.867387 ], [ -74.2448904, 4.8673391 ], [ -74.2449823, 4.8672653 ], [ -74.2450521, 4.8672125 ], [ -74.2451133, 4.8671339 ], [ -74.245161, 4.8670749 ], [ -74.2452014, 4.8670331 ], [ -74.2452467, 4.8669827 ], [ -74.2452737, 4.8669311 ], [ -74.2453373, 4.8668734 ], [ -74.2453888, 4.8668046 ], [ -74.2454108, 4.8667259 ], [ -74.2454181, 4.866667 ], [ -74.2454254, 4.8665982 ], [ -74.245472, 4.866549 ], [ -74.2455234, 4.8665171 ], [ -74.2455846, 4.8664655 ], [ -74.2456679, 4.8663893 ], [ -74.2457242, 4.8663278 ], [ -74.2457732, 4.8663008 ], [ -74.2458197, 4.8662688 ], [ -74.245854, 4.8662369 ], [ -74.2458907, 4.8661902 ], [ -74.2459373, 4.8661509 ], [ -74.2460034, 4.8661337 ], [ -74.2460328, 4.8661386 ], [ -74.2460597, 4.8661803 ], [ -74.2460573, 4.8662295 ], [ -74.2460279, 4.8662663 ], [ -74.2459917, 4.8662719 ], [ -74.2459789, 4.8663229 ], [ -74.2459545, 4.8663266 ], [ -74.2459202, 4.8663646 ], [ -74.2458736, 4.8664113 ], [ -74.2458513, 4.8664147 ], [ -74.2458443, 4.8664949 ], [ -74.2458541, 4.8665293 ], [ -74.2458957, 4.8665686 ], [ -74.2459251, 4.8665833 ], [ -74.2459692, 4.86663 ], [ -74.2460011, 4.8666668 ], [ -74.246028, 4.8667086 ], [ -74.2460574, 4.8667528 ], [ -74.2460795, 4.8667798 ], [ -74.2461334, 4.866824 ], [ -74.246131, 4.8668707 ], [ -74.246082, 4.8669199 ], [ -74.2460599, 4.8669543 ], [ -74.2460377, 4.8669574 ], [ -74.2460122, 4.8670108 ], [ -74.2460012, 4.8670685 ], [ -74.2459951, 4.8671398 ], [ -74.2459902, 4.8672295 ], [ -74.2459865, 4.8673302 ], [ -74.2459645, 4.8673916 ], [ -74.2459302, 4.8674482 ], [ -74.245869, 4.8675022 ], [ -74.24582, 4.8675514 ], [ -74.2457564, 4.8676177 ], [ -74.2456952, 4.8677037 ], [ -74.2456682, 4.8677701 ], [ -74.2456658, 4.8678438 ], [ -74.2457172, 4.8678855 ], [ -74.2457711, 4.8679396 ], [ -74.2458152, 4.8679789 ], [ -74.2458544, 4.8680157 ], [ -74.2458936, 4.8680477 ], [ -74.24595, 4.8681041 ], [ -74.2460039, 4.8681312 ], [ -74.2460308, 4.8681656 ], [ -74.2460994, 4.8682171 ], [ -74.2461435, 4.8682564 ], [ -74.2462391, 4.868308 ], [ -74.2462979, 4.8683399 ], [ -74.246342, 4.8683719 ], [ -74.2464008, 4.8684161 ], [ -74.2464424, 4.8684578 ], [ -74.2464694, 4.868502 ], [ -74.2464988, 4.8685733 ], [ -74.2465282, 4.8686224 ], [ -74.2465772, 4.8687084 ], [ -74.246565, 4.8687698 ], [ -74.2464743, 4.8687109 ], [ -74.2463763, 4.8686347 ], [ -74.2462685, 4.8685807 ], [ -74.246184, 4.8685635 ], [ -74.2461449, 4.8685677 ], [ -74.2460765, 4.8685751 ], [ -74.2459967, 4.8686398 ], [ -74.2459502, 4.8687331 ], [ -74.2459183, 4.868829 ], [ -74.2459061, 4.8688855 ], [ -74.2458841, 4.8689444 ], [ -74.2458596, 4.8689985 ], [ -74.2458253, 4.8690599 ], [ -74.2458008, 4.8691042 ], [ -74.2457666, 4.8691681 ], [ -74.2457274, 4.8692172 ], [ -74.2456906, 4.8692663 ], [ -74.2456784, 4.8693081 ], [ -74.2456441, 4.8693524 ], [ -74.2456098, 4.8694064 ], [ -74.2455511, 4.8694703 ], [ -74.2455346, 4.8695195 ], [ -74.2455107, 4.8695588 ], [ -74.2455009, 4.8695926 ], [ -74.2454942, 4.8696423 ], [ -74.2454734, 4.8696908 ], [ -74.245455, 4.8697418 ], [ -74.2454458, 4.869794 ], [ -74.2454164, 4.869842 ], [ -74.2453834, 4.8698899 ], [ -74.2453589, 4.8699194 ], [ -74.2453356, 4.8699415 ], [ -74.245294, 4.8699449 ], [ -74.245211, 4.8699516 ], [ -74.2451826, 4.8699808 ], [ -74.2451654, 4.8700005 ], [ -74.2451299, 4.87003 ], [ -74.245076, 4.870073 ], [ -74.2450552, 4.8701013 ], [ -74.2450344, 4.8701197 ], [ -74.244994, 4.8700939 ], [ -74.2449866, 4.870014 ], [ -74.2449866, 4.8699416 ], [ -74.2450049, 4.8698715 ], [ -74.2450221, 4.8698187 ], [ -74.2450404, 4.8697475 ], [ -74.2450563, 4.8697057 ], [ -74.2450845, 4.8696701 ], [ -74.24512, 4.869632 ], [ -74.2451702, 4.8695509 ], [ -74.2451996, 4.8695103 ], [ -74.2452339, 4.869455 ], [ -74.2452645, 4.8694022 ], [ -74.2452877, 4.8693395 ], [ -74.2453367, 4.8692965 ], [ -74.2453587, 4.8692646 ], [ -74.2453722, 4.8691995 ], [ -74.2454053, 4.8691503 ], [ -74.2454383, 4.8691061 ], [ -74.2454812, 4.8690655 ], [ -74.2455069, 4.8690225 ], [ -74.2455387, 4.8689599 ], [ -74.2455387, 4.8689169 ], [ -74.2455632, 4.8688481 ], [ -74.2455656, 4.8688088 ], [ -74.245617, 4.8687031 ], [ -74.2456415, 4.8686405 ], [ -74.2456476, 4.8685643 ], [ -74.2456427, 4.8684918 ], [ -74.2456243, 4.8683972 ], [ -74.245579, 4.8683555 ], [ -74.24553, 4.8683162 ], [ -74.2454895, 4.8682891 ], [ -74.2454357, 4.8682597 ], [ -74.2453818, 4.8682216 ], [ -74.2453315, 4.8681823 ], [ -74.2452899, 4.8681565 ], [ -74.2452188, 4.8681062 ], [ -74.2451294, 4.8680767 ], [ -74.2450688, 4.8680706 ], [ -74.2450415, 4.8680738 ], [ -74.2449776, 4.8680921 ], [ -74.2449072, 4.8681247 ], [ -74.2448655, 4.8681517 ], [ -74.2448441, 4.8681781 ], [ -74.2448104, 4.8682175 ], [ -74.2447734, 4.8682218 ], [ -74.2447259, 4.8682629 ], [ -74.2446812, 4.8682681 ], [ -74.2445532, 4.8682605 ], [ -74.2444859, 4.8682458 ], [ -74.244402, 4.8682182 ], [ -74.2443413, 4.8682077 ], [ -74.2443034, 4.8682047 ], [ -74.2442287, 4.8682041 ], [ -74.2441423, 4.8682299 ], [ -74.2440505, 4.8682084 ], [ -74.2439366, 4.8681753 ], [ -74.2438067, 4.8681581 ], [ -74.2436365, 4.8681606 ], [ -74.2435471, 4.8681398 ], [ -74.2434185, 4.868114 ], [ -74.2432789, 4.8681079 ], [ -74.2431515, 4.8680981 ], [ -74.2429739, 4.8681018 ], [ -74.2429029, 4.8680871 ], [ -74.2428196, 4.8680564 ], [ -74.2427645, 4.8680429 ], [ -74.242702, 4.8680061 ], [ -74.2426775, 4.8679827 ], [ -74.2426285, 4.867952 ], [ -74.2426052, 4.8679361 ], [ -74.2425783, 4.8679152 ], [ -74.2425366, 4.867882 ], [ -74.2424974, 4.8678427 ], [ -74.2424521, 4.8677789 ], [ -74.2424411, 4.8677494 ], [ -74.2424447, 4.8675479 ], [ -74.2423883, 4.8674472 ], [ -74.2423369, 4.8673759 ], [ -74.2422071, 4.8673293 ], [ -74.2419548, 4.8674104 ], [ -74.2418684, 4.8674227 ], [ -74.241751, 4.8674393 ], [ -74.2415261, 4.8672975 ], [ -74.2414232, 4.8671772 ], [ -74.2413423, 4.8670666 ], [ -74.2412811, 4.8669708 ], [ -74.2412394, 4.8668529 ], [ -74.2412614, 4.8667276 ], [ -74.2412393, 4.8666121 ], [ -74.2411952, 4.866504 ], [ -74.2411658, 4.8664598 ], [ -74.2410654, 4.8664058 ], [ -74.2409625, 4.8663345 ], [ -74.2409061, 4.8663051 ], [ -74.240769, 4.8662633 ], [ -74.2406465, 4.8662437 ], [ -74.2405069, 4.8662315 ], [ -74.240377, 4.8662167 ], [ -74.2403183, 4.8661922 ], [ -74.2401982, 4.8661283 ], [ -74.2401296, 4.8660768 ], [ -74.2400365, 4.8659932 ], [ -74.2400071, 4.8659638 ], [ -74.2399434, 4.8658901 ], [ -74.2398724, 4.8658188 ], [ -74.239816, 4.865755 ], [ -74.239767, 4.8656936 ], [ -74.2396641, 4.8656567 ], [ -74.2395784, 4.8656729 ], [ -74.2394976, 4.8657403 ], [ -74.2394315, 4.8658067 ], [ -74.2393802, 4.8658162 ], [ -74.2393151, 4.8657913 ], [ -74.2392202, 4.8657441 ], [ -74.2391663, 4.8657189 ], [ -74.2391228, 4.8656925 ], [ -74.2390683, 4.8656698 ], [ -74.2390463, 4.8656471 ], [ -74.2389819, 4.8656114 ], [ -74.2389397, 4.8655936 ], [ -74.2388974, 4.8655629 ], [ -74.2388111, 4.8655267 ], [ -74.2387168, 4.8654733 ], [ -74.2386574, 4.865442 ], [ -74.2385747, 4.8653536 ], [ -74.2385416, 4.8652835 ], [ -74.2385305, 4.8651988 ], [ -74.2385195, 4.8651085 ], [ -74.2385066, 4.8650551 ], [ -74.2384754, 4.8649924 ], [ -74.2384359, 4.8649735 ], [ -74.238367, 4.8649537 ], [ -74.2382953, 4.8649542 ], [ -74.2382614, 4.8649833 ], [ -74.2382196, 4.8650289 ], [ -74.2382017, 4.8650717 ], [ -74.2381539, 4.8651436 ], [ -74.238119, 4.8651989 ], [ -74.2380988, 4.8652265 ], [ -74.2380584, 4.8652579 ], [ -74.2380106, 4.8652677 ], [ -74.2379234, 4.8652524 ], [ -74.2378637, 4.8652201 ], [ -74.237758, 4.8651409 ], [ -74.2377038, 4.865093 ], [ -74.2376358, 4.8650184 ], [ -74.2376009, 4.8649724 ], [ -74.2375302, 4.8649152 ], [ -74.237442, 4.8649079 ], [ -74.2373263, 4.8649706 ], [ -74.2372663, 4.8649835 ], [ -74.2371132, 4.8649854 ], [ -74.2370415, 4.8649596 ], [ -74.237025, 4.8648711 ], [ -74.2370544, 4.8648159 ], [ -74.2370727, 4.8647698 ], [ -74.2370686, 4.8647431 ], [ -74.2370364, 4.8647025 ], [ -74.2369767, 4.8646924 ], [ -74.2368766, 4.8646924 ], [ -74.2367067, 4.8646736 ], [ -74.2366589, 4.8646552 ], [ -74.236578, 4.864622 ], [ -74.236534, 4.8646091 ], [ -74.2364651, 4.8646027 ], [ -74.2364292, 4.8646414 ], [ -74.23641, 4.8646764 ], [ -74.2363815, 4.8647336 ], [ -74.2363558, 4.8647704 ], [ -74.2363383, 4.8647925 ], [ -74.2362851, 4.8648045 ], [ -74.2362162, 4.8648008 ], [ -74.2361436, 4.8648027 ], [ -74.2360187, 4.8647963 ], [ -74.2359076, 4.8647936 ], [ -74.2357891, 4.864777 ], [ -74.2356706, 4.8647328 ], [ -74.2355805, 4.864696 ], [ -74.2354951, 4.8646591 ], [ -74.2354446, 4.8646251 ], [ -74.2353959, 4.864602 ], [ -74.2353747, 4.8645624 ], [ -74.2353977, 4.8645338 ], [ -74.2354133, 4.8644832 ], [ -74.2354151, 4.8644509 ], [ -74.2353894, 4.864403 ], [ -74.2353398, 4.864357 ], [ -74.2352966, 4.8643127 ], [ -74.2352562, 4.8642584 ], [ -74.2352259, 4.8642022 ], [ -74.2351909, 4.8640806 ], [ -74.2351358, 4.8639866 ], [ -74.2351192, 4.8639009 ], [ -74.2350944, 4.8637213 ], [ -74.235064, 4.8635554 ], [ -74.2350613, 4.8634117 ], [ -74.2350612, 4.8631602 ], [ -74.2350915, 4.8629999 ], [ -74.2350997, 4.8628755 ], [ -74.2350804, 4.8626986 ], [ -74.2350583, 4.8625438 ], [ -74.2350528, 4.8624001 ], [ -74.2351023, 4.8621402 ], [ -74.2351243, 4.8620573 ], [ -74.2351491, 4.861991 ], [ -74.2351519, 4.8619495 ], [ -74.235116, 4.8618832 ], [ -74.2350747, 4.8618307 ], [ -74.2350388, 4.861792 ], [ -74.2349727, 4.861698 ], [ -74.2349355, 4.8616262 ], [ -74.2349113, 4.8615861 ], [ -74.234861, 4.8614507 ], [ -74.2348148, 4.8613871 ], [ -74.2347673, 4.8613456 ], [ -74.2346984, 4.8613049 ], [ -74.2346033, 4.86128 ], [ -74.2344965, 4.8612759 ], [ -74.2344277, 4.8612725 ], [ -74.2343705, 4.8612587 ], [ -74.2342892, 4.8612352 ], [ -74.2342258, 4.8612138 ], [ -74.2341459, 4.8611917 ], [ -74.2340577, 4.8611814 ], [ -74.2339165, 4.8611821 ], [ -74.2338323, 4.86121 ], [ -74.2337236, 4.8612277 ], [ -74.2336265, 4.8612423 ], [ -74.2335707, 4.8612488 ], [ -74.2334098, 4.8612458 ], [ -74.2332685, 4.8612931 ], [ -74.2331756, 4.8613536 ], [ -74.2330792, 4.8614025 ], [ -74.2330359, 4.8614169 ], [ -74.2329166, 4.8614016 ], [ -74.2327797, 4.8613648 ], [ -74.2326934, 4.8613381 ], [ -74.2326079, 4.8612939 ], [ -74.2324665, 4.8612801 ], [ -74.2323884, 4.8613206 ], [ -74.2323296, 4.8613815 ], [ -74.2322911, 4.8614358 ], [ -74.2322121, 4.8615261 ], [ -74.2321735, 4.8615842 ], [ -74.2321304, 4.8616598 ], [ -74.2321194, 4.8617187 ], [ -74.2321396, 4.8617795 ], [ -74.2321791, 4.861833 ], [ -74.2322232, 4.8618919 ], [ -74.2322388, 4.8619186 ], [ -74.232192, 4.8619933 ], [ -74.2320885, 4.862027 ], [ -74.2319605, 4.8620127 ], [ -74.2317566, 4.8619215 ], [ -74.2316326, 4.8618967 ], [ -74.2314645, 4.8619133 ], [ -74.2312173, 4.8619959 ], [ -74.2311256, 4.8621732 ], [ -74.2311063, 4.8622561 ], [ -74.2311119, 4.8623169 ], [ -74.231145, 4.862386 ], [ -74.2312166, 4.8624689 ], [ -74.2312607, 4.8625297 ], [ -74.2313544, 4.8626071 ], [ -74.2314013, 4.862643 ], [ -74.2314233, 4.8627204 ], [ -74.2314454, 4.8627729 ], [ -74.2314647, 4.8628171 ], [ -74.231484, 4.8628531 ], [ -74.2315061, 4.8629221 ], [ -74.2315639, 4.862994 ], [ -74.2315888, 4.863041 ], [ -74.2316218, 4.8630824 ], [ -74.2316466, 4.8631294 ], [ -74.2316715, 4.8631709 ], [ -74.2317073, 4.8632344 ], [ -74.2317128, 4.8633008 ], [ -74.2317101, 4.863345 ], [ -74.2316991, 4.8634113 ], [ -74.2316471, 4.8634265 ], [ -74.231592, 4.8634425 ], [ -74.2315268, 4.8634238 ], [ -74.2314138, 4.8633699 ], [ -74.2313257, 4.8633119 ], [ -74.2312195, 4.863247 ], [ -74.2311066, 4.8632263 ], [ -74.231006, 4.8631931 ], [ -74.2309247, 4.8631572 ], [ -74.230853, 4.8631255 ], [ -74.2307414, 4.8630854 ], [ -74.2306188, 4.8630647 ], [ -74.230481, 4.8630592 ], [ -74.2303598, 4.8630509 ], [ -74.2302495, 4.863033 ], [ -74.2301586, 4.8629791 ], [ -74.2300607, 4.8629322 ], [ -74.2298623, 4.8628797 ], [ -74.2297741, 4.8628631 ], [ -74.2295909, 4.8628549 ], [ -74.2294655, 4.8628618 ], [ -74.2292621, 4.8629282 ], [ -74.2291087, 4.8629324 ], [ -74.2289158, 4.8629296 ], [ -74.2288069, 4.8629463 ], [ -74.2287242, 4.8629736 ], [ -74.2286199, 4.863008 ], [ -74.2285288, 4.8630381 ], [ -74.228434, 4.8630693 ], [ -74.228373, 4.8631081 ], [ -74.2283248, 4.8631468 ], [ -74.2282838, 4.8631602 ], [ -74.2282573, 4.8632159 ], [ -74.2282559, 4.8632421 ], [ -74.2282545, 4.8632767 ], [ -74.2282559, 4.8633043 ], [ -74.2282766, 4.863332 ], [ -74.2283055, 4.8633554 ], [ -74.2283345, 4.8633845 ], [ -74.2283827, 4.8634079 ], [ -74.2284226, 4.8634245 ], [ -74.2284888, 4.8634383 ], [ -74.2285232, 4.8634411 ], [ -74.2285659, 4.8634452 ], [ -74.2286403, 4.8634715 ], [ -74.2287492, 4.8634811 ], [ -74.2288498, 4.8635226 ], [ -74.2289035, 4.8635474 ], [ -74.2289586, 4.8635806 ], [ -74.2289807, 4.8635944 ], [ -74.2290317, 4.8636262 ], [ -74.2290634, 4.8636593 ], [ -74.2290868, 4.8636787 ], [ -74.2291075, 4.8636994 ], [ -74.2291419, 4.8637395 ], [ -74.2291791, 4.8637768 ], [ -74.2292039, 4.8638086 ], [ -74.2292191, 4.8638348 ], [ -74.2292343, 4.8638887 ], [ -74.2292357, 4.8639122 ], [ -74.2292357, 4.8639315 ], [ -74.2292329, 4.8639661 ], [ -74.2292178, 4.8639924 ], [ -74.2291902, 4.8640242 ], [ -74.2291655, 4.8640314 ], [ -74.2291351, 4.8640601 ], [ -74.2291044, 4.8640691 ], [ -74.2290497, 4.8640719 ], [ -74.2289656, 4.8640809 ], [ -74.2288678, 4.8640837 ], [ -74.2287073, 4.8640975 ], [ -74.2285454, 4.8641604 ], [ -74.2285075, 4.8641902 ], [ -74.22846, 4.8642164 ], [ -74.2284029, 4.8642627 ], [ -74.2283498, 4.8642918 ], [ -74.2283009, 4.8643215 ], [ -74.2282472, 4.8643643 ], [ -74.2282176, 4.8644017 ], [ -74.2281728, 4.8644673 ], [ -74.2281508, 4.8645122 ], [ -74.2281322, 4.8645544 ], [ -74.2281157, 4.8645993 ], [ -74.2280854, 4.8647078 ], [ -74.2280836, 4.8648829 ], [ -74.2280855, 4.8652975 ], [ -74.2281057, 4.8653583 ], [ -74.2281296, 4.8654099 ], [ -74.2281829, 4.8654412 ], [ -74.2283041, 4.8654614 ], [ -74.2283629, 4.8654596 ], [ -74.2284199, 4.8654817 ], [ -74.2284309, 4.865572 ], [ -74.2284236, 4.8656236 ], [ -74.2283229, 4.865649 ], [ -74.2282642, 4.8656639 ], [ -74.2281795, 4.8656853 ], [ -74.2281354, 4.8656965 ], [ -74.2281113, 4.8657582 ], [ -74.2280819, 4.8658042 ], [ -74.2280875, 4.8658871 ], [ -74.2280581, 4.8660088 ], [ -74.22806, 4.8660954 ], [ -74.2280618, 4.8661857 ], [ -74.2281041, 4.8663073 ], [ -74.2281317, 4.8663994 ], [ -74.2281592, 4.8664915 ], [ -74.2281776, 4.866556 ], [ -74.2281905, 4.8666998 ], [ -74.2281943, 4.8669799 ], [ -74.2282182, 4.8670296 ], [ -74.2282301, 4.8670609 ], [ -74.2282834, 4.867119 ], [ -74.228333, 4.8671715 ], [ -74.2283771, 4.8672074 ], [ -74.2284405, 4.8672488 ], [ -74.228468, 4.8672682 ], [ -74.2285232, 4.8672986 ], [ -74.2285645, 4.8673234 ], [ -74.2286058, 4.8673483 ], [ -74.2286665, 4.8673815 ], [ -74.228694, 4.8674091 ], [ -74.228774, 4.8674699 ], [ -74.228807, 4.8674975 ], [ -74.2288732, 4.8675555 ], [ -74.2288594, 4.8676025 ], [ -74.228763, 4.8675611 ], [ -74.2287293, 4.8675676 ], [ -74.2286224, 4.867492 ], [ -74.2285756, 4.8674672 ], [ -74.2284626, 4.8674036 ], [ -74.2283661, 4.8673788 ], [ -74.2282531, 4.8673152 ], [ -74.2281263, 4.8672323 ], [ -74.228063, 4.8671909 ], [ -74.2280216, 4.8671549 ], [ -74.2279362, 4.867108 ], [ -74.2278976, 4.8670803 ], [ -74.2277901, 4.8670555 ], [ -74.2276928, 4.8670763 ], [ -74.2276175, 4.8670924 ], [ -74.227538, 4.867144 ], [ -74.2274485, 4.8672034 ], [ -74.2273961, 4.8672504 ], [ -74.2273093, 4.8673666 ], [ -74.2272597, 4.8674661 ], [ -74.2271358, 4.8676375 ], [ -74.2270545, 4.8677591 ], [ -74.2270118, 4.867831 ], [ -74.2269553, 4.8679001 ], [ -74.2268672, 4.8679969 ], [ -74.2268093, 4.8680591 ], [ -74.2267556, 4.8681489 ], [ -74.2267212, 4.8682139 ], [ -74.2266633, 4.8682871 ], [ -74.2266069, 4.8683549 ], [ -74.22656, 4.8683908 ], [ -74.2264843, 4.8684751 ], [ -74.2264264, 4.8685774 ], [ -74.2263892, 4.8686521 ], [ -74.2263741, 4.8687322 ], [ -74.2263865, 4.868782 ], [ -74.2264389, 4.8688359 ], [ -74.2264685, 4.8688918 ], [ -74.2264864, 4.8689429 ], [ -74.2265126, 4.8690065 ], [ -74.2265333, 4.8690424 ], [ -74.2265788, 4.8691143 ], [ -74.2266188, 4.8692027 ], [ -74.2266505, 4.8693064 ], [ -74.2266216, 4.8693907 ], [ -74.2265637, 4.8694584 ], [ -74.2264962, 4.869522 ], [ -74.2264218, 4.869558 ], [ -74.2263495, 4.8695877 ], [ -74.2262933, 4.8695957 ], [ -74.2262034, 4.8696423 ], [ -74.2260801, 4.8696942 ], [ -74.2259871, 4.869735 ], [ -74.2259555, 4.8697598 ], [ -74.2258156, 4.869858 ], [ -74.2257812, 4.8699057 ], [ -74.2257337, 4.869961 ], [ -74.2256799, 4.8700073 ], [ -74.2256235, 4.8700653 ], [ -74.2255832, 4.8701286 ], [ -74.2255594, 4.8701908 ], [ -74.2255315, 4.8702426 ], [ -74.2255047, 4.8702955 ], [ -74.2254654, 4.8703629 ], [ -74.225453, 4.8704002 ], [ -74.2254355, 4.8704852 ], [ -74.2254283, 4.8705546 ], [ -74.2254107, 4.870623 ], [ -74.2254045, 4.8706873 ], [ -74.225386, 4.8707827 ], [ -74.2253725, 4.8707993 ], [ -74.2253498, 4.8707371 ], [ -74.2253291, 4.8706272 ], [ -74.2253311, 4.8705122 ], [ -74.2253383, 4.8704044 ], [ -74.2253704, 4.8703225 ], [ -74.2254117, 4.8702592 ], [ -74.2254767, 4.8701058 ], [ -74.2254902, 4.8700218 ], [ -74.2255129, 4.8699493 ], [ -74.2255377, 4.8698581 ], [ -74.2255459, 4.8697969 ], [ -74.2256306, 4.8696963 ], [ -74.2256843, 4.8696196 ], [ -74.225736, 4.8695823 ], [ -74.2257773, 4.8695346 ], [ -74.2258331, 4.8694766 ], [ -74.2258744, 4.8694226 ], [ -74.2259116, 4.8693874 ], [ -74.2259344, 4.8693604 ], [ -74.2259654, 4.8693252 ], [ -74.2259943, 4.8692713 ], [ -74.2260315, 4.8692298 ], [ -74.2260459, 4.8692008 ], [ -74.2260769, 4.8691365 ], [ -74.226079, 4.8690681 ], [ -74.2260976, 4.8690204 ], [ -74.2261265, 4.8689831 ], [ -74.2261575, 4.8689333 ], [ -74.226174, 4.8689085 ], [ -74.2261802, 4.8688712 ], [ -74.2261864, 4.8688007 ], [ -74.2261843, 4.8687447 ], [ -74.2261967, 4.8686866 ], [ -74.2262091, 4.8686182 ], [ -74.2262256, 4.8685395 ], [ -74.2262338, 4.8684006 ], [ -74.2262255, 4.8683415 ], [ -74.2262059, 4.8683 ], [ -74.2261832, 4.8682472 ], [ -74.2261821, 4.8682016 ], [ -74.2261935, 4.8681601 ], [ -74.2262131, 4.868102 ], [ -74.2262368, 4.8680305 ], [ -74.2262761, 4.867931 ], [ -74.226337, 4.8677838 ], [ -74.2263845, 4.8677206 ], [ -74.2264269, 4.8676594 ], [ -74.2265023, 4.8675526 ], [ -74.2265622, 4.867508 ], [ -74.2266098, 4.8674417 ], [ -74.2266128, 4.867394 ], [ -74.2266035, 4.8673515 ], [ -74.2265508, 4.8672085 ], [ -74.2265053, 4.8671308 ], [ -74.2264681, 4.8670717 ], [ -74.2264319, 4.8670116 ], [ -74.226403, 4.8669722 ], [ -74.226312, 4.866824 ], [ -74.2262397, 4.866739 ], [ -74.2261838, 4.8666851 ], [ -74.2261301, 4.8666126 ], [ -74.2260908, 4.8665649 ], [ -74.2260557, 4.8664965 ], [ -74.2260412, 4.8664509 ], [ -74.2260453, 4.866339 ], [ -74.226068, 4.8662788 ], [ -74.2261073, 4.8662415 ], [ -74.2261238, 4.8661855 ], [ -74.2261321, 4.8661399 ], [ -74.2261548, 4.8661067 ], [ -74.2261961, 4.8660881 ], [ -74.2262147, 4.8660715 ], [ -74.226254, 4.8660425 ], [ -74.2262912, 4.8660093 ], [ -74.2263263, 4.8659616 ], [ -74.2263242, 4.8657895 ], [ -74.2263159, 4.8657211 ], [ -74.2262559, 4.8656216 ], [ -74.2262063, 4.8655512 ], [ -74.2261836, 4.8655097 ], [ -74.2261402, 4.8654206 ], [ -74.2261071, 4.8653625 ], [ -74.2260781, 4.8652941 ], [ -74.2260058, 4.8652091 ], [ -74.2259603, 4.865149 ], [ -74.2259128, 4.8650952 ], [ -74.2258652, 4.8650392 ], [ -74.2258342, 4.8649977 ], [ -74.2257949, 4.8649584 ], [ -74.2257184, 4.8648609 ], [ -74.2256916, 4.8648278 ], [ -74.2256585, 4.8647988 ], [ -74.2256233, 4.8647532 ], [ -74.2255779, 4.8647159 ], [ -74.2254993, 4.8647097 ], [ -74.2253836, 4.8646972 ], [ -74.2252627, 4.8647118 ], [ -74.225195, 4.8647328 ], [ -74.225086, 4.8648061 ], [ -74.2250065, 4.8648559 ], [ -74.2249445, 4.8649212 ], [ -74.2249207, 4.8649668 ], [ -74.2248691, 4.8650228 ], [ -74.224806, 4.8650788 ], [ -74.2247275, 4.8651348 ], [ -74.2246717, 4.8651701 ], [ -74.2246247, 4.8651842 ], [ -74.2245177, 4.8651815 ], [ -74.2244154, 4.8651442 ], [ -74.2242387, 4.8651401 ], [ -74.2241776, 4.8651588 ], [ -74.224091, 4.8651992 ], [ -74.2240073, 4.8652656 ], [ -74.2239525, 4.865305 ], [ -74.2239029, 4.8653537 ], [ -74.2238399, 4.8653921 ], [ -74.2237789, 4.8654105 ], [ -74.2236994, 4.8654626 ], [ -74.223626, 4.8655061 ], [ -74.2236033, 4.8655341 ], [ -74.2235434, 4.8656129 ], [ -74.2234938, 4.8656792 ], [ -74.2234452, 4.8657394 ], [ -74.223406, 4.8657933 ], [ -74.223376, 4.8658451 ], [ -74.2233461, 4.8659083 ], [ -74.2233099, 4.8659768 ], [ -74.2232748, 4.8660286 ], [ -74.2232376, 4.8660898 ], [ -74.2232076, 4.8661292 ], [ -74.223187, 4.8661571 ], [ -74.2231364, 4.8662007 ], [ -74.2230878, 4.8662442 ], [ -74.2230299, 4.8662785 ], [ -74.2229773, 4.8663458 ], [ -74.2229628, 4.8663863 ], [ -74.2229545, 4.866408 ], [ -74.2229235, 4.8664588 ], [ -74.2228915, 4.8664982 ], [ -74.222874, 4.8665273 ], [ -74.2228419, 4.8665698 ], [ -74.2227975, 4.8666154 ], [ -74.2227624, 4.8666537 ], [ -74.2227221, 4.8666807 ], [ -74.2226673, 4.8667211 ], [ -74.2226322, 4.8667471 ], [ -74.2225795, 4.8667771 ], [ -74.2225545, 4.8667838 ], [ -74.2224906, 4.8668207 ], [ -74.222439, 4.8668559 ], [ -74.222355, 4.8668781 ], [ -74.2222819, 4.8669223 ], [ -74.2222261, 4.8669576 ], [ -74.2221455, 4.8669959 ], [ -74.2220781, 4.8670135 ], [ -74.2220133, 4.867055 ], [ -74.2218675, 4.867093 ], [ -74.2217384, 4.867109 ], [ -74.2216062, 4.8671567 ], [ -74.221512, 4.8671812 ], [ -74.2213189, 4.8672315 ], [ -74.2211676, 4.8672709 ], [ -74.2210734, 4.8673094 ], [ -74.2208959, 4.8673555 ], [ -74.2207824, 4.867385 ], [ -74.2206537, 4.8674406 ], [ -74.2205442, 4.867469 ], [ -74.2204515, 4.8675293 ], [ -74.220305, 4.8675946 ], [ -74.2202364, 4.867639 ], [ -74.2200934, 4.8677008 ], [ -74.220033, 4.8677463 ], [ -74.2199737, 4.8677965 ], [ -74.219933, 4.8678349 ], [ -74.2198842, 4.8678734 ], [ -74.2198087, 4.8679259 ], [ -74.2197343, 4.8679772 ], [ -74.2196843, 4.8680239 ], [ -74.2196192, 4.8680647 ], [ -74.2195797, 4.8681009 ], [ -74.2195134, 4.8681545 ], [ -74.219453, 4.8681965 ], [ -74.2194111, 4.8682502 ], [ -74.2193461, 4.8683132 ], [ -74.2192914, 4.8683703 ], [ -74.2192449, 4.868424 ], [ -74.2191996, 4.868466 ], [ -74.2191671, 4.8685114 ], [ -74.219131, 4.8685558 ], [ -74.2190462, 4.8686222 ], [ -74.2189671, 4.8686911 ], [ -74.2189323, 4.8687237 ], [ -74.2189253, 4.8687657 ], [ -74.2189416, 4.86881 ], [ -74.2189509, 4.8688706 ], [ -74.218987, 4.8689184 ], [ -74.2190218, 4.8689767 ], [ -74.2190625, 4.869028 ], [ -74.2191184, 4.8690992 ], [ -74.2191591, 4.8691644 ], [ -74.21918, 4.8692064 ], [ -74.219187, 4.8692636 ], [ -74.2191591, 4.8692869 ], [ -74.219107, 4.8692972 ], [ -74.2190475, 4.8692461 ], [ -74.2189917, 4.8691948 ], [ -74.2189324, 4.8691563 ], [ -74.2188371, 4.8692263 ], [ -74.2187813, 4.8692706 ], [ -74.2187255, 4.8693056 ], [ -74.2186588, 4.869319 ], [ -74.2185499, 4.8693243 ], [ -74.2184802, 4.8693547 ], [ -74.2183721, 4.8693908 ], [ -74.2183039, 4.8694045 ], [ -74.2182605, 4.8694422 ], [ -74.2181919, 4.8694947 ], [ -74.2181222, 4.8695401 ], [ -74.2180652, 4.8695845 ], [ -74.2180236, 4.8695926 ], [ -74.2179567, 4.8696056 ], [ -74.2178734, 4.869602 ], [ -74.2177862, 4.869567 ], [ -74.2177385, 4.8695566 ], [ -74.2176444, 4.8695449 ], [ -74.2175422, 4.8695653 ], [ -74.2174746, 4.8695963 ], [ -74.2174072, 4.8696336 ], [ -74.2173514, 4.8696592 ], [ -74.2172956, 4.8696861 ], [ -74.2172299, 4.869699 ], [ -74.2171736, 4.8697339 ], [ -74.2170341, 4.8697853 ], [ -74.2169571, 4.8698002 ], [ -74.2168946, 4.8698354 ], [ -74.2167156, 4.8698868 ], [ -74.2166144, 4.8699253 ], [ -74.2165177, 4.8699438 ], [ -74.2164691, 4.8699824 ], [ -74.2163587, 4.8699836 ], [ -74.2162448, 4.8699592 ], [ -74.2161366, 4.8699382 ], [ -74.2160506, 4.8699149 ], [ -74.2159599, 4.8698881 ], [ -74.2158506, 4.869859 ], [ -74.2157739, 4.869831 ], [ -74.2156972, 4.86981 ], [ -74.2156204, 4.8697902 ], [ -74.2155565, 4.8697587 ], [ -74.2154205, 4.869711 ], [ -74.215324, 4.8696748 ], [ -74.2152275, 4.8696504 ], [ -74.2151194, 4.8696294 ], [ -74.2149973, 4.8695944 ], [ -74.214845, 4.869563 ], [ -74.2147148, 4.8695595 ], [ -74.2145869, 4.8695619 ], [ -74.2144132, 4.8696019 ], [ -74.2143556, 4.8696389 ], [ -74.2142777, 4.8696809 ], [ -74.2141963, 4.869731 ], [ -74.2141312, 4.8697684 ], [ -74.2140394, 4.8698278 ], [ -74.2139894, 4.869878 ], [ -74.2139278, 4.8699316 ], [ -74.2138964, 4.8699806 ], [ -74.2138383, 4.8700413 ], [ -74.2138034, 4.8700662 ], [ -74.2137786, 4.8700335 ], [ -74.2137841, 4.869969 ], [ -74.2137794, 4.8698843 ], [ -74.213805, 4.8698314 ], [ -74.2138057, 4.8697933 ], [ -74.2137964, 4.8697482 ], [ -74.2137592, 4.8696868 ], [ -74.2136824, 4.8695741 ], [ -74.2136367, 4.8695407 ], [ -74.2135763, 4.8694956 ], [ -74.2135189, 4.8694824 ], [ -74.2134515, 4.8695174 ], [ -74.2134213, 4.8695539 ], [ -74.2133554, 4.8696216 ], [ -74.2133143, 4.8696861 ], [ -74.2132601, 4.86976 ], [ -74.2132353, 4.8697887 ], [ -74.2131989, 4.8698471 ], [ -74.213157, 4.869903 ], [ -74.2131377, 4.8699442 ], [ -74.2131253, 4.8700274 ], [ -74.2131083, 4.870099 ], [ -74.2131021, 4.870151 ], [ -74.2130835, 4.8702342 ], [ -74.2130757, 4.8702832 ], [ -74.2130471, 4.8703609 ], [ -74.213013, 4.8704107 ], [ -74.2129851, 4.870434 ], [ -74.2129417, 4.870455 ], [ -74.2128898, 4.8704655 ], [ -74.2128167, 4.8704802 ], [ -74.2127518, 4.8704753 ], [ -74.2127084, 4.8704582 ], [ -74.2126708, 4.8704298 ], [ -74.2126282, 4.8704151 ], [ -74.212579, 4.8703991 ], [ -74.2125375, 4.8703813 ], [ -74.2124805, 4.8703568 ], [ -74.212448, 4.87033 ], [ -74.2124154, 4.8702962 ], [ -74.2123596, 4.8702468 ], [ -74.212334, 4.8702196 ], [ -74.2123085, 4.8702149 ], [ -74.2122627, 4.8702017 ], [ -74.2122092, 4.8701823 ], [ -74.2121558, 4.8701722 ], [ -74.2121333, 4.8701613 ], [ -74.2120728, 4.8701404 ], [ -74.2120364, 4.8701256 ], [ -74.2119628, 4.8701202 ], [ -74.2119217, 4.8701298 ], [ -74.2118961, 4.8701505 ], [ -74.2118636, 4.8701738 ], [ -74.211814, 4.8702197 ], [ -74.2117636, 4.8702625 ], [ -74.2117326, 4.8702874 ], [ -74.2116869, 4.870327 ], [ -74.2116451, 4.8703472 ], [ -74.2115435, 4.8703434 ], [ -74.2114126, 4.8703551 ], [ -74.2112637, 4.8703294 ], [ -74.2112037, 4.8703433 ], [ -74.2110468, 4.8704088 ], [ -74.2109956, 4.8704943 ], [ -74.2109274, 4.8705612 ], [ -74.210867, 4.8706047 ], [ -74.2107936, 4.8706208 ], [ -74.2107034, 4.8706405 ], [ -74.2106329, 4.8706778 ], [ -74.2106066, 4.8707291 ], [ -74.2105911, 4.8707711 ], [ -74.2105942, 4.8708442 ], [ -74.2106144, 4.8709142 ], [ -74.2106338, 4.8709336 ], [ -74.2106431, 4.8709546 ], [ -74.2106563, 4.8709826 ], [ -74.2106586, 4.8710051 ], [ -74.2106555, 4.8710238 ], [ -74.2106392, 4.8710448 ], [ -74.2105927, 4.8710782 ], [ -74.2105819, 4.8710914 ], [ -74.2105416, 4.871128 ], [ -74.2105168, 4.8711668 ], [ -74.2104951, 4.8711933 ], [ -74.210468, 4.8712267 ], [ -74.2104292, 4.8712632 ], [ -74.2103773, 4.8713309 ], [ -74.2103502, 4.8713705 ], [ -74.2103378, 4.8714001 ], [ -74.2103153, 4.8714506 ], [ -74.2102967, 4.8715206 ], [ -74.2102797, 4.8716014 ], [ -74.2102379, 4.8716528 ], [ -74.2101456, 4.8716854 ], [ -74.2100906, 4.8717212 ], [ -74.2100341, 4.8717523 ], [ -74.2099171, 4.8718596 ], [ -74.2098837, 4.8719016 ], [ -74.2098442, 4.8719451 ], [ -74.2098217, 4.871984 ], [ -74.2098117, 4.8720283 ], [ -74.2098094, 4.8720742 ], [ -74.2098117, 4.8721146 ], [ -74.2098667, 4.8721729 ], [ -74.2098962, 4.8722335 ], [ -74.2099071, 4.8722786 ], [ -74.2099257, 4.8723144 ], [ -74.2099768, 4.8723657 ], [ -74.210059, 4.8723843 ], [ -74.2101892, 4.8724061 ], [ -74.2102791, 4.8724231 ], [ -74.210383, 4.8724636 ], [ -74.2103892, 4.8725366 ], [ -74.2103179, 4.8725646 ], [ -74.2102047, 4.8725475 ], [ -74.210152, 4.8725227 ], [ -74.2100187, 4.8724885 ], [ -74.2098451, 4.8724372 ], [ -74.2097893, 4.8724217 ], [ -74.2096916, 4.8723891 ], [ -74.2096374, 4.8723673 ], [ -74.2095273, 4.8723145 ], [ -74.2094684, 4.8722974 ], [ -74.2093506, 4.8722585 ], [ -74.2093174, 4.8722627 ], [ -74.2092002, 4.8722368 ], [ -74.2090745, 4.8722528 ], [ -74.2090096, 4.8723006 ], [ -74.2089382, 4.8723095 ], [ -74.2087073, 4.8723131 ], [ -74.2086422, 4.8723457 ], [ -74.2086128, 4.8723784 ], [ -74.2085766, 4.8723828 ], [ -74.2085089, 4.8724453 ], [ -74.2084671, 4.8724935 ], [ -74.2084299, 4.8725541 ], [ -74.208402, 4.8726241 ], [ -74.2083679, 4.8727609 ], [ -74.2083618, 4.8728433 ], [ -74.2083525, 4.87289 ], [ -74.208337, 4.8729148 ], [ -74.2083061, 4.8729174 ], [ -74.2082688, 4.8728869 ], [ -74.208244, 4.8728402 ], [ -74.2082129, 4.8727905 ], [ -74.2081726, 4.8727454 ], [ -74.208142, 4.8727318 ], [ -74.2081114, 4.8727489 ], [ -74.2080951, 4.8727711 ], [ -74.2080626, 4.8728228 ], [ -74.2080432, 4.8728648 ], [ -74.2080146, 4.8729083 ], [ -74.2079936, 4.8729285 ], [ -74.2079619, 4.872948 ], [ -74.2079295, 4.8729507 ], [ -74.2078859, 4.8729705 ], [ -74.2078474, 4.8729737 ], [ -74.2078139, 4.8729765 ], [ -74.2077344, 4.8729831 ], [ -74.2076926, 4.8730055 ], [ -74.2076147, 4.8730324 ], [ -74.2075821, 4.8730534 ], [ -74.2075265, 4.8730577 ], [ -74.2074856, 4.8730814 ], [ -74.2073894, 4.8730887 ], [ -74.2073468, 4.873092 ], [ -74.2072959, 4.8730861 ], [ -74.2072537, 4.87307 ], [ -74.2071825, 4.8730345 ], [ -74.207129, 4.8729984 ], [ -74.2071238, 4.8729538 ], [ -74.2071116, 4.8729284 ], [ -74.2070627, 4.8729162 ], [ -74.2069912, 4.872945 ], [ -74.2069058, 4.8729931 ], [ -74.206843, 4.8730238 ], [ -74.206782, 4.8730614 ], [ -74.2067227, 4.8730946 ], [ -74.2066521, 4.8731305 ], [ -74.2066155, 4.8731585 ], [ -74.2065754, 4.87319 ], [ -74.2065335, 4.873232 ], [ -74.2065196, 4.8732775 ], [ -74.2065022, 4.8733352 ], [ -74.206483, 4.8733859 ], [ -74.2064464, 4.8734471 ], [ -74.2063906, 4.8735066 ], [ -74.206327, 4.8735346 ], [ -74.2062537, 4.8735889 ], [ -74.2062154, 4.8736107 ], [ -74.2061744, 4.87363 ], [ -74.205932, 4.8736445 ], [ -74.205871, 4.8736624 ], [ -74.2057986, 4.8737031 ], [ -74.2057428, 4.873728 ], [ -74.2056866, 4.8737604 ], [ -74.2055772, 4.8737901 ], [ -74.2055227, 4.8737818 ], [ -74.2054656, 4.8737543 ], [ -74.2054333, 4.8737045 ], [ -74.2054045, 4.8736599 ], [ -74.2053731, 4.8736126 ], [ -74.205343, 4.8735899 ], [ -74.2053199, 4.8735755 ], [ -74.2052859, 4.8735659 ], [ -74.2052371, 4.8735563 ], [ -74.2052114, 4.8735449 ], [ -74.2051708, 4.8735318 ], [ -74.2050614, 4.8735196 ], [ -74.2049493, 4.8735252 ], [ -74.2048909, 4.8735366 ], [ -74.2048229, 4.8735533 ], [ -74.2047532, 4.8735795 ], [ -74.2046581, 4.8735931 ], [ -74.2045753, 4.8736023 ], [ -74.2044607, 4.8736264 ], [ -74.2042534, 4.8736352 ], [ -74.2041171, 4.8736597 ], [ -74.2040474, 4.8736999 ], [ -74.2040212, 4.8737226 ], [ -74.2039838, 4.8737498 ], [ -74.2039245, 4.8737821 ], [ -74.2038808, 4.8737833 ], [ -74.2038307, 4.8737686 ], [ -74.2037989, 4.8737454 ], [ -74.2037448, 4.873717 ], [ -74.203703, 4.8737096 ], [ -74.2036629, 4.8737111 ], [ -74.2036215, 4.873721 ], [ -74.2035744, 4.8737398 ], [ -74.2035299, 4.873756 ], [ -74.2034061, 4.8737967 ], [ -74.2032989, 4.8738286 ], [ -74.2032466, 4.8738605 ], [ -74.2032243, 4.8738894 ], [ -74.2031838, 4.8739143 ], [ -74.2031498, 4.8739401 ], [ -74.2031219, 4.8739533 ], [ -74.2030731, 4.8739743 ], [ -74.2030258, 4.8739745 ], [ -74.2029597, 4.8740031 ], [ -74.2029336, 4.8740241 ], [ -74.202876, 4.874051 ], [ -74.202827, 4.8740753 ], [ -74.2027891, 4.874095 ], [ -74.2027564, 4.8741094 ], [ -74.2026982, 4.8741396 ], [ -74.2026668, 4.8741639 ], [ -74.2026099, 4.8741882 ], [ -74.2025171, 4.8742012 ], [ -74.2024023, 4.87421 ], [ -74.202317, 4.8742317 ], [ -74.2022174, 4.8742479 ], [ -74.2021345, 4.8742809 ], [ -74.2020757, 4.8742982 ], [ -74.2020262, 4.8743262 ], [ -74.2019825, 4.8743641 ], [ -74.2019359, 4.8744089 ], [ -74.2018928, 4.8744497 ], [ -74.2018526, 4.874491 ], [ -74.2018158, 4.8745329 ], [ -74.2017903, 4.8745599 ], [ -74.2017466, 4.8746131 ], [ -74.2017133, 4.8746455 ], [ -74.2016456, 4.87468 ], [ -74.2015515, 4.8746918 ], [ -74.2014823, 4.8747036 ], [ -74.2014705, 4.8747376 ], [ -74.2014299, 4.8747981 ], [ -74.2014078, 4.8748325 ], [ -74.2013793, 4.8748532 ], [ -74.2013308, 4.8748763 ], [ -74.2012254, 4.8748867 ], [ -74.2011773, 4.8748965 ], [ -74.2011076, 4.8749162 ], [ -74.2010449, 4.8749192 ], [ -74.2009742, 4.8749157 ], [ -74.2008285, 4.8749107 ], [ -74.200813, 4.8749141 ], [ -74.2007604, 4.8749255 ], [ -74.2006876, 4.8749429 ], [ -74.2006328, 4.8749517 ], [ -74.2005647, 4.8749621 ], [ -74.2004871, 4.8749573 ], [ -74.2004378, 4.8749422 ], [ -74.200412, 4.8749232 ], [ -74.2003911, 4.8749086 ], [ -74.2003506, 4.8748835 ], [ -74.2002914, 4.8748322 ], [ -74.2002425, 4.8747924 ], [ -74.200213, 4.8747788 ], [ -74.2001766, 4.8747566 ], [ -74.2000986, 4.8747216 ], [ -74.1999931, 4.8747253 ], [ -74.1999357, 4.8747474 ], [ -74.199868, 4.8747836 ], [ -74.1998121, 4.8748139 ], [ -74.1997393, 4.8748523 ], [ -74.1996952, 4.8748825 ], [ -74.1996253, 4.8749261 ], [ -74.1995929, 4.8749763 ], [ -74.1995422, 4.8750073 ], [ -74.1994936, 4.8750257 ], [ -74.1994428, 4.8750338 ], [ -74.199387, 4.8750203 ], [ -74.1993361, 4.8750079 ], [ -74.1993031, 4.8749675 ], [ -74.1992398, 4.874921 ], [ -74.1991655, 4.8748745 ], [ -74.1991044, 4.8748398 ], [ -74.1990544, 4.8748118 ], [ -74.1990132, 4.8747867 ], [ -74.1989521, 4.8747572 ], [ -74.198898, 4.8747464 ], [ -74.1988594, 4.8747749 ], [ -74.1988285, 4.8748074 ], [ -74.1987984, 4.8748421 ], [ -74.1987682, 4.874865 ], [ -74.198741, 4.8748783 ], [ -74.1987162, 4.8748783 ], [ -74.1986963, 4.8748709 ], [ -74.1986578, 4.8748451 ], [ -74.1985954, 4.8748299 ], [ -74.1985267, 4.8748132 ], [ -74.1984644, 4.8748163 ], [ -74.1984114, 4.8748134 ], [ -74.1982952, 4.8748584 ], [ -74.1982363, 4.8748924 ], [ -74.19819, 4.8749322 ], [ -74.1981436, 4.8749728 ], [ -74.1980877, 4.8750127 ], [ -74.1980346, 4.8750653 ], [ -74.1980031, 4.8751118 ], [ -74.1979667, 4.8751483 ], [ -74.1979287, 4.8751749 ], [ -74.1978658, 4.8751765 ], [ -74.1978098, 4.8751517 ], [ -74.1977657, 4.8751321 ], [ -74.1977102, 4.8750819 ], [ -74.1976411, 4.875052 ], [ -74.1975827, 4.8749923 ], [ -74.1975049, 4.8749242 ], [ -74.197407, 4.8748848 ], [ -74.1973791, 4.8748379 ], [ -74.1973219, 4.8748158 ], [ -74.1972443, 4.8747858 ], [ -74.1971208, 4.8747981 ], [ -74.197, 4.8748031 ], [ -74.1969437, 4.874843 ], [ -74.1968908, 4.8748862 ], [ -74.1968361, 4.8749111 ], [ -74.1967964, 4.8749244 ], [ -74.1966905, 4.8749709 ], [ -74.1966441, 4.8749991 ], [ -74.1966061, 4.8750074 ], [ -74.196467, 4.8750257 ], [ -74.1962221, 4.8750141 ], [ -74.1961294, 4.8749743 ], [ -74.1960647, 4.8749034 ], [ -74.1959886, 4.8748847 ], [ -74.1959357, 4.8748548 ], [ -74.1959061, 4.8748183 ], [ -74.1958562, 4.8747884 ], [ -74.1958269, 4.8747506 ], [ -74.1958165, 4.8746971 ], [ -74.19579, 4.8745892 ], [ -74.195775, 4.8744431 ], [ -74.1957601, 4.8743252 ], [ -74.1957303, 4.8742505 ], [ -74.1956641, 4.8741525 ], [ -74.1955846, 4.8740977 ], [ -74.1955359, 4.8740858 ], [ -74.1954671, 4.8740446 ], [ -74.1954086, 4.8740371 ], [ -74.1953347, 4.8740048 ], [ -74.1952574, 4.8740176 ], [ -74.1986719, 4.8682995 ], [ -74.1952928, 4.8662501 ] ] ], [ [ [ -74.2000485, 4.8587065 ], [ -74.1999812, 4.8587403 ], [ -74.1999351, 4.8587599 ], [ -74.1998429, 4.8588043 ], [ -74.1997667, 4.8588559 ], [ -74.1996887, 4.858895 ], [ -74.1994778, 4.8590924 ], [ -74.1993963, 4.8592116 ], [ -74.1993556, 4.8593592 ], [ -74.1993095, 4.8594712 ], [ -74.1992191, 4.859601 ], [ -74.1991181, 4.859713 ], [ -74.1989568, 4.8597824 ], [ -74.1988026, 4.8598109 ], [ -74.1986661, 4.8598216 ], [ -74.1984277, 4.8600839 ], [ -74.1983613, 4.8601639 ], [ -74.1982284, 4.8603222 ], [ -74.1981832, 4.8604058 ], [ -74.1981336, 4.8605338 ], [ -74.1981052, 4.8606031 ], [ -74.1980051, 4.8606538 ], [ -74.1979076, 4.8607045 ], [ -74.1978544, 4.8608041 ], [ -74.1978243, 4.8608744 ], [ -74.1977047, 4.8610771 ], [ -74.1980307, 4.8600493 ], [ -74.1982717, 4.8596616 ], [ -74.1983638, 4.859466 ], [ -74.1980518, 4.8593167 ], [ -74.1980908, 4.8593025 ], [ -74.1982751, 4.8592207 ], [ -74.1983744, 4.8591495 ], [ -74.1985445, 4.8590286 ], [ -74.1986438, 4.858961 ], [ -74.1987501, 4.858865 ], [ -74.198821, 4.8587512 ], [ -74.1989876, 4.8587405 ], [ -74.1991932, 4.8587013 ], [ -74.199491, 4.8586693 ], [ -74.1997037, 4.8586337 ], [ -74.1997782, 4.8585945 ], [ -74.2003276, 4.8580646 ], [ -74.200512, 4.858285 ], [ -74.2000858, 4.8586816 ], [ -74.2000485, 4.8587065 ] ] ], [ [ [ -74.1976378, 4.8611166 ], [ -74.1975633, 4.8611504 ], [ -74.1974464, 4.8612767 ], [ -74.1974038, 4.8613336 ], [ -74.1973595, 4.8614261 ], [ -74.1973312, 4.8615221 ], [ -74.1972931, 4.861715 ], [ -74.1972984, 4.8617879 ], [ -74.1973188, 4.8618288 ], [ -74.1973392, 4.8618715 ], [ -74.1973738, 4.8618955 ], [ -74.1974341, 4.861947 ], [ -74.1974487, 4.8619621 ], [ -74.1975023, 4.8620315 ], [ -74.1975715, 4.862107 ], [ -74.1976043, 4.8621097 ], [ -74.1977186, 4.8621141 ], [ -74.1977306, 4.862143 ], [ -74.1976863, 4.8622017 ], [ -74.197642, 4.8623137 ], [ -74.1975906, 4.8624169 ], [ -74.1975339, 4.8625164 ], [ -74.197502, 4.8626658 ], [ -74.1974471, 4.8629645 ], [ -74.197401, 4.8631672 ], [ -74.1973674, 4.8631672 ], [ -74.1971316, 4.8631957 ], [ -74.197105, 4.8632046 ], [ -74.1969366, 4.8631798 ], [ -74.1968125, 4.863146 ], [ -74.196162, 4.8631675 ], [ -74.1960397, 4.8631959 ], [ -74.1959191, 4.863244 ], [ -74.1957738, 4.8632742 ], [ -74.1956728, 4.8633293 ], [ -74.1955983, 4.8633863 ], [ -74.1955026, 4.8634645 ], [ -74.1953396, 4.8635534 ], [ -74.1952456, 4.8636068 ], [ -74.1951676, 4.863621 ], [ -74.1951304, 4.8636193 ], [ -74.1950914, 4.863605 ], [ -74.1950648, 4.8635695 ], [ -74.1949903, 4.8635037 ], [ -74.1948875, 4.8634024 ], [ -74.1947758, 4.8633046 ], [ -74.1946978, 4.8632495 ], [ -74.1946092, 4.863198 ], [ -74.1944532, 4.8631073 ], [ -74.194384, 4.8630664 ], [ -74.1942706, 4.8630273 ], [ -74.1941571, 4.8630096 ], [ -74.1941713, 4.862958 ], [ -74.1942351, 4.8628975 ], [ -74.1943007, 4.8628317 ], [ -74.1943414, 4.8628371 ], [ -74.1944053, 4.8628566 ], [ -74.1945276, 4.8629384 ], [ -74.1946659, 4.8630255 ], [ -74.194813, 4.863061 ], [ -74.1949282, 4.8631037 ], [ -74.1950576, 4.8631374 ], [ -74.1951551, 4.863173 ], [ -74.1959245, 4.8631728 ], [ -74.1961689, 4.8622429 ], [ -74.1960909, 4.8621931 ], [ -74.1960696, 4.8618517 ], [ -74.1967644, 4.861496 ], [ -74.1964275, 4.8608595 ], [ -74.1965852, 4.8607546 ], [ -74.1968086, 4.8610728 ], [ -74.1976612, 4.8610797 ], [ -74.1976608, 4.8611042 ], [ -74.1976378, 4.8611166 ] ] ], [ [ [ -74.186304, 4.8801274 ], [ -74.1863513, 4.8800773 ], [ -74.1863886, 4.8800235 ], [ -74.1868527, 4.8792789 ], [ -74.1868831, 4.8792375 ], [ -74.1869094, 4.8792029 ], [ -74.1869278, 4.8791808 ], [ -74.1869375, 4.8791584 ], [ -74.1869401, 4.8791322 ], [ -74.1869372, 4.8791132 ], [ -74.1869352, 4.8790968 ], [ -74.1869269, 4.8790902 ], [ -74.1869091, 4.8790609 ], [ -74.1868896, 4.8790278 ], [ -74.186867, 4.8789976 ], [ -74.1868457, 4.8789746 ], [ -74.1868343, 4.8789502 ], [ -74.1868024, 4.8789177 ], [ -74.1867743, 4.8788889 ], [ -74.1867729, 4.8788587 ], [ -74.1867763, 4.8788066 ], [ -74.1868017, 4.8787715 ], [ -74.1868251, 4.8787079 ], [ -74.1868553, 4.8786412 ], [ -74.1869127, 4.8786167 ], [ -74.186957, 4.8785933 ], [ -74.1869945, 4.8785718 ], [ -74.1870094, 4.8785545 ], [ -74.1870453, 4.8785457 ], [ -74.1870604, 4.8785449 ], [ -74.1870778, 4.8785215 ], [ -74.1870929, 4.8785045 ], [ -74.1871204, 4.8784558 ], [ -74.1871556, 4.8784343 ], [ -74.1872229, 4.8783967 ], [ -74.1872259, 4.8783653 ], [ -74.1872542, 4.8783422 ], [ -74.1872795, 4.8783185 ], [ -74.1873268, 4.8782709 ], [ -74.1873735, 4.8782195 ], [ -74.1874443, 4.8781638 ], [ -74.1874652, 4.8781267 ], [ -74.1875149, 4.8780607 ], [ -74.1875157, 4.8780262 ], [ -74.187521, 4.8779672 ], [ -74.1875256, 4.8779357 ], [ -74.1890106, 4.8787254 ], [ -74.1892293, 4.8784191 ], [ -74.1904405, 4.8791424 ], [ -74.1902248, 4.878897 ], [ -74.1904236, 4.8786914 ], [ -74.1904939, 4.8783693 ], [ -74.1906131, 4.8780901 ], [ -74.1906865, 4.8779122 ], [ -74.1908087, 4.8776146 ], [ -74.1910962, 4.8773538 ], [ -74.1912399, 4.8771513 ], [ -74.1891423, 4.875482 ], [ -74.1891431, 4.8754629 ], [ -74.1891622, 4.8754544 ], [ -74.1891878, 4.8754517 ], [ -74.1892406, 4.8754544 ], [ -74.1892769, 4.8754379 ], [ -74.1893163, 4.8754207 ], [ -74.1893629, 4.8754218 ], [ -74.1894095, 4.875385 ], [ -74.1894718, 4.8753524 ], [ -74.1895284, 4.8753179 ], [ -74.1895701, 4.8752904 ], [ -74.1896005, 4.8752628 ], [ -74.1896332, 4.8752304 ], [ -74.1896534, 4.8751932 ], [ -74.1896677, 4.875166 ], [ -74.1896903, 4.875138 ], [ -74.1897081, 4.8751035 ], [ -74.1897407, 4.8750688 ], [ -74.1897843, 4.8750864 ], [ -74.1898478, 4.8751316 ], [ -74.1898822, 4.8751577 ], [ -74.1899396, 4.8751945 ], [ -74.1899816, 4.8752298 ], [ -74.1900657, 4.8752896 ], [ -74.1901139, 4.8753172 ], [ -74.1901453, 4.875344 ], [ -74.1902049, 4.8753778 ], [ -74.1902477, 4.8754123 ], [ -74.1902974, 4.8754376 ], [ -74.1903441, 4.8754698 ], [ -74.1903907, 4.875502 ], [ -74.1904871, 4.8755687 ], [ -74.1905628, 4.8756216 ], [ -74.1906492, 4.8756722 ], [ -74.190741, 4.8757458 ], [ -74.1908518, 4.8758171 ], [ -74.1909688, 4.8758654 ], [ -74.1910529, 4.8759191 ], [ -74.1911424, 4.8759812 ], [ -74.1912579, 4.8760548 ], [ -74.191345, 4.8761008 ], [ -74.1914146, 4.8761368 ], [ -74.1914651, 4.8761744 ], [ -74.1915462, 4.8762357 ], [ -74.191628, 4.8762771 ], [ -74.1916884, 4.8763139 ], [ -74.1917549, 4.8763431 ], [ -74.1917901, 4.8763799 ], [ -74.1918734, 4.8764305 ], [ -74.1919468, 4.8764719 ], [ -74.1920149, 4.8764849 ], [ -74.1921067, 4.8764814 ], [ -74.1921372, 4.8764504 ], [ -74.1921735, 4.8764166 ], [ -74.1922521, 4.8763741 ], [ -74.1923012, 4.8763426 ], [ -74.1923104, 4.8762674 ], [ -74.1923088, 4.8762076 ], [ -74.1922935, 4.8761493 ], [ -74.1922714, 4.8760979 ], [ -74.1921796, 4.8760542 ], [ -74.1920397, 4.8759254 ], [ -74.1920159, 4.8759024 ], [ -74.1919494, 4.875871 ], [ -74.1918829, 4.8758234 ], [ -74.1918087, 4.8757889 ], [ -74.1917414, 4.8757483 ], [ -74.191681, 4.8756985 ], [ -74.19159, 4.8756486 ], [ -74.1915266, 4.8756241 ], [ -74.191486, 4.8755931 ], [ -74.1913667, 4.8755394 ], [ -74.1913266, 4.8755053 ], [ -74.19127, 4.8754754 ], [ -74.1911981, 4.8754347 ], [ -74.1911125, 4.8753864 ], [ -74.1910819, 4.8753665 ], [ -74.1910108, 4.875332 ], [ -74.190958, 4.8753029 ], [ -74.1908915, 4.8752569 ], [ -74.1908189, 4.8752101 ], [ -74.1907661, 4.8751871 ], [ -74.1907454, 4.8751725 ], [ -74.1906942, 4.8751472 ], [ -74.1906399, 4.8751181 ], [ -74.1905971, 4.8751035 ], [ -74.1905527, 4.875069 ], [ -74.1904962, 4.8750314 ], [ -74.1904541, 4.8750061 ], [ -74.1904228, 4.8749923 ], [ -74.1903945, 4.8749716 ], [ -74.1903616, 4.8749647 ], [ -74.1903058, 4.8749371 ], [ -74.19024, 4.8748819 ], [ -74.1901681, 4.8748482 ], [ -74.1900886, 4.8747938 ], [ -74.1900343, 4.8747654 ], [ -74.1899945, 4.8747347 ], [ -74.1899869, 4.8747079 ], [ -74.1899578, 4.8746266 ], [ -74.189944, 4.8745514 ], [ -74.1899226, 4.8744847 ], [ -74.1899165, 4.8744418 ], [ -74.1898882, 4.8744111 ], [ -74.1898889, 4.8743145 ], [ -74.1898905, 4.8742355 ], [ -74.1899256, 4.8741956 ], [ -74.1899455, 4.8741331 ], [ -74.1899799, 4.8740759 ], [ -74.1900242, 4.8740249 ], [ -74.1900518, 4.8739793 ], [ -74.1901741, 4.8739632 ], [ -74.1902903, 4.8739279 ], [ -74.1904203, 4.8738972 ], [ -74.1904845, 4.8738734 ], [ -74.1905273, 4.8738534 ], [ -74.1905334, 4.8737675 ], [ -74.1905334, 4.8736809 ], [ -74.1905212, 4.8736026 ], [ -74.1905043, 4.873575 ], [ -74.1904982, 4.8734784 ], [ -74.1905028, 4.8733634 ], [ -74.190531, 4.8732844 ], [ -74.190541, 4.8732192 ], [ -74.1905639, 4.8731432 ], [ -74.1905792, 4.8730857 ], [ -74.1905975, 4.8730324 ], [ -74.1905985, 4.87301 ], [ -74.1906065, 4.8729968 ], [ -74.1906149, 4.8729931 ], [ -74.1906235, 4.872992 ], [ -74.1906361, 4.8729937 ], [ -74.1917205, 4.8742773 ], [ -74.1918329, 4.874216 ], [ -74.1918788, 4.874137 ], [ -74.191878, 4.8740465 ], [ -74.1919048, 4.8739652 ], [ -74.1919885, 4.873903 ], [ -74.1920454, 4.8738401 ], [ -74.1921417, 4.873788 ], [ -74.1922312, 4.8737335 ], [ -74.1922732, 4.8737105 ], [ -74.1923497, 4.8736668 ], [ -74.1924361, 4.8735916 ], [ -74.192499, 4.8735417 ], [ -74.1925617, 4.8734744 ], [ -74.1926463, 4.8733837 ], [ -74.1927625, 4.8732947 ], [ -74.1938203, 4.8743975 ], [ -74.1937414, 4.8746398 ], [ -74.1937185, 4.8747257 ], [ -74.1936941, 4.8747931 ], [ -74.1936696, 4.874833 ], [ -74.1936375, 4.8749051 ], [ -74.193584, 4.874968 ], [ -74.1935075, 4.8750248 ], [ -74.1934265, 4.8750908 ], [ -74.1933302, 4.8751337 ], [ -74.1932598, 4.8751583 ], [ -74.193217, 4.8752028 ], [ -74.1932124, 4.8752718 ], [ -74.1932094, 4.8753776 ], [ -74.1931941, 4.8754482 ], [ -74.1931544, 4.8755126 ], [ -74.1931177, 4.8755648 ], [ -74.1930886, 4.8756231 ], [ -74.1930565, 4.8756722 ], [ -74.1930489, 4.8757074 ], [ -74.193052, 4.8757903 ], [ -74.1930275, 4.875867 ], [ -74.1929755, 4.8759099 ], [ -74.192893, 4.8759897 ], [ -74.1928869, 4.8761216 ], [ -74.1929075, 4.8762558 ], [ -74.1929297, 4.8763057 ], [ -74.1929565, 4.8763601 ], [ -74.1929894, 4.87639 ], [ -74.1930207, 4.8764383 ], [ -74.1930536, 4.8765127 ], [ -74.1930796, 4.8766047 ], [ -74.1931118, 4.8766768 ], [ -74.1931186, 4.8767658 ], [ -74.1931057, 4.87689 ], [ -74.1930697, 4.8769161 ], [ -74.1930193, 4.8769253 ], [ -74.1929833, 4.8769476 ], [ -74.1929581, 4.8769706 ], [ -74.1929298, 4.8770036 ], [ -74.1928977, 4.8770596 ], [ -74.1928664, 4.877134 ], [ -74.1928488, 4.8771907 ], [ -74.1928267, 4.8772413 ], [ -74.1927976, 4.8772789 ], [ -74.1927701, 4.8773127 ], [ -74.1927234, 4.8773457 ], [ -74.1926722, 4.8773687 ], [ -74.1926225, 4.8774047 ], [ -74.1925881, 4.8774408 ], [ -74.1925339, 4.8775098 ], [ -74.1924849, 4.8775597 ], [ -74.1924429, 4.8776049 ], [ -74.1923917, 4.8776502 ], [ -74.1923336, 4.8776839 ], [ -74.1922609, 4.8776916 ], [ -74.1921615, 4.8776763 ], [ -74.1921118, 4.8776663 ], [ -74.1920889, 4.8776794 ], [ -74.1920782, 4.8777147 ], [ -74.1920579, 4.8777484 ], [ -74.1920331, 4.8777914 ], [ -74.1920197, 4.8778328 ], [ -74.1920098, 4.877878 ], [ -74.1920197, 4.8779486 ], [ -74.192053, 4.8780452 ], [ -74.1920733, 4.8780962 ], [ -74.1920943, 4.8781346 ], [ -74.1921111, 4.8781721 ], [ -74.1921326, 4.8782181 ], [ -74.1921394, 4.8782603 ], [ -74.1921295, 4.8782895 ], [ -74.192115, 4.8783232 ], [ -74.1920783, 4.8783554 ], [ -74.1920554, 4.8783953 ], [ -74.1920462, 4.8784275 ], [ -74.1920324, 4.8784613 ], [ -74.1920217, 4.8785134 ], [ -74.192011, 4.8785518 ], [ -74.1919851, 4.8785932 ], [ -74.1919637, 4.8786745 ], [ -74.1919453, 4.8787082 ], [ -74.1918933, 4.8787635 ], [ -74.1918582, 4.8787988 ], [ -74.1918184, 4.8788386 ], [ -74.1917649, 4.8788862 ], [ -74.1917053, 4.8789276 ], [ -74.1916441, 4.8789675 ], [ -74.1915845, 4.8790043 ], [ -74.191557, 4.8790366 ], [ -74.1915356, 4.8790795 ], [ -74.1915126, 4.8791317 ], [ -74.1914836, 4.8791823 ], [ -74.1914515, 4.8792099 ], [ -74.1914163, 4.8792375 ], [ -74.1914041, 4.8795704 ], [ -74.1913904, 4.8796149 ], [ -74.1913751, 4.8796501 ], [ -74.1913521, 4.8796854 ], [ -74.1913415, 4.8797483 ], [ -74.1913323, 4.8798725 ], [ -74.191343, 4.8799354 ], [ -74.1913491, 4.8799861 ], [ -74.1913629, 4.8800321 ], [ -74.1913981, 4.880075 ], [ -74.1913966, 4.8800949 ], [ -74.1913813, 4.880118 ], [ -74.191343, 4.8801118 ], [ -74.191291, 4.8800842 ], [ -74.1912268, 4.8800674 ], [ -74.1911794, 4.8800643 ], [ -74.1910708, 4.880072 ], [ -74.1910357, 4.8801011 ], [ -74.1910219, 4.8801349 ], [ -74.1910143, 4.880207 ], [ -74.1910112, 4.8802438 ], [ -74.1909883, 4.8802729 ], [ -74.190947, 4.8803082 ], [ -74.1909088, 4.8803512 ], [ -74.1908415, 4.8804033 ], [ -74.1907697, 4.8804693 ], [ -74.1907054, 4.880546 ], [ -74.190658, 4.8806058 ], [ -74.1906351, 4.8806764 ], [ -74.1906229, 4.8808083 ], [ -74.1906229, 4.8808988 ], [ -74.1906138, 4.8810077 ], [ -74.1905969, 4.8810507 ], [ -74.190571, 4.8811151 ], [ -74.1905434, 4.8811811 ], [ -74.1905312, 4.8812225 ], [ -74.190527, 4.8812501 ], [ -74.1905168, 4.8817582 ], [ -74.1905122, 4.881879 ], [ -74.1904897, 4.8819572 ], [ -74.1904687, 4.8820051 ], [ -74.1904293, 4.8820715 ], [ -74.1903804, 4.8821367 ], [ -74.1903295, 4.8821934 ], [ -74.1902821, 4.8822264 ], [ -74.1902592, 4.882246 ], [ -74.1902045, 4.882287 ], [ -74.1901541, 4.88232 ], [ -74.1901116, 4.8823492 ], [ -74.1900428, 4.8823534 ], [ -74.1900077, 4.8823388 ], [ -74.1899495, 4.8823193 ], [ -74.1898153, 4.8823151 ], [ -74.1897679, 4.8823339 ], [ -74.1897026, 4.8823876 ], [ -74.18968, 4.882424 ], [ -74.1896426, 4.8824938 ], [ -74.1896349, 4.8825475 ], [ -74.1896327, 4.8826787 ], [ -74.1896044, 4.8827699 ], [ -74.1895822, 4.8828313 ], [ -74.1895906, 4.8828911 ], [ -74.1896365, 4.8829422 ], [ -74.1896692, 4.8829694 ], [ -74.189707, 4.8830007 ], [ -74.1897459, 4.883033 ], [ -74.1898162, 4.8830751 ], [ -74.1898981, 4.8830843 ], [ -74.1899982, 4.8831012 ], [ -74.1900571, 4.8831311 ], [ -74.1901252, 4.8831648 ], [ -74.1902169, 4.8832162 ], [ -74.1902521, 4.8832606 ], [ -74.1902567, 4.8833235 ], [ -74.1902567, 4.8833603 ], [ -74.1902399, 4.883388 ], [ -74.1902139, 4.8834263 ], [ -74.1901665, 4.8834371 ], [ -74.1901367, 4.8834493 ], [ -74.1900602, 4.8834041 ], [ -74.1900296, 4.8833642 ], [ -74.1899669, 4.8833151 ], [ -74.18984, 4.8832615 ], [ -74.1897666, 4.8832109 ], [ -74.189687, 4.8831603 ], [ -74.189554, 4.8831035 ], [ -74.1894347, 4.8830299 ], [ -74.1892022, 4.8829119 ], [ -74.1889201, 4.8827493 ], [ -74.1888436, 4.8827095 ], [ -74.1887549, 4.8826742 ], [ -74.1886601, 4.882619 ], [ -74.1885515, 4.8825531 ], [ -74.1884674, 4.8825117 ], [ -74.1883756, 4.8824564 ], [ -74.1882793, 4.8823951 ], [ -74.1881523, 4.8823292 ], [ -74.1880025, 4.882251 ], [ -74.1878694, 4.8821605 ], [ -74.1878006, 4.8821283 ], [ -74.1877685, 4.8821498 ], [ -74.1877226, 4.882136 ], [ -74.1877027, 4.8821114 ], [ -74.1876951, 4.882067 ], [ -74.1876782, 4.8820225 ], [ -74.1876706, 4.8819657 ], [ -74.1876751, 4.8819136 ], [ -74.1876858, 4.8818691 ], [ -74.1877149, 4.8817203 ], [ -74.1877347, 4.8816359 ], [ -74.18775, 4.8815546 ], [ -74.1877653, 4.8814503 ], [ -74.187701, 4.8812724 ], [ -74.1876337, 4.8810914 ], [ -74.187548, 4.8808123 ], [ -74.1874134, 4.8804994 ], [ -74.1872666, 4.8804319 ], [ -74.1870892, 4.8803522 ], [ -74.1869607, 4.880297 ], [ -74.1866977, 4.8802418 ], [ -74.1863062, 4.8801805 ], [ -74.1862925, 4.8801541 ], [ -74.186304, 4.8801274 ] ] ] ] } },
{ "type": "Feature", "properties": { "MpNombre": "Area sub Comercio y Servi", "Clas_CIAF": "1a" }, "geometry": { "type": "Polygon", "coordinates": [ [ [ -74.2678192, 4.8476966 ], [ -74.2671174, 4.8482444 ], [ -74.2661943, 4.8483832 ], [ -74.2661403, 4.8481776 ], [ -74.2660994, 4.8480294 ], [ -74.2660239, 4.8478246 ], [ -74.2659045, 4.847626 ], [ -74.2658446, 4.8475693 ], [ -74.2656656, 4.847478 ], [ -74.2656247, 4.8473456 ], [ -74.265576, 4.8472022 ], [ -74.2655178, 4.847043 ], [ -74.2654612, 4.8468697 ], [ -74.2653794, 4.8466743 ], [ -74.2652506, 4.8464663 ], [ -74.2648954, 4.8461354 ], [ -74.2648663, 4.846048 ], [ -74.2648034, 4.8460354 ], [ -74.2647319, 4.8459582 ], [ -74.2646353, 4.8458833 ], [ -74.2645434, 4.8458392 ], [ -74.2645025, 4.8457943 ], [ -74.2644411, 4.845763 ], [ -74.2643792, 4.8457116 ], [ -74.2643124, 4.8456644 ], [ -74.2642566, 4.8456526 ], [ -74.2642212, 4.8456061 ], [ -74.2641615, 4.8455927 ], [ -74.2641042, 4.8455281 ], [ -74.2640821, 4.8454997 ], [ -74.2640298, 4.8454788 ], [ -74.2637718, 4.8452918 ], [ -74.2636294, 4.8451993 ], [ -74.2634644, 4.8450717 ], [ -74.2633135, 4.8449772 ], [ -74.2631579, 4.8448559 ], [ -74.2630401, 4.8447819 ], [ -74.2628782, 4.8446621 ], [ -74.2627431, 4.844585 ], [ -74.2626457, 4.8445125 ], [ -74.2625184, 4.844429 ], [ -74.2624037, 4.8443439 ], [ -74.2622874, 4.8442573 ], [ -74.2621837, 4.8441864 ], [ -74.2620658, 4.8440903 ], [ -74.2619794, 4.8440383 ], [ -74.2618867, 4.8439469 ], [ -74.2618222, 4.8438776 ], [ -74.2617436, 4.8437964 ], [ -74.2616383, 4.8436917 ], [ -74.2615209, 4.8435944 ], [ -74.2613661, 4.8434534 ], [ -74.2611575, 4.8432426 ], [ -74.2610793, 4.8431717 ], [ -74.2610423, 4.8431402 ], [ -74.2610015, 4.8431134 ], [ -74.260941, 4.8430583 ], [ -74.2609088, 4.8430284 ], [ -74.2608821, 4.843011 ], [ -74.2608192, 4.8430528 ], [ -74.2603464, 4.8434154 ], [ -74.2602912, 4.8425187 ], [ -74.2600193, 4.8422241 ], [ -74.2597616, 4.842035 ], [ -74.2598135, 4.8419497 ], [ -74.259881, 4.8419199 ], [ -74.2599171, 4.8419089 ], [ -74.2599893, 4.8416898 ], [ -74.2600568, 4.8415133 ], [ -74.2601414, 4.8414111 ], [ -74.2601384, 4.8411476 ], [ -74.258311, 4.8405161 ], [ -74.2583697, 4.8422027 ], [ -74.2581065, 4.8423249 ], [ -74.2493439, 4.8362296 ], [ -74.2480888, 4.8321022 ], [ -74.2485831, 4.8324338 ], [ -74.2500394, 4.831298 ], [ -74.2505052, 4.8310184 ], [ -74.250479, 4.830883 ], [ -74.2504485, 4.8308087 ], [ -74.2504246, 4.8307389 ], [ -74.2504093, 4.8306886 ], [ -74.2503984, 4.8306078 ], [ -74.2504136, 4.8305095 ], [ -74.2504332, 4.8304025 ], [ -74.2504506, 4.8303326 ], [ -74.2504876, 4.8302453 ], [ -74.2505311, 4.8301557 ], [ -74.2505964, 4.8300399 ], [ -74.2547599, 4.8328278 ], [ -74.2548796, 4.8329086 ], [ -74.2549384, 4.8329566 ], [ -74.2549972, 4.8329697 ], [ -74.2550712, 4.8330111 ], [ -74.2559167, 4.8336465 ], [ -74.2560591, 4.8342438 ], [ -74.255724, 4.8344498 ], [ -74.2560111, 4.8350675 ], [ -74.2565598, 4.8348001 ], [ -74.2570406, 4.8345854 ], [ -74.2579786, 4.8352489 ], [ -74.2614301, 4.8376416 ], [ -74.2659666, 4.8408278 ], [ -74.2660211, 4.8408267 ], [ -74.2659956, 4.8409986 ], [ -74.2660068, 4.8410883 ], [ -74.2660404, 4.8412508 ], [ -74.2660711, 4.8414441 ], [ -74.2660405, 4.8416374 ], [ -74.2660126, 4.8417943 ], [ -74.2660014, 4.8418784 ], [ -74.2659763, 4.841968 ], [ -74.2659512, 4.8420661 ], [ -74.2659205, 4.8421754 ], [ -74.2658856, 4.8422917 ], [ -74.2658535, 4.8423925 ], [ -74.265841, 4.842443 ], [ -74.2658256, 4.84252 ], [ -74.2658216, 4.8429487 ], [ -74.2658328, 4.8430061 ], [ -74.2658495, 4.8430734 ], [ -74.2658691, 4.843107 ], [ -74.2658789, 4.8431812 ], [ -74.2659082, 4.8432148 ], [ -74.2659473, 4.843247 ], [ -74.2659906, 4.8432708 ], [ -74.2660242, 4.8432862 ], [ -74.26608, 4.84331 ], [ -74.2661429, 4.8433366 ], [ -74.2661918, 4.8433548 ], [ -74.2662602, 4.8433968 ], [ -74.2663328, 4.843429 ], [ -74.266432, 4.843471 ], [ -74.2664963, 4.8435061 ], [ -74.2665186, 4.8435173 ], [ -74.2665801, 4.8435453 ], [ -74.2666387, 4.8435747 ], [ -74.2666597, 4.8435873 ], [ -74.2667058, 4.8436139 ], [ -74.2667211, 4.8436363 ], [ -74.2667533, 4.8436587 ], [ -74.2667924, 4.8436909 ], [ -74.2668231, 4.8437287 ], [ -74.2668476, 4.8437973 ], [ -74.2669076, 4.8437945 ], [ -74.2669069, 4.8438099 ], [ -74.2669042, 4.8440173 ], [ -74.2669349, 4.8441181 ], [ -74.2673124, 4.8456618 ], [ -74.2673655, 4.8457402 ], [ -74.2674131, 4.8459195 ], [ -74.267455, 4.8460344 ], [ -74.2674578, 4.8461044 ], [ -74.2674858, 4.8462613 ], [ -74.2675501, 4.8465779 ], [ -74.2675963, 4.8468006 ], [ -74.2676131, 4.8469659 ], [ -74.2676467, 4.8471957 ], [ -74.2676718, 4.8473189 ], [ -74.2677138, 4.8474506 ], [ -74.2677641, 4.8475318 ], [ -74.2677836, 4.8476215 ], [ -74.2678192, 4.8476966 ] ] ] } },
{ "type": "Feature", "properties": { "MpNombre": "Area de Restauracion Morfo", "Clas_CIAF": "5b" }, "geometry": { "type": "MultiPolygon", "coordinates": [ [ [ [ -74.2344204, 4.8277902 ], [ -74.2345115, 4.8277618 ], [ -74.2346026, 4.8277366 ], [ -74.2346623, 4.827724 ], [ -74.2347251, 4.8277019 ], [ -74.2348225, 4.8276735 ], [ -74.2349231, 4.8276451 ], [ -74.2350016, 4.8276262 ], [ -74.2351147, 4.8275852 ], [ -74.2351933, 4.8275568 ], [ -74.2352938, 4.8275126 ], [ -74.2353629, 4.8274874 ], [ -74.2354635, 4.8274369 ], [ -74.2355703, 4.8273959 ], [ -74.2356583, 4.8273329 ], [ -74.2357368, 4.8272761 ], [ -74.2358122, 4.8272225 ], [ -74.2358656, 4.8271532 ], [ -74.2359065, 4.8270996 ], [ -74.2361289, 4.8267968 ], [ -74.2384567, 4.8285442 ], [ -74.2343761, 4.8344588 ], [ -74.2343539, 4.8277842 ], [ -74.2344204, 4.8277902 ] ] ], [ [ [ -74.2135344, 4.8448849 ], [ -74.2139524, 4.844806 ], [ -74.2142194, 4.8447334 ], [ -74.2144771, 4.8445474 ], [ -74.2145839, 4.8443078 ], [ -74.214636, 4.8440584 ], [ -74.2146706, 4.843978 ], [ -74.2147633, 4.8439702 ], [ -74.2149341, 4.843965 ], [ -74.2149887, 4.8439354 ], [ -74.215074, 4.8439098 ], [ -74.2151224, 4.8439021 ], [ -74.2151352, 4.8438889 ], [ -74.2151839, 4.8438716 ], [ -74.2152374, 4.8438471 ], [ -74.2153025, 4.8438132 ], [ -74.2153512, 4.8438014 ], [ -74.2154298, 4.8437667 ], [ -74.2154571, 4.8437213 ], [ -74.2155207, 4.8436606 ], [ -74.2155515, 4.8436312 ], [ -74.2156081, 4.8435917 ], [ -74.2156615, 4.8435594 ], [ -74.215707, 4.8434995 ], [ -74.2157665, 4.8434012 ], [ -74.2158296, 4.8433403 ], [ -74.2158594, 4.8432568 ], [ -74.2159018, 4.8430787 ], [ -74.2159347, 4.8429274 ], [ -74.215963, 4.842806 ], [ -74.2159756, 4.8427115 ], [ -74.2159567, 4.8426311 ], [ -74.2159127, 4.8425744 ], [ -74.2158734, 4.8425318 ], [ -74.215842, 4.8424877 ], [ -74.2158215, 4.8424373 ], [ -74.215776, 4.8423691 ], [ -74.2157445, 4.8423025 ], [ -74.2157194, 4.8422769 ], [ -74.2156985, 4.8422261 ], [ -74.2156848, 4.8422041 ], [ -74.2156856, 4.8421678 ], [ -74.2157174, 4.8421375 ], [ -74.2157457, 4.8421142 ], [ -74.2157763, 4.8420783 ], [ -74.2158112, 4.8420405 ], [ -74.2158434, 4.8419798 ], [ -74.2158729, 4.8419566 ], [ -74.2159212, 4.8418699 ], [ -74.215951, 4.8417801 ], [ -74.2159683, 4.8416871 ], [ -74.215978, 4.8412517 ], [ -74.2159933, 4.8412064 ], [ -74.2160507, 4.8411693 ], [ -74.2160899, 4.8411307 ], [ -74.2161457, 4.8410984 ], [ -74.2162101, 4.841029 ], [ -74.2162564, 4.8409723 ], [ -74.2163193, 4.8409029 ], [ -74.2163573, 4.8408139 ], [ -74.2163989, 4.8407466 ], [ -74.2164567, 4.8406531 ], [ -74.2164912, 4.8406188 ], [ -74.2165329, 4.8405889 ], [ -74.216582, 4.8405538 ], [ -74.2166161, 4.840538 ], [ -74.2166499, 4.8405002 ], [ -74.2167033, 4.8404281 ], [ -74.2167426, 4.840339 ], [ -74.2168132, 4.8401452 ], [ -74.2168588, 4.8400175 ], [ -74.216887, 4.8398946 ], [ -74.2169325, 4.8393193 ], [ -74.2169513, 4.8391475 ], [ -74.2169609, 4.838921 ], [ -74.2170081, 4.8388329 ], [ -74.2170503, 4.8387542 ], [ -74.2171585, 4.8385522 ], [ -74.2172035, 4.8384683 ], [ -74.2172339, 4.8384115 ], [ -74.2173093, 4.8383516 ], [ -74.2173659, 4.838309 ], [ -74.2174083, 4.8382822 ], [ -74.2174806, 4.8382381 ], [ -74.2175795, 4.838164 ], [ -74.2176612, 4.8381151 ], [ -74.2177743, 4.8380363 ], [ -74.2178324, 4.8379985 ], [ -74.2179095, 4.8379621 ], [ -74.2179393, 4.8379117 ], [ -74.2179972, 4.8378918 ], [ -74.2181152, 4.8376942 ], [ -74.2181546, 4.8375601 ], [ -74.2182283, 4.8374357 ], [ -74.2183007, 4.8372646 ], [ -74.2183382, 4.8372009 ], [ -74.2183979, 4.8371741 ], [ -74.2184937, 4.8371331 ], [ -74.2186115, 4.8371126 ], [ -74.2187325, 4.8370842 ], [ -74.2188645, 4.8370652 ], [ -74.2189194, 4.8370565 ], [ -74.2189493, 4.8370101 ], [ -74.2190153, 4.836947 ], [ -74.2190687, 4.8369092 ], [ -74.2191411, 4.836841 ], [ -74.2192069, 4.8367405 ], [ -74.2192509, 4.8366302 ], [ -74.2192839, 4.8364994 ], [ -74.2193101, 4.8362819 ], [ -74.2193451, 4.8362267 ], [ -74.2194063, 4.8361731 ], [ -74.2194824, 4.8361029 ], [ -74.2195099, 4.83606 ], [ -74.2195414, 4.8360108 ], [ -74.2196043, 4.8360076 ], [ -74.2197032, 4.8360391 ], [ -74.2198729, 4.8360674 ], [ -74.2200002, 4.8360721 ], [ -74.2201573, 4.8360642 ], [ -74.2202626, 4.8360547 ], [ -74.2204212, 4.8359727 ], [ -74.2205092, 4.8359254 ], [ -74.2205925, 4.8358671 ], [ -74.2206691, 4.8358035 ], [ -74.220739, 4.835709 ], [ -74.2207848, 4.835647 ], [ -74.2208202, 4.8355992 ], [ -74.2209773, 4.835555 ], [ -74.2211596, 4.835536 ], [ -74.221246, 4.8355029 ], [ -74.2214109, 4.8354698 ], [ -74.2215429, 4.8354367 ], [ -74.22159, 4.8354304 ], [ -74.2216654, 4.8354209 ], [ -74.2217196, 4.8354282 ], [ -74.2217573, 4.8403519 ], [ -74.2343726, 4.8403675 ], [ -74.2312085, 4.8457981 ], [ -74.2132672, 4.8458134 ], [ -74.2132643, 4.8451182 ], [ -74.2133365, 4.8449164 ], [ -74.2135344, 4.8448849 ] ] ], [ [ [ -74.2059023, 4.8532439 ], [ -74.2059919, 4.8532297 ], [ -74.2060814, 4.853184 ], [ -74.206138, 4.8531556 ], [ -74.2062055, 4.8531319 ], [ -74.2062652, 4.8530957 ], [ -74.2063013, 4.8530594 ], [ -74.2063752, 4.8529948 ], [ -74.2064129, 4.8529522 ], [ -74.2064474, 4.8529002 ], [ -74.2070263, 4.8525952 ], [ -74.2070609, 4.8525605 ], [ -74.207108, 4.8525163 ], [ -74.2071787, 4.8524801 ], [ -74.2072494, 4.8524454 ], [ -74.2073374, 4.8524265 ], [ -74.2073767, 4.852417 ], [ -74.2074191, 4.8524091 ], [ -74.2074615, 4.8524075 ], [ -74.2075515, 4.8524115 ], [ -74.209212, 4.8541927 ], [ -74.2077879, 4.8554998 ], [ -74.2057295, 4.8532802 ], [ -74.2059023, 4.8532439 ] ] ], [ [ [ -74.2008881, 4.85872 ], [ -74.2009605, 4.8586512 ], [ -74.2010076, 4.8585944 ], [ -74.201061, 4.858544 ], [ -74.2011034, 4.8584967 ], [ -74.20116, 4.8584431 ], [ -74.2012197, 4.8583879 ], [ -74.2012715, 4.8583454 ], [ -74.2013218, 4.8582949 ], [ -74.2013972, 4.858213 ], [ -74.2014726, 4.8581294 ], [ -74.2015213, 4.8580632 ], [ -74.2015904, 4.8579923 ], [ -74.2016501, 4.8579198 ], [ -74.2017067, 4.857852 ], [ -74.2017789, 4.8577953 ], [ -74.2019187, 4.8577369 ], [ -74.2020287, 4.8576818 ], [ -74.2025314, 4.8574484 ], [ -74.2021857, 4.8569063 ], [ -74.2022155, 4.8567123 ], [ -74.2022201, 4.856756 ], [ -74.2041919, 4.8588654 ], [ -74.2025284, 4.8604337 ], [ -74.2008881, 4.85872 ] ] ], [ [ [ -74.1906697, 4.8728941 ], [ -74.1906917, 4.8728618 ], [ -74.1907137, 4.8728067 ], [ -74.1907569, 4.8727342 ], [ -74.1908048, 4.8726837 ], [ -74.1908417, 4.8726459 ], [ -74.1908857, 4.8726041 ], [ -74.1909297, 4.8725545 ], [ -74.19098, 4.8724883 ], [ -74.1910075, 4.872452 ], [ -74.19102, 4.8723937 ], [ -74.1910318, 4.8723354 ], [ -74.1910475, 4.8722779 ], [ -74.1910569, 4.8722077 ], [ -74.1910821, 4.8721289 ], [ -74.1910915, 4.8720627 ], [ -74.1911025, 4.8720091 ], [ -74.191126, 4.8719634 ], [ -74.1911559, 4.871913 ], [ -74.1911904, 4.8718562 ], [ -74.191258, 4.8718137 ], [ -74.1912988, 4.871779 ], [ -74.1913318, 4.8717144 ], [ -74.1913679, 4.8716561 ], [ -74.1913931, 4.8715914 ], [ -74.1914088, 4.8715205 ], [ -74.1914213, 4.8714717 ], [ -74.1914527, 4.8714575 ], [ -74.1915659, 4.8714575 ], [ -74.1916806, 4.8714511 ], [ -74.1918016, 4.8714621 ], [ -74.1918833, 4.8714842 ], [ -74.1919917, 4.8714921 ], [ -74.1920671, 4.8715046 ], [ -74.1921158, 4.8714999 ], [ -74.1921331, 4.8714495 ], [ -74.1921786, 4.8713392 ], [ -74.1922305, 4.8712477 ], [ -74.192265, 4.8712115 ], [ -74.1923184, 4.8711595 ], [ -74.192353, 4.8711342 ], [ -74.1923938, 4.8710617 ], [ -74.1924111, 4.8709577 ], [ -74.1924676, 4.8708521 ], [ -74.1924519, 4.8705606 ], [ -74.1924157, 4.8704518 ], [ -74.1923764, 4.8703856 ], [ -74.192345, 4.8703194 ], [ -74.1923324, 4.8702753 ], [ -74.1922947, 4.8701697 ], [ -74.1922523, 4.8700878 ], [ -74.192246, 4.87002 ], [ -74.1922868, 4.8699459 ], [ -74.1923182, 4.869905 ], [ -74.1923488, 4.8698537 ], [ -74.1923598, 4.8698065 ], [ -74.1923708, 4.8697615 ], [ -74.1923857, 4.8697324 ], [ -74.192392, 4.8697032 ], [ -74.1923842, 4.869678 ], [ -74.1923692, 4.8696662 ], [ -74.1923527, 4.8696496 ], [ -74.1923009, 4.8695953 ], [ -74.1922655, 4.8695575 ], [ -74.1922388, 4.8695267 ], [ -74.1921783, 4.8694661 ], [ -74.1921437, 4.8694346 ], [ -74.1920785, 4.8693707 ], [ -74.1920612, 4.8693589 ], [ -74.1920227, 4.8693353 ], [ -74.1919992, 4.8693235 ], [ -74.1919732, 4.8693069 ], [ -74.1919308, 4.8692825 ], [ -74.191912, 4.8692668 ], [ -74.1918428, 4.8692274 ], [ -74.1918232, 4.8692108 ], [ -74.1917996, 4.8691848 ], [ -74.19178, 4.8691651 ], [ -74.1917627, 4.8691517 ], [ -74.1917352, 4.8691368 ], [ -74.1917132, 4.8691238 ], [ -74.1916802, 4.8690974 ], [ -74.1916621, 4.8690761 ], [ -74.1916444, 4.869056 ], [ -74.1916252, 4.8690371 ], [ -74.1916098, 4.8690182 ], [ -74.1915941, 4.8689772 ], [ -74.1915925, 4.868937 ], [ -74.1916043, 4.8688937 ], [ -74.1916161, 4.8688764 ], [ -74.191631, 4.8688039 ], [ -74.1916389, 4.8687479 ], [ -74.1916483, 4.8686888 ], [ -74.1916561, 4.8686549 ], [ -74.1916624, 4.8685706 ], [ -74.191686, 4.8685548 ], [ -74.1917072, 4.8685304 ], [ -74.1917229, 4.8685162 ], [ -74.191737, 4.8684776 ], [ -74.1917527, 4.8684516 ], [ -74.1917559, 4.8684122 ], [ -74.1917779, 4.8683665 ], [ -74.1917928, 4.868346 ], [ -74.1918218, 4.86829 ], [ -74.1918375, 4.8682506 ], [ -74.1918525, 4.8682175 ], [ -74.1918627, 4.8681687 ], [ -74.1918799, 4.8681324 ], [ -74.1918807, 4.8678787 ], [ -74.191865, 4.8678558 ], [ -74.191854, 4.8678109 ], [ -74.1918461, 4.8677282 ], [ -74.1918492, 4.8675998 ], [ -74.1918445, 4.8675139 ], [ -74.1918343, 4.8674532 ], [ -74.1918248, 4.8674059 ], [ -74.1918311, 4.8673578 ], [ -74.1918476, 4.8672972 ], [ -74.1918531, 4.8672491 ], [ -74.1918586, 4.86716 ], [ -74.1918735, 4.8670761 ], [ -74.1918978, 4.8666553 ], [ -74.1918412, 4.8665103 ], [ -74.1917909, 4.8663591 ], [ -74.1917437, 4.8662992 ], [ -74.1916966, 4.8662172 ], [ -74.1916911, 4.8661889 ], [ -74.1916502, 4.8661392 ], [ -74.1916219, 4.8661124 ], [ -74.1915819, 4.8660762 ], [ -74.1915638, 4.8660644 ], [ -74.1915606, 4.8658461 ], [ -74.1915386, 4.8657673 ], [ -74.1915362, 4.8657106 ], [ -74.1915402, 4.8656814 ], [ -74.1915606, 4.8656365 ], [ -74.1915771, 4.8655995 ], [ -74.1915904, 4.8655782 ], [ -74.1915975, 4.8655569 ], [ -74.1916258, 4.8655222 ], [ -74.1916485, 4.8655088 ], [ -74.1916705, 4.8655183 ], [ -74.191691, 4.8655411 ], [ -74.1917082, 4.8655482 ], [ -74.1917247, 4.8655419 ], [ -74.1917507, 4.8655246 ], [ -74.1917837, 4.8654946 ], [ -74.1918371, 4.86543 ], [ -74.1920476, 4.865233 ], [ -74.192101, 4.8652897 ], [ -74.1921387, 4.8653133 ], [ -74.1921859, 4.8653448 ], [ -74.1922409, 4.8653921 ], [ -74.1923288, 4.8654031 ], [ -74.1923995, 4.8653574 ], [ -74.1924561, 4.8652991 ], [ -74.1925236, 4.8652297 ], [ -74.1929007, 4.8648451 ], [ -74.1938937, 4.8654281 ], [ -74.1938215, 4.8654628 ], [ -74.1937963, 4.8654769 ], [ -74.1937681, 4.8655022 ], [ -74.1937363, 4.8655171 ], [ -74.1937084, 4.8655317 ], [ -74.1936887, 4.8655514 ], [ -74.1936695, 4.8655703 ], [ -74.1936361, 4.8655869 ], [ -74.1936121, 4.8655975 ], [ -74.1935976, 4.8656129 ], [ -74.1935725, 4.865635 ], [ -74.193512, 4.8656634 ], [ -74.1934806, 4.8656949 ], [ -74.1934653, 4.865711 ], [ -74.1934354, 4.8657193 ], [ -74.1934205, 4.8657264 ], [ -74.1933769, 4.8657642 ], [ -74.1933561, 4.8657859 ], [ -74.1933247, 4.8658155 ], [ -74.1932987, 4.8658434 ], [ -74.1932705, 4.8658647 ], [ -74.1932335, 4.8658825 ], [ -74.1931825, 4.8659282 ], [ -74.1931656, 4.8659439 ], [ -74.1931059, 4.8660058 ], [ -74.1930878, 4.8660239 ], [ -74.1930643, 4.8660492 ], [ -74.1930317, 4.8661079 ], [ -74.1930261, 4.8661427 ], [ -74.1930435, 4.8661701 ], [ -74.193071, 4.8661985 ], [ -74.1931032, 4.8662316 ], [ -74.1931488, 4.8662985 ], [ -74.193177, 4.8663371 ], [ -74.1932053, 4.8663773 ], [ -74.1932407, 4.8664215 ], [ -74.1932651, 4.8664632 ], [ -74.1933004, 4.8664979 ], [ -74.1933287, 4.8665491 ], [ -74.1933578, 4.8665885 ], [ -74.1938937, 4.8672653 ], [ -74.1941388, 4.8674701 ], [ -74.1947515, 4.8668522 ], [ -74.1950405, 4.8665716 ], [ -74.1951348, 4.866455 ], [ -74.1952928, 4.8662501 ], [ -74.1986719, 4.8682995 ], [ -74.1952574, 4.8740176 ], [ -74.1952272, 4.8740576 ], [ -74.1951927, 4.8740836 ], [ -74.1951188, 4.8741018 ], [ -74.195052, 4.8741167 ], [ -74.194968, 4.8741373 ], [ -74.1949044, 4.8741514 ], [ -74.1947912, 4.8741452 ], [ -74.1947025, 4.8741334 ], [ -74.1945972, 4.8740735 ], [ -74.1945131, 4.8739916 ], [ -74.1944133, 4.8738844 ], [ -74.1943748, 4.8738537 ], [ -74.1942287, 4.8738505 ], [ -74.1941564, 4.8738994 ], [ -74.1940559, 4.8739672 ], [ -74.1939758, 4.8740523 ], [ -74.1939271, 4.8741563 ], [ -74.1938548, 4.8742824 ], [ -74.1938203, 4.8743975 ], [ -74.1927625, 4.8732947 ], [ -74.1926463, 4.8733837 ], [ -74.1925617, 4.8734744 ], [ -74.192499, 4.8735417 ], [ -74.1924361, 4.8735916 ], [ -74.1923497, 4.8736668 ], [ -74.1922732, 4.8737105 ], [ -74.1922312, 4.8737335 ], [ -74.1921417, 4.873788 ], [ -74.1920454, 4.8738401 ], [ -74.1919885, 4.873903 ], [ -74.1919048, 4.8739652 ], [ -74.191878, 4.8740465 ], [ -74.1918788, 4.874137 ], [ -74.1918329, 4.874216 ], [ -74.1917205, 4.8742773 ], [ -74.1906361, 4.8729937 ], [ -74.1906658, 4.8729477 ], [ -74.1906697, 4.8728941 ] ] ], [ [ [ -74.1878704, 4.8775789 ], [ -74.1878908, 4.877541 ], [ -74.1879191, 4.8775111 ], [ -74.1879458, 4.8774606 ], [ -74.1879693, 4.8774354 ], [ -74.1879976, 4.8773803 ], [ -74.1880212, 4.877344 ], [ -74.1880274, 4.877281 ], [ -74.1880368, 4.8771249 ], [ -74.1880541, 4.8770556 ], [ -74.1880745, 4.8769815 ], [ -74.1881059, 4.8769122 ], [ -74.1881483, 4.8768665 ], [ -74.1881688, 4.8768381 ], [ -74.1881829, 4.8768223 ], [ -74.1882347, 4.876723 ], [ -74.1882599, 4.8766757 ], [ -74.1882756, 4.8766143 ], [ -74.1883101, 4.8765591 ], [ -74.1883384, 4.8765103 ], [ -74.1883603, 4.8764758 ], [ -74.1883413, 4.8764514 ], [ -74.1883001, 4.8763987 ], [ -74.1882704, 4.8763605 ], [ -74.188252, 4.8763369 ], [ -74.1882388, 4.8762809 ], [ -74.1882033, 4.8762348 ], [ -74.1881812, 4.8762061 ], [ -74.1881553, 4.8761724 ], [ -74.1881388, 4.876151 ], [ -74.1881189, 4.8760898 ], [ -74.1880995, 4.8760643 ], [ -74.1881105, 4.876017 ], [ -74.1881262, 4.8759681 ], [ -74.1881498, 4.8759209 ], [ -74.1881702, 4.8758673 ], [ -74.1881953, 4.8758105 ], [ -74.1882189, 4.8757979 ], [ -74.1882644, 4.8757727 ], [ -74.1882943, 4.8757585 ], [ -74.1883587, 4.8757065 ], [ -74.1884043, 4.8756797 ], [ -74.1884702, 4.8756355 ], [ -74.1885252, 4.8756024 ], [ -74.1885629, 4.8755725 ], [ -74.1886006, 4.8755347 ], [ -74.1886352, 4.8755 ], [ -74.188676, 4.8754779 ], [ -74.188786, 4.8754874 ], [ -74.1888929, 4.8754905 ], [ -74.1890029, 4.8754873 ], [ -74.1890783, 4.8754968 ], [ -74.1891423, 4.875482 ], [ -74.1912399, 4.8771513 ], [ -74.1910962, 4.8773538 ], [ -74.1908087, 4.8776146 ], [ -74.1904939, 4.8783693 ], [ -74.1904236, 4.8786914 ], [ -74.1902248, 4.878897 ], [ -74.1904405, 4.8791424 ], [ -74.1892293, 4.8784191 ], [ -74.1878582, 4.8776001 ], [ -74.1878704, 4.8775789 ] ] ] ] } },
{ "type": "Feature", "properties": { "MpNombre": "Area Agrope Intensiva", "Clas_CIAF": "2b" }, "geometry": { "type": "MultiPolygon", "coordinates": [ [ [ [ -74.270303, 4.8574089 ], [ -74.270387, 4.8571094 ], [ -74.2704563, 4.8568848 ], [ -74.2705004, 4.8567044 ], [ -74.2705908, 4.8564555 ], [ -74.2706664, 4.8562688 ], [ -74.2708555, 4.8558174 ], [ -74.2709143, 4.8556698 ], [ -74.27099, 4.8555517 ], [ -74.2710951, 4.8554335 ], [ -74.271238, 4.8553111 ], [ -74.2713516, 4.8552141 ], [ -74.2715155, 4.8550748 ], [ -74.2716837, 4.8548765 ], [ -74.2718518, 4.8546951 ], [ -74.2718812, 4.8545601 ], [ -74.2719527, 4.8543112 ], [ -74.272062, 4.8541973 ], [ -74.2721334, 4.8541382 ], [ -74.2722301, 4.8540243 ], [ -74.2722721, 4.8539062 ], [ -74.27231, 4.8538471 ], [ -74.2723352, 4.8537543 ], [ -74.2723478, 4.8537121 ], [ -74.2723898, 4.8536109 ], [ -74.2725431, 4.8538214 ], [ -74.2727017, 4.8541228 ], [ -74.2727264, 4.8541887 ], [ -74.272781, 4.8545457 ], [ -74.2728127, 4.8551748 ], [ -74.2728286, 4.8554867 ], [ -74.272929, 4.855862 ], [ -74.2729502, 4.8560418 ], [ -74.2729396, 4.8564277 ], [ -74.2729238, 4.8568189 ], [ -74.2729417, 4.8570464 ], [ -74.2729417, 4.8572257 ], [ -74.2729185, 4.8575802 ], [ -74.2702931, 4.8574863 ], [ -74.270303, 4.8574089 ] ] ], [ [ [ -74.1902139, 4.8834263 ], [ -74.1902399, 4.883388 ], [ -74.1902567, 4.8833603 ], [ -74.1902567, 4.8833235 ], [ -74.1902521, 4.8832606 ], [ -74.1902169, 4.8832162 ], [ -74.1901252, 4.8831648 ], [ -74.1900571, 4.8831311 ], [ -74.1899982, 4.8831012 ], [ -74.1898981, 4.8830843 ], [ -74.1898162, 4.8830751 ], [ -74.1897459, 4.883033 ], [ -74.189707, 4.8830007 ], [ -74.1896692, 4.8829694 ], [ -74.1896365, 4.8829422 ], [ -74.1895906, 4.8828911 ], [ -74.1895822, 4.8828313 ], [ -74.1896044, 4.8827699 ], [ -74.1896327, 4.8826787 ], [ -74.1896349, 4.8825475 ], [ -74.1896426, 4.8824938 ], [ -74.18968, 4.882424 ], [ -74.1897026, 4.8823876 ], [ -74.1897679, 4.8823339 ], [ -74.1898153, 4.8823151 ], [ -74.1899495, 4.8823193 ], [ -74.1900077, 4.8823388 ], [ -74.1900428, 4.8823534 ], [ -74.1901116, 4.8823492 ], [ -74.1901541, 4.88232 ], [ -74.1902045, 4.882287 ], [ -74.1902592, 4.882246 ], [ -74.1902821, 4.8822264 ], [ -74.1903295, 4.8821934 ], [ -74.1903804, 4.8821367 ], [ -74.1904293, 4.8820715 ], [ -74.1904687, 4.8820051 ], [ -74.1904897, 4.8819572 ], [ -74.1905122, 4.881879 ], [ -74.1905168, 4.8817582 ], [ -74.190527, 4.8812501 ], [ -74.1905312, 4.8812225 ], [ -74.1905434, 4.8811811 ], [ -74.1905969, 4.8810507 ], [ -74.1906138, 4.8810077 ], [ -74.1906229, 4.8808988 ], [ -74.1906229, 4.8808083 ], [ -74.1906351, 4.8806764 ], [ -74.190658, 4.8806058 ], [ -74.1907054, 4.880546 ], [ -74.1907697, 4.8804693 ], [ -74.1908415, 4.8804033 ], [ -74.1909088, 4.8803512 ], [ -74.190947, 4.8803082 ], [ -74.1909883, 4.8802729 ], [ -74.1910112, 4.8802438 ], [ -74.1910143, 4.880207 ], [ -74.1910219, 4.8801349 ], [ -74.1910357, 4.8801011 ], [ -74.1910708, 4.880072 ], [ -74.1911794, 4.8800643 ], [ -74.1912268, 4.8800674 ], [ -74.191291, 4.8800842 ], [ -74.191343, 4.8801118 ], [ -74.1913813, 4.880118 ], [ -74.1913966, 4.8800949 ], [ -74.1913981, 4.880075 ], [ -74.1913629, 4.8800321 ], [ -74.1913491, 4.8799861 ], [ -74.191343, 4.8799354 ], [ -74.1913323, 4.8798725 ], [ -74.1913415, 4.8797483 ], [ -74.1913521, 4.8796854 ], [ -74.1913751, 4.8796501 ], [ -74.1913904, 4.8796149 ], [ -74.1914041, 4.8795704 ], [ -74.1914163, 4.8792375 ], [ -74.1914836, 4.8791823 ], [ -74.1915126, 4.8791317 ], [ -74.1915356, 4.8790795 ], [ -74.191557, 4.8790366 ], [ -74.1915845, 4.8790043 ], [ -74.1916441, 4.8789675 ], [ -74.1917053, 4.8789276 ], [ -74.1917649, 4.8788862 ], [ -74.1918184, 4.8788386 ], [ -74.1918582, 4.8787988 ], [ -74.1918933, 4.8787635 ], [ -74.1919453, 4.8787082 ], [ -74.1919637, 4.8786745 ], [ -74.1919851, 4.8785932 ], [ -74.192011, 4.8785518 ], [ -74.1920217, 4.8785134 ], [ -74.1920324, 4.8784613 ], [ -74.1920462, 4.8784275 ], [ -74.1920554, 4.8783953 ], [ -74.1920783, 4.8783554 ], [ -74.192115, 4.8783232 ], [ -74.1921295, 4.8782895 ], [ -74.1921394, 4.8782603 ], [ -74.1921326, 4.8782181 ], [ -74.1921111, 4.8781721 ], [ -74.1920943, 4.8781346 ], [ -74.1920733, 4.8780962 ], [ -74.192053, 4.8780452 ], [ -74.1920197, 4.8779486 ], [ -74.1920098, 4.877878 ], [ -74.1920197, 4.8778328 ], [ -74.1920331, 4.8777914 ], [ -74.1920579, 4.8777484 ], [ -74.1920782, 4.8777147 ], [ -74.1920889, 4.8776794 ], [ -74.1921118, 4.8776663 ], [ -74.1921615, 4.8776763 ], [ -74.1922609, 4.8776916 ], [ -74.1923336, 4.8776839 ], [ -74.1923917, 4.8776502 ], [ -74.1924429, 4.8776049 ], [ -74.1924849, 4.8775597 ], [ -74.1925339, 4.8775098 ], [ -74.1925881, 4.8774408 ], [ -74.1926225, 4.8774047 ], [ -74.1926722, 4.8773687 ], [ -74.1927234, 4.8773457 ], [ -74.1927701, 4.8773127 ], [ -74.1927976, 4.8772789 ], [ -74.1928267, 4.8772413 ], [ -74.1928488, 4.8771907 ], [ -74.1928664, 4.877134 ], [ -74.1928977, 4.8770596 ], [ -74.1929298, 4.8770036 ], [ -74.1929581, 4.8769706 ], [ -74.1929833, 4.8769476 ], [ -74.1930193, 4.8769253 ], [ -74.1930697, 4.8769161 ], [ -74.1931057, 4.87689 ], [ -74.1931186, 4.8767658 ], [ -74.1931118, 4.8766768 ], [ -74.1930796, 4.8766047 ], [ -74.1930536, 4.8765127 ], [ -74.1930207, 4.8764383 ], [ -74.1929894, 4.87639 ], [ -74.1929565, 4.8763601 ], [ -74.1929075, 4.8762558 ], [ -74.1928869, 4.8761216 ], [ -74.192893, 4.8759897 ], [ -74.1929755, 4.8759099 ], [ -74.1930275, 4.875867 ], [ -74.193052, 4.8757903 ], [ -74.1930489, 4.8757074 ], [ -74.1930565, 4.8756722 ], [ -74.1930886, 4.8756231 ], [ -74.1931177, 4.8755648 ], [ -74.1931544, 4.8755126 ], [ -74.1931941, 4.8754482 ], [ -74.1932094, 4.8753776 ], [ -74.1932124, 4.8752718 ], [ -74.193217, 4.8752028 ], [ -74.1932598, 4.8751583 ], [ -74.1933302, 4.8751337 ], [ -74.1934265, 4.8750908 ], [ -74.1935075, 4.8750248 ], [ -74.193584, 4.874968 ], [ -74.1936375, 4.8749051 ], [ -74.1936696, 4.874833 ], [ -74.1936941, 4.8747931 ], [ -74.1937185, 4.8747257 ], [ -74.1937414, 4.8746398 ], [ -74.1938203, 4.8743975 ], [ -74.1938548, 4.8742824 ], [ -74.1939271, 4.8741563 ], [ -74.1939758, 4.8740523 ], [ -74.1940559, 4.8739672 ], [ -74.1942287, 4.8738505 ], [ -74.1943748, 4.8738537 ], [ -74.1944133, 4.8738844 ], [ -74.1945131, 4.8739916 ], [ -74.1945972, 4.8740735 ], [ -74.1947025, 4.8741334 ], [ -74.1947912, 4.8741452 ], [ -74.1949044, 4.8741514 ], [ -74.1951188, 4.8741018 ], [ -74.1951927, 4.8740836 ], [ -74.1952272, 4.8740576 ], [ -74.1952574, 4.8740176 ], [ -74.1953347, 4.8740048 ], [ -74.1954086, 4.8740371 ], [ -74.1954671, 4.8740446 ], [ -74.1955359, 4.8740858 ], [ -74.1955846, 4.8740977 ], [ -74.1956641, 4.8741525 ], [ -74.1957303, 4.8742505 ], [ -74.1957601, 4.8743252 ], [ -74.19579, 4.8745892 ], [ -74.1958269, 4.8747506 ], [ -74.1958562, 4.8747884 ], [ -74.1959061, 4.8748183 ], [ -74.1959357, 4.8748548 ], [ -74.1959886, 4.8748847 ], [ -74.1960647, 4.8749034 ], [ -74.1961294, 4.8749743 ], [ -74.1962221, 4.8750141 ], [ -74.196467, 4.8750257 ], [ -74.1966061, 4.8750074 ], [ -74.1966441, 4.8749991 ], [ -74.1966905, 4.8749709 ], [ -74.1967964, 4.8749244 ], [ -74.1968361, 4.8749111 ], [ -74.1968908, 4.8748862 ], [ -74.1969437, 4.874843 ], [ -74.197, 4.8748031 ], [ -74.1971208, 4.8747981 ], [ -74.1972443, 4.8747858 ], [ -74.1973791, 4.8748379 ], [ -74.197407, 4.8748848 ], [ -74.1975049, 4.8749242 ], [ -74.1975827, 4.8749923 ], [ -74.1976411, 4.875052 ], [ -74.1977102, 4.8750819 ], [ -74.1977657, 4.8751321 ], [ -74.1978658, 4.8751765 ], [ -74.1979287, 4.8751749 ], [ -74.1979667, 4.8751483 ], [ -74.1980031, 4.8751118 ], [ -74.1980346, 4.8750653 ], [ -74.1980877, 4.8750127 ], [ -74.1981436, 4.8749728 ], [ -74.19819, 4.8749322 ], [ -74.1982363, 4.8748924 ], [ -74.1982952, 4.8748584 ], [ -74.1984114, 4.8748134 ], [ -74.1984644, 4.8748163 ], [ -74.1985267, 4.8748132 ], [ -74.1985954, 4.8748299 ], [ -74.1986578, 4.8748451 ], [ -74.1986963, 4.8748709 ], [ -74.1987162, 4.8748783 ], [ -74.198741, 4.8748783 ], [ -74.1987682, 4.874865 ], [ -74.1987984, 4.8748421 ], [ -74.1988285, 4.8748074 ], [ -74.1988594, 4.8747749 ], [ -74.198898, 4.8747464 ], [ -74.1989521, 4.8747572 ], [ -74.1990132, 4.8747867 ], [ -74.1990544, 4.8748118 ], [ -74.1991044, 4.8748398 ], [ -74.1991655, 4.8748745 ], [ -74.1992398, 4.874921 ], [ -74.1993031, 4.8749675 ], [ -74.1993361, 4.8750079 ], [ -74.1994428, 4.8750338 ], [ -74.1994936, 4.8750257 ], [ -74.1995422, 4.8750073 ], [ -74.1995929, 4.8749763 ], [ -74.1996253, 4.8749261 ], [ -74.1996952, 4.8748825 ], [ -74.1997393, 4.8748523 ], [ -74.1998121, 4.8748139 ], [ -74.199868, 4.8747836 ], [ -74.1999357, 4.8747474 ], [ -74.1999931, 4.8747253 ], [ -74.2000986, 4.8747216 ], [ -74.2001766, 4.8747566 ], [ -74.200213, 4.8747788 ], [ -74.2002425, 4.8747924 ], [ -74.2002914, 4.8748322 ], [ -74.2003506, 4.8748835 ], [ -74.200412, 4.8749232 ], [ -74.2004378, 4.8749422 ], [ -74.2004871, 4.8749573 ], [ -74.2005647, 4.8749621 ], [ -74.2006328, 4.8749517 ], [ -74.2006876, 4.8749429 ], [ -74.2007604, 4.8749255 ], [ -74.200813, 4.8749141 ], [ -74.2008285, 4.8749107 ], [ -74.2009742, 4.8749157 ], [ -74.2010449, 4.8749192 ], [ -74.2011076, 4.8749162 ], [ -74.2011773, 4.8748965 ], [ -74.2012254, 4.8748867 ], [ -74.2013308, 4.8748763 ], [ -74.2013793, 4.8748532 ], [ -74.2014078, 4.8748325 ], [ -74.2014299, 4.8747981 ], [ -74.2014705, 4.8747376 ], [ -74.2014823, 4.8747036 ], [ -74.2015515, 4.8746918 ], [ -74.2016456, 4.87468 ], [ -74.2017133, 4.8746455 ], [ -74.2017466, 4.8746131 ], [ -74.2017903, 4.8745599 ], [ -74.2018158, 4.8745329 ], [ -74.2018526, 4.874491 ], [ -74.2018928, 4.8744497 ], [ -74.2019359, 4.8744089 ], [ -74.2019825, 4.8743641 ], [ -74.2020262, 4.8743262 ], [ -74.2020757, 4.8742982 ], [ -74.2021345, 4.8742809 ], [ -74.2022174, 4.8742479 ], [ -74.202317, 4.8742317 ], [ -74.2024023, 4.87421 ], [ -74.2025171, 4.8742012 ], [ -74.2026099, 4.8741882 ], [ -74.2026668, 4.8741639 ], [ -74.2026982, 4.8741396 ], [ -74.2027564, 4.8741094 ], [ -74.2027891, 4.874095 ], [ -74.202827, 4.8740753 ], [ -74.202876, 4.874051 ], [ -74.2029336, 4.8740241 ], [ -74.2029597, 4.8740031 ], [ -74.2030258, 4.8739745 ], [ -74.2030731, 4.8739743 ], [ -74.2031219, 4.8739533 ], [ -74.2031498, 4.8739401 ], [ -74.2031838, 4.8739143 ], [ -74.2032243, 4.8738894 ], [ -74.2032466, 4.8738605 ], [ -74.2032989, 4.8738286 ], [ -74.2034061, 4.8737967 ], [ -74.2035744, 4.8737398 ], [ -74.2036215, 4.873721 ], [ -74.2036629, 4.8737111 ], [ -74.203703, 4.8737096 ], [ -74.2037448, 4.873717 ], [ -74.2037989, 4.8737454 ], [ -74.2038307, 4.8737686 ], [ -74.2038808, 4.8737833 ], [ -74.2039245, 4.8737821 ], [ -74.2039838, 4.8737498 ], [ -74.2040212, 4.8737226 ], [ -74.2040474, 4.8736999 ], [ -74.2041171, 4.8736597 ], [ -74.2042534, 4.8736352 ], [ -74.2044607, 4.8736264 ], [ -74.2045753, 4.8736023 ], [ -74.2047532, 4.8735795 ], [ -74.2048229, 4.8735533 ], [ -74.2048909, 4.8735366 ], [ -74.2049493, 4.8735252 ], [ -74.2050614, 4.8735196 ], [ -74.2051708, 4.8735318 ], [ -74.2052114, 4.8735449 ], [ -74.2052371, 4.8735563 ], [ -74.2052859, 4.8735659 ], [ -74.2053199, 4.8735755 ], [ -74.205343, 4.8735899 ], [ -74.2053731, 4.8736126 ], [ -74.2054656, 4.8737543 ], [ -74.2055227, 4.8737818 ], [ -74.2055772, 4.8737901 ], [ -74.2056866, 4.8737604 ], [ -74.2057428, 4.873728 ], [ -74.2057986, 4.8737031 ], [ -74.205871, 4.8736624 ], [ -74.205932, 4.8736445 ], [ -74.2061744, 4.87363 ], [ -74.2062154, 4.8736107 ], [ -74.2062537, 4.8735889 ], [ -74.206327, 4.8735346 ], [ -74.2063906, 4.8735066 ], [ -74.2064464, 4.8734471 ], [ -74.206483, 4.8733859 ], [ -74.2065022, 4.8733352 ], [ -74.2065196, 4.8732775 ], [ -74.2065335, 4.873232 ], [ -74.2065754, 4.87319 ], [ -74.2066521, 4.8731305 ], [ -74.2067227, 4.8730946 ], [ -74.206782, 4.8730614 ], [ -74.206843, 4.8730238 ], [ -74.2069058, 4.8729931 ], [ -74.2069912, 4.872945 ], [ -74.2070627, 4.8729162 ], [ -74.2071116, 4.8729284 ], [ -74.2071238, 4.8729538 ], [ -74.207129, 4.8729984 ], [ -74.2071825, 4.8730345 ], [ -74.2072537, 4.87307 ], [ -74.2072959, 4.8730861 ], [ -74.2073468, 4.873092 ], [ -74.2074856, 4.8730814 ], [ -74.2075265, 4.8730577 ], [ -74.2075821, 4.8730534 ], [ -74.2076147, 4.8730324 ], [ -74.2076926, 4.8730055 ], [ -74.2077344, 4.8729831 ], [ -74.2078139, 4.8729765 ], [ -74.2078474, 4.8729737 ], [ -74.2078859, 4.8729705 ], [ -74.2079295, 4.8729507 ], [ -74.2079619, 4.872948 ], [ -74.2079936, 4.8729285 ], [ -74.2080146, 4.8729083 ], [ -74.2080432, 4.8728648 ], [ -74.2080626, 4.8728228 ], [ -74.2080951, 4.8727711 ], [ -74.2081114, 4.8727489 ], [ -74.208142, 4.8727318 ], [ -74.2081726, 4.8727454 ], [ -74.2082129, 4.8727905 ], [ -74.208244, 4.8728402 ], [ -74.2082688, 4.8728869 ], [ -74.2083061, 4.8729174 ], [ -74.208337, 4.8729148 ], [ -74.2083525, 4.87289 ], [ -74.2083618, 4.8728433 ], [ -74.2083679, 4.8727609 ], [ -74.208402, 4.8726241 ], [ -74.2084299, 4.8725541 ], [ -74.2084671, 4.8724935 ], [ -74.2085089, 4.8724453 ], [ -74.2085766, 4.8723828 ], [ -74.2086128, 4.8723784 ], [ -74.2086422, 4.8723457 ], [ -74.2087073, 4.8723131 ], [ -74.2089382, 4.8723095 ], [ -74.2090096, 4.8723006 ], [ -74.2090745, 4.8722528 ], [ -74.2092002, 4.8722368 ], [ -74.2093174, 4.8722627 ], [ -74.2093506, 4.8722585 ], [ -74.2094684, 4.8722974 ], [ -74.2095273, 4.8723145 ], [ -74.2096374, 4.8723673 ], [ -74.2096916, 4.8723891 ], [ -74.2097893, 4.8724217 ], [ -74.2098451, 4.8724372 ], [ -74.2100187, 4.8724885 ], [ -74.210152, 4.8725227 ], [ -74.2102047, 4.8725475 ], [ -74.2103179, 4.8725646 ], [ -74.2103892, 4.8725366 ], [ -74.210383, 4.8724636 ], [ -74.2102791, 4.8724231 ], [ -74.210059, 4.8723843 ], [ -74.2099768, 4.8723657 ], [ -74.2099257, 4.8723144 ], [ -74.2099071, 4.8722786 ], [ -74.2098962, 4.8722335 ], [ -74.2098667, 4.8721729 ], [ -74.2098117, 4.8721146 ], [ -74.2098117, 4.8720283 ], [ -74.2098217, 4.871984 ], [ -74.2098442, 4.8719451 ], [ -74.2098837, 4.8719016 ], [ -74.2099171, 4.8718596 ], [ -74.2100341, 4.8717523 ], [ -74.2100906, 4.8717212 ], [ -74.2101456, 4.8716854 ], [ -74.2102379, 4.8716528 ], [ -74.2102797, 4.8716014 ], [ -74.2102967, 4.8715206 ], [ -74.2103153, 4.8714506 ], [ -74.2103378, 4.8714001 ], [ -74.2103502, 4.8713705 ], [ -74.2103773, 4.8713309 ], [ -74.2104292, 4.8712632 ], [ -74.210468, 4.8712267 ], [ -74.2104951, 4.8711933 ], [ -74.2105168, 4.8711668 ], [ -74.2105416, 4.871128 ], [ -74.2105819, 4.8710914 ], [ -74.2105927, 4.8710782 ], [ -74.2106392, 4.8710448 ], [ -74.2106555, 4.8710238 ], [ -74.2106586, 4.8710051 ], [ -74.2106563, 4.8709826 ], [ -74.2106431, 4.8709546 ], [ -74.2106338, 4.8709336 ], [ -74.2106144, 4.8709142 ], [ -74.2105942, 4.8708442 ], [ -74.2105911, 4.8707711 ], [ -74.2106066, 4.8707291 ], [ -74.2106329, 4.8706778 ], [ -74.2107034, 4.8706405 ], [ -74.210867, 4.8706047 ], [ -74.2109274, 4.8705612 ], [ -74.2109956, 4.8704943 ], [ -74.2110468, 4.8704088 ], [ -74.2112037, 4.8703433 ], [ -74.2112637, 4.8703294 ], [ -74.2114126, 4.8703551 ], [ -74.2115435, 4.8703434 ], [ -74.2116451, 4.8703472 ], [ -74.2116869, 4.870327 ], [ -74.2117326, 4.8702874 ], [ -74.2117636, 4.8702625 ], [ -74.211814, 4.8702197 ], [ -74.2118636, 4.8701738 ], [ -74.2118961, 4.8701505 ], [ -74.2119217, 4.8701298 ], [ -74.2119628, 4.8701202 ], [ -74.2120364, 4.8701256 ], [ -74.2120728, 4.8701404 ], [ -74.2121333, 4.8701613 ], [ -74.2121558, 4.8701722 ], [ -74.2122092, 4.8701823 ], [ -74.2122627, 4.8702017 ], [ -74.2123085, 4.8702149 ], [ -74.212334, 4.8702196 ], [ -74.2123596, 4.8702468 ], [ -74.2124154, 4.8702962 ], [ -74.212448, 4.87033 ], [ -74.2124805, 4.8703568 ], [ -74.2125375, 4.8703813 ], [ -74.212579, 4.8703991 ], [ -74.2126282, 4.8704151 ], [ -74.2126708, 4.8704298 ], [ -74.2127084, 4.8704582 ], [ -74.2127518, 4.8704753 ], [ -74.2128167, 4.8704802 ], [ -74.2129417, 4.870455 ], [ -74.2129851, 4.870434 ], [ -74.213013, 4.8704107 ], [ -74.2130471, 4.8703609 ], [ -74.2130757, 4.8702832 ], [ -74.2130835, 4.8702342 ], [ -74.2131021, 4.870151 ], [ -74.2131083, 4.870099 ], [ -74.2131253, 4.8700274 ], [ -74.2131377, 4.8699442 ], [ -74.213157, 4.869903 ], [ -74.2131989, 4.8698471 ], [ -74.2132353, 4.8697887 ], [ -74.2132601, 4.86976 ], [ -74.2133143, 4.8696861 ], [ -74.2133554, 4.8696216 ], [ -74.2134213, 4.8695539 ], [ -74.2134515, 4.8695174 ], [ -74.2135189, 4.8694824 ], [ -74.2135763, 4.8694956 ], [ -74.2136367, 4.8695407 ], [ -74.2136824, 4.8695741 ], [ -74.2137592, 4.8696868 ], [ -74.2137964, 4.8697482 ], [ -74.2138057, 4.8697933 ], [ -74.213805, 4.8698314 ], [ -74.2137794, 4.8698843 ], [ -74.2137841, 4.869969 ], [ -74.2137786, 4.8700335 ], [ -74.2138034, 4.8700662 ], [ -74.2138383, 4.8700413 ], [ -74.2138964, 4.8699806 ], [ -74.2139278, 4.8699316 ], [ -74.2139894, 4.869878 ], [ -74.2140394, 4.8698278 ], [ -74.2141312, 4.8697684 ], [ -74.2141963, 4.869731 ], [ -74.2142777, 4.8696809 ], [ -74.2143556, 4.8696389 ], [ -74.2144132, 4.8696019 ], [ -74.2145869, 4.8695619 ], [ -74.2147148, 4.8695595 ], [ -74.214845, 4.869563 ], [ -74.2149973, 4.8695944 ], [ -74.2151194, 4.8696294 ], [ -74.2152275, 4.8696504 ], [ -74.215324, 4.8696748 ], [ -74.2154205, 4.869711 ], [ -74.2155565, 4.8697587 ], [ -74.2156204, 4.8697902 ], [ -74.2156972, 4.86981 ], [ -74.2157739, 4.869831 ], [ -74.2158506, 4.869859 ], [ -74.2159599, 4.8698881 ], [ -74.2161366, 4.8699382 ], [ -74.2162448, 4.8699592 ], [ -74.2163587, 4.8699836 ], [ -74.2164691, 4.8699824 ], [ -74.2165177, 4.8699438 ], [ -74.2166144, 4.8699253 ], [ -74.2167156, 4.8698868 ], [ -74.2168946, 4.8698354 ], [ -74.2169571, 4.8698002 ], [ -74.2170341, 4.8697853 ], [ -74.2171736, 4.8697339 ], [ -74.2172299, 4.869699 ], [ -74.2172956, 4.8696861 ], [ -74.2173514, 4.8696592 ], [ -74.2174072, 4.8696336 ], [ -74.2174746, 4.8695963 ], [ -74.2175422, 4.8695653 ], [ -74.2176444, 4.8695449 ], [ -74.2177385, 4.8695566 ], [ -74.2177862, 4.869567 ], [ -74.2178734, 4.869602 ], [ -74.2179567, 4.8696056 ], [ -74.2180652, 4.8695845 ], [ -74.2181222, 4.8695401 ], [ -74.2181919, 4.8694947 ], [ -74.2182605, 4.8694422 ], [ -74.2183039, 4.8694045 ], [ -74.2183721, 4.8693908 ], [ -74.2184802, 4.8693547 ], [ -74.2185499, 4.8693243 ], [ -74.2186588, 4.869319 ], [ -74.2187255, 4.8693056 ], [ -74.2187813, 4.8692706 ], [ -74.2188371, 4.8692263 ], [ -74.2189324, 4.8691563 ], [ -74.2189917, 4.8691948 ], [ -74.219107, 4.8692972 ], [ -74.2191591, 4.8692869 ], [ -74.219187, 4.8692636 ], [ -74.21918, 4.8692064 ], [ -74.2191591, 4.8691644 ], [ -74.2191184, 4.8690992 ], [ -74.2190218, 4.8689767 ], [ -74.218987, 4.8689184 ], [ -74.2189509, 4.8688706 ], [ -74.2189416, 4.86881 ], [ -74.2189253, 4.8687657 ], [ -74.2189323, 4.8687237 ], [ -74.2189671, 4.8686911 ], [ -74.2190462, 4.8686222 ], [ -74.219131, 4.8685558 ], [ -74.2191671, 4.8685114 ], [ -74.2191996, 4.868466 ], [ -74.2192449, 4.868424 ], [ -74.2192914, 4.8683703 ], [ -74.2193461, 4.8683132 ], [ -74.2194111, 4.8682502 ], [ -74.219453, 4.8681965 ], [ -74.2195134, 4.8681545 ], [ -74.2195797, 4.8681009 ], [ -74.2196192, 4.8680647 ], [ -74.2196843, 4.8680239 ], [ -74.2197343, 4.8679772 ], [ -74.2198842, 4.8678734 ], [ -74.219933, 4.8678349 ], [ -74.2199737, 4.8677965 ], [ -74.220033, 4.8677463 ], [ -74.2200934, 4.8677008 ], [ -74.2202364, 4.867639 ], [ -74.220305, 4.8675946 ], [ -74.2204515, 4.8675293 ], [ -74.2205442, 4.867469 ], [ -74.2206537, 4.8674406 ], [ -74.2207824, 4.867385 ], [ -74.2210734, 4.8673094 ], [ -74.2211676, 4.8672709 ], [ -74.221512, 4.8671812 ], [ -74.2216062, 4.8671567 ], [ -74.2217384, 4.867109 ], [ -74.2218675, 4.867093 ], [ -74.2220133, 4.867055 ], [ -74.2220781, 4.8670135 ], [ -74.2221455, 4.8669959 ], [ -74.2222261, 4.8669576 ], [ -74.222355, 4.8668781 ], [ -74.222439, 4.8668559 ], [ -74.2224906, 4.8668207 ], [ -74.2225545, 4.8667838 ], [ -74.2225795, 4.8667771 ], [ -74.2226322, 4.8667471 ], [ -74.2227221, 4.8666807 ], [ -74.2227624, 4.8666537 ], [ -74.2227975, 4.8666154 ], [ -74.2228419, 4.8665698 ], [ -74.222874, 4.8665273 ], [ -74.2228915, 4.8664982 ], [ -74.2229235, 4.8664588 ], [ -74.2229545, 4.866408 ], [ -74.2229773, 4.8663458 ], [ -74.2230299, 4.8662785 ], [ -74.2230878, 4.8662442 ], [ -74.2231364, 4.8662007 ], [ -74.223187, 4.8661571 ], [ -74.2232376, 4.8660898 ], [ -74.2232748, 4.8660286 ], [ -74.2233099, 4.8659768 ], [ -74.2233461, 4.8659083 ], [ -74.223376, 4.8658451 ], [ -74.223406, 4.8657933 ], [ -74.2234452, 4.8657394 ], [ -74.2234938, 4.8656792 ], [ -74.2235434, 4.8656129 ], [ -74.2236033, 4.8655341 ], [ -74.223626, 4.8655061 ], [ -74.2236994, 4.8654626 ], [ -74.2237789, 4.8654105 ], [ -74.2238399, 4.8653921 ], [ -74.2239029, 4.8653537 ], [ -74.2239525, 4.865305 ], [ -74.2240073, 4.8652656 ], [ -74.224091, 4.8651992 ], [ -74.2241776, 4.8651588 ], [ -74.2242387, 4.8651401 ], [ -74.2244154, 4.8651442 ], [ -74.2245177, 4.8651815 ], [ -74.2246247, 4.8651842 ], [ -74.2246717, 4.8651701 ], [ -74.2247275, 4.8651348 ], [ -74.224806, 4.8650788 ], [ -74.2248691, 4.8650228 ], [ -74.2249207, 4.8649668 ], [ -74.2249445, 4.8649212 ], [ -74.2250065, 4.8648559 ], [ -74.225086, 4.8648061 ], [ -74.225195, 4.8647328 ], [ -74.2252627, 4.8647118 ], [ -74.2253836, 4.8646972 ], [ -74.2255779, 4.8647159 ], [ -74.2256233, 4.8647532 ], [ -74.2256585, 4.8647988 ], [ -74.2256916, 4.8648278 ], [ -74.2257949, 4.8649584 ], [ -74.2258342, 4.8649977 ], [ -74.2258652, 4.8650392 ], [ -74.2259128, 4.8650952 ], [ -74.2259603, 4.865149 ], [ -74.2260058, 4.8652091 ], [ -74.2260781, 4.8652941 ], [ -74.2261071, 4.8653625 ], [ -74.2261402, 4.8654206 ], [ -74.2261836, 4.8655097 ], [ -74.2262063, 4.8655512 ], [ -74.2262559, 4.8656216 ], [ -74.2263159, 4.8657211 ], [ -74.2263242, 4.8657895 ], [ -74.2263263, 4.8659616 ], [ -74.2262912, 4.8660093 ], [ -74.226254, 4.8660425 ], [ -74.2262147, 4.8660715 ], [ -74.2261961, 4.8660881 ], [ -74.2261548, 4.8661067 ], [ -74.2261321, 4.8661399 ], [ -74.2261238, 4.8661855 ], [ -74.2261073, 4.8662415 ], [ -74.226068, 4.8662788 ], [ -74.2260453, 4.866339 ], [ -74.2260412, 4.8664509 ], [ -74.2260557, 4.8664965 ], [ -74.2260908, 4.8665649 ], [ -74.2261301, 4.8666126 ], [ -74.2261838, 4.8666851 ], [ -74.2262397, 4.866739 ], [ -74.226312, 4.866824 ], [ -74.226403, 4.8669722 ], [ -74.2264319, 4.8670116 ], [ -74.2264681, 4.8670717 ], [ -74.2265053, 4.8671308 ], [ -74.2265478, 4.8672035 ], [ -74.2265508, 4.8672085 ], [ -74.2266035, 4.8673515 ], [ -74.2266128, 4.867394 ], [ -74.2266098, 4.8674417 ], [ -74.2265622, 4.867508 ], [ -74.2265023, 4.8675526 ], [ -74.226337, 4.8677838 ], [ -74.2262761, 4.867931 ], [ -74.2262368, 4.8680305 ], [ -74.2262131, 4.868102 ], [ -74.2261821, 4.8682016 ], [ -74.2261832, 4.8682472 ], [ -74.2262255, 4.8683415 ], [ -74.2262338, 4.8684006 ], [ -74.2262256, 4.8685395 ], [ -74.2262072, 4.8686277 ], [ -74.2261967, 4.8686866 ], [ -74.2261843, 4.8687447 ], [ -74.2261864, 4.8688007 ], [ -74.2261802, 4.8688712 ], [ -74.226174, 4.8689085 ], [ -74.2261265, 4.8689831 ], [ -74.2260976, 4.8690204 ], [ -74.226079, 4.8690681 ], [ -74.2260769, 4.8691365 ], [ -74.2260315, 4.8692298 ], [ -74.2259943, 4.8692713 ], [ -74.2259654, 4.8693252 ], [ -74.2259116, 4.8693874 ], [ -74.2258744, 4.8694226 ], [ -74.2258331, 4.8694766 ], [ -74.2257773, 4.8695346 ], [ -74.225736, 4.8695823 ], [ -74.2256843, 4.8696196 ], [ -74.2256306, 4.8696963 ], [ -74.2255459, 4.8697969 ], [ -74.2255377, 4.8698581 ], [ -74.2255129, 4.8699493 ], [ -74.2254902, 4.8700218 ], [ -74.2254767, 4.8701058 ], [ -74.2254117, 4.8702592 ], [ -74.2253704, 4.8703225 ], [ -74.2253383, 4.8704044 ], [ -74.2253311, 4.8705122 ], [ -74.2253291, 4.8706272 ], [ -74.2253514, 4.8707476 ], [ -74.2253725, 4.8707993 ], [ -74.225386, 4.8707827 ], [ -74.2254045, 4.8706873 ], [ -74.2254107, 4.870623 ], [ -74.2254283, 4.8705546 ], [ -74.2254355, 4.8704852 ], [ -74.225453, 4.8704002 ], [ -74.2254654, 4.8703629 ], [ -74.2255047, 4.8702955 ], [ -74.2255315, 4.8702426 ], [ -74.2255594, 4.8701908 ], [ -74.2255832, 4.8701286 ], [ -74.2256235, 4.8700653 ], [ -74.2256799, 4.8700073 ], [ -74.2257337, 4.869961 ], [ -74.2257812, 4.8699057 ], [ -74.2258156, 4.869858 ], [ -74.2259555, 4.8697598 ], [ -74.2259871, 4.869735 ], [ -74.2260801, 4.8696942 ], [ -74.2262034, 4.8696423 ], [ -74.2262933, 4.8695957 ], [ -74.2263495, 4.8695877 ], [ -74.2264218, 4.869558 ], [ -74.2264962, 4.869522 ], [ -74.2265637, 4.8694584 ], [ -74.2266216, 4.8693907 ], [ -74.2266505, 4.8693064 ], [ -74.2266188, 4.8692027 ], [ -74.2265788, 4.8691143 ], [ -74.2265333, 4.8690424 ], [ -74.2265126, 4.8690065 ], [ -74.2264864, 4.8689429 ], [ -74.2264685, 4.8688918 ], [ -74.2264389, 4.8688359 ], [ -74.2263865, 4.868782 ], [ -74.2263741, 4.8687322 ], [ -74.2263892, 4.8686521 ], [ -74.2264264, 4.8685774 ], [ -74.2264843, 4.8684751 ], [ -74.22656, 4.8683908 ], [ -74.2266069, 4.8683549 ], [ -74.2266633, 4.8682871 ], [ -74.2267212, 4.8682139 ], [ -74.2267556, 4.8681489 ], [ -74.2268093, 4.8680591 ], [ -74.2269553, 4.8679001 ], [ -74.2270118, 4.867831 ], [ -74.2270545, 4.8677591 ], [ -74.2271358, 4.8676375 ], [ -74.2272597, 4.8674661 ], [ -74.2273093, 4.8673666 ], [ -74.2273961, 4.8672504 ], [ -74.2274485, 4.8672034 ], [ -74.2276175, 4.8670924 ], [ -74.2277901, 4.8670555 ], [ -74.2278976, 4.8670803 ], [ -74.2279362, 4.867108 ], [ -74.2280216, 4.8671549 ], [ -74.228063, 4.8671909 ], [ -74.2282531, 4.8673152 ], [ -74.2283661, 4.8673788 ], [ -74.2284626, 4.8674036 ], [ -74.2285756, 4.8674672 ], [ -74.2286224, 4.867492 ], [ -74.2287293, 4.8675676 ], [ -74.228763, 4.8675611 ], [ -74.2288594, 4.8676025 ], [ -74.2288732, 4.8675555 ], [ -74.228774, 4.8674699 ], [ -74.228694, 4.8674091 ], [ -74.2286665, 4.8673815 ], [ -74.2286058, 4.8673483 ], [ -74.2285645, 4.8673234 ], [ -74.2285232, 4.8672986 ], [ -74.228468, 4.8672682 ], [ -74.2284405, 4.8672488 ], [ -74.2283771, 4.8672074 ], [ -74.228333, 4.8671715 ], [ -74.2282834, 4.867119 ], [ -74.2282301, 4.8670609 ], [ -74.2281943, 4.8669799 ], [ -74.2281905, 4.8666998 ], [ -74.2281776, 4.866556 ], [ -74.2281317, 4.8663994 ], [ -74.2281041, 4.8663073 ], [ -74.2280618, 4.8661857 ], [ -74.2280581, 4.8660088 ], [ -74.2280875, 4.8658871 ], [ -74.2280819, 4.8658042 ], [ -74.2281354, 4.8656965 ], [ -74.2284236, 4.8656236 ], [ -74.2284309, 4.865572 ], [ -74.2284199, 4.8654817 ], [ -74.2283629, 4.8654596 ], [ -74.2283041, 4.8654614 ], [ -74.2281829, 4.8654412 ], [ -74.2281296, 4.8654099 ], [ -74.2281057, 4.8653583 ], [ -74.2280855, 4.8652975 ], [ -74.2280836, 4.8648829 ], [ -74.2280854, 4.8647078 ], [ -74.2281157, 4.8645993 ], [ -74.2281322, 4.8645544 ], [ -74.2281508, 4.8645122 ], [ -74.2281728, 4.8644673 ], [ -74.2282176, 4.8644017 ], [ -74.2282472, 4.8643643 ], [ -74.2283009, 4.8643215 ], [ -74.2283498, 4.8642918 ], [ -74.2284029, 4.8642627 ], [ -74.22846, 4.8642164 ], [ -74.2285075, 4.8641902 ], [ -74.2285454, 4.8641604 ], [ -74.2287073, 4.8640975 ], [ -74.2288678, 4.8640837 ], [ -74.2289656, 4.8640809 ], [ -74.2290497, 4.8640719 ], [ -74.2291044, 4.8640691 ], [ -74.2291351, 4.8640601 ], [ -74.2291655, 4.8640314 ], [ -74.2291902, 4.8640242 ], [ -74.2292178, 4.8639924 ], [ -74.2292329, 4.8639661 ], [ -74.2292357, 4.8639315 ], [ -74.2292357, 4.8639122 ], [ -74.2292343, 4.8638887 ], [ -74.2292191, 4.8638348 ], [ -74.2292039, 4.8638086 ], [ -74.2291791, 4.8637768 ], [ -74.2291419, 4.8637395 ], [ -74.2291075, 4.8636994 ], [ -74.2290868, 4.8636787 ], [ -74.2290634, 4.8636593 ], [ -74.2290317, 4.8636262 ], [ -74.2289586, 4.8635806 ], [ -74.2289035, 4.8635474 ], [ -74.2288498, 4.8635226 ], [ -74.2287492, 4.8634811 ], [ -74.2286403, 4.8634715 ], [ -74.2285659, 4.8634452 ], [ -74.2284888, 4.8634383 ], [ -74.2284226, 4.8634245 ], [ -74.2283827, 4.8634079 ], [ -74.2283345, 4.8633845 ], [ -74.2283055, 4.8633554 ], [ -74.2282766, 4.863332 ], [ -74.2282559, 4.8633043 ], [ -74.2282545, 4.8632767 ], [ -74.2282559, 4.8632421 ], [ -74.2282573, 4.8632159 ], [ -74.2282838, 4.8631602 ], [ -74.2283248, 4.8631468 ], [ -74.228373, 4.8631081 ], [ -74.228434, 4.8630693 ], [ -74.2285288, 4.8630381 ], [ -74.2286199, 4.863008 ], [ -74.2287242, 4.8629736 ], [ -74.2288069, 4.8629463 ], [ -74.2289158, 4.8629296 ], [ -74.2291087, 4.8629324 ], [ -74.2292621, 4.8629282 ], [ -74.2294655, 4.8628618 ], [ -74.2295909, 4.8628549 ], [ -74.2297741, 4.8628631 ], [ -74.2298623, 4.8628797 ], [ -74.2300607, 4.8629322 ], [ -74.2301586, 4.8629791 ], [ -74.2302495, 4.863033 ], [ -74.2303598, 4.8630509 ], [ -74.230481, 4.8630592 ], [ -74.2306188, 4.8630647 ], [ -74.2307414, 4.8630854 ], [ -74.230853, 4.8631255 ], [ -74.2309247, 4.8631572 ], [ -74.231006, 4.8631931 ], [ -74.2311066, 4.8632263 ], [ -74.2312195, 4.863247 ], [ -74.2313257, 4.8633119 ], [ -74.2314138, 4.8633699 ], [ -74.2315268, 4.8634238 ], [ -74.231592, 4.8634425 ], [ -74.2316991, 4.8634113 ], [ -74.2317101, 4.863345 ], [ -74.2317128, 4.8633008 ], [ -74.2317073, 4.8632344 ], [ -74.2316715, 4.8631709 ], [ -74.2316466, 4.8631294 ], [ -74.2316218, 4.8630824 ], [ -74.2315888, 4.863041 ], [ -74.2315639, 4.862994 ], [ -74.2315061, 4.8629221 ], [ -74.231484, 4.8628531 ], [ -74.2314647, 4.8628171 ], [ -74.2314454, 4.8627729 ], [ -74.2314233, 4.8627204 ], [ -74.2314013, 4.862643 ], [ -74.2313544, 4.8626071 ], [ -74.2312607, 4.8625297 ], [ -74.2312166, 4.8624689 ], [ -74.231145, 4.862386 ], [ -74.2311119, 4.8623169 ], [ -74.2311063, 4.8622561 ], [ -74.2311256, 4.8621732 ], [ -74.2312173, 4.8619959 ], [ -74.2314645, 4.8619133 ], [ -74.2316326, 4.8618967 ], [ -74.2317566, 4.8619215 ], [ -74.2319605, 4.8620127 ], [ -74.2320885, 4.862027 ], [ -74.232192, 4.8619933 ], [ -74.2322388, 4.8619186 ], [ -74.2322232, 4.8618919 ], [ -74.2321396, 4.8617795 ], [ -74.2321194, 4.8617187 ], [ -74.2321304, 4.8616598 ], [ -74.2321735, 4.8615842 ], [ -74.2322121, 4.8615261 ], [ -74.2322911, 4.8614358 ], [ -74.2323296, 4.8613815 ], [ -74.2323884, 4.8613206 ], [ -74.2324665, 4.8612801 ], [ -74.2326079, 4.8612939 ], [ -74.2326934, 4.8613381 ], [ -74.2327797, 4.8613648 ], [ -74.2329166, 4.8614016 ], [ -74.2330359, 4.8614169 ], [ -74.2330792, 4.8614025 ], [ -74.2331756, 4.8613536 ], [ -74.2332685, 4.8612931 ], [ -74.2334098, 4.8612458 ], [ -74.2335707, 4.8612488 ], [ -74.2336265, 4.8612423 ], [ -74.2337236, 4.8612277 ], [ -74.2338323, 4.86121 ], [ -74.2339165, 4.8611821 ], [ -74.2340577, 4.8611814 ], [ -74.2341459, 4.8611917 ], [ -74.2342258, 4.8612138 ], [ -74.2342892, 4.8612352 ], [ -74.2343705, 4.8612587 ], [ -74.2344277, 4.8612725 ], [ -74.2344965, 4.8612759 ], [ -74.2346033, 4.86128 ], [ -74.2346984, 4.8613049 ], [ -74.2347673, 4.8613456 ], [ -74.2348148, 4.8613871 ], [ -74.234861, 4.8614507 ], [ -74.2349113, 4.8615861 ], [ -74.2349355, 4.8616262 ], [ -74.2349727, 4.861698 ], [ -74.2350388, 4.861792 ], [ -74.2350747, 4.8618307 ], [ -74.235116, 4.8618832 ], [ -74.2351519, 4.8619495 ], [ -74.2351491, 4.861991 ], [ -74.2351243, 4.8620573 ], [ -74.2351023, 4.8621402 ], [ -74.2350528, 4.8624001 ], [ -74.2350583, 4.8625438 ], [ -74.2350804, 4.8626986 ], [ -74.2350997, 4.8628755 ], [ -74.2350915, 4.8629999 ], [ -74.2350612, 4.8631602 ], [ -74.2350613, 4.8634117 ], [ -74.235064, 4.8635554 ], [ -74.2350944, 4.8637213 ], [ -74.2351192, 4.8639009 ], [ -74.2351358, 4.8639866 ], [ -74.2351909, 4.8640806 ], [ -74.2352259, 4.8642022 ], [ -74.2352562, 4.8642584 ], [ -74.2352966, 4.8643127 ], [ -74.2353398, 4.864357 ], [ -74.2353894, 4.864403 ], [ -74.2354151, 4.8644509 ], [ -74.2354133, 4.8644832 ], [ -74.2353977, 4.8645338 ], [ -74.2353747, 4.8645624 ], [ -74.2353959, 4.864602 ], [ -74.2354446, 4.8646251 ], [ -74.2354951, 4.8646591 ], [ -74.2355805, 4.864696 ], [ -74.2356706, 4.8647328 ], [ -74.2357891, 4.864777 ], [ -74.2359076, 4.8647936 ], [ -74.2360187, 4.8647963 ], [ -74.2361436, 4.8648027 ], [ -74.2362162, 4.8648008 ], [ -74.2362851, 4.8648045 ], [ -74.2363383, 4.8647925 ], [ -74.2363558, 4.8647704 ], [ -74.2363815, 4.8647336 ], [ -74.23641, 4.8646764 ], [ -74.2364292, 4.8646414 ], [ -74.2364651, 4.8646027 ], [ -74.236534, 4.8646091 ], [ -74.236578, 4.864622 ], [ -74.2366589, 4.8646552 ], [ -74.2367067, 4.8646736 ], [ -74.2368766, 4.8646924 ], [ -74.2369767, 4.8646924 ], [ -74.2370364, 4.8647025 ], [ -74.2370686, 4.8647431 ], [ -74.2370727, 4.8647698 ], [ -74.2370544, 4.8648159 ], [ -74.237025, 4.8648711 ], [ -74.2370415, 4.8649596 ], [ -74.2371132, 4.8649854 ], [ -74.2372663, 4.8649835 ], [ -74.2373263, 4.8649706 ], [ -74.237442, 4.8649079 ], [ -74.2375302, 4.8649152 ], [ -74.2376009, 4.8649724 ], [ -74.2376358, 4.8650184 ], [ -74.2377038, 4.865093 ], [ -74.237758, 4.8651409 ], [ -74.2378637, 4.8652201 ], [ -74.2379234, 4.8652524 ], [ -74.2380106, 4.8652677 ], [ -74.2380584, 4.8652579 ], [ -74.2380988, 4.8652265 ], [ -74.238119, 4.8651989 ], [ -74.2381539, 4.8651436 ], [ -74.2382017, 4.8650717 ], [ -74.2382196, 4.8650289 ], [ -74.2382614, 4.8649833 ], [ -74.2382953, 4.8649542 ], [ -74.238367, 4.8649537 ], [ -74.2384359, 4.8649735 ], [ -74.2384754, 4.8649924 ], [ -74.2385066, 4.8650551 ], [ -74.2385195, 4.8651085 ], [ -74.2385305, 4.8651988 ], [ -74.2385416, 4.8652835 ], [ -74.2385747, 4.8653536 ], [ -74.2386574, 4.865442 ], [ -74.2388111, 4.8655267 ], [ -74.2388974, 4.8655629 ], [ -74.2389397, 4.8655936 ], [ -74.2389819, 4.8656114 ], [ -74.2390463, 4.8656471 ], [ -74.2390683, 4.8656698 ], [ -74.2391228, 4.8656925 ], [ -74.2391663, 4.8657189 ], [ -74.2392202, 4.8657441 ], [ -74.2393151, 4.8657913 ], [ -74.2393802, 4.8658162 ], [ -74.2394315, 4.8658067 ], [ -74.2394976, 4.8657403 ], [ -74.2395784, 4.8656729 ], [ -74.2396641, 4.8656567 ], [ -74.239767, 4.8656936 ], [ -74.239816, 4.865755 ], [ -74.2398724, 4.8658188 ], [ -74.2399434, 4.8658901 ], [ -74.2400071, 4.8659638 ], [ -74.2400365, 4.8659932 ], [ -74.2401296, 4.8660768 ], [ -74.2401982, 4.8661283 ], [ -74.2403183, 4.8661922 ], [ -74.240377, 4.8662167 ], [ -74.2405069, 4.8662315 ], [ -74.2406465, 4.8662437 ], [ -74.240769, 4.8662633 ], [ -74.2409061, 4.8663051 ], [ -74.2409625, 4.8663345 ], [ -74.2410654, 4.8664058 ], [ -74.2411658, 4.8664598 ], [ -74.2411952, 4.866504 ], [ -74.2412393, 4.8666121 ], [ -74.2412614, 4.8667276 ], [ -74.2412394, 4.8668529 ], [ -74.2412811, 4.8669708 ], [ -74.2413423, 4.8670666 ], [ -74.2414232, 4.8671772 ], [ -74.2415261, 4.8672975 ], [ -74.241751, 4.8674393 ], [ -74.2419548, 4.8674104 ], [ -74.2422071, 4.8673293 ], [ -74.2423369, 4.8673759 ], [ -74.2423883, 4.8674472 ], [ -74.2424447, 4.8675479 ], [ -74.2424411, 4.8677494 ], [ -74.2424521, 4.8677789 ], [ -74.2424974, 4.8678427 ], [ -74.2425366, 4.867882 ], [ -74.2425783, 4.8679152 ], [ -74.2426052, 4.8679361 ], [ -74.2426285, 4.867952 ], [ -74.2426775, 4.8679827 ], [ -74.242702, 4.8680061 ], [ -74.2427645, 4.8680429 ], [ -74.2428196, 4.8680564 ], [ -74.2429029, 4.8680871 ], [ -74.2429739, 4.8681018 ], [ -74.2431515, 4.8680981 ], [ -74.2432789, 4.8681079 ], [ -74.2434185, 4.868114 ], [ -74.2435471, 4.8681398 ], [ -74.2436365, 4.8681606 ], [ -74.2438067, 4.8681581 ], [ -74.2439366, 4.8681753 ], [ -74.2440505, 4.8682084 ], [ -74.2441423, 4.8682299 ], [ -74.2442287, 4.8682041 ], [ -74.2443034, 4.8682047 ], [ -74.2443413, 4.8682077 ], [ -74.244402, 4.8682182 ], [ -74.2444859, 4.8682458 ], [ -74.2445532, 4.8682605 ], [ -74.2446812, 4.8682681 ], [ -74.2447259, 4.8682629 ], [ -74.2447734, 4.8682218 ], [ -74.2448104, 4.8682175 ], [ -74.2448655, 4.8681517 ], [ -74.2449072, 4.8681247 ], [ -74.2449776, 4.8680921 ], [ -74.2450415, 4.8680738 ], [ -74.2450688, 4.8680706 ], [ -74.2451294, 4.8680767 ], [ -74.2452188, 4.8681062 ], [ -74.2452899, 4.8681565 ], [ -74.2453315, 4.8681823 ], [ -74.2453818, 4.8682216 ], [ -74.2454357, 4.8682597 ], [ -74.2454895, 4.8682891 ], [ -74.24553, 4.8683162 ], [ -74.245579, 4.8683555 ], [ -74.2456243, 4.8683972 ], [ -74.2456427, 4.8684918 ], [ -74.2456476, 4.8685643 ], [ -74.2456415, 4.8686405 ], [ -74.245617, 4.8687031 ], [ -74.2455656, 4.8688088 ], [ -74.2455632, 4.8688481 ], [ -74.2455387, 4.8689169 ], [ -74.2455387, 4.8689599 ], [ -74.2455069, 4.8690225 ], [ -74.2454812, 4.8690655 ], [ -74.2454383, 4.8691061 ], [ -74.2454053, 4.8691503 ], [ -74.2453722, 4.8691995 ], [ -74.2453587, 4.8692646 ], [ -74.2453367, 4.8692965 ], [ -74.2452877, 4.8693395 ], [ -74.2452645, 4.8694022 ], [ -74.2452339, 4.869455 ], [ -74.2451996, 4.8695103 ], [ -74.2451702, 4.8695509 ], [ -74.24512, 4.869632 ], [ -74.2450845, 4.8696701 ], [ -74.2450563, 4.8697057 ], [ -74.2450404, 4.8697475 ], [ -74.2450221, 4.8698187 ], [ -74.2450049, 4.8698715 ], [ -74.2449866, 4.8699416 ], [ -74.2449866, 4.870014 ], [ -74.244994, 4.8700939 ], [ -74.2450344, 4.8701197 ], [ -74.2450552, 4.8701013 ], [ -74.245076, 4.870073 ], [ -74.2451299, 4.87003 ], [ -74.2451654, 4.8700005 ], [ -74.2451826, 4.8699808 ], [ -74.245211, 4.8699516 ], [ -74.245294, 4.8699449 ], [ -74.2453356, 4.8699415 ], [ -74.2453589, 4.8699194 ], [ -74.2453834, 4.8698899 ], [ -74.2454164, 4.869842 ], [ -74.2454458, 4.869794 ], [ -74.245455, 4.8697418 ], [ -74.2454734, 4.8696908 ], [ -74.2454942, 4.8696423 ], [ -74.2455009, 4.8695926 ], [ -74.2455107, 4.8695588 ], [ -74.2455346, 4.8695195 ], [ -74.2455511, 4.8694703 ], [ -74.2456098, 4.8694064 ], [ -74.2456441, 4.8693524 ], [ -74.2456784, 4.8693081 ], [ -74.2456906, 4.8692663 ], [ -74.2457274, 4.8692172 ], [ -74.2457666, 4.8691681 ], [ -74.2458008, 4.8691042 ], [ -74.2458253, 4.8690599 ], [ -74.2458596, 4.8689985 ], [ -74.2458841, 4.8689444 ], [ -74.2459061, 4.8688855 ], [ -74.2459183, 4.868829 ], [ -74.2459502, 4.8687331 ], [ -74.2459967, 4.8686398 ], [ -74.2460765, 4.8685751 ], [ -74.246184, 4.8685635 ], [ -74.2462685, 4.8685807 ], [ -74.2463763, 4.8686347 ], [ -74.2464743, 4.8687109 ], [ -74.246565, 4.8687698 ], [ -74.2465772, 4.8687084 ], [ -74.2465282, 4.8686224 ], [ -74.2464988, 4.8685733 ], [ -74.2464694, 4.868502 ], [ -74.2464424, 4.8684578 ], [ -74.2464008, 4.8684161 ], [ -74.246342, 4.8683719 ], [ -74.2462979, 4.8683399 ], [ -74.2462391, 4.868308 ], [ -74.2461435, 4.8682564 ], [ -74.2460994, 4.8682171 ], [ -74.2460308, 4.8681656 ], [ -74.2460039, 4.8681312 ], [ -74.24595, 4.8681041 ], [ -74.2458936, 4.8680477 ], [ -74.2458544, 4.8680157 ], [ -74.2458152, 4.8679789 ], [ -74.2457711, 4.8679396 ], [ -74.2457172, 4.8678855 ], [ -74.2456658, 4.8678438 ], [ -74.2456682, 4.8677701 ], [ -74.2456952, 4.8677037 ], [ -74.2457564, 4.8676177 ], [ -74.245869, 4.8675022 ], [ -74.2459302, 4.8674482 ], [ -74.2459645, 4.8673916 ], [ -74.2459865, 4.8673302 ], [ -74.2459902, 4.8672295 ], [ -74.2459951, 4.8671398 ], [ -74.2460012, 4.8670685 ], [ -74.2460122, 4.8670108 ], [ -74.2460377, 4.8669574 ], [ -74.2460599, 4.8669543 ], [ -74.246082, 4.8669199 ], [ -74.246131, 4.8668707 ], [ -74.2461334, 4.866824 ], [ -74.2460795, 4.8667798 ], [ -74.2460574, 4.8667528 ], [ -74.246028, 4.8667086 ], [ -74.2460011, 4.8666668 ], [ -74.2459692, 4.86663 ], [ -74.2459251, 4.8665833 ], [ -74.2458957, 4.8665686 ], [ -74.2458541, 4.8665293 ], [ -74.2458443, 4.8664949 ], [ -74.2458513, 4.8664147 ], [ -74.2458736, 4.8664113 ], [ -74.2459545, 4.8663266 ], [ -74.2459789, 4.8663229 ], [ -74.2459917, 4.8662719 ], [ -74.2460279, 4.8662663 ], [ -74.2460573, 4.8662295 ], [ -74.2460597, 4.8661803 ], [ -74.2460328, 4.8661386 ], [ -74.2460034, 4.8661337 ], [ -74.2459373, 4.8661509 ], [ -74.2458907, 4.8661902 ], [ -74.245854, 4.8662369 ], [ -74.2458197, 4.8662688 ], [ -74.2457732, 4.8663008 ], [ -74.2457242, 4.8663278 ], [ -74.2456679, 4.8663893 ], [ -74.2455846, 4.8664655 ], [ -74.2455234, 4.8665171 ], [ -74.245472, 4.866549 ], [ -74.2454254, 4.8665982 ], [ -74.2454108, 4.8667259 ], [ -74.2453888, 4.8668046 ], [ -74.2453373, 4.8668734 ], [ -74.2452737, 4.8669311 ], [ -74.2452467, 4.8669827 ], [ -74.2452014, 4.8670331 ], [ -74.245161, 4.8670749 ], [ -74.2451133, 4.8671339 ], [ -74.2450521, 4.8672125 ], [ -74.2449823, 4.8672653 ], [ -74.2448904, 4.8673391 ], [ -74.2448133, 4.867387 ], [ -74.244741, 4.8674202 ], [ -74.2446443, 4.8674522 ], [ -74.2445671, 4.8674374 ], [ -74.2444912, 4.8674301 ], [ -74.2443736, 4.8674301 ], [ -74.2443161, 4.8674338 ], [ -74.2442634, 4.8674498 ], [ -74.2441899, 4.8674658 ], [ -74.2441128, 4.8674646 ], [ -74.2440405, 4.8674388 ], [ -74.2440086, 4.867397 ], [ -74.2439168, 4.8673369 ], [ -74.2438763, 4.8672963 ], [ -74.2438273, 4.8672693 ], [ -74.2437735, 4.8672632 ], [ -74.2437367, 4.8672423 ], [ -74.2437171, 4.8671895 ], [ -74.243711, 4.8671342 ], [ -74.243684, 4.8670531 ], [ -74.2436754, 4.8669757 ], [ -74.2436729, 4.8669315 ], [ -74.2436019, 4.8667927 ], [ -74.2435651, 4.866719 ], [ -74.2434818, 4.8666527 ], [ -74.2434255, 4.8666196 ], [ -74.2433189, 4.8667068 ], [ -74.243183, 4.8667351 ], [ -74.2430703, 4.8666872 ], [ -74.2429797, 4.8666393 ], [ -74.242829, 4.8665681 ], [ -74.2427592, 4.8665386 ], [ -74.2426808, 4.8664588 ], [ -74.2425914, 4.8663937 ], [ -74.242513, 4.8663323 ], [ -74.2424248, 4.8662648 ], [ -74.2423476, 4.8662107 ], [ -74.2423072, 4.8661358 ], [ -74.2422557, 4.8660523 ], [ -74.2422239, 4.8659614 ], [ -74.2422128, 4.8658545 ], [ -74.2422581, 4.8657267 ], [ -74.2422997, 4.8656174 ], [ -74.2423352, 4.8655191 ], [ -74.2423523, 4.8654282 ], [ -74.2423718, 4.8650818 ], [ -74.2423559, 4.8649835 ], [ -74.242362, 4.8648803 ], [ -74.2423203, 4.8646518 ], [ -74.2423619, 4.8645535 ], [ -74.242379, 4.8644921 ], [ -74.242406, 4.8644159 ], [ -74.2424378, 4.8643422 ], [ -74.2424476, 4.864212 ], [ -74.2424426, 4.8640695 ], [ -74.2424353, 4.8640228 ], [ -74.2424132, 4.863954 ], [ -74.2423911, 4.8638901 ], [ -74.2423813, 4.8638508 ], [ -74.2423617, 4.863787 ], [ -74.2423348, 4.8637108 ], [ -74.2423396, 4.8635781 ], [ -74.2423151, 4.8633742 ], [ -74.2422171, 4.8632907 ], [ -74.242124, 4.8633005 ], [ -74.2420261, 4.8633522 ], [ -74.2419085, 4.8634013 ], [ -74.2418375, 4.8634579 ], [ -74.2417199, 4.8634898 ], [ -74.2416342, 4.8634972 ], [ -74.2414946, 4.8634776 ], [ -74.2413868, 4.8634039 ], [ -74.2413329, 4.8633646 ], [ -74.2413108, 4.8633351 ], [ -74.2412398, 4.8632811 ], [ -74.241132, 4.8632172 ], [ -74.2410315, 4.863205 ], [ -74.2409434, 4.8631804 ], [ -74.2408601, 4.8631583 ], [ -74.2407964, 4.8631215 ], [ -74.2407376, 4.8630847 ], [ -74.2406788, 4.8630749 ], [ -74.2405955, 4.8630405 ], [ -74.2404902, 4.8630061 ], [ -74.2404069, 4.8629791 ], [ -74.240326, 4.8629349 ], [ -74.2402526, 4.8628931 ], [ -74.2402109, 4.8628317 ], [ -74.240206, 4.8627973 ], [ -74.2401986, 4.8627285 ], [ -74.2401962, 4.8626425 ], [ -74.2402133, 4.8625074 ], [ -74.2402279, 4.8624386 ], [ -74.24025, 4.8623624 ], [ -74.2402769, 4.8623133 ], [ -74.2403038, 4.8622592 ], [ -74.2403308, 4.8621904 ], [ -74.240321, 4.8621315 ], [ -74.240272, 4.8621143 ], [ -74.2402107, 4.8621315 ], [ -74.2401765, 4.862247 ], [ -74.2401226, 4.8622863 ], [ -74.2400191, 4.8623248 ], [ -74.239956, 4.8623502 ], [ -74.2398556, 4.8623478 ], [ -74.239765, 4.8623036 ], [ -74.2396719, 4.8622938 ], [ -74.2395494, 4.8622914 ], [ -74.2393853, 4.8622939 ], [ -74.2392939, 4.8622731 ], [ -74.239246, 4.8622469 ], [ -74.239198, 4.862212 ], [ -74.239161, 4.8621924 ], [ -74.2391197, 4.862164 ], [ -74.2390892, 4.8621312 ], [ -74.239063, 4.8620919 ], [ -74.2390108, 4.8620461 ], [ -74.2389825, 4.8620199 ], [ -74.2389607, 4.8619915 ], [ -74.2389106, 4.8619369 ], [ -74.2388496, 4.8619042 ], [ -74.2387973, 4.8618736 ], [ -74.2387538, 4.8618452 ], [ -74.2387342, 4.8618212 ], [ -74.238695, 4.8617884 ], [ -74.2386776, 4.8617491 ], [ -74.2386514, 4.8616596 ], [ -74.2386623, 4.8615788 ], [ -74.2386666, 4.8614805 ], [ -74.2386709, 4.8613451 ], [ -74.2386448, 4.8612228 ], [ -74.238599, 4.861142 ], [ -74.2385685, 4.8610787 ], [ -74.2385468, 4.8610241 ], [ -74.2385163, 4.8609586 ], [ -74.2384988, 4.8608494 ], [ -74.2385445, 4.860548 ], [ -74.2385227, 4.8604071 ], [ -74.2385118, 4.8603427 ], [ -74.2385117, 4.8602663 ], [ -74.238552, 4.8601767 ], [ -74.2386304, 4.8601068 ], [ -74.2387479, 4.8601046 ], [ -74.2388797, 4.860086 ], [ -74.2388753, 4.8600347 ], [ -74.2388241, 4.8599976 ], [ -74.2387414, 4.8599626 ], [ -74.238663, 4.8599605 ], [ -74.2385302, 4.8599605 ], [ -74.2384322, 4.8599562 ], [ -74.2383701, 4.8599256 ], [ -74.238332, 4.8598677 ], [ -74.2383124, 4.8597411 ], [ -74.2383113, 4.8595445 ], [ -74.2383101, 4.8593392 ], [ -74.2383221, 4.8592639 ], [ -74.2383656, 4.8591678 ], [ -74.23842, 4.8590739 ], [ -74.2384592, 4.859004 ], [ -74.2385071, 4.8589559 ], [ -74.2385593, 4.8588794 ], [ -74.2385832, 4.8588183 ], [ -74.2386115, 4.8587277 ], [ -74.2386322, 4.8586163 ], [ -74.2386539, 4.8585322 ], [ -74.2386539, 4.8584546 ], [ -74.238667, 4.8583673 ], [ -74.2386898, 4.8583061 ], [ -74.2387192, 4.8582624 ], [ -74.2387725, 4.858186 ], [ -74.2388193, 4.8581106 ], [ -74.238865, 4.8580287 ], [ -74.2388694, 4.8579861 ], [ -74.238927, 4.8578933 ], [ -74.2389912, 4.8578169 ], [ -74.2390272, 4.8577808 ], [ -74.2390786, 4.8577302 ], [ -74.2391809, 4.8576921 ], [ -74.2392274, 4.8576748 ], [ -74.2392928, 4.8576694 ], [ -74.2393897, 4.8576715 ], [ -74.2394691, 4.8576682 ], [ -74.2395519, 4.8576624 ], [ -74.2396041, 4.8576431 ], [ -74.239705, 4.857641 ], [ -74.2398009, 4.8576056 ], [ -74.2398654, 4.8575819 ], [ -74.2399045, 4.8575513 ], [ -74.2399405, 4.8574858 ], [ -74.2399709, 4.8574268 ], [ -74.2400123, 4.8573318 ], [ -74.2400362, 4.8572728 ], [ -74.2400623, 4.8571931 ], [ -74.2400819, 4.8571494 ], [ -74.2401113, 4.8570959 ], [ -74.2401352, 4.8570478 ], [ -74.2401548, 4.8569758 ], [ -74.240182, 4.8569059 ], [ -74.2402266, 4.8568491 ], [ -74.2402505, 4.856813 ], [ -74.2403093, 4.8567573 ], [ -74.2403572, 4.8567114 ], [ -74.2404638, 4.8566485 ], [ -74.2405444, 4.8566175 ], [ -74.24065, 4.8566065 ], [ -74.2407513, 4.8566087 ], [ -74.2408678, 4.8566338 ], [ -74.2410003, 4.85665 ], [ -74.2410746, 4.8566217 ], [ -74.241178, 4.8566195 ], [ -74.2413065, 4.856602 ], [ -74.2414131, 4.8565954 ], [ -74.2415381, 4.8565831 ], [ -74.2415949, 4.8565617 ], [ -74.2416679, 4.8565342 ], [ -74.2417027, 4.8564927 ], [ -74.2417441, 4.8564359 ], [ -74.2417702, 4.8563398 ], [ -74.2417614, 4.8562787 ], [ -74.2417571, 4.8562066 ], [ -74.241757, 4.8561149 ], [ -74.241796, 4.856057 ], [ -74.2418724, 4.8560275 ], [ -74.2419385, 4.8559718 ], [ -74.2420363, 4.8559339 ], [ -74.2421166, 4.8559029 ], [ -74.2422577, 4.8558483 ], [ -74.2423053, 4.8557867 ], [ -74.2423775, 4.8557588 ], [ -74.2424885, 4.8556736 ], [ -74.2426126, 4.8556965 ], [ -74.2426855, 4.855739 ], [ -74.2427792, 4.8557881 ], [ -74.2428478, 4.8557892 ], [ -74.242949, 4.855787 ], [ -74.2430274, 4.8557258 ], [ -74.2430361, 4.8556276 ], [ -74.2430121, 4.8555773 ], [ -74.2429903, 4.8555053 ], [ -74.2429533, 4.8554507 ], [ -74.2429533, 4.855407 ], [ -74.2429641, 4.8553306 ], [ -74.2429706, 4.8552476 ], [ -74.2430055, 4.855193 ], [ -74.2430555, 4.8551209 ], [ -74.24312, 4.8550324 ], [ -74.2432275, 4.8549898 ], [ -74.2435018, 4.8549788 ], [ -74.2436325, 4.8550006 ], [ -74.2439482, 4.8550333 ], [ -74.2443314, 4.8550266 ], [ -74.2443749, 4.8550441 ], [ -74.2444577, 4.8550856 ], [ -74.244523, 4.855114 ], [ -74.2446449, 4.8551773 ], [ -74.2447342, 4.8552318 ], [ -74.2448039, 4.8552711 ], [ -74.2448953, 4.8553126 ], [ -74.2449541, 4.8553257 ], [ -74.2451196, 4.8553453 ], [ -74.2452794, 4.8553571 ], [ -74.2454077, 4.8553092 ], [ -74.2455425, 4.8552589 ], [ -74.2456185, 4.8552388 ], [ -74.2456699, 4.8552196 ], [ -74.2457374, 4.8551835 ], [ -74.2457968, 4.8551344 ], [ -74.2459062, 4.8550935 ], [ -74.2461009, 4.8550207 ], [ -74.2461695, 4.8549782 ], [ -74.246237, 4.854953 ], [ -74.246367, 4.8549209 ], [ -74.2464969, 4.8548724 ], [ -74.2465728, 4.854844 ], [ -74.246632, 4.8548065 ], [ -74.2467066, 4.8547786 ], [ -74.2468123, 4.8547391 ], [ -74.2469652, 4.8547183 ], [ -74.2470506, 4.8546974 ], [ -74.247128, 4.8546686 ], [ -74.2471916, 4.8546593 ], [ -74.2472782, 4.8546391 ], [ -74.2473478, 4.8546352 ], [ -74.2474273, 4.8546363 ], [ -74.2475035, 4.8546363 ], [ -74.2475828, 4.8546356 ], [ -74.2476488, 4.8546111 ], [ -74.2477615, 4.8545844 ], [ -74.2478192, 4.8545767 ], [ -74.2478617, 4.8545516 ], [ -74.2479264, 4.8545221 ], [ -74.2479841, 4.854486 ], [ -74.2480358, 4.8544522 ], [ -74.2481049, 4.854403 ], [ -74.2481425, 4.854356 ], [ -74.2482241, 4.8542992 ], [ -74.24829, 4.8542517 ], [ -74.2483825, 4.8542172 ], [ -74.2484892, 4.8541774 ], [ -74.2486024, 4.8541687 ], [ -74.2486895, 4.8541675 ], [ -74.2487951, 4.8541631 ], [ -74.2489366, 4.8541675 ], [ -74.2490846, 4.8541663 ], [ -74.2491559, 4.8541581 ], [ -74.2492251, 4.8541543 ], [ -74.2492923, 4.8541556 ], [ -74.2493717, 4.8541499 ], [ -74.2494169, 4.8541276 ], [ -74.2494983, 4.8540977 ], [ -74.2495865, 4.8540901 ], [ -74.2496638, 4.8540889 ], [ -74.2497345, 4.8541064 ], [ -74.2498194, 4.8541533 ], [ -74.2498793, 4.85415 ], [ -74.2499098, 4.8541216 ], [ -74.2499653, 4.8540812 ], [ -74.2500535, 4.8540026 ], [ -74.2500785, 4.8539316 ], [ -74.2500774, 4.8538224 ], [ -74.2500665, 4.8537525 ], [ -74.2500632, 4.8536946 ], [ -74.2500392, 4.8536018 ], [ -74.2499706, 4.853521 ], [ -74.2498933, 4.8534523 ], [ -74.2498541, 4.8534206 ], [ -74.2497931, 4.8533627 ], [ -74.2497234, 4.8533049 ], [ -74.2496755, 4.85327 ], [ -74.2496233, 4.8532263 ], [ -74.2495438, 4.853163 ], [ -74.2494752, 4.8531095 ], [ -74.249436, 4.8530647 ], [ -74.2494182, 4.8530331 ], [ -74.2494131, 4.8529836 ], [ -74.2494349, 4.8529442 ], [ -74.2495205, 4.8528845 ], [ -74.2495894, 4.8528059 ], [ -74.2496569, 4.8527302 ], [ -74.249691, 4.8526763 ], [ -74.2497403, 4.8526188 ], [ -74.2498129, 4.8525438 ], [ -74.2498578, 4.8524942 ], [ -74.2499137, 4.8524455 ], [ -74.2499631, 4.8523938 ], [ -74.2500247, 4.8523421 ], [ -74.2501053, 4.8522802 ], [ -74.2501568, 4.852227 ], [ -74.2502199, 4.8521469 ], [ -74.2502649, 4.852101 ], [ -74.2502917, 4.8520624 ], [ -74.2503404, 4.8520282 ], [ -74.2503665, 4.8519933 ], [ -74.2504187, 4.8519343 ], [ -74.2504441, 4.8518884 ], [ -74.2504913, 4.8518163 ], [ -74.2505326, 4.8517661 ], [ -74.2506008, 4.8516831 ], [ -74.2506971, 4.8515693 ], [ -74.250751, 4.8515054 ], [ -74.2507972, 4.8514437 ], [ -74.2508419, 4.8513885 ], [ -74.2509006, 4.8513334 ], [ -74.2509344, 4.8512897 ], [ -74.2509735, 4.8512482 ], [ -74.2510274, 4.8511936 ], [ -74.2510731, 4.8511472 ], [ -74.2511357, 4.8510784 ], [ -74.2511771, 4.851033 ], [ -74.2512113, 4.8509795 ], [ -74.2512712, 4.85092 ], [ -74.2513604, 4.8508293 ], [ -74.251491, 4.8507092 ], [ -74.2515476, 4.8506567 ], [ -74.2516304, 4.8505814 ], [ -74.2516826, 4.8505169 ], [ -74.2517359, 4.8504678 ], [ -74.2517969, 4.8504022 ], [ -74.2518752, 4.8503236 ], [ -74.2519558, 4.8502592 ], [ -74.2520309, 4.850186 ], [ -74.2520766, 4.8501434 ], [ -74.2521295, 4.8500865 ], [ -74.2523422, 4.849997 ], [ -74.2524641, 4.8499839 ], [ -74.2525599, 4.8499664 ], [ -74.2526023, 4.8499325 ], [ -74.2526958, 4.8498744 ], [ -74.2527863, 4.8498364 ], [ -74.2528951, 4.8498189 ], [ -74.252993, 4.8498163 ], [ -74.2531564, 4.8497478 ], [ -74.2532054, 4.8496954 ], [ -74.2532685, 4.8496364 ], [ -74.2533272, 4.8495556 ], [ -74.2533774, 4.8494631 ], [ -74.2535101, 4.849407 ], [ -74.2536826, 4.8493693 ], [ -74.2537953, 4.8493218 ], [ -74.2539825, 4.8493299 ], [ -74.2541028, 4.8493217 ], [ -74.2541415, 4.8493179 ], [ -74.2542273, 4.8492923 ], [ -74.2542759, 4.849272 ], [ -74.2543638, 4.8492545 ], [ -74.2543886, 4.8492441 ], [ -74.2544179, 4.8492211 ], [ -74.2544364, 4.8492037 ], [ -74.25445, 4.8491818 ], [ -74.2544571, 4.8491594 ], [ -74.2556073, 4.8502935 ], [ -74.2551551, 4.851195 ], [ -74.255963, 4.8518827 ], [ -74.2574245, 4.8535918 ], [ -74.2553511, 4.855841 ], [ -74.2581926, 4.8590616 ], [ -74.2586641, 4.8593515 ], [ -74.2588275, 4.8594712 ], [ -74.2588369, 4.8595626 ], [ -74.2588558, 4.8596918 ], [ -74.2588842, 4.8598211 ], [ -74.2589345, 4.8599377 ], [ -74.2590696, 4.8601646 ], [ -74.2591891, 4.8602307 ], [ -74.2592645, 4.8603284 ], [ -74.2593022, 4.8604135 ], [ -74.2594814, 4.8604828 ], [ -74.2596102, 4.8605395 ], [ -74.2598585, 4.8607191 ], [ -74.2599371, 4.8607884 ], [ -74.2599905, 4.8608609 ], [ -74.2600345, 4.8609239 ], [ -74.2601163, 4.8610689 ], [ -74.2601729, 4.8612139 ], [ -74.2602766, 4.8613715 ], [ -74.2604055, 4.8615637 ], [ -74.2604715, 4.8616582 ], [ -74.2605878, 4.8618284 ], [ -74.2606727, 4.8620333 ], [ -74.2607293, 4.8621625 ], [ -74.2608048, 4.8623327 ], [ -74.2609305, 4.8625155 ], [ -74.2610374, 4.8626919 ], [ -74.2611412, 4.8628274 ], [ -74.2612575, 4.8629693 ], [ -74.2647356, 4.860594 ], [ -74.2656855, 4.8622207 ], [ -74.2656471, 4.8622872 ], [ -74.2655843, 4.862366 ], [ -74.2654587, 4.8624606 ], [ -74.2652796, 4.8625521 ], [ -74.2652104, 4.8625994 ], [ -74.2652011, 4.8627333 ], [ -74.2651964, 4.8628342 ], [ -74.265143, 4.862902 ], [ -74.2650236, 4.8629635 ], [ -74.2648838, 4.8630581 ], [ -74.2648697, 4.8631747 ], [ -74.2647817, 4.8632866 ], [ -74.2646953, 4.8633592 ], [ -74.2646058, 4.8634396 ], [ -74.2645241, 4.8635168 ], [ -74.2645053, 4.8636334 ], [ -74.264455, 4.8637091 ], [ -74.2643843, 4.863758 ], [ -74.2642744, 4.8638037 ], [ -74.264144, 4.8639156 ], [ -74.2640717, 4.8640291 ], [ -74.2639838, 4.8641253 ], [ -74.2639351, 4.8641946 ], [ -74.2639335, 4.8642845 ], [ -74.2639901, 4.8643932 ], [ -74.2640106, 4.8644625 ], [ -74.263998, 4.8645792 ], [ -74.2639997, 4.8647115 ], [ -74.2640044, 4.8647951 ], [ -74.2640091, 4.8649369 ], [ -74.2640594, 4.8649842 ], [ -74.2641521, 4.8650283 ], [ -74.26427, 4.8650692 ], [ -74.2644083, 4.8651196 ], [ -74.264622, 4.8651999 ], [ -74.2647178, 4.8652834 ], [ -74.2647886, 4.8654032 ], [ -74.2648326, 4.865482 ], [ -74.264941, 4.8656206 ], [ -74.2650275, 4.8656726 ], [ -74.2650903, 4.8656852 ], [ -74.265183, 4.8656899 ], [ -74.2652632, 4.865712 ], [ -74.265304, 4.865775 ], [ -74.2653527, 4.8658081 ], [ -74.2655036, 4.8658096 ], [ -74.2656968, 4.8658158 ], [ -74.265832, 4.8658284 ], [ -74.2659105, 4.8658741 ], [ -74.2658257, 4.8658978 ], [ -74.2656811, 4.8658947 ], [ -74.265568, 4.8659089 ], [ -74.2655021, 4.8659751 ], [ -74.2654125, 4.8660539 ], [ -74.2653465, 4.8660933 ], [ -74.2652601, 4.8661327 ], [ -74.2651062, 4.866158 ], [ -74.2649569, 4.8661801 ], [ -74.2647688, 4.866175 ], [ -74.2646352, 4.8661373 ], [ -74.2644812, 4.8660774 ], [ -74.2643571, 4.8660633 ], [ -74.2642314, 4.8660633 ], [ -74.2641026, 4.8660917 ], [ -74.2640586, 4.8661484 ], [ -74.2639738, 4.8662446 ], [ -74.2638999, 4.8663455 ], [ -74.2638623, 4.8664353 ], [ -74.2638356, 4.8665914 ], [ -74.2638607, 4.8666449 ], [ -74.2639362, 4.8667269 ], [ -74.2639613, 4.8667789 ], [ -74.2639362, 4.8668262 ], [ -74.2638561, 4.8668104 ], [ -74.2637634, 4.866738 ], [ -74.2636958, 4.866686 ], [ -74.2635779, 4.8666403 ], [ -74.2634946, 4.8666025 ], [ -74.2634224, 4.8665647 ], [ -74.2633391, 4.8665316 ], [ -74.2632605, 4.8665048 ], [ -74.2631694, 4.8665159 ], [ -74.2631191, 4.8665853 ], [ -74.2630767, 4.8666924 ], [ -74.2630186, 4.8668185 ], [ -74.2629857, 4.8669367 ], [ -74.2629464, 4.8670739 ], [ -74.2628962, 4.8672362 ], [ -74.2628632, 4.8673465 ], [ -74.2627564, 4.8674758 ], [ -74.2626685, 4.8675924 ], [ -74.2626182, 4.8677059 ], [ -74.262612, 4.8678005 ], [ -74.2626623, 4.8678887 ], [ -74.2627597, 4.8679707 ], [ -74.2628226, 4.8680274 ], [ -74.262854, 4.8680904 ], [ -74.2628635, 4.8681818 ], [ -74.262722, 4.8680904 ], [ -74.2626057, 4.8680306 ], [ -74.2624329, 4.8680117 ], [ -74.2622444, 4.8681505 ], [ -74.2621879, 4.8682734 ], [ -74.2620779, 4.868431 ], [ -74.2619648, 4.8685477 ], [ -74.26188, 4.8685067 ], [ -74.2618831, 4.8683807 ], [ -74.2619208, 4.8682514 ], [ -74.2619427, 4.8679992 ], [ -74.2619458, 4.8676998 ], [ -74.2618389, 4.8674824 ], [ -74.2617697, 4.8672712 ], [ -74.2617005, 4.8671388 ], [ -74.2616565, 4.8670317 ], [ -74.2616439, 4.8668835 ], [ -74.2615967, 4.8667385 ], [ -74.2615432, 4.8666156 ], [ -74.2614364, 4.8665306 ], [ -74.2613296, 4.8665999 ], [ -74.2613516, 4.8666945 ], [ -74.261427, 4.8668016 ], [ -74.261449, 4.8669214 ], [ -74.261424, 4.8670979 ], [ -74.26138, 4.8672083 ], [ -74.2612732, 4.8673028 ], [ -74.2611506, 4.8672682 ], [ -74.261028, 4.8671989 ], [ -74.2608866, 4.8671706 ], [ -74.2607044, 4.8671265 ], [ -74.2606038, 4.8670351 ], [ -74.2604757, 4.8670194 ], [ -74.260394, 4.8669997 ], [ -74.2603469, 4.8669099 ], [ -74.2603146, 4.8668098 ], [ -74.2602572, 4.8667192 ], [ -74.260159, 4.8666625 ], [ -74.2601064, 4.8666586 ], [ -74.2600059, 4.8666996 ], [ -74.2599462, 4.8667815 ], [ -74.2598943, 4.8668501 ], [ -74.2598323, 4.8669171 ], [ -74.2597428, 4.8669731 ], [ -74.2596642, 4.8670212 ], [ -74.2596029, 4.8670598 ], [ -74.259416, 4.8671268 ], [ -74.2592306, 4.8671474 ], [ -74.2587938, 4.8671333 ], [ -74.2585848, 4.8671223 ], [ -74.2584089, 4.8671996 ], [ -74.2582549, 4.8672863 ], [ -74.2581293, 4.867414 ], [ -74.258068, 4.8675259 ], [ -74.2579204, 4.867641 ], [ -74.2577727, 4.8677403 ], [ -74.2575826, 4.8678208 ], [ -74.2573909, 4.8678255 ], [ -74.2571631, 4.867813 ], [ -74.2570971, 4.86775 ], [ -74.2570468, 4.867646 ], [ -74.2570303, 4.8675467 ], [ -74.2569855, 4.8674844 ], [ -74.2569218, 4.8674025 ], [ -74.2569139, 4.8673466 ], [ -74.2568542, 4.8673095 ], [ -74.2567992, 4.8673537 ], [ -74.2567223, 4.8673923 ], [ -74.2565816, 4.8674318 ], [ -74.2564725, 4.8674342 ], [ -74.2563845, 4.8674917 ], [ -74.2563609, 4.8676115 ], [ -74.2563146, 4.8676871 ], [ -74.2562455, 4.8677723 ], [ -74.2561261, 4.8679803 ], [ -74.2561246, 4.8680906 ], [ -74.2560885, 4.8681963 ], [ -74.256032, 4.8682845 ], [ -74.2559471, 4.8683381 ], [ -74.2558372, 4.8684075 ], [ -74.2557743, 4.8684895 ], [ -74.2557524, 4.8685777 ], [ -74.255743, 4.8687164 ], [ -74.255787, 4.8688961 ], [ -74.2557902, 4.8690474 ], [ -74.2558091, 4.8692806 ], [ -74.2558783, 4.8694004 ], [ -74.2559757, 4.8695516 ], [ -74.2560417, 4.8696462 ], [ -74.2560481, 4.8699046 ], [ -74.2560733, 4.8700591 ], [ -74.2560702, 4.870182 ], [ -74.2561676, 4.8703018 ], [ -74.2563185, 4.8704278 ], [ -74.2563751, 4.8705854 ], [ -74.2563594, 4.8706579 ], [ -74.2562808, 4.8707146 ], [ -74.256108, 4.8707549 ], [ -74.2560201, 4.8708432 ], [ -74.255969, 4.8709094 ], [ -74.2559321, 4.8710339 ], [ -74.2558945, 4.8712009 ], [ -74.2558159, 4.8713554 ], [ -74.2556463, 4.871532 ], [ -74.2555238, 4.871636 ], [ -74.2554704, 4.8717558 ], [ -74.2554893, 4.8718504 ], [ -74.2555458, 4.8719323 ], [ -74.255703, 4.8719764 ], [ -74.2557281, 4.8719764 ], [ -74.2558161, 4.8720425 ], [ -74.2558224, 4.8721466 ], [ -74.2557753, 4.8723199 ], [ -74.2557722, 4.872446 ], [ -74.2558414, 4.8725437 ], [ -74.2558791, 4.872591 ], [ -74.255942, 4.872654 ], [ -74.2559703, 4.8727328 ], [ -74.2560143, 4.8727738 ], [ -74.2561431, 4.8727832 ], [ -74.2561808, 4.8728052 ], [ -74.2562343, 4.8728872 ], [ -74.2562909, 4.8729565 ], [ -74.2563317, 4.8730069 ], [ -74.2564323, 4.8730762 ], [ -74.2565329, 4.8731298 ], [ -74.2566272, 4.873196 ], [ -74.2566806, 4.8732369 ], [ -74.2567183, 4.8732747 ], [ -74.2567812, 4.8733976 ], [ -74.2567938, 4.8735111 ], [ -74.2568441, 4.8737286 ], [ -74.2568567, 4.8738862 ], [ -74.2568788, 4.8741289 ], [ -74.2568663, 4.8744 ], [ -74.2568161, 4.8745323 ], [ -74.2567344, 4.8746458 ], [ -74.2566464, 4.8746742 ], [ -74.2565333, 4.8745986 ], [ -74.256483, 4.874482 ], [ -74.2564578, 4.8743465 ], [ -74.2564452, 4.8742236 ], [ -74.25642, 4.874088 ], [ -74.2563885, 4.8739493 ], [ -74.2563099, 4.8738107 ], [ -74.2561591, 4.8736405 ], [ -74.2560711, 4.8735806 ], [ -74.2558951, 4.8735019 ], [ -74.2557662, 4.8734578 ], [ -74.2555997, 4.8733948 ], [ -74.2555494, 4.8733854 ], [ -74.2553734, 4.8733413 ], [ -74.2552351, 4.8733129 ], [ -74.2551251, 4.8732531 ], [ -74.254968, 4.8731207 ], [ -74.2549114, 4.8729632 ], [ -74.2548956, 4.8728686 ], [ -74.254861, 4.8727551 ], [ -74.2546913, 4.8726165 ], [ -74.254575, 4.872522 ], [ -74.2544556, 4.8724369 ], [ -74.254289, 4.8723046 ], [ -74.2541381, 4.8722258 ], [ -74.253981, 4.8721502 ], [ -74.2538152, 4.8720919 ], [ -74.2535033, 4.8720849 ], [ -74.2533651, 4.8720889 ], [ -74.2532763, 4.8720802 ], [ -74.2532134, 4.8720653 ], [ -74.2531851, 4.8720157 ], [ -74.2531883, 4.8719684 ], [ -74.2531993, 4.8719101 ], [ -74.2532095, 4.8718636 ], [ -74.253189, 4.8718116 ], [ -74.2531654, 4.8717714 ], [ -74.2531214, 4.871717 ], [ -74.253079, 4.8716493 ], [ -74.2530138, 4.8716012 ], [ -74.2529328, 4.8715555 ], [ -74.2528315, 4.871539 ], [ -74.2527647, 4.871502 ], [ -74.2526822, 4.8714673 ], [ -74.2525015, 4.8714642 ], [ -74.2523908, 4.8715178 ], [ -74.2523507, 4.8715675 ], [ -74.2523405, 4.8716211 ], [ -74.2523704, 4.8717574 ], [ -74.2523909, 4.8718504 ], [ -74.252438, 4.871915 ], [ -74.2524522, 4.8720095 ], [ -74.2524035, 4.8720884 ], [ -74.2523312, 4.8721845 ], [ -74.2522511, 4.8723043 ], [ -74.2521695, 4.8724241 ], [ -74.2521224, 4.8726069 ], [ -74.2521319, 4.8727677 ], [ -74.2520785, 4.8728749 ], [ -74.25189, 4.8731082 ], [ -74.2518806, 4.8733067 ], [ -74.2519498, 4.873395 ], [ -74.2520566, 4.8734012 ], [ -74.2521886, 4.873294 ], [ -74.2522451, 4.8733256 ], [ -74.252264, 4.8734138 ], [ -74.2522892, 4.8735336 ], [ -74.2523018, 4.8736281 ], [ -74.2523395, 4.8736975 ], [ -74.2524212, 4.8738172 ], [ -74.2524715, 4.8739055 ], [ -74.2524716, 4.8740505 ], [ -74.2524716, 4.8741513 ], [ -74.2524591, 4.8743152 ], [ -74.2524214, 4.8744539 ], [ -74.2523649, 4.8745611 ], [ -74.2523272, 4.8746115 ], [ -74.2522895, 4.8746494 ], [ -74.2522895, 4.8747692 ], [ -74.2522754, 4.8751048 ], [ -74.2522566, 4.8751269 ], [ -74.2520665, 4.8751443 ], [ -74.2520256, 4.8751916 ], [ -74.2519817, 4.8752483 ], [ -74.2519157, 4.8753429 ], [ -74.2518969, 4.8754532 ], [ -74.2519849, 4.8755383 ], [ -74.2520917, 4.8755635 ], [ -74.2522426, 4.8755887 ], [ -74.2522771, 4.8756076 ], [ -74.2523557, 4.8756801 ], [ -74.2523997, 4.8757336 ], [ -74.2524626, 4.8757746 ], [ -74.2525757, 4.8757872 ], [ -74.2526637, 4.875784 ], [ -74.2527517, 4.8757714 ], [ -74.2528491, 4.8757997 ], [ -74.2529528, 4.8758848 ], [ -74.2530754, 4.8760203 ], [ -74.2531163, 4.8760329 ], [ -74.2532168, 4.8760612 ], [ -74.2532734, 4.8761022 ], [ -74.2533363, 4.8761684 ], [ -74.2533614, 4.8762409 ], [ -74.253374, 4.8763291 ], [ -74.2533741, 4.8764457 ], [ -74.2533301, 4.8766096 ], [ -74.253349, 4.8767074 ], [ -74.2534307, 4.8767546 ], [ -74.2534967, 4.8768082 ], [ -74.2535533, 4.8768523 ], [ -74.2536036, 4.8769468 ], [ -74.2536162, 4.8771013 ], [ -74.2535974, 4.8773377 ], [ -74.2535723, 4.8775709 ], [ -74.2534844, 4.877675 ], [ -74.2533744, 4.8777601 ], [ -74.2533116, 4.8778641 ], [ -74.2532959, 4.8780186 ], [ -74.2532488, 4.8780943 ], [ -74.2531702, 4.8781258 ], [ -74.2530917, 4.8781731 ], [ -74.2530446, 4.8781983 ], [ -74.2529629, 4.8782582 ], [ -74.2528875, 4.8783055 ], [ -74.2527523, 4.8783119 ], [ -74.2525638, 4.8783119 ], [ -74.2523721, 4.8783939 ], [ -74.2522433, 4.8785516 ], [ -74.2521994, 4.8787627 ], [ -74.2522277, 4.8788132 ], [ -74.2522748, 4.8788699 ], [ -74.2523283, 4.8789046 ], [ -74.2524854, 4.8789612 ], [ -74.2525734, 4.8790117 ], [ -74.2526488, 4.8790747 ], [ -74.2526332, 4.8792228 ], [ -74.2525641, 4.8793016 ], [ -74.2524384, 4.8793584 ], [ -74.2523033, 4.8793963 ], [ -74.252187, 4.8794751 ], [ -74.2521147, 4.8795192 ], [ -74.2520205, 4.8795949 ], [ -74.2519482, 4.8796548 ], [ -74.251854, 4.8797116 ], [ -74.2518006, 4.8797557 ], [ -74.2517063, 4.8798283 ], [ -74.2516529, 4.8799354 ], [ -74.2516058, 4.880071 ], [ -74.2516247, 4.8801876 ], [ -74.2516467, 4.8803074 ], [ -74.2516027, 4.8803641 ], [ -74.2515148, 4.8803641 ], [ -74.2513451, 4.8803264 ], [ -74.2512696, 4.8803106 ], [ -74.2511345, 4.8802634 ], [ -74.2510402, 4.8801909 ], [ -74.2509899, 4.8801027 ], [ -74.2509522, 4.880027 ], [ -74.2509144, 4.8799451 ], [ -74.2508641, 4.8798505 ], [ -74.2508327, 4.8797812 ], [ -74.2508358, 4.879674 ], [ -74.2508201, 4.8795606 ], [ -74.2507729, 4.879425 ], [ -74.2506912, 4.8793557 ], [ -74.250622, 4.8792738 ], [ -74.250556, 4.8791981 ], [ -74.2505167, 4.879102 ], [ -74.2505355, 4.8790232 ], [ -74.2505732, 4.8787931 ], [ -74.2506517, 4.8786386 ], [ -74.2507617, 4.8785441 ], [ -74.2507679, 4.8784148 ], [ -74.2507585, 4.8782761 ], [ -74.2507804, 4.8781847 ], [ -74.2508558, 4.8780523 ], [ -74.2508244, 4.8778727 ], [ -74.2507458, 4.8777529 ], [ -74.2505572, 4.8777025 ], [ -74.2503938, 4.8776679 ], [ -74.2502555, 4.8776175 ], [ -74.2500701, 4.8775261 ], [ -74.2500072, 4.8774095 ], [ -74.2498909, 4.8772646 ], [ -74.2498092, 4.8771101 ], [ -74.2497274, 4.8769904 ], [ -74.2495671, 4.8768045 ], [ -74.2495388, 4.876795 ], [ -74.2493534, 4.8767635 ], [ -74.2491429, 4.8768235 ], [ -74.2490675, 4.876896 ], [ -74.2490204, 4.8769512 ], [ -74.2489622, 4.876989 ], [ -74.2489167, 4.8770111 ], [ -74.2488397, 4.8770127 ], [ -74.2488098, 4.8769859 ], [ -74.2487658, 4.876926 ], [ -74.2487155, 4.8768914 ], [ -74.2485773, 4.8768819 ], [ -74.2484956, 4.876882 ], [ -74.2482347, 4.8768962 ], [ -74.2480949, 4.8769278 ], [ -74.2479488, 4.8769782 ], [ -74.2478577, 4.8770413 ], [ -74.2477603, 4.8771406 ], [ -74.2476896, 4.877221 ], [ -74.2476566, 4.8773298 ], [ -74.247641, 4.8773991 ], [ -74.2475923, 4.8774811 ], [ -74.2475059, 4.8776182 ], [ -74.2473896, 4.877686 ], [ -74.2473394, 4.8777207 ], [ -74.2472514, 4.8778231 ], [ -74.247121, 4.8779303 ], [ -74.2470488, 4.8780155 ], [ -74.2469027, 4.8781904 ], [ -74.2468603, 4.8783087 ], [ -74.2468713, 4.8784111 ], [ -74.2468729, 4.8784568 ], [ -74.2468871, 4.878534 ], [ -74.2469437, 4.8786743 ], [ -74.2469845, 4.878794 ], [ -74.2470128, 4.8788381 ], [ -74.24706, 4.8789169 ], [ -74.2470883, 4.8789611 ], [ -74.2471449, 4.8790461 ], [ -74.247214, 4.8791186 ], [ -74.24728, 4.8791911 ], [ -74.2473335, 4.8792857 ], [ -74.2474309, 4.8794968 ], [ -74.2474309, 4.8795157 ], [ -74.247475, 4.8796103 ], [ -74.2475221, 4.8796922 ], [ -74.247563, 4.8797584 ], [ -74.2476384, 4.8798435 ], [ -74.2477107, 4.879916 ], [ -74.2477799, 4.8799601 ], [ -74.247827, 4.8799853 ], [ -74.247915, 4.8800262 ], [ -74.247937, 4.8800451 ], [ -74.2480156, 4.8801145 ], [ -74.2480376, 4.8802437 ], [ -74.2480785, 4.8803414 ], [ -74.2481005, 4.8804359 ], [ -74.2481131, 4.880521 ], [ -74.2481131, 4.8806534 ], [ -74.2481195, 4.8807984 ], [ -74.2481383, 4.8808646 ], [ -74.2481635, 4.8809749 ], [ -74.2481793, 4.881142 ], [ -74.2481542, 4.8812838 ], [ -74.248217, 4.8813626 ], [ -74.248261, 4.8814067 ], [ -74.2483616, 4.8814477 ], [ -74.2484622, 4.8814508 ], [ -74.2485564, 4.8814854 ], [ -74.2486822, 4.8815579 ], [ -74.2487325, 4.8816619 ], [ -74.2487419, 4.8817785 ], [ -74.2487891, 4.8819014 ], [ -74.2488928, 4.8820149 ], [ -74.2489494, 4.8820653 ], [ -74.2490343, 4.882163 ], [ -74.2490563, 4.8822386 ], [ -74.2490971, 4.8823206 ], [ -74.2491726, 4.8824561 ], [ -74.2492166, 4.8825254 ], [ -74.2492261, 4.8826483 ], [ -74.249201, 4.8828595 ], [ -74.2491539, 4.8829447 ], [ -74.2490848, 4.883014 ], [ -74.2490313, 4.8830834 ], [ -74.2489654, 4.8831685 ], [ -74.248912, 4.8832378 ], [ -74.2488617, 4.8832473 ], [ -74.2487014, 4.8832726 ], [ -74.24856, 4.8833104 ], [ -74.2484406, 4.8833704 ], [ -74.2483621, 4.8834492 ], [ -74.2482993, 4.8835122 ], [ -74.248205, 4.8835186 ], [ -74.2481044, 4.8834366 ], [ -74.2480353, 4.8833673 ], [ -74.2479818, 4.8832885 ], [ -74.2479315, 4.8831971 ], [ -74.2478812, 4.883112 ], [ -74.2478435, 4.8830395 ], [ -74.2477963, 4.8829292 ], [ -74.2477837, 4.8828221 ], [ -74.2477366, 4.8826519 ], [ -74.2476234, 4.8826267 ], [ -74.2474789, 4.8826646 ], [ -74.2473846, 4.8826898 ], [ -74.2471521, 4.8826993 ], [ -74.2469509, 4.8826631 ], [ -74.2468519, 4.8826363 ], [ -74.2467451, 4.8825749 ], [ -74.2466917, 4.882515 ], [ -74.2465974, 4.8824126 ], [ -74.2464889, 4.8823764 ], [ -74.246269, 4.8823749 ], [ -74.2460349, 4.8824159 ], [ -74.2458495, 4.8824112 ], [ -74.2458039, 4.8823797 ], [ -74.2456515, 4.8823041 ], [ -74.2455572, 4.8822805 ], [ -74.2454378, 4.8822522 ], [ -74.2453372, 4.8822191 ], [ -74.2453057, 4.8821687 ], [ -74.2452869, 4.8820993 ], [ -74.2452837, 4.8820394 ], [ -74.2452193, 4.8820064 ], [ -74.2451533, 4.881967 ], [ -74.2451077, 4.8819102 ], [ -74.245081, 4.8818173 ], [ -74.2450747, 4.8817511 ], [ -74.2449961, 4.8816802 ], [ -74.2449458, 4.8816487 ], [ -74.2448971, 4.8815982 ], [ -74.2448499, 4.8815431 ], [ -74.2447902, 4.8814785 ], [ -74.2447572, 4.8813855 ], [ -74.2447148, 4.8813052 ], [ -74.2446817, 4.8812453 ], [ -74.2446582, 4.8811633 ], [ -74.2446864, 4.8809789 ], [ -74.2447225, 4.8808733 ], [ -74.244801, 4.8807866 ], [ -74.2448591, 4.8806574 ], [ -74.2448827, 4.8806038 ], [ -74.2448748, 4.8804903 ], [ -74.2448418, 4.8804273 ], [ -74.244757, 4.880399 ], [ -74.2446705, 4.8804037 ], [ -74.2445401, 4.8804699 ], [ -74.2444789, 4.8805093 ], [ -74.2442008, 4.8806402 ], [ -74.2440578, 4.8806797 ], [ -74.2438662, 4.8807963 ], [ -74.2438175, 4.8808767 ], [ -74.2439306, 4.8809634 ], [ -74.2439966, 4.8810027 ], [ -74.2440626, 4.8810516 ], [ -74.2440941, 4.8811178 ], [ -74.2440988, 4.8811666 ], [ -74.2440972, 4.8812186 ], [ -74.2440737, 4.8812896 ], [ -74.2440423, 4.8813242 ], [ -74.2440286, 4.8813331 ], [ -74.2439622, 4.8813794 ], [ -74.2438113, 4.8813795 ], [ -74.2437265, 4.8813527 ], [ -74.2436275, 4.8812991 ], [ -74.2434955, 4.8812503 ], [ -74.2433603, 4.881222 ], [ -74.2431294, 4.8812346 ], [ -74.2429848, 4.8812552 ], [ -74.2428953, 4.881293 ], [ -74.2427759, 4.8813387 ], [ -74.2426659, 4.8814113 ], [ -74.2426062, 4.8814901 ], [ -74.2426047, 4.8815831 ], [ -74.2426125, 4.8816382 ], [ -74.2426487, 4.8816902 ], [ -74.2426927, 4.8817532 ], [ -74.2427241, 4.8818179 ], [ -74.2427493, 4.8818793 ], [ -74.2427855, 4.8819534 ], [ -74.2428185, 4.8820558 ], [ -74.2428436, 4.8821173 ], [ -74.2428798, 4.8821929 ], [ -74.2429049, 4.8822701 ], [ -74.2428798, 4.8823316 ], [ -74.2428359, 4.8824325 ], [ -74.2428516, 4.8824671 ], [ -74.2429333, 4.8825238 ], [ -74.2429804, 4.8825364 ], [ -74.2430527, 4.8825616 ], [ -74.2431596, 4.8826341 ], [ -74.2432083, 4.8827161 ], [ -74.243213, 4.8827917 ], [ -74.2432052, 4.8828831 ], [ -74.2432052, 4.8829225 ], [ -74.2432209, 4.8830297 ], [ -74.243287, 4.8831226 ], [ -74.24332, 4.8831557 ], [ -74.2433687, 4.8832566 ], [ -74.2434143, 4.8833811 ], [ -74.2434222, 4.8834299 ], [ -74.2434206, 4.8836553 ], [ -74.2434082, 4.8841375 ], [ -74.2434019, 4.8842573 ], [ -74.2434365, 4.884333 ], [ -74.2434743, 4.884459 ], [ -74.2435057, 4.8845473 ], [ -74.243534, 4.8845883 ], [ -74.2435749, 4.884645 ], [ -74.2436283, 4.8847049 ], [ -74.2436535, 4.884749 ], [ -74.2436629, 4.8847994 ], [ -74.2436566, 4.8848372 ], [ -74.2436315, 4.8848751 ], [ -74.2435121, 4.8848845 ], [ -74.2434147, 4.8848877 ], [ -74.2433613, 4.8849413 ], [ -74.2433487, 4.8849697 ], [ -74.2433487, 4.8849855 ], [ -74.2434116, 4.8850579 ], [ -74.243465, 4.8850831 ], [ -74.2434901, 4.8851083 ], [ -74.2435122, 4.8851745 ], [ -74.2435185, 4.8854078 ], [ -74.2435028, 4.8855339 ], [ -74.2434526, 4.885641 ], [ -74.2434023, 4.8857009 ], [ -74.243374, 4.8857451 ], [ -74.2433112, 4.8858176 ], [ -74.2432861, 4.8858932 ], [ -74.2432987, 4.8859626 ], [ -74.2433332, 4.8860162 ], [ -74.2433584, 4.8860571 ], [ -74.2434055, 4.8861391 ], [ -74.2434338, 4.8862084 ], [ -74.2434527, 4.8862903 ], [ -74.2434999, 4.8863817 ], [ -74.2434968, 4.8864448 ], [ -74.2434496, 4.8864889 ], [ -74.2433365, 4.8864921 ], [ -74.2432234, 4.8865079 ], [ -74.2431228, 4.8865552 ], [ -74.2431166, 4.8866182 ], [ -74.2431166, 4.8866844 ], [ -74.2431009, 4.8867664 ], [ -74.2430443, 4.8867979 ], [ -74.2429815, 4.8867916 ], [ -74.2428746, 4.8867475 ], [ -74.2427898, 4.886716 ], [ -74.2426955, 4.8866688 ], [ -74.2425823, 4.8866278 ], [ -74.2424441, 4.886631 ], [ -74.2423844, 4.886713 ], [ -74.2423027, 4.886817 ], [ -74.2422587, 4.8868864 ], [ -74.2421802, 4.8870282 ], [ -74.2421237, 4.8871039 ], [ -74.2420671, 4.8871512 ], [ -74.2420451, 4.8872788 ], [ -74.2420389, 4.887323 ], [ -74.2420106, 4.8873458 ], [ -74.2419595, 4.887349 ], [ -74.2418904, 4.8873254 ], [ -74.2418252, 4.8873104 ], [ -74.2417238, 4.8872844 ], [ -74.241661, 4.8872616 ], [ -74.2415722, 4.8872411 ], [ -74.2414756, 4.8872648 ], [ -74.2414363, 4.887294 ], [ -74.2413813, 4.887335 ], [ -74.241342, 4.8873641 ], [ -74.2413043, 4.8873957 ], [ -74.2411975, 4.8874303 ], [ -74.2411543, 4.8874729 ], [ -74.2411457, 4.8874895 ], [ -74.2411465, 4.8875399 ], [ -74.2411653, 4.8875722 ], [ -74.2411991, 4.8875966 ], [ -74.2412486, 4.8876336 ], [ -74.2412808, 4.8876541 ], [ -74.2413115, 4.8877045 ], [ -74.2413571, 4.8877676 ], [ -74.2413932, 4.8878259 ], [ -74.2414121, 4.8879551 ], [ -74.2414263, 4.8880875 ], [ -74.2414169, 4.8882104 ], [ -74.2413949, 4.8882798 ], [ -74.2413462, 4.8883696 ], [ -74.2412991, 4.8885036 ], [ -74.2412818, 4.8885666 ], [ -74.2412677, 4.8886076 ], [ -74.241241, 4.8886454 ], [ -74.2411326, 4.8886533 ], [ -74.2410949, 4.8886439 ], [ -74.2410037, 4.8886203 ], [ -74.2409205, 4.8886077 ], [ -74.2408215, 4.8886298 ], [ -74.2407759, 4.8886487 ], [ -74.2407429, 4.8887244 ], [ -74.240732, 4.8888063 ], [ -74.2407524, 4.8888615 ], [ -74.2407713, 4.8889072 ], [ -74.24082, 4.8889607 ], [ -74.2408797, 4.8890175 ], [ -74.2408954, 4.8890332 ], [ -74.2409159, 4.889112 ], [ -74.2409096, 4.8892129 ], [ -74.2408766, 4.8892633 ], [ -74.2407667, 4.8893453 ], [ -74.2406897, 4.889391 ], [ -74.2405593, 4.8894572 ], [ -74.2404336, 4.8895235 ], [ -74.240399, 4.8895597 ], [ -74.2403535, 4.8896149 ], [ -74.2402702, 4.8897567 ], [ -74.2402718, 4.889782 ], [ -74.2402923, 4.8898844 ], [ -74.2403033, 4.8899191 ], [ -74.2403127, 4.8900057 ], [ -74.2403002, 4.8900893 ], [ -74.2403222, 4.8901838 ], [ -74.2403552, 4.8902784 ], [ -74.2403725, 4.8903351 ], [ -74.240426, 4.8904423 ], [ -74.2404338, 4.8905006 ], [ -74.2404464, 4.8905557 ], [ -74.240459, 4.8905857 ], [ -74.2405501, 4.8906518 ], [ -74.2406303, 4.8907212 ], [ -74.2407057, 4.8907763 ], [ -74.2407403, 4.8908125 ], [ -74.2408032, 4.8908661 ], [ -74.2408676, 4.8909323 ], [ -74.2408739, 4.89103 ], [ -74.2408723, 4.8910899 ], [ -74.2407922, 4.8911797 ], [ -74.240764, 4.8912286 ], [ -74.2406509, 4.8913295 ], [ -74.240588, 4.8913941 ], [ -74.2405472, 4.8914414 ], [ -74.2405173, 4.8914997 ], [ -74.2404891, 4.8915659 ], [ -74.2404325, 4.8916605 ], [ -74.2403854, 4.8917046 ], [ -74.240343, 4.8917709 ], [ -74.2403195, 4.891856 ], [ -74.24031, 4.8919222 ], [ -74.2402991, 4.8920719 ], [ -74.2402897, 4.892157 ], [ -74.240285, 4.8922137 ], [ -74.2402646, 4.8923445 ], [ -74.2402678, 4.8925053 ], [ -74.2402552, 4.8926377 ], [ -74.2402993, 4.892789 ], [ -74.2404533, 4.8928488 ], [ -74.2406984, 4.8928614 ], [ -74.2410755, 4.8928613 ], [ -74.2413332, 4.8928801 ], [ -74.241396, 4.8929557 ], [ -74.2413018, 4.8930629 ], [ -74.2411132, 4.8931575 ], [ -74.2409498, 4.8931639 ], [ -74.2407864, 4.8932207 ], [ -74.2406796, 4.8932585 ], [ -74.2404785, 4.8932775 ], [ -74.2403968, 4.8933531 ], [ -74.2402963, 4.8934855 ], [ -74.240224, 4.8936053 ], [ -74.2401738, 4.893744 ], [ -74.2401455, 4.8938355 ], [ -74.2401078, 4.8939647 ], [ -74.2401142, 4.8940687 ], [ -74.2400545, 4.8941948 ], [ -74.2399885, 4.8942894 ], [ -74.2398533, 4.894157 ], [ -74.2397936, 4.8939175 ], [ -74.2397558, 4.8938135 ], [ -74.2397935, 4.8934699 ], [ -74.2398123, 4.8934226 ], [ -74.2398846, 4.8933217 ], [ -74.2399348, 4.8931767 ], [ -74.2399191, 4.8930538 ], [ -74.2397965, 4.8929624 ], [ -74.2396519, 4.8929026 ], [ -74.2394539, 4.8928364 ], [ -74.2393816, 4.892786 ], [ -74.2393313, 4.892723 ], [ -74.2392968, 4.89266 ], [ -74.2392873, 4.892515 ], [ -74.2392559, 4.8923984 ], [ -74.2392118, 4.8922975 ], [ -74.2391773, 4.8922502 ], [ -74.2391301, 4.8921872 ], [ -74.2390672, 4.8921273 ], [ -74.2389887, 4.8920643 ], [ -74.2389572, 4.8920296 ], [ -74.2389132, 4.8919477 ], [ -74.2388975, 4.8918563 ], [ -74.2388692, 4.8917302 ], [ -74.2388314, 4.891664 ], [ -74.2387843, 4.89156 ], [ -74.2387623, 4.8914718 ], [ -74.2387308, 4.8913678 ], [ -74.2386459, 4.8912102 ], [ -74.2385673, 4.8910841 ], [ -74.2384636, 4.8910054 ], [ -74.2384447, 4.890936 ], [ -74.2383913, 4.8908068 ], [ -74.2383693, 4.8906492 ], [ -74.2383441, 4.8905326 ], [ -74.2382875, 4.8904475 ], [ -74.2381429, 4.8903719 ], [ -74.2380863, 4.8903152 ], [ -74.2380643, 4.8901986 ], [ -74.2380706, 4.8901135 ], [ -74.238102, 4.8899306 ], [ -74.2381051, 4.8898298 ], [ -74.2380862, 4.8897415 ], [ -74.2380108, 4.8896816 ], [ -74.2379668, 4.8896155 ], [ -74.2379133, 4.8895335 ], [ -74.2378787, 4.8894579 ], [ -74.2378473, 4.8893728 ], [ -74.2378221, 4.8892593 ], [ -74.2377938, 4.8891206 ], [ -74.2377781, 4.8890135 ], [ -74.2377749, 4.8888527 ], [ -74.2377843, 4.8887676 ], [ -74.2378283, 4.8887014 ], [ -74.2378817, 4.8885848 ], [ -74.2379382, 4.8884524 ], [ -74.2379099, 4.8883641 ], [ -74.2378093, 4.888257 ], [ -74.2375603, 4.8881579 ], [ -74.2388727, 4.8876763 ], [ -74.2386695, 4.8866214 ], [ -74.2390776, 4.8859311 ], [ -74.2373306, 4.8839546 ], [ -74.2373306, 4.883879 ], [ -74.2373494, 4.8837025 ], [ -74.2373557, 4.8835827 ], [ -74.2373871, 4.8834818 ], [ -74.2374122, 4.8832612 ], [ -74.2374027, 4.8830279 ], [ -74.2372833, 4.8828798 ], [ -74.2372235, 4.8828357 ], [ -74.2371198, 4.8827632 ], [ -74.2370381, 4.8827191 ], [ -74.2369564, 4.8826435 ], [ -74.2369029, 4.88253 ], [ -74.2368243, 4.8824103 ], [ -74.2367112, 4.8823252 ], [ -74.2366546, 4.8822874 ], [ -74.2365163, 4.8822338 ], [ -74.2362838, 4.8821267 ], [ -74.2361455, 4.8820227 ], [ -74.2360889, 4.8819377 ], [ -74.235982, 4.8818274 ], [ -74.235894, 4.8817171 ], [ -74.2358657, 4.8816194 ], [ -74.2358783, 4.8814901 ], [ -74.2359128, 4.881364 ], [ -74.2359159, 4.8812695 ], [ -74.2358656, 4.881219 ], [ -74.2356802, 4.8811939 ], [ -74.2356488, 4.8811214 ], [ -74.235611, 4.8809638 ], [ -74.2355701, 4.880781 ], [ -74.235545, 4.8806801 ], [ -74.2355135, 4.8804311 ], [ -74.235548, 4.8802672 ], [ -74.2356045, 4.8801159 ], [ -74.2356422, 4.8800182 ], [ -74.2356925, 4.8797944 ], [ -74.2356736, 4.8796305 ], [ -74.2356358, 4.879495 ], [ -74.2356107, 4.8793815 ], [ -74.2355635, 4.8792586 ], [ -74.2355477, 4.8790474 ], [ -74.2355665, 4.8788646 ], [ -74.2354754, 4.8787322 ], [ -74.2353465, 4.8787606 ], [ -74.235224, 4.8788678 ], [ -74.2351329, 4.878912 ], [ -74.2350512, 4.8788458 ], [ -74.2349757, 4.8787449 ], [ -74.2349129, 4.8786788 ], [ -74.2348123, 4.8785716 ], [ -74.2346991, 4.8785181 ], [ -74.2346175, 4.8786032 ], [ -74.2345955, 4.8786883 ], [ -74.2344887, 4.8787986 ], [ -74.2343315, 4.8788176 ], [ -74.2342247, 4.8787609 ], [ -74.2341367, 4.8786884 ], [ -74.2340487, 4.8786348 ], [ -74.2338916, 4.8786317 ], [ -74.2337372, 4.8786723 ], [ -74.2323006, 4.8764868 ], [ -74.229154, 4.8785674 ], [ -74.2294248, 4.8789907 ], [ -74.2294798, 4.8790597 ], [ -74.2296542, 4.8792161 ], [ -74.2298653, 4.8794232 ], [ -74.2299617, 4.8795842 ], [ -74.2300764, 4.8797705 ], [ -74.2301773, 4.8798971 ], [ -74.2302554, 4.8799845 ], [ -74.2303701, 4.8800489 ], [ -74.2305077, 4.8801317 ], [ -74.2305857, 4.8802605 ], [ -74.230705, 4.8803617 ], [ -74.2308702, 4.8804537 ], [ -74.2310675, 4.8806239 ], [ -74.2312878, 4.8808355 ], [ -74.2314988, 4.8810656 ], [ -74.2317464, 4.8808779 ], [ -74.2318055, 4.8809552 ], [ -74.2318495, 4.8810151 ], [ -74.2318935, 4.881097 ], [ -74.2319281, 4.8811853 ], [ -74.2319816, 4.8813492 ], [ -74.2320036, 4.8814847 ], [ -74.2319911, 4.881718 ], [ -74.2319691, 4.8818409 ], [ -74.2318906, 4.8820616 ], [ -74.2317838, 4.8822097 ], [ -74.2316644, 4.8823737 ], [ -74.2315608, 4.8824808 ], [ -74.2315576, 4.8823233 ], [ -74.2315324, 4.8822003 ], [ -74.231479, 4.8821121 ], [ -74.2314255, 4.8820301 ], [ -74.2313344, 4.8819198 ], [ -74.2312967, 4.8818726 ], [ -74.2312401, 4.8818095 ], [ -74.2311615, 4.8817497 ], [ -74.2309918, 4.8816898 ], [ -74.2307593, 4.8816741 ], [ -74.2306084, 4.881671 ], [ -74.2303665, 4.8817215 ], [ -74.2302156, 4.8817814 ], [ -74.2300522, 4.8817941 ], [ -74.2298291, 4.8818162 ], [ -74.2296752, 4.8818666 ], [ -74.2295903, 4.8819108 ], [ -74.2294898, 4.8819865 ], [ -74.2294615, 4.8821031 ], [ -74.2294301, 4.8822418 ], [ -74.2294302, 4.8823458 ], [ -74.2294302, 4.8824656 ], [ -74.2294868, 4.8826106 ], [ -74.2295057, 4.8827303 ], [ -74.229512, 4.8828753 ], [ -74.229556, 4.8829951 ], [ -74.2296126, 4.8830707 ], [ -74.2296692, 4.8832031 ], [ -74.2297383, 4.8833102 ], [ -74.2297635, 4.8833544 ], [ -74.2298326, 4.8833733 ], [ -74.2298641, 4.8834993 ], [ -74.2298641, 4.8837263 ], [ -74.2298641, 4.8838019 ], [ -74.2298359, 4.8838965 ], [ -74.229773, 4.8839532 ], [ -74.2296882, 4.8839942 ], [ -74.2295877, 4.8840415 ], [ -74.2294871, 4.8840857 ], [ -74.2293646, 4.8841456 ], [ -74.2293237, 4.8841677 ], [ -74.2291949, 4.8842339 ], [ -74.2291069, 4.8843379 ], [ -74.2290944, 4.8843821 ], [ -74.2291038, 4.884464 ], [ -74.2291321, 4.8845207 ], [ -74.2291903, 4.8845759 ], [ -74.229228, 4.8846421 ], [ -74.2292186, 4.8846894 ], [ -74.2291777, 4.8847114 ], [ -74.2291054, 4.884661 ], [ -74.2290206, 4.8845759 ], [ -74.2289483, 4.8844908 ], [ -74.2288697, 4.8843931 ], [ -74.2287974, 4.8843207 ], [ -74.2287282, 4.8842955 ], [ -74.228656, 4.8842892 ], [ -74.2285931, 4.8843491 ], [ -74.2285649, 4.8844184 ], [ -74.2285366, 4.8844972 ], [ -74.2284958, 4.8846044 ], [ -74.2283638, 4.8848125 ], [ -74.2282193, 4.8850268 ], [ -74.2281502, 4.885112 ], [ -74.2280842, 4.8851876 ], [ -74.2279837, 4.8853547 ], [ -74.2279429, 4.8855785 ], [ -74.2279178, 4.885651 ], [ -74.2278518, 4.8857613 ], [ -74.2278456, 4.8858086 ], [ -74.2278204, 4.8859063 ], [ -74.2278016, 4.8860009 ], [ -74.2277985, 4.8860576 ], [ -74.2278142, 4.8861364 ], [ -74.2278519, 4.8862373 ], [ -74.2279117, 4.8863697 ], [ -74.2279274, 4.886398 ], [ -74.2279746, 4.8865462 ], [ -74.2279809, 4.8865714 ], [ -74.2279997, 4.886729 ], [ -74.2280092, 4.8868172 ], [ -74.2280124, 4.8869338 ], [ -74.228003, 4.887041 ], [ -74.228047, 4.8871356 ], [ -74.228201, 4.887208 ], [ -74.2283895, 4.8872773 ], [ -74.2284461, 4.8872931 ], [ -74.228531, 4.8873687 ], [ -74.2286158, 4.8874475 ], [ -74.2286944, 4.8875326 ], [ -74.2287793, 4.8876208 ], [ -74.2288359, 4.8876775 ], [ -74.2289144, 4.8877563 ], [ -74.2289836, 4.8878572 ], [ -74.228971, 4.8879013 ], [ -74.2288705, 4.8878509 ], [ -74.2288076, 4.8877816 ], [ -74.2287133, 4.8877059 ], [ -74.2286284, 4.8876587 ], [ -74.2285593, 4.8876209 ], [ -74.2284744, 4.8875894 ], [ -74.2283205, 4.8875705 ], [ -74.2280785, 4.8876084 ], [ -74.2280314, 4.887643 ], [ -74.2279277, 4.8877061 ], [ -74.2278397, 4.8877818 ], [ -74.2277109, 4.8877944 ], [ -74.2276449, 4.8877818 ], [ -74.227494, 4.8877598 ], [ -74.2273338, 4.8878418 ], [ -74.227183, 4.8879931 ], [ -74.227139, 4.8880625 ], [ -74.2270793, 4.8881602 ], [ -74.2270291, 4.8882516 ], [ -74.2269568, 4.8884155 ], [ -74.2269348, 4.8885416 ], [ -74.2269192, 4.8886645 ], [ -74.2268438, 4.8889262 ], [ -74.2268093, 4.8890523 ], [ -74.2267684, 4.8891531 ], [ -74.2266459, 4.8893927 ], [ -74.2266114, 4.8894085 ], [ -74.2266113, 4.8890555 ], [ -74.2265829, 4.8887718 ], [ -74.2265923, 4.8882454 ], [ -74.2266299, 4.8880247 ], [ -74.2266864, 4.8878451 ], [ -74.2267492, 4.8875425 ], [ -74.2267838, 4.8874164 ], [ -74.2267554, 4.887139 ], [ -74.2267145, 4.8870003 ], [ -74.2266359, 4.8868459 ], [ -74.226416, 4.8867861 ], [ -74.2261363, 4.8868271 ], [ -74.225888, 4.8868587 ], [ -74.2257341, 4.8868682 ], [ -74.2254104, 4.8868745 ], [ -74.2252595, 4.8868935 ], [ -74.2251119, 4.8868998 ], [ -74.2249264, 4.8868179 ], [ -74.2248887, 4.8867265 ], [ -74.2248478, 4.8866099 ], [ -74.2247912, 4.8864775 ], [ -74.2247063, 4.8863326 ], [ -74.22459, 4.8862002 ], [ -74.2245146, 4.886112 ], [ -74.2243637, 4.885863 ], [ -74.2242694, 4.8856928 ], [ -74.224172, 4.885551 ], [ -74.2240588, 4.8853556 ], [ -74.2240179, 4.8851696 ], [ -74.223977, 4.88499 ], [ -74.2238795, 4.8847914 ], [ -74.2238167, 4.8847189 ], [ -74.223669, 4.8846433 ], [ -74.2235621, 4.8847032 ], [ -74.223471, 4.8848356 ], [ -74.223292, 4.8850216 ], [ -74.223204, 4.8851288 ], [ -74.2230626, 4.8852991 ], [ -74.2229966, 4.8853653 ], [ -74.2229212, 4.8853936 ], [ -74.2226824, 4.8853811 ], [ -74.2223304, 4.885378 ], [ -74.2221042, 4.8854474 ], [ -74.2219565, 4.8855136 ], [ -74.2217774, 4.8855704 ], [ -74.2215606, 4.8856366 ], [ -74.2213815, 4.8857218 ], [ -74.2213187, 4.8858006 ], [ -74.2213721, 4.8858857 ], [ -74.2214475, 4.8859834 ], [ -74.221457, 4.8860212 ], [ -74.2214601, 4.886059 ], [ -74.2214444, 4.8861 ], [ -74.2214083, 4.8861189 ], [ -74.2213674, 4.8860953 ], [ -74.2213156, 4.8860528 ], [ -74.2212763, 4.8859976 ], [ -74.2212056, 4.8859172 ], [ -74.2211254, 4.8858621 ], [ -74.221072, 4.8858479 ], [ -74.2210186, 4.8858464 ], [ -74.2209133, 4.8858795 ], [ -74.2208583, 4.8859252 ], [ -74.220775, 4.8859678 ], [ -74.2207279, 4.8859961 ], [ -74.2206949, 4.8860592 ], [ -74.2207059, 4.8861159 ], [ -74.2207044, 4.8862026 ], [ -74.2207028, 4.8862672 ], [ -74.2206824, 4.8863098 ], [ -74.2206479, 4.886346 ], [ -74.2205882, 4.8863697 ], [ -74.2205237, 4.8863713 ], [ -74.2204295, 4.8863445 ], [ -74.2203022, 4.8862342 ], [ -74.220233, 4.8861728 ], [ -74.2201874, 4.8861286 ], [ -74.2201434, 4.8860814 ], [ -74.2200774, 4.8860341 ], [ -74.2200146, 4.8860042 ], [ -74.219914, 4.8860058 ], [ -74.2197962, 4.8860736 ], [ -74.2197082, 4.8862012 ], [ -74.2196485, 4.8863336 ], [ -74.2195763, 4.8864503 ], [ -74.2195135, 4.8865039 ], [ -74.2194349, 4.8866331 ], [ -74.2193784, 4.8867372 ], [ -74.2193784, 4.8868191 ], [ -74.2193816, 4.8869011 ], [ -74.2194161, 4.8870051 ], [ -74.2194507, 4.8870839 ], [ -74.219479, 4.8872036 ], [ -74.219501, 4.8872667 ], [ -74.2195388, 4.8873549 ], [ -74.2195671, 4.8874463 ], [ -74.2195828, 4.8875157 ], [ -74.2195828, 4.8877079 ], [ -74.2195797, 4.8878309 ], [ -74.2195295, 4.8879948 ], [ -74.2195044, 4.8880736 ], [ -74.2194793, 4.8882375 ], [ -74.2194573, 4.888332 ], [ -74.2193944, 4.8884392 ], [ -74.2192625, 4.8886063 ], [ -74.2191462, 4.888682 ], [ -74.2190614, 4.8887545 ], [ -74.2190112, 4.8888648 ], [ -74.219008, 4.888931 ], [ -74.2190238, 4.8890319 ], [ -74.2190332, 4.8890729 ], [ -74.2191212, 4.8891642 ], [ -74.2192626, 4.8892619 ], [ -74.2194261, 4.8893565 ], [ -74.2194481, 4.8893722 ], [ -74.2195298, 4.8894541 ], [ -74.2196429, 4.8895676 ], [ -74.2196838, 4.8895991 ], [ -74.2198001, 4.8897125 ], [ -74.2199038, 4.8898228 ], [ -74.2199133, 4.8898544 ], [ -74.2199008, 4.8902988 ], [ -74.2198741, 4.8904454 ], [ -74.2198678, 4.8905525 ], [ -74.2198144, 4.8906471 ], [ -74.2197328, 4.8907764 ], [ -74.2196856, 4.8909056 ], [ -74.2196888, 4.8910569 ], [ -74.2197077, 4.8911515 ], [ -74.2197894, 4.8913532 ], [ -74.2198743, 4.8914666 ], [ -74.2199215, 4.8915549 ], [ -74.2200975, 4.8917975 ], [ -74.2202767, 4.8919551 ], [ -74.2203961, 4.892037 ], [ -74.2204935, 4.8920906 ], [ -74.2205344, 4.8921095 ], [ -74.2206538, 4.8921851 ], [ -74.2207104, 4.8922166 ], [ -74.2208078, 4.8922985 ], [ -74.2208267, 4.8923269 ], [ -74.2208267, 4.8923679 ], [ -74.2207387, 4.8923774 ], [ -74.2206633, 4.8923963 ], [ -74.2205753, 4.8924341 ], [ -74.220525, 4.8925539 ], [ -74.2205219, 4.8926138 ], [ -74.2205408, 4.8927178 ], [ -74.2205471, 4.8927682 ], [ -74.2206225, 4.8927934 ], [ -74.2206759, 4.8928281 ], [ -74.2207137, 4.8928848 ], [ -74.2207168, 4.8929321 ], [ -74.2207011, 4.8929952 ], [ -74.2206854, 4.8930267 ], [ -74.2206289, 4.8930929 ], [ -74.2205692, 4.893137 ], [ -74.2205472, 4.8931906 ], [ -74.2205283, 4.8933104 ], [ -74.2205315, 4.8933545 ], [ -74.2205488, 4.8935578 ], [ -74.2205787, 4.8936492 ], [ -74.2206117, 4.8937123 ], [ -74.2206494, 4.8937895 ], [ -74.2206887, 4.8938809 ], [ -74.2207202, 4.8939281 ], [ -74.2207595, 4.8939928 ], [ -74.2208003, 4.8940337 ], [ -74.2208585, 4.8941078 ], [ -74.2209088, 4.8941787 ], [ -74.2209355, 4.8942197 ], [ -74.2209277, 4.8943599 ], [ -74.2209214, 4.8944245 ], [ -74.2209136, 4.8944955 ], [ -74.2209183, 4.8945979 ], [ -74.2209623, 4.8946499 ], [ -74.2209984, 4.8947003 ], [ -74.2210157, 4.8947192 ], [ -74.221077, 4.8948012 ], [ -74.221143, 4.8948705 ], [ -74.2211839, 4.8949304 ], [ -74.2212216, 4.8950281 ], [ -74.2212531, 4.89511 ], [ -74.2212908, 4.8952014 ], [ -74.22136, 4.8953149 ], [ -74.2213946, 4.8954157 ], [ -74.2214134, 4.895463 ], [ -74.2214417, 4.8955166 ], [ -74.2214983, 4.8956111 ], [ -74.2215737, 4.895712 ], [ -74.2216398, 4.8958223 ], [ -74.2216901, 4.8958853 ], [ -74.2217341, 4.8959452 ], [ -74.2218252, 4.8960555 ], [ -74.2218346, 4.8960744 ], [ -74.2218912, 4.896191 ], [ -74.2219101, 4.8963171 ], [ -74.2219416, 4.8964526 ], [ -74.2219793, 4.8965377 ], [ -74.2220107, 4.8966165 ], [ -74.2220296, 4.896689 ], [ -74.2219825, 4.8967332 ], [ -74.2218631, 4.8966827 ], [ -74.2217719, 4.8966008 ], [ -74.2216682, 4.8965126 ], [ -74.2215111, 4.8964748 ], [ -74.2214293, 4.8964653 ], [ -74.2212628, 4.8965064 ], [ -74.2211842, 4.8965347 ], [ -74.2210994, 4.8965726 ], [ -74.221002, 4.8966041 ], [ -74.220892, 4.8966136 ], [ -74.2206186, 4.8966546 ], [ -74.2205243, 4.8966767 ], [ -74.2203971, 4.8967745 ], [ -74.220306, 4.8968533 ], [ -74.2202306, 4.8969289 ], [ -74.2201489, 4.8970235 ], [ -74.2199997, 4.8971638 ], [ -74.2199572, 4.897208 ], [ -74.2198803, 4.8972947 ], [ -74.2198536, 4.8973672 ], [ -74.2198489, 4.8973955 ], [ -74.2198363, 4.8975878 ], [ -74.2198364, 4.8976902 ], [ -74.2198097, 4.8977817 ], [ -74.2197421, 4.8979077 ], [ -74.2196164, 4.8980323 ], [ -74.2195112, 4.8981111 ], [ -74.2193965, 4.898182 ], [ -74.2193509, 4.898223 ], [ -74.2192724, 4.8983003 ], [ -74.2192064, 4.8984185 ], [ -74.2191467, 4.8985288 ], [ -74.2190902, 4.8986155 ], [ -74.2189661, 4.8988314 ], [ -74.2189268, 4.8989244 ], [ -74.2188719, 4.8990679 ], [ -74.2188342, 4.8993074 ], [ -74.2188374, 4.8993894 ], [ -74.2188908, 4.8995312 ], [ -74.2189191, 4.8995816 ], [ -74.2189757, 4.8996352 ], [ -74.2190889, 4.8997108 ], [ -74.2191297, 4.8997423 ], [ -74.2191769, 4.8998054 ], [ -74.2192366, 4.8998715 ], [ -74.2192743, 4.8999756 ], [ -74.2192649, 4.9000228 ], [ -74.2191769, 4.9000481 ], [ -74.2190952, 4.9000575 ], [ -74.2190512, 4.9000702 ], [ -74.2190269, 4.9001356 ], [ -74.2190025, 4.9001687 ], [ -74.2189711, 4.9001829 ], [ -74.2189365, 4.9001837 ], [ -74.218847, 4.9001608 ], [ -74.2187825, 4.900127 ], [ -74.2186946, 4.9001025 ], [ -74.2186474, 4.9001104 ], [ -74.2185948, 4.9001546 ], [ -74.2185563, 4.9002287 ], [ -74.2185414, 4.9002972 ], [ -74.2185225, 4.900335 ], [ -74.2184896, 4.9003815 ], [ -74.2184424, 4.9004217 ], [ -74.2183757, 4.900432 ], [ -74.2183112, 4.9004226 ], [ -74.2182641, 4.9003713 ], [ -74.2182499, 4.9002768 ], [ -74.2182475, 4.9001688 ], [ -74.2182475, 4.9000885 ], [ -74.2182223, 4.8998702 ], [ -74.2181595, 4.8997567 ], [ -74.21815, 4.8995739 ], [ -74.2180934, 4.8994415 ], [ -74.2180054, 4.8993407 ], [ -74.217886, 4.8992273 ], [ -74.2177948, 4.8991516 ], [ -74.2176879, 4.8990665 ], [ -74.2175779, 4.8989562 ], [ -74.2174742, 4.8988428 ], [ -74.2174176, 4.898764 ], [ -74.2176093, 4.8985622 ], [ -74.2176469, 4.8982849 ], [ -74.2176343, 4.8981146 ], [ -74.2176091, 4.8978751 ], [ -74.2175965, 4.8976482 ], [ -74.217697, 4.897459 ], [ -74.217785, 4.8972005 ], [ -74.2177724, 4.8969736 ], [ -74.217766, 4.8968097 ], [ -74.2178289, 4.8966647 ], [ -74.2179043, 4.896589 ], [ -74.2179796, 4.8964188 ], [ -74.2179985, 4.8963116 ], [ -74.218011, 4.8960279 ], [ -74.2179984, 4.8959901 ], [ -74.2179481, 4.895883 ], [ -74.2179104, 4.8958105 ], [ -74.2178821, 4.8957254 ], [ -74.2179324, 4.8956876 ], [ -74.2180109, 4.8956749 ], [ -74.2181052, 4.8956056 ], [ -74.2181209, 4.8955268 ], [ -74.2181114, 4.8953881 ], [ -74.2180925, 4.8952904 ], [ -74.2179762, 4.8950445 ], [ -74.2178725, 4.8949721 ], [ -74.2177248, 4.8950257 ], [ -74.217618, 4.8950667 ], [ -74.2175394, 4.8950415 ], [ -74.2174797, 4.8949154 ], [ -74.2174702, 4.8947547 ], [ -74.217511, 4.894638 ], [ -74.2175613, 4.8945498 ], [ -74.217621, 4.8944048 ], [ -74.2175769, 4.8941841 ], [ -74.217536, 4.8937555 ], [ -74.2175171, 4.8934277 ], [ -74.2174982, 4.8933173 ], [ -74.2174824, 4.8930778 ], [ -74.2175201, 4.8929864 ], [ -74.2175892, 4.8929296 ], [ -74.2176395, 4.8928634 ], [ -74.2176678, 4.8927972 ], [ -74.2176741, 4.8927499 ], [ -74.2177055, 4.8926491 ], [ -74.2176929, 4.892586 ], [ -74.2177526, 4.8924978 ], [ -74.217894, 4.892378 ], [ -74.2179913, 4.8922865 ], [ -74.2181045, 4.892192 ], [ -74.2182396, 4.8920595 ], [ -74.2182678, 4.891965 ], [ -74.2182301, 4.8918704 ], [ -74.2181767, 4.8917948 ], [ -74.2181232, 4.891779 ], [ -74.2180321, 4.8917223 ], [ -74.2179347, 4.8916435 ], [ -74.2177901, 4.8915396 ], [ -74.2177115, 4.8915017 ], [ -74.2176204, 4.891445 ], [ -74.2175481, 4.8914041 ], [ -74.2174632, 4.8913663 ], [ -74.2173312, 4.8912654 ], [ -74.2172558, 4.8911709 ], [ -74.2171803, 4.8910637 ], [ -74.217108, 4.8909156 ], [ -74.2170483, 4.8908589 ], [ -74.2169886, 4.890758 ], [ -74.2169697, 4.8907044 ], [ -74.2169571, 4.8906351 ], [ -74.2169477, 4.8905216 ], [ -74.2169445, 4.8903073 ], [ -74.2169507, 4.8900331 ], [ -74.216957, 4.8897998 ], [ -74.2169506, 4.8895477 ], [ -74.2170134, 4.8894153 ], [ -74.2170951, 4.8893333 ], [ -74.2172145, 4.8892387 ], [ -74.2173213, 4.8891126 ], [ -74.2173779, 4.8890023 ], [ -74.2173778, 4.8888258 ], [ -74.2173621, 4.8887186 ], [ -74.2172741, 4.8886178 ], [ -74.2172081, 4.8885453 ], [ -74.2171892, 4.8884381 ], [ -74.2171515, 4.888312 ], [ -74.2170855, 4.8882553 ], [ -74.2170572, 4.8882175 ], [ -74.217054, 4.8881356 ], [ -74.2170351, 4.8879811 ], [ -74.2170383, 4.8878487 ], [ -74.2170068, 4.8877573 ], [ -74.2169314, 4.8877038 ], [ -74.2168057, 4.887625 ], [ -74.2166957, 4.8875367 ], [ -74.2165919, 4.8874611 ], [ -74.2164977, 4.8873949 ], [ -74.2163814, 4.8873508 ], [ -74.2162651, 4.8873509 ], [ -74.21613, 4.8873761 ], [ -74.2160294, 4.8874644 ], [ -74.2159226, 4.8875905 ], [ -74.2158535, 4.8876756 ], [ -74.2157781, 4.8877576 ], [ -74.2157027, 4.8878301 ], [ -74.2155645, 4.8879499 ], [ -74.2154419, 4.8880319 ], [ -74.2153414, 4.8881863 ], [ -74.2152817, 4.8882841 ], [ -74.2152283, 4.8883723 ], [ -74.215134, 4.888489 ], [ -74.2150901, 4.8885772 ], [ -74.2149801, 4.8887758 ], [ -74.2149456, 4.8888704 ], [ -74.214933, 4.8889334 ], [ -74.2149205, 4.8889996 ], [ -74.2149173, 4.8890532 ], [ -74.2149079, 4.8891131 ], [ -74.2148954, 4.8891667 ], [ -74.2148419, 4.8892014 ], [ -74.2147885, 4.8892172 ], [ -74.2147382, 4.8892329 ], [ -74.2146283, 4.8892046 ], [ -74.2145151, 4.8891479 ], [ -74.2143863, 4.8890849 ], [ -74.2143234, 4.8890596 ], [ -74.2141694, 4.8890219 ], [ -74.2140751, 4.8890156 ], [ -74.2139463, 4.8890471 ], [ -74.2139086, 4.8890723 ], [ -74.2138458, 4.8890913 ], [ -74.2136446, 4.8891291 ], [ -74.2135849, 4.8891701 ], [ -74.2135284, 4.88923 ], [ -74.213497, 4.8892899 ], [ -74.2134341, 4.8893498 ], [ -74.2131827, 4.8893719 ], [ -74.2131073, 4.8894255 ], [ -74.2130759, 4.8895169 ], [ -74.2130759, 4.88958 ], [ -74.2130665, 4.889725 ], [ -74.2129974, 4.8898637 ], [ -74.212856, 4.8899299 ], [ -74.2127335, 4.8899583 ], [ -74.2126581, 4.8900087 ], [ -74.2125167, 4.8901475 ], [ -74.2124664, 4.8901821 ], [ -74.212435, 4.890242 ], [ -74.2123879, 4.8903398 ], [ -74.2124382, 4.8904469 ], [ -74.2124885, 4.8905036 ], [ -74.2125702, 4.8905824 ], [ -74.2126739, 4.8906864 ], [ -74.2126959, 4.8907211 ], [ -74.2127494, 4.8907778 ], [ -74.2128217, 4.8908818 ], [ -74.212894, 4.890989 ], [ -74.2129411, 4.8910709 ], [ -74.21296, 4.8912096 ], [ -74.2128783, 4.8912317 ], [ -74.2127557, 4.8911687 ], [ -74.2126929, 4.8911182 ], [ -74.2126206, 4.8910205 ], [ -74.2125828, 4.8909008 ], [ -74.212498, 4.8907747 ], [ -74.212432, 4.8907211 ], [ -74.2121931, 4.8907212 ], [ -74.2121554, 4.8907306 ], [ -74.2119889, 4.8907622 ], [ -74.2117626, 4.8908505 ], [ -74.2116464, 4.8910144 ], [ -74.2115899, 4.8911594 ], [ -74.2115616, 4.8912256 ], [ -74.211505, 4.8913423 ], [ -74.2114108, 4.8914368 ], [ -74.2113291, 4.8915283 ], [ -74.2112443, 4.8916071 ], [ -74.2111375, 4.8917647 ], [ -74.2111092, 4.891875 ], [ -74.2110967, 4.8920169 ], [ -74.2110841, 4.8921556 ], [ -74.211081, 4.892269 ], [ -74.2110904, 4.8923951 ], [ -74.2111031, 4.8925685 ], [ -74.2110976, 4.8926678 ], [ -74.2110709, 4.8927024 ], [ -74.211019, 4.8927174 ], [ -74.2109774, 4.8927229 ], [ -74.2109059, 4.8926859 ], [ -74.210865, 4.8926434 ], [ -74.2108147, 4.8925756 ], [ -74.2107747, 4.8925205 ], [ -74.2107236, 4.8924165 ], [ -74.2106701, 4.8923574 ], [ -74.2105452, 4.8923227 ], [ -74.21048, 4.8923204 ], [ -74.2102907, 4.8923141 ], [ -74.2101862, 4.8923283 ], [ -74.2100731, 4.8923638 ], [ -74.2100047, 4.8923961 ], [ -74.2099513, 4.8924568 ], [ -74.2099081, 4.892523 ], [ -74.2098665, 4.8925671 ], [ -74.2097856, 4.8925884 ], [ -74.2097219, 4.892538 ], [ -74.2096834, 4.8924813 ], [ -74.2096897, 4.8923434 ], [ -74.2096614, 4.8921732 ], [ -74.2096425, 4.8919935 ], [ -74.2096173, 4.8918864 ], [ -74.2095262, 4.8918076 ], [ -74.2094287, 4.8918076 ], [ -74.209325, 4.8918549 ], [ -74.2092119, 4.8919306 ], [ -74.2090925, 4.8919905 ], [ -74.2089134, 4.8920788 ], [ -74.2088097, 4.8921513 ], [ -74.208728, 4.8922049 ], [ -74.2086401, 4.8922774 ], [ -74.2085788, 4.8923026 ], [ -74.2085034, 4.8923247 ], [ -74.208439, 4.8923436 ], [ -74.2083871, 4.8923736 ], [ -74.208362, 4.892413 ], [ -74.2083478, 4.8924697 ], [ -74.2083196, 4.8925391 ], [ -74.2082819, 4.8926069 ], [ -74.2082112, 4.8926541 ], [ -74.2081468, 4.8926557 ], [ -74.2080823, 4.8926148 ], [ -74.2080352, 4.8925738 ], [ -74.2079739, 4.8925092 ], [ -74.207911, 4.8924225 ], [ -74.207812, 4.8923296 ], [ -74.2077224, 4.892235 ], [ -74.2076564, 4.8922019 ], [ -74.2075606, 4.8921436 ], [ -74.207504, 4.8921137 ], [ -74.207438, 4.8920948 ], [ -74.207372, 4.8920822 ], [ -74.2072935, 4.8920854 ], [ -74.2071913, 4.892109 ], [ -74.2071128, 4.8921879 ], [ -74.2070861, 4.8922068 ], [ -74.2070107, 4.8922383 ], [ -74.2069667, 4.892273 ], [ -74.2069541, 4.8923203 ], [ -74.2069793, 4.8923865 ], [ -74.2070044, 4.8924337 ], [ -74.2070579, 4.8924936 ], [ -74.2071066, 4.8925677 ], [ -74.2071412, 4.8926165 ], [ -74.2071742, 4.8926654 ], [ -74.2071993, 4.892719 ], [ -74.2072229, 4.8927804 ], [ -74.2072245, 4.8928372 ], [ -74.2072041, 4.8929711 ], [ -74.2071758, 4.8930294 ], [ -74.2071381, 4.8930972 ], [ -74.2070548, 4.8931618 ], [ -74.2069622, 4.8932895 ], [ -74.2069229, 4.8933557 ], [ -74.2068946, 4.8934093 ], [ -74.2068349, 4.8934676 ], [ -74.2067909, 4.8935606 ], [ -74.20678, 4.8936315 ], [ -74.2067753, 4.8937482 ], [ -74.206725, 4.8938301 ], [ -74.2066622, 4.8938617 ], [ -74.2065506, 4.8937671 ], [ -74.206516, 4.8937183 ], [ -74.2064673, 4.893671 ], [ -74.2063856, 4.8936269 ], [ -74.2063557, 4.8935623 ], [ -74.206329, 4.893474 ], [ -74.2062866, 4.8934268 ], [ -74.206208, 4.893411 ], [ -74.2061247, 4.8934 ], [ -74.2060069, 4.8933638 ], [ -74.205944, 4.8933449 ], [ -74.2058859, 4.8933086 ], [ -74.2058434, 4.8932488 ], [ -74.2057806, 4.8931731 ], [ -74.2057318, 4.8931353 ], [ -74.2056721, 4.8931133 ], [ -74.2055276, 4.8931117 ], [ -74.2053972, 4.893148 ], [ -74.2052573, 4.8932252 ], [ -74.2052118, 4.8932631 ], [ -74.2051034, 4.8933277 ], [ -74.2049148, 4.8933671 ], [ -74.2048237, 4.8933514 ], [ -74.2045864, 4.8933562 ], [ -74.2044042, 4.8934161 ], [ -74.2043225, 4.8935044 ], [ -74.2041874, 4.8936683 ], [ -74.2041026, 4.8937534 ], [ -74.2040225, 4.8938259 ], [ -74.2039408, 4.8939142 ], [ -74.2038638, 4.8939615 ], [ -74.2037475, 4.8940372 ], [ -74.2035527, 4.8941885 ], [ -74.2035182, 4.8942247 ], [ -74.2034993, 4.8943382 ], [ -74.2035151, 4.8944485 ], [ -74.2035465, 4.894521 ], [ -74.2036156, 4.8945967 ], [ -74.2036691, 4.8946408 ], [ -74.2038294, 4.8947574 ], [ -74.2039205, 4.8947983 ], [ -74.2041091, 4.8949055 ], [ -74.2041877, 4.8949716 ], [ -74.2042662, 4.8950221 ], [ -74.2043259, 4.8951008 ], [ -74.2043637, 4.8951985 ], [ -74.2044014, 4.8954034 ], [ -74.204414, 4.8956745 ], [ -74.2044078, 4.8958289 ], [ -74.2043292, 4.8959361 ], [ -74.204169, 4.896037 ], [ -74.2039836, 4.8961631 ], [ -74.2038799, 4.8962073 ], [ -74.2038014, 4.8963082 ], [ -74.2038045, 4.896387 ], [ -74.2038674, 4.8964657 ], [ -74.2039743, 4.8965319 ], [ -74.2041282, 4.8965634 ], [ -74.2042351, 4.896617 ], [ -74.2043105, 4.8966831 ], [ -74.2043891, 4.896743 ], [ -74.2044425, 4.8967714 ], [ -74.2045808, 4.8969195 ], [ -74.2046311, 4.897014 ], [ -74.2047977, 4.89704 ], [ -74.2048653, 4.897066 ], [ -74.2048896, 4.8970983 ], [ -74.2049289, 4.8971708 ], [ -74.2049439, 4.8972488 ], [ -74.2049777, 4.8973237 ], [ -74.2049942, 4.8973591 ], [ -74.2050334, 4.8973709 ], [ -74.2051112, 4.8973772 ], [ -74.205156, 4.8973812 ], [ -74.2052192, 4.8973934 ], [ -74.2052558, 4.897406 ], [ -74.2053379, 4.8974367 ], [ -74.2053846, 4.8974587 ], [ -74.2054754, 4.8975127 ], [ -74.2055017, 4.8975375 ], [ -74.2055382, 4.8975793 ], [ -74.2055885, 4.8976281 ], [ -74.20562, 4.897658 ], [ -74.2056671, 4.8976998 ], [ -74.2057135, 4.8977479 ], [ -74.2057716, 4.8977518 ], [ -74.2058274, 4.8977612 ], [ -74.2059366, 4.8977817 ], [ -74.2059908, 4.8978353 ], [ -74.2060081, 4.8979283 ], [ -74.2060144, 4.8979543 ], [ -74.2060388, 4.8980441 ], [ -74.2060592, 4.8981087 ], [ -74.2061017, 4.8982096 ], [ -74.2061441, 4.8983301 ], [ -74.2061488, 4.8984136 ], [ -74.2061929, 4.8985066 ], [ -74.2062573, 4.8986059 ], [ -74.2063547, 4.8987272 ], [ -74.2063783, 4.8987808 ], [ -74.2064302, 4.8989069 ], [ -74.2065151, 4.8990361 ], [ -74.2065685, 4.8991023 ], [ -74.2066722, 4.8991684 ], [ -74.2067885, 4.8992787 ], [ -74.2068734, 4.8993323 ], [ -74.2069771, 4.8994016 ], [ -74.2071122, 4.8995434 ], [ -74.2071814, 4.8996254 ], [ -74.2072348, 4.8996663 ], [ -74.207326, 4.8997073 ], [ -74.2073747, 4.8997372 ], [ -74.2074328, 4.8998081 ], [ -74.2074533, 4.8998775 ], [ -74.2074753, 4.8999563 ], [ -74.2075334, 4.9000319 ], [ -74.2076073, 4.9000682 ], [ -74.2076419, 4.9001469 ], [ -74.2076623, 4.9002714 ], [ -74.2076592, 4.9003944 ], [ -74.2076938, 4.9004889 ], [ -74.2077818, 4.900626 ], [ -74.2078368, 4.9006906 ], [ -74.2079091, 4.900741 ], [ -74.2079783, 4.9007899 ], [ -74.20806, 4.9008198 ], [ -74.2081951, 4.9008056 ], [ -74.2082768, 4.900752 ], [ -74.2083443, 4.9007157 ], [ -74.2085156, 4.9006747 ], [ -74.2086507, 4.9006716 ], [ -74.2087874, 4.900681 ], [ -74.208954, 4.900692 ], [ -74.2091095, 4.9006983 ], [ -74.2093217, 4.9007423 ], [ -74.2095621, 4.9007959 ], [ -74.2097318, 4.9008463 ], [ -74.2097758, 4.9008636 ], [ -74.2098874, 4.9009187 ], [ -74.209922, 4.9010259 ], [ -74.2099251, 4.9010653 ], [ -74.2098748, 4.9011693 ], [ -74.209845, 4.901234 ], [ -74.2097869, 4.9012797 ], [ -74.2095921, 4.9013522 ], [ -74.2095323, 4.9013648 ], [ -74.2093029, 4.9013649 ], [ -74.2091238, 4.9013712 ], [ -74.2089793, 4.9013965 ], [ -74.2089384, 4.9014154 ], [ -74.2089384, 4.9015162 ], [ -74.2089762, 4.9016297 ], [ -74.2090296, 4.9017936 ], [ -74.2091208, 4.9019039 ], [ -74.2091585, 4.9019606 ], [ -74.2091915, 4.9020993 ], [ -74.2092104, 4.9021608 ], [ -74.2092104, 4.9022963 ], [ -74.2092733, 4.9024429 ], [ -74.2093142, 4.902528 ], [ -74.2093409, 4.9026146 ], [ -74.2093724, 4.9027738 ], [ -74.2094321, 4.9029235 ], [ -74.2094525, 4.9030354 ], [ -74.2094604, 4.9031946 ], [ -74.2094432, 4.9032907 ], [ -74.2094526, 4.9035476 ], [ -74.2094699, 4.9035933 ], [ -74.2094919, 4.9036358 ], [ -74.2095155, 4.90368 ], [ -74.2095391, 4.9037509 ], [ -74.209536, 4.9038234 ], [ -74.2095376, 4.9039006 ], [ -74.2095077, 4.9039558 ], [ -74.20947, 4.9040251 ], [ -74.2094198, 4.9041228 ], [ -74.2093978, 4.9041622 ], [ -74.2093899, 4.9042347 ], [ -74.2094135, 4.9043214 ], [ -74.2094355, 4.9043813 ], [ -74.2094355, 4.904416 ], [ -74.2094497, 4.9044837 ], [ -74.2094921, 4.9045483 ], [ -74.2095424, 4.904624 ], [ -74.2095566, 4.9046681 ], [ -74.2095707, 4.9047532 ], [ -74.2095912, 4.9048572 ], [ -74.2096226, 4.9049612 ], [ -74.2096761, 4.9050274 ], [ -74.2097075, 4.9051283 ], [ -74.2097201, 4.9051708 ], [ -74.2097374, 4.9052748 ], [ -74.2097327, 4.9053599 ], [ -74.2097468, 4.9054198 ], [ -74.209838, 4.905486 ], [ -74.2099009, 4.9055569 ], [ -74.2099449, 4.9056609 ], [ -74.2099637, 4.9057775 ], [ -74.2099638, 4.9058973 ], [ -74.2099764, 4.9060328 ], [ -74.2099575, 4.9061526 ], [ -74.2099324, 4.9062251 ], [ -74.2098931, 4.9062803 ], [ -74.2097502, 4.9064348 ], [ -74.2097754, 4.9066806 ], [ -74.2097943, 4.9068256 ], [ -74.2097189, 4.9069328 ], [ -74.2096937, 4.9069202 ], [ -74.2095617, 4.9068446 ], [ -74.2094108, 4.9064664 ], [ -74.209285, 4.906126 ], [ -74.209065, 4.9057919 ], [ -74.2088701, 4.905628 ], [ -74.2085621, 4.9054894 ], [ -74.2081221, 4.9054075 ], [ -74.2079147, 4.9053319 ], [ -74.2077764, 4.9052752 ], [ -74.2075816, 4.9051744 ], [ -74.207481, 4.9050925 ], [ -74.2072987, 4.9050168 ], [ -74.207041, 4.90479 ], [ -74.2068964, 4.9046135 ], [ -74.2067769, 4.904437 ], [ -74.2067141, 4.9042983 ], [ -74.206582, 4.9040588 ], [ -74.2065569, 4.9039768 ], [ -74.2064374, 4.9037247 ], [ -74.2063619, 4.9035183 ], [ -74.2063462, 4.9034363 ], [ -74.2063603, 4.9033544 ], [ -74.2063886, 4.9032771 ], [ -74.2064279, 4.9031605 ], [ -74.2064938, 4.9030439 ], [ -74.2065535, 4.9029997 ], [ -74.2066038, 4.9029855 ], [ -74.2067389, 4.9029808 ], [ -74.2068426, 4.9029949 ], [ -74.2069259, 4.9030264 ], [ -74.2069699, 4.9030769 ], [ -74.2069982, 4.9031115 ], [ -74.2070705, 4.9031809 ], [ -74.2071774, 4.903206 ], [ -74.2072606, 4.9031903 ], [ -74.2073596, 4.9031241 ], [ -74.2073863, 4.9030626 ], [ -74.2074523, 4.9029144 ], [ -74.2074617, 4.9027994 ], [ -74.2074648, 4.9027048 ], [ -74.2074585, 4.9026071 ], [ -74.2074318, 4.9024432 ], [ -74.2074019, 4.9023329 ], [ -74.207361, 4.9021926 ], [ -74.2073547, 4.9020997 ], [ -74.2073406, 4.9019972 ], [ -74.2073123, 4.9019169 ], [ -74.2072494, 4.9018207 ], [ -74.2071598, 4.9017057 ], [ -74.2071205, 4.9016269 ], [ -74.2071268, 4.9015717 ], [ -74.2070875, 4.9014504 ], [ -74.2069963, 4.9013448 ], [ -74.2068847, 4.9012739 ], [ -74.2067575, 4.9012235 ], [ -74.2066443, 4.9012078 ], [ -74.2064511, 4.9012204 ], [ -74.2063474, 4.9012898 ], [ -74.2063144, 4.9012331 ], [ -74.2061792, 4.9011196 ], [ -74.2061509, 4.9010723 ], [ -74.206132, 4.9008549 ], [ -74.2061194, 4.9007918 ], [ -74.2061068, 4.9005428 ], [ -74.2060722, 4.9003789 ], [ -74.2060722, 4.9001551 ], [ -74.2062387, 4.900029 ], [ -74.2063644, 4.8998998 ], [ -74.2052297, 4.8987716 ], [ -74.2050946, 4.8986991 ], [ -74.2049531, 4.8986109 ], [ -74.2047866, 4.8984722 ], [ -74.204708, 4.8984123 ], [ -74.2045823, 4.8983336 ], [ -74.2044566, 4.8982296 ], [ -74.2042428, 4.8980184 ], [ -74.2041234, 4.8979239 ], [ -74.2040291, 4.897864 ], [ -74.2039694, 4.8978924 ], [ -74.2039034, 4.8979838 ], [ -74.2038657, 4.8980437 ], [ -74.2037557, 4.8980043 ], [ -74.2034792, 4.8978547 ], [ -74.2033487, 4.8977806 ], [ -74.2032104, 4.897705 ], [ -74.203124, 4.8976577 ], [ -74.2030344, 4.897612 ], [ -74.2029009, 4.8975443 ], [ -74.2027563, 4.8974923 ], [ -74.2026746, 4.8974624 ], [ -74.2025835, 4.8974104 ], [ -74.2024923, 4.8973647 ], [ -74.2024216, 4.8973364 ], [ -74.2021011, 4.8972923 ], [ -74.2019251, 4.8972624 ], [ -74.2017648, 4.8972403 ], [ -74.2015443, 4.897221 ], [ -74.2014914, 4.8971805 ], [ -74.2014725, 4.8971663 ], [ -74.2014678, 4.8971049 ], [ -74.2015102, 4.8970576 ], [ -74.2015432, 4.8970245 ], [ -74.2015903, 4.8969583 ], [ -74.2015903, 4.896911 ], [ -74.2015573, 4.8968905 ], [ -74.2014583, 4.8968133 ], [ -74.2014332, 4.8968054 ], [ -74.2014018, 4.8967645 ], [ -74.2013452, 4.896733 ], [ -74.2013106, 4.8966762 ], [ -74.2012807, 4.89664 ], [ -74.2012053, 4.8966069 ], [ -74.2011865, 4.8965896 ], [ -74.2009806, 4.89638 ], [ -74.2009586, 4.896328 ], [ -74.2009083, 4.8962855 ], [ -74.2008863, 4.8962634 ], [ -74.2008549, 4.8962271 ], [ -74.2008234, 4.8961673 ], [ -74.2007668, 4.8960885 ], [ -74.2007291, 4.8960286 ], [ -74.2005767, 4.8958033 ], [ -74.2004431, 4.8956772 ], [ -74.2003519, 4.8955669 ], [ -74.2002466, 4.895455 ], [ -74.2001901, 4.8953967 ], [ -74.2000801, 4.8953006 ], [ -74.1999025, 4.8951068 ], [ -74.1998396, 4.8950516 ], [ -74.1997799, 4.8949981 ], [ -74.1996919, 4.8948736 ], [ -74.1996384, 4.8947806 ], [ -74.1995709, 4.8947113 ], [ -74.1995158, 4.8946088 ], [ -74.1995001, 4.89456 ], [ -74.1994687, 4.8944623 ], [ -74.199431, 4.8943662 ], [ -74.1994105, 4.894311 ], [ -74.1993791, 4.8942133 ], [ -74.1993445, 4.8941061 ], [ -74.1993209, 4.8939942 ], [ -74.1993366, 4.8938745 ], [ -74.1993554, 4.8937058 ], [ -74.1993475, 4.8934679 ], [ -74.1992909, 4.8931779 ], [ -74.1991872, 4.892973 ], [ -74.1991149, 4.8928375 ], [ -74.1990048, 4.8924025 ], [ -74.1989513, 4.8920842 ], [ -74.1989355, 4.8917343 ], [ -74.1989166, 4.8912426 ], [ -74.1988097, 4.8909085 ], [ -74.1987405, 4.8907289 ], [ -74.1985896, 4.8905398 ], [ -74.1984262, 4.8903854 ], [ -74.198247, 4.8901458 ], [ -74.1981307, 4.8900009 ], [ -74.1980176, 4.8898055 ], [ -74.197939, 4.8895029 ], [ -74.1979012, 4.889402 ], [ -74.1978069, 4.8891688 ], [ -74.1976466, 4.8890049 ], [ -74.1974423, 4.8888883 ], [ -74.1972789, 4.8888127 ], [ -74.1970684, 4.8887466 ], [ -74.1968672, 4.8886583 ], [ -74.1967478, 4.8886079 ], [ -74.1964021, 4.8884472 ], [ -74.1962387, 4.888296 ], [ -74.196157, 4.8882109 ], [ -74.1960061, 4.8880785 ], [ -74.1959118, 4.8879934 ], [ -74.1958332, 4.8878831 ], [ -74.1956478, 4.8877208 ], [ -74.1955048, 4.8876169 ], [ -74.1954215, 4.8875586 ], [ -74.1951622, 4.8874341 ], [ -74.1950766, 4.8873766 ], [ -74.1949273, 4.8872876 ], [ -74.1948267, 4.8872222 ], [ -74.1947199, 4.8871663 ], [ -74.1945344, 4.8870694 ], [ -74.1943899, 4.8870016 ], [ -74.194239, 4.8869181 ], [ -74.1940458, 4.8868315 ], [ -74.1939138, 4.8867795 ], [ -74.1936985, 4.8866818 ], [ -74.1934424, 4.8865952 ], [ -74.1933858, 4.8865605 ], [ -74.1932302, 4.8864786 ], [ -74.1930951, 4.8864203 ], [ -74.1930275, 4.886373 ], [ -74.1928939, 4.8863053 ], [ -74.1928327, 4.8862438 ], [ -74.1927792, 4.886206 ], [ -74.1927132, 4.8861792 ], [ -74.1926457, 4.8861194 ], [ -74.1925938, 4.8860311 ], [ -74.1925624, 4.8859791 ], [ -74.1924869, 4.8858546 ], [ -74.1924413, 4.8857065 ], [ -74.1923816, 4.8855867 ], [ -74.1923062, 4.8854496 ], [ -74.1922496, 4.8853078 ], [ -74.1921301, 4.8850982 ], [ -74.192061, 4.884991 ], [ -74.1919117, 4.8848461 ], [ -74.19183, 4.8847594 ], [ -74.1917231, 4.884668 ], [ -74.1916272, 4.8846239 ], [ -74.191599, 4.8846129 ], [ -74.1915314, 4.8845782 ], [ -74.1914591, 4.8845467 ], [ -74.1914057, 4.8844979 ], [ -74.1913412, 4.8844364 ], [ -74.1912548, 4.8843513 ], [ -74.1912045, 4.8842883 ], [ -74.1911464, 4.8841922 ], [ -74.1911228, 4.8841465 ], [ -74.1910945, 4.8841102 ], [ -74.1910458, 4.8839952 ], [ -74.1909735, 4.8838959 ], [ -74.1908651, 4.8838518 ], [ -74.1907472, 4.8838061 ], [ -74.1906357, 4.8837447 ], [ -74.1905304, 4.88371 ], [ -74.1903764, 4.8836171 ], [ -74.1902287, 4.883532 ], [ -74.1900602, 4.8834041 ], [ -74.1901367, 4.8834493 ], [ -74.1901665, 4.8834371 ], [ -74.1902139, 4.8834263 ] ], [ [ -74.257893, 4.8665658 ], [ -74.2556612, 4.8640606 ], [ -74.2517382, 4.8678952 ], [ -74.2518835, 4.8679188 ], [ -74.2519935, 4.8679385 ], [ -74.2520485, 4.8680015 ], [ -74.25208, 4.8680291 ], [ -74.252241, 4.8680881 ], [ -74.2523785, 4.8681196 ], [ -74.252516, 4.8680999 ], [ -74.2525788, 4.8680683 ], [ -74.2527163, 4.8680171 ], [ -74.2528813, 4.8679973 ], [ -74.2531287, 4.8680209 ], [ -74.2531916, 4.8680721 ], [ -74.2533487, 4.8681469 ], [ -74.2535609, 4.8683321 ], [ -74.253663, 4.8684463 ], [ -74.2537456, 4.8685526 ], [ -74.2538163, 4.868663 ], [ -74.2538713, 4.8687536 ], [ -74.2539263, 4.8688363 ], [ -74.2540049, 4.8688481 ], [ -74.2542445, 4.8687259 ], [ -74.2544958, 4.8686352 ], [ -74.2548336, 4.8685248 ], [ -74.2551832, 4.868438 ], [ -74.2552145, 4.8682213 ], [ -74.2554344, 4.8680164 ], [ -74.2555758, 4.8678942 ], [ -74.2557486, 4.8675711 ], [ -74.2559449, 4.8672598 ], [ -74.2560941, 4.8669327 ], [ -74.2563336, 4.8667002 ], [ -74.2564946, 4.8665228 ], [ -74.2566792, 4.86631 ], [ -74.2568048, 4.8660933 ], [ -74.257013, 4.8661405 ], [ -74.2570798, 4.866172 ], [ -74.2572094, 4.866239 ], [ -74.2573548, 4.8663335 ], [ -74.2574766, 4.8664359 ], [ -74.2575355, 4.8664832 ], [ -74.2576573, 4.8665816 ], [ -74.2577359, 4.8666249 ], [ -74.2577909, 4.8666486 ], [ -74.2578459, 4.8666722 ], [ -74.257893, 4.8665658 ] ], [ [ -74.2199308, 4.8738103 ], [ -74.2201017, 4.8739299 ], [ -74.2203116, 4.8741392 ], [ -74.2203816, 4.8742163 ], [ -74.2204642, 4.8742991 ], [ -74.2204929, 4.8743692 ], [ -74.2205135, 4.8745257 ], [ -74.220517, 4.8747305 ], [ -74.2205514, 4.8748558 ], [ -74.2206169, 4.8750468 ], [ -74.2206834, 4.8752044 ], [ -74.2208085, 4.8754333 ], [ -74.220883, 4.8755322 ], [ -74.220976, 4.8756438 ], [ -74.2210643, 4.8757289 ], [ -74.2211366, 4.8757864 ], [ -74.2212616, 4.8758519 ], [ -74.2210919, 4.876135 ], [ -74.2207481, 4.8774005 ], [ -74.2211382, 4.8783115 ], [ -74.2217028, 4.8794434 ], [ -74.2222397, 4.8803866 ], [ -74.2226906, 4.8810307 ], [ -74.2236084, 4.8823051 ], [ -74.2245491, 4.8834783 ], [ -74.2252189, 4.8833908 ], [ -74.2250524, 4.8826856 ], [ -74.2253987, 4.8823427 ], [ -74.2254629, 4.8821931 ], [ -74.2251634, 4.8815761 ], [ -74.2251507, 4.8811625 ], [ -74.2255141, 4.880142 ], [ -74.2255254, 4.8796139 ], [ -74.2255743, 4.8794518 ], [ -74.2255884, 4.8792953 ], [ -74.220832, 4.8726447 ], [ -74.2197461, 4.87367 ], [ -74.2199308, 4.8738103 ] ] ], [ [ [ -74.2387489, 4.9083877 ], [ -74.2385013, 4.9085444 ], [ -74.2343306, 4.9114781 ], [ -74.2341604, 4.911959 ], [ -74.2340154, 4.9123956 ], [ -74.2335867, 4.9135726 ], [ -74.2334922, 4.9138953 ], [ -74.2334292, 4.9143635 ], [ -74.2333725, 4.9146293 ], [ -74.2331423, 4.9151165 ], [ -74.2329468, 4.9152178 ], [ -74.232849, 4.9152969 ], [ -74.2325021, 4.9154647 ], [ -74.232193, 4.9154743 ], [ -74.2320069, 4.9155439 ], [ -74.231865, 4.9156641 ], [ -74.2317262, 4.9157464 ], [ -74.2316253, 4.9158509 ], [ -74.2314834, 4.9159774 ], [ -74.2312658, 4.9161863 ], [ -74.2311933, 4.9163129 ], [ -74.2308117, 4.9166704 ], [ -74.2306824, 4.9169109 ], [ -74.2305216, 4.9171197 ], [ -74.2303577, 4.917414 ], [ -74.2302063, 4.9176133 ], [ -74.2301338, 4.9177367 ], [ -74.2300423, 4.9178633 ], [ -74.2298941, 4.9179962 ], [ -74.2297491, 4.9181133 ], [ -74.2296545, 4.9182272 ], [ -74.229481, 4.9183949 ], [ -74.2293612, 4.918512 ], [ -74.2292319, 4.9186069 ], [ -74.2289323, 4.9188917 ], [ -74.2288598, 4.918974 ], [ -74.2286074, 4.919088 ], [ -74.2285002, 4.9191259 ], [ -74.2283141, 4.9192272 ], [ -74.2281154, 4.9193538 ], [ -74.2279609, 4.9194329 ], [ -74.2278411, 4.9195152 ], [ -74.2277496, 4.919569 ], [ -74.2276487, 4.919664 ], [ -74.2275383, 4.9197083 ], [ -74.2274594, 4.9197304 ], [ -74.2273774, 4.9197336 ], [ -74.2272907, 4.9197036 ], [ -74.2272781, 4.9196862 ], [ -74.2272528, 4.9196435 ], [ -74.2272386, 4.9196134 ], [ -74.2272213, 4.9195454 ], [ -74.2271976, 4.9194901 ], [ -74.2271613, 4.9194521 ], [ -74.2271077, 4.9194331 ], [ -74.2269926, 4.9194142 ], [ -74.2269437, 4.9193984 ], [ -74.2268979, 4.9193683 ], [ -74.2268585, 4.9193272 ], [ -74.2268317, 4.919275 ], [ -74.2267906, 4.9191311 ], [ -74.226789, 4.9190947 ], [ -74.2268032, 4.9189191 ], [ -74.2268426, 4.9187878 ], [ -74.2268804, 4.9187071 ], [ -74.226975, 4.9186154 ], [ -74.2270129, 4.9185695 ], [ -74.2271879, 4.9183685 ], [ -74.2272178, 4.9183005 ], [ -74.2272068, 4.9182373 ], [ -74.2271531, 4.9181993 ], [ -74.2271106, 4.9182135 ], [ -74.2270648, 4.9182531 ], [ -74.2270223, 4.9182974 ], [ -74.226934, 4.9184082 ], [ -74.226822, 4.9185031 ], [ -74.2267479, 4.9185458 ], [ -74.2266533, 4.9185427 ], [ -74.2265902, 4.9185237 ], [ -74.2265429, 4.9185126 ], [ -74.2265145, 4.9184937 ], [ -74.2264309, 4.9184178 ], [ -74.226341, 4.9184004 ], [ -74.2262337, 4.9184542 ], [ -74.2261817, 4.9184542 ], [ -74.2261013, 4.918459 ], [ -74.2260539, 4.9184147 ], [ -74.2259625, 4.9183752 ], [ -74.2258931, 4.9183641 ], [ -74.2258063, 4.9183878 ], [ -74.2257291, 4.9184416 ], [ -74.225677, 4.9185255 ], [ -74.2254847, 4.9187723 ], [ -74.2253759, 4.9189495 ], [ -74.2253302, 4.9191203 ], [ -74.2252797, 4.9191773 ], [ -74.225223, 4.9192184 ], [ -74.2251063, 4.9192533 ], [ -74.2250432, 4.9192659 ], [ -74.224999, 4.9192849 ], [ -74.2249328, 4.9193324 ], [ -74.2248729, 4.9194368 ], [ -74.2247972, 4.9194558 ], [ -74.2242294, 4.9194543 ], [ -74.2241033, 4.9194623 ], [ -74.2240371, 4.9195382 ], [ -74.2239488, 4.9196142 ], [ -74.2238794, 4.919649 ], [ -74.223821, 4.9196458 ], [ -74.2237469, 4.9196158 ], [ -74.2237138, 4.9195778 ], [ -74.2236885, 4.9195241 ], [ -74.2236601, 4.9194529 ], [ -74.2236475, 4.9194086 ], [ -74.2236128, 4.9193343 ], [ -74.2235812, 4.9192852 ], [ -74.2235434, 4.919252 ], [ -74.2235008, 4.919233 ], [ -74.2234109, 4.9192378 ], [ -74.2233226, 4.9192584 ], [ -74.223168, 4.9193423 ], [ -74.223004, 4.919453 ], [ -74.2229347, 4.9195622 ], [ -74.222922, 4.9196096 ], [ -74.2229284, 4.9196729 ], [ -74.2229568, 4.9197283 ], [ -74.222982, 4.9197631 ], [ -74.2230293, 4.9198437 ], [ -74.2230924, 4.9199339 ], [ -74.2231556, 4.9201237 ], [ -74.2231903, 4.9202787 ], [ -74.2232187, 4.9204242 ], [ -74.2232503, 4.9205539 ], [ -74.2232756, 4.9206963 ], [ -74.2232567, 4.9208102 ], [ -74.2232882, 4.9209082 ], [ -74.2232946, 4.9210253 ], [ -74.2232378, 4.9211518 ], [ -74.2231337, 4.9212563 ], [ -74.2230675, 4.9213037 ], [ -74.2227836, 4.9213702 ], [ -74.2225818, 4.9214019 ], [ -74.2224556, 4.9214051 ], [ -74.22232, 4.921421 ], [ -74.2222869, 4.9214399 ], [ -74.2221639, 4.9215222 ], [ -74.2221287, 4.9215759 ], [ -74.2220639, 4.9215371 ], [ -74.2219894, 4.9214852 ], [ -74.2219117, 4.9214237 ], [ -74.2218242, 4.9213621 ], [ -74.2217205, 4.9212973 ], [ -74.2215424, 4.9211548 ], [ -74.2213921, 4.9210393 ], [ -74.221766, 4.9202519 ], [ -74.2216476, 4.9201664 ], [ -74.2214833, 4.9200875 ], [ -74.2213123, 4.9200217 ], [ -74.2211874, 4.919956 ], [ -74.2210822, 4.9198902 ], [ -74.2209639, 4.919785 ], [ -74.220885, 4.9196601 ], [ -74.2207863, 4.9194103 ], [ -74.2206746, 4.919167 ], [ -74.2205759, 4.918904 ], [ -74.220599, 4.9184774 ], [ -74.2206317, 4.9183103 ], [ -74.2206776, 4.9183052 ], [ -74.2207184, 4.9182233 ], [ -74.2207286, 4.9180955 ], [ -74.2207489, 4.9180085 ], [ -74.2207591, 4.9178858 ], [ -74.2207693, 4.9177886 ], [ -74.2208254, 4.9176812 ], [ -74.2209223, 4.9176402 ], [ -74.220963, 4.9175686 ], [ -74.2209681, 4.9174561 ], [ -74.220963, 4.9173793 ], [ -74.2209426, 4.9172591 ], [ -74.2208941, 4.9171901 ], [ -74.2208329, 4.9171569 ], [ -74.2207411, 4.9171774 ], [ -74.2206595, 4.9171902 ], [ -74.2206111, 4.9171902 ], [ -74.2205881, 4.9171569 ], [ -74.2206136, 4.9171211 ], [ -74.2207181, 4.9170725 ], [ -74.2207487, 4.9170469 ], [ -74.2207921, 4.9170009 ], [ -74.2208074, 4.9169497 ], [ -74.2208074, 4.9169165 ], [ -74.2207946, 4.9168705 ], [ -74.2207665, 4.9168398 ], [ -74.2207385, 4.9167886 ], [ -74.2207334, 4.9167477 ], [ -74.2207512, 4.9166914 ], [ -74.2207844, 4.9166556 ], [ -74.2208277, 4.916607 ], [ -74.2208481, 4.9165815 ], [ -74.2209195, 4.916561 ], [ -74.2209934, 4.9165482 ], [ -74.2210317, 4.9165482 ], [ -74.2210878, 4.9165482 ], [ -74.2211235, 4.9165533 ], [ -74.221177, 4.9165507 ], [ -74.2213606, 4.9164049 ], [ -74.221409, 4.9163486 ], [ -74.2214753, 4.9163077 ], [ -74.2215798, 4.9162846 ], [ -74.2216487, 4.9162846 ], [ -74.2217048, 4.9162897 ], [ -74.2217532, 4.9163127 ], [ -74.2218195, 4.9163664 ], [ -74.2218527, 4.9163997 ], [ -74.2218935, 4.916438 ], [ -74.2219598, 4.9164636 ], [ -74.2220312, 4.9164738 ], [ -74.2221102, 4.9164763 ], [ -74.2222224, 4.9164482 ], [ -74.2222581, 4.9164149 ], [ -74.222304, 4.9163254 ], [ -74.2223091, 4.9162768 ], [ -74.2223294, 4.9162103 ], [ -74.2223473, 4.9161182 ], [ -74.2223804, 4.9160006 ], [ -74.2223982, 4.9159162 ], [ -74.2224161, 4.915819 ], [ -74.222439, 4.9157781 ], [ -74.2225027, 4.9157423 ], [ -74.2225716, 4.9157295 ], [ -74.2226583, 4.9157294 ], [ -74.2227297, 4.9157524 ], [ -74.2228368, 4.915801 ], [ -74.2228623, 4.915801 ], [ -74.2229796, 4.9157856 ], [ -74.223079, 4.9157831 ], [ -74.2232014, 4.9157958 ], [ -74.2232855, 4.9158265 ], [ -74.2233927, 4.9159236 ], [ -74.2234972, 4.9160515 ], [ -74.2235635, 4.916141 ], [ -74.2236043, 4.9162024 ], [ -74.2236719, 4.9162659 ], [ -74.2238415, 4.9164453 ], [ -74.2239027, 4.9164734 ], [ -74.2239894, 4.9164657 ], [ -74.2240277, 4.9163941 ], [ -74.2240404, 4.9162841 ], [ -74.2240302, 4.9161844 ], [ -74.2240378, 4.9161153 ], [ -74.2241092, 4.9159491 ], [ -74.2242494, 4.9158774 ], [ -74.2243412, 4.9158365 ], [ -74.2245476, 4.9155935 ], [ -74.2245961, 4.9155167 ], [ -74.2246521, 4.9153889 ], [ -74.2246802, 4.9153684 ], [ -74.2248255, 4.9153505 ], [ -74.2248969, 4.9153351 ], [ -74.2250066, 4.9153351 ], [ -74.2251085, 4.9153095 ], [ -74.2253125, 4.9152839 ], [ -74.2254961, 4.9151969 ], [ -74.2257867, 4.915115 ], [ -74.2258938, 4.9150689 ], [ -74.2260417, 4.9151456 ], [ -74.2260774, 4.9151763 ], [ -74.2261539, 4.9152172 ], [ -74.2261794, 4.9152223 ], [ -74.2262865, 4.915212 ], [ -74.226363, 4.9151813 ], [ -74.2264395, 4.9151762 ], [ -74.2265874, 4.9152171 ], [ -74.226618, 4.9152017 ], [ -74.2266996, 4.9151557 ], [ -74.2267659, 4.9151352 ], [ -74.2268526, 4.9151198 ], [ -74.2269444, 4.9151352 ], [ -74.2269852, 4.9151505 ], [ -74.2271178, 4.9152067 ], [ -74.2271688, 4.915217 ], [ -74.2272963, 4.9152272 ], [ -74.2273626, 4.9152271 ], [ -74.2275002, 4.9152373 ], [ -74.2276023, 4.9153192 ], [ -74.2276992, 4.9154112 ], [ -74.2277604, 4.9154521 ], [ -74.2277655, 4.9154777 ], [ -74.2278216, 4.9155544 ], [ -74.2278726, 4.9155902 ], [ -74.2278981, 4.9155646 ], [ -74.2279389, 4.915539 ], [ -74.2279644, 4.9154572 ], [ -74.227949, 4.9154009 ], [ -74.2279847, 4.9153395 ], [ -74.2280612, 4.9152679 ], [ -74.2281377, 4.9152372 ], [ -74.2282295, 4.9152269 ], [ -74.2283519, 4.9152269 ], [ -74.2284335, 4.9152525 ], [ -74.22851, 4.9152729 ], [ -74.2285763, 4.9152934 ], [ -74.228714, 4.9152882 ], [ -74.228923, 4.9152728 ], [ -74.2289995, 4.9152421 ], [ -74.2290556, 4.9152268 ], [ -74.2295349, 4.9148788 ], [ -74.2298052, 4.9148072 ], [ -74.2300193, 4.9147457 ], [ -74.2303304, 4.9146638 ], [ -74.2305089, 4.9145871 ], [ -74.2307995, 4.9145001 ], [ -74.2309627, 4.914454 ], [ -74.2310545, 4.9144335 ], [ -74.2312534, 4.9143363 ], [ -74.2314267, 4.9142646 ], [ -74.2315109, 4.9142237 ], [ -74.2315517, 4.9142032 ], [ -74.2315924, 4.9141802 ], [ -74.2316077, 4.9141469 ], [ -74.2315924, 4.9141163 ], [ -74.2315491, 4.9141035 ], [ -74.2314394, 4.9141061 ], [ -74.2313833, 4.9141086 ], [ -74.2313374, 4.9141086 ], [ -74.2312482, 4.9141035 ], [ -74.2309932, 4.9140908 ], [ -74.230802, 4.9140678 ], [ -74.2301645, 4.9140194 ], [ -74.2300906, 4.9139606 ], [ -74.2300039, 4.9139248 ], [ -74.229935, 4.9139146 ], [ -74.2298254, 4.9139044 ], [ -74.2297642, 4.9139018 ], [ -74.2296418, 4.9138891 ], [ -74.2295806, 4.9138865 ], [ -74.2295347, 4.9138814 ], [ -74.2294097, 4.913861 ], [ -74.2293562, 4.913838 ], [ -74.229323, 4.9138099 ], [ -74.229295, 4.9137766 ], [ -74.2292746, 4.9137102 ], [ -74.2292847, 4.9136155 ], [ -74.2293255, 4.9135337 ], [ -74.2293459, 4.9134774 ], [ -74.2293459, 4.9133393 ], [ -74.2292337, 4.913237 ], [ -74.2290806, 4.9131297 ], [ -74.228994, 4.9131143 ], [ -74.228892, 4.9131348 ], [ -74.2288257, 4.9131809 ], [ -74.2287747, 4.9132065 ], [ -74.228637, 4.9132269 ], [ -74.2285554, 4.9132218 ], [ -74.2284534, 4.9131861 ], [ -74.2283463, 4.9131196 ], [ -74.2282596, 4.9130327 ], [ -74.2282392, 4.9129662 ], [ -74.228234, 4.9128281 ], [ -74.2282442, 4.9127667 ], [ -74.2282238, 4.9126593 ], [ -74.2281932, 4.9125775 ], [ -74.2281422, 4.9124956 ], [ -74.2281371, 4.9124036 ], [ -74.2281804, 4.912268 ], [ -74.2281829, 4.912135 ], [ -74.2281497, 4.9120353 ], [ -74.2281268, 4.9120021 ], [ -74.228086, 4.9119688 ], [ -74.228035, 4.9119458 ], [ -74.227984, 4.9119433 ], [ -74.227933, 4.9119535 ], [ -74.2278973, 4.9120098 ], [ -74.2278565, 4.9120916 ], [ -74.2278361, 4.9121479 ], [ -74.2278157, 4.9122144 ], [ -74.2277546, 4.9123116 ], [ -74.2276322, 4.9123935 ], [ -74.2274537, 4.9124037 ], [ -74.2273415, 4.9123935 ], [ -74.227265, 4.9123475 ], [ -74.2271069, 4.9122248 ], [ -74.2270406, 4.9121532 ], [ -74.2269641, 4.9120356 ], [ -74.2269335, 4.9119998 ], [ -74.2268366, 4.9119435 ], [ -74.2267805, 4.911918 ], [ -74.2267652, 4.911918 ], [ -74.2266836, 4.9119129 ], [ -74.2266122, 4.9119282 ], [ -74.226551, 4.9119538 ], [ -74.2265204, 4.9119845 ], [ -74.2263878, 4.9120868 ], [ -74.2262909, 4.9120971 ], [ -74.2261685, 4.9120869 ], [ -74.2261124, 4.9119999 ], [ -74.2261073, 4.9119335 ], [ -74.2261124, 4.9118874 ], [ -74.2261583, 4.9118107 ], [ -74.226301, 4.9116726 ], [ -74.2264744, 4.9116111 ], [ -74.2266325, 4.9115702 ], [ -74.2267855, 4.9115446 ], [ -74.2270047, 4.9114831 ], [ -74.2271883, 4.9114575 ], [ -74.227326, 4.9112938 ], [ -74.2275248, 4.9112324 ], [ -74.2275809, 4.9112324 ], [ -74.227637, 4.9112426 ], [ -74.2277237, 4.9113142 ], [ -74.2278615, 4.9113858 ], [ -74.2279227, 4.9114113 ], [ -74.2279941, 4.9114369 ], [ -74.2280603, 4.911442 ], [ -74.2281113, 4.9114318 ], [ -74.2281878, 4.9113857 ], [ -74.2282949, 4.9113703 ], [ -74.2283306, 4.9113754 ], [ -74.2284479, 4.9114266 ], [ -74.2285448, 4.9114675 ], [ -74.2285652, 4.911493 ], [ -74.2286468, 4.9115646 ], [ -74.2286978, 4.9116055 ], [ -74.2287947, 4.911672 ], [ -74.2289426, 4.9117282 ], [ -74.2290344, 4.9117538 ], [ -74.229167, 4.9117844 ], [ -74.2293124, 4.9117895 ], [ -74.229422, 4.9117793 ], [ -74.2294858, 4.9117588 ], [ -74.2295469, 4.911723 ], [ -74.2296285, 4.9116692 ], [ -74.2296948, 4.9116079 ], [ -74.2297305, 4.9115669 ], [ -74.229784, 4.9114979 ], [ -74.2298121, 4.9114416 ], [ -74.2298682, 4.9114314 ], [ -74.2299319, 4.9114339 ], [ -74.2300364, 4.9114185 ], [ -74.2300696, 4.9113623 ], [ -74.2301282, 4.9112957 ], [ -74.2301588, 4.9112446 ], [ -74.2302557, 4.911173 ], [ -74.2303016, 4.9111525 ], [ -74.2304622, 4.9111397 ], [ -74.2306356, 4.9111371 ], [ -74.2307784, 4.9111012 ], [ -74.2309594, 4.9110373 ], [ -74.2310741, 4.9110142 ], [ -74.2311328, 4.9110142 ], [ -74.2313138, 4.9109963 ], [ -74.2315152, 4.9109732 ], [ -74.2315484, 4.9109476 ], [ -74.2315942, 4.910899 ], [ -74.231635, 4.9107507 ], [ -74.2316936, 4.9106023 ], [ -74.2317394, 4.9103005 ], [ -74.2317904, 4.9102698 ], [ -74.2318924, 4.9102442 ], [ -74.231974, 4.9102698 ], [ -74.2320811, 4.9102595 ], [ -74.232178, 4.9101521 ], [ -74.2321575, 4.9100652 ], [ -74.232132, 4.9099833 ], [ -74.2321218, 4.9098964 ], [ -74.2321141, 4.9098197 ], [ -74.2321447, 4.9097174 ], [ -74.2321677, 4.9096483 ], [ -74.2321931, 4.909592 ], [ -74.2322569, 4.9095204 ], [ -74.2323384, 4.9094667 ], [ -74.2324124, 4.9094155 ], [ -74.2324863, 4.909372 ], [ -74.2325297, 4.9093413 ], [ -74.2325985, 4.9093004 ], [ -74.2326648, 4.9092671 ], [ -74.2327769, 4.9091776 ], [ -74.2328305, 4.9090957 ], [ -74.2328738, 4.9090318 ], [ -74.2328891, 4.9089116 ], [ -74.2328814, 4.9087684 ], [ -74.2328763, 4.9086635 ], [ -74.2328788, 4.9085101 ], [ -74.2328914, 4.9081265 ], [ -74.2329602, 4.9078605 ], [ -74.2329908, 4.9075587 ], [ -74.2329397, 4.9072672 ], [ -74.2328173, 4.9071035 ], [ -74.2326081, 4.9068836 ], [ -74.2325367, 4.9067813 ], [ -74.232501, 4.9066535 ], [ -74.2324959, 4.906587 ], [ -74.2324857, 4.9065103 ], [ -74.2324805, 4.9063722 ], [ -74.2324805, 4.9062903 ], [ -74.2325111, 4.9062136 ], [ -74.2325927, 4.906142 ], [ -74.2326844, 4.9061164 ], [ -74.2330414, 4.9060907 ], [ -74.2332607, 4.9060907 ], [ -74.2333168, 4.9060651 ], [ -74.2334544, 4.9059065 ], [ -74.2334544, 4.905886 ], [ -74.2335156, 4.90584 ], [ -74.2336023, 4.9058246 ], [ -74.2336482, 4.9058297 ], [ -74.2337043, 4.9058706 ], [ -74.2337043, 4.9060343 ], [ -74.2336941, 4.9060854 ], [ -74.2336432, 4.9061673 ], [ -74.2336024, 4.9062645 ], [ -74.2335667, 4.9063566 ], [ -74.233531, 4.9064231 ], [ -74.2335005, 4.9064998 ], [ -74.2334648, 4.9065816 ], [ -74.2334342, 4.9066584 ], [ -74.233424, 4.9067709 ], [ -74.2334394, 4.9068885 ], [ -74.2334853, 4.906955 ], [ -74.233521, 4.907001 ], [ -74.2335822, 4.9070522 ], [ -74.2336128, 4.9070726 ], [ -74.2337046, 4.9070931 ], [ -74.2337658, 4.9071186 ], [ -74.233878, 4.9071442 ], [ -74.2339188, 4.9071902 ], [ -74.2339698, 4.9072925 ], [ -74.2339341, 4.9074459 ], [ -74.2339138, 4.9075329 ], [ -74.2338934, 4.9075943 ], [ -74.2338373, 4.9077529 ], [ -74.2338119, 4.9079063 ], [ -74.2337966, 4.9080393 ], [ -74.2337966, 4.9082439 ], [ -74.2337967, 4.9084843 ], [ -74.2338325, 4.9087861 ], [ -74.2338631, 4.9088781 ], [ -74.2338529, 4.9090162 ], [ -74.2338733, 4.9090571 ], [ -74.2339243, 4.9090674 ], [ -74.2340161, 4.9090673 ], [ -74.234113, 4.9090162 ], [ -74.2341691, 4.9090059 ], [ -74.2342048, 4.9090059 ], [ -74.2343068, 4.9090366 ], [ -74.2344139, 4.9091337 ], [ -74.2344445, 4.9091798 ], [ -74.2344751, 4.9092411 ], [ -74.2345006, 4.9093178 ], [ -74.2345516, 4.9093946 ], [ -74.2346026, 4.909415 ], [ -74.2347199, 4.9094764 ], [ -74.2348219, 4.9094559 ], [ -74.2349239, 4.9093587 ], [ -74.2349647, 4.9092206 ], [ -74.234985, 4.9091285 ], [ -74.2350207, 4.9090466 ], [ -74.2350513, 4.9089801 ], [ -74.2351176, 4.9089085 ], [ -74.2351737, 4.9088573 ], [ -74.2352399, 4.9088062 ], [ -74.2353521, 4.9087908 ], [ -74.2354541, 4.9087499 ], [ -74.2355714, 4.9086527 ], [ -74.2357397, 4.9086117 ], [ -74.2357652, 4.9086117 ], [ -74.235857, 4.9087395 ], [ -74.2360049, 4.9089953 ], [ -74.2360661, 4.9090873 ], [ -74.2360764, 4.9091385 ], [ -74.2361682, 4.9091947 ], [ -74.2363008, 4.9092254 ], [ -74.2363976, 4.9091588 ], [ -74.2364027, 4.9090923 ], [ -74.2364894, 4.90899 ], [ -74.236571, 4.9089235 ], [ -74.2366627, 4.9088672 ], [ -74.2367443, 4.9088723 ], [ -74.2368055, 4.9088723 ], [ -74.2368361, 4.9089081 ], [ -74.2368922, 4.908949 ], [ -74.2369509, 4.9090129 ], [ -74.2370172, 4.9090589 ], [ -74.2370682, 4.909105 ], [ -74.2371447, 4.9091817 ], [ -74.2371957, 4.909197 ], [ -74.2372722, 4.9092098 ], [ -74.2373232, 4.9092098 ], [ -74.2373946, 4.9091663 ], [ -74.2374252, 4.9091356 ], [ -74.2374711, 4.9090895 ], [ -74.2374991, 4.9090486 ], [ -74.237596, 4.9089437 ], [ -74.2377974, 4.9087416 ], [ -74.2379019, 4.9086495 ], [ -74.2380038, 4.9085498 ], [ -74.2381211, 4.9084117 ], [ -74.2381619, 4.9083093 ], [ -74.238144, 4.908248 ], [ -74.2381491, 4.9081815 ], [ -74.2381516, 4.9080996 ], [ -74.2381542, 4.9080255 ], [ -74.2381541, 4.9078516 ], [ -74.2382382, 4.907762 ], [ -74.2383326, 4.9076904 ], [ -74.2383504, 4.9076431 ], [ -74.2383593, 4.9076047 ], [ -74.2383682, 4.907574 ], [ -74.2383886, 4.9075446 ], [ -74.2384243, 4.907528 ], [ -74.2384511, 4.9075229 ], [ -74.2385085, 4.9075139 ], [ -74.2385238, 4.9075152 ], [ -74.2385646, 4.9075024 ], [ -74.2385862, 4.9074832 ], [ -74.2386092, 4.9074627 ], [ -74.2386574, 4.9074236 ], [ -74.2387166, 4.9073679 ], [ -74.2387542, 4.9073079 ], [ -74.2388008, 4.9072404 ], [ -74.2388289, 4.907204 ], [ -74.238854, 4.9071647 ], [ -74.2388599, 4.9071395 ], [ -74.2388821, 4.9071024 ], [ -74.2389109, 4.9070832 ], [ -74.2389464, 4.9070705 ], [ -74.2389656, 4.9070661 ], [ -74.2390181, 4.9070802 ], [ -74.2390381, 4.9070898 ], [ -74.2390558, 4.9071039 ], [ -74.2390662, 4.9071439 ], [ -74.2390677, 4.9071677 ], [ -74.2390522, 4.9072077 ], [ -74.2390322, 4.9072292 ], [ -74.2390196, 4.9072381 ], [ -74.2390004, 4.9072544 ], [ -74.2389908, 4.9072745 ], [ -74.238979, 4.9073182 ], [ -74.2389787, 4.9073435 ], [ -74.2389901, 4.9073701 ], [ -74.2390222, 4.9074042 ], [ -74.2390336, 4.9074289 ], [ -74.2390468, 4.907554 ], [ -74.2390355, 4.9075958 ], [ -74.2390166, 4.9076223 ], [ -74.2389996, 4.907647 ], [ -74.2389776, 4.9077321 ], [ -74.2389509, 4.9078184 ], [ -74.2389539, 4.9079062 ], [ -74.2389525, 4.9079701 ], [ -74.238994, 4.9080355 ], [ -74.2390474, 4.9081396 ], [ -74.239169, 4.9081426 ], [ -74.2389366, 4.9082896 ], [ -74.2387489, 4.9083877 ] ] ], [ [ [ -74.2240046, 4.9370221 ], [ -74.2240866, 4.9370664 ], [ -74.2241529, 4.937136 ], [ -74.2242097, 4.9372055 ], [ -74.2241908, 4.9373036 ], [ -74.2240805, 4.9376833 ], [ -74.2240773, 4.9378162 ], [ -74.2241152, 4.937949 ], [ -74.2241909, 4.9379933 ], [ -74.2242666, 4.9379964 ], [ -74.2243139, 4.9378794 ], [ -74.2243455, 4.9378161 ], [ -74.2244148, 4.9377117 ], [ -74.2244495, 4.9376484 ], [ -74.2244463, 4.9375377 ], [ -74.2244337, 4.9374617 ], [ -74.2244053, 4.9373605 ], [ -74.2243958, 4.9372846 ], [ -74.2244084, 4.937196 ], [ -74.2244399, 4.9371391 ], [ -74.2244841, 4.9371137 ], [ -74.2245566, 4.9370979 ], [ -74.2246197, 4.9370852 ], [ -74.2247049, 4.9370631 ], [ -74.2247837, 4.9369998 ], [ -74.2248153, 4.936927 ], [ -74.2248342, 4.9368289 ], [ -74.22479, 4.936715 ], [ -74.2246953, 4.9366233 ], [ -74.2246669, 4.9363449 ], [ -74.2246542, 4.9362121 ], [ -74.2246511, 4.9361235 ], [ -74.2246763, 4.9360729 ], [ -74.2247425, 4.9360444 ], [ -74.2248024, 4.9360254 ], [ -74.2248687, 4.9360095 ], [ -74.2249381, 4.9359874 ], [ -74.2249948, 4.9359589 ], [ -74.2250074, 4.9359399 ], [ -74.2250453, 4.9358608 ], [ -74.2250674, 4.935807 ], [ -74.2250894, 4.9357596 ], [ -74.225121, 4.9357374 ], [ -74.2252061, 4.9357058 ], [ -74.2252534, 4.9356899 ], [ -74.2252881, 4.9356836 ], [ -74.2253859, 4.9356583 ], [ -74.2254143, 4.9356424 ], [ -74.2254364, 4.9356076 ], [ -74.2254584, 4.9355412 ], [ -74.2254584, 4.9354874 ], [ -74.2254489, 4.9354305 ], [ -74.2254426, 4.9353735 ], [ -74.2254394, 4.9352217 ], [ -74.2254757, 4.9351231 ], [ -74.2254967, 4.9350872 ], [ -74.2255451, 4.9350302 ], [ -74.2255976, 4.9349691 ], [ -74.2256249, 4.9349416 ], [ -74.2256817, 4.9348678 ], [ -74.2257532, 4.9348045 ], [ -74.2257994, 4.9347286 ], [ -74.225852, 4.9346716 ], [ -74.2260055, 4.9346294 ], [ -74.2260707, 4.9346294 ], [ -74.22618, 4.9346146 ], [ -74.2262326, 4.9345935 ], [ -74.2262747, 4.9345808 ], [ -74.2263335, 4.9345302 ], [ -74.2263588, 4.9345007 ], [ -74.2263924, 4.9344458 ], [ -74.2264386, 4.9343741 ], [ -74.2264933, 4.934315 ], [ -74.2265858, 4.9342602 ], [ -74.2266657, 4.9342053 ], [ -74.2267372, 4.9340872 ], [ -74.2267961, 4.9340661 ], [ -74.2268465, 4.9340577 ], [ -74.2268802, 4.934007 ], [ -74.2269054, 4.9339395 ], [ -74.2268801, 4.9338046 ], [ -74.226838, 4.9336949 ], [ -74.2267917, 4.9335388 ], [ -74.2267328, 4.9334165 ], [ -74.2266697, 4.9333195 ], [ -74.226594, 4.9332309 ], [ -74.2265519, 4.9331424 ], [ -74.2265477, 4.9330369 ], [ -74.2265561, 4.9329104 ], [ -74.2265182, 4.9327712 ], [ -74.2264467, 4.9327417 ], [ -74.2264004, 4.9327375 ], [ -74.2262658, 4.9327122 ], [ -74.2262238, 4.9326658 ], [ -74.2261859, 4.932611 ], [ -74.2261438, 4.9324802 ], [ -74.2261396, 4.9323705 ], [ -74.226148, 4.9323115 ], [ -74.2261774, 4.9322229 ], [ -74.2262152, 4.9321343 ], [ -74.2262278, 4.9320752 ], [ -74.2261227, 4.9319234 ], [ -74.2259923, 4.9318981 ], [ -74.2259334, 4.9318728 ], [ -74.2258661, 4.9317969 ], [ -74.2258577, 4.9317337 ], [ -74.2258618, 4.9315607 ], [ -74.2258828, 4.9313667 ], [ -74.2259122, 4.9312148 ], [ -74.2258701, 4.931122 ], [ -74.2258112, 4.9310588 ], [ -74.2258323, 4.930987 ], [ -74.2258785, 4.9309406 ], [ -74.2259584, 4.9308984 ], [ -74.2260635, 4.9308267 ], [ -74.2261602, 4.930717 ], [ -74.2262275, 4.9306031 ], [ -74.2262485, 4.9305356 ], [ -74.2262569, 4.9304765 ], [ -74.226299, 4.9304048 ], [ -74.2263747, 4.9303837 ], [ -74.2264209, 4.93035 ], [ -74.2264335, 4.9302867 ], [ -74.2264419, 4.9302192 ], [ -74.2264124, 4.9300927 ], [ -74.2263914, 4.9299788 ], [ -74.2263787, 4.9298564 ], [ -74.2263409, 4.9297847 ], [ -74.2263156, 4.9297257 ], [ -74.2262147, 4.929557 ], [ -74.2261431, 4.929422 ], [ -74.2261095, 4.9293503 ], [ -74.2261178, 4.9291858 ], [ -74.2261599, 4.9291141 ], [ -74.2262061, 4.9290171 ], [ -74.2261977, 4.9287808 ], [ -74.2261976, 4.9286627 ], [ -74.2262186, 4.9285952 ], [ -74.2262186, 4.9285151 ], [ -74.2262522, 4.9282915 ], [ -74.2262858, 4.9281608 ], [ -74.2263111, 4.928089 ], [ -74.2263405, 4.9279878 ], [ -74.2263741, 4.9278781 ], [ -74.2263783, 4.9278064 ], [ -74.2263572, 4.9277305 ], [ -74.2263236, 4.9276967 ], [ -74.2262815, 4.9276925 ], [ -74.2262142, 4.9276926 ], [ -74.2261806, 4.9276968 ], [ -74.2261427, 4.9276504 ], [ -74.2261175, 4.9275492 ], [ -74.2261006, 4.9273783 ], [ -74.2261006, 4.9272897 ], [ -74.2261027, 4.9271695 ], [ -74.2261069, 4.927121 ], [ -74.2261174, 4.9270767 ], [ -74.2261447, 4.9270345 ], [ -74.2261804, 4.9269902 ], [ -74.2262078, 4.9269375 ], [ -74.2262162, 4.9268974 ], [ -74.2262372, 4.9268236 ], [ -74.2263024, 4.9267793 ], [ -74.2263781, 4.9267666 ], [ -74.2265105, 4.9267582 ], [ -74.2265547, 4.9267856 ], [ -74.2266094, 4.9267687 ], [ -74.2266409, 4.9267181 ], [ -74.2266577, 4.9266527 ], [ -74.2266661, 4.9266084 ], [ -74.2266766, 4.9265346 ], [ -74.2266934, 4.9264797 ], [ -74.2266976, 4.9264017 ], [ -74.2266976, 4.9263511 ], [ -74.2267039, 4.9262899 ], [ -74.2267165, 4.9261992 ], [ -74.2267648, 4.9261549 ], [ -74.2267943, 4.9261317 ], [ -74.226891, 4.9260853 ], [ -74.2269688, 4.9260705 ], [ -74.2270782, 4.9260662 ], [ -74.2271917, 4.9260472 ], [ -74.2272148, 4.9260072 ], [ -74.227198, 4.9259439 ], [ -74.2271853, 4.9258469 ], [ -74.2271937, 4.9257773 ], [ -74.2272021, 4.9257456 ], [ -74.227261, 4.9256802 ], [ -74.2273304, 4.9256359 ], [ -74.2274124, 4.9255769 ], [ -74.2275091, 4.9254777 ], [ -74.2275533, 4.9254418 ], [ -74.2276163, 4.9254207 ], [ -74.2276899, 4.9253975 ], [ -74.2277152, 4.9253553 ], [ -74.2277088, 4.9253364 ], [ -74.2276878, 4.9252984 ], [ -74.2276373, 4.9252394 ], [ -74.2275658, 4.9251761 ], [ -74.2275406, 4.9251213 ], [ -74.2275363, 4.9250369 ], [ -74.2275447, 4.9249568 ], [ -74.2275615, 4.9248808 ], [ -74.2276456, 4.9246319 ], [ -74.2276624, 4.9245729 ], [ -74.2276918, 4.9245012 ], [ -74.2277633, 4.9243788 ], [ -74.2278222, 4.9242902 ], [ -74.227881, 4.9242058 ], [ -74.2279231, 4.9241383 ], [ -74.2279609, 4.9240751 ], [ -74.2279903, 4.924016 ], [ -74.2280113, 4.9239527 ], [ -74.2280281, 4.9238894 ], [ -74.2280365, 4.9237882 ], [ -74.2280575, 4.9236785 ], [ -74.2280996, 4.9235267 ], [ -74.2281416, 4.9234592 ], [ -74.2282089, 4.9233031 ], [ -74.2282719, 4.9231723 ], [ -74.2283055, 4.9229867 ], [ -74.2283307, 4.9228981 ], [ -74.2283686, 4.9228011 ], [ -74.2284316, 4.9226956 ], [ -74.2284989, 4.9226112 ], [ -74.228604, 4.9225226 ], [ -74.2286965, 4.9223961 ], [ -74.2288142, 4.9221767 ], [ -74.2288983, 4.9220164 ], [ -74.2289403, 4.92197 ], [ -74.229016, 4.9219235 ], [ -74.2290665, 4.9219067 ], [ -74.2292095, 4.9218265 ], [ -74.229344, 4.9216788 ], [ -74.2293734, 4.9215565 ], [ -74.2293776, 4.9213793 ], [ -74.2293145, 4.9211305 ], [ -74.229306, 4.9210672 ], [ -74.2293144, 4.9209913 ], [ -74.2293354, 4.9209195 ], [ -74.2293817, 4.9208647 ], [ -74.2294406, 4.9208183 ], [ -74.2295667, 4.9207508 ], [ -74.229634, 4.9207212 ], [ -74.2297517, 4.9206748 ], [ -74.2298821, 4.9206241 ], [ -74.2300125, 4.920544 ], [ -74.230126, 4.9204511 ], [ -74.2301849, 4.9203499 ], [ -74.2302101, 4.9202444 ], [ -74.2302141, 4.9197003 ], [ -74.2302436, 4.9196265 ], [ -74.230355, 4.9195674 ], [ -74.2304643, 4.9195526 ], [ -74.2305947, 4.919504 ], [ -74.2306851, 4.919464 ], [ -74.2307734, 4.9194175 ], [ -74.2309122, 4.9193352 ], [ -74.231114, 4.9192276 ], [ -74.231236, 4.9191601 ], [ -74.2313664, 4.9190926 ], [ -74.2314631, 4.9190609 ], [ -74.2315682, 4.9190293 ], [ -74.2316755, 4.9190061 ], [ -74.2317533, 4.9189871 ], [ -74.2318794, 4.9189554 ], [ -74.2319572, 4.9189005 ], [ -74.2319698, 4.9188056 ], [ -74.2319446, 4.9187466 ], [ -74.2319277, 4.9187213 ], [ -74.2318962, 4.9186981 ], [ -74.2318646, 4.9186812 ], [ -74.2318163, 4.9186622 ], [ -74.2317637, 4.9186412 ], [ -74.2317258, 4.9186243 ], [ -74.2317258, 4.9185884 ], [ -74.2317637, 4.9185737 ], [ -74.2319024, 4.918523 ], [ -74.2320959, 4.9184428 ], [ -74.2323398, 4.9183711 ], [ -74.2324491, 4.9183415 ], [ -74.232508, 4.9183204 ], [ -74.2327099, 4.9182318 ], [ -74.232815, 4.918198 ], [ -74.232958, 4.9181558 ], [ -74.2330883, 4.9181009 ], [ -74.2332608, 4.9180587 ], [ -74.2334416, 4.9179912 ], [ -74.2335846, 4.9179532 ], [ -74.2337233, 4.9178814 ], [ -74.2339546, 4.9178265 ], [ -74.2341817, 4.9177506 ], [ -74.2343668, 4.917683 ], [ -74.2346611, 4.9176197 ], [ -74.2348588, 4.9175901 ], [ -74.2350901, 4.9175563 ], [ -74.2353004, 4.9175099 ], [ -74.235477, 4.9174592 ], [ -74.2356704, 4.9174507 ], [ -74.2360447, 4.9174506 ], [ -74.2363223, 4.9174084 ], [ -74.2363812, 4.9173071 ], [ -74.23644, 4.9171974 ], [ -74.2365451, 4.9170034 ], [ -74.236604, 4.9168979 ], [ -74.2366628, 4.9167418 ], [ -74.2367301, 4.9165984 ], [ -74.2368057, 4.916455 ], [ -74.236852, 4.91632 ], [ -74.2369192, 4.9161892 ], [ -74.2370243, 4.9159951 ], [ -74.2370832, 4.9158686 ], [ -74.2372177, 4.9155817 ], [ -74.2372765, 4.9154551 ], [ -74.2373185, 4.9152948 ], [ -74.237369, 4.9150628 ], [ -74.2374446, 4.9147971 ], [ -74.237495, 4.9146621 ], [ -74.2375455, 4.9145186 ], [ -74.2375749, 4.9143415 ], [ -74.2376884, 4.9142064 ], [ -74.2378524, 4.9140419 ], [ -74.2380332, 4.9138352 ], [ -74.2383233, 4.9135461 ], [ -74.2383569, 4.9135082 ], [ -74.2384326, 4.9134238 ], [ -74.2385062, 4.9133647 ], [ -74.2385924, 4.9132951 ], [ -74.2386617, 4.9132424 ], [ -74.2386975, 4.9132086 ], [ -74.2387774, 4.9131495 ], [ -74.2388678, 4.9130673 ], [ -74.2389119, 4.9130335 ], [ -74.2390339, 4.9129449 ], [ -74.2390906, 4.9129153 ], [ -74.2392042, 4.9128141 ], [ -74.2393198, 4.9127128 ], [ -74.239406, 4.91262 ], [ -74.2394943, 4.9125377 ], [ -74.2395679, 4.9124533 ], [ -74.2396393, 4.9123668 ], [ -74.2397108, 4.9122825 ], [ -74.2397781, 4.9122192 ], [ -74.2398327, 4.9121643 ], [ -74.239921, 4.9120757 ], [ -74.2399631, 4.9120251 ], [ -74.2400472, 4.911907 ], [ -74.2401229, 4.9118437 ], [ -74.2402364, 4.911734 ], [ -74.2402952, 4.9116454 ], [ -74.2403162, 4.9115399 ], [ -74.240333, 4.9114091 ], [ -74.240354, 4.911291 ], [ -74.2403918, 4.9110421 ], [ -74.240396, 4.9108776 ], [ -74.2404296, 4.9107089 ], [ -74.2404422, 4.9106119 ], [ -74.2404758, 4.9104558 ], [ -74.2404968, 4.9103166 ], [ -74.240522, 4.9101816 ], [ -74.240543, 4.9101057 ], [ -74.2405598, 4.9100551 ], [ -74.2405724, 4.9099833 ], [ -74.2405976, 4.9098905 ], [ -74.2406438, 4.9097555 ], [ -74.2406564, 4.9097007 ], [ -74.2407111, 4.9096037 ], [ -74.2407615, 4.9095066 ], [ -74.2408036, 4.9094434 ], [ -74.240854, 4.909359 ], [ -74.2409087, 4.9092577 ], [ -74.2409297, 4.9091945 ], [ -74.2409591, 4.9091396 ], [ -74.2410138, 4.9090763 ], [ -74.2410895, 4.9090341 ], [ -74.2411904, 4.9089582 ], [ -74.2412661, 4.9088991 ], [ -74.2413628, 4.9088316 ], [ -74.2414595, 4.9087725 ], [ -74.2416193, 4.9086839 ], [ -74.2417496, 4.9086248 ], [ -74.2418548, 4.9085826 ], [ -74.2420062, 4.9085235 ], [ -74.2422416, 4.9084433 ], [ -74.2424267, 4.9083884 ], [ -74.2426958, 4.9083251 ], [ -74.2429103, 4.9083208 ], [ -74.2430785, 4.9083081 ], [ -74.2431248, 4.9082997 ], [ -74.2432636, 4.9082743 ], [ -74.2434234, 4.9082658 ], [ -74.2435748, 4.9082405 ], [ -74.2437262, 4.9082194 ], [ -74.2438061, 4.9082151 ], [ -74.2439028, 4.908194 ], [ -74.2440458, 4.9081518 ], [ -74.2441173, 4.9081138 ], [ -74.2441887, 4.9080843 ], [ -74.2443065, 4.9080378 ], [ -74.244378, 4.9080209 ], [ -74.2445125, 4.9079956 ], [ -74.2446513, 4.9079449 ], [ -74.2447354, 4.9078859 ], [ -74.2447943, 4.9078099 ], [ -74.2448279, 4.9076834 ], [ -74.2448531, 4.9076412 ], [ -74.2448783, 4.907561 ], [ -74.2449119, 4.9074767 ], [ -74.244954, 4.9073881 ], [ -74.2449876, 4.907329 ], [ -74.2450128, 4.9072446 ], [ -74.2450591, 4.907135 ], [ -74.2450843, 4.9070801 ], [ -74.2451095, 4.9070126 ], [ -74.2451431, 4.9069198 ], [ -74.2451894, 4.9068312 ], [ -74.2452398, 4.9067511 ], [ -74.2452945, 4.9066793 ], [ -74.2453449, 4.9066245 ], [ -74.2455846, 4.9063755 ], [ -74.2456182, 4.9063418 ], [ -74.2457023, 4.9062616 ], [ -74.2457864, 4.9061983 ], [ -74.2458579, 4.9061477 ], [ -74.2459209, 4.9060928 ], [ -74.2459798, 4.9060211 ], [ -74.2460134, 4.9059874 ], [ -74.2460765, 4.9059367 ], [ -74.2461312, 4.9058988 ], [ -74.2462279, 4.9058397 ], [ -74.2462783, 4.9057848 ], [ -74.2464045, 4.9057131 ], [ -74.2464676, 4.905654 ], [ -74.2465853, 4.9056245 ], [ -74.2468124, 4.9056117 ], [ -74.2469806, 4.9056033 ], [ -74.2470395, 4.9055948 ], [ -74.2471236, 4.9055779 ], [ -74.2471825, 4.9055568 ], [ -74.2472582, 4.9055273 ], [ -74.2474053, 4.9054808 ], [ -74.247481, 4.9054555 ], [ -74.2475609, 4.9054217 ], [ -74.247746, 4.9053584 ], [ -74.2478006, 4.9053373 ], [ -74.247952, 4.9052867 ], [ -74.2480866, 4.9052276 ], [ -74.2483725, 4.9051389 ], [ -74.2486459, 4.9050629 ], [ -74.2487384, 4.9050334 ], [ -74.2489487, 4.9049869 ], [ -74.2490496, 4.9049574 ], [ -74.249243, 4.9049025 ], [ -74.2493566, 4.9048771 ], [ -74.2494995, 4.9048223 ], [ -74.2497098, 4.9047716 ], [ -74.249878, 4.9046619 ], [ -74.2499915, 4.9046112 ], [ -74.2501093, 4.904569 ], [ -74.2502439, 4.9045141 ], [ -74.2503952, 4.9044466 ], [ -74.2505634, 4.9043833 ], [ -74.2507274, 4.9042989 ], [ -74.2509713, 4.9041723 ], [ -74.2511521, 4.9040921 ], [ -74.251232, 4.9040583 ], [ -74.2513077, 4.903995 ], [ -74.2513582, 4.903898 ], [ -74.2513834, 4.9038347 ], [ -74.2514759, 4.9037081 ], [ -74.2515473, 4.9036364 ], [ -74.2516062, 4.9035605 ], [ -74.2516524, 4.9034634 ], [ -74.2517281, 4.9033348 ], [ -74.2517386, 4.9032905 ], [ -74.2517954, 4.9032377 ], [ -74.25189, 4.9031765 ], [ -74.2520161, 4.9031301 ], [ -74.2521402, 4.9030752 ], [ -74.2522958, 4.9030098 ], [ -74.2524514, 4.9029444 ], [ -74.2525922, 4.9028895 ], [ -74.2527016, 4.9028368 ], [ -74.2527962, 4.9028051 ], [ -74.2528635, 4.9027439 ], [ -74.2529349, 4.9026363 ], [ -74.253061, 4.9024591 ], [ -74.2531115, 4.9024169 ], [ -74.2533217, 4.9022566 ], [ -74.2536161, 4.9020287 ], [ -74.2553735, 4.9003663 ], [ -74.2553777, 4.9003199 ], [ -74.2554282, 4.9002693 ], [ -74.2555165, 4.9002081 ], [ -74.2555837, 4.90013 ], [ -74.2556237, 4.9000752 ], [ -74.2556699, 4.899995 ], [ -74.2557351, 4.8998853 ], [ -74.2566056, 4.8998872 ], [ -74.2566309, 4.8999231 ], [ -74.2566771, 4.8999842 ], [ -74.2567129, 4.9000601 ], [ -74.2567508, 4.9001255 ], [ -74.2567992, 4.9001972 ], [ -74.256816, 4.9002858 ], [ -74.2568455, 4.9004587 ], [ -74.2568623, 4.900484 ], [ -74.2569044, 4.900503 ], [ -74.2569549, 4.9005304 ], [ -74.2569801, 4.9005557 ], [ -74.2570074, 4.9005683 ], [ -74.2570663, 4.9006021 ], [ -74.2571, 4.9006274 ], [ -74.2571378, 4.9006632 ], [ -74.2571736, 4.9006822 ], [ -74.2572156, 4.9006969 ], [ -74.2572556, 4.9007012 ], [ -74.2573145, 4.9007138 ], [ -74.2573586, 4.9007222 ], [ -74.2574512, 4.9007348 ], [ -74.2574974, 4.9007538 ], [ -74.257571, 4.9007622 ], [ -74.2576173, 4.90072 ], [ -74.2576467, 4.9006104 ], [ -74.2576635, 4.9005766 ], [ -74.2577181, 4.9004711 ], [ -74.257777, 4.9003741 ], [ -74.2578316, 4.9002813 ], [ -74.2578905, 4.9001168 ], [ -74.2583024, 4.8995008 ], [ -74.2586052, 4.8991633 ], [ -74.258643, 4.8991379 ], [ -74.2587061, 4.8990957 ], [ -74.2587733, 4.8989903 ], [ -74.2588238, 4.8988511 ], [ -74.2588616, 4.8987582 ], [ -74.258891, 4.8986359 ], [ -74.2589162, 4.8985389 ], [ -74.2589666, 4.8984714 ], [ -74.2589876, 4.8983912 ], [ -74.2589456, 4.8983195 ], [ -74.2588278, 4.8981635 ], [ -74.2587689, 4.8980791 ], [ -74.2586848, 4.8980412 ], [ -74.2583189, 4.8980286 ], [ -74.2580287, 4.8980329 ], [ -74.2577974, 4.8980414 ], [ -74.2576838, 4.898033 ], [ -74.2575745, 4.8980078 ], [ -74.2574609, 4.897974 ], [ -74.2574168, 4.8979213 ], [ -74.2573533, 4.8966685 ], [ -74.2574795, 4.8966432 ], [ -74.2576646, 4.8966811 ], [ -74.2576982, 4.8967022 ], [ -74.2577319, 4.8967401 ], [ -74.2577697, 4.896795 ], [ -74.2578118, 4.8968371 ], [ -74.2578959, 4.8968835 ], [ -74.2579338, 4.8968962 ], [ -74.2579336, 4.8963647 ], [ -74.2580303, 4.896255 ], [ -74.2580766, 4.8962128 ], [ -74.258106, 4.8961495 ], [ -74.2580681, 4.8960567 ], [ -74.2580092, 4.8959471 ], [ -74.2579924, 4.8959091 ], [ -74.2579713, 4.8958036 ], [ -74.2580092, 4.8957235 ], [ -74.2580217, 4.8956433 ], [ -74.2580217, 4.895559 ], [ -74.2579397, 4.8954303 ], [ -74.257843, 4.8954262 ], [ -74.2577567, 4.8954198 ], [ -74.2577126, 4.895403 ], [ -74.2576979, 4.8953756 ], [ -74.2576747, 4.8953482 ], [ -74.257641, 4.8952448 ], [ -74.25762, 4.8952153 ], [ -74.2575906, 4.8951773 ], [ -74.2575716, 4.8951584 ], [ -74.2575401, 4.8951289 ], [ -74.2575275, 4.8951162 ], [ -74.2575127, 4.8951057 ], [ -74.2575207, 4.8950722 ], [ -74.2575627, 4.8950173 ], [ -74.2575922, 4.8949583 ], [ -74.2576132, 4.8949076 ], [ -74.2577435, 4.89476 ], [ -74.2578234, 4.8946967 ], [ -74.2579033, 4.894646 ], [ -74.2579664, 4.8946081 ], [ -74.2580252, 4.8945869 ], [ -74.2581219, 4.8945658 ], [ -74.258328, 4.8945025 ], [ -74.2584247, 4.8944856 ], [ -74.2584626, 4.8944687 ], [ -74.2586224, 4.8944138 ], [ -74.2586055, 4.8943717 ], [ -74.2585677, 4.8943 ], [ -74.2585729, 4.8941829 ], [ -74.2585708, 4.8941365 ], [ -74.2585781, 4.8940975 ], [ -74.2585876, 4.8940606 ], [ -74.2586012, 4.8940395 ], [ -74.2586433, 4.8940268 ], [ -74.2586853, 4.8940226 ], [ -74.2587116, 4.8940236 ], [ -74.2587558, 4.8940268 ], [ -74.2588073, 4.8940268 ], [ -74.2588472, 4.8940194 ], [ -74.2588946, 4.8939898 ], [ -74.2589271, 4.8939466 ], [ -74.2589555, 4.8939002 ], [ -74.2589523, 4.8938475 ], [ -74.2589681, 4.8937262 ], [ -74.2589723, 4.893684 ], [ -74.2589838, 4.8936408 ], [ -74.258988, 4.8935785 ], [ -74.2589912, 4.8935406 ], [ -74.2590185, 4.8935153 ], [ -74.2590889, 4.8934752 ], [ -74.2591331, 4.8934773 ], [ -74.2591867, 4.8934773 ], [ -74.2592277, 4.8934952 ], [ -74.2592529, 4.8935173 ], [ -74.259275, 4.8935405 ], [ -74.2593024, 4.8935626 ], [ -74.2593276, 4.8935795 ], [ -74.2593676, 4.8935995 ], [ -74.2594086, 4.8936111 ], [ -74.2594569, 4.8936006 ], [ -74.2594864, 4.8935837 ], [ -74.2595389, 4.8935362 ], [ -74.2595684, 4.8935025 ], [ -74.2596083, 4.8934655 ], [ -74.259664, 4.8934286 ], [ -74.259705, 4.8934159 ], [ -74.259746, 4.8934128 ], [ -74.2597618, 4.8934128 ], [ -74.2598028, 4.8934201 ], [ -74.2598385, 4.8934296 ], [ -74.2598753, 4.8934317 ], [ -74.259909, 4.8934053 ], [ -74.2599268, 4.893379 ], [ -74.2599342, 4.8933642 ], [ -74.259952, 4.8933073 ], [ -74.2599678, 4.8932619 ], [ -74.2599962, 4.8932197 ], [ -74.2600887, 4.8931701 ], [ -74.2601129, 4.8931585 ], [ -74.2601886, 4.893149 ], [ -74.26028, 4.8931532 ], [ -74.2603273, 4.8931542 ], [ -74.260382, 4.8931384 ], [ -74.2604083, 4.8931184 ], [ -74.2604377, 4.8930931 ], [ -74.2604524, 4.8930646 ], [ -74.2604661, 4.8930414 ], [ -74.2605018, 4.8930087 ], [ -74.2605292, 4.8929802 ], [ -74.2605554, 4.8929696 ], [ -74.2605775, 4.8929749 ], [ -74.260628, 4.892997 ], [ -74.2606354, 4.8930107 ], [ -74.2606543, 4.8930424 ], [ -74.260668, 4.8930719 ], [ -74.2606964, 4.8931162 ], [ -74.2607185, 4.8931447 ], [ -74.2607679, 4.8931974 ], [ -74.2609161, 4.8932121 ], [ -74.2610717, 4.89325 ], [ -74.2611138, 4.8932922 ], [ -74.2611937, 4.8933512 ], [ -74.2613283, 4.8934271 ], [ -74.2614545, 4.8934861 ], [ -74.2615681, 4.8935156 ], [ -74.2616774, 4.8935662 ], [ -74.2617489, 4.8936463 ], [ -74.2617826, 4.8937265 ], [ -74.261791, 4.8937855 ], [ -74.2617742, 4.8939036 ], [ -74.2617911, 4.8940049 ], [ -74.2618584, 4.8941314 ], [ -74.2618837, 4.8941651 ], [ -74.2619426, 4.8942579 ], [ -74.2619678, 4.894317 ], [ -74.2619678, 4.8944182 ], [ -74.2619426, 4.8946122 ], [ -74.261909, 4.8947219 ], [ -74.261909, 4.8947641 ], [ -74.2618923, 4.8948569 ], [ -74.2618839, 4.894916 ], [ -74.2619091, 4.8949666 ], [ -74.2619848, 4.8950341 ], [ -74.2620269, 4.8950931 ], [ -74.262069, 4.8952281 ], [ -74.262069, 4.8953546 ], [ -74.2621279, 4.8954221 ], [ -74.2622457, 4.8954895 ], [ -74.2624728, 4.8955992 ], [ -74.2625569, 4.8956413 ], [ -74.2626075, 4.8958269 ], [ -74.2626411, 4.8958775 ], [ -74.2627673, 4.8960125 ], [ -74.2627758, 4.8961727 ], [ -74.2627758, 4.896274 ], [ -74.2628431, 4.8964005 ], [ -74.2628827, 4.8964594 ], [ -74.2629441, 4.8965608 ], [ -74.2629525, 4.8966789 ], [ -74.262942, 4.8967306 ], [ -74.2629662, 4.8967717 ], [ -74.2629862, 4.8967991 ], [ -74.2630072, 4.8968265 ], [ -74.2630283, 4.896856 ], [ -74.2630399, 4.896895 ], [ -74.2630514, 4.8969319 ], [ -74.2630535, 4.8969636 ], [ -74.263062, 4.8970036 ], [ -74.2630704, 4.8970268 ], [ -74.2630956, 4.8970627 ], [ -74.2631146, 4.8970753 ], [ -74.2631608, 4.8970711 ], [ -74.2631881, 4.8970352 ], [ -74.2631797, 4.8969888 ], [ -74.2631902, 4.8969298 ], [ -74.2632259, 4.8968644 ], [ -74.2632575, 4.8968602 ], [ -74.2633374, 4.8968644 ], [ -74.2633773, 4.8968897 ], [ -74.2633984, 4.8969108 ], [ -74.263432, 4.8969593 ], [ -74.2635393, 4.8970267 ], [ -74.2636192, 4.897071 ], [ -74.2636844, 4.8970963 ], [ -74.2638127, 4.8971405 ], [ -74.2639788, 4.8971806 ], [ -74.2640398, 4.8971826 ], [ -74.2641071, 4.89721 ], [ -74.2641218, 4.8972522 ], [ -74.2641176, 4.8973113 ], [ -74.2641029, 4.8973492 ], [ -74.2640609, 4.897421 ], [ -74.2640399, 4.8974695 ], [ -74.264021, 4.8975876 ], [ -74.2640252, 4.8977078 ], [ -74.2639139, 4.8980326 ], [ -74.2639139, 4.8982014 ], [ -74.2638887, 4.8983448 ], [ -74.2638299, 4.8985304 ], [ -74.2637879, 4.8986148 ], [ -74.2637374, 4.898716 ], [ -74.2637122, 4.8988088 ], [ -74.2636282, 4.898986 ], [ -74.2635609, 4.8990789 ], [ -74.2634516, 4.8992645 ], [ -74.263418, 4.8993235 ], [ -74.2633843, 4.8993657 ], [ -74.2632708, 4.8994122 ], [ -74.263233, 4.8994544 ], [ -74.2632078, 4.8995176 ], [ -74.2632036, 4.8995767 ], [ -74.2632162, 4.8996315 ], [ -74.2632751, 4.8997581 ], [ -74.2632835, 4.8998213 ], [ -74.2632878, 4.8999732 ], [ -74.263292, 4.9000365 ], [ -74.26325, 4.9002896 ], [ -74.2632585, 4.9004414 ], [ -74.2632711, 4.9006059 ], [ -74.2632838, 4.9007704 ], [ -74.2632965, 4.9009855 ], [ -74.2632797, 4.901032 ], [ -74.2632881, 4.9011121 ], [ -74.2633091, 4.9011838 ], [ -74.2633218, 4.9012429 ], [ -74.263347, 4.9013314 ], [ -74.2633765, 4.9014116 ], [ -74.2633975, 4.901479 ], [ -74.2634354, 4.9015761 ], [ -74.2634438, 4.9016225 ], [ -74.2634481, 4.9016857 ], [ -74.2634391, 4.901831 ], [ -74.2633971, 4.9020672 ], [ -74.2633509, 4.9024173 ], [ -74.2633552, 4.9026198 ], [ -74.263351, 4.9027843 ], [ -74.2633469, 4.9030459 ], [ -74.263347, 4.9032441 ], [ -74.263347, 4.9032821 ], [ -74.2632965, 4.9034593 ], [ -74.2632419, 4.9036449 ], [ -74.2631117, 4.9040077 ], [ -74.2630192, 4.9043241 ], [ -74.2629268, 4.904573 ], [ -74.2628637, 4.904708 ], [ -74.2628343, 4.9047965 ], [ -74.2627797, 4.904902 ], [ -74.2627334, 4.9049737 ], [ -74.2626578, 4.9050919 ], [ -74.26254, 4.9052522 ], [ -74.2624265, 4.9053745 ], [ -74.2623088, 4.9054885 ], [ -74.2622625, 4.9055307 ], [ -74.2619808, 4.9057881 ], [ -74.2618211, 4.9059104 ], [ -74.2616949, 4.9060328 ], [ -74.2614679, 4.9062058 ], [ -74.2614006, 4.9062649 ], [ -74.261325, 4.9064125 ], [ -74.2612997, 4.90648 ], [ -74.2612829, 4.9066108 ], [ -74.2612788, 4.9066783 ], [ -74.2612704, 4.9068386 ], [ -74.2612326, 4.9070748 ], [ -74.2612116, 4.9072224 ], [ -74.261178, 4.9073659 ], [ -74.261157, 4.907484 ], [ -74.2611487, 4.9076401 ], [ -74.2611277, 4.9078088 ], [ -74.2610983, 4.9079227 ], [ -74.2610647, 4.9082095 ], [ -74.2610143, 4.908412 ], [ -74.2609639, 4.9086314 ], [ -74.2609639, 4.9088086 ], [ -74.2609219, 4.9089773 ], [ -74.2608631, 4.9092051 ], [ -74.2608295, 4.9093063 ], [ -74.2607454, 4.9095173 ], [ -74.2606698, 4.9096523 ], [ -74.2605689, 4.9097704 ], [ -74.2605352, 4.9098463 ], [ -74.2605016, 4.9099729 ], [ -74.2604764, 4.910091 ], [ -74.2606279, 4.9103356 ], [ -74.2606868, 4.9104284 ], [ -74.2607036, 4.9105212 ], [ -74.2618979, 4.9100042 ], [ -74.2618855, 4.9108478 ], [ -74.2613179, 4.911506 ], [ -74.2612317, 4.9115545 ], [ -74.2611119, 4.9115925 ], [ -74.2609584, 4.9116221 ], [ -74.2607355, 4.9116707 ], [ -74.2603318, 4.9117699 ], [ -74.2601594, 4.9118079 ], [ -74.2600164, 4.9118586 ], [ -74.2599008, 4.9119451 ], [ -74.2598377, 4.9120252 ], [ -74.259762, 4.9121244 ], [ -74.2597389, 4.9121602 ], [ -74.2596906, 4.9122193 ], [ -74.2596359, 4.9122657 ], [ -74.2595728, 4.91231 ], [ -74.2594803, 4.9123607 ], [ -74.2593794, 4.9124071 ], [ -74.2592785, 4.9124704 ], [ -74.2591544, 4.9125464 ], [ -74.2590346, 4.9126645 ], [ -74.2589295, 4.9127594 ], [ -74.2587634, 4.912943 ], [ -74.2585868, 4.9131244 ], [ -74.2585028, 4.9132552 ], [ -74.2584439, 4.9134028 ], [ -74.2584482, 4.913542 ], [ -74.2584987, 4.9137656 ], [ -74.2585366, 4.9139427 ], [ -74.2585871, 4.9141705 ], [ -74.2586418, 4.9143603 ], [ -74.2586924, 4.9145923 ], [ -74.2587345, 4.9148032 ], [ -74.2587682, 4.9149129 ], [ -74.2588145, 4.9150352 ], [ -74.2588481, 4.9151322 ], [ -74.2589744, 4.9153431 ], [ -74.2590796, 4.9155666 ], [ -74.2591595, 4.9157058 ], [ -74.2592352, 4.9158281 ], [ -74.2592647, 4.9159378 ], [ -74.2592731, 4.9160432 ], [ -74.2591263, 4.9175365 ], [ -74.2590254, 4.9175913 ], [ -74.2589035, 4.9177137 ], [ -74.2587563, 4.917874 ], [ -74.2585587, 4.918047 ], [ -74.2583401, 4.9182411 ], [ -74.2581383, 4.918431 ], [ -74.2579827, 4.9185871 ], [ -74.2578524, 4.9187221 ], [ -74.2577304, 4.9188529 ], [ -74.2576253, 4.9189626 ], [ -74.2575496, 4.9190301 ], [ -74.2574445, 4.9191188 ], [ -74.2573016, 4.9192538 ], [ -74.2572301, 4.9193382 ], [ -74.257125, 4.9195111 ], [ -74.2570283, 4.9196251 ], [ -74.2569106, 4.9197812 ], [ -74.2568139, 4.9199162 ], [ -74.2567424, 4.9200216 ], [ -74.2566373, 4.9201524 ], [ -74.2564944, 4.9202959 ], [ -74.2562841, 4.9205069 ], [ -74.2561244, 4.9206756 ], [ -74.2560361, 4.9207684 ], [ -74.2559015, 4.9209119 ], [ -74.2558343, 4.9210511 ], [ -74.2557965, 4.9211671 ], [ -74.2557271, 4.9213549 ], [ -74.2557061, 4.9214793 ], [ -74.2556662, 4.9215974 ], [ -74.2556284, 4.921705 ], [ -74.2555906, 4.9218315 ], [ -74.2555506, 4.9219665 ], [ -74.2555044, 4.9221036 ], [ -74.2554834, 4.9221775 ], [ -74.2554771, 4.9222576 ], [ -74.2555087, 4.9223483 ], [ -74.2555465, 4.9224031 ], [ -74.2555991, 4.9224748 ], [ -74.2556391, 4.9225592 ], [ -74.255698, 4.9226562 ], [ -74.255738, 4.9227215 ], [ -74.2557801, 4.9227996 ], [ -74.2558053, 4.9228502 ], [ -74.2558306, 4.9228966 ], [ -74.2558621, 4.9229451 ], [ -74.2559063, 4.923021 ], [ -74.2559442, 4.9230843 ], [ -74.2559694, 4.9231053 ], [ -74.2560051, 4.9230969 ], [ -74.2560829, 4.9230779 ], [ -74.256289, 4.9230125 ], [ -74.2565981, 4.9229428 ], [ -74.2567873, 4.9229026 ], [ -74.2590478, 4.9224191 ], [ -74.2598803, 4.9215836 ], [ -74.2611666, 4.9195248 ], [ -74.2616545, 4.9194403 ], [ -74.2619488, 4.9193643 ], [ -74.2622012, 4.9193284 ], [ -74.2626154, 4.9191511 ], [ -74.2627011, 4.9172845 ], [ -74.2636134, 4.9161454 ], [ -74.2642774, 4.9144874 ], [ -74.2649879, 4.9137701 ], [ -74.2652149, 4.9131036 ], [ -74.2652736, 4.9126396 ], [ -74.2652651, 4.9121503 ], [ -74.2652355, 4.9116188 ], [ -74.2651639, 4.9112223 ], [ -74.2651007, 4.9108511 ], [ -74.2650417, 4.9106128 ], [ -74.2649996, 4.9104947 ], [ -74.2649786, 4.9104251 ], [ -74.2649723, 4.9103555 ], [ -74.2649996, 4.9102522 ], [ -74.265071, 4.9100644 ], [ -74.2652265, 4.9096257 ], [ -74.2652706, 4.9094654 ], [ -74.2653589, 4.9092334 ], [ -74.2653967, 4.9091321 ], [ -74.2654303, 4.9090224 ], [ -74.2654366, 4.9089381 ], [ -74.265466, 4.9088748 ], [ -74.2654912, 4.9088642 ], [ -74.2655606, 4.9088769 ], [ -74.2656364, 4.9089064 ], [ -74.2664818, 4.909368 ], [ -74.2672896, 4.9104308 ], [ -74.2672854, 4.9105616 ], [ -74.2672644, 4.9106923 ], [ -74.267235, 4.9108526 ], [ -74.267193, 4.9110467 ], [ -74.2671174, 4.9112028 ], [ -74.2670627, 4.911342 ], [ -74.267046, 4.9115065 ], [ -74.2671932, 4.9115697 ], [ -74.2672563, 4.9115908 ], [ -74.2673782, 4.9115823 ], [ -74.267517, 4.9115443 ], [ -74.2676137, 4.9115063 ], [ -74.267723, 4.9114768 ], [ -74.2678282, 4.9114177 ], [ -74.2679347, 4.911257 ], [ -74.2679345, 4.9117737 ], [ -74.2677418, 4.9125188 ], [ -74.2675882, 4.9126808 ], [ -74.2674166, 4.9130428 ], [ -74.2669683, 4.9137559 ], [ -74.266625, 4.9143302 ], [ -74.2663532, 4.9150098 ], [ -74.2662197, 4.9154405 ], [ -74.2661436, 4.9162445 ], [ -74.2660658, 4.9164431 ], [ -74.2660467, 4.9166536 ], [ -74.2659514, 4.9168961 ], [ -74.2658179, 4.9171769 ], [ -74.2657198, 4.9174176 ], [ -74.2657035, 4.9174577 ], [ -74.2650739, 4.9181788 ], [ -74.2644698, 4.9188936 ], [ -74.2639865, 4.9196083 ], [ -74.2636177, 4.9204123 ], [ -74.2634397, 4.9206229 ], [ -74.2630455, 4.921242 ], [ -74.2625812, 4.9218737 ], [ -74.2624939, 4.9220298 ], [ -74.2623079, 4.9222931 ], [ -74.2614637, 4.9232073 ], [ -74.2610821, 4.9237098 ], [ -74.2609725, 4.9239348 ], [ -74.2608771, 4.9242028 ], [ -74.2608199, 4.9243511 ], [ -74.2606434, 4.9244995 ], [ -74.2604526, 4.9246384 ], [ -74.2602379, 4.9247341 ], [ -74.2600137, 4.9247677 ], [ -74.2597036, 4.9248204 ], [ -74.2594937, 4.92483 ], [ -74.2592694, 4.9248253 ], [ -74.2589641, 4.9249881 ], [ -74.2587018, 4.9251987 ], [ -74.2583822, 4.9255194 ], [ -74.2580627, 4.9259502 ], [ -74.2576717, 4.9268355 ], [ -74.2575382, 4.9272567 ], [ -74.257507, 4.9274314 ], [ -74.257481, 4.9275773 ], [ -74.2574, 4.9279984 ], [ -74.2573782, 4.9285284 ], [ -74.2573488, 4.9285037 ], [ -74.2572941, 4.9284655 ], [ -74.2572538, 4.9284417 ], [ -74.2571718, 4.9283992 ], [ -74.2570745, 4.928351 ], [ -74.2570124, 4.9283214 ], [ -74.2569379, 4.928287 ], [ -74.2568141, 4.9282312 ], [ -74.2567607, 4.928207 ], [ -74.2565765, 4.9281238 ], [ -74.2565043, 4.9280897 ], [ -74.2564561, 4.9280644 ], [ -74.2564292, 4.9280467 ], [ -74.2563999, 4.9280176 ], [ -74.2563717, 4.9279763 ], [ -74.2563583, 4.9279493 ], [ -74.2563486, 4.9279226 ], [ -74.256338, 4.9278793 ], [ -74.2563371, 4.9278486 ], [ -74.256355, 4.9277792 ], [ -74.2563722, 4.9277142 ], [ -74.2563825, 4.9276661 ], [ -74.2563897, 4.9276359 ], [ -74.2563989, 4.9275791 ], [ -74.2563813, 4.9275278 ], [ -74.2563542, 4.927488 ], [ -74.256323, 4.9274554 ], [ -74.2563001, 4.9274345 ], [ -74.2562595, 4.927401 ], [ -74.256224, 4.9273816 ], [ -74.2561446, 4.9273724 ], [ -74.2561111, 4.927369 ], [ -74.2560782, 4.9273674 ], [ -74.2560411, 4.9273606 ], [ -74.2559756, 4.9273373 ], [ -74.2559399, 4.9273199 ], [ -74.255913, 4.9272914 ], [ -74.2559035, 4.9272485 ], [ -74.2559032, 4.9272041 ], [ -74.2559076, 4.9271554 ], [ -74.2559136, 4.9271198 ], [ -74.255935, 4.9270374 ], [ -74.2559706, 4.9269024 ], [ -74.2559864, 4.9268374 ], [ -74.2559976, 4.92678 ], [ -74.2560026, 4.9267363 ], [ -74.2560036, 4.9266794 ], [ -74.2559937, 4.9266348 ], [ -74.2559781, 4.9266033 ], [ -74.2559519, 4.9265661 ], [ -74.2558985, 4.9265063 ], [ -74.255867, 4.9264757 ], [ -74.2558078, 4.9264225 ], [ -74.2556876, 4.9263242 ], [ -74.2555852, 4.9262457 ], [ -74.2553618, 4.9260796 ], [ -74.2552182, 4.925972 ], [ -74.2551247, 4.9258972 ], [ -74.2550859, 4.9258624 ], [ -74.2549387, 4.9258457 ], [ -74.2548514, 4.9258306 ], [ -74.2547972, 4.9258194 ], [ -74.2546976, 4.925795 ], [ -74.2546305, 4.9257752 ], [ -74.254589, 4.9257615 ], [ -74.2545138, 4.9257335 ], [ -74.2544183, 4.9256912 ], [ -74.2543651, 4.9256641 ], [ -74.2542799, 4.9256158 ], [ -74.2541862, 4.9255613 ], [ -74.254149, 4.9255406 ], [ -74.2541055, 4.9255202 ], [ -74.2540742, 4.9255112 ], [ -74.254046, 4.9255077 ], [ -74.2540085, 4.9255097 ], [ -74.2539641, 4.9255186 ], [ -74.2538757, 4.9255439 ], [ -74.2538244, 4.9255568 ], [ -74.253792, 4.925561 ], [ -74.2537515, 4.9255583 ], [ -74.2537201, 4.9255477 ], [ -74.2536917, 4.9255265 ], [ -74.25366, 4.9254895 ], [ -74.2536083, 4.9254072 ], [ -74.2535858, 4.9253763 ], [ -74.2535616, 4.9253559 ], [ -74.2535259, 4.9253381 ], [ -74.2534924, 4.9253349 ], [ -74.2534658, 4.9253597 ], [ -74.2534561, 4.9253846 ], [ -74.2534373, 4.9254539 ], [ -74.2534246, 4.9255177 ], [ -74.2534175, 4.925567 ], [ -74.2534049, 4.9256797 ], [ -74.2533947, 4.9257862 ], [ -74.2533716, 4.9260353 ], [ -74.2533536, 4.9262045 ], [ -74.2533364, 4.9263219 ], [ -74.2533251, 4.9263746 ], [ -74.2533176, 4.9264015 ], [ -74.2533021, 4.9264423 ], [ -74.2532778, 4.9264872 ], [ -74.2532422, 4.9265303 ], [ -74.253206, 4.9265549 ], [ -74.2531694, 4.9265794 ], [ -74.2531306, 4.9266008 ], [ -74.2530677, 4.9266311 ], [ -74.2529942, 4.9266669 ], [ -74.2529122, 4.9266962 ], [ -74.2528804, 4.9267098 ], [ -74.2528499, 4.926728 ], [ -74.2528267, 4.9267488 ], [ -74.2527976, 4.9267857 ], [ -74.2527629, 4.9268397 ], [ -74.2527384, 4.9268813 ], [ -74.2526942, 4.9269626 ], [ -74.2526707, 4.9270113 ], [ -74.252657, 4.927046 ], [ -74.2526469, 4.9270834 ], [ -74.2526432, 4.9271144 ], [ -74.2526437, 4.9271706 ], [ -74.2526481, 4.9272307 ], [ -74.2526623, 4.927321 ], [ -74.2526677, 4.9273808 ], [ -74.2526682, 4.9274073 ], [ -74.2526658, 4.9274352 ], [ -74.2526569, 4.927467 ], [ -74.2526305, 4.9275213 ], [ -74.2526003, 4.9275564 ], [ -74.252553, 4.9275825 ], [ -74.2525016, 4.9275905 ], [ -74.2524446, 4.9275934 ], [ -74.2524077, 4.9275925 ], [ -74.252379, 4.9275878 ], [ -74.2523325, 4.9275764 ], [ -74.2522863, 4.9275606 ], [ -74.2522557, 4.9275468 ], [ -74.2521685, 4.9275055 ], [ -74.2521185, 4.9274865 ], [ -74.2520689, 4.9274739 ], [ -74.2520257, 4.927468 ], [ -74.2519725, 4.9274658 ], [ -74.2519256, 4.9274677 ], [ -74.2518823, 4.9274716 ], [ -74.2518626, 4.9275842 ], [ -74.2518489, 4.9276587 ], [ -74.2517516, 4.9281481 ], [ -74.2517045, 4.9283885 ], [ -74.2516779, 4.9285435 ], [ -74.2516676, 4.9286136 ], [ -74.2516527, 4.9287419 ], [ -74.2516468, 4.9288204 ], [ -74.2516446, 4.9288704 ], [ -74.251644, 4.9289666 ], [ -74.2516488, 4.929071 ], [ -74.2516543, 4.9291379 ], [ -74.2516671, 4.929262 ], [ -74.2516755, 4.929344 ], [ -74.2516784, 4.9293807 ], [ -74.2516801, 4.9294142 ], [ -74.2516795, 4.9294732 ], [ -74.2516736, 4.9295241 ], [ -74.2516636, 4.9295654 ], [ -74.2516397, 4.929627 ], [ -74.2516091, 4.9296856 ], [ -74.2515792, 4.9297332 ], [ -74.2515572, 4.9297648 ], [ -74.2515037, 4.929832 ], [ -74.2514725, 4.9298655 ], [ -74.2514496, 4.9298854 ], [ -74.2514047, 4.9299168 ], [ -74.2513425, 4.9299512 ], [ -74.2513031, 4.92997 ], [ -74.2512045, 4.9300117 ], [ -74.2511438, 4.9300348 ], [ -74.2510367, 4.930073 ], [ -74.2510056, 4.930081 ], [ -74.2509526, 4.9300911 ], [ -74.2509106, 4.9300954 ], [ -74.2508532, 4.9300949 ], [ -74.2508027, 4.9300922 ], [ -74.2507715, 4.9300884 ], [ -74.2506703, 4.9300735 ], [ -74.2506158, 4.9300681 ], [ -74.2505645, 4.9300688 ], [ -74.2505279, 4.9300764 ], [ -74.2504944, 4.9300917 ], [ -74.250456, 4.9301194 ], [ -74.2504296, 4.9301475 ], [ -74.2504042, 4.9301852 ], [ -74.2503784, 4.9302355 ], [ -74.250368, 4.93026 ], [ -74.2503524, 4.9303019 ], [ -74.2503211, 4.9304045 ], [ -74.2502538, 4.9306665 ], [ -74.2501948, 4.9308902 ], [ -74.2501496, 4.9310427 ], [ -74.2500488, 4.9313559 ], [ -74.2499689, 4.9316033 ], [ -74.2498902, 4.9318636 ], [ -74.2498244, 4.9320971 ], [ -74.2497938, 4.9322115 ], [ -74.249752, 4.9323765 ], [ -74.2497045, 4.9325817 ], [ -74.2496838, 4.9326807 ], [ -74.2496558, 4.9328291 ], [ -74.2496183, 4.9330623 ], [ -74.2495948, 4.9332315 ], [ -74.2495474, 4.9336053 ], [ -74.2495078, 4.9339136 ], [ -74.2494674, 4.9342023 ], [ -74.2494451, 4.9343463 ], [ -74.2494089, 4.9345547 ], [ -74.2493692, 4.9347459 ], [ -74.2493481, 4.9348324 ], [ -74.249326, 4.9349115 ], [ -74.249311, 4.9349602 ], [ -74.2492804, 4.9350483 ], [ -74.249265, 4.935088 ], [ -74.2492346, 4.9351592 ], [ -74.2492052, 4.9352202 ], [ -74.2491864, 4.9352555 ], [ -74.2491521, 4.9353148 ], [ -74.2491054, 4.9353855 ], [ -74.2490808, 4.9354173 ], [ -74.2490413, 4.9354607 ], [ -74.2489732, 4.9355331 ], [ -74.2489397, 4.9355678 ], [ -74.2489204, 4.9355923 ], [ -74.2488966, 4.9356271 ], [ -74.24885, 4.9357044 ], [ -74.2488211, 4.9357623 ], [ -74.2488033, 4.9357964 ], [ -74.2487658, 4.9358598 ], [ -74.2487424, 4.935896 ], [ -74.2487039, 4.9359499 ], [ -74.248649, 4.9360151 ], [ -74.2486189, 4.936047 ], [ -74.2485682, 4.936098 ], [ -74.2485301, 4.9361356 ], [ -74.248449, 4.936215 ], [ -74.2483904, 4.9362718 ], [ -74.2483386, 4.9363215 ], [ -74.2483075, 4.9363511 ], [ -74.2482499, 4.9364052 ], [ -74.2481629, 4.9364899 ], [ -74.2481114, 4.9365465 ], [ -74.248031, 4.9366452 ], [ -74.2479899, 4.9367004 ], [ -74.2479338, 4.9367838 ], [ -74.2478882, 4.9368644 ], [ -74.247787, 4.9370638 ], [ -74.2476904, 4.9370523 ], [ -74.2476021, 4.9370186 ], [ -74.247518, 4.9369891 ], [ -74.2474296, 4.9369722 ], [ -74.2473497, 4.9369554 ], [ -74.2471562, 4.9369217 ], [ -74.2470385, 4.9369048 ], [ -74.2468324, 4.9368838 ], [ -74.246681, 4.9368712 ], [ -74.246437, 4.9368586 ], [ -74.2462688, 4.9368586 ], [ -74.2460754, 4.9368671 ], [ -74.2458651, 4.9368756 ], [ -74.2456632, 4.9369474 ], [ -74.2455328, 4.9370149 ], [ -74.2454151, 4.9370908 ], [ -74.2452932, 4.9371837 ], [ -74.245188, 4.9372849 ], [ -74.2450745, 4.9374368 ], [ -74.244982, 4.937614 ], [ -74.2448685, 4.9377785 ], [ -74.2447844, 4.9379009 ], [ -74.2447088, 4.9380275 ], [ -74.2446247, 4.9381329 ], [ -74.2445742, 4.9382637 ], [ -74.2444859, 4.9383565 ], [ -74.2443808, 4.938462 ], [ -74.2442631, 4.9385886 ], [ -74.2441159, 4.9387194 ], [ -74.2440024, 4.9388249 ], [ -74.243809, 4.9389346 ], [ -74.2436786, 4.9389895 ], [ -74.2436029, 4.9390232 ], [ -74.2434515, 4.9390654 ], [ -74.2433043, 4.9391161 ], [ -74.2431067, 4.9391879 ], [ -74.2429637, 4.9392259 ], [ -74.2427786, 4.9392765 ], [ -74.2427113, 4.9392976 ], [ -74.2425095, 4.939361 ], [ -74.2424044, 4.9394116 ], [ -74.2422782, 4.9394454 ], [ -74.2420553, 4.939534 ], [ -74.2419123, 4.9395804 ], [ -74.2415885, 4.9397239 ], [ -74.2413951, 4.9398505 ], [ -74.2412942, 4.9399349 ], [ -74.241147, 4.9400446 ], [ -74.2410503, 4.9401881 ], [ -74.240962, 4.9403315 ], [ -74.2409158, 4.9405171 ], [ -74.2408654, 4.9406985 ], [ -74.2408402, 4.9408799 ], [ -74.2407435, 4.9411752 ], [ -74.2406931, 4.9412722 ], [ -74.2405585, 4.941441 ], [ -74.2403861, 4.9415929 ], [ -74.2402642, 4.9416942 ], [ -74.2400749, 4.9418208 ], [ -74.2399067, 4.9419727 ], [ -74.2397386, 4.942133 ], [ -74.2395914, 4.9423355 ], [ -74.2394358, 4.9425802 ], [ -74.239335, 4.9427742 ], [ -74.2391374, 4.9430611 ], [ -74.2390281, 4.9432932 ], [ -74.238944, 4.9434746 ], [ -74.2388557, 4.9436475 ], [ -74.2388011, 4.943791 ], [ -74.2387002, 4.9439597 ], [ -74.2385741, 4.9442888 ], [ -74.2385279, 4.9445166 ], [ -74.2384985, 4.9447064 ], [ -74.2384985, 4.9450101 ], [ -74.2385617, 4.9452336 ], [ -74.2387173, 4.9454065 ], [ -74.2388562, 4.9454867 ], [ -74.2390836, 4.945654 ], [ -74.2390021, 4.9457287 ], [ -74.2388851, 4.9457838 ], [ -74.238752, 4.9457924 ], [ -74.2385554, 4.9457377 ], [ -74.2383462, 4.9457537 ], [ -74.2381954, 4.9458599 ], [ -74.2381299, 4.9459049 ], [ -74.2380616, 4.9459558 ], [ -74.2379243, 4.946097 ], [ -74.2377987, 4.9462482 ], [ -74.237709, 4.9463308 ], [ -74.2375889, 4.9465575 ], [ -74.2373104, 4.9468402 ], [ -74.2371731, 4.9469915 ], [ -74.2370841, 4.9470962 ], [ -74.2370407, 4.9471498 ], [ -74.2369771, 4.9472317 ], [ -74.2369157, 4.9473153 ], [ -74.2368, 4.947484 ], [ -74.2367288, 4.9475939 ], [ -74.2366019, 4.9477964 ], [ -74.2365219, 4.9479227 ], [ -74.2364418, 4.9478626 ], [ -74.2364133, 4.9478669 ], [ -74.2363891, 4.9478769 ], [ -74.2363538, 4.9478782 ], [ -74.2363331, 4.9478976 ], [ -74.236311, 4.9479159 ], [ -74.235999, 4.9479021 ], [ -74.2359038, 4.9479042 ], [ -74.2358193, 4.9479307 ], [ -74.2357679, 4.9479651 ], [ -74.235708, 4.9480023 ], [ -74.2356396, 4.9480452 ], [ -74.2355882, 4.9480824 ], [ -74.2355278, 4.9481512 ], [ -74.2354998, 4.9481625 ], [ -74.235457, 4.9482226 ], [ -74.2353572, 4.9482799 ], [ -74.2352688, 4.9483142 ], [ -74.2351661, 4.9483429 ], [ -74.2350862, 4.9483915 ], [ -74.2350962, 4.9485185 ], [ -74.2350576, 4.9485168 ], [ -74.2349593, 4.9484446 ], [ -74.2339592, 4.947482 ], [ -74.2335398, 4.9470872 ], [ -74.2332516, 4.9468012 ], [ -74.2328321, 4.9463922 ], [ -74.2316769, 4.9452954 ], [ -74.2311524, 4.9447696 ], [ -74.2308743, 4.9445085 ], [ -74.2306259, 4.9442037 ], [ -74.2304731, 4.9441048 ], [ -74.2303022, 4.9440239 ], [ -74.2300594, 4.9439249 ], [ -74.2298705, 4.943871 ], [ -74.2297357, 4.943844 ], [ -74.2295378, 4.943799 ], [ -74.2292321, 4.9437721 ], [ -74.2290162, 4.9437631 ], [ -74.2288364, 4.9437541 ], [ -74.2286205, 4.9437721 ], [ -74.2283597, 4.9437721 ], [ -74.2281349, 4.9437721 ], [ -74.2279371, 4.9437721 ], [ -74.2277033, 4.9437361 ], [ -74.2275504, 4.9436911 ], [ -74.2275144, 4.9436102 ], [ -74.2275144, 4.9434393 ], [ -74.2275594, 4.9432505 ], [ -74.2276763, 4.9430347 ], [ -74.2277752, 4.9428548 ], [ -74.2278292, 4.942621 ], [ -74.2278472, 4.9424321 ], [ -74.2278561, 4.9423962 ], [ -74.2277662, 4.9422343 ], [ -74.2276313, 4.9421084 ], [ -74.2274245, 4.9420275 ], [ -74.2272177, 4.9419555 ], [ -74.2269838, 4.9418206 ], [ -74.226822, 4.9416947 ], [ -74.2265882, 4.9416138 ], [ -74.2263543, 4.9414159 ], [ -74.2261925, 4.9412721 ], [ -74.2260936, 4.9410742 ], [ -74.2259407, 4.9408764 ], [ -74.2257467, 4.9405868 ], [ -74.2256375, 4.940514 ], [ -74.225469, 4.9404062 ], [ -74.2254106, 4.9403285 ], [ -74.2253685, 4.9402669 ], [ -74.2253329, 4.94016 ], [ -74.2253102, 4.9400531 ], [ -74.2252973, 4.9399689 ], [ -74.2252843, 4.9399235 ], [ -74.2252584, 4.9398523 ], [ -74.2252098, 4.9397778 ], [ -74.2251547, 4.9397097 ], [ -74.2250381, 4.9396288 ], [ -74.2248632, 4.9395283 ], [ -74.2247401, 4.9394603 ], [ -74.224523, 4.9393664 ], [ -74.2243449, 4.9392659 ], [ -74.2242833, 4.9392076 ], [ -74.2242282, 4.939104 ], [ -74.2242185, 4.939023 ], [ -74.2242541, 4.9386278 ], [ -74.2242541, 4.9385662 ], [ -74.2242185, 4.9385014 ], [ -74.2241408, 4.9384204 ], [ -74.2240274, 4.9383168 ], [ -74.2238589, 4.9380997 ], [ -74.2237715, 4.9379766 ], [ -74.2236937, 4.9378503 ], [ -74.2237099, 4.9377498 ], [ -74.2237132, 4.9376235 ], [ -74.2237067, 4.9374389 ], [ -74.2237067, 4.9372736 ], [ -74.2236581, 4.9370793 ], [ -74.2236386, 4.9369497 ], [ -74.2236348, 4.9369272 ], [ -74.2237239, 4.9369272 ], [ -74.2239005, 4.937 ], [ -74.2240046, 4.9370221 ] ] ] ] } },
{ "type": "Feature", "properties": { "MpNombre": "Centros Poblados", "Clas_CIAF": "1a" }, "geometry": { "type": "MultiPolygon", "coordinates": [ [ [ [ -74.2583748, 4.8297608 ], [ -74.2584104, 4.8279766 ], [ -74.2584052, 4.8278816 ], [ -74.2583656, 4.8277419 ], [ -74.2583708, 4.8276798 ], [ -74.2583071, 4.8273295 ], [ -74.2583053, 4.8272139 ], [ -74.2583087, 4.8271069 ], [ -74.2583052, 4.8269499 ], [ -74.2583241, 4.8268411 ], [ -74.2583585, 4.8267134 ], [ -74.2583722, 4.826653 ], [ -74.2583997, 4.8265616 ], [ -74.2584118, 4.8264822 ], [ -74.2583928, 4.8264287 ], [ -74.2583601, 4.8263166 ], [ -74.2583481, 4.8262648 ], [ -74.258336, 4.8262303 ], [ -74.2582964, 4.8261302 ], [ -74.2582689, 4.8260698 ], [ -74.258274, 4.8259577 ], [ -74.2582654, 4.825842 ], [ -74.2582636, 4.8257247 ], [ -74.2582687, 4.8255987 ], [ -74.258267, 4.8254866 ], [ -74.2582549, 4.8253813 ], [ -74.2582343, 4.8253106 ], [ -74.2581878, 4.8251743 ], [ -74.2581585, 4.8250604 ], [ -74.2581241, 4.8249517 ], [ -74.2580879, 4.8248689 ], [ -74.2580724, 4.8247601 ], [ -74.258069, 4.8246877 ], [ -74.258007, 4.8246359 ], [ -74.2580255, 4.8241331 ], [ -74.2581275, 4.8241485 ], [ -74.2581683, 4.8241715 ], [ -74.2581912, 4.824174 ], [ -74.2582703, 4.8241996 ], [ -74.2583187, 4.8242047 ], [ -74.2583799, 4.8242072 ], [ -74.2584462, 4.8242072 ], [ -74.2585201, 4.8241944 ], [ -74.2586042, 4.8241713 ], [ -74.2586909, 4.824133 ], [ -74.2588031, 4.8240895 ], [ -74.2588642, 4.8240511 ], [ -74.2589382, 4.8240076 ], [ -74.2590121, 4.8239564 ], [ -74.2590758, 4.8239155 ], [ -74.2590988, 4.8239104 ], [ -74.2591365, 4.823897 ], [ -74.259214, 4.8239649 ], [ -74.2593207, 4.824011 ], [ -74.2593716, 4.8240158 ], [ -74.2594709, 4.8239722 ], [ -74.2595218, 4.8239334 ], [ -74.259573, 4.8239818 ], [ -74.259601, 4.8240355 ], [ -74.2596622, 4.8241301 ], [ -74.2597592, 4.824258 ], [ -74.2597857, 4.8244387 ], [ -74.2597358, 4.8244767 ], [ -74.2595896, 4.8244923 ], [ -74.2594606, 4.8245423 ], [ -74.2592443, 4.8246008 ], [ -74.2590822, 4.824646 ], [ -74.258954, 4.8246719 ], [ -74.2589093, 4.8246952 ], [ -74.2589308, 4.8247504 ], [ -74.2589575, 4.8248238 ], [ -74.2589807, 4.8248695 ], [ -74.2589997, 4.8249247 ], [ -74.2590298, 4.8249928 ], [ -74.2590599, 4.8250774 ], [ -74.2590763, 4.8251412 ], [ -74.2591064, 4.8251904 ], [ -74.2591356, 4.8252309 ], [ -74.2591795, 4.8252387 ], [ -74.2593352, 4.8252257 ], [ -74.2593945, 4.8252093 ], [ -74.2594728, 4.8252067 ], [ -74.2595708, 4.8252041 ], [ -74.2596629, 4.8252041 ], [ -74.2596809, 4.8252187 ], [ -74.2596844, 4.8252739 ], [ -74.2597154, 4.8253222 ], [ -74.2597464, 4.8253602 ], [ -74.2597773, 4.8254154 ], [ -74.2597395, 4.8256156 ], [ -74.2597292, 4.8257226 ], [ -74.2596949, 4.8258468 ], [ -74.2596536, 4.8259504 ], [ -74.259602, 4.8260643 ], [ -74.2595402, 4.8262265 ], [ -74.2595058, 4.82633 ], [ -74.2594611, 4.8263922 ], [ -74.259382, 4.8264612 ], [ -74.25932, 4.8265268 ], [ -74.2592547, 4.8265855 ], [ -74.2592169, 4.8266338 ], [ -74.2591722, 4.8267305 ], [ -74.2591412, 4.826834 ], [ -74.2591309, 4.8268892 ], [ -74.2590725, 4.8270411 ], [ -74.2590415, 4.8271239 ], [ -74.259045, 4.827193 ], [ -74.2590691, 4.8272861 ], [ -74.2591035, 4.8273414 ], [ -74.2591551, 4.8273931 ], [ -74.2592171, 4.8274759 ], [ -74.2592618, 4.8275587 ], [ -74.2593066, 4.8276519 ], [ -74.2593479, 4.8277382 ], [ -74.2593858, 4.8278348 ], [ -74.2594202, 4.8279901 ], [ -74.2594512, 4.8280971 ], [ -74.2594684, 4.8282455 ], [ -74.2594788, 4.8283628 ], [ -74.2594547, 4.828494 ], [ -74.2594341, 4.8286458 ], [ -74.2594239, 4.828777 ], [ -74.2593757, 4.828884 ], [ -74.2593138, 4.8289634 ], [ -74.2592588, 4.82906 ], [ -74.2592278, 4.8291325 ], [ -74.2591866, 4.8292602 ], [ -74.2591454, 4.8294086 ], [ -74.2591041, 4.829519 ], [ -74.2591042, 4.8297744 ], [ -74.2583748, 4.8297608 ] ] ], [ [ [ -74.2713809, 4.8667873 ], [ -74.2704684, 4.8677083 ], [ -74.2703587, 4.8675855 ], [ -74.2703638, 4.8673784 ], [ -74.2696957, 4.8673121 ], [ -74.2695986, 4.8664503 ], [ -74.2694405, 4.8662866 ], [ -74.270047, 4.8654272 ], [ -74.2697026, 4.8651687 ], [ -74.2699076, 4.865033 ], [ -74.2701591, 4.8649681 ], [ -74.2703095, 4.8650166 ], [ -74.2706003, 4.8652582 ], [ -74.2712474, 4.8660242 ], [ -74.2713668, 4.8662589 ], [ -74.2713809, 4.8667873 ] ] ] ] } },
{ "type": "Feature", "properties": { "MpNombre": "Area Industrial", "Clas_CIAF": "1a" }, "geometry": { "type": "Polygon", "coordinates": [ [ [ -74.2456856, 4.8230761 ], [ -74.2457234, 4.8231227 ], [ -74.2458146, 4.8232055 ], [ -74.2458508, 4.8232745 ], [ -74.2458852, 4.8233729 ], [ -74.2459713, 4.8236265 ], [ -74.2459784, 4.8246343 ], [ -74.2465327, 4.8262113 ], [ -74.2421637, 4.8275515 ], [ -74.2417439, 4.8272617 ], [ -74.2429333, 4.8233581 ], [ -74.2430606, 4.8234394 ], [ -74.2433028, 4.8235135 ], [ -74.2436827, 4.8236592 ], [ -74.2441824, 4.823654 ], [ -74.2449982, 4.823219 ], [ -74.2453729, 4.8231524 ], [ -74.2455335, 4.8231294 ], [ -74.2456856, 4.8230761 ] ] ] } },
{ "type": "Feature", "properties": { "MpNombre": "Area Agrope Tradic Restrin", "Clas_CIAF": "2b" }, "geometry": { "type": "MultiPolygon", "coordinates": [ [ [ [ -74.2701591, 4.8649681 ], [ -74.2699076, 4.865033 ], [ -74.2703774, 4.8636271 ], [ -74.2709051, 4.8641055 ], [ -74.2706003, 4.8652582 ], [ -74.2703095, 4.8650166 ], [ -74.2701591, 4.8649681 ] ] ], [ [ [ -74.2788699, 4.8669038 ], [ -74.2785579, 4.8669211 ], [ -74.2782689, 4.8669661 ], [ -74.2781336, 4.8670144 ], [ -74.2779478, 4.8669984 ], [ -74.2777161, 4.866934 ], [ -74.2774821, 4.8668559 ], [ -74.2770876, 4.8668238 ], [ -74.2766793, 4.8668193 ], [ -74.276544, 4.8667848 ], [ -74.2762343, 4.8666745 ], [ -74.2760049, 4.8665848 ], [ -74.2758856, 4.8665434 ], [ -74.2757158, 4.8664768 ], [ -74.2755874, 4.8664239 ], [ -74.2754795, 4.8663871 ], [ -74.2751515, 4.8662768 ], [ -74.2748361, 4.8661503 ], [ -74.274032, 4.8658561 ], [ -74.2731004, 4.8644528 ], [ -74.273935, 4.8634679 ], [ -74.2745314, 4.8637484 ], [ -74.2752468, 4.8627865 ], [ -74.2754028, 4.8627772 ], [ -74.2756413, 4.8626023 ], [ -74.2759517, 4.8625769 ], [ -74.2761298, 4.8628203 ], [ -74.2762203, 4.86296 ], [ -74.2762371, 4.8630218 ], [ -74.2762441, 4.8630476 ], [ -74.2762663, 4.8630792 ], [ -74.2766475, 4.8636235 ], [ -74.2767682, 4.8637959 ], [ -74.2771958, 4.8644053 ], [ -74.2777038, 4.8651292 ], [ -74.2782373, 4.8658897 ], [ -74.2785516, 4.8663376 ], [ -74.2786157, 4.866429 ], [ -74.2788405, 4.8667493 ], [ -74.2790327, 4.8669164 ], [ -74.2788699, 4.8669038 ] ] ], [ [ [ -74.2337372, 4.8786723 ], [ -74.2338916, 4.8786317 ], [ -74.2340487, 4.8786348 ], [ -74.2341367, 4.8786884 ], [ -74.2342247, 4.8787609 ], [ -74.2343315, 4.8788176 ], [ -74.2344887, 4.8787986 ], [ -74.2345955, 4.8786883 ], [ -74.2346175, 4.8786032 ], [ -74.2346991, 4.8785181 ], [ -74.2348123, 4.8785716 ], [ -74.2349757, 4.8787449 ], [ -74.2350512, 4.8788458 ], [ -74.2351329, 4.878912 ], [ -74.235224, 4.8788678 ], [ -74.2353465, 4.8787606 ], [ -74.2354754, 4.8787322 ], [ -74.2355665, 4.8788646 ], [ -74.2355477, 4.8790474 ], [ -74.2355635, 4.8792586 ], [ -74.2356107, 4.8793815 ], [ -74.2356358, 4.879495 ], [ -74.2356736, 4.8796305 ], [ -74.2356925, 4.8797944 ], [ -74.2356422, 4.8800182 ], [ -74.235548, 4.8802672 ], [ -74.2355135, 4.8804311 ], [ -74.235545, 4.8806801 ], [ -74.2355701, 4.880781 ], [ -74.2356488, 4.8811214 ], [ -74.2356802, 4.8811939 ], [ -74.2358656, 4.881219 ], [ -74.2359159, 4.8812695 ], [ -74.2359128, 4.881364 ], [ -74.2358783, 4.8814901 ], [ -74.2358657, 4.8816194 ], [ -74.235894, 4.8817171 ], [ -74.235982, 4.8818274 ], [ -74.2360889, 4.8819377 ], [ -74.2361455, 4.8820227 ], [ -74.2362838, 4.8821267 ], [ -74.2365163, 4.8822338 ], [ -74.2366546, 4.8822874 ], [ -74.2367112, 4.8823252 ], [ -74.2368243, 4.8824103 ], [ -74.2369029, 4.88253 ], [ -74.2369564, 4.8826435 ], [ -74.2370381, 4.8827191 ], [ -74.2371198, 4.8827632 ], [ -74.2372833, 4.8828798 ], [ -74.2374027, 4.8830279 ], [ -74.2374122, 4.8832612 ], [ -74.2373871, 4.8834818 ], [ -74.2373557, 4.8835827 ], [ -74.2373494, 4.8837025 ], [ -74.2373306, 4.883879 ], [ -74.2373306, 4.8839546 ], [ -74.2368451, 4.8834008 ], [ -74.2337372, 4.8786723 ] ] ], [ [ [ -74.2800508, 4.8684395 ], [ -74.2801504, 4.868577 ], [ -74.2801961, 4.8686402 ], [ -74.280268, 4.8687396 ], [ -74.2806329, 4.8692549 ], [ -74.2813233, 4.8702294 ], [ -74.2813171, 4.8702509 ], [ -74.2812566, 4.8702933 ], [ -74.281182, 4.8703271 ], [ -74.281121, 4.8703513 ], [ -74.2810685, 4.8703556 ], [ -74.2810022, 4.8703514 ], [ -74.2809675, 4.8703482 ], [ -74.2808971, 4.8703356 ], [ -74.280854, 4.870324 ], [ -74.2808098, 4.8703019 ], [ -74.2807772, 4.8702903 ], [ -74.2807383, 4.8702745 ], [ -74.280691, 4.8702692 ], [ -74.280629, 4.8702903 ], [ -74.2805933, 4.8703346 ], [ -74.2805744, 4.870438 ], [ -74.2805449, 4.8705013 ], [ -74.2804987, 4.8705603 ], [ -74.2804525, 4.8706046 ], [ -74.2804083, 4.8706342 ], [ -74.2803515, 4.8706827 ], [ -74.28032, 4.8707165 ], [ -74.2802275, 4.8707713 ], [ -74.2801498, 4.8709105 ], [ -74.280114, 4.870957 ], [ -74.2800173, 4.8710667 ], [ -74.2799311, 4.8711173 ], [ -74.2798891, 4.8711405 ], [ -74.2798386, 4.8711743 ], [ -74.2797798, 4.8712059 ], [ -74.279744, 4.871246 ], [ -74.2796789, 4.8713051 ], [ -74.2796452, 4.8713452 ], [ -74.279599, 4.8713789 ], [ -74.2795212, 4.8714486 ], [ -74.2794729, 4.8714865 ], [ -74.2794035, 4.8715119 ], [ -74.2793194, 4.8715245 ], [ -74.2791848, 4.8715921 ], [ -74.279086, 4.8716364 ], [ -74.2789725, 4.8717187 ], [ -74.2788905, 4.8717862 ], [ -74.2788148, 4.8718621 ], [ -74.2786425, 4.8720162 ], [ -74.2785184, 4.8721153 ], [ -74.2784449, 4.8722018 ], [ -74.2783902, 4.8722482 ], [ -74.2783608, 4.8722883 ], [ -74.278304, 4.8723537 ], [ -74.2782389, 4.8724022 ], [ -74.27818, 4.8724255 ], [ -74.2780812, 4.8724656 ], [ -74.2779782, 4.8725246 ], [ -74.2778626, 4.8726133 ], [ -74.2778437, 4.8726618 ], [ -74.2778269, 4.8727293 ], [ -74.2778143, 4.8728284 ], [ -74.277768, 4.8728854 ], [ -74.2777281, 4.8729212 ], [ -74.2776377, 4.872955 ], [ -74.2775494, 4.8729677 ], [ -74.277501, 4.8729656 ], [ -74.2773706, 4.8729867 ], [ -74.2773412, 4.8730458 ], [ -74.2773013, 4.8730985 ], [ -74.2772677, 4.8731449 ], [ -74.2772424, 4.873204 ], [ -74.277232, 4.8733073 ], [ -74.2772004, 4.8733727 ], [ -74.2771731, 4.8734191 ], [ -74.2771479, 4.8734824 ], [ -74.2771185, 4.8735373 ], [ -74.2770891, 4.8735921 ], [ -74.2770617, 4.873647 ], [ -74.2769966, 4.8738431 ], [ -74.2769378, 4.873898 ], [ -74.2768768, 4.8739296 ], [ -74.2768095, 4.8739275 ], [ -74.2767696, 4.8739254 ], [ -74.2767086, 4.8739128 ], [ -74.2766875, 4.8739044 ], [ -74.2766329, 4.8738917 ], [ -74.2765908, 4.873877 ], [ -74.2765677, 4.8738728 ], [ -74.2765046, 4.8738833 ], [ -74.2764352, 4.8739234 ], [ -74.2763911, 4.8739509 ], [ -74.2763385, 4.8740331 ], [ -74.2763217, 4.8741091 ], [ -74.2763218, 4.8741723 ], [ -74.2763365, 4.8742778 ], [ -74.2763366, 4.8745878 ], [ -74.2763303, 4.8746595 ], [ -74.2763261, 4.8746891 ], [ -74.2763009, 4.8747418 ], [ -74.2762652, 4.8747819 ], [ -74.2762315, 4.8748072 ], [ -74.2761811, 4.874822 ], [ -74.2761495, 4.8748368 ], [ -74.2761285, 4.8748494 ], [ -74.2761012, 4.8748874 ], [ -74.2760739, 4.8749211 ], [ -74.2760613, 4.8749612 ], [ -74.2760508, 4.8749992 ], [ -74.275994, 4.8750519 ], [ -74.275953, 4.8750699 ], [ -74.2758941, 4.8750709 ], [ -74.2758395, 4.875072 ], [ -74.2758016, 4.8750784 ], [ -74.2757764, 4.8751058 ], [ -74.2757743, 4.875148 ], [ -74.2757869, 4.8752017 ], [ -74.2758017, 4.8752608 ], [ -74.2758532, 4.875323 ], [ -74.275889, 4.8753399 ], [ -74.2759194, 4.8753599 ], [ -74.2759626, 4.8753789 ], [ -74.2760214, 4.8754052 ], [ -74.2760582, 4.8754136 ], [ -74.2761476, 4.8754526 ], [ -74.2762307, 4.8755243 ], [ -74.2762643, 4.8755749 ], [ -74.2762949, 4.8756224 ], [ -74.2763275, 4.8756529 ], [ -74.2763516, 4.8756877 ], [ -74.276359, 4.8757151 ], [ -74.2763443, 4.8757605 ], [ -74.2763128, 4.87577 ], [ -74.2762486, 4.8757964 ], [ -74.2762477, 4.8762973 ], [ -74.2762709, 4.8763273 ], [ -74.2762935, 4.8763421 ], [ -74.2763119, 4.8763542 ], [ -74.2763413, 4.8763674 ], [ -74.2763592, 4.8763763 ], [ -74.2763808, 4.8763827 ], [ -74.2764181, 4.8763906 ], [ -74.276447, 4.8763942 ], [ -74.2764659, 4.8763948 ], [ -74.2764791, 4.8763984 ], [ -74.2764917, 4.8764106 ], [ -74.2764896, 4.8764274 ], [ -74.2764838, 4.876438 ], [ -74.2764376, 4.876476 ], [ -74.2763913, 4.8765055 ], [ -74.2763514, 4.8765393 ], [ -74.2762694, 4.8765625 ], [ -74.2761537, 4.8765604 ], [ -74.2760149, 4.8765583 ], [ -74.2758804, 4.8765626 ], [ -74.2758562, 4.876628 ], [ -74.2758615, 4.8766617 ], [ -74.2758678, 4.8766881 ], [ -74.2758783, 4.8767271 ], [ -74.2758962, 4.8767598 ], [ -74.2759141, 4.8767925 ], [ -74.2759509, 4.8768526 ], [ -74.2759446, 4.8768789 ], [ -74.2759257, 4.8768874 ], [ -74.2759173, 4.8768895 ], [ -74.2758374, 4.8768727 ], [ -74.2758037, 4.8768684 ], [ -74.2757301, 4.8768685 ], [ -74.2756797, 4.876879 ], [ -74.2756439, 4.8769001 ], [ -74.2755851, 4.8769634 ], [ -74.2755661, 4.8769993 ], [ -74.2755493, 4.8770499 ], [ -74.2755388, 4.8770921 ], [ -74.275541, 4.8771279 ], [ -74.2755599, 4.8771786 ], [ -74.2755683, 4.8771933 ], [ -74.2756188, 4.8772292 ], [ -74.2756524, 4.8772713 ], [ -74.275644, 4.8773156 ], [ -74.275623, 4.8773177 ], [ -74.2755326, 4.8773178 ], [ -74.2755053, 4.8773178 ], [ -74.2754695, 4.8773178 ], [ -74.2754275, 4.8773515 ], [ -74.2753518, 4.8773705 ], [ -74.2752782, 4.87736 ], [ -74.2752319, 4.8773284 ], [ -74.2751983, 4.8772947 ], [ -74.2751562, 4.8772398 ], [ -74.2751331, 4.8772188 ], [ -74.2750931, 4.8771892 ], [ -74.2750784, 4.8771766 ], [ -74.2750342, 4.877126 ], [ -74.2750174, 4.8770965 ], [ -74.2749963, 4.8770606 ], [ -74.2749543, 4.8769995 ], [ -74.2749122, 4.8769362 ], [ -74.2748785, 4.8768919 ], [ -74.2748428, 4.8768434 ], [ -74.2747881, 4.8767717 ], [ -74.2747376, 4.8766979 ], [ -74.2747334, 4.8766895 ], [ -74.2746661, 4.8765988 ], [ -74.2746303, 4.8765356 ], [ -74.2746093, 4.8765039 ], [ -74.2745735, 4.8764828 ], [ -74.2745441, 4.8764765 ], [ -74.2745189, 4.8764871 ], [ -74.2745041, 4.8765061 ], [ -74.274481, 4.8765504 ], [ -74.2744558, 4.876601 ], [ -74.2744243, 4.8766453 ], [ -74.2744033, 4.8766727 ], [ -74.2743822, 4.876698 ], [ -74.2743486, 4.8767339 ], [ -74.2743003, 4.8767824 ], [ -74.2742687, 4.8768225 ], [ -74.2742519, 4.8768541 ], [ -74.2742141, 4.8769069 ], [ -74.2741763, 4.876947 ], [ -74.2741679, 4.8769681 ], [ -74.2741468, 4.8770166 ], [ -74.2741132, 4.8770588 ], [ -74.2740817, 4.8771263 ], [ -74.2740862, 4.878242 ], [ -74.2740778, 4.8782694 ], [ -74.2739054, 4.8783686 ], [ -74.2737309, 4.8784129 ], [ -74.2735753, 4.8784108 ], [ -74.2734281, 4.8784193 ], [ -74.2733672, 4.8784425 ], [ -74.2731527, 4.8784995 ], [ -74.2731149, 4.8785207 ], [ -74.2730518, 4.8785797 ], [ -74.272995, 4.8786367 ], [ -74.2729551, 4.8786704 ], [ -74.2729067, 4.8786894 ], [ -74.2728563, 4.8786852 ], [ -74.27285, 4.8786578 ], [ -74.2728836, 4.8785988 ], [ -74.2729025, 4.8785734 ], [ -74.2729424, 4.8785038 ], [ -74.2729655, 4.8784532 ], [ -74.2729781, 4.8783963 ], [ -74.2729571, 4.8783203 ], [ -74.2729276, 4.878236 ], [ -74.2729171, 4.8781579 ], [ -74.2728855, 4.8780504 ], [ -74.2728414, 4.8779998 ], [ -74.2727762, 4.8779344 ], [ -74.2727656, 4.8778796 ], [ -74.2727677, 4.8777657 ], [ -74.2727403, 4.8775696 ], [ -74.2727129, 4.8774261 ], [ -74.2726708, 4.8773291 ], [ -74.2726519, 4.8772975 ], [ -74.2726098, 4.8772532 ], [ -74.2725804, 4.8772174 ], [ -74.2725467, 4.8771605 ], [ -74.2725341, 4.8771225 ], [ -74.2725278, 4.8770719 ], [ -74.2725257, 4.8770234 ], [ -74.2725151, 4.876958 ], [ -74.2724941, 4.8768947 ], [ -74.2724731, 4.876861 ], [ -74.2724625, 4.8768357 ], [ -74.2724394, 4.8768083 ], [ -74.2724142, 4.8767872 ], [ -74.2723437, 4.8767587 ], [ -74.2722953, 4.8767577 ], [ -74.272285, 4.8767416 ], [ -74.2731998, 4.8753217 ], [ -74.2728505, 4.8730371 ], [ -74.2728803, 4.872845 ], [ -74.273011, 4.8727219 ], [ -74.2730259, 4.8726724 ], [ -74.2701506, 4.872488 ], [ -74.2693295, 4.872861 ], [ -74.269334, 4.8725435 ], [ -74.2687284, 4.8724654 ], [ -74.2683731, 4.873089 ], [ -74.2652863, 4.8755978 ], [ -74.2667182, 4.877698 ], [ -74.265044, 4.8784899 ], [ -74.2650073, 4.8785382 ], [ -74.2650092, 4.8787195 ], [ -74.2645028, 4.8789295 ], [ -74.264434, 4.8790009 ], [ -74.2643423, 4.8791988 ], [ -74.2628975, 4.8801655 ], [ -74.2629892, 4.8803273 ], [ -74.2627278, 4.8804554 ], [ -74.2637715, 4.8807312 ], [ -74.2676143, 4.8789494 ], [ -74.2687823, 4.8806102 ], [ -74.2687492, 4.8806753 ], [ -74.2686925, 4.8807913 ], [ -74.2686883, 4.8809052 ], [ -74.2686947, 4.8810254 ], [ -74.2686989, 4.8811035 ], [ -74.2687241, 4.8811878 ], [ -74.268783, 4.8812342 ], [ -74.268863, 4.8814029 ], [ -74.2688672, 4.8814546 ], [ -74.2688767, 4.881541 ], [ -74.2688883, 4.8815642 ], [ -74.2689661, 4.8815853 ], [ -74.2690155, 4.8816064 ], [ -74.2690596, 4.8816243 ], [ -74.2690964, 4.8816475 ], [ -74.2691438, 4.8817044 ], [ -74.269189, 4.8817962 ], [ -74.2692164, 4.8818626 ], [ -74.2692259, 4.8820197 ], [ -74.269229, 4.8820861 ], [ -74.2692206, 4.8821547 ], [ -74.2691881, 4.8823182 ], [ -74.269165, 4.8823962 ], [ -74.2691335, 4.8824658 ], [ -74.269104, 4.8825059 ], [ -74.2690725, 4.8825354 ], [ -74.2690242, 4.8825797 ], [ -74.2689926, 4.8826114 ], [ -74.2689884, 4.8826578 ], [ -74.268999, 4.8827021 ], [ -74.26902, 4.8827358 ], [ -74.2690768, 4.8827737 ], [ -74.269121, 4.8828012 ], [ -74.2691735, 4.8828349 ], [ -74.2692093, 4.8828813 ], [ -74.2692303, 4.8829234 ], [ -74.2692156, 4.8829614 ], [ -74.2691736, 4.8830057 ], [ -74.2691273, 4.8830353 ], [ -74.2690916, 4.8831091 ], [ -74.2691042, 4.8831449 ], [ -74.26914, 4.8831766 ], [ -74.2691926, 4.8832082 ], [ -74.2692262, 4.8832398 ], [ -74.2692262, 4.8832947 ], [ -74.2692052, 4.8833347 ], [ -74.2691548, 4.8833917 ], [ -74.2691043, 4.8834318 ], [ -74.2690602, 4.8834613 ], [ -74.2690244, 4.8834824 ], [ -74.2689971, 4.8835394 ], [ -74.268995, 4.8835773 ], [ -74.2689971, 4.883628 ], [ -74.2690056, 4.8836786 ], [ -74.269014, 4.8837545 ], [ -74.2690182, 4.8837967 ], [ -74.2690666, 4.8838747 ], [ -74.269096, 4.8838895 ], [ -74.2691339, 4.8838958 ], [ -74.2692075, 4.8839316 ], [ -74.2692222, 4.8839801 ], [ -74.2692264, 4.8840413 ], [ -74.2692517, 4.8841784 ], [ -74.2692833, 4.8843091 ], [ -74.2693106, 4.8843428 ], [ -74.269359, 4.8843618 ], [ -74.2693926, 4.8843639 ], [ -74.2694473, 4.8843597 ], [ -74.2695209, 4.8843386 ], [ -74.2695693, 4.884328 ], [ -74.2696176, 4.884328 ], [ -74.2696618, 4.884328 ], [ -74.2697249, 4.884328 ], [ -74.2697627, 4.8843258 ], [ -74.2697858, 4.8843237 ], [ -74.2698174, 4.8843153 ], [ -74.2698426, 4.88429 ], [ -74.2698699, 4.8842478 ], [ -74.2699309, 4.8841803 ], [ -74.2699498, 4.884155 ], [ -74.2699771, 4.8841317 ], [ -74.2700087, 4.8841001 ], [ -74.2700528, 4.8840663 ], [ -74.2701054, 4.8840642 ], [ -74.2701054, 4.8841085 ], [ -74.270076, 4.8841591 ], [ -74.2700486, 4.8841992 ], [ -74.2700276, 4.8842456 ], [ -74.2699961, 4.8843005 ], [ -74.2699667, 4.8843637 ], [ -74.2699688, 4.8844207 ], [ -74.2699835, 4.8844523 ], [ -74.2700172, 4.8844903 ], [ -74.2700761, 4.8845198 ], [ -74.2701055, 4.8845282 ], [ -74.2701371, 4.8845767 ], [ -74.2701392, 4.8846316 ], [ -74.2701371, 4.8846843 ], [ -74.2701056, 4.8847729 ], [ -74.2700698, 4.8848172 ], [ -74.2700089, 4.8848552 ], [ -74.2699563, 4.8848847 ], [ -74.2698933, 4.884929 ], [ -74.2698239, 4.8849438 ], [ -74.2697734, 4.8849438 ], [ -74.269704, 4.884927 ], [ -74.2696599, 4.8849291 ], [ -74.2696157, 4.8849439 ], [ -74.2695926, 4.884986 ], [ -74.2695947, 4.8850388 ], [ -74.2696073, 4.8850978 ], [ -74.2696284, 4.8851379 ], [ -74.2696725, 4.885159 ], [ -74.269744, 4.8851484 ], [ -74.2698618, 4.8851188 ], [ -74.2700174, 4.8851188 ], [ -74.2700741, 4.8851546 ], [ -74.2701015, 4.8852031 ], [ -74.2701289, 4.8852601 ], [ -74.2701793, 4.8853465 ], [ -74.270213, 4.8853803 ], [ -74.270253, 4.8854013 ], [ -74.2703034, 4.8854119 ], [ -74.2703728, 4.8854203 ], [ -74.2704338, 4.8854182 ], [ -74.27048, 4.8854076 ], [ -74.2705284, 4.8853907 ], [ -74.2706104, 4.8853527 ], [ -74.2707071, 4.885359 ], [ -74.2707197, 4.8853717 ], [ -74.2707219, 4.885435 ], [ -74.2706525, 4.8854835 ], [ -74.2705978, 4.8855721 ], [ -74.2705306, 4.8856248 ], [ -74.2704843, 4.8856607 ], [ -74.2704192, 4.8857113 ], [ -74.2703603, 4.8858041 ], [ -74.2703309, 4.885859 ], [ -74.2703351, 4.8859539 ], [ -74.2703435, 4.8859982 ], [ -74.2703772, 4.8860425 ], [ -74.2704045, 4.8860572 ], [ -74.2704634, 4.8860741 ], [ -74.2705391, 4.8860994 ], [ -74.2705812, 4.8861647 ], [ -74.2706275, 4.8862871 ], [ -74.2706717, 4.8863651 ], [ -74.2706969, 4.8864979 ], [ -74.2707264, 4.8865464 ], [ -74.2708063, 4.8865844 ], [ -74.2708442, 4.8865823 ], [ -74.2709072, 4.8865738 ], [ -74.2709451, 4.886559 ], [ -74.2710124, 4.8865464 ], [ -74.271149, 4.8865294 ], [ -74.2712668, 4.8865294 ], [ -74.2713803, 4.8865104 ], [ -74.2714287, 4.8865019 ], [ -74.2714708, 4.8865504 ], [ -74.2714561, 4.8866074 ], [ -74.2714371, 4.8866601 ], [ -74.2714456, 4.8867466 ], [ -74.271475, 4.8868078 ], [ -74.2715339, 4.8868584 ], [ -74.2715613, 4.886871 ], [ -74.2717064, 4.8869131 ], [ -74.2717905, 4.8869448 ], [ -74.271882, 4.8870797 ], [ -74.2718631, 4.8871725 ], [ -74.2718179, 4.8872485 ], [ -74.2716928, 4.8872833 ], [ -74.2716129, 4.887296 ], [ -74.2715004, 4.8872939 ], [ -74.2713837, 4.8872444 ], [ -74.2713122, 4.8872064 ], [ -74.2709715, 4.8872012 ], [ -74.2708286, 4.8872203 ], [ -74.270755, 4.8872604 ], [ -74.2707193, 4.8873215 ], [ -74.2707193, 4.8874038 ], [ -74.2707298, 4.8874945 ], [ -74.2707782, 4.8875809 ], [ -74.2707866, 4.8876758 ], [ -74.2707299, 4.8877581 ], [ -74.2706563, 4.8878109 ], [ -74.2705701, 4.8878404 ], [ -74.2704808, 4.8878816 ], [ -74.2704166, 4.8878869 ], [ -74.270374, 4.8878937 ], [ -74.2703483, 4.8879022 ], [ -74.2703383, 4.8879132 ], [ -74.2703213, 4.8879492 ], [ -74.2701377, 4.8877192 ], [ -74.2699473, 4.8875697 ], [ -74.2696227, 4.8873673 ], [ -74.269384, 4.887211 ], [ -74.2689665, 4.8870086 ], [ -74.268884, 4.8870777 ], [ -74.268728, 4.8872848 ], [ -74.2686271, 4.8874274 ], [ -74.2683978, 4.8877036 ], [ -74.2682327, 4.8878969 ], [ -74.2680952, 4.8880718 ], [ -74.2678749, 4.8879246 ], [ -74.2675675, 4.8876946 ], [ -74.267127, 4.8873496 ], [ -74.2666268, 4.8869955 ], [ -74.2665537, 4.8880677 ], [ -74.2655447, 4.8890113 ], [ -74.2653535, 4.8891425 ], [ -74.2648429, 4.8884903 ], [ -74.2647477, 4.8884535 ], [ -74.264633, 4.8885295 ], [ -74.2645505, 4.8885698 ], [ -74.2644369, 4.8886665 ], [ -74.2643876, 4.8887366 ], [ -74.2644003, 4.8888011 ], [ -74.2643321, 4.8887871 ], [ -74.2642375, 4.888785 ], [ -74.2641786, 4.8887976 ], [ -74.2641345, 4.8888209 ], [ -74.2640672, 4.8887956 ], [ -74.264044, 4.8887639 ], [ -74.2640251, 4.8886796 ], [ -74.2639599, 4.88861 ], [ -74.2639178, 4.8885931 ], [ -74.263859, 4.8886079 ], [ -74.2638085, 4.8886164 ], [ -74.2637538, 4.8885932 ], [ -74.2637223, 4.88857 ], [ -74.2636823, 4.8885426 ], [ -74.2636171, 4.8885194 ], [ -74.2636024, 4.8885194 ], [ -74.2635561, 4.8885257 ], [ -74.2634741, 4.8885553 ], [ -74.2634153, 4.8885975 ], [ -74.263348, 4.8886355 ], [ -74.2632912, 4.8886819 ], [ -74.2632345, 4.8887241 ], [ -74.2631777, 4.8887473 ], [ -74.2629443, 4.8887537 ], [ -74.2628854, 4.8887537 ], [ -74.2628728, 4.8887579 ], [ -74.2628287, 4.8887833 ], [ -74.2627929, 4.8888107 ], [ -74.2627467, 4.8888339 ], [ -74.2626857, 4.8888276 ], [ -74.2626794, 4.8887854 ], [ -74.2626815, 4.8887517 ], [ -74.2626836, 4.8886863 ], [ -74.2626835, 4.8886378 ], [ -74.2626646, 4.8885682 ], [ -74.262652, 4.8885218 ], [ -74.2625847, 4.8884417 ], [ -74.2625531, 4.8884206 ], [ -74.2625174, 4.8884037 ], [ -74.262469, 4.888389 ], [ -74.2624017, 4.888389 ], [ -74.2623218, 4.8883932 ], [ -74.2622861, 4.8883996 ], [ -74.2622146, 4.8884228 ], [ -74.2621473, 4.8884797 ], [ -74.2620527, 4.8885451 ], [ -74.2619623, 4.8885747 ], [ -74.2618845, 4.8886 ], [ -74.2618046, 4.888638 ], [ -74.2617331, 4.888657 ], [ -74.2616995, 4.8886612 ], [ -74.2616406, 4.8886739 ], [ -74.2615607, 4.8887056 ], [ -74.2615313, 4.8887414 ], [ -74.2615313, 4.8887899 ], [ -74.2615313, 4.8888279 ], [ -74.2615439, 4.888868 ], [ -74.2615713, 4.888927 ], [ -74.2615944, 4.8889713 ], [ -74.2616113, 4.889043 ], [ -74.2616218, 4.8890978 ], [ -74.2616155, 4.8891464 ], [ -74.2615903, 4.8892075 ], [ -74.2615524, 4.8892624 ], [ -74.2614915, 4.8893004 ], [ -74.2614137, 4.889332 ], [ -74.2613632, 4.8893573 ], [ -74.2613317, 4.889389 ], [ -74.2613086, 4.8894248 ], [ -74.2612476, 4.8894945 ], [ -74.2612277, 4.8895799 ], [ -74.261213, 4.8896347 ], [ -74.2612224, 4.8897191 ], [ -74.2612887, 4.889756 ], [ -74.2613581, 4.8897517 ], [ -74.261377, 4.8897486 ], [ -74.2614159, 4.8897254 ], [ -74.2614506, 4.8896884 ], [ -74.2614916, 4.8896515 ], [ -74.2615494, 4.8896346 ], [ -74.2615999, 4.8896367 ], [ -74.2616829, 4.8896546 ], [ -74.2617544, 4.8896799 ], [ -74.2618501, 4.8897716 ], [ -74.2618722, 4.8898697 ], [ -74.2618891, 4.8899382 ], [ -74.2619217, 4.8899889 ], [ -74.2619637, 4.8900426 ], [ -74.2620205, 4.8901038 ], [ -74.2621004, 4.8901607 ], [ -74.2621698, 4.8901712 ], [ -74.2622161, 4.8901543 ], [ -74.2622455, 4.890148 ], [ -74.262275, 4.8901079 ], [ -74.2622981, 4.8900784 ], [ -74.2623801, 4.8900341 ], [ -74.2624347, 4.890013 ], [ -74.2624684, 4.8900172 ], [ -74.2624894, 4.8900214 ], [ -74.2625273, 4.8900382 ], [ -74.2625441, 4.8900741 ], [ -74.2625525, 4.8901247 ], [ -74.2625736, 4.8902154 ], [ -74.2626051, 4.8902534 ], [ -74.2626409, 4.8902639 ], [ -74.2626661, 4.8902639 ], [ -74.2627187, 4.8902575 ], [ -74.2627691, 4.8902512 ], [ -74.2628259, 4.8902449 ], [ -74.2629037, 4.8902701 ], [ -74.2629374, 4.8903144 ], [ -74.2629668, 4.890365 ], [ -74.2629795, 4.8904051 ], [ -74.2630005, 4.8904747 ], [ -74.2630089, 4.8905717 ], [ -74.263009, 4.8906476 ], [ -74.2629985, 4.890713 ], [ -74.2629669, 4.8907763 ], [ -74.2629291, 4.8908164 ], [ -74.2629123, 4.8908375 ], [ -74.2628724, 4.8908839 ], [ -74.2628724, 4.8909261 ], [ -74.2628871, 4.891002 ], [ -74.2629165, 4.8910125 ], [ -74.2629502, 4.8910231 ], [ -74.2629922, 4.8910315 ], [ -74.2630743, 4.891042 ], [ -74.2631415, 4.8910589 ], [ -74.2631983, 4.8910968 ], [ -74.2632383, 4.8911306 ], [ -74.2632677, 4.8911706 ], [ -74.2633035, 4.8912866 ], [ -74.2632825, 4.8913499 ], [ -74.2632531, 4.8913984 ], [ -74.2632174, 4.891449 ], [ -74.2632005, 4.8914912 ], [ -74.2632111, 4.8915503 ], [ -74.2632531, 4.891584 ], [ -74.263312, 4.8916262 ], [ -74.2633835, 4.891662 ], [ -74.2634004, 4.8917611 ], [ -74.2633731, 4.891913 ], [ -74.2633731, 4.8919742 ], [ -74.2633374, 4.892086 ], [ -74.2633185, 4.8921513 ], [ -74.2632975, 4.892202 ], [ -74.2632681, 4.8922906 ], [ -74.2632491, 4.8923412 ], [ -74.2632281, 4.8924002 ], [ -74.2631882, 4.8924593 ], [ -74.2631567, 4.8924952 ], [ -74.2631167, 4.8925353 ], [ -74.2630579, 4.8925543 ], [ -74.2630095, 4.8925669 ], [ -74.2629864, 4.8925754 ], [ -74.2629149, 4.8926555 ], [ -74.2629191, 4.8927293 ], [ -74.2629339, 4.8927905 ], [ -74.2629465, 4.8928664 ], [ -74.2629654, 4.8929276 ], [ -74.2629676, 4.8930014 ], [ -74.2629045, 4.8931237 ], [ -74.2628435, 4.8931512 ], [ -74.2627784, 4.8931554 ], [ -74.2627258, 4.8931428 ], [ -74.2626669, 4.8931323 ], [ -74.2626122, 4.8931323 ], [ -74.262545, 4.8931977 ], [ -74.2625303, 4.893242 ], [ -74.2625345, 4.8932567 ], [ -74.2625892, 4.8933326 ], [ -74.2626123, 4.8933854 ], [ -74.2626186, 4.8934697 ], [ -74.2626334, 4.8935351 ], [ -74.2626439, 4.8935815 ], [ -74.2626902, 4.8936574 ], [ -74.262768, 4.8937059 ], [ -74.2628689, 4.8937333 ], [ -74.2629762, 4.8937438 ], [ -74.2631129, 4.8937501 ], [ -74.2631633, 4.8937543 ], [ -74.2632643, 4.8937648 ], [ -74.2633715, 4.8937985 ], [ -74.2633862, 4.8938027 ], [ -74.2634556, 4.8938365 ], [ -74.2634956, 4.8938786 ], [ -74.2635187, 4.8939082 ], [ -74.2635482, 4.8939862 ], [ -74.2635629, 4.8940389 ], [ -74.2635735, 4.8941106 ], [ -74.2635651, 4.8941992 ], [ -74.2635567, 4.8942941 ], [ -74.2635651, 4.8943363 ], [ -74.2635988, 4.8943658 ], [ -74.2636576, 4.8944122 ], [ -74.2637754, 4.8944839 ], [ -74.2638217, 4.8945598 ], [ -74.2638617, 4.894718 ], [ -74.2638785, 4.8948002 ], [ -74.2638786, 4.8948487 ], [ -74.2638723, 4.8949268 ], [ -74.2638681, 4.894971 ], [ -74.2638492, 4.8950428 ], [ -74.2638366, 4.8950955 ], [ -74.2638471, 4.8951609 ], [ -74.2638639, 4.8952136 ], [ -74.2638703, 4.8953085 ], [ -74.2638282, 4.8954013 ], [ -74.2638451, 4.8954899 ], [ -74.263904, 4.8955616 ], [ -74.2639503, 4.8955953 ], [ -74.264047, 4.8956839 ], [ -74.2641101, 4.8957345 ], [ -74.2641774, 4.8957977 ], [ -74.2642489, 4.8958694 ], [ -74.264291, 4.8959411 ], [ -74.2642994, 4.8960761 ], [ -74.2642574, 4.8961816 ], [ -74.264249, 4.8962491 ], [ -74.2642196, 4.8963419 ], [ -74.264165, 4.8964642 ], [ -74.264144, 4.8965444 ], [ -74.264165, 4.8965865 ], [ -74.2641987, 4.8966034 ], [ -74.2642365, 4.8965907 ], [ -74.2642828, 4.8965654 ], [ -74.2643374, 4.8965612 ], [ -74.2644131, 4.896578 ], [ -74.2644552, 4.896616 ], [ -74.2644889, 4.8966877 ], [ -74.2645057, 4.8967299 ], [ -74.2645478, 4.89681 ], [ -74.2645793, 4.8968775 ], [ -74.2646361, 4.896926 ], [ -74.2647308, 4.8970082 ], [ -74.2647918, 4.8970862 ], [ -74.2648338, 4.8971811 ], [ -74.2648864, 4.8972844 ], [ -74.2648991, 4.8974257 ], [ -74.2649433, 4.8974848 ], [ -74.2649748, 4.897489 ], [ -74.265019, 4.8975059 ], [ -74.2650778, 4.8974594 ], [ -74.2651031, 4.897413 ], [ -74.265122, 4.8973645 ], [ -74.2651577, 4.8972928 ], [ -74.2651997, 4.8972464 ], [ -74.2652923, 4.8972189 ], [ -74.2654384, 4.8972611 ], [ -74.2654637, 4.8973022 ], [ -74.2654952, 4.8973528 ], [ -74.2655268, 4.8973981 ], [ -74.2655531, 4.8974435 ], [ -74.2656109, 4.8974857 ], [ -74.2656813, 4.8975036 ], [ -74.2657055, 4.8975057 ], [ -74.2658012, 4.8975046 ], [ -74.2658548, 4.8974887 ], [ -74.2659232, 4.8974835 ], [ -74.2659589, 4.8975235 ], [ -74.2659957, 4.8975805 ], [ -74.2660315, 4.8976174 ], [ -74.2661072, 4.8976258 ], [ -74.2661724, 4.8976205 ], [ -74.2662126, 4.8975807 ], [ -74.2662315, 4.8975622 ], [ -74.2662502, 4.8975448 ], [ -74.2662872, 4.8975282 ], [ -74.2663103, 4.897534 ], [ -74.2663193, 4.897549 ], [ -74.2663214, 4.8975706 ], [ -74.2663067, 4.8975975 ], [ -74.266273, 4.8976355 ], [ -74.2662058, 4.897703 ], [ -74.2661974, 4.8977536 ], [ -74.2661469, 4.8978211 ], [ -74.2661301, 4.8978675 ], [ -74.2660923, 4.8978928 ], [ -74.2660629, 4.8979392 ], [ -74.2659998, 4.8979983 ], [ -74.2659956, 4.8980194 ], [ -74.2659746, 4.8980869 ], [ -74.2659452, 4.8981628 ], [ -74.2659284, 4.8981924 ], [ -74.2658989, 4.8982767 ], [ -74.2658695, 4.8983105 ], [ -74.2658275, 4.8983527 ], [ -74.265777, 4.898378 ], [ -74.2657266, 4.8984202 ], [ -74.2656635, 4.8984708 ], [ -74.2656256, 4.8984919 ], [ -74.2656257, 4.8985426 ], [ -74.2656257, 4.8986607 ], [ -74.2656173, 4.8987704 ], [ -74.2655416, 4.8988927 ], [ -74.2655291, 4.8989982 ], [ -74.2655249, 4.8990699 ], [ -74.2655543, 4.8991584 ], [ -74.265609, 4.8993103 ], [ -74.2656385, 4.8994031 ], [ -74.2655586, 4.8994748 ], [ -74.2655334, 4.8994917 ], [ -74.2654619, 4.8995761 ], [ -74.2654493, 4.8996731 ], [ -74.265462, 4.899787 ], [ -74.2655041, 4.8999768 ], [ -74.2654999, 4.900116 ], [ -74.2654705, 4.9002046 ], [ -74.2654201, 4.9002974 ], [ -74.2652939, 4.9003607 ], [ -74.2651509, 4.9003903 ], [ -74.264865, 4.9003988 ], [ -74.2647346, 4.9003988 ], [ -74.2645622, 4.9004073 ], [ -74.2643813, 4.9004284 ], [ -74.2642846, 4.9004664 ], [ -74.2642131, 4.9005213 ], [ -74.2641375, 4.9005888 ], [ -74.2639861, 4.900669 ], [ -74.2639062, 4.9007112 ], [ -74.2638305, 4.9007703 ], [ -74.2636791, 4.9008842 ], [ -74.2635993, 4.9009433 ], [ -74.263553, 4.9010108 ], [ -74.263553, 4.901053 ], [ -74.2635531, 4.9011331 ], [ -74.2635489, 4.9012048 ], [ -74.2635194, 4.9012555 ], [ -74.2634481, 4.9016857 ], [ -74.2634438, 4.9016225 ], [ -74.2634354, 4.9015761 ], [ -74.2633975, 4.901479 ], [ -74.2633765, 4.9014116 ], [ -74.263347, 4.9013314 ], [ -74.2633218, 4.9012429 ], [ -74.2633091, 4.9011838 ], [ -74.2632881, 4.9011121 ], [ -74.2632797, 4.901032 ], [ -74.2632965, 4.9009855 ], [ -74.2632838, 4.9007704 ], [ -74.2632711, 4.9006059 ], [ -74.2632585, 4.9004414 ], [ -74.26325, 4.9002896 ], [ -74.263292, 4.9000365 ], [ -74.2632878, 4.8999732 ], [ -74.2632835, 4.8998213 ], [ -74.2632751, 4.8997581 ], [ -74.2632457, 4.8996948 ], [ -74.2632162, 4.8996315 ], [ -74.2632036, 4.8995767 ], [ -74.2632078, 4.8995176 ], [ -74.263233, 4.8994544 ], [ -74.2632708, 4.8994122 ], [ -74.2633843, 4.8993657 ], [ -74.263418, 4.8993235 ], [ -74.2634516, 4.8992645 ], [ -74.263502, 4.8991717 ], [ -74.2635609, 4.8990789 ], [ -74.2636282, 4.898986 ], [ -74.2637122, 4.8988088 ], [ -74.2637374, 4.898716 ], [ -74.2637879, 4.8986148 ], [ -74.2638299, 4.8985304 ], [ -74.2638887, 4.8983448 ], [ -74.2639139, 4.8982014 ], [ -74.2639139, 4.8980326 ], [ -74.2640252, 4.8977078 ], [ -74.264021, 4.8975876 ], [ -74.2640399, 4.8974695 ], [ -74.2640609, 4.897421 ], [ -74.2641029, 4.8973492 ], [ -74.2641176, 4.8973113 ], [ -74.2641218, 4.8972522 ], [ -74.2641071, 4.89721 ], [ -74.2640398, 4.8971826 ], [ -74.2639788, 4.8971806 ], [ -74.2638127, 4.8971405 ], [ -74.2636844, 4.8970963 ], [ -74.2636192, 4.897071 ], [ -74.2635393, 4.8970267 ], [ -74.263432, 4.8969593 ], [ -74.2633984, 4.8969108 ], [ -74.2633773, 4.8968897 ], [ -74.2633374, 4.8968644 ], [ -74.2632575, 4.8968602 ], [ -74.2632259, 4.8968644 ], [ -74.2631902, 4.8969298 ], [ -74.2631797, 4.8969888 ], [ -74.2631881, 4.8970352 ], [ -74.2631608, 4.8970711 ], [ -74.2631146, 4.8970753 ], [ -74.2630956, 4.8970627 ], [ -74.2630704, 4.8970268 ], [ -74.263062, 4.8970036 ], [ -74.2630535, 4.8969636 ], [ -74.2630514, 4.8969319 ], [ -74.2630399, 4.896895 ], [ -74.2630283, 4.896856 ], [ -74.2630072, 4.8968265 ], [ -74.2629862, 4.8967991 ], [ -74.2629662, 4.8967717 ], [ -74.262942, 4.8967306 ], [ -74.2629525, 4.8966789 ], [ -74.2629441, 4.8965608 ], [ -74.2628827, 4.8964594 ], [ -74.2628768, 4.8964511 ], [ -74.2628431, 4.8964005 ], [ -74.2627758, 4.896274 ], [ -74.2627758, 4.8961727 ], [ -74.2627673, 4.8960125 ], [ -74.2626411, 4.8958775 ], [ -74.2626075, 4.8958269 ], [ -74.2625569, 4.8956413 ], [ -74.2624728, 4.8955992 ], [ -74.2622457, 4.8954895 ], [ -74.2621279, 4.8954221 ], [ -74.262069, 4.8953546 ], [ -74.262069, 4.8953293 ], [ -74.262069, 4.8952281 ], [ -74.2620269, 4.8950931 ], [ -74.2619848, 4.8950341 ], [ -74.2619091, 4.8949666 ], [ -74.2618839, 4.894916 ], [ -74.2618923, 4.8948569 ], [ -74.261909, 4.8947641 ], [ -74.261909, 4.8947219 ], [ -74.2619426, 4.8946122 ], [ -74.2619678, 4.8944182 ], [ -74.2619678, 4.894317 ], [ -74.2619426, 4.8942579 ], [ -74.2618837, 4.8941651 ], [ -74.2618584, 4.8941314 ], [ -74.2617911, 4.8940049 ], [ -74.2617742, 4.8939036 ], [ -74.261791, 4.8937855 ], [ -74.2617826, 4.8937265 ], [ -74.2617489, 4.8936463 ], [ -74.2616774, 4.8935662 ], [ -74.2615681, 4.8935156 ], [ -74.2614545, 4.8934861 ], [ -74.2613283, 4.8934271 ], [ -74.2611937, 4.8933512 ], [ -74.2611138, 4.8932922 ], [ -74.2610717, 4.89325 ], [ -74.2609161, 4.8932121 ], [ -74.2607679, 4.8931974 ], [ -74.2607185, 4.8931447 ], [ -74.2606964, 4.8931162 ], [ -74.260668, 4.8930719 ], [ -74.2606543, 4.8930424 ], [ -74.2606354, 4.8930107 ], [ -74.260628, 4.892997 ], [ -74.2605775, 4.8929749 ], [ -74.2605554, 4.8929696 ], [ -74.2605292, 4.8929802 ], [ -74.2605018, 4.8930087 ], [ -74.2604661, 4.8930414 ], [ -74.2604524, 4.8930646 ], [ -74.2604377, 4.8930931 ], [ -74.2604083, 4.8931184 ], [ -74.260382, 4.8931384 ], [ -74.2603273, 4.8931542 ], [ -74.26028, 4.8931532 ], [ -74.2601886, 4.893149 ], [ -74.2601129, 4.8931585 ], [ -74.2600887, 4.8931701 ], [ -74.2599962, 4.8932197 ], [ -74.2599678, 4.8932619 ], [ -74.259952, 4.8933073 ], [ -74.2599342, 4.8933642 ], [ -74.2599268, 4.893379 ], [ -74.259909, 4.8934053 ], [ -74.2598753, 4.8934317 ], [ -74.2598385, 4.8934296 ], [ -74.2598028, 4.8934201 ], [ -74.2597618, 4.8934128 ], [ -74.259746, 4.8934128 ], [ -74.259705, 4.8934159 ], [ -74.259664, 4.8934286 ], [ -74.2596083, 4.8934655 ], [ -74.2595684, 4.8935025 ], [ -74.2595389, 4.8935362 ], [ -74.2594864, 4.8935837 ], [ -74.2594569, 4.8936006 ], [ -74.2594086, 4.8936111 ], [ -74.2593676, 4.8935995 ], [ -74.2593276, 4.8935795 ], [ -74.2593024, 4.8935626 ], [ -74.259275, 4.8935405 ], [ -74.2592529, 4.8935173 ], [ -74.2592277, 4.8934952 ], [ -74.2591867, 4.8934773 ], [ -74.2591331, 4.8934773 ], [ -74.2590889, 4.8934752 ], [ -74.2590185, 4.8935153 ], [ -74.2589912, 4.8935406 ], [ -74.258988, 4.8935785 ], [ -74.2589838, 4.8936408 ], [ -74.2589723, 4.893684 ], [ -74.2589681, 4.8937262 ], [ -74.2589523, 4.8938475 ], [ -74.2589555, 4.8939002 ], [ -74.2589271, 4.8939466 ], [ -74.2589051, 4.8939772 ], [ -74.2588946, 4.8939898 ], [ -74.2588472, 4.8940194 ], [ -74.2588073, 4.8940268 ], [ -74.2587558, 4.8940268 ], [ -74.2587116, 4.8940236 ], [ -74.2586853, 4.8940226 ], [ -74.2586433, 4.8940268 ], [ -74.2586012, 4.8940395 ], [ -74.2585876, 4.8940606 ], [ -74.2585781, 4.8940975 ], [ -74.2585708, 4.8941365 ], [ -74.2585729, 4.8941829 ], [ -74.2585677, 4.8943 ], [ -74.2586055, 4.8943717 ], [ -74.2586224, 4.8944138 ], [ -74.2584626, 4.8944687 ], [ -74.2584247, 4.8944856 ], [ -74.258328, 4.8945025 ], [ -74.2581219, 4.8945658 ], [ -74.2580252, 4.8945869 ], [ -74.2579664, 4.8946081 ], [ -74.2579033, 4.894646 ], [ -74.2578234, 4.8946967 ], [ -74.2577435, 4.89476 ], [ -74.2576132, 4.8949076 ], [ -74.2575922, 4.8949583 ], [ -74.2575627, 4.8950173 ], [ -74.2575207, 4.8950722 ], [ -74.2574702, 4.8950806 ], [ -74.2573861, 4.895068 ], [ -74.2573188, 4.8950807 ], [ -74.2572894, 4.8951271 ], [ -74.257302, 4.8951777 ], [ -74.2573189, 4.8952494 ], [ -74.2573568, 4.8953633 ], [ -74.2573736, 4.8954265 ], [ -74.257382, 4.8955025 ], [ -74.2573526, 4.8956332 ], [ -74.2573316, 4.8957176 ], [ -74.2572013, 4.8958779 ], [ -74.257092, 4.8959497 ], [ -74.2569322, 4.8960256 ], [ -74.2567766, 4.8961354 ], [ -74.2566127, 4.8963969 ], [ -74.2565496, 4.8965193 ], [ -74.2565076, 4.8966922 ], [ -74.2564866, 4.8967766 ], [ -74.256352, 4.896861 ], [ -74.2563016, 4.8969116 ], [ -74.2562638, 4.896996 ], [ -74.2562217, 4.8970635 ], [ -74.2561587, 4.897131 ], [ -74.256083, 4.8971648 ], [ -74.2559989, 4.8972323 ], [ -74.2559274, 4.8973293 ], [ -74.2558812, 4.8974348 ], [ -74.2558476, 4.8975867 ], [ -74.2558476, 4.8976457 ], [ -74.2557929, 4.8977343 ], [ -74.255692, 4.8978145 ], [ -74.2555322, 4.8978862 ], [ -74.2554019, 4.8979411 ], [ -74.2552253, 4.8979665 ], [ -74.255137, 4.8979834 ], [ -74.2549225, 4.8980087 ], [ -74.2547837, 4.8980931 ], [ -74.2547249, 4.8981691 ], [ -74.2545777, 4.8982577 ], [ -74.2544894, 4.8982577 ], [ -74.2543254, 4.8982578 ], [ -74.2542286, 4.8982662 ], [ -74.2541235, 4.8983464 ], [ -74.2539175, 4.8984603 ], [ -74.2537661, 4.8985827 ], [ -74.2536526, 4.8986376 ], [ -74.2535096, 4.8987304 ], [ -74.2532237, 4.8988613 ], [ -74.2530008, 4.8989161 ], [ -74.2528368, 4.8989499 ], [ -74.2525929, 4.8989964 ], [ -74.2524079, 4.8990513 ], [ -74.2522228, 4.8991694 ], [ -74.2521682, 4.8992665 ], [ -74.2521136, 4.8993762 ], [ -74.2520505, 4.8993635 ], [ -74.2520336, 4.899334 ], [ -74.2519663, 4.8992033 ], [ -74.25192, 4.8990852 ], [ -74.2518779, 4.8989671 ], [ -74.2518232, 4.8988616 ], [ -74.2517601, 4.8987941 ], [ -74.251697, 4.898714 ], [ -74.2515708, 4.8986128 ], [ -74.2515246, 4.8985917 ], [ -74.2513774, 4.8986129 ], [ -74.2512681, 4.8986466 ], [ -74.2511251, 4.8987184 ], [ -74.2508392, 4.899039 ], [ -74.2507341, 4.899153 ], [ -74.2507005, 4.8993597 ], [ -74.2507089, 4.8994989 ], [ -74.2507342, 4.8996338 ], [ -74.2507805, 4.8997519 ], [ -74.25081, 4.8998911 ], [ -74.2508605, 4.900005 ], [ -74.2509404, 4.900199 ], [ -74.2509573, 4.9003424 ], [ -74.2509321, 4.9003424 ], [ -74.2509005, 4.9003319 ], [ -74.2508584, 4.9003129 ], [ -74.2507638, 4.9003045 ], [ -74.2507218, 4.9003256 ], [ -74.2506944, 4.9003847 ], [ -74.2506419, 4.9004227 ], [ -74.2506082, 4.9004385 ], [ -74.2505294, 4.9004174 ], [ -74.2504842, 4.9004164 ], [ -74.2504589, 4.9004164 ], [ -74.250398, 4.9004185 ], [ -74.2503202, 4.900428 ], [ -74.2502676, 4.9004691 ], [ -74.2502518, 4.9004997 ], [ -74.2502245, 4.9005409 ], [ -74.250194, 4.9005904 ], [ -74.2501552, 4.9006253 ], [ -74.2500795, 4.9006379 ], [ -74.2500164, 4.9006464 ], [ -74.2499239, 4.9006759 ], [ -74.2498776, 4.9007097 ], [ -74.2498061, 4.9007688 ], [ -74.2497473, 4.90087 ], [ -74.2496842, 4.9009502 ], [ -74.2496127, 4.9009755 ], [ -74.2495539, 4.9009924 ], [ -74.249495, 4.9010135 ], [ -74.2494529, 4.901043 ], [ -74.2494025, 4.9011063 ], [ -74.2493773, 4.9011991 ], [ -74.249289, 4.9012455 ], [ -74.2492385, 4.9012709 ], [ -74.2491712, 4.9013342 ], [ -74.2491292, 4.9013806 ], [ -74.2490745, 4.9014607 ], [ -74.2489989, 4.9015114 ], [ -74.2489232, 4.9015367 ], [ -74.2489021, 4.9015409 ], [ -74.2488559, 4.9015494 ], [ -74.2487886, 4.9015747 ], [ -74.248755, 4.9015747 ], [ -74.2487423, 4.9015789 ], [ -74.2486709, 4.9016127 ], [ -74.2486372, 4.901638 ], [ -74.248591, 4.901676 ], [ -74.2485405, 4.9017308 ], [ -74.2484732, 4.9017688 ], [ -74.2473337, 4.9026085 ], [ -74.2472034, 4.9027309 ], [ -74.2471193, 4.90279 ], [ -74.2470016, 4.9028406 ], [ -74.2469385, 4.902828 ], [ -74.2468628, 4.9028364 ], [ -74.2468081, 4.902866 ], [ -74.2467577, 4.902925 ], [ -74.2466693, 4.9029293 ], [ -74.2465915, 4.902923 ], [ -74.24656, 4.9029209 ], [ -74.2464927, 4.9029272 ], [ -74.246396, 4.9029568 ], [ -74.2463182, 4.9029969 ], [ -74.2462951, 4.9030243 ], [ -74.2462509, 4.9030918 ], [ -74.2462173, 4.9031487 ], [ -74.2461774, 4.9032078 ], [ -74.2461374, 4.9032331 ], [ -74.2460912, 4.9032373 ], [ -74.2459671, 4.9032437 ], [ -74.245883, 4.9032522 ], [ -74.2457905, 4.9032817 ], [ -74.2456938, 4.9033492 ], [ -74.2456601, 4.9034463 ], [ -74.2456223, 4.9034674 ], [ -74.2455424, 4.9034632 ], [ -74.2454961, 4.9034674 ], [ -74.2454246, 4.9034801 ], [ -74.2453574, 4.903497 ], [ -74.2452817, 4.9035602 ], [ -74.2452607, 4.903653 ], [ -74.2452271, 4.9037754 ], [ -74.2451976, 4.9038893 ], [ -74.2451135, 4.9039484 ], [ -74.2450967, 4.9039526 ], [ -74.2449958, 4.9040117 ], [ -74.2449748, 4.9040665 ], [ -74.2449243, 4.904134 ], [ -74.2448865, 4.9041382 ], [ -74.2448318, 4.9041045 ], [ -74.2447982, 4.9040792 ], [ -74.2447225, 4.9040792 ], [ -74.2446804, 4.9041003 ], [ -74.2446552, 4.9041636 ], [ -74.2446426, 4.9042648 ], [ -74.2445711, 4.9043197 ], [ -74.2444912, 4.9043239 ], [ -74.244344, 4.9043746 ], [ -74.2441464, 4.9044801 ], [ -74.2439277, 4.9046109 ], [ -74.2436881, 4.9047839 ], [ -74.2432003, 4.9051299 ], [ -74.242393, 4.9057797 ], [ -74.2417707, 4.9061848 ], [ -74.2407699, 4.906957 ], [ -74.2400846, 4.9074591 ], [ -74.239971, 4.9075562 ], [ -74.2396725, 4.9077967 ], [ -74.2395693, 4.9078777 ], [ -74.2394151, 4.9079878 ], [ -74.2393232, 4.9080533 ], [ -74.2392787, 4.908089 ], [ -74.239169, 4.9081426 ], [ -74.2390474, 4.9081396 ], [ -74.2390355, 4.9081158 ], [ -74.238994, 4.9080355 ], [ -74.2389821, 4.9080147 ], [ -74.2389525, 4.9079701 ], [ -74.2389524, 4.9079344 ], [ -74.2389539, 4.9079062 ], [ -74.2389509, 4.9078541 ], [ -74.2389509, 4.9078184 ], [ -74.2389776, 4.9077321 ], [ -74.2389996, 4.907647 ], [ -74.2390166, 4.9076223 ], [ -74.2390355, 4.9075958 ], [ -74.2390468, 4.907554 ], [ -74.2390336, 4.9074289 ], [ -74.2390222, 4.9074042 ], [ -74.2389901, 4.9073701 ], [ -74.2389787, 4.9073435 ], [ -74.238979, 4.9073182 ], [ -74.2389908, 4.9072745 ], [ -74.2390004, 4.9072544 ], [ -74.2390196, 4.9072381 ], [ -74.2390322, 4.9072292 ], [ -74.2390522, 4.9072077 ], [ -74.2390677, 4.9071677 ], [ -74.2390662, 4.9071439 ], [ -74.2390558, 4.9071039 ], [ -74.2390381, 4.9070898 ], [ -74.2390181, 4.9070802 ], [ -74.2389656, 4.9070661 ], [ -74.2389464, 4.9070705 ], [ -74.2389109, 4.9070832 ], [ -74.2388821, 4.9071024 ], [ -74.2388599, 4.9071395 ], [ -74.238854, 4.9071647 ], [ -74.2388289, 4.907204 ], [ -74.2388008, 4.9072404 ], [ -74.2387542, 4.9073079 ], [ -74.2387166, 4.9073679 ], [ -74.2386574, 4.9074236 ], [ -74.2386092, 4.9074627 ], [ -74.2385862, 4.9074832 ], [ -74.2385646, 4.9075024 ], [ -74.2385238, 4.9075152 ], [ -74.2385085, 4.9075139 ], [ -74.2384511, 4.9075229 ], [ -74.2384243, 4.907528 ], [ -74.2383886, 4.9075446 ], [ -74.2383682, 4.907574 ], [ -74.2383593, 4.9076047 ], [ -74.2383504, 4.9076431 ], [ -74.2383326, 4.9076904 ], [ -74.2382382, 4.907762 ], [ -74.2381541, 4.9078516 ], [ -74.2381541, 4.9079155 ], [ -74.2381542, 4.9080255 ], [ -74.2381516, 4.9080996 ], [ -74.2381491, 4.9081815 ], [ -74.238144, 4.908248 ], [ -74.2381619, 4.9083093 ], [ -74.2381211, 4.9084117 ], [ -74.2380829, 4.9084577 ], [ -74.2380038, 4.9085498 ], [ -74.2379427, 4.9086086 ], [ -74.2379019, 4.9086495 ], [ -74.2377974, 4.9087416 ], [ -74.237596, 4.9089437 ], [ -74.2374991, 4.9090486 ], [ -74.2374711, 4.9090895 ], [ -74.2374252, 4.9091356 ], [ -74.2373946, 4.9091663 ], [ -74.2373232, 4.9092098 ], [ -74.2372722, 4.9092098 ], [ -74.2371957, 4.909197 ], [ -74.2371447, 4.9091817 ], [ -74.2371065, 4.9091459 ], [ -74.2370682, 4.909105 ], [ -74.2370172, 4.9090589 ], [ -74.2369509, 4.9090129 ], [ -74.2368922, 4.908949 ], [ -74.2368361, 4.9089081 ], [ -74.2368055, 4.9088723 ], [ -74.2367443, 4.9088723 ], [ -74.2366627, 4.9088672 ], [ -74.236571, 4.9089235 ], [ -74.2364894, 4.90899 ], [ -74.2364027, 4.9090923 ], [ -74.2363976, 4.9091588 ], [ -74.2363008, 4.9092254 ], [ -74.2362345, 4.90921 ], [ -74.2361682, 4.9091947 ], [ -74.2360764, 4.9091385 ], [ -74.2360661, 4.9090873 ], [ -74.2360049, 4.9089953 ], [ -74.235857, 4.9087395 ], [ -74.2357856, 4.9086424 ], [ -74.2357652, 4.9086117 ], [ -74.2357397, 4.9086117 ], [ -74.2355714, 4.9086527 ], [ -74.2354541, 4.9087499 ], [ -74.2353521, 4.9087908 ], [ -74.2352858, 4.9088011 ], [ -74.2352399, 4.9088062 ], [ -74.2351737, 4.9088573 ], [ -74.2351176, 4.9089085 ], [ -74.2350513, 4.9089801 ], [ -74.2350207, 4.9090466 ], [ -74.234985, 4.9091285 ], [ -74.2349647, 4.9092206 ], [ -74.2349239, 4.9093587 ], [ -74.2348219, 4.9094559 ], [ -74.2347199, 4.9094764 ], [ -74.2346026, 4.909415 ], [ -74.2345516, 4.9093946 ], [ -74.2345006, 4.9093178 ], [ -74.2344751, 4.9092411 ], [ -74.2344445, 4.9091798 ], [ -74.2344139, 4.9091337 ], [ -74.2343272, 4.909057 ], [ -74.2343068, 4.9090366 ], [ -74.2342048, 4.9090059 ], [ -74.2341691, 4.9090059 ], [ -74.234113, 4.9090162 ], [ -74.2340161, 4.9090673 ], [ -74.2339753, 4.9090673 ], [ -74.2339243, 4.9090674 ], [ -74.2338733, 4.9090571 ], [ -74.2338529, 4.9090162 ], [ -74.2338631, 4.9088781 ], [ -74.2338325, 4.9087861 ], [ -74.2337967, 4.9084843 ], [ -74.2337966, 4.9082439 ], [ -74.2337966, 4.9080393 ], [ -74.2338119, 4.9079063 ], [ -74.2338373, 4.9077529 ], [ -74.2338934, 4.9075943 ], [ -74.2339138, 4.9075329 ], [ -74.2339341, 4.9074459 ], [ -74.2339698, 4.9072925 ], [ -74.2339188, 4.9071902 ], [ -74.233878, 4.9071442 ], [ -74.2337658, 4.9071186 ], [ -74.2337046, 4.9070931 ], [ -74.2336128, 4.9070726 ], [ -74.2335822, 4.9070522 ], [ -74.233521, 4.907001 ], [ -74.2334853, 4.906955 ], [ -74.2334394, 4.9068885 ], [ -74.233424, 4.9067709 ], [ -74.2334342, 4.9066584 ], [ -74.2334648, 4.9065816 ], [ -74.2335005, 4.9064998 ], [ -74.233531, 4.9064231 ], [ -74.2335667, 4.9063566 ], [ -74.2336024, 4.9062645 ], [ -74.2336432, 4.9061673 ], [ -74.2336941, 4.9060854 ], [ -74.2337043, 4.9060343 ], [ -74.2337043, 4.9059269 ], [ -74.2337043, 4.9058706 ], [ -74.2336482, 4.9058297 ], [ -74.2336023, 4.9058246 ], [ -74.2335156, 4.90584 ], [ -74.2334544, 4.905886 ], [ -74.2334544, 4.9059065 ], [ -74.2333168, 4.9060651 ], [ -74.2332607, 4.9060907 ], [ -74.2330771, 4.9060907 ], [ -74.2330414, 4.9060907 ], [ -74.2329496, 4.9060958 ], [ -74.232817, 4.9061061 ], [ -74.2326844, 4.9061164 ], [ -74.2325927, 4.906142 ], [ -74.2325111, 4.9062136 ], [ -74.2324805, 4.9062903 ], [ -74.2324805, 4.9063722 ], [ -74.2324857, 4.9065103 ], [ -74.2324959, 4.906587 ], [ -74.232501, 4.9066535 ], [ -74.2325367, 4.9067813 ], [ -74.2326081, 4.9068836 ], [ -74.2328173, 4.9071035 ], [ -74.2329397, 4.9072672 ], [ -74.2329652, 4.9074001 ], [ -74.2329908, 4.9075587 ], [ -74.2329602, 4.9078605 ], [ -74.2328914, 4.9081265 ], [ -74.2328864, 4.9083362 ], [ -74.2328788, 4.9085101 ], [ -74.2328763, 4.9086635 ], [ -74.2328814, 4.9087684 ], [ -74.2328891, 4.9089116 ], [ -74.2328738, 4.9090318 ], [ -74.2328305, 4.9090957 ], [ -74.2327769, 4.9091776 ], [ -74.2326648, 4.9092671 ], [ -74.2325985, 4.9093004 ], [ -74.2325297, 4.9093413 ], [ -74.2324863, 4.909372 ], [ -74.2324124, 4.9094155 ], [ -74.2323384, 4.9094667 ], [ -74.2322569, 4.9095204 ], [ -74.2321931, 4.909592 ], [ -74.2321677, 4.9096483 ], [ -74.2321447, 4.9097174 ], [ -74.2321141, 4.9098197 ], [ -74.2321218, 4.9098964 ], [ -74.232132, 4.9099833 ], [ -74.2321575, 4.9100652 ], [ -74.232178, 4.9101521 ], [ -74.2320811, 4.9102595 ], [ -74.231974, 4.9102698 ], [ -74.2318924, 4.9102442 ], [ -74.2317904, 4.9102698 ], [ -74.2317394, 4.9103005 ], [ -74.2317242, 4.9104131 ], [ -74.2316936, 4.9106023 ], [ -74.231635, 4.9107507 ], [ -74.2315942, 4.910899 ], [ -74.2315484, 4.9109476 ], [ -74.2315152, 4.9109732 ], [ -74.2313138, 4.9109963 ], [ -74.2312526, 4.9110039 ], [ -74.2311328, 4.9110142 ], [ -74.2310741, 4.9110142 ], [ -74.2309594, 4.9110373 ], [ -74.2307784, 4.9111012 ], [ -74.2306356, 4.9111371 ], [ -74.2304622, 4.9111397 ], [ -74.2303016, 4.9111525 ], [ -74.2302557, 4.911173 ], [ -74.2302123, 4.9112062 ], [ -74.2301588, 4.9112446 ], [ -74.2301282, 4.9112957 ], [ -74.2300696, 4.9113623 ], [ -74.2300364, 4.9114185 ], [ -74.2299319, 4.9114339 ], [ -74.2298682, 4.9114314 ], [ -74.2298121, 4.9114416 ], [ -74.229784, 4.9114979 ], [ -74.2297305, 4.9115669 ], [ -74.2296948, 4.9116079 ], [ -74.2296285, 4.9116692 ], [ -74.2295469, 4.911723 ], [ -74.2294858, 4.9117588 ], [ -74.229422, 4.9117793 ], [ -74.2293124, 4.9117895 ], [ -74.229167, 4.9117844 ], [ -74.2290344, 4.9117538 ], [ -74.2289426, 4.9117282 ], [ -74.2287947, 4.911672 ], [ -74.2286978, 4.9116055 ], [ -74.2286468, 4.9115646 ], [ -74.2285652, 4.911493 ], [ -74.2285448, 4.9114675 ], [ -74.2284479, 4.9114266 ], [ -74.2283765, 4.9113959 ], [ -74.2283306, 4.9113754 ], [ -74.2282949, 4.9113703 ], [ -74.2281878, 4.9113857 ], [ -74.2281113, 4.9114318 ], [ -74.2280603, 4.911442 ], [ -74.2279941, 4.9114369 ], [ -74.2279227, 4.9114113 ], [ -74.2278615, 4.9113858 ], [ -74.2277237, 4.9113142 ], [ -74.227637, 4.9112426 ], [ -74.2275809, 4.9112324 ], [ -74.2275248, 4.9112324 ], [ -74.227326, 4.9112938 ], [ -74.2271883, 4.9114575 ], [ -74.2270047, 4.9114831 ], [ -74.2267855, 4.9115446 ], [ -74.2266325, 4.9115702 ], [ -74.2264744, 4.9116111 ], [ -74.226301, 4.9116726 ], [ -74.2262501, 4.9117186 ], [ -74.2261583, 4.9118107 ], [ -74.2261124, 4.9118874 ], [ -74.2261073, 4.9119335 ], [ -74.2261124, 4.9119999 ], [ -74.2261685, 4.9120869 ], [ -74.2262909, 4.9120971 ], [ -74.2263878, 4.9120868 ], [ -74.2264439, 4.9120408 ], [ -74.2265204, 4.9119845 ], [ -74.226551, 4.9119538 ], [ -74.2266122, 4.9119282 ], [ -74.2266836, 4.9119129 ], [ -74.2267652, 4.911918 ], [ -74.2267805, 4.911918 ], [ -74.2268366, 4.9119435 ], [ -74.2269335, 4.9119998 ], [ -74.2269641, 4.9120356 ], [ -74.2270406, 4.9121532 ], [ -74.2271069, 4.9122248 ], [ -74.227265, 4.9123475 ], [ -74.2273415, 4.9123935 ], [ -74.2274537, 4.9124037 ], [ -74.2276322, 4.9123935 ], [ -74.2277546, 4.9123116 ], [ -74.2278157, 4.9122144 ], [ -74.2278361, 4.9121479 ], [ -74.2278565, 4.9120916 ], [ -74.2278973, 4.9120098 ], [ -74.227933, 4.9119535 ], [ -74.227984, 4.9119433 ], [ -74.228035, 4.9119458 ], [ -74.228086, 4.9119688 ], [ -74.2281268, 4.9120021 ], [ -74.2281497, 4.9120353 ], [ -74.2281829, 4.912135 ], [ -74.2281804, 4.912268 ], [ -74.2281625, 4.912332 ], [ -74.2281371, 4.9124036 ], [ -74.2281422, 4.9124956 ], [ -74.2281932, 4.9125775 ], [ -74.2282238, 4.9126593 ], [ -74.2282442, 4.9127667 ], [ -74.228234, 4.9128281 ], [ -74.2282392, 4.9129662 ], [ -74.2282596, 4.9130327 ], [ -74.2283463, 4.9131196 ], [ -74.2284534, 4.9131861 ], [ -74.2285554, 4.9132218 ], [ -74.228637, 4.9132269 ], [ -74.2287747, 4.9132065 ], [ -74.2288257, 4.9131809 ], [ -74.228892, 4.9131348 ], [ -74.228994, 4.9131143 ], [ -74.2290806, 4.9131297 ], [ -74.2292337, 4.913237 ], [ -74.2293459, 4.9133393 ], [ -74.2293459, 4.9134774 ], [ -74.2293255, 4.9135337 ], [ -74.2292847, 4.9136155 ], [ -74.2292746, 4.9137102 ], [ -74.229295, 4.9137766 ], [ -74.229323, 4.9138099 ], [ -74.2293562, 4.913838 ], [ -74.2294097, 4.913861 ], [ -74.2294582, 4.9138687 ], [ -74.2295347, 4.9138814 ], [ -74.2295806, 4.9138865 ], [ -74.2296418, 4.9138891 ], [ -74.2297642, 4.9139018 ], [ -74.2298254, 4.9139044 ], [ -74.229935, 4.9139146 ], [ -74.2300039, 4.9139248 ], [ -74.2300906, 4.9139606 ], [ -74.2301645, 4.9140194 ], [ -74.2304603, 4.9140398 ], [ -74.230802, 4.9140678 ], [ -74.2309932, 4.9140908 ], [ -74.2311258, 4.9140959 ], [ -74.2312482, 4.9141035 ], [ -74.2313374, 4.9141086 ], [ -74.2313833, 4.9141086 ], [ -74.2314394, 4.9141061 ], [ -74.2315491, 4.9141035 ], [ -74.2315924, 4.9141163 ], [ -74.2316077, 4.9141469 ], [ -74.2315924, 4.9141802 ], [ -74.2315517, 4.9142032 ], [ -74.2315109, 4.9142237 ], [ -74.2314267, 4.9142646 ], [ -74.2312534, 4.9143363 ], [ -74.2310545, 4.9144335 ], [ -74.2309627, 4.914454 ], [ -74.2307995, 4.9145001 ], [ -74.2305089, 4.9145871 ], [ -74.2303304, 4.9146638 ], [ -74.2300193, 4.9147457 ], [ -74.2298052, 4.9148072 ], [ -74.2295349, 4.9148788 ], [ -74.2293565, 4.9150016 ], [ -74.2290556, 4.9152268 ], [ -74.2289995, 4.9152421 ], [ -74.228923, 4.9152728 ], [ -74.228714, 4.9152882 ], [ -74.2285763, 4.9152934 ], [ -74.22851, 4.9152729 ], [ -74.2284335, 4.9152525 ], [ -74.2283519, 4.9152269 ], [ -74.2282295, 4.9152269 ], [ -74.2281377, 4.9152372 ], [ -74.2280612, 4.9152679 ], [ -74.2279847, 4.9153395 ], [ -74.227949, 4.9154009 ], [ -74.2279644, 4.9154572 ], [ -74.2279389, 4.915539 ], [ -74.2278981, 4.9155646 ], [ -74.2278726, 4.9155902 ], [ -74.2278216, 4.9155544 ], [ -74.2277655, 4.9154777 ], [ -74.2277604, 4.9154521 ], [ -74.2276992, 4.9154112 ], [ -74.2276023, 4.9153192 ], [ -74.2275615, 4.9152885 ], [ -74.2275002, 4.9152373 ], [ -74.2273626, 4.9152271 ], [ -74.2272963, 4.9152272 ], [ -74.2271688, 4.915217 ], [ -74.2271178, 4.9152067 ], [ -74.2269852, 4.9151505 ], [ -74.2269444, 4.9151352 ], [ -74.2268526, 4.9151198 ], [ -74.2267659, 4.9151352 ], [ -74.2266996, 4.9151557 ], [ -74.226618, 4.9152017 ], [ -74.2265874, 4.9152171 ], [ -74.2264395, 4.9151762 ], [ -74.226363, 4.9151813 ], [ -74.2262865, 4.915212 ], [ -74.2261794, 4.9152223 ], [ -74.2261539, 4.9152172 ], [ -74.2260774, 4.9151763 ], [ -74.2260417, 4.9151456 ], [ -74.2258938, 4.9150689 ], [ -74.2257867, 4.915115 ], [ -74.2254961, 4.9151969 ], [ -74.2253125, 4.9152839 ], [ -74.2251085, 4.9153095 ], [ -74.2250066, 4.9153351 ], [ -74.2248969, 4.9153351 ], [ -74.2248255, 4.9153505 ], [ -74.2246802, 4.9153684 ], [ -74.2246521, 4.9153889 ], [ -74.2245961, 4.9155167 ], [ -74.2245476, 4.9155935 ], [ -74.2244457, 4.9157111 ], [ -74.2243972, 4.9157674 ], [ -74.2243412, 4.9158365 ], [ -74.2242494, 4.9158774 ], [ -74.2241092, 4.9159491 ], [ -74.2240378, 4.9161153 ], [ -74.2240302, 4.9161844 ], [ -74.2240404, 4.9162841 ], [ -74.2240277, 4.9163941 ], [ -74.2239894, 4.9164657 ], [ -74.2239027, 4.9164734 ], [ -74.2238645, 4.916458 ], [ -74.2238415, 4.9164453 ], [ -74.223686, 4.9162791 ], [ -74.2236719, 4.9162659 ], [ -74.2236043, 4.9162024 ], [ -74.2235635, 4.916141 ], [ -74.2234972, 4.9160515 ], [ -74.2233927, 4.9159236 ], [ -74.2232855, 4.9158265 ], [ -74.2232014, 4.9157958 ], [ -74.223079, 4.9157831 ], [ -74.2229796, 4.9157856 ], [ -74.2228623, 4.915801 ], [ -74.2228368, 4.915801 ], [ -74.2227297, 4.9157524 ], [ -74.2226583, 4.9157294 ], [ -74.2225716, 4.9157295 ], [ -74.2225027, 4.9157423 ], [ -74.222439, 4.9157781 ], [ -74.2224161, 4.915819 ], [ -74.2223982, 4.9159162 ], [ -74.2223804, 4.9160006 ], [ -74.2223473, 4.9161182 ], [ -74.2223294, 4.9162103 ], [ -74.2223091, 4.9162768 ], [ -74.222304, 4.9163254 ], [ -74.2222581, 4.9164149 ], [ -74.2222224, 4.9164482 ], [ -74.2221102, 4.9164763 ], [ -74.2220312, 4.9164738 ], [ -74.2219598, 4.9164636 ], [ -74.2218935, 4.916438 ], [ -74.2218527, 4.9163997 ], [ -74.2218195, 4.9163664 ], [ -74.2217532, 4.9163127 ], [ -74.2217048, 4.9162897 ], [ -74.2216487, 4.9162846 ], [ -74.2215798, 4.9162846 ], [ -74.2214753, 4.9163077 ], [ -74.221409, 4.9163486 ], [ -74.2213606, 4.9164049 ], [ -74.2212433, 4.916497 ], [ -74.221177, 4.9165507 ], [ -74.2211235, 4.9165533 ], [ -74.2210878, 4.9165482 ], [ -74.2210317, 4.9165482 ], [ -74.2209934, 4.9165482 ], [ -74.2209195, 4.916561 ], [ -74.2208481, 4.9165815 ], [ -74.2208277, 4.916607 ], [ -74.2207844, 4.9166556 ], [ -74.2207512, 4.9166914 ], [ -74.2207334, 4.9167477 ], [ -74.2207385, 4.9167886 ], [ -74.2207665, 4.9168398 ], [ -74.2207946, 4.9168705 ], [ -74.2208074, 4.9169165 ], [ -74.2208074, 4.9169497 ], [ -74.2207921, 4.9170009 ], [ -74.2207487, 4.9170469 ], [ -74.2207181, 4.9170725 ], [ -74.2206621, 4.9170981 ], [ -74.2206136, 4.9171211 ], [ -74.2205881, 4.9171569 ], [ -74.2206111, 4.9171902 ], [ -74.2206595, 4.9171902 ], [ -74.2207411, 4.9171774 ], [ -74.2208329, 4.9171569 ], [ -74.2208941, 4.9171901 ], [ -74.2209426, 4.9172591 ], [ -74.220963, 4.9173793 ], [ -74.2209681, 4.9174561 ], [ -74.220963, 4.9175686 ], [ -74.2209223, 4.9176402 ], [ -74.2208254, 4.9176812 ], [ -74.2207693, 4.9177886 ], [ -74.2207591, 4.9178858 ], [ -74.2207489, 4.9180085 ], [ -74.2207286, 4.9180955 ], [ -74.2207184, 4.9182233 ], [ -74.2206776, 4.9183052 ], [ -74.2206317, 4.9183103 ], [ -74.2205858, 4.9182387 ], [ -74.2205858, 4.9181927 ], [ -74.2204991, 4.9180495 ], [ -74.2204123, 4.9178449 ], [ -74.2203613, 4.9177119 ], [ -74.2203562, 4.9175329 ], [ -74.2204224, 4.9172056 ], [ -74.2204223, 4.9168833 ], [ -74.2204325, 4.9165969 ], [ -74.2204222, 4.9164076 ], [ -74.2203814, 4.9161826 ], [ -74.2203354, 4.9159064 ], [ -74.220264, 4.9157427 ], [ -74.220213, 4.9155995 ], [ -74.2201415, 4.9154308 ], [ -74.2200803, 4.9152211 ], [ -74.2200037, 4.9149449 ], [ -74.2199833, 4.9148733 ], [ -74.2197844, 4.9147864 ], [ -74.2195192, 4.9146944 ], [ -74.2193356, 4.9146074 ], [ -74.2190959, 4.9145359 ], [ -74.2189888, 4.9144796 ], [ -74.2188766, 4.9144183 ], [ -74.218744, 4.9143314 ], [ -74.218642, 4.9142444 ], [ -74.2184941, 4.9141217 ], [ -74.218313, 4.9139939 ], [ -74.2182059, 4.913889 ], [ -74.2181396, 4.913843 ], [ -74.2180095, 4.9137382 ], [ -74.217882, 4.9136436 ], [ -74.2177239, 4.9134774 ], [ -74.2176729, 4.913416 ], [ -74.2176346, 4.9133598 ], [ -74.2175811, 4.9132856 ], [ -74.2175173, 4.913214 ], [ -74.2174842, 4.9131731 ], [ -74.2174612, 4.9131348 ], [ -74.2174408, 4.9131041 ], [ -74.2174051, 4.9130555 ], [ -74.2173541, 4.9130095 ], [ -74.2173209, 4.9129711 ], [ -74.2172776, 4.9129072 ], [ -74.2172138, 4.9128254 ], [ -74.217122, 4.912718 ], [ -74.2169664, 4.9125646 ], [ -74.2169435, 4.912539 ], [ -74.2168542, 4.9124802 ], [ -74.216816, 4.9124597 ], [ -74.2167089, 4.9124137 ], [ -74.2166783, 4.9123958 ], [ -74.2166324, 4.9123754 ], [ -74.2165916, 4.9123498 ], [ -74.2165431, 4.9123038 ], [ -74.216538, 4.9122808 ], [ -74.2165125, 4.9122347 ], [ -74.2164589, 4.9121222 ], [ -74.216436, 4.9120762 ], [ -74.2164028, 4.9120097 ], [ -74.2163824, 4.911979 ], [ -74.2162957, 4.9118716 ], [ -74.2161937, 4.9117668 ], [ -74.2161044, 4.9116799 ], [ -74.2160432, 4.9116441 ], [ -74.2159591, 4.9116032 ], [ -74.2158239, 4.9115597 ], [ -74.2157627, 4.9115367 ], [ -74.2157194, 4.9115035 ], [ -74.2156888, 4.9114549 ], [ -74.2156785, 4.9114344 ], [ -74.215625, 4.9113782 ], [ -74.2155689, 4.9113296 ], [ -74.2155332, 4.9112938 ], [ -74.2154669, 4.9112018 ], [ -74.2152655, 4.9114038 ], [ -74.2152068, 4.9113859 ], [ -74.2151762, 4.9113681 ], [ -74.2150793, 4.9112044 ], [ -74.215041, 4.9111507 ], [ -74.2149365, 4.9110638 ], [ -74.2148447, 4.9110152 ], [ -74.2147044, 4.9109641 ], [ -74.2145565, 4.9109385 ], [ -74.214452, 4.9109002 ], [ -74.2143423, 4.9108184 ], [ -74.2142429, 4.9107417 ], [ -74.2141689, 4.9106829 ], [ -74.2139952, 4.9106489 ], [ -74.2138068, 4.910619 ], [ -74.2136513, 4.9106489 ], [ -74.213483, 4.9106012 ], [ -74.2133989, 4.9105475 ], [ -74.2133045, 4.9104401 ], [ -74.2132535, 4.9103659 ], [ -74.213177, 4.9102688 ], [ -74.2130801, 4.9101614 ], [ -74.2129602, 4.910008 ], [ -74.2129066, 4.9099108 ], [ -74.2128556, 4.9098085 ], [ -74.2127893, 4.9097037 ], [ -74.2127204, 4.9096065 ], [ -74.2126235, 4.9095362 ], [ -74.212547, 4.9094748 ], [ -74.2124501, 4.9093981 ], [ -74.2123889, 4.9093495 ], [ -74.2123175, 4.9092984 ], [ -74.2122333, 4.9092345 ], [ -74.2121364, 4.9091961 ], [ -74.212116, 4.9091706 ], [ -74.2122996, 4.9090785 ], [ -74.2123786, 4.9090145 ], [ -74.2123429, 4.9089352 ], [ -74.2123098, 4.9088457 ], [ -74.2122587, 4.908723 ], [ -74.2121414, 4.9085031 ], [ -74.2120598, 4.9083778 ], [ -74.2119986, 4.9083011 ], [ -74.211917, 4.9081911 ], [ -74.2117945, 4.9080556 ], [ -74.2117002, 4.9079508 ], [ -74.2116007, 4.9079022 ], [ -74.211486, 4.9078587 ], [ -74.211412, 4.9078178 ], [ -74.2113304, 4.9077795 ], [ -74.2112437, 4.9077437 ], [ -74.2111341, 4.9076977 ], [ -74.211027, 4.9076491 ], [ -74.210925, 4.9076082 ], [ -74.2108383, 4.9075775 ], [ -74.2107159, 4.9075162 ], [ -74.2106343, 4.9074702 ], [ -74.2105527, 4.9074139 ], [ -74.2104711, 4.907327 ], [ -74.2104047, 4.9072452 ], [ -74.2103588, 4.9071889 ], [ -74.2102721, 4.9070662 ], [ -74.2102109, 4.9069895 ], [ -74.2101191, 4.9068821 ], [ -74.2100528, 4.9067644 ], [ -74.2099967, 4.906657 ], [ -74.2099558, 4.9065547 ], [ -74.2099405, 4.9064883 ], [ -74.2099048, 4.9063757 ], [ -74.2098931, 4.9062803 ], [ -74.2099324, 4.9062251 ], [ -74.2099575, 4.9061526 ], [ -74.2099764, 4.9060328 ], [ -74.2099638, 4.9058973 ], [ -74.2099637, 4.9057775 ], [ -74.2099449, 4.9056609 ], [ -74.2099009, 4.9055569 ], [ -74.209838, 4.905486 ], [ -74.2097468, 4.9054198 ], [ -74.2097327, 4.9053599 ], [ -74.2097374, 4.9052748 ], [ -74.2097201, 4.9051708 ], [ -74.2097075, 4.9051283 ], [ -74.2096761, 4.9050274 ], [ -74.2096226, 4.9049612 ], [ -74.2095912, 4.9048572 ], [ -74.2095707, 4.9047532 ], [ -74.2095566, 4.9046681 ], [ -74.2095424, 4.904624 ], [ -74.2094497, 4.9044837 ], [ -74.2094355, 4.904416 ], [ -74.2094355, 4.9043813 ], [ -74.2094135, 4.9043214 ], [ -74.2093899, 4.9042347 ], [ -74.2093978, 4.9041622 ], [ -74.2094198, 4.9041228 ], [ -74.20947, 4.9040251 ], [ -74.2095376, 4.9039006 ], [ -74.209536, 4.9038234 ], [ -74.2095391, 4.9037509 ], [ -74.2095155, 4.90368 ], [ -74.2094919, 4.9036358 ], [ -74.2094699, 4.9035933 ], [ -74.2094526, 4.9035476 ], [ -74.2094432, 4.9032907 ], [ -74.2094604, 4.9031946 ], [ -74.2094525, 4.9030354 ], [ -74.2094321, 4.9029235 ], [ -74.2093724, 4.9027738 ], [ -74.2093409, 4.9026146 ], [ -74.2093142, 4.902528 ], [ -74.2092733, 4.9024429 ], [ -74.2092104, 4.9022963 ], [ -74.2092104, 4.9021608 ], [ -74.2091915, 4.9020993 ], [ -74.2091585, 4.9019606 ], [ -74.2091208, 4.9019039 ], [ -74.2090296, 4.9017936 ], [ -74.2089384, 4.9015162 ], [ -74.2089384, 4.9014154 ], [ -74.2089793, 4.9013965 ], [ -74.2091238, 4.9013712 ], [ -74.2093029, 4.9013649 ], [ -74.2095323, 4.9013648 ], [ -74.2095921, 4.9013522 ], [ -74.2097869, 4.9012797 ], [ -74.209845, 4.901234 ], [ -74.2099251, 4.9010653 ], [ -74.209922, 4.9010259 ], [ -74.2098874, 4.9009187 ], [ -74.2097758, 4.9008636 ], [ -74.2097318, 4.9008463 ], [ -74.2095621, 4.9007959 ], [ -74.2093217, 4.9007423 ], [ -74.2091095, 4.9006983 ], [ -74.208954, 4.900692 ], [ -74.2087874, 4.900681 ], [ -74.2086507, 4.9006716 ], [ -74.2085156, 4.9006747 ], [ -74.2083443, 4.9007157 ], [ -74.2082768, 4.900752 ], [ -74.2081951, 4.9008056 ], [ -74.20806, 4.9008198 ], [ -74.2079783, 4.9007899 ], [ -74.2078368, 4.9006906 ], [ -74.2077818, 4.900626 ], [ -74.2076938, 4.9004889 ], [ -74.2076592, 4.9003944 ], [ -74.2076623, 4.9002714 ], [ -74.2076419, 4.9001469 ], [ -74.2076073, 4.9000682 ], [ -74.2075334, 4.9000319 ], [ -74.2074753, 4.8999563 ], [ -74.2074533, 4.8998775 ], [ -74.2074328, 4.8998081 ], [ -74.2073747, 4.8997372 ], [ -74.207326, 4.8997073 ], [ -74.2072348, 4.8996663 ], [ -74.2071814, 4.8996254 ], [ -74.2071122, 4.8995434 ], [ -74.2069771, 4.8994016 ], [ -74.2068734, 4.8993323 ], [ -74.2067885, 4.8992787 ], [ -74.2066722, 4.8991684 ], [ -74.2065685, 4.8991023 ], [ -74.2065151, 4.8990361 ], [ -74.2064302, 4.8989069 ], [ -74.2063783, 4.8987808 ], [ -74.2063547, 4.8987272 ], [ -74.2062573, 4.8986059 ], [ -74.2061929, 4.8985066 ], [ -74.2061488, 4.8984136 ], [ -74.2061441, 4.8983301 ], [ -74.2061017, 4.8982096 ], [ -74.2060592, 4.8981087 ], [ -74.2060388, 4.8980441 ], [ -74.2060081, 4.8979283 ], [ -74.2059908, 4.8978353 ], [ -74.2059366, 4.8977817 ], [ -74.2058274, 4.8977612 ], [ -74.2057716, 4.8977518 ], [ -74.2057135, 4.8977479 ], [ -74.2056671, 4.8976998 ], [ -74.20562, 4.897658 ], [ -74.2055885, 4.8976281 ], [ -74.2055382, 4.8975793 ], [ -74.2055017, 4.8975375 ], [ -74.2054754, 4.8975127 ], [ -74.2053846, 4.8974587 ], [ -74.2053379, 4.8974367 ], [ -74.2052558, 4.897406 ], [ -74.2052192, 4.8973934 ], [ -74.205156, 4.8973812 ], [ -74.2051112, 4.8973772 ], [ -74.2050334, 4.8973709 ], [ -74.2049942, 4.8973591 ], [ -74.2049439, 4.8972488 ], [ -74.2049289, 4.8971708 ], [ -74.2048896, 4.8970983 ], [ -74.2048653, 4.897066 ], [ -74.2047977, 4.89704 ], [ -74.2046311, 4.897014 ], [ -74.2045808, 4.8969195 ], [ -74.2044425, 4.8967714 ], [ -74.2043891, 4.896743 ], [ -74.2043105, 4.8966831 ], [ -74.2042351, 4.896617 ], [ -74.2041282, 4.8965634 ], [ -74.2039743, 4.8965319 ], [ -74.2038674, 4.8964657 ], [ -74.2038045, 4.896387 ], [ -74.2038014, 4.8963082 ], [ -74.2038799, 4.8962073 ], [ -74.2039836, 4.8961631 ], [ -74.2043292, 4.8959361 ], [ -74.2044078, 4.8958289 ], [ -74.204414, 4.8956745 ], [ -74.2044014, 4.8954034 ], [ -74.2043637, 4.8951985 ], [ -74.2043259, 4.8951008 ], [ -74.2042662, 4.8950221 ], [ -74.2041877, 4.8949716 ], [ -74.2041091, 4.8949055 ], [ -74.2039205, 4.8947983 ], [ -74.2038294, 4.8947574 ], [ -74.2036691, 4.8946408 ], [ -74.2036156, 4.8945967 ], [ -74.2035465, 4.894521 ], [ -74.2035151, 4.8944485 ], [ -74.2034993, 4.8943382 ], [ -74.2035182, 4.8942247 ], [ -74.2035527, 4.8941885 ], [ -74.2037475, 4.8940372 ], [ -74.2038544, 4.8939676 ], [ -74.2039408, 4.8939142 ], [ -74.2040225, 4.8938259 ], [ -74.2041026, 4.8937534 ], [ -74.2041874, 4.8936683 ], [ -74.2043225, 4.8935044 ], [ -74.2044042, 4.8934161 ], [ -74.2045864, 4.8933562 ], [ -74.2048237, 4.8933514 ], [ -74.2049148, 4.8933671 ], [ -74.2051034, 4.8933277 ], [ -74.2052118, 4.8932631 ], [ -74.2052573, 4.8932252 ], [ -74.2053972, 4.893148 ], [ -74.2055276, 4.8931117 ], [ -74.2056721, 4.8931133 ], [ -74.2057318, 4.8931353 ], [ -74.2057806, 4.8931731 ], [ -74.2058434, 4.8932488 ], [ -74.2058859, 4.8933086 ], [ -74.205944, 4.8933449 ], [ -74.2060069, 4.8933638 ], [ -74.2061247, 4.8934 ], [ -74.206208, 4.893411 ], [ -74.2062866, 4.8934268 ], [ -74.206329, 4.893474 ], [ -74.2063557, 4.8935623 ], [ -74.2063856, 4.8936269 ], [ -74.2064673, 4.893671 ], [ -74.206516, 4.8937183 ], [ -74.2065506, 4.8937671 ], [ -74.2066622, 4.8938617 ], [ -74.206725, 4.8938301 ], [ -74.2067753, 4.8937482 ], [ -74.20678, 4.8936315 ], [ -74.2067909, 4.8935606 ], [ -74.2068349, 4.8934676 ], [ -74.2068946, 4.8934093 ], [ -74.2069229, 4.8933557 ], [ -74.2069622, 4.8932895 ], [ -74.2070548, 4.8931618 ], [ -74.2071381, 4.8930972 ], [ -74.2071758, 4.8930294 ], [ -74.2072041, 4.8929711 ], [ -74.2072245, 4.8928372 ], [ -74.2072229, 4.8927804 ], [ -74.2071993, 4.892719 ], [ -74.2071742, 4.8926654 ], [ -74.2071412, 4.8926165 ], [ -74.2071066, 4.8925677 ], [ -74.2070579, 4.8924936 ], [ -74.2070044, 4.8924337 ], [ -74.2069793, 4.8923865 ], [ -74.2069541, 4.8923203 ], [ -74.2069667, 4.892273 ], [ -74.2070107, 4.8922383 ], [ -74.2070861, 4.8922068 ], [ -74.2071128, 4.8921879 ], [ -74.2071913, 4.892109 ], [ -74.2072935, 4.8920854 ], [ -74.207372, 4.8920822 ], [ -74.207438, 4.8920948 ], [ -74.207504, 4.8921137 ], [ -74.2075606, 4.8921436 ], [ -74.2076564, 4.8922019 ], [ -74.2077224, 4.892235 ], [ -74.207812, 4.8923296 ], [ -74.207911, 4.8924225 ], [ -74.2079739, 4.8925092 ], [ -74.2080352, 4.8925738 ], [ -74.2080823, 4.8926148 ], [ -74.2081468, 4.8926557 ], [ -74.2082112, 4.8926541 ], [ -74.2082819, 4.8926069 ], [ -74.2083196, 4.8925391 ], [ -74.2083478, 4.8924697 ], [ -74.208362, 4.892413 ], [ -74.2083871, 4.8923736 ], [ -74.208439, 4.8923436 ], [ -74.2085034, 4.8923247 ], [ -74.2085788, 4.8923026 ], [ -74.2086401, 4.8922774 ], [ -74.208728, 4.8922049 ], [ -74.2088097, 4.8921513 ], [ -74.2089134, 4.8920788 ], [ -74.2090925, 4.8919905 ], [ -74.2092119, 4.8919306 ], [ -74.209325, 4.8918549 ], [ -74.2094287, 4.8918076 ], [ -74.2095262, 4.8918076 ], [ -74.2096173, 4.8918864 ], [ -74.2096425, 4.8919935 ], [ -74.2096614, 4.8921732 ], [ -74.2096897, 4.8923434 ], [ -74.2096834, 4.8924813 ], [ -74.2097219, 4.892538 ], [ -74.2097856, 4.8925884 ], [ -74.2098665, 4.8925671 ], [ -74.2099081, 4.892523 ], [ -74.2099513, 4.8924568 ], [ -74.2100047, 4.8923961 ], [ -74.2100731, 4.8923638 ], [ -74.2101862, 4.8923283 ], [ -74.2102907, 4.8923141 ], [ -74.2105452, 4.8923227 ], [ -74.2106701, 4.8923574 ], [ -74.2107236, 4.8924165 ], [ -74.2107747, 4.8925205 ], [ -74.2108147, 4.8925756 ], [ -74.210865, 4.8926434 ], [ -74.2109059, 4.8926859 ], [ -74.2109774, 4.8927229 ], [ -74.211019, 4.8927174 ], [ -74.2110709, 4.8927024 ], [ -74.2110976, 4.8926678 ], [ -74.2111031, 4.8925685 ], [ -74.2110904, 4.8923951 ], [ -74.211081, 4.892269 ], [ -74.2110841, 4.8921556 ], [ -74.2111092, 4.891875 ], [ -74.2111375, 4.8917647 ], [ -74.2112443, 4.8916071 ], [ -74.2113291, 4.8915283 ], [ -74.2114108, 4.8914368 ], [ -74.211505, 4.8913423 ], [ -74.2115616, 4.8912256 ], [ -74.2115899, 4.8911594 ], [ -74.2116464, 4.8910144 ], [ -74.2117626, 4.8908505 ], [ -74.2119889, 4.8907622 ], [ -74.2121554, 4.8907306 ], [ -74.2121931, 4.8907212 ], [ -74.212432, 4.8907211 ], [ -74.212498, 4.8907747 ], [ -74.2125828, 4.8909008 ], [ -74.2126206, 4.8910205 ], [ -74.2126929, 4.8911182 ], [ -74.2127557, 4.8911687 ], [ -74.2128783, 4.8912317 ], [ -74.21296, 4.8912096 ], [ -74.2129411, 4.8910709 ], [ -74.212894, 4.890989 ], [ -74.2127494, 4.8907778 ], [ -74.2126959, 4.8907211 ], [ -74.2126739, 4.8906864 ], [ -74.2124885, 4.8905036 ], [ -74.2124382, 4.8904469 ], [ -74.2123879, 4.8903398 ], [ -74.2124664, 4.8901821 ], [ -74.2125167, 4.8901475 ], [ -74.2126581, 4.8900087 ], [ -74.2127335, 4.8899583 ], [ -74.212856, 4.8899299 ], [ -74.2129974, 4.8898637 ], [ -74.2130665, 4.889725 ], [ -74.2130759, 4.88958 ], [ -74.2130759, 4.8895169 ], [ -74.2131073, 4.8894255 ], [ -74.2131827, 4.8893719 ], [ -74.2134341, 4.8893498 ], [ -74.213497, 4.8892899 ], [ -74.2135284, 4.88923 ], [ -74.2135849, 4.8891701 ], [ -74.2136446, 4.8891291 ], [ -74.2138458, 4.8890913 ], [ -74.2139086, 4.8890723 ], [ -74.2139463, 4.8890471 ], [ -74.2140751, 4.8890156 ], [ -74.2141694, 4.8890219 ], [ -74.2143234, 4.8890596 ], [ -74.2143863, 4.8890849 ], [ -74.2145151, 4.8891479 ], [ -74.2146283, 4.8892046 ], [ -74.2147382, 4.8892329 ], [ -74.2147885, 4.8892172 ], [ -74.2148419, 4.8892014 ], [ -74.2148954, 4.8891667 ], [ -74.2149079, 4.8891131 ], [ -74.2149173, 4.8890532 ], [ -74.2149205, 4.8889996 ], [ -74.214933, 4.8889334 ], [ -74.2149456, 4.8888704 ], [ -74.2149801, 4.8887758 ], [ -74.2150901, 4.8885772 ], [ -74.215134, 4.888489 ], [ -74.2152283, 4.8883723 ], [ -74.2152817, 4.8882841 ], [ -74.2153414, 4.8881863 ], [ -74.2154419, 4.8880319 ], [ -74.2155645, 4.8879499 ], [ -74.2157027, 4.8878301 ], [ -74.2157781, 4.8877576 ], [ -74.2158535, 4.8876756 ], [ -74.2159226, 4.8875905 ], [ -74.2160294, 4.8874644 ], [ -74.21613, 4.8873761 ], [ -74.2162651, 4.8873509 ], [ -74.2163814, 4.8873508 ], [ -74.2164977, 4.8873949 ], [ -74.2165919, 4.8874611 ], [ -74.2166957, 4.8875367 ], [ -74.2168057, 4.887625 ], [ -74.2169314, 4.8877038 ], [ -74.2170068, 4.8877573 ], [ -74.2170383, 4.8878487 ], [ -74.2170351, 4.8879811 ], [ -74.217054, 4.8881356 ], [ -74.2170572, 4.8882175 ], [ -74.2170855, 4.8882553 ], [ -74.2171515, 4.888312 ], [ -74.2171892, 4.8884381 ], [ -74.2172081, 4.8885453 ], [ -74.2172741, 4.8886178 ], [ -74.2173621, 4.8887186 ], [ -74.2173778, 4.8888258 ], [ -74.2173779, 4.8890023 ], [ -74.2173213, 4.8891126 ], [ -74.2172145, 4.8892387 ], [ -74.2170951, 4.8893333 ], [ -74.2170134, 4.8894153 ], [ -74.2169506, 4.8895477 ], [ -74.216957, 4.8897998 ], [ -74.2169507, 4.8900331 ], [ -74.2169445, 4.8903073 ], [ -74.2169477, 4.8905216 ], [ -74.2169571, 4.8906351 ], [ -74.2169697, 4.8907044 ], [ -74.2169886, 4.890758 ], [ -74.2170483, 4.8908589 ], [ -74.217108, 4.8909156 ], [ -74.2171803, 4.8910637 ], [ -74.2172558, 4.8911709 ], [ -74.2173312, 4.8912654 ], [ -74.2174632, 4.8913663 ], [ -74.2175481, 4.8914041 ], [ -74.2176204, 4.891445 ], [ -74.2177115, 4.8915017 ], [ -74.2177901, 4.8915396 ], [ -74.2179347, 4.8916435 ], [ -74.2180321, 4.8917223 ], [ -74.2181232, 4.891779 ], [ -74.2181767, 4.8917948 ], [ -74.2182301, 4.8918704 ], [ -74.2182678, 4.891965 ], [ -74.2182396, 4.8920595 ], [ -74.2181045, 4.892192 ], [ -74.2179913, 4.8922865 ], [ -74.217894, 4.892378 ], [ -74.2177526, 4.8924978 ], [ -74.2176929, 4.892586 ], [ -74.2177055, 4.8926491 ], [ -74.2176741, 4.8927499 ], [ -74.2176678, 4.8927972 ], [ -74.2176395, 4.8928634 ], [ -74.2175892, 4.8929296 ], [ -74.2175201, 4.8929864 ], [ -74.2174824, 4.8930778 ], [ -74.2174982, 4.8933173 ], [ -74.2175171, 4.8934277 ], [ -74.217536, 4.8937555 ], [ -74.2175769, 4.8941841 ], [ -74.217621, 4.8944048 ], [ -74.2175613, 4.8945498 ], [ -74.217511, 4.894638 ], [ -74.2174702, 4.8947547 ], [ -74.2174797, 4.8949154 ], [ -74.2175394, 4.8950415 ], [ -74.217618, 4.8950667 ], [ -74.2178725, 4.8949721 ], [ -74.2179762, 4.8950445 ], [ -74.2180925, 4.8952904 ], [ -74.2181114, 4.8953881 ], [ -74.2181209, 4.8955268 ], [ -74.2181052, 4.8956056 ], [ -74.2180109, 4.8956749 ], [ -74.2179324, 4.8956876 ], [ -74.2178821, 4.8957254 ], [ -74.2179104, 4.8958105 ], [ -74.2179481, 4.895883 ], [ -74.2179984, 4.8959901 ], [ -74.218011, 4.8960279 ], [ -74.2179985, 4.8963116 ], [ -74.2179796, 4.8964188 ], [ -74.2179043, 4.896589 ], [ -74.2178289, 4.8966647 ], [ -74.217766, 4.8968097 ], [ -74.217785, 4.8972005 ], [ -74.217697, 4.897459 ], [ -74.2175965, 4.8976482 ], [ -74.2176091, 4.8978751 ], [ -74.2176469, 4.8982849 ], [ -74.2176093, 4.8985622 ], [ -74.2174176, 4.898764 ], [ -74.2174742, 4.8988428 ], [ -74.2175779, 4.8989562 ], [ -74.2176879, 4.8990665 ], [ -74.2177948, 4.8991516 ], [ -74.217886, 4.8992273 ], [ -74.2180054, 4.8993407 ], [ -74.2180934, 4.8994415 ], [ -74.21815, 4.8995739 ], [ -74.2181595, 4.8997567 ], [ -74.2182223, 4.8998702 ], [ -74.2182475, 4.9000885 ], [ -74.2182475, 4.9001688 ], [ -74.2182499, 4.9002768 ], [ -74.2182641, 4.9003713 ], [ -74.2183112, 4.9004226 ], [ -74.2183757, 4.900432 ], [ -74.2184424, 4.9004217 ], [ -74.2184896, 4.9003815 ], [ -74.2185225, 4.900335 ], [ -74.2185414, 4.9002972 ], [ -74.2185563, 4.9002287 ], [ -74.2185948, 4.9001546 ], [ -74.2186474, 4.9001104 ], [ -74.2186946, 4.9001025 ], [ -74.2187825, 4.900127 ], [ -74.218847, 4.9001608 ], [ -74.2189365, 4.9001837 ], [ -74.2189555, 4.9001839 ], [ -74.2190025, 4.9001687 ], [ -74.2190269, 4.9001356 ], [ -74.2190512, 4.9000702 ], [ -74.2190952, 4.9000575 ], [ -74.2191769, 4.9000481 ], [ -74.2192649, 4.9000228 ], [ -74.2192743, 4.8999756 ], [ -74.2192366, 4.8998715 ], [ -74.2191769, 4.8998054 ], [ -74.2191297, 4.8997423 ], [ -74.2190889, 4.8997108 ], [ -74.2189757, 4.8996352 ], [ -74.2189191, 4.8995816 ], [ -74.2188908, 4.8995312 ], [ -74.2188374, 4.8993894 ], [ -74.2188342, 4.8993074 ], [ -74.2188719, 4.8990679 ], [ -74.2189268, 4.8989244 ], [ -74.2189661, 4.8988314 ], [ -74.2190902, 4.8986155 ], [ -74.2191467, 4.8985288 ], [ -74.2192064, 4.8984185 ], [ -74.2192724, 4.8983003 ], [ -74.2193965, 4.898182 ], [ -74.2195112, 4.8981111 ], [ -74.2196164, 4.8980323 ], [ -74.2197421, 4.8979077 ], [ -74.2198097, 4.8977817 ], [ -74.2198364, 4.8976902 ], [ -74.2198363, 4.8975878 ], [ -74.2198489, 4.8973955 ], [ -74.2198536, 4.8973672 ], [ -74.2198803, 4.8972947 ], [ -74.2199572, 4.897208 ], [ -74.2199997, 4.8971638 ], [ -74.2201489, 4.8970235 ], [ -74.2202306, 4.8969289 ], [ -74.220306, 4.8968533 ], [ -74.2203971, 4.8967745 ], [ -74.2205243, 4.8966767 ], [ -74.2206186, 4.8966546 ], [ -74.220892, 4.8966136 ], [ -74.221002, 4.8966041 ], [ -74.2210994, 4.8965726 ], [ -74.2211842, 4.8965347 ], [ -74.2212628, 4.8965064 ], [ -74.2214293, 4.8964653 ], [ -74.2215111, 4.8964748 ], [ -74.2216682, 4.8965126 ], [ -74.2217719, 4.8966008 ], [ -74.2218631, 4.8966827 ], [ -74.2219825, 4.8967332 ], [ -74.2220296, 4.896689 ], [ -74.2220107, 4.8966165 ], [ -74.2219793, 4.8965377 ], [ -74.2219416, 4.8964526 ], [ -74.2219101, 4.8963171 ], [ -74.2218912, 4.896191 ], [ -74.2218252, 4.8960555 ], [ -74.2217341, 4.8959452 ], [ -74.2216901, 4.8958853 ], [ -74.2216398, 4.8958223 ], [ -74.2215737, 4.895712 ], [ -74.2214983, 4.8956111 ], [ -74.2214417, 4.8955166 ], [ -74.2214134, 4.895463 ], [ -74.2213946, 4.8954157 ], [ -74.22136, 4.8953149 ], [ -74.2212908, 4.8952014 ], [ -74.2212216, 4.8950281 ], [ -74.2211839, 4.8949304 ], [ -74.221143, 4.8948705 ], [ -74.221077, 4.8948012 ], [ -74.2209984, 4.8947003 ], [ -74.2209623, 4.8946499 ], [ -74.2209183, 4.8945979 ], [ -74.2209136, 4.8944955 ], [ -74.2209214, 4.8944245 ], [ -74.2209277, 4.8943599 ], [ -74.2209355, 4.8942197 ], [ -74.2209088, 4.8941787 ], [ -74.2208585, 4.8941078 ], [ -74.2208003, 4.8940337 ], [ -74.2207595, 4.8939928 ], [ -74.2207202, 4.8939281 ], [ -74.2206887, 4.8938809 ], [ -74.2206494, 4.8937895 ], [ -74.2206117, 4.8937123 ], [ -74.2205787, 4.8936492 ], [ -74.2205488, 4.8935578 ], [ -74.2205315, 4.8933545 ], [ -74.2205283, 4.8933104 ], [ -74.2205472, 4.8931906 ], [ -74.2205692, 4.893137 ], [ -74.2206289, 4.8930929 ], [ -74.2206854, 4.8930267 ], [ -74.2207011, 4.8929952 ], [ -74.2207168, 4.8929321 ], [ -74.2207137, 4.8928848 ], [ -74.2206759, 4.8928281 ], [ -74.2206225, 4.8927934 ], [ -74.2205471, 4.8927682 ], [ -74.2205408, 4.8927178 ], [ -74.2205219, 4.8926138 ], [ -74.220525, 4.8925539 ], [ -74.2205753, 4.8924341 ], [ -74.2206633, 4.8923963 ], [ -74.2207387, 4.8923774 ], [ -74.2208267, 4.8923679 ], [ -74.2208267, 4.8923269 ], [ -74.2208078, 4.8922985 ], [ -74.2207104, 4.8922166 ], [ -74.2206538, 4.8921851 ], [ -74.2205344, 4.8921095 ], [ -74.2204935, 4.8920906 ], [ -74.2203961, 4.892037 ], [ -74.2202767, 4.8919551 ], [ -74.2200975, 4.8917975 ], [ -74.2199215, 4.8915549 ], [ -74.2198743, 4.8914666 ], [ -74.2197894, 4.8913532 ], [ -74.2197077, 4.8911515 ], [ -74.2196888, 4.8910569 ], [ -74.2196856, 4.8909056 ], [ -74.2197328, 4.8907764 ], [ -74.2198144, 4.8906471 ], [ -74.2198678, 4.8905525 ], [ -74.2198741, 4.8904454 ], [ -74.2199008, 4.8902988 ], [ -74.2199133, 4.8898544 ], [ -74.2199038, 4.8898228 ], [ -74.2198139, 4.8897239 ], [ -74.2196838, 4.8895991 ], [ -74.2196429, 4.8895676 ], [ -74.2195298, 4.8894541 ], [ -74.2194481, 4.8893722 ], [ -74.2194261, 4.8893565 ], [ -74.2192626, 4.8892619 ], [ -74.2191212, 4.8891642 ], [ -74.2190284, 4.8890578 ], [ -74.2190238, 4.8890319 ], [ -74.219008, 4.888931 ], [ -74.2190112, 4.8888648 ], [ -74.2190614, 4.8887545 ], [ -74.2191462, 4.888682 ], [ -74.2192625, 4.8886063 ], [ -74.2193944, 4.8884392 ], [ -74.2194573, 4.888332 ], [ -74.2194793, 4.8882375 ], [ -74.2195044, 4.8880736 ], [ -74.2195797, 4.8878309 ], [ -74.2195828, 4.8875157 ], [ -74.2195671, 4.8874463 ], [ -74.2195388, 4.8873549 ], [ -74.219501, 4.8872667 ], [ -74.219479, 4.8872036 ], [ -74.2194507, 4.8870839 ], [ -74.2194161, 4.8870051 ], [ -74.2193816, 4.8869011 ], [ -74.2193784, 4.8867372 ], [ -74.2194349, 4.8866331 ], [ -74.2195135, 4.8865039 ], [ -74.2195763, 4.8864503 ], [ -74.2196485, 4.8863336 ], [ -74.2197082, 4.8862012 ], [ -74.2197962, 4.8860736 ], [ -74.2198998, 4.8860098 ], [ -74.2200146, 4.8860042 ], [ -74.2200774, 4.8860341 ], [ -74.2201434, 4.8860814 ], [ -74.2201874, 4.8861286 ], [ -74.220233, 4.8861728 ], [ -74.2203022, 4.8862342 ], [ -74.2204295, 4.8863445 ], [ -74.2205237, 4.8863713 ], [ -74.2205882, 4.8863697 ], [ -74.2206479, 4.886346 ], [ -74.2206824, 4.8863098 ], [ -74.2207028, 4.8862672 ], [ -74.2207059, 4.8861159 ], [ -74.2206949, 4.8860592 ], [ -74.2207279, 4.8859961 ], [ -74.220775, 4.8859678 ], [ -74.2208583, 4.8859252 ], [ -74.2209133, 4.8858795 ], [ -74.2210186, 4.8858464 ], [ -74.221072, 4.8858479 ], [ -74.2211254, 4.8858621 ], [ -74.2212056, 4.8859172 ], [ -74.2212664, 4.8859878 ], [ -74.2213156, 4.8860528 ], [ -74.2213674, 4.8860953 ], [ -74.2214083, 4.8861189 ], [ -74.2214444, 4.8861 ], [ -74.2214601, 4.886059 ], [ -74.221457, 4.8860212 ], [ -74.2214475, 4.8859834 ], [ -74.2213721, 4.8858857 ], [ -74.2213187, 4.8858006 ], [ -74.2213815, 4.8857218 ], [ -74.2215606, 4.8856366 ], [ -74.2217774, 4.8855704 ], [ -74.2219565, 4.8855136 ], [ -74.2221042, 4.8854474 ], [ -74.2223304, 4.885378 ], [ -74.2226824, 4.8853811 ], [ -74.2229212, 4.8853936 ], [ -74.2229966, 4.8853653 ], [ -74.2230626, 4.8852991 ], [ -74.223204, 4.8851288 ], [ -74.223292, 4.8850216 ], [ -74.223471, 4.8848356 ], [ -74.2235621, 4.8847032 ], [ -74.223669, 4.8846433 ], [ -74.2238167, 4.8847189 ], [ -74.2238795, 4.8847914 ], [ -74.223977, 4.88499 ], [ -74.2240179, 4.8851696 ], [ -74.2240588, 4.8853556 ], [ -74.224172, 4.885551 ], [ -74.2242694, 4.8856928 ], [ -74.2243637, 4.885863 ], [ -74.2245146, 4.886112 ], [ -74.22459, 4.8862002 ], [ -74.2247063, 4.8863326 ], [ -74.2247912, 4.8864775 ], [ -74.2248478, 4.8866099 ], [ -74.2248887, 4.8867265 ], [ -74.2249264, 4.8868179 ], [ -74.2251119, 4.8868998 ], [ -74.2252595, 4.8868935 ], [ -74.2254104, 4.8868745 ], [ -74.2257341, 4.8868682 ], [ -74.225888, 4.8868587 ], [ -74.226416, 4.8867861 ], [ -74.2266359, 4.8868459 ], [ -74.2267145, 4.8870003 ], [ -74.2267554, 4.887139 ], [ -74.2267838, 4.8874164 ], [ -74.2267492, 4.8875425 ], [ -74.2266864, 4.8878451 ], [ -74.2266299, 4.8880247 ], [ -74.2265923, 4.8882454 ], [ -74.2265829, 4.8887718 ], [ -74.2266113, 4.8890555 ], [ -74.2266114, 4.8894085 ], [ -74.2266459, 4.8893927 ], [ -74.2267684, 4.8891531 ], [ -74.2268093, 4.8890523 ], [ -74.2268438, 4.8889262 ], [ -74.2269192, 4.8886645 ], [ -74.2269568, 4.8884155 ], [ -74.2270291, 4.8882516 ], [ -74.2270793, 4.8881602 ], [ -74.227139, 4.8880625 ], [ -74.227183, 4.8879931 ], [ -74.2273338, 4.8878418 ], [ -74.227494, 4.8877598 ], [ -74.2277109, 4.8877944 ], [ -74.2278397, 4.8877818 ], [ -74.2279277, 4.8877061 ], [ -74.2280314, 4.887643 ], [ -74.2280785, 4.8876084 ], [ -74.2283205, 4.8875705 ], [ -74.2284744, 4.8875894 ], [ -74.2285593, 4.8876209 ], [ -74.2286284, 4.8876587 ], [ -74.2287133, 4.8877059 ], [ -74.2288076, 4.8877816 ], [ -74.2288705, 4.8878509 ], [ -74.228971, 4.8879013 ], [ -74.2289836, 4.8878572 ], [ -74.2289144, 4.8877563 ], [ -74.2288359, 4.8876775 ], [ -74.2287793, 4.8876208 ], [ -74.2286944, 4.8875326 ], [ -74.2286158, 4.8874475 ], [ -74.228531, 4.8873687 ], [ -74.2284461, 4.8872931 ], [ -74.2283895, 4.8872773 ], [ -74.228201, 4.887208 ], [ -74.228047, 4.8871356 ], [ -74.228003, 4.887041 ], [ -74.2280124, 4.8869338 ], [ -74.2280092, 4.8868172 ], [ -74.2279997, 4.886729 ], [ -74.2279809, 4.8865714 ], [ -74.2279746, 4.8865462 ], [ -74.2279274, 4.886398 ], [ -74.2279117, 4.8863697 ], [ -74.2278519, 4.8862373 ], [ -74.2278142, 4.8861364 ], [ -74.2277985, 4.8860576 ], [ -74.2278016, 4.8860009 ], [ -74.2278204, 4.8859063 ], [ -74.2278456, 4.8858086 ], [ -74.2278518, 4.8857613 ], [ -74.2279178, 4.885651 ], [ -74.2279429, 4.8855785 ], [ -74.2279837, 4.8853547 ], [ -74.2280842, 4.8851876 ], [ -74.2281502, 4.885112 ], [ -74.2282193, 4.8850268 ], [ -74.2283638, 4.8848125 ], [ -74.2284958, 4.8846044 ], [ -74.2285366, 4.8844972 ], [ -74.2285649, 4.8844184 ], [ -74.2285931, 4.8843491 ], [ -74.228656, 4.8842892 ], [ -74.2287282, 4.8842955 ], [ -74.2287974, 4.8843207 ], [ -74.2288697, 4.8843931 ], [ -74.2289483, 4.8844908 ], [ -74.2290206, 4.8845759 ], [ -74.2291054, 4.884661 ], [ -74.2291777, 4.8847114 ], [ -74.2292186, 4.8846894 ], [ -74.229228, 4.8846421 ], [ -74.2291903, 4.8845759 ], [ -74.2291321, 4.8845207 ], [ -74.2291038, 4.884464 ], [ -74.2290944, 4.8843821 ], [ -74.2291069, 4.8843379 ], [ -74.2291949, 4.8842339 ], [ -74.2293237, 4.8841677 ], [ -74.2293646, 4.8841456 ], [ -74.2294871, 4.8840857 ], [ -74.2295877, 4.8840415 ], [ -74.2296882, 4.8839942 ], [ -74.229773, 4.8839532 ], [ -74.2298359, 4.8838965 ], [ -74.2298641, 4.8838019 ], [ -74.2298641, 4.8834993 ], [ -74.2298326, 4.8833733 ], [ -74.2297635, 4.8833544 ], [ -74.2297383, 4.8833102 ], [ -74.2296692, 4.8832031 ], [ -74.2296126, 4.8830707 ], [ -74.229556, 4.8829951 ], [ -74.229512, 4.8828753 ], [ -74.2295057, 4.8827303 ], [ -74.2294868, 4.8826106 ], [ -74.2294302, 4.8824656 ], [ -74.2294302, 4.8823458 ], [ -74.2294301, 4.8822418 ], [ -74.2294898, 4.8819865 ], [ -74.2295903, 4.8819108 ], [ -74.2296752, 4.8818666 ], [ -74.2298291, 4.8818162 ], [ -74.2302156, 4.8817814 ], [ -74.2303665, 4.8817215 ], [ -74.2306084, 4.881671 ], [ -74.2307593, 4.8816741 ], [ -74.2309918, 4.8816898 ], [ -74.2311615, 4.8817497 ], [ -74.2312401, 4.8818095 ], [ -74.2312967, 4.8818726 ], [ -74.2313344, 4.8819198 ], [ -74.2314255, 4.8820301 ], [ -74.2315324, 4.8822003 ], [ -74.2315576, 4.8823233 ], [ -74.2315608, 4.8824808 ], [ -74.2316644, 4.8823737 ], [ -74.2318906, 4.8820616 ], [ -74.2319691, 4.8818409 ], [ -74.2319911, 4.881718 ], [ -74.2320036, 4.8814847 ], [ -74.2319816, 4.8813492 ], [ -74.2319281, 4.8811853 ], [ -74.2318935, 4.881097 ], [ -74.2318495, 4.8810151 ], [ -74.2318055, 4.8809552 ], [ -74.2317464, 4.8808779 ], [ -74.23193, 4.8807387 ], [ -74.2338483, 4.883444 ], [ -74.2302062, 4.8858101 ], [ -74.2330377, 4.8898174 ], [ -74.2375603, 4.8881579 ], [ -74.2378093, 4.888257 ], [ -74.2379099, 4.8883641 ], [ -74.2379382, 4.8884524 ], [ -74.2378817, 4.8885848 ], [ -74.2378283, 4.8887014 ], [ -74.2377843, 4.8887676 ], [ -74.2377749, 4.8888527 ], [ -74.2377781, 4.8890135 ], [ -74.2377938, 4.8891206 ], [ -74.2378221, 4.8892593 ], [ -74.2378473, 4.8893728 ], [ -74.2378787, 4.8894579 ], [ -74.2379133, 4.8895335 ], [ -74.2379668, 4.8896155 ], [ -74.2380108, 4.8896816 ], [ -74.2380862, 4.8897415 ], [ -74.2381051, 4.8898298 ], [ -74.238102, 4.8899306 ], [ -74.2380706, 4.8901135 ], [ -74.2380643, 4.8901986 ], [ -74.2380863, 4.8903152 ], [ -74.2381429, 4.8903719 ], [ -74.2382875, 4.8904475 ], [ -74.2383441, 4.8905326 ], [ -74.2383693, 4.8906492 ], [ -74.2383913, 4.8908068 ], [ -74.2384447, 4.890936 ], [ -74.2384636, 4.8910054 ], [ -74.2385673, 4.8910841 ], [ -74.2386459, 4.8912102 ], [ -74.2387308, 4.8913678 ], [ -74.2387623, 4.8914718 ], [ -74.2387843, 4.89156 ], [ -74.2388314, 4.891664 ], [ -74.2388692, 4.8917302 ], [ -74.2388907, 4.8918141 ], [ -74.2389132, 4.8919477 ], [ -74.2389572, 4.8920296 ], [ -74.2389887, 4.8920643 ], [ -74.2390672, 4.8921273 ], [ -74.2391301, 4.8921872 ], [ -74.2392118, 4.8922975 ], [ -74.2392559, 4.8923984 ], [ -74.2392873, 4.892515 ], [ -74.2392968, 4.89266 ], [ -74.2393313, 4.892723 ], [ -74.2393816, 4.892786 ], [ -74.2394539, 4.8928364 ], [ -74.2396519, 4.8929026 ], [ -74.2397965, 4.8929624 ], [ -74.2399191, 4.8930538 ], [ -74.2399348, 4.8931767 ], [ -74.2398846, 4.8933217 ], [ -74.2398123, 4.8934226 ], [ -74.2397935, 4.8934699 ], [ -74.2397558, 4.8938135 ], [ -74.2397936, 4.8939175 ], [ -74.2398533, 4.894157 ], [ -74.2399885, 4.8942894 ], [ -74.2400545, 4.8941948 ], [ -74.2401142, 4.8940687 ], [ -74.2401078, 4.8939647 ], [ -74.2401455, 4.8938355 ], [ -74.2401738, 4.893744 ], [ -74.240224, 4.8936053 ], [ -74.2402963, 4.8934855 ], [ -74.2403968, 4.8933531 ], [ -74.2404785, 4.8932775 ], [ -74.2406796, 4.8932585 ], [ -74.2409498, 4.8931639 ], [ -74.2411132, 4.8931575 ], [ -74.2413018, 4.8930629 ], [ -74.241396, 4.8929557 ], [ -74.2413332, 4.8928801 ], [ -74.2410755, 4.8928613 ], [ -74.2406984, 4.8928614 ], [ -74.2404533, 4.8928488 ], [ -74.2402993, 4.892789 ], [ -74.2402552, 4.8926377 ], [ -74.2402678, 4.8925053 ], [ -74.2402646, 4.8923445 ], [ -74.240285, 4.8922137 ], [ -74.2402897, 4.892157 ], [ -74.2402991, 4.8920719 ], [ -74.24031, 4.8919222 ], [ -74.2403195, 4.891856 ], [ -74.240343, 4.8917709 ], [ -74.2403854, 4.8917046 ], [ -74.2404325, 4.8916605 ], [ -74.2404891, 4.8915659 ], [ -74.2405173, 4.8914997 ], [ -74.2405472, 4.8914414 ], [ -74.240588, 4.8913941 ], [ -74.2406509, 4.8913295 ], [ -74.240764, 4.8912286 ], [ -74.2407922, 4.8911797 ], [ -74.2408723, 4.8910899 ], [ -74.2408739, 4.89103 ], [ -74.2408676, 4.8909323 ], [ -74.2408032, 4.8908661 ], [ -74.2407403, 4.8908125 ], [ -74.2407057, 4.8907763 ], [ -74.2406303, 4.8907212 ], [ -74.2405501, 4.8906518 ], [ -74.240459, 4.8905857 ], [ -74.2404464, 4.8905557 ], [ -74.2404338, 4.8905006 ], [ -74.240426, 4.8904423 ], [ -74.2403725, 4.8903351 ], [ -74.2403552, 4.8902784 ], [ -74.2403222, 4.8901838 ], [ -74.2403002, 4.8900893 ], [ -74.2403127, 4.8900057 ], [ -74.2403033, 4.8899191 ], [ -74.2402923, 4.8898844 ], [ -74.2402718, 4.889782 ], [ -74.2402702, 4.8897567 ], [ -74.2403535, 4.8896149 ], [ -74.2404336, 4.8895235 ], [ -74.2405593, 4.8894572 ], [ -74.2406897, 4.889391 ], [ -74.2407667, 4.8893453 ], [ -74.2408766, 4.8892633 ], [ -74.2409096, 4.8892129 ], [ -74.2409159, 4.889112 ], [ -74.2408954, 4.8890332 ], [ -74.2408797, 4.8890175 ], [ -74.24082, 4.8889607 ], [ -74.2407713, 4.8889072 ], [ -74.2407524, 4.8888615 ], [ -74.240732, 4.8888063 ], [ -74.2407429, 4.8887244 ], [ -74.2407759, 4.8886487 ], [ -74.2408215, 4.8886298 ], [ -74.2409205, 4.8886077 ], [ -74.2410037, 4.8886203 ], [ -74.2411326, 4.8886533 ], [ -74.241241, 4.8886454 ], [ -74.2412677, 4.8886076 ], [ -74.2412818, 4.8885666 ], [ -74.2412991, 4.8885036 ], [ -74.2413462, 4.8883696 ], [ -74.2413949, 4.8882798 ], [ -74.2414169, 4.8882104 ], [ -74.2414263, 4.8880875 ], [ -74.2414121, 4.8879551 ], [ -74.2413932, 4.8878259 ], [ -74.2413571, 4.8877676 ], [ -74.2413115, 4.8877045 ], [ -74.2412808, 4.8876541 ], [ -74.2412486, 4.8876336 ], [ -74.2411991, 4.8875966 ], [ -74.2411653, 4.8875722 ], [ -74.2411465, 4.8875399 ], [ -74.2411457, 4.8874895 ], [ -74.2411543, 4.8874729 ], [ -74.2411975, 4.8874303 ], [ -74.2413043, 4.8873957 ], [ -74.241342, 4.8873641 ], [ -74.2413813, 4.887335 ], [ -74.2414363, 4.887294 ], [ -74.2414756, 4.8872648 ], [ -74.2415722, 4.8872411 ], [ -74.241661, 4.8872616 ], [ -74.2417238, 4.8872844 ], [ -74.2418252, 4.8873104 ], [ -74.2418904, 4.8873254 ], [ -74.2419595, 4.887349 ], [ -74.2420106, 4.8873458 ], [ -74.2420389, 4.887323 ], [ -74.2420671, 4.8871512 ], [ -74.2421237, 4.8871039 ], [ -74.2421802, 4.8870282 ], [ -74.2422587, 4.8868864 ], [ -74.2423027, 4.886817 ], [ -74.2423844, 4.886713 ], [ -74.2424441, 4.886631 ], [ -74.2425823, 4.8866278 ], [ -74.2426955, 4.8866688 ], [ -74.2427898, 4.886716 ], [ -74.2428746, 4.8867475 ], [ -74.2429815, 4.8867916 ], [ -74.2430443, 4.8867979 ], [ -74.2431009, 4.8867664 ], [ -74.2431166, 4.8866844 ], [ -74.2431166, 4.8866182 ], [ -74.2431228, 4.8865552 ], [ -74.2432234, 4.8865079 ], [ -74.2433365, 4.8864921 ], [ -74.2434496, 4.8864889 ], [ -74.2434968, 4.8864448 ], [ -74.2434999, 4.8863817 ], [ -74.2434527, 4.8862903 ], [ -74.2434338, 4.8862084 ], [ -74.2434055, 4.8861391 ], [ -74.2433584, 4.8860571 ], [ -74.2433332, 4.8860162 ], [ -74.2432987, 4.8859626 ], [ -74.2432861, 4.8858932 ], [ -74.2433112, 4.8858176 ], [ -74.2433627, 4.8857593 ], [ -74.2434023, 4.8857009 ], [ -74.2434526, 4.885641 ], [ -74.2435028, 4.8855339 ], [ -74.2435185, 4.8854078 ], [ -74.2435122, 4.8851745 ], [ -74.2434901, 4.8851083 ], [ -74.243465, 4.8850831 ], [ -74.2434116, 4.8850579 ], [ -74.2433487, 4.8849855 ], [ -74.2433487, 4.8849697 ], [ -74.2433613, 4.8849413 ], [ -74.2434147, 4.8848877 ], [ -74.2435121, 4.8848845 ], [ -74.2436315, 4.8848751 ], [ -74.2436566, 4.8848372 ], [ -74.2436629, 4.8847994 ], [ -74.2436535, 4.884749 ], [ -74.2436283, 4.8847049 ], [ -74.2435749, 4.884645 ], [ -74.2435057, 4.8845473 ], [ -74.2434365, 4.884333 ], [ -74.2434019, 4.8842573 ], [ -74.2434082, 4.8841375 ], [ -74.2434206, 4.8836553 ], [ -74.2434222, 4.8834299 ], [ -74.2434143, 4.8833811 ], [ -74.2433687, 4.8832566 ], [ -74.24332, 4.8831557 ], [ -74.243287, 4.8831226 ], [ -74.2432209, 4.8830297 ], [ -74.2432052, 4.8829225 ], [ -74.2432052, 4.8828831 ], [ -74.243213, 4.8827917 ], [ -74.2432083, 4.8827161 ], [ -74.2431596, 4.8826341 ], [ -74.2430527, 4.8825616 ], [ -74.2429804, 4.8825364 ], [ -74.2429333, 4.8825238 ], [ -74.2428516, 4.8824671 ], [ -74.2428359, 4.8824325 ], [ -74.2429049, 4.8822701 ], [ -74.2428798, 4.8821929 ], [ -74.2428436, 4.8821173 ], [ -74.2428185, 4.8820558 ], [ -74.2427855, 4.8819534 ], [ -74.2427493, 4.8818793 ], [ -74.2427241, 4.8818179 ], [ -74.2426927, 4.8817532 ], [ -74.2426487, 4.8816902 ], [ -74.2426125, 4.8816382 ], [ -74.2426047, 4.8815831 ], [ -74.2426062, 4.8814901 ], [ -74.2426659, 4.8814113 ], [ -74.2427759, 4.8813387 ], [ -74.2428953, 4.881293 ], [ -74.2429848, 4.8812552 ], [ -74.2431294, 4.8812346 ], [ -74.2433603, 4.881222 ], [ -74.2434955, 4.8812503 ], [ -74.2436275, 4.8812991 ], [ -74.2437265, 4.8813527 ], [ -74.2438113, 4.8813795 ], [ -74.2439622, 4.8813794 ], [ -74.2440286, 4.8813331 ], [ -74.2440737, 4.8812896 ], [ -74.2440972, 4.8812186 ], [ -74.2440988, 4.8811666 ], [ -74.2440941, 4.8811178 ], [ -74.2440626, 4.8810516 ], [ -74.2439966, 4.8810027 ], [ -74.2439306, 4.8809634 ], [ -74.2438175, 4.8808767 ], [ -74.2438662, 4.8807963 ], [ -74.2440578, 4.8806797 ], [ -74.2442008, 4.8806402 ], [ -74.2444789, 4.8805093 ], [ -74.2445401, 4.8804699 ], [ -74.2446705, 4.8804037 ], [ -74.244757, 4.880399 ], [ -74.2448418, 4.8804273 ], [ -74.2448748, 4.8804903 ], [ -74.2448827, 4.8806038 ], [ -74.244801, 4.8807866 ], [ -74.2447225, 4.8808733 ], [ -74.2446864, 4.8809789 ], [ -74.2446582, 4.8811633 ], [ -74.2446817, 4.8812453 ], [ -74.2447148, 4.8813052 ], [ -74.2447572, 4.8813855 ], [ -74.2447902, 4.8814785 ], [ -74.2448499, 4.8815431 ], [ -74.2448971, 4.8815982 ], [ -74.2449458, 4.8816487 ], [ -74.2449961, 4.8816802 ], [ -74.2450747, 4.8817511 ], [ -74.245081, 4.8818173 ], [ -74.2451077, 4.8819102 ], [ -74.2451533, 4.881967 ], [ -74.2452193, 4.8820064 ], [ -74.2452837, 4.8820394 ], [ -74.2452869, 4.8820993 ], [ -74.2453057, 4.8821687 ], [ -74.2453372, 4.8822191 ], [ -74.2454378, 4.8822522 ], [ -74.2456515, 4.8823041 ], [ -74.2458039, 4.8823797 ], [ -74.2458495, 4.8824112 ], [ -74.2460349, 4.8824159 ], [ -74.246269, 4.8823749 ], [ -74.2464889, 4.8823764 ], [ -74.2465974, 4.8824126 ], [ -74.2466917, 4.882515 ], [ -74.2467451, 4.8825749 ], [ -74.2468519, 4.8826363 ], [ -74.2469509, 4.8826631 ], [ -74.2471521, 4.8826993 ], [ -74.2473846, 4.8826898 ], [ -74.2476234, 4.8826267 ], [ -74.2477366, 4.8826519 ], [ -74.2477837, 4.8828221 ], [ -74.2477963, 4.8829292 ], [ -74.2478435, 4.8830395 ], [ -74.2478812, 4.883112 ], [ -74.2479315, 4.8831971 ], [ -74.2479818, 4.8832885 ], [ -74.2480353, 4.8833673 ], [ -74.2481044, 4.8834366 ], [ -74.248205, 4.8835186 ], [ -74.2482993, 4.8835122 ], [ -74.2484406, 4.8833704 ], [ -74.24856, 4.8833104 ], [ -74.2487014, 4.8832726 ], [ -74.2488617, 4.8832473 ], [ -74.248912, 4.8832378 ], [ -74.2489654, 4.8831685 ], [ -74.2490313, 4.8830834 ], [ -74.2490848, 4.883014 ], [ -74.2491539, 4.8829447 ], [ -74.249201, 4.8828595 ], [ -74.2492261, 4.8826483 ], [ -74.2492166, 4.8825254 ], [ -74.2491726, 4.8824561 ], [ -74.2490971, 4.8823206 ], [ -74.2490563, 4.8822386 ], [ -74.2490343, 4.882163 ], [ -74.2489494, 4.8820653 ], [ -74.2488928, 4.8820149 ], [ -74.2487891, 4.8819014 ], [ -74.2487419, 4.8817785 ], [ -74.2487325, 4.8816619 ], [ -74.2486822, 4.8815579 ], [ -74.2485564, 4.8814854 ], [ -74.2484622, 4.8814508 ], [ -74.2483616, 4.8814477 ], [ -74.248261, 4.8814067 ], [ -74.248217, 4.8813626 ], [ -74.2481542, 4.8812838 ], [ -74.2481793, 4.881142 ], [ -74.2481635, 4.8809749 ], [ -74.2481383, 4.8808646 ], [ -74.2481195, 4.8807984 ], [ -74.2481131, 4.8806534 ], [ -74.2481131, 4.880521 ], [ -74.2481005, 4.8804359 ], [ -74.2480785, 4.8803414 ], [ -74.2480376, 4.8802437 ], [ -74.2480156, 4.8801145 ], [ -74.247915, 4.8800262 ], [ -74.247827, 4.8799853 ], [ -74.2477799, 4.8799601 ], [ -74.2477107, 4.879916 ], [ -74.2476384, 4.8798435 ], [ -74.247563, 4.8797584 ], [ -74.2475221, 4.8796922 ], [ -74.247475, 4.8796103 ], [ -74.2474309, 4.8795157 ], [ -74.2474309, 4.8794968 ], [ -74.2473335, 4.8792857 ], [ -74.24728, 4.8791911 ], [ -74.247214, 4.8791186 ], [ -74.2471449, 4.8790461 ], [ -74.2470883, 4.8789611 ], [ -74.24706, 4.8789169 ], [ -74.2470128, 4.8788381 ], [ -74.2469845, 4.878794 ], [ -74.2469437, 4.8786743 ], [ -74.2468871, 4.878534 ], [ -74.2468729, 4.8784568 ], [ -74.2468713, 4.8784111 ], [ -74.2468603, 4.8783087 ], [ -74.2469027, 4.8781904 ], [ -74.2470488, 4.8780155 ], [ -74.247121, 4.8779303 ], [ -74.2472514, 4.8778231 ], [ -74.2473394, 4.8777207 ], [ -74.2473896, 4.877686 ], [ -74.2475059, 4.8776182 ], [ -74.2475923, 4.8774811 ], [ -74.247641, 4.8773991 ], [ -74.2476566, 4.8773298 ], [ -74.2476896, 4.877221 ], [ -74.2477603, 4.8771406 ], [ -74.2478577, 4.8770413 ], [ -74.2479488, 4.8769782 ], [ -74.2480949, 4.8769278 ], [ -74.2482347, 4.8768962 ], [ -74.2484956, 4.876882 ], [ -74.2485773, 4.8768819 ], [ -74.2487155, 4.8768914 ], [ -74.2487658, 4.876926 ], [ -74.2488098, 4.8769859 ], [ -74.2488397, 4.8770127 ], [ -74.2489167, 4.8770111 ], [ -74.2489622, 4.876989 ], [ -74.2490204, 4.8769512 ], [ -74.2490675, 4.876896 ], [ -74.2491429, 4.8768235 ], [ -74.2493534, 4.8767635 ], [ -74.2495388, 4.876795 ], [ -74.2495671, 4.8768045 ], [ -74.2497274, 4.8769904 ], [ -74.2498092, 4.8771101 ], [ -74.2498909, 4.8772646 ], [ -74.2500072, 4.8774095 ], [ -74.2500701, 4.8775261 ], [ -74.2502555, 4.8776175 ], [ -74.2503938, 4.8776679 ], [ -74.2505572, 4.8777025 ], [ -74.2507458, 4.8777529 ], [ -74.2508244, 4.8778727 ], [ -74.2508558, 4.8780523 ], [ -74.2507804, 4.8781847 ], [ -74.2507585, 4.8782761 ], [ -74.2507679, 4.8784148 ], [ -74.2507617, 4.8785441 ], [ -74.2506517, 4.8786386 ], [ -74.2505732, 4.8787931 ], [ -74.2505355, 4.8790232 ], [ -74.2505167, 4.879102 ], [ -74.250556, 4.8791981 ], [ -74.250622, 4.8792738 ], [ -74.2506912, 4.8793557 ], [ -74.2507729, 4.879425 ], [ -74.2508201, 4.8795606 ], [ -74.2508358, 4.879674 ], [ -74.2508327, 4.8797812 ], [ -74.2508641, 4.8798505 ], [ -74.2509144, 4.8799451 ], [ -74.2509522, 4.880027 ], [ -74.2509899, 4.8801027 ], [ -74.2510402, 4.8801909 ], [ -74.2511345, 4.8802634 ], [ -74.2512696, 4.8803106 ], [ -74.2515148, 4.8803641 ], [ -74.2516027, 4.8803641 ], [ -74.2516467, 4.8803074 ], [ -74.2516058, 4.880071 ], [ -74.251648, 4.8799444 ], [ -74.2517063, 4.8798283 ], [ -74.2518006, 4.8797557 ], [ -74.251854, 4.8797116 ], [ -74.2519482, 4.8796548 ], [ -74.2520205, 4.8795949 ], [ -74.2521147, 4.8795192 ], [ -74.252187, 4.8794751 ], [ -74.2523033, 4.8793963 ], [ -74.2524384, 4.8793584 ], [ -74.2525641, 4.8793016 ], [ -74.2526332, 4.8792228 ], [ -74.2526488, 4.8790747 ], [ -74.2525734, 4.8790117 ], [ -74.2524854, 4.8789612 ], [ -74.2523283, 4.8789046 ], [ -74.2522748, 4.8788699 ], [ -74.2522277, 4.8788132 ], [ -74.2521994, 4.8787627 ], [ -74.2522433, 4.8785516 ], [ -74.2523721, 4.8783939 ], [ -74.2525638, 4.8783119 ], [ -74.2527523, 4.8783119 ], [ -74.2528875, 4.8783055 ], [ -74.2529629, 4.8782582 ], [ -74.2530446, 4.8781983 ], [ -74.2530917, 4.8781731 ], [ -74.2531702, 4.8781258 ], [ -74.2532488, 4.8780943 ], [ -74.2532959, 4.8780186 ], [ -74.2533116, 4.8778641 ], [ -74.2533744, 4.8777601 ], [ -74.2534844, 4.877675 ], [ -74.2535723, 4.8775709 ], [ -74.2535974, 4.8773377 ], [ -74.2536162, 4.8771013 ], [ -74.2536036, 4.8769468 ], [ -74.2535533, 4.8768523 ], [ -74.2534967, 4.8768082 ], [ -74.2534307, 4.8767546 ], [ -74.253349, 4.8767074 ], [ -74.2533301, 4.8766096 ], [ -74.2533741, 4.8764457 ], [ -74.253374, 4.8763291 ], [ -74.2533614, 4.8762409 ], [ -74.2533363, 4.8761684 ], [ -74.2532734, 4.8761022 ], [ -74.2532168, 4.8760612 ], [ -74.2530754, 4.8760203 ], [ -74.2529528, 4.8758848 ], [ -74.2528491, 4.8757997 ], [ -74.2527517, 4.8757714 ], [ -74.2526637, 4.875784 ], [ -74.2525757, 4.8757872 ], [ -74.2524626, 4.8757746 ], [ -74.2523997, 4.8757336 ], [ -74.2523557, 4.8756801 ], [ -74.2522771, 4.8756076 ], [ -74.2522426, 4.8755887 ], [ -74.2520917, 4.8755635 ], [ -74.2519849, 4.8755383 ], [ -74.2518969, 4.8754532 ], [ -74.2519157, 4.8753429 ], [ -74.2520665, 4.8751443 ], [ -74.2522566, 4.8751269 ], [ -74.2522754, 4.8751048 ], [ -74.2522895, 4.8747692 ], [ -74.2522895, 4.8746494 ], [ -74.2523272, 4.8746115 ], [ -74.2523649, 4.8745611 ], [ -74.2524214, 4.8744539 ], [ -74.2524591, 4.8743152 ], [ -74.2524716, 4.8741513 ], [ -74.2524715, 4.8739055 ], [ -74.2524212, 4.8738172 ], [ -74.2523395, 4.8736975 ], [ -74.2523018, 4.8736281 ], [ -74.2522892, 4.8735336 ], [ -74.2522451, 4.8733256 ], [ -74.2521886, 4.873294 ], [ -74.2520566, 4.8734012 ], [ -74.2519498, 4.873395 ], [ -74.2518806, 4.8733067 ], [ -74.25189, 4.8731082 ], [ -74.2520785, 4.8728749 ], [ -74.2521319, 4.8727677 ], [ -74.2521224, 4.8726069 ], [ -74.2521695, 4.8724241 ], [ -74.2522511, 4.8723043 ], [ -74.2523312, 4.8721845 ], [ -74.2524035, 4.8720884 ], [ -74.2524522, 4.8720095 ], [ -74.252438, 4.871915 ], [ -74.2523909, 4.8718504 ], [ -74.2523704, 4.8717574 ], [ -74.2523405, 4.8716211 ], [ -74.2523507, 4.8715675 ], [ -74.2523908, 4.8715178 ], [ -74.2525015, 4.8714642 ], [ -74.2526822, 4.8714673 ], [ -74.2527647, 4.871502 ], [ -74.2528315, 4.871539 ], [ -74.2529328, 4.8715555 ], [ -74.2530138, 4.8716012 ], [ -74.253079, 4.8716493 ], [ -74.2531214, 4.871717 ], [ -74.2531654, 4.8717714 ], [ -74.253189, 4.8718116 ], [ -74.2532095, 4.8718636 ], [ -74.2531883, 4.8719684 ], [ -74.2531851, 4.8720157 ], [ -74.2532134, 4.8720653 ], [ -74.2532763, 4.8720802 ], [ -74.2533651, 4.8720889 ], [ -74.2535033, 4.8720849 ], [ -74.2538152, 4.8720919 ], [ -74.253981, 4.8721502 ], [ -74.2541381, 4.8722258 ], [ -74.254289, 4.8723046 ], [ -74.2544556, 4.8724369 ], [ -74.254575, 4.872522 ], [ -74.254861, 4.8727551 ], [ -74.2548956, 4.8728686 ], [ -74.2549114, 4.8729632 ], [ -74.254968, 4.8731207 ], [ -74.2551251, 4.8732531 ], [ -74.2552351, 4.8733129 ], [ -74.2553734, 4.8733413 ], [ -74.2555494, 4.8733854 ], [ -74.2555997, 4.8733948 ], [ -74.2557662, 4.8734578 ], [ -74.2558951, 4.8735019 ], [ -74.2560711, 4.8735806 ], [ -74.2561591, 4.8736405 ], [ -74.2563099, 4.8738107 ], [ -74.2563885, 4.8739493 ], [ -74.25642, 4.874088 ], [ -74.2564452, 4.8742236 ], [ -74.2564578, 4.8743465 ], [ -74.256483, 4.874482 ], [ -74.2565333, 4.8745986 ], [ -74.2566464, 4.8746742 ], [ -74.2567344, 4.8746458 ], [ -74.2568096, 4.8745476 ], [ -74.2568663, 4.8744 ], [ -74.2568788, 4.8741289 ], [ -74.2568567, 4.8738862 ], [ -74.2568441, 4.8737286 ], [ -74.2567938, 4.8735111 ], [ -74.2567812, 4.8733976 ], [ -74.2567183, 4.8732747 ], [ -74.2566806, 4.8732369 ], [ -74.2566272, 4.873196 ], [ -74.2565329, 4.8731298 ], [ -74.2564323, 4.8730762 ], [ -74.2563317, 4.8730069 ], [ -74.2562343, 4.8728872 ], [ -74.2561808, 4.8728052 ], [ -74.2561431, 4.8727832 ], [ -74.2560143, 4.8727738 ], [ -74.2559703, 4.8727328 ], [ -74.255942, 4.872654 ], [ -74.2558791, 4.872591 ], [ -74.2558414, 4.8725437 ], [ -74.2557722, 4.872446 ], [ -74.2557753, 4.8723199 ], [ -74.2558224, 4.8721466 ], [ -74.2558161, 4.8720425 ], [ -74.2557281, 4.8719764 ], [ -74.255703, 4.8719764 ], [ -74.2555458, 4.8719323 ], [ -74.2554893, 4.8718504 ], [ -74.2554704, 4.8717558 ], [ -74.2555238, 4.871636 ], [ -74.2556463, 4.871532 ], [ -74.2558159, 4.8713554 ], [ -74.2558945, 4.8712009 ], [ -74.2559321, 4.8710339 ], [ -74.255969, 4.8709094 ], [ -74.2560201, 4.8708432 ], [ -74.256108, 4.8707549 ], [ -74.2562808, 4.8707146 ], [ -74.2563594, 4.8706579 ], [ -74.2563751, 4.8705854 ], [ -74.2563185, 4.8704278 ], [ -74.2561676, 4.8703018 ], [ -74.2560702, 4.870182 ], [ -74.2560733, 4.8700591 ], [ -74.2560481, 4.8699046 ], [ -74.2560417, 4.8696462 ], [ -74.2558783, 4.8694004 ], [ -74.2558091, 4.8692806 ], [ -74.2557902, 4.8690474 ], [ -74.255787, 4.8688961 ], [ -74.255743, 4.8687164 ], [ -74.2557524, 4.8685777 ], [ -74.2557743, 4.8684895 ], [ -74.2558372, 4.8684075 ], [ -74.2559471, 4.8683381 ], [ -74.256032, 4.8682845 ], [ -74.2560885, 4.8681963 ], [ -74.2561246, 4.8680906 ], [ -74.2561261, 4.8679803 ], [ -74.2562455, 4.8677723 ], [ -74.2563146, 4.8676871 ], [ -74.2563609, 4.8676115 ], [ -74.2563845, 4.8674917 ], [ -74.2564725, 4.8674342 ], [ -74.2565816, 4.8674318 ], [ -74.2567223, 4.8673923 ], [ -74.2567992, 4.8673537 ], [ -74.2568542, 4.8673095 ], [ -74.2569139, 4.8673466 ], [ -74.2569218, 4.8674025 ], [ -74.2570303, 4.8675467 ], [ -74.2570468, 4.867646 ], [ -74.2570971, 4.86775 ], [ -74.2571631, 4.867813 ], [ -74.2573909, 4.8678255 ], [ -74.2575826, 4.8678208 ], [ -74.2577727, 4.8677403 ], [ -74.2579204, 4.867641 ], [ -74.258068, 4.8675259 ], [ -74.2581293, 4.867414 ], [ -74.2582549, 4.8672863 ], [ -74.2584089, 4.8671996 ], [ -74.2585848, 4.8671223 ], [ -74.2587938, 4.8671333 ], [ -74.2592306, 4.8671474 ], [ -74.259416, 4.8671268 ], [ -74.2596029, 4.8670598 ], [ -74.2596642, 4.8670212 ], [ -74.2598323, 4.8669171 ], [ -74.2598943, 4.8668501 ], [ -74.2599462, 4.8667815 ], [ -74.2600059, 4.8666996 ], [ -74.2601064, 4.8666586 ], [ -74.260159, 4.8666625 ], [ -74.2602572, 4.8667192 ], [ -74.2603146, 4.8668098 ], [ -74.2603469, 4.8669099 ], [ -74.260394, 4.8669997 ], [ -74.2604757, 4.8670194 ], [ -74.2606038, 4.8670351 ], [ -74.2607044, 4.8671265 ], [ -74.2608866, 4.8671706 ], [ -74.261028, 4.8671989 ], [ -74.2611506, 4.8672682 ], [ -74.2612732, 4.8673028 ], [ -74.26138, 4.8672083 ], [ -74.261424, 4.8670979 ], [ -74.261449, 4.8669214 ], [ -74.261427, 4.8668016 ], [ -74.2613516, 4.8666945 ], [ -74.2613296, 4.8665999 ], [ -74.2614364, 4.8665306 ], [ -74.2615432, 4.8666156 ], [ -74.2615967, 4.8667385 ], [ -74.2616439, 4.8668835 ], [ -74.2616565, 4.8670317 ], [ -74.2617005, 4.8671388 ], [ -74.2617697, 4.8672712 ], [ -74.2618389, 4.8674824 ], [ -74.2619458, 4.8676998 ], [ -74.2619427, 4.8679992 ], [ -74.2619208, 4.8682514 ], [ -74.2618831, 4.8683807 ], [ -74.26188, 4.8685067 ], [ -74.2619648, 4.8685477 ], [ -74.2620779, 4.868431 ], [ -74.2621879, 4.8682734 ], [ -74.2622444, 4.8681505 ], [ -74.2624329, 4.8680117 ], [ -74.2626057, 4.8680306 ], [ -74.262722, 4.8680904 ], [ -74.2628635, 4.8681818 ], [ -74.262854, 4.8680904 ], [ -74.2628226, 4.8680274 ], [ -74.2626623, 4.8678887 ], [ -74.262612, 4.8678005 ], [ -74.2626182, 4.8677059 ], [ -74.2626685, 4.8675924 ], [ -74.2627564, 4.8674758 ], [ -74.2628632, 4.8673465 ], [ -74.2628962, 4.8672362 ], [ -74.2629464, 4.8670739 ], [ -74.2629857, 4.8669367 ], [ -74.2630186, 4.8668185 ], [ -74.2630767, 4.8666924 ], [ -74.2631191, 4.8665853 ], [ -74.2631694, 4.8665159 ], [ -74.2632605, 4.8665048 ], [ -74.2633391, 4.8665316 ], [ -74.2634224, 4.8665647 ], [ -74.2634946, 4.8666025 ], [ -74.2635779, 4.8666403 ], [ -74.2636958, 4.866686 ], [ -74.2637634, 4.866738 ], [ -74.2638561, 4.8668104 ], [ -74.2639362, 4.8668262 ], [ -74.2639613, 4.8667789 ], [ -74.2639362, 4.8667269 ], [ -74.2638607, 4.8666449 ], [ -74.2638356, 4.8665914 ], [ -74.2638623, 4.8664353 ], [ -74.2638999, 4.8663455 ], [ -74.2639738, 4.8662446 ], [ -74.2641026, 4.8660917 ], [ -74.2642314, 4.8660633 ], [ -74.2643571, 4.8660633 ], [ -74.2644812, 4.8660774 ], [ -74.2646352, 4.8661373 ], [ -74.2647688, 4.866175 ], [ -74.2649569, 4.8661801 ], [ -74.2651062, 4.866158 ], [ -74.2652601, 4.8661327 ], [ -74.2653465, 4.8660933 ], [ -74.2654125, 4.8660539 ], [ -74.2655021, 4.8659751 ], [ -74.265568, 4.8659089 ], [ -74.2656811, 4.8658947 ], [ -74.2658257, 4.8658978 ], [ -74.2659105, 4.8658741 ], [ -74.265832, 4.8658284 ], [ -74.2656968, 4.8658158 ], [ -74.2655036, 4.8658096 ], [ -74.2653527, 4.8658081 ], [ -74.265304, 4.865775 ], [ -74.2652632, 4.865712 ], [ -74.265183, 4.8656899 ], [ -74.2650903, 4.8656852 ], [ -74.2650275, 4.8656726 ], [ -74.264941, 4.8656206 ], [ -74.2648326, 4.865482 ], [ -74.2647886, 4.8654032 ], [ -74.2647178, 4.8652834 ], [ -74.264622, 4.8651999 ], [ -74.2644083, 4.8651196 ], [ -74.26427, 4.8650692 ], [ -74.2641521, 4.8650283 ], [ -74.2640594, 4.8649842 ], [ -74.2640091, 4.8649369 ], [ -74.2640044, 4.8647951 ], [ -74.2639997, 4.8647115 ], [ -74.263998, 4.8645792 ], [ -74.2640106, 4.8644625 ], [ -74.2639901, 4.8643932 ], [ -74.2639335, 4.8642845 ], [ -74.2639351, 4.8641946 ], [ -74.2639838, 4.8641253 ], [ -74.2640717, 4.8640291 ], [ -74.264144, 4.8639156 ], [ -74.2642744, 4.8638037 ], [ -74.2643843, 4.863758 ], [ -74.264455, 4.8637091 ], [ -74.2645053, 4.8636334 ], [ -74.2645241, 4.8635168 ], [ -74.2646058, 4.8634396 ], [ -74.2646953, 4.8633592 ], [ -74.2647817, 4.8632866 ], [ -74.2648697, 4.8631747 ], [ -74.2648838, 4.8630581 ], [ -74.2650236, 4.8629635 ], [ -74.265143, 4.862902 ], [ -74.2651964, 4.8628342 ], [ -74.2652011, 4.8627333 ], [ -74.2652104, 4.8625994 ], [ -74.2652796, 4.8625521 ], [ -74.2654587, 4.8624606 ], [ -74.2655843, 4.862366 ], [ -74.2656471, 4.8622872 ], [ -74.2656855, 4.8622207 ], [ -74.2660466, 4.8628391 ], [ -74.2669824, 4.8624569 ], [ -74.2671752, 4.8631149 ], [ -74.2676249, 4.8633955 ], [ -74.2674598, 4.863598 ], [ -74.2680012, 4.8639936 ], [ -74.2679943, 4.8640522 ], [ -74.267733, 4.8646034 ], [ -74.2677353, 4.8647023 ], [ -74.2694627, 4.8653276 ], [ -74.2697026, 4.8651687 ], [ -74.270047, 4.8654272 ], [ -74.2694405, 4.8662866 ], [ -74.2695986, 4.8664503 ], [ -74.2696957, 4.8673121 ], [ -74.2703638, 4.8673784 ], [ -74.2703587, 4.8675855 ], [ -74.2704684, 4.8677083 ], [ -74.2713809, 4.8667873 ], [ -74.2713668, 4.8662589 ], [ -74.2724541, 4.8664012 ], [ -74.2728992, 4.8667462 ], [ -74.2736378, 4.8668978 ], [ -74.2739497, 4.8666171 ], [ -74.2740041, 4.8666067 ], [ -74.2741624, 4.8666204 ], [ -74.2743706, 4.8666693 ], [ -74.2745725, 4.8667544 ], [ -74.2747147, 4.8668555 ], [ -74.2747996, 4.8669383 ], [ -74.2749946, 4.8671293 ], [ -74.2750772, 4.8672765 ], [ -74.2751851, 4.8675663 ], [ -74.2752196, 4.8676676 ], [ -74.2753389, 4.8678263 ], [ -74.2756349, 4.8681782 ], [ -74.2758345, 4.8683806 ], [ -74.2760341, 4.868636 ], [ -74.2794838, 4.8676515 ], [ -74.2798741, 4.8681952 ], [ -74.2799228, 4.8682626 ], [ -74.2800508, 4.8684395 ] ], [ [ -74.2555482, 4.8805868 ], [ -74.2545026, 4.8820274 ], [ -74.2552047, 4.8827772 ], [ -74.2552185, 4.8829797 ], [ -74.2558884, 4.8833154 ], [ -74.2561316, 4.8834948 ], [ -74.2564574, 4.8838353 ], [ -74.2568517, 4.8829701 ], [ -74.257306, 4.8832046 ], [ -74.2587274, 4.8805468 ], [ -74.2574147, 4.8780508 ], [ -74.2553692, 4.8803798 ], [ -74.2555482, 4.8805868 ] ] ] ] } },
{ "type": "Feature", "properties": { "MpNombre": "Area Forestal Protec Produ", "Clas_CIAF": "5a" }, "geometry": { "type": "MultiPolygon", "coordinates": [ [ [ [ -74.282371, 4.8696449 ], [ -74.2825982, 4.8698473 ], [ -74.2827917, 4.8701341 ], [ -74.2830777, 4.8703703 ], [ -74.2833217, 4.8705136 ], [ -74.2835993, 4.8706232 ], [ -74.2840283, 4.8709774 ], [ -74.2842723, 4.8711629 ], [ -74.2848107, 4.8716521 ], [ -74.2853071, 4.8721075 ], [ -74.2854501, 4.872293 ], [ -74.2856521, 4.8727738 ], [ -74.28577, 4.873204 ], [ -74.2858375, 4.8737018 ], [ -74.2858459, 4.8739211 ], [ -74.2858208, 4.874132 ], [ -74.2856821, 4.8744611 ], [ -74.2855728, 4.8746973 ], [ -74.2855098, 4.874845 ], [ -74.2854342, 4.8750306 ], [ -74.2853879, 4.8751066 ], [ -74.2853123, 4.8752205 ], [ -74.2852282, 4.8753386 ], [ -74.2851399, 4.8754694 ], [ -74.2850601, 4.8756044 ], [ -74.2849045, 4.8757816 ], [ -74.2848162, 4.8759377 ], [ -74.284728, 4.8760643 ], [ -74.2846145, 4.8762331 ], [ -74.2845346, 4.8763217 ], [ -74.2844589, 4.876444 ], [ -74.2844001, 4.8765832 ], [ -74.2843245, 4.8767225 ], [ -74.2842404, 4.8768975 ], [ -74.2841542, 4.8770557 ], [ -74.2840345, 4.8773152 ], [ -74.2839672, 4.8773743 ], [ -74.2838642, 4.8775051 ], [ -74.2836982, 4.8777392 ], [ -74.2835048, 4.8780388 ], [ -74.2834123, 4.8781991 ], [ -74.2832694, 4.8783637 ], [ -74.2831012, 4.8785324 ], [ -74.2829583, 4.8787307 ], [ -74.2827818, 4.8789543 ], [ -74.2826262, 4.8791273 ], [ -74.2824287, 4.8794395 ], [ -74.2823488, 4.8796167 ], [ -74.2822689, 4.879756 ], [ -74.2821134, 4.8799121 ], [ -74.2820378, 4.880085 ], [ -74.2819622, 4.8804478 ], [ -74.2819497, 4.8810763 ], [ -74.2819667, 4.8815235 ], [ -74.2820046, 4.8817344 ], [ -74.2821729, 4.8820296 ], [ -74.2822739, 4.8822616 ], [ -74.2823834, 4.8826032 ], [ -74.2824802, 4.8830376 ], [ -74.2825434, 4.8833877 ], [ -74.2825687, 4.883548 ], [ -74.2826445, 4.8839867 ], [ -74.2827287, 4.8843916 ], [ -74.282813, 4.8847712 ], [ -74.282914, 4.8852352 ], [ -74.2829058, 4.8859438 ], [ -74.2828387, 4.8863994 ], [ -74.2827631, 4.8867032 ], [ -74.2826707, 4.8871587 ], [ -74.2825615, 4.8876903 ], [ -74.2825112, 4.8881712 ], [ -74.2825112, 4.888264 ], [ -74.2824945, 4.8885508 ], [ -74.2824609, 4.8887195 ], [ -74.2824357, 4.8888967 ], [ -74.2823349, 4.8890823 ], [ -74.2822087, 4.8892258 ], [ -74.2820406, 4.8893693 ], [ -74.2817379, 4.8896815 ], [ -74.2815781, 4.8898165 ], [ -74.2813847, 4.8899769 ], [ -74.2812754, 4.8901963 ], [ -74.2812082, 4.8904325 ], [ -74.2811158, 4.8907109 ], [ -74.2810486, 4.8910822 ], [ -74.2810319, 4.8914027 ], [ -74.2809563, 4.8917908 ], [ -74.2808639, 4.8923645 ], [ -74.2807884, 4.8927526 ], [ -74.2806876, 4.8932842 ], [ -74.2805699, 4.8935626 ], [ -74.2804859, 4.893782 ], [ -74.2804775, 4.8939507 ], [ -74.2804355, 4.8941532 ], [ -74.2804104, 4.8944485 ], [ -74.2802928, 4.8948956 ], [ -74.280192, 4.8954862 ], [ -74.2801752, 4.8956971 ], [ -74.2801165, 4.8961105 ], [ -74.2800577, 4.8963974 ], [ -74.2799737, 4.8966674 ], [ -74.2798308, 4.8970555 ], [ -74.2797047, 4.8973255 ], [ -74.2795871, 4.8977094 ], [ -74.2794526, 4.8979583 ], [ -74.2793812, 4.8982114 ], [ -74.2793139, 4.8984054 ], [ -74.2792509, 4.8986459 ], [ -74.2791585, 4.8989201 ], [ -74.2790997, 4.8991479 ], [ -74.2790619, 4.8992956 ], [ -74.2790157, 4.899498 ], [ -74.2789359, 4.8998524 ], [ -74.2789149, 4.9000169 ], [ -74.2788308, 4.9002068 ], [ -74.2786963, 4.9003544 ], [ -74.2785155, 4.9003714 ], [ -74.278322, 4.9003124 ], [ -74.2781622, 4.9002238 ], [ -74.2780444, 4.9001437 ], [ -74.2777416, 4.9000468 ], [ -74.2775229, 4.9000047 ], [ -74.2773673, 4.9000005 ], [ -74.2772117, 4.9000174 ], [ -74.2770771, 4.9000554 ], [ -74.2768374, 4.9001103 ], [ -74.2765388, 4.9001695 ], [ -74.2762697, 4.9002666 ], [ -74.2757188, 4.9002541 ], [ -74.2756557, 4.9002499 ], [ -74.2755968, 4.9002204 ], [ -74.2755043, 4.9001529 ], [ -74.2754075, 4.900077 ], [ -74.2753276, 4.9000264 ], [ -74.2752645, 4.8999885 ], [ -74.2751509, 4.8999041 ], [ -74.2751089, 4.8998493 ], [ -74.2750331, 4.8997692 ], [ -74.2749364, 4.8996427 ], [ -74.2748648, 4.8995372 ], [ -74.2747597, 4.8994065 ], [ -74.2745535, 4.8992336 ], [ -74.2743853, 4.8991746 ], [ -74.2742297, 4.8991662 ], [ -74.273969, 4.8991958 ], [ -74.273826, 4.8991959 ], [ -74.2737166, 4.8991748 ], [ -74.2736073, 4.899158 ], [ -74.2735232, 4.8991327 ], [ -74.2734432, 4.899099 ], [ -74.2733465, 4.8990484 ], [ -74.2733002, 4.8990146 ], [ -74.2731951, 4.8989725 ], [ -74.2731152, 4.8989641 ], [ -74.2730521, 4.898981 ], [ -74.2729596, 4.899019 ], [ -74.2728839, 4.8990654 ], [ -74.2728124, 4.8991245 ], [ -74.2727452, 4.8991962 ], [ -74.27264, 4.8992806 ], [ -74.2725896, 4.8993439 ], [ -74.2725055, 4.899462 ], [ -74.2723836, 4.8996097 ], [ -74.2722911, 4.8997278 ], [ -74.2721818, 4.8999303 ], [ -74.2720347, 4.9002088 ], [ -74.2719633, 4.9003142 ], [ -74.271854, 4.9004746 ], [ -74.2717699, 4.9005716 ], [ -74.271669, 4.9006982 ], [ -74.2716059, 4.9008332 ], [ -74.2715765, 4.9009471 ], [ -74.2715387, 4.9010652 ], [ -74.271442, 4.9012424 ], [ -74.2712949, 4.9014407 ], [ -74.2712066, 4.9015883 ], [ -74.2710805, 4.9017234 ], [ -74.2708913, 4.9018626 ], [ -74.2707315, 4.9020061 ], [ -74.2705213, 4.9021411 ], [ -74.2704456, 4.9021918 ], [ -74.2702774, 4.9023437 ], [ -74.2702228, 4.9024829 ], [ -74.2700211, 4.9030018 ], [ -74.2698782, 4.903238 ], [ -74.2697941, 4.9033477 ], [ -74.2696848, 4.9034406 ], [ -74.2695586, 4.9035418 ], [ -74.2693652, 4.9036263 ], [ -74.2692138, 4.9036938 ], [ -74.2691381, 4.9038035 ], [ -74.2689784, 4.9039216 ], [ -74.2687681, 4.9040483 ], [ -74.2685579, 4.9040989 ], [ -74.2683981, 4.9041496 ], [ -74.2682299, 4.9041918 ], [ -74.2679944, 4.9042594 ], [ -74.2679103, 4.9042932 ], [ -74.2678851, 4.9043944 ], [ -74.2679776, 4.9044787 ], [ -74.2681122, 4.9045799 ], [ -74.2682973, 4.9047402 ], [ -74.268474, 4.9049426 ], [ -74.2686086, 4.9051577 ], [ -74.2686549, 4.9053222 ], [ -74.2686844, 4.9055457 ], [ -74.2686551, 4.9057904 ], [ -74.2686215, 4.9060266 ], [ -74.2685669, 4.9062291 ], [ -74.2685291, 4.9063936 ], [ -74.2685292, 4.9067226 ], [ -74.2685797, 4.9070053 ], [ -74.2686008, 4.9073132 ], [ -74.2686135, 4.9075705 ], [ -74.2686094, 4.9078025 ], [ -74.2685674, 4.9080134 ], [ -74.2684959, 4.9081695 ], [ -74.2684161, 4.9083804 ], [ -74.2683741, 4.9084479 ], [ -74.2683195, 4.908739 ], [ -74.2683363, 4.908874 ], [ -74.2683869, 4.9091481 ], [ -74.2684079, 4.9093337 ], [ -74.2684459, 4.9095615 ], [ -74.2685175, 4.9100044 ], [ -74.2683998, 4.9104178 ], [ -74.2681855, 4.9108566 ], [ -74.2679543, 4.9112278 ], [ -74.2679347, 4.911257 ], [ -74.2678282, 4.9114177 ], [ -74.267723, 4.9114768 ], [ -74.2676137, 4.9115063 ], [ -74.267517, 4.9115443 ], [ -74.2673782, 4.9115823 ], [ -74.2672563, 4.9115908 ], [ -74.2671932, 4.9115697 ], [ -74.267046, 4.9115065 ], [ -74.2670627, 4.911342 ], [ -74.2671174, 4.9112028 ], [ -74.267193, 4.9110467 ], [ -74.267235, 4.9108526 ], [ -74.2672644, 4.9106923 ], [ -74.2672854, 4.9105616 ], [ -74.2672896, 4.9104308 ], [ -74.2664818, 4.909368 ], [ -74.2656364, 4.9089064 ], [ -74.2655606, 4.9088769 ], [ -74.2654912, 4.9088642 ], [ -74.265466, 4.9088748 ], [ -74.2654366, 4.9089381 ], [ -74.2654303, 4.9090224 ], [ -74.2653967, 4.9091321 ], [ -74.2653589, 4.9092334 ], [ -74.2652706, 4.9094654 ], [ -74.2652265, 4.9096257 ], [ -74.2651572, 4.9098303 ], [ -74.265071, 4.9100644 ], [ -74.2649996, 4.9102522 ], [ -74.2649723, 4.9103555 ], [ -74.2649786, 4.9104251 ], [ -74.2649996, 4.9104947 ], [ -74.2650417, 4.9106128 ], [ -74.2651007, 4.9108511 ], [ -74.2651639, 4.9112223 ], [ -74.2652355, 4.9116188 ], [ -74.2652651, 4.9121503 ], [ -74.2652736, 4.9126396 ], [ -74.2652149, 4.9131036 ], [ -74.2649879, 4.9137701 ], [ -74.2642774, 4.9144874 ], [ -74.2636134, 4.9161454 ], [ -74.2627011, 4.9172845 ], [ -74.2626154, 4.9191511 ], [ -74.2622012, 4.9193284 ], [ -74.2619488, 4.9193643 ], [ -74.2616545, 4.9194403 ], [ -74.2611666, 4.9195248 ], [ -74.2598803, 4.9215836 ], [ -74.2590478, 4.9224191 ], [ -74.2567873, 4.9229026 ], [ -74.2565981, 4.9229428 ], [ -74.256289, 4.9230125 ], [ -74.2560829, 4.9230779 ], [ -74.2560051, 4.9230969 ], [ -74.2559694, 4.9231053 ], [ -74.2559442, 4.9230843 ], [ -74.2559063, 4.923021 ], [ -74.2558621, 4.9229451 ], [ -74.2558306, 4.9228966 ], [ -74.2558053, 4.9228502 ], [ -74.2557801, 4.9227996 ], [ -74.255738, 4.9227215 ], [ -74.255698, 4.9226562 ], [ -74.2556391, 4.9225592 ], [ -74.2555991, 4.9224748 ], [ -74.2555465, 4.9224031 ], [ -74.2555087, 4.9223483 ], [ -74.2554771, 4.9222576 ], [ -74.2554834, 4.9221775 ], [ -74.2555044, 4.9221036 ], [ -74.2555506, 4.9219665 ], [ -74.2555906, 4.9218315 ], [ -74.2556284, 4.921705 ], [ -74.2556662, 4.9215974 ], [ -74.2557061, 4.9214793 ], [ -74.2557271, 4.9213549 ], [ -74.2557965, 4.9211671 ], [ -74.2558343, 4.9210511 ], [ -74.2559015, 4.9209119 ], [ -74.2560361, 4.9207684 ], [ -74.2561244, 4.9206756 ], [ -74.2562841, 4.9205069 ], [ -74.2564944, 4.9202959 ], [ -74.2566373, 4.9201524 ], [ -74.2567424, 4.9200216 ], [ -74.2568139, 4.9199162 ], [ -74.2569106, 4.9197812 ], [ -74.2570283, 4.9196251 ], [ -74.257125, 4.9195111 ], [ -74.2572301, 4.9193382 ], [ -74.2573016, 4.9192538 ], [ -74.2574445, 4.9191188 ], [ -74.2575496, 4.9190301 ], [ -74.2576253, 4.9189626 ], [ -74.2577304, 4.9188529 ], [ -74.2578524, 4.9187221 ], [ -74.2579827, 4.9185871 ], [ -74.2581383, 4.918431 ], [ -74.2583401, 4.9182411 ], [ -74.2585587, 4.918047 ], [ -74.2587563, 4.917874 ], [ -74.2589035, 4.9177137 ], [ -74.2590254, 4.9175913 ], [ -74.2591263, 4.9175365 ], [ -74.2592731, 4.9160432 ], [ -74.2592647, 4.9159378 ], [ -74.2592352, 4.9158281 ], [ -74.2591595, 4.9157058 ], [ -74.2590796, 4.9155666 ], [ -74.2589744, 4.9153431 ], [ -74.2588481, 4.9151322 ], [ -74.2588145, 4.9150352 ], [ -74.2587682, 4.9149129 ], [ -74.2587345, 4.9148032 ], [ -74.2586924, 4.9145923 ], [ -74.2586418, 4.9143603 ], [ -74.2585871, 4.9141705 ], [ -74.2585366, 4.9139427 ], [ -74.2584987, 4.9137656 ], [ -74.2584482, 4.913542 ], [ -74.2584439, 4.9134028 ], [ -74.2585028, 4.9132552 ], [ -74.2585868, 4.9131244 ], [ -74.2587634, 4.912943 ], [ -74.2589295, 4.9127594 ], [ -74.2590346, 4.9126645 ], [ -74.2591544, 4.9125464 ], [ -74.2592785, 4.9124704 ], [ -74.2593794, 4.9124071 ], [ -74.2594803, 4.9123607 ], [ -74.2595728, 4.91231 ], [ -74.2596359, 4.9122657 ], [ -74.2596906, 4.9122193 ], [ -74.2597389, 4.9121602 ], [ -74.259762, 4.9121244 ], [ -74.2598377, 4.9120252 ], [ -74.2599008, 4.9119451 ], [ -74.2600164, 4.9118586 ], [ -74.2601594, 4.9118079 ], [ -74.2603318, 4.9117699 ], [ -74.2607355, 4.9116707 ], [ -74.2609584, 4.9116221 ], [ -74.2611119, 4.9115925 ], [ -74.2612317, 4.9115545 ], [ -74.2613179, 4.911506 ], [ -74.2618855, 4.9108478 ], [ -74.2618979, 4.9100042 ], [ -74.2607036, 4.9105212 ], [ -74.2606868, 4.9104284 ], [ -74.2606279, 4.9103356 ], [ -74.2604764, 4.910091 ], [ -74.2605016, 4.9099729 ], [ -74.2605352, 4.9098463 ], [ -74.2605689, 4.9097704 ], [ -74.2606698, 4.9096523 ], [ -74.2607454, 4.9095173 ], [ -74.2608295, 4.9093063 ], [ -74.2608631, 4.9092051 ], [ -74.2609219, 4.9089773 ], [ -74.2609639, 4.9088086 ], [ -74.2609639, 4.9086314 ], [ -74.2610143, 4.908412 ], [ -74.2610647, 4.9082095 ], [ -74.2610983, 4.9079227 ], [ -74.2611277, 4.9078088 ], [ -74.2611487, 4.9076401 ], [ -74.261157, 4.907484 ], [ -74.261178, 4.9073659 ], [ -74.2612116, 4.9072224 ], [ -74.2612326, 4.9070748 ], [ -74.2612704, 4.9068386 ], [ -74.2612788, 4.9066783 ], [ -74.2612829, 4.9066108 ], [ -74.2612997, 4.90648 ], [ -74.261325, 4.9064125 ], [ -74.261367, 4.9063282 ], [ -74.2614006, 4.9062649 ], [ -74.2614679, 4.9062058 ], [ -74.2615814, 4.9061172 ], [ -74.2616949, 4.9060328 ], [ -74.2618211, 4.9059104 ], [ -74.2619808, 4.9057881 ], [ -74.2622625, 4.9055307 ], [ -74.2623088, 4.9054885 ], [ -74.2624265, 4.9053745 ], [ -74.26254, 4.9052522 ], [ -74.2626578, 4.9050919 ], [ -74.2627334, 4.9049737 ], [ -74.2627797, 4.904902 ], [ -74.2628343, 4.9047965 ], [ -74.2628637, 4.904708 ], [ -74.2629268, 4.904573 ], [ -74.2630192, 4.9043241 ], [ -74.2631117, 4.9040077 ], [ -74.2631747, 4.9038263 ], [ -74.2632419, 4.9036449 ], [ -74.2632965, 4.9034593 ], [ -74.263347, 4.9032821 ], [ -74.263347, 4.9032441 ], [ -74.2633469, 4.9030459 ], [ -74.263351, 4.9027843 ], [ -74.2633552, 4.9026198 ], [ -74.2633509, 4.9024173 ], [ -74.2633971, 4.9020672 ], [ -74.2634391, 4.901831 ], [ -74.2634481, 4.9016857 ], [ -74.2635194, 4.9012555 ], [ -74.2635489, 4.9012048 ], [ -74.263553, 4.9010108 ], [ -74.2635993, 4.9009433 ], [ -74.2636791, 4.9008842 ], [ -74.2639062, 4.9007112 ], [ -74.2639861, 4.900669 ], [ -74.2641375, 4.9005888 ], [ -74.2642131, 4.9005213 ], [ -74.2642846, 4.9004664 ], [ -74.2643813, 4.9004284 ], [ -74.2645622, 4.9004073 ], [ -74.2647346, 4.9003988 ], [ -74.264865, 4.9003988 ], [ -74.2651509, 4.9003903 ], [ -74.2652939, 4.9003607 ], [ -74.2654201, 4.9002974 ], [ -74.2654705, 4.9002046 ], [ -74.2654999, 4.900116 ], [ -74.2655041, 4.8999768 ], [ -74.265462, 4.899787 ], [ -74.2654493, 4.8996731 ], [ -74.2654619, 4.8995761 ], [ -74.2655334, 4.8994917 ], [ -74.2655586, 4.8994748 ], [ -74.2656385, 4.8994031 ], [ -74.265609, 4.8993103 ], [ -74.2655543, 4.8991584 ], [ -74.2655249, 4.8990699 ], [ -74.2655291, 4.8989982 ], [ -74.2655416, 4.8988927 ], [ -74.2656173, 4.8987704 ], [ -74.2656257, 4.8986607 ], [ -74.2656257, 4.8985426 ], [ -74.2656256, 4.8984919 ], [ -74.2656635, 4.8984708 ], [ -74.2657266, 4.8984202 ], [ -74.265777, 4.898378 ], [ -74.2658275, 4.8983527 ], [ -74.2658695, 4.8983105 ], [ -74.2658989, 4.8982767 ], [ -74.2659284, 4.8981924 ], [ -74.2659452, 4.8981628 ], [ -74.2659746, 4.8980869 ], [ -74.2659956, 4.8980194 ], [ -74.2659998, 4.8979983 ], [ -74.2660629, 4.8979392 ], [ -74.2660923, 4.8978928 ], [ -74.2661301, 4.8978675 ], [ -74.2661469, 4.8978211 ], [ -74.2661974, 4.8977536 ], [ -74.2662058, 4.897703 ], [ -74.266273, 4.8976355 ], [ -74.2663067, 4.8975975 ], [ -74.2663214, 4.8975706 ], [ -74.2663193, 4.897549 ], [ -74.2663103, 4.897534 ], [ -74.2662872, 4.8975282 ], [ -74.2662502, 4.8975448 ], [ -74.2662315, 4.8975622 ], [ -74.2662126, 4.8975807 ], [ -74.2661724, 4.8976205 ], [ -74.2661072, 4.8976258 ], [ -74.2660315, 4.8976174 ], [ -74.2659957, 4.8975805 ], [ -74.2659589, 4.8975235 ], [ -74.2659232, 4.8974835 ], [ -74.2658548, 4.8974887 ], [ -74.2658012, 4.8975046 ], [ -74.2656813, 4.8975036 ], [ -74.2656109, 4.8974857 ], [ -74.2655531, 4.8974435 ], [ -74.2655372, 4.8974153 ], [ -74.2654952, 4.8973528 ], [ -74.2654384, 4.8972611 ], [ -74.2652923, 4.8972189 ], [ -74.2651997, 4.8972464 ], [ -74.2651577, 4.8972928 ], [ -74.265122, 4.8973645 ], [ -74.2651031, 4.897413 ], [ -74.2650778, 4.8974594 ], [ -74.265019, 4.8975059 ], [ -74.2649748, 4.897489 ], [ -74.2649433, 4.8974848 ], [ -74.2648991, 4.8974257 ], [ -74.2648864, 4.8972844 ], [ -74.2648338, 4.8971811 ], [ -74.2647918, 4.8970862 ], [ -74.2647308, 4.8970082 ], [ -74.2646361, 4.896926 ], [ -74.2645793, 4.8968775 ], [ -74.2645478, 4.89681 ], [ -74.2645057, 4.8967299 ], [ -74.2644889, 4.8966877 ], [ -74.2644552, 4.896616 ], [ -74.2644131, 4.896578 ], [ -74.2643374, 4.8965612 ], [ -74.2642828, 4.8965654 ], [ -74.2642365, 4.8965907 ], [ -74.2641987, 4.8966034 ], [ -74.264165, 4.8965865 ], [ -74.264144, 4.8965444 ], [ -74.264165, 4.8964642 ], [ -74.2642196, 4.8963419 ], [ -74.264249, 4.8962491 ], [ -74.2642574, 4.8961816 ], [ -74.2642994, 4.8960761 ], [ -74.264291, 4.8959411 ], [ -74.2642489, 4.8958694 ], [ -74.2641774, 4.8957977 ], [ -74.2641101, 4.8957345 ], [ -74.264047, 4.8956839 ], [ -74.2639503, 4.8955953 ], [ -74.263904, 4.8955616 ], [ -74.2638451, 4.8954899 ], [ -74.2638282, 4.8954013 ], [ -74.2638703, 4.8953085 ], [ -74.2638639, 4.8952136 ], [ -74.2638471, 4.8951609 ], [ -74.2638366, 4.8950955 ], [ -74.2638492, 4.8950428 ], [ -74.2638681, 4.894971 ], [ -74.2638786, 4.8948487 ], [ -74.2638785, 4.8948002 ], [ -74.2638617, 4.894718 ], [ -74.2638217, 4.8945598 ], [ -74.2637754, 4.8944839 ], [ -74.2636576, 4.8944122 ], [ -74.2635988, 4.8943658 ], [ -74.2635651, 4.8943363 ], [ -74.2635567, 4.8942941 ], [ -74.2635651, 4.8941992 ], [ -74.2635735, 4.8941106 ], [ -74.2635629, 4.8940389 ], [ -74.2635482, 4.8939862 ], [ -74.2635187, 4.8939082 ], [ -74.2634956, 4.8938786 ], [ -74.2634556, 4.8938365 ], [ -74.2633862, 4.8938027 ], [ -74.2633715, 4.8937985 ], [ -74.2632643, 4.8937648 ], [ -74.2631633, 4.8937543 ], [ -74.2631129, 4.8937501 ], [ -74.2629762, 4.8937438 ], [ -74.2628689, 4.8937333 ], [ -74.262768, 4.8937059 ], [ -74.2626902, 4.8936574 ], [ -74.2626439, 4.8935815 ], [ -74.2626186, 4.8934697 ], [ -74.2626123, 4.8933854 ], [ -74.2625892, 4.8933326 ], [ -74.2625345, 4.8932567 ], [ -74.2625303, 4.893242 ], [ -74.262545, 4.8931977 ], [ -74.2626122, 4.8931323 ], [ -74.2626669, 4.8931323 ], [ -74.2627258, 4.8931428 ], [ -74.2627784, 4.8931554 ], [ -74.2628435, 4.8931512 ], [ -74.2629045, 4.8931237 ], [ -74.2629676, 4.8930014 ], [ -74.2629654, 4.8929276 ], [ -74.2629465, 4.8928664 ], [ -74.2629339, 4.8927905 ], [ -74.2629191, 4.8927293 ], [ -74.2629149, 4.8926555 ], [ -74.2629864, 4.8925754 ], [ -74.2630095, 4.8925669 ], [ -74.2630579, 4.8925543 ], [ -74.2631167, 4.8925353 ], [ -74.2631567, 4.8924952 ], [ -74.2631882, 4.8924593 ], [ -74.2632281, 4.8924002 ], [ -74.2632681, 4.8922906 ], [ -74.2632975, 4.892202 ], [ -74.2633185, 4.8921513 ], [ -74.2633731, 4.8919742 ], [ -74.2633731, 4.891913 ], [ -74.2634004, 4.8917611 ], [ -74.2633835, 4.891662 ], [ -74.263312, 4.8916262 ], [ -74.2632531, 4.891584 ], [ -74.2632111, 4.8915503 ], [ -74.2632005, 4.8914912 ], [ -74.2632174, 4.891449 ], [ -74.2632531, 4.8913984 ], [ -74.2632825, 4.8913499 ], [ -74.2633035, 4.8912866 ], [ -74.2632677, 4.8911706 ], [ -74.2632383, 4.8911306 ], [ -74.2631983, 4.8910968 ], [ -74.2631415, 4.8910589 ], [ -74.2630743, 4.891042 ], [ -74.2629922, 4.8910315 ], [ -74.2629502, 4.8910231 ], [ -74.2629165, 4.8910125 ], [ -74.2628871, 4.891002 ], [ -74.2628724, 4.8909261 ], [ -74.2628724, 4.8908839 ], [ -74.2629123, 4.8908375 ], [ -74.2629291, 4.8908164 ], [ -74.2629669, 4.8907763 ], [ -74.2629985, 4.890713 ], [ -74.263009, 4.8906476 ], [ -74.2630089, 4.8905717 ], [ -74.2630005, 4.8904747 ], [ -74.2629795, 4.8904051 ], [ -74.2629668, 4.890365 ], [ -74.2629374, 4.8903144 ], [ -74.2629037, 4.8902701 ], [ -74.2628259, 4.8902449 ], [ -74.2627691, 4.8902512 ], [ -74.2627187, 4.8902575 ], [ -74.2626661, 4.8902639 ], [ -74.2626409, 4.8902639 ], [ -74.2626051, 4.8902534 ], [ -74.2625736, 4.8902154 ], [ -74.2625525, 4.8901247 ], [ -74.2625441, 4.8900741 ], [ -74.2625273, 4.8900382 ], [ -74.2624894, 4.8900214 ], [ -74.2624347, 4.890013 ], [ -74.2623801, 4.8900341 ], [ -74.2622981, 4.8900784 ], [ -74.2622455, 4.890148 ], [ -74.2621698, 4.8901712 ], [ -74.2621004, 4.8901607 ], [ -74.2620205, 4.8901038 ], [ -74.2619637, 4.8900426 ], [ -74.2619217, 4.8899889 ], [ -74.2618891, 4.8899382 ], [ -74.2618501, 4.8897716 ], [ -74.2617544, 4.8896799 ], [ -74.2616829, 4.8896546 ], [ -74.2615999, 4.8896367 ], [ -74.2615494, 4.8896346 ], [ -74.2614916, 4.8896515 ], [ -74.2614506, 4.8896884 ], [ -74.2614159, 4.8897254 ], [ -74.261377, 4.8897486 ], [ -74.2613581, 4.8897517 ], [ -74.2612887, 4.889756 ], [ -74.2612224, 4.8897191 ], [ -74.261213, 4.8896347 ], [ -74.2612476, 4.8894945 ], [ -74.2613086, 4.8894248 ], [ -74.2613317, 4.889389 ], [ -74.2613632, 4.8893573 ], [ -74.2614137, 4.889332 ], [ -74.2614915, 4.8893004 ], [ -74.2615524, 4.8892624 ], [ -74.2615903, 4.8892075 ], [ -74.2616155, 4.8891464 ], [ -74.2616218, 4.8890978 ], [ -74.2616113, 4.889043 ], [ -74.2615944, 4.8889713 ], [ -74.2615713, 4.888927 ], [ -74.2615439, 4.888868 ], [ -74.2615313, 4.8888279 ], [ -74.2615313, 4.8887414 ], [ -74.2615607, 4.8887056 ], [ -74.2616406, 4.8886739 ], [ -74.2616995, 4.8886612 ], [ -74.2617331, 4.888657 ], [ -74.2618046, 4.888638 ], [ -74.2618845, 4.8886 ], [ -74.2619623, 4.8885747 ], [ -74.2620527, 4.8885451 ], [ -74.2621473, 4.8884797 ], [ -74.2622146, 4.8884228 ], [ -74.2622861, 4.8883996 ], [ -74.2623218, 4.8883932 ], [ -74.2624017, 4.888389 ], [ -74.262469, 4.888389 ], [ -74.2625174, 4.8884037 ], [ -74.2625531, 4.8884206 ], [ -74.2625847, 4.8884417 ], [ -74.262652, 4.8885218 ], [ -74.2626646, 4.8885682 ], [ -74.2626835, 4.8886378 ], [ -74.2626836, 4.8886863 ], [ -74.2626815, 4.8887517 ], [ -74.2626794, 4.8887854 ], [ -74.2626857, 4.8888276 ], [ -74.2627467, 4.8888339 ], [ -74.2627929, 4.8888107 ], [ -74.2628287, 4.8887833 ], [ -74.2628728, 4.8887579 ], [ -74.2628854, 4.8887537 ], [ -74.2629443, 4.8887537 ], [ -74.2631777, 4.8887473 ], [ -74.2632345, 4.8887241 ], [ -74.2632912, 4.8886819 ], [ -74.263348, 4.8886355 ], [ -74.2634153, 4.8885975 ], [ -74.2634741, 4.8885553 ], [ -74.2635561, 4.8885257 ], [ -74.2636171, 4.8885194 ], [ -74.2636823, 4.8885426 ], [ -74.2637223, 4.88857 ], [ -74.2637538, 4.8885932 ], [ -74.2638085, 4.8886164 ], [ -74.2639178, 4.8885931 ], [ -74.2639599, 4.88861 ], [ -74.2640251, 4.8886796 ], [ -74.264044, 4.8887639 ], [ -74.2640672, 4.8887956 ], [ -74.2641345, 4.8888209 ], [ -74.2641786, 4.8887976 ], [ -74.2642375, 4.888785 ], [ -74.2643321, 4.8887871 ], [ -74.2644003, 4.8888011 ], [ -74.2644324, 4.8888528 ], [ -74.2644336, 4.8889195 ], [ -74.264382, 4.888984 ], [ -74.2643384, 4.8890496 ], [ -74.2642754, 4.8891727 ], [ -74.2642628, 4.8892405 ], [ -74.2642731, 4.8893015 ], [ -74.2643006, 4.8893337 ], [ -74.264366, 4.8893636 ], [ -74.2644326, 4.8893854 ], [ -74.2644956, 4.8894015 ], [ -74.2645645, 4.8894372 ], [ -74.2646172, 4.8894671 ], [ -74.264678, 4.8894763 ], [ -74.2647491, 4.8894544 ], [ -74.2648466, 4.8893658 ], [ -74.2649165, 4.8893335 ], [ -74.2650003, 4.8893082 ], [ -74.2651104, 4.8893105 ], [ -74.2652021, 4.8892598 ], [ -74.2652927, 4.8891942 ], [ -74.2653535, 4.8891425 ], [ -74.2655447, 4.8890113 ], [ -74.2656009, 4.8890895 ], [ -74.2656617, 4.8891366 ], [ -74.2657179, 4.8891619 ], [ -74.2658062, 4.8892114 ], [ -74.2658965, 4.8892085 ], [ -74.2659771, 4.8892366 ], [ -74.2660437, 4.8892527 ], [ -74.2661669, 4.8892474 ], [ -74.2661859, 4.8892089 ], [ -74.266312, 4.8892047 ], [ -74.2663911, 4.8891571 ], [ -74.2664737, 4.8891111 ], [ -74.2665322, 4.8890708 ], [ -74.2665712, 4.8890041 ], [ -74.2665792, 4.8889534 ], [ -74.2665963, 4.8887901 ], [ -74.2666261, 4.8887429 ], [ -74.266656, 4.8886911 ], [ -74.2666823, 4.8886348 ], [ -74.2667098, 4.8885979 ], [ -74.2667408, 4.8885692 ], [ -74.2668108, 4.8885794 ], [ -74.2668096, 4.8886899 ], [ -74.2668418, 4.888744 ], [ -74.2669244, 4.8888257 ], [ -74.2669424, 4.8888383 ], [ -74.2669562, 4.8888443 ], [ -74.2669935, 4.8888274 ], [ -74.2670224, 4.8888032 ], [ -74.2671248, 4.8887261 ], [ -74.2671844, 4.888664 ], [ -74.2672452, 4.888634 ], [ -74.2673082, 4.8885707 ], [ -74.2673529, 4.8885167 ], [ -74.2674011, 4.8884798 ], [ -74.2674676, 4.8884672 ], [ -74.2674912, 4.8884724 ], [ -74.2675399, 4.8885039 ], [ -74.2675674, 4.8885258 ], [ -74.2676041, 4.8885335 ], [ -74.2676385, 4.8884924 ], [ -74.267666, 4.8884073 ], [ -74.267736, 4.8883992 ], [ -74.2678451, 4.8884292 ], [ -74.2679057, 4.8884624 ], [ -74.2679585, 4.8884958 ], [ -74.2679998, 4.888582 ], [ -74.268009, 4.8886177 ], [ -74.2680366, 4.8887914 ], [ -74.268063, 4.8888351 ], [ -74.2681846, 4.8888487 ], [ -74.2682843, 4.8888178 ], [ -74.2683921, 4.8888143 ], [ -74.2684598, 4.8887614 ], [ -74.2686547, 4.8885727 ], [ -74.2686765, 4.8885335 ], [ -74.2688049, 4.8884035 ], [ -74.2689861, 4.8884058 ], [ -74.2690513, 4.888442 ], [ -74.2691398, 4.8885323 ], [ -74.2691915, 4.8886024 ], [ -74.2692225, 4.8886553 ], [ -74.2692603, 4.8887002 ], [ -74.269352, 4.8887371 ], [ -74.2693825, 4.8887364 ], [ -74.2694369, 4.8887197 ], [ -74.2695092, 4.8886696 ], [ -74.2695677, 4.8886351 ], [ -74.2696393, 4.8886034 ], [ -74.2696829, 4.8885925 ], [ -74.2697575, 4.8886 ], [ -74.2701863, 4.8890732 ], [ -74.2701908, 4.8889536 ], [ -74.270177, 4.8888477 ], [ -74.2701403, 4.8887097 ], [ -74.2701265, 4.8886384 ], [ -74.2701058, 4.8885694 ], [ -74.2700875, 4.8884658 ], [ -74.270115, 4.888406 ], [ -74.2701952, 4.8883715 ], [ -74.2703535, 4.8882092 ], [ -74.2703489, 4.8880746 ], [ -74.2703213, 4.8879492 ], [ -74.2703383, 4.8879132 ], [ -74.2703483, 4.8879022 ], [ -74.270374, 4.8878937 ], [ -74.2704166, 4.8878869 ], [ -74.2704808, 4.8878816 ], [ -74.2705701, 4.8878404 ], [ -74.2706563, 4.8878109 ], [ -74.2707299, 4.8877581 ], [ -74.2707866, 4.8876758 ], [ -74.2707782, 4.8875809 ], [ -74.2707298, 4.8874945 ], [ -74.2707193, 4.8874038 ], [ -74.2707193, 4.8873215 ], [ -74.270755, 4.8872604 ], [ -74.2708286, 4.8872203 ], [ -74.2709715, 4.8872012 ], [ -74.2713122, 4.8872064 ], [ -74.2713837, 4.8872444 ], [ -74.2715004, 4.8872939 ], [ -74.2716129, 4.887296 ], [ -74.2716928, 4.8872833 ], [ -74.2718179, 4.8872485 ], [ -74.2718631, 4.8871725 ], [ -74.271882, 4.8870797 ], [ -74.2717905, 4.8869448 ], [ -74.2717064, 4.8869131 ], [ -74.2715613, 4.886871 ], [ -74.2715339, 4.8868584 ], [ -74.271475, 4.8868078 ], [ -74.2714456, 4.8867466 ], [ -74.2714371, 4.8866601 ], [ -74.2714561, 4.8866074 ], [ -74.2714708, 4.8865504 ], [ -74.2714287, 4.8865019 ], [ -74.2713803, 4.8865104 ], [ -74.2712668, 4.8865294 ], [ -74.271149, 4.8865294 ], [ -74.2710124, 4.8865464 ], [ -74.2709451, 4.886559 ], [ -74.2709072, 4.8865738 ], [ -74.2708442, 4.8865823 ], [ -74.2708063, 4.8865844 ], [ -74.2707264, 4.8865464 ], [ -74.2706969, 4.8864979 ], [ -74.2706717, 4.8863651 ], [ -74.2706275, 4.8862871 ], [ -74.2705812, 4.8861647 ], [ -74.2705391, 4.8860994 ], [ -74.2704634, 4.8860741 ], [ -74.2704045, 4.8860572 ], [ -74.2703772, 4.8860425 ], [ -74.2703435, 4.8859982 ], [ -74.2703351, 4.8859539 ], [ -74.2703309, 4.885859 ], [ -74.2703603, 4.8858041 ], [ -74.2704192, 4.8857113 ], [ -74.2704843, 4.8856607 ], [ -74.2705306, 4.8856248 ], [ -74.2705978, 4.8855721 ], [ -74.2706525, 4.8854835 ], [ -74.2707219, 4.885435 ], [ -74.2707197, 4.8853717 ], [ -74.2707071, 4.885359 ], [ -74.2706104, 4.8853527 ], [ -74.2705284, 4.8853907 ], [ -74.27048, 4.8854076 ], [ -74.2704338, 4.8854182 ], [ -74.2703728, 4.8854203 ], [ -74.2703034, 4.8854119 ], [ -74.270253, 4.8854013 ], [ -74.270213, 4.8853803 ], [ -74.2701793, 4.8853465 ], [ -74.2701289, 4.8852601 ], [ -74.2701015, 4.8852031 ], [ -74.2700741, 4.8851546 ], [ -74.2700174, 4.8851188 ], [ -74.2698618, 4.8851188 ], [ -74.269744, 4.8851484 ], [ -74.2696725, 4.885159 ], [ -74.2696284, 4.8851379 ], [ -74.2696073, 4.8850978 ], [ -74.2695947, 4.8850388 ], [ -74.2695926, 4.884986 ], [ -74.2696157, 4.8849439 ], [ -74.2696599, 4.8849291 ], [ -74.269704, 4.884927 ], [ -74.2697734, 4.8849438 ], [ -74.2698239, 4.8849438 ], [ -74.2698933, 4.884929 ], [ -74.2699563, 4.8848847 ], [ -74.2700089, 4.8848552 ], [ -74.2700698, 4.8848172 ], [ -74.2701056, 4.8847729 ], [ -74.2701371, 4.8846843 ], [ -74.2701392, 4.8846316 ], [ -74.2701371, 4.8845767 ], [ -74.2701055, 4.8845282 ], [ -74.2700761, 4.8845198 ], [ -74.2700172, 4.8844903 ], [ -74.2699835, 4.8844523 ], [ -74.2699688, 4.8844207 ], [ -74.2699667, 4.8843637 ], [ -74.2699961, 4.8843005 ], [ -74.2700276, 4.8842456 ], [ -74.2700486, 4.8841992 ], [ -74.2700654, 4.8841779 ], [ -74.2701054, 4.8841085 ], [ -74.2701054, 4.8840642 ], [ -74.2700528, 4.8840663 ], [ -74.2700087, 4.8841001 ], [ -74.2699771, 4.8841317 ], [ -74.2699498, 4.884155 ], [ -74.2699309, 4.8841803 ], [ -74.2698699, 4.8842478 ], [ -74.2698426, 4.88429 ], [ -74.2698174, 4.8843153 ], [ -74.2697858, 4.8843237 ], [ -74.2697627, 4.8843258 ], [ -74.2697249, 4.884328 ], [ -74.2696618, 4.884328 ], [ -74.2696176, 4.884328 ], [ -74.2695693, 4.884328 ], [ -74.2695209, 4.8843386 ], [ -74.2694473, 4.8843597 ], [ -74.2693926, 4.8843639 ], [ -74.269359, 4.8843618 ], [ -74.2693106, 4.8843428 ], [ -74.2692833, 4.8843091 ], [ -74.2692517, 4.8841784 ], [ -74.2692264, 4.8840413 ], [ -74.2692222, 4.8839801 ], [ -74.2692075, 4.8839316 ], [ -74.2691339, 4.8838958 ], [ -74.269096, 4.8838895 ], [ -74.2690666, 4.8838747 ], [ -74.2690182, 4.8837967 ], [ -74.269014, 4.8837545 ], [ -74.2690056, 4.8836786 ], [ -74.2689971, 4.883628 ], [ -74.268995, 4.8835773 ], [ -74.2689971, 4.8835394 ], [ -74.2690244, 4.8834824 ], [ -74.2690602, 4.8834613 ], [ -74.2691043, 4.8834318 ], [ -74.2691548, 4.8833917 ], [ -74.2692052, 4.8833347 ], [ -74.2692262, 4.8832947 ], [ -74.2692262, 4.8832398 ], [ -74.2691926, 4.8832082 ], [ -74.26914, 4.8831766 ], [ -74.2691042, 4.8831449 ], [ -74.2690916, 4.8831091 ], [ -74.2691273, 4.8830353 ], [ -74.2691736, 4.8830057 ], [ -74.2692156, 4.8829614 ], [ -74.2692303, 4.8829234 ], [ -74.2692093, 4.8828813 ], [ -74.2691735, 4.8828349 ], [ -74.269121, 4.8828012 ], [ -74.2690768, 4.8827737 ], [ -74.26902, 4.8827358 ], [ -74.268999, 4.8827021 ], [ -74.2689926, 4.8826114 ], [ -74.2690725, 4.8825354 ], [ -74.2691335, 4.8824658 ], [ -74.269165, 4.8823962 ], [ -74.2691881, 4.8823182 ], [ -74.2692206, 4.8821547 ], [ -74.269229, 4.8820861 ], [ -74.2692259, 4.8820197 ], [ -74.2692164, 4.8818626 ], [ -74.269189, 4.8817962 ], [ -74.2691438, 4.8817044 ], [ -74.2690964, 4.8816475 ], [ -74.2690596, 4.8816243 ], [ -74.2690155, 4.8816064 ], [ -74.2689661, 4.8815853 ], [ -74.2688883, 4.8815642 ], [ -74.2688767, 4.881541 ], [ -74.2688672, 4.8814546 ], [ -74.268863, 4.8814029 ], [ -74.268783, 4.8812342 ], [ -74.2687241, 4.8811878 ], [ -74.2686989, 4.8811035 ], [ -74.2686947, 4.8810254 ], [ -74.2686925, 4.8807913 ], [ -74.2687823, 4.8806102 ], [ -74.2688511, 4.8805273 ], [ -74.2689451, 4.8803018 ], [ -74.2689795, 4.8801914 ], [ -74.2689611, 4.8801017 ], [ -74.2689198, 4.880035 ], [ -74.2688923, 4.8799728 ], [ -74.2688601, 4.8798486 ], [ -74.2688348, 4.8797175 ], [ -74.268766, 4.8796301 ], [ -74.2687476, 4.8795564 ], [ -74.2687912, 4.8793977 ], [ -74.2688393, 4.8791101 ], [ -74.2688943, 4.8789835 ], [ -74.2689952, 4.8789075 ], [ -74.2690456, 4.8788155 ], [ -74.2690456, 4.8787212 ], [ -74.2690685, 4.8786015 ], [ -74.2691442, 4.878521 ], [ -74.2691992, 4.8784128 ], [ -74.2692336, 4.8783622 ], [ -74.2692725, 4.8782448 ], [ -74.269362, 4.8781229 ], [ -74.2695087, 4.8780009 ], [ -74.2696257, 4.8779341 ], [ -74.2697839, 4.8778168 ], [ -74.269917, 4.8777385 ], [ -74.2701211, 4.8776648 ], [ -74.2704812, 4.8774783 ], [ -74.2706142, 4.8773679 ], [ -74.2708114, 4.8772896 ], [ -74.270894, 4.877232 ], [ -74.2710614, 4.8772021 ], [ -74.2712632, 4.8770801 ], [ -74.2714283, 4.8768983 ], [ -74.271543, 4.8768085 ], [ -74.2717127, 4.8768154 ], [ -74.2717839, 4.8768683 ], [ -74.2718825, 4.8769165 ], [ -74.271949, 4.8768912 ], [ -74.2720683, 4.8768199 ], [ -74.2721222, 4.876783 ], [ -74.272285, 4.8767416 ], [ -74.2722953, 4.8767577 ], [ -74.2723437, 4.8767587 ], [ -74.2724142, 4.8767872 ], [ -74.2724394, 4.8768083 ], [ -74.2724625, 4.8768357 ], [ -74.2724731, 4.876861 ], [ -74.2724941, 4.8768947 ], [ -74.2725151, 4.876958 ], [ -74.2725257, 4.8770234 ], [ -74.2725278, 4.8770719 ], [ -74.2725341, 4.8771225 ], [ -74.2725467, 4.8771605 ], [ -74.2725804, 4.8772174 ], [ -74.2726098, 4.8772532 ], [ -74.2726519, 4.8772975 ], [ -74.2726708, 4.8773291 ], [ -74.2727129, 4.8774261 ], [ -74.2727403, 4.8775696 ], [ -74.2727677, 4.8777657 ], [ -74.2727656, 4.8778796 ], [ -74.2727762, 4.8779344 ], [ -74.2728414, 4.8779998 ], [ -74.2728855, 4.8780504 ], [ -74.2729171, 4.8781579 ], [ -74.2729276, 4.878236 ], [ -74.2729571, 4.8783203 ], [ -74.2729781, 4.8783963 ], [ -74.2729655, 4.8784532 ], [ -74.2729424, 4.8785038 ], [ -74.2729025, 4.8785734 ], [ -74.2728836, 4.8785988 ], [ -74.27285, 4.8786578 ], [ -74.2728563, 4.8786852 ], [ -74.2729067, 4.8786894 ], [ -74.2729551, 4.8786704 ], [ -74.272995, 4.8786367 ], [ -74.2730518, 4.8785797 ], [ -74.2731149, 4.8785207 ], [ -74.2731527, 4.8784995 ], [ -74.2733672, 4.8784425 ], [ -74.2734281, 4.8784193 ], [ -74.2735753, 4.8784108 ], [ -74.2737309, 4.8784129 ], [ -74.2739054, 4.8783686 ], [ -74.2740778, 4.8782694 ], [ -74.2740862, 4.878242 ], [ -74.2740817, 4.8771263 ], [ -74.2741132, 4.8770588 ], [ -74.2741468, 4.8770166 ], [ -74.2741763, 4.876947 ], [ -74.2742141, 4.8769069 ], [ -74.2742519, 4.8768541 ], [ -74.2742687, 4.8768225 ], [ -74.2743003, 4.8767824 ], [ -74.2743486, 4.8767339 ], [ -74.2743822, 4.876698 ], [ -74.2744033, 4.8766727 ], [ -74.2744243, 4.8766453 ], [ -74.2744558, 4.876601 ], [ -74.274481, 4.8765504 ], [ -74.2745041, 4.8765061 ], [ -74.2745189, 4.8764871 ], [ -74.2745441, 4.8764765 ], [ -74.2745735, 4.8764828 ], [ -74.2746093, 4.8765039 ], [ -74.2746303, 4.8765356 ], [ -74.2746661, 4.8765988 ], [ -74.2747334, 4.8766895 ], [ -74.2747376, 4.8766979 ], [ -74.2747881, 4.8767717 ], [ -74.2748428, 4.8768434 ], [ -74.2748785, 4.8768919 ], [ -74.2749122, 4.8769362 ], [ -74.2749543, 4.8769995 ], [ -74.2749963, 4.8770606 ], [ -74.2750174, 4.8770965 ], [ -74.2750342, 4.877126 ], [ -74.2750784, 4.8771766 ], [ -74.2750931, 4.8771892 ], [ -74.2751331, 4.8772188 ], [ -74.2751562, 4.8772398 ], [ -74.2751983, 4.8772947 ], [ -74.2752319, 4.8773284 ], [ -74.2752782, 4.87736 ], [ -74.2753518, 4.8773705 ], [ -74.2754275, 4.8773515 ], [ -74.2754695, 4.8773178 ], [ -74.2755053, 4.8773178 ], [ -74.2755326, 4.8773178 ], [ -74.275623, 4.8773177 ], [ -74.275644, 4.8773156 ], [ -74.2756524, 4.8772713 ], [ -74.2756188, 4.8772292 ], [ -74.2755683, 4.8771933 ], [ -74.2755599, 4.8771786 ], [ -74.275541, 4.8771279 ], [ -74.2755388, 4.8770921 ], [ -74.2755493, 4.8770499 ], [ -74.2755661, 4.8769993 ], [ -74.2755851, 4.8769634 ], [ -74.2756439, 4.8769001 ], [ -74.2756797, 4.876879 ], [ -74.2757301, 4.8768685 ], [ -74.2758037, 4.8768684 ], [ -74.2758374, 4.8768727 ], [ -74.2759173, 4.8768895 ], [ -74.2759446, 4.8768789 ], [ -74.2759509, 4.8768526 ], [ -74.2759141, 4.8767925 ], [ -74.2758962, 4.8767598 ], [ -74.2758783, 4.8767271 ], [ -74.2758678, 4.8766881 ], [ -74.2758615, 4.8766617 ], [ -74.2758562, 4.876628 ], [ -74.2758804, 4.8765626 ], [ -74.2760149, 4.8765583 ], [ -74.2761537, 4.8765604 ], [ -74.2762694, 4.8765625 ], [ -74.2763514, 4.8765393 ], [ -74.2763913, 4.8765055 ], [ -74.2764376, 4.876476 ], [ -74.2764838, 4.876438 ], [ -74.2764896, 4.8764274 ], [ -74.2764917, 4.8764106 ], [ -74.2764791, 4.8763984 ], [ -74.2764659, 4.8763948 ], [ -74.276447, 4.8763942 ], [ -74.2764181, 4.8763906 ], [ -74.2763808, 4.8763827 ], [ -74.2763592, 4.8763763 ], [ -74.2763119, 4.8763542 ], [ -74.2762709, 4.8763273 ], [ -74.2762477, 4.8762973 ], [ -74.2762486, 4.8757964 ], [ -74.2763128, 4.87577 ], [ -74.2763443, 4.8757605 ], [ -74.276359, 4.8757151 ], [ -74.2763516, 4.8756877 ], [ -74.2763275, 4.8756529 ], [ -74.2762949, 4.8756224 ], [ -74.2762643, 4.8755749 ], [ -74.2762307, 4.8755243 ], [ -74.2761476, 4.8754526 ], [ -74.2760582, 4.8754136 ], [ -74.2760214, 4.8754052 ], [ -74.2759626, 4.8753789 ], [ -74.2759194, 4.8753599 ], [ -74.275889, 4.8753399 ], [ -74.2758532, 4.875323 ], [ -74.2758017, 4.8752608 ], [ -74.2757869, 4.8752017 ], [ -74.2757743, 4.875148 ], [ -74.2757764, 4.8751058 ], [ -74.2758016, 4.8750784 ], [ -74.2758395, 4.875072 ], [ -74.275953, 4.8750699 ], [ -74.275994, 4.8750519 ], [ -74.2760508, 4.8749992 ], [ -74.2760613, 4.8749612 ], [ -74.2760739, 4.8749211 ], [ -74.2761012, 4.8748874 ], [ -74.2761285, 4.8748494 ], [ -74.2761495, 4.8748368 ], [ -74.2761811, 4.874822 ], [ -74.2762315, 4.8748072 ], [ -74.2762652, 4.8747819 ], [ -74.2763009, 4.8747418 ], [ -74.2763261, 4.8746891 ], [ -74.2763366, 4.8745878 ], [ -74.2763365, 4.8742778 ], [ -74.2763218, 4.8741723 ], [ -74.2763217, 4.8741091 ], [ -74.2763385, 4.8740331 ], [ -74.2763911, 4.8739509 ], [ -74.2764352, 4.8739234 ], [ -74.2765046, 4.8738833 ], [ -74.2765677, 4.8738728 ], [ -74.2765908, 4.873877 ], [ -74.2766329, 4.8738917 ], [ -74.2766875, 4.8739044 ], [ -74.2767086, 4.8739128 ], [ -74.2767696, 4.8739254 ], [ -74.2768768, 4.8739296 ], [ -74.2769378, 4.873898 ], [ -74.2769966, 4.8738431 ], [ -74.2770617, 4.873647 ], [ -74.2770891, 4.8735921 ], [ -74.2771185, 4.8735373 ], [ -74.2771479, 4.8734824 ], [ -74.2771731, 4.8734191 ], [ -74.2772004, 4.8733727 ], [ -74.277232, 4.8733073 ], [ -74.2772424, 4.873204 ], [ -74.2772677, 4.8731449 ], [ -74.2773013, 4.8730985 ], [ -74.2773412, 4.8730458 ], [ -74.2773706, 4.8729867 ], [ -74.277501, 4.8729656 ], [ -74.2775494, 4.8729677 ], [ -74.2776377, 4.872955 ], [ -74.2777281, 4.8729212 ], [ -74.277768, 4.8728854 ], [ -74.2778143, 4.8728284 ], [ -74.2778269, 4.8727293 ], [ -74.2778437, 4.8726618 ], [ -74.2778626, 4.8726133 ], [ -74.2779782, 4.8725246 ], [ -74.2780812, 4.8724656 ], [ -74.27818, 4.8724255 ], [ -74.2782389, 4.8724022 ], [ -74.278304, 4.8723537 ], [ -74.2783608, 4.8722883 ], [ -74.2783902, 4.8722482 ], [ -74.2784449, 4.8722018 ], [ -74.2785184, 4.8721153 ], [ -74.2786425, 4.8720162 ], [ -74.2788148, 4.8718621 ], [ -74.2788905, 4.8717862 ], [ -74.2789725, 4.8717187 ], [ -74.279086, 4.8716364 ], [ -74.2791848, 4.8715921 ], [ -74.2793194, 4.8715245 ], [ -74.2794035, 4.8715119 ], [ -74.2794729, 4.8714865 ], [ -74.2795212, 4.8714486 ], [ -74.279599, 4.8713789 ], [ -74.2796452, 4.8713452 ], [ -74.2796789, 4.8713051 ], [ -74.279744, 4.871246 ], [ -74.2797798, 4.8712059 ], [ -74.2798386, 4.8711743 ], [ -74.2798891, 4.8711405 ], [ -74.2799311, 4.8711173 ], [ -74.2800173, 4.8710667 ], [ -74.280114, 4.870957 ], [ -74.2801498, 4.8709105 ], [ -74.2802275, 4.8707713 ], [ -74.28032, 4.8707165 ], [ -74.2803515, 4.8706827 ], [ -74.2804083, 4.8706342 ], [ -74.2804525, 4.8706046 ], [ -74.2804987, 4.8705603 ], [ -74.2805449, 4.8705013 ], [ -74.2805744, 4.870438 ], [ -74.2805933, 4.8703346 ], [ -74.280629, 4.8702903 ], [ -74.280691, 4.8702692 ], [ -74.2807383, 4.8702745 ], [ -74.2807772, 4.8702903 ], [ -74.2808098, 4.8703019 ], [ -74.280854, 4.870324 ], [ -74.2808971, 4.8703356 ], [ -74.2809675, 4.8703482 ], [ -74.2810022, 4.8703514 ], [ -74.2810685, 4.8703556 ], [ -74.281121, 4.8703513 ], [ -74.281182, 4.8703271 ], [ -74.2812566, 4.8702933 ], [ -74.2813171, 4.8702509 ], [ -74.2813233, 4.8702294 ], [ -74.2813297, 4.8702076 ], [ -74.281348, 4.8701151 ], [ -74.2813344, 4.8700729 ], [ -74.2813605, 4.8697175 ], [ -74.2814173, 4.8696078 ], [ -74.2814446, 4.8695825 ], [ -74.2815035, 4.8695508 ], [ -74.2815308, 4.8695445 ], [ -74.2815897, 4.869536 ], [ -74.2816296, 4.8695234 ], [ -74.2816738, 4.8694727 ], [ -74.2816885, 4.8694495 ], [ -74.2817053, 4.8694179 ], [ -74.2817494, 4.8693862 ], [ -74.2818714, 4.8692702 ], [ -74.2818734, 4.8692301 ], [ -74.282371, 4.8696449 ] ] ], [ [ [ -74.2575127, 4.8951057 ], [ -74.2575275, 4.8951162 ], [ -74.2575401, 4.8951289 ], [ -74.2575716, 4.8951584 ], [ -74.2575906, 4.8951773 ], [ -74.25762, 4.8952153 ], [ -74.257641, 4.8952448 ], [ -74.2576558, 4.8952912 ], [ -74.2576747, 4.8953482 ], [ -74.2576979, 4.8953756 ], [ -74.2577126, 4.895403 ], [ -74.2577567, 4.8954198 ], [ -74.257843, 4.8954262 ], [ -74.2579397, 4.8954303 ], [ -74.2579712, 4.8954831 ], [ -74.2580217, 4.895559 ], [ -74.2580217, 4.8956433 ], [ -74.2580092, 4.8957235 ], [ -74.2579713, 4.8958036 ], [ -74.2579924, 4.8959091 ], [ -74.2580092, 4.8959471 ], [ -74.2580681, 4.8960567 ], [ -74.258106, 4.8961495 ], [ -74.2580766, 4.8962128 ], [ -74.2580303, 4.896255 ], [ -74.2579336, 4.8963647 ], [ -74.2579338, 4.8968962 ], [ -74.2578959, 4.8968835 ], [ -74.2578118, 4.8968371 ], [ -74.2577697, 4.896795 ], [ -74.2577319, 4.8967401 ], [ -74.2576982, 4.8967022 ], [ -74.2576646, 4.8966811 ], [ -74.2574795, 4.8966432 ], [ -74.2573533, 4.8966685 ], [ -74.2574168, 4.8979213 ], [ -74.2574609, 4.897974 ], [ -74.2575745, 4.8980078 ], [ -74.2576838, 4.898033 ], [ -74.2577974, 4.8980414 ], [ -74.2580287, 4.8980329 ], [ -74.2583189, 4.8980286 ], [ -74.2586848, 4.8980412 ], [ -74.2587689, 4.8980791 ], [ -74.2588278, 4.8981635 ], [ -74.2588783, 4.898231 ], [ -74.2589456, 4.8983195 ], [ -74.2589876, 4.8983912 ], [ -74.2589666, 4.8984714 ], [ -74.2589162, 4.8985389 ], [ -74.258891, 4.8986359 ], [ -74.2588616, 4.8987582 ], [ -74.2588238, 4.8988511 ], [ -74.2587985, 4.8989186 ], [ -74.2587733, 4.8989903 ], [ -74.2587061, 4.8990957 ], [ -74.258643, 4.8991379 ], [ -74.2586052, 4.8991633 ], [ -74.2583024, 4.8995008 ], [ -74.2578905, 4.9001168 ], [ -74.2578316, 4.9002813 ], [ -74.257777, 4.9003741 ], [ -74.2577181, 4.9004711 ], [ -74.2576635, 4.9005766 ], [ -74.2576467, 4.9006104 ], [ -74.2576173, 4.90072 ], [ -74.257571, 4.9007622 ], [ -74.2574974, 4.9007538 ], [ -74.2574512, 4.9007348 ], [ -74.2573586, 4.9007222 ], [ -74.2573145, 4.9007138 ], [ -74.2572556, 4.9007012 ], [ -74.2572156, 4.9006969 ], [ -74.2571736, 4.9006822 ], [ -74.2571378, 4.9006632 ], [ -74.2571, 4.9006274 ], [ -74.2570663, 4.9006021 ], [ -74.2570074, 4.9005683 ], [ -74.2569801, 4.9005557 ], [ -74.2569549, 4.9005304 ], [ -74.2569044, 4.900503 ], [ -74.2568623, 4.900484 ], [ -74.2568455, 4.9004587 ], [ -74.256816, 4.9002858 ], [ -74.2567992, 4.9001972 ], [ -74.2567508, 4.9001255 ], [ -74.2567129, 4.9000601 ], [ -74.2566771, 4.8999842 ], [ -74.2566309, 4.8999231 ], [ -74.2566056, 4.8998872 ], [ -74.2557351, 4.8998853 ], [ -74.2556699, 4.899995 ], [ -74.2556237, 4.9000752 ], [ -74.2555837, 4.90013 ], [ -74.2555165, 4.9002081 ], [ -74.2554282, 4.9002693 ], [ -74.2553777, 4.9003199 ], [ -74.2553735, 4.9003663 ], [ -74.2536161, 4.9020287 ], [ -74.2533217, 4.9022566 ], [ -74.2531115, 4.9024169 ], [ -74.253061, 4.9024591 ], [ -74.2529349, 4.9026363 ], [ -74.2528635, 4.9027439 ], [ -74.2527962, 4.9028051 ], [ -74.2527016, 4.9028368 ], [ -74.2525922, 4.9028895 ], [ -74.2524514, 4.9029444 ], [ -74.2522958, 4.9030098 ], [ -74.2521402, 4.9030752 ], [ -74.2520161, 4.9031301 ], [ -74.25189, 4.9031765 ], [ -74.2517954, 4.9032377 ], [ -74.2517386, 4.9032905 ], [ -74.2517281, 4.9033348 ], [ -74.2516524, 4.9034634 ], [ -74.2516062, 4.9035605 ], [ -74.2515473, 4.9036364 ], [ -74.2514759, 4.9037081 ], [ -74.2514254, 4.9037756 ], [ -74.2513834, 4.9038347 ], [ -74.2513582, 4.903898 ], [ -74.2513077, 4.903995 ], [ -74.251232, 4.9040583 ], [ -74.2511521, 4.9040921 ], [ -74.2509713, 4.9041723 ], [ -74.2507274, 4.9042989 ], [ -74.2505634, 4.9043833 ], [ -74.2503952, 4.9044466 ], [ -74.2502439, 4.9045141 ], [ -74.2501093, 4.904569 ], [ -74.2499915, 4.9046112 ], [ -74.249878, 4.9046619 ], [ -74.2497477, 4.904742 ], [ -74.2497098, 4.9047716 ], [ -74.2494995, 4.9048223 ], [ -74.2493566, 4.9048771 ], [ -74.249243, 4.9049025 ], [ -74.2491379, 4.9049362 ], [ -74.2490496, 4.9049574 ], [ -74.2489487, 4.9049869 ], [ -74.2487384, 4.9050334 ], [ -74.2486459, 4.9050629 ], [ -74.2483725, 4.9051389 ], [ -74.2480866, 4.9052276 ], [ -74.247952, 4.9052867 ], [ -74.2478006, 4.9053373 ], [ -74.247746, 4.9053584 ], [ -74.2475609, 4.9054217 ], [ -74.247481, 4.9054555 ], [ -74.2474053, 4.9054808 ], [ -74.2472582, 4.9055273 ], [ -74.2471825, 4.9055568 ], [ -74.2471236, 4.9055779 ], [ -74.2470395, 4.9055948 ], [ -74.2469806, 4.9056033 ], [ -74.2468124, 4.9056117 ], [ -74.2465853, 4.9056245 ], [ -74.2464676, 4.905654 ], [ -74.2464045, 4.9057131 ], [ -74.2462783, 4.9057848 ], [ -74.2462279, 4.9058397 ], [ -74.2461312, 4.9058988 ], [ -74.2460765, 4.9059367 ], [ -74.2460134, 4.9059874 ], [ -74.2459798, 4.9060211 ], [ -74.2459209, 4.9060928 ], [ -74.2458579, 4.9061477 ], [ -74.2457864, 4.9061983 ], [ -74.2457023, 4.9062616 ], [ -74.2456182, 4.9063418 ], [ -74.2455846, 4.9063755 ], [ -74.2453449, 4.9066245 ], [ -74.2452945, 4.9066793 ], [ -74.2452398, 4.9067511 ], [ -74.2451894, 4.9068312 ], [ -74.2451431, 4.9069198 ], [ -74.2451095, 4.9070126 ], [ -74.2450843, 4.9070801 ], [ -74.2450591, 4.907135 ], [ -74.2450128, 4.9072446 ], [ -74.2449876, 4.907329 ], [ -74.244954, 4.9073881 ], [ -74.2449119, 4.9074767 ], [ -74.2448783, 4.907561 ], [ -74.2448531, 4.9076412 ], [ -74.2448279, 4.9076834 ], [ -74.2448027, 4.907772 ], [ -74.2447943, 4.9078099 ], [ -74.2447354, 4.9078859 ], [ -74.2446513, 4.9079449 ], [ -74.2445125, 4.9079956 ], [ -74.244378, 4.9080209 ], [ -74.2443065, 4.9080378 ], [ -74.2441887, 4.9080843 ], [ -74.2441173, 4.9081138 ], [ -74.2440458, 4.9081518 ], [ -74.2439028, 4.908194 ], [ -74.2438061, 4.9082151 ], [ -74.2437262, 4.9082194 ], [ -74.2435748, 4.9082405 ], [ -74.2434234, 4.9082658 ], [ -74.2432636, 4.9082743 ], [ -74.2431248, 4.9082997 ], [ -74.2430785, 4.9083081 ], [ -74.2429103, 4.9083208 ], [ -74.2426958, 4.9083251 ], [ -74.2424267, 4.9083884 ], [ -74.2422416, 4.9084433 ], [ -74.2420062, 4.9085235 ], [ -74.2418548, 4.9085826 ], [ -74.2417496, 4.9086248 ], [ -74.2416193, 4.9086839 ], [ -74.2414595, 4.9087725 ], [ -74.2413628, 4.9088316 ], [ -74.2412661, 4.9088991 ], [ -74.2411904, 4.9089582 ], [ -74.2410895, 4.9090341 ], [ -74.2410138, 4.9090763 ], [ -74.2409591, 4.9091396 ], [ -74.2409297, 4.9091945 ], [ -74.2409087, 4.9092577 ], [ -74.240854, 4.909359 ], [ -74.2408036, 4.9094434 ], [ -74.2407615, 4.9095066 ], [ -74.2407111, 4.9096037 ], [ -74.2406564, 4.9097007 ], [ -74.2406438, 4.9097555 ], [ -74.2405976, 4.9098905 ], [ -74.2405724, 4.9099833 ], [ -74.2405598, 4.9100551 ], [ -74.240543, 4.9101057 ], [ -74.240522, 4.9101816 ], [ -74.2404968, 4.9103166 ], [ -74.2404758, 4.9104558 ], [ -74.2404422, 4.9106119 ], [ -74.2404296, 4.9107089 ], [ -74.240396, 4.9108776 ], [ -74.2403918, 4.9110421 ], [ -74.240354, 4.911291 ], [ -74.240333, 4.9114091 ], [ -74.2403162, 4.9115399 ], [ -74.2402952, 4.9116454 ], [ -74.2402364, 4.911734 ], [ -74.2401229, 4.9118437 ], [ -74.2400472, 4.911907 ], [ -74.2399631, 4.9120251 ], [ -74.239921, 4.9120757 ], [ -74.2398327, 4.9121643 ], [ -74.2397781, 4.9122192 ], [ -74.2397108, 4.9122825 ], [ -74.2396393, 4.9123668 ], [ -74.2395679, 4.9124533 ], [ -74.2394943, 4.9125377 ], [ -74.239406, 4.91262 ], [ -74.2393198, 4.9127128 ], [ -74.2392042, 4.9128141 ], [ -74.2391306, 4.9128816 ], [ -74.2390906, 4.9129153 ], [ -74.2390339, 4.9129449 ], [ -74.2389119, 4.9130335 ], [ -74.2388678, 4.9130673 ], [ -74.2387774, 4.9131495 ], [ -74.2386975, 4.9132086 ], [ -74.2386617, 4.9132424 ], [ -74.2385924, 4.9132951 ], [ -74.2385062, 4.9133647 ], [ -74.2384326, 4.9134238 ], [ -74.2383569, 4.9135082 ], [ -74.2383233, 4.9135461 ], [ -74.2380332, 4.9138352 ], [ -74.2379659, 4.9139153 ], [ -74.2378524, 4.9140419 ], [ -74.2376884, 4.9142064 ], [ -74.2375749, 4.9143415 ], [ -74.2375455, 4.9145186 ], [ -74.237495, 4.9146621 ], [ -74.2374446, 4.9147971 ], [ -74.237369, 4.9150628 ], [ -74.2373185, 4.9152948 ], [ -74.2372765, 4.9154551 ], [ -74.2372177, 4.9155817 ], [ -74.2370832, 4.9158686 ], [ -74.2370243, 4.9159951 ], [ -74.2369192, 4.9161892 ], [ -74.236852, 4.91632 ], [ -74.2368057, 4.916455 ], [ -74.2367301, 4.9165984 ], [ -74.2366628, 4.9167418 ], [ -74.236604, 4.9168979 ], [ -74.2365451, 4.9170034 ], [ -74.23644, 4.9171974 ], [ -74.2363812, 4.9173071 ], [ -74.2363223, 4.9174084 ], [ -74.2360447, 4.9174506 ], [ -74.2358387, 4.9174507 ], [ -74.2356704, 4.9174507 ], [ -74.235477, 4.9174592 ], [ -74.2353004, 4.9175099 ], [ -74.2350901, 4.9175563 ], [ -74.2348588, 4.9175901 ], [ -74.2346611, 4.9176197 ], [ -74.2343668, 4.917683 ], [ -74.2341817, 4.9177506 ], [ -74.2339546, 4.9178265 ], [ -74.2337233, 4.9178814 ], [ -74.2335846, 4.9179532 ], [ -74.2334416, 4.9179912 ], [ -74.2332608, 4.9180587 ], [ -74.2330883, 4.9181009 ], [ -74.232958, 4.9181558 ], [ -74.232815, 4.918198 ], [ -74.2327099, 4.9182318 ], [ -74.232508, 4.9183204 ], [ -74.2324491, 4.9183415 ], [ -74.2323398, 4.9183711 ], [ -74.2320959, 4.9184428 ], [ -74.2319024, 4.918523 ], [ -74.2317637, 4.9185737 ], [ -74.2317258, 4.9185884 ], [ -74.2317258, 4.9186243 ], [ -74.2317637, 4.9186412 ], [ -74.2318163, 4.9186622 ], [ -74.2318646, 4.9186812 ], [ -74.2318962, 4.9186981 ], [ -74.2319277, 4.9187213 ], [ -74.2319446, 4.9187466 ], [ -74.2319698, 4.9188056 ], [ -74.2319572, 4.9189005 ], [ -74.2318794, 4.9189554 ], [ -74.2317533, 4.9189871 ], [ -74.2316755, 4.9190061 ], [ -74.2315682, 4.9190293 ], [ -74.2314631, 4.9190609 ], [ -74.2313664, 4.9190926 ], [ -74.231236, 4.9191601 ], [ -74.231114, 4.9192276 ], [ -74.2309122, 4.9193352 ], [ -74.2307734, 4.9194175 ], [ -74.2306851, 4.919464 ], [ -74.2305947, 4.919504 ], [ -74.2304643, 4.9195526 ], [ -74.230355, 4.9195674 ], [ -74.2302436, 4.9196265 ], [ -74.2302141, 4.9197003 ], [ -74.2302101, 4.9202444 ], [ -74.2301849, 4.9203499 ], [ -74.230126, 4.9204511 ], [ -74.2300125, 4.920544 ], [ -74.2298821, 4.9206241 ], [ -74.2297517, 4.9206748 ], [ -74.229634, 4.9207212 ], [ -74.2295667, 4.9207508 ], [ -74.2294406, 4.9208183 ], [ -74.2293817, 4.9208647 ], [ -74.2293354, 4.9209195 ], [ -74.2293144, 4.9209913 ], [ -74.229306, 4.9210672 ], [ -74.2293145, 4.9211305 ], [ -74.2293523, 4.9212739 ], [ -74.2293776, 4.9213793 ], [ -74.2293734, 4.9215565 ], [ -74.229344, 4.9216788 ], [ -74.2292095, 4.9218265 ], [ -74.2290665, 4.9219067 ], [ -74.229016, 4.9219235 ], [ -74.2289403, 4.92197 ], [ -74.2288983, 4.9220164 ], [ -74.2288142, 4.9221767 ], [ -74.2287596, 4.9222737 ], [ -74.2286965, 4.9223961 ], [ -74.228604, 4.9225226 ], [ -74.2284989, 4.9226112 ], [ -74.2284316, 4.9226956 ], [ -74.2283686, 4.9228011 ], [ -74.2283307, 4.9228981 ], [ -74.2283055, 4.9229867 ], [ -74.2282929, 4.9230668 ], [ -74.2282719, 4.9231723 ], [ -74.2282089, 4.9233031 ], [ -74.2281416, 4.9234592 ], [ -74.2280996, 4.9235267 ], [ -74.2280575, 4.9236785 ], [ -74.2280365, 4.9237882 ], [ -74.2280281, 4.9238894 ], [ -74.2280113, 4.9239527 ], [ -74.2279903, 4.924016 ], [ -74.2279609, 4.9240751 ], [ -74.2279231, 4.9241383 ], [ -74.227881, 4.9242058 ], [ -74.2278222, 4.9242902 ], [ -74.2277633, 4.9243788 ], [ -74.2276918, 4.9245012 ], [ -74.2276624, 4.9245729 ], [ -74.2276456, 4.9246319 ], [ -74.2275868, 4.9248007 ], [ -74.2275615, 4.9248808 ], [ -74.2275447, 4.9249568 ], [ -74.2275363, 4.9250369 ], [ -74.2275406, 4.9251213 ], [ -74.2275658, 4.9251761 ], [ -74.2276373, 4.9252394 ], [ -74.2276878, 4.9252984 ], [ -74.2277088, 4.9253364 ], [ -74.2277152, 4.9253553 ], [ -74.2276899, 4.9253975 ], [ -74.2276163, 4.9254207 ], [ -74.2275533, 4.9254418 ], [ -74.2275091, 4.9254777 ], [ -74.2274124, 4.9255769 ], [ -74.2273304, 4.9256359 ], [ -74.227261, 4.9256802 ], [ -74.2272021, 4.9257456 ], [ -74.2271937, 4.9257773 ], [ -74.2271853, 4.9258469 ], [ -74.227198, 4.9259439 ], [ -74.2272148, 4.9260072 ], [ -74.2271917, 4.9260472 ], [ -74.2270782, 4.9260662 ], [ -74.2269688, 4.9260705 ], [ -74.226891, 4.9260853 ], [ -74.2267943, 4.9261317 ], [ -74.2267648, 4.9261549 ], [ -74.2267165, 4.9261992 ], [ -74.2267039, 4.9262899 ], [ -74.2266976, 4.9263511 ], [ -74.2266976, 4.9264017 ], [ -74.2266934, 4.9264797 ], [ -74.2266766, 4.9265346 ], [ -74.2266661, 4.9266084 ], [ -74.2266577, 4.9266527 ], [ -74.2266409, 4.9267181 ], [ -74.2266094, 4.9267687 ], [ -74.2265547, 4.9267856 ], [ -74.2265105, 4.9267582 ], [ -74.2263781, 4.9267666 ], [ -74.2263024, 4.9267793 ], [ -74.2262372, 4.9268236 ], [ -74.2262162, 4.9268974 ], [ -74.2262078, 4.9269375 ], [ -74.2261804, 4.9269902 ], [ -74.2261447, 4.9270345 ], [ -74.2261174, 4.9270767 ], [ -74.2261069, 4.927121 ], [ -74.2261027, 4.9271695 ], [ -74.2261006, 4.9272897 ], [ -74.2261006, 4.9273783 ], [ -74.2261175, 4.9275492 ], [ -74.2261427, 4.9276504 ], [ -74.2261806, 4.9276968 ], [ -74.2262142, 4.9276926 ], [ -74.2262815, 4.9276925 ], [ -74.2263236, 4.9276967 ], [ -74.2263572, 4.9277305 ], [ -74.2263783, 4.9278064 ], [ -74.2263741, 4.9278781 ], [ -74.2263405, 4.9279878 ], [ -74.2263111, 4.928089 ], [ -74.2262858, 4.9281608 ], [ -74.2262522, 4.9282915 ], [ -74.2262396, 4.9283759 ], [ -74.2262186, 4.9285151 ], [ -74.2262186, 4.9285952 ], [ -74.2261976, 4.9286627 ], [ -74.2261977, 4.9287808 ], [ -74.2262061, 4.9289032 ], [ -74.2262061, 4.9290171 ], [ -74.2261599, 4.9291141 ], [ -74.2261178, 4.9291858 ], [ -74.2261095, 4.9293503 ], [ -74.2261431, 4.929422 ], [ -74.2262147, 4.929557 ], [ -74.2263156, 4.9297257 ], [ -74.2263409, 4.9297847 ], [ -74.2263787, 4.9298564 ], [ -74.2263914, 4.9299788 ], [ -74.2264124, 4.9300927 ], [ -74.2264419, 4.9302192 ], [ -74.2264335, 4.9302867 ], [ -74.2264209, 4.93035 ], [ -74.2263747, 4.9303837 ], [ -74.226299, 4.9304048 ], [ -74.2262569, 4.9304765 ], [ -74.2262485, 4.9305356 ], [ -74.2262275, 4.9306031 ], [ -74.2261602, 4.930717 ], [ -74.226093, 4.9308098 ], [ -74.2260635, 4.9308267 ], [ -74.2259584, 4.9308984 ], [ -74.2258785, 4.9309406 ], [ -74.2258323, 4.930987 ], [ -74.2258112, 4.9310588 ], [ -74.2258701, 4.931122 ], [ -74.2259122, 4.9312148 ], [ -74.2258828, 4.9313667 ], [ -74.2258618, 4.9315607 ], [ -74.2258577, 4.9317337 ], [ -74.2258661, 4.9317969 ], [ -74.2259334, 4.9318728 ], [ -74.2259923, 4.9318981 ], [ -74.2261227, 4.9319234 ], [ -74.2262278, 4.9320752 ], [ -74.2262152, 4.9321343 ], [ -74.2261774, 4.9322229 ], [ -74.226148, 4.9323115 ], [ -74.2261396, 4.9323705 ], [ -74.2261438, 4.9324802 ], [ -74.2261859, 4.932611 ], [ -74.2262238, 4.9326658 ], [ -74.2262658, 4.9327122 ], [ -74.2264004, 4.9327375 ], [ -74.2264467, 4.9327417 ], [ -74.2265182, 4.9327712 ], [ -74.2265561, 4.9329104 ], [ -74.2265477, 4.9330369 ], [ -74.2265519, 4.9331424 ], [ -74.226594, 4.9332309 ], [ -74.2266697, 4.9333195 ], [ -74.2267328, 4.9334165 ], [ -74.2267833, 4.933522 ], [ -74.2267917, 4.9335388 ], [ -74.226838, 4.9336949 ], [ -74.2268801, 4.9338046 ], [ -74.2269054, 4.9339395 ], [ -74.2268802, 4.934007 ], [ -74.2268465, 4.9340577 ], [ -74.2267961, 4.9340661 ], [ -74.2267372, 4.9340872 ], [ -74.2266825, 4.9341758 ], [ -74.2266657, 4.9342053 ], [ -74.2265858, 4.9342602 ], [ -74.2264933, 4.934315 ], [ -74.2264386, 4.9343741 ], [ -74.2263924, 4.9344458 ], [ -74.2263588, 4.9345007 ], [ -74.2263335, 4.9345302 ], [ -74.2262747, 4.9345808 ], [ -74.2262326, 4.9345935 ], [ -74.22618, 4.9346146 ], [ -74.2260707, 4.9346294 ], [ -74.2260055, 4.9346294 ], [ -74.225852, 4.9346716 ], [ -74.2257994, 4.9347286 ], [ -74.2257532, 4.9348045 ], [ -74.2256817, 4.9348678 ], [ -74.2256249, 4.9349416 ], [ -74.2255976, 4.9349691 ], [ -74.2255451, 4.9350302 ], [ -74.2254967, 4.9350872 ], [ -74.2254757, 4.9351231 ], [ -74.2254394, 4.9352217 ], [ -74.2254394, 4.9352913 ], [ -74.2254426, 4.9353735 ], [ -74.2254489, 4.9354305 ], [ -74.2254584, 4.9354874 ], [ -74.2254584, 4.9355412 ], [ -74.2254364, 4.9356076 ], [ -74.2254143, 4.9356424 ], [ -74.2253859, 4.9356583 ], [ -74.2252881, 4.9356836 ], [ -74.2252534, 4.9356899 ], [ -74.2252061, 4.9357058 ], [ -74.225121, 4.9357374 ], [ -74.2250894, 4.9357596 ], [ -74.2250674, 4.935807 ], [ -74.2250453, 4.9358608 ], [ -74.2250074, 4.9359399 ], [ -74.2249948, 4.9359589 ], [ -74.224957, 4.9359779 ], [ -74.2249381, 4.9359874 ], [ -74.2248687, 4.9360095 ], [ -74.2248024, 4.9360254 ], [ -74.2247425, 4.9360444 ], [ -74.2246763, 4.9360729 ], [ -74.2246511, 4.9361235 ], [ -74.2246542, 4.9362121 ], [ -74.2246669, 4.9363449 ], [ -74.2246795, 4.9364936 ], [ -74.2246953, 4.9366233 ], [ -74.224749, 4.9366708 ], [ -74.22479, 4.936715 ], [ -74.2248342, 4.9368289 ], [ -74.2248153, 4.936927 ], [ -74.2247837, 4.9369998 ], [ -74.2247049, 4.9370631 ], [ -74.2246197, 4.9370852 ], [ -74.2245566, 4.9370979 ], [ -74.2244841, 4.9371137 ], [ -74.2244399, 4.9371391 ], [ -74.2244084, 4.937196 ], [ -74.2243958, 4.9372846 ], [ -74.2244053, 4.9373605 ], [ -74.2244337, 4.9374617 ], [ -74.2244463, 4.9375377 ], [ -74.2244495, 4.9376484 ], [ -74.2244148, 4.9377117 ], [ -74.2243455, 4.9378161 ], [ -74.2243139, 4.9378794 ], [ -74.2242666, 4.9379964 ], [ -74.2241909, 4.9379933 ], [ -74.2241152, 4.937949 ], [ -74.2240773, 4.9378162 ], [ -74.2240805, 4.9376833 ], [ -74.2241246, 4.9375283 ], [ -74.224153, 4.9374302 ], [ -74.2241908, 4.9373036 ], [ -74.2242097, 4.9372055 ], [ -74.2241529, 4.937136 ], [ -74.2240866, 4.9370664 ], [ -74.2240046, 4.9370221 ], [ -74.2239005, 4.937 ], [ -74.2237239, 4.9369272 ], [ -74.2236348, 4.9369272 ], [ -74.2235693, 4.9369273 ], [ -74.2234053, 4.9369115 ], [ -74.2233106, 4.9368767 ], [ -74.2232507, 4.9368419 ], [ -74.2231592, 4.9367755 ], [ -74.2231119, 4.9366996 ], [ -74.2230109, 4.9365509 ], [ -74.2229162, 4.936377 ], [ -74.2228089, 4.9361935 ], [ -74.2227017, 4.9360606 ], [ -74.2222883, 4.9355039 ], [ -74.2220517, 4.935254 ], [ -74.221591, 4.9346594 ], [ -74.2214963, 4.9342576 ], [ -74.2214017, 4.9342133 ], [ -74.2213323, 4.934207 ], [ -74.2212314, 4.9342007 ], [ -74.2211241, 4.9342008 ], [ -74.2209948, 4.9341945 ], [ -74.220938, 4.934185 ], [ -74.220509, 4.934125 ], [ -74.2204081, 4.934087 ], [ -74.2201431, 4.9340175 ], [ -74.219916, 4.9339258 ], [ -74.2197677, 4.9338784 ], [ -74.2194491, 4.9338215 ], [ -74.2192535, 4.9338532 ], [ -74.2189066, 4.9338596 ], [ -74.2186416, 4.9339261 ], [ -74.2184871, 4.9339514 ], [ -74.218301, 4.9340084 ], [ -74.2180265, 4.9340496 ], [ -74.2178278, 4.9340781 ], [ -74.2176417, 4.9340876 ], [ -74.2161024, 4.9340816 ], [ -74.2160267, 4.9340405 ], [ -74.2159605, 4.9339962 ], [ -74.2159384, 4.9339171 ], [ -74.215973, 4.9336988 ], [ -74.2160487, 4.9333824 ], [ -74.2160864, 4.9330534 ], [ -74.2160357, 4.9319683 ], [ -74.2160294, 4.9316203 ], [ -74.216149, 4.9307155 ], [ -74.2161837, 4.9304719 ], [ -74.2162277, 4.929972 ], [ -74.2161772, 4.9297221 ], [ -74.2160857, 4.9293425 ], [ -74.2159783, 4.9288806 ], [ -74.2157827, 4.9283618 ], [ -74.2157542, 4.9282036 ], [ -74.2157636, 4.9277101 ], [ -74.2158487, 4.9275614 ], [ -74.2160348, 4.9274854 ], [ -74.2162651, 4.9274284 ], [ -74.2164827, 4.9274157 ], [ -74.2167035, 4.9274094 ], [ -74.2170915, 4.9274441 ], [ -74.21794, 4.9274724 ], [ -74.2184762, 4.9274596 ], [ -74.2189557, 4.9275101 ], [ -74.2192396, 4.927548 ], [ -74.2196749, 4.9275985 ], [ -74.2200029, 4.9276364 ], [ -74.220249, 4.9276364 ], [ -74.2203309, 4.9273706 ], [ -74.2203873, 4.9253459 ], [ -74.218766, 4.9253589 ], [ -74.2187533, 4.9251975 ], [ -74.2187817, 4.925052 ], [ -74.2188006, 4.924878 ], [ -74.21881, 4.9247704 ], [ -74.2188384, 4.9246629 ], [ -74.2189204, 4.9246091 ], [ -74.2190497, 4.9245711 ], [ -74.219097, 4.92459 ], [ -74.2191759, 4.9246058 ], [ -74.2192326, 4.9245837 ], [ -74.2192799, 4.924552 ], [ -74.2193588, 4.9245141 ], [ -74.2194471, 4.9245299 ], [ -74.2195165, 4.9245994 ], [ -74.2195166, 4.924745 ], [ -74.219526, 4.9248051 ], [ -74.2195607, 4.924862 ], [ -74.2196144, 4.9249316 ], [ -74.2196586, 4.924998 ], [ -74.2197153, 4.9250202 ], [ -74.2197784, 4.9249917 ], [ -74.2198099, 4.9249157 ], [ -74.2198162, 4.9248398 ], [ -74.2198415, 4.9247639 ], [ -74.2198824, 4.9247196 ], [ -74.2199644, 4.9246689 ], [ -74.2200622, 4.9246341 ], [ -74.2201978, 4.924593 ], [ -74.2202704, 4.924574 ], [ -74.2203429, 4.9245581 ], [ -74.2203839, 4.9245486 ], [ -74.2204407, 4.9245296 ], [ -74.2204975, 4.9245771 ], [ -74.2205322, 4.9246056 ], [ -74.2206048, 4.9246403 ], [ -74.2206742, 4.9246498 ], [ -74.2206647, 4.9244632 ], [ -74.2207498, 4.9244378 ], [ -74.2208602, 4.9244346 ], [ -74.2209485, 4.9244125 ], [ -74.2210211, 4.9243872 ], [ -74.2210873, 4.9243682 ], [ -74.2211788, 4.9243397 ], [ -74.2212481, 4.9242479 ], [ -74.2212844, 4.9241688 ], [ -74.221286, 4.924066 ], [ -74.2213269, 4.9239901 ], [ -74.2213664, 4.9239584 ], [ -74.2214468, 4.9239362 ], [ -74.2215446, 4.9239489 ], [ -74.2215919, 4.9239552 ], [ -74.2216644, 4.9239568 ], [ -74.2217196, 4.9239409 ], [ -74.2217449, 4.9238777 ], [ -74.2217054, 4.9238176 ], [ -74.2216313, 4.923767 ], [ -74.2215934, 4.9237385 ], [ -74.2215682, 4.9236388 ], [ -74.2215713, 4.9235582 ], [ -74.2215807, 4.9234538 ], [ -74.2215807, 4.9233494 ], [ -74.2216533, 4.9232671 ], [ -74.2216816, 4.9232133 ], [ -74.2216879, 4.923131 ], [ -74.2216122, 4.9230678 ], [ -74.2215397, 4.9230393 ], [ -74.2214703, 4.9230204 ], [ -74.2214103, 4.9230109 ], [ -74.2213441, 4.9230077 ], [ -74.2212589, 4.9229983 ], [ -74.221158, 4.9230015 ], [ -74.2210981, 4.9230331 ], [ -74.2210366, 4.9230568 ], [ -74.2209719, 4.9230505 ], [ -74.2209482, 4.9230268 ], [ -74.220934, 4.9229667 ], [ -74.2209514, 4.9229129 ], [ -74.2209797, 4.9228655 ], [ -74.221027, 4.9227864 ], [ -74.2210459, 4.9227278 ], [ -74.221027, 4.9226551 ], [ -74.2209292, 4.9225981 ], [ -74.2208456, 4.9225823 ], [ -74.220781, 4.9225713 ], [ -74.2207037, 4.9225571 ], [ -74.2206201, 4.9225333 ], [ -74.2205743, 4.9224906 ], [ -74.220538, 4.9224274 ], [ -74.2204923, 4.9223625 ], [ -74.2204576, 4.9223325 ], [ -74.2204008, 4.9223262 ], [ -74.220322, 4.9223072 ], [ -74.2202809, 4.9222882 ], [ -74.2202352, 4.922236 ], [ -74.2202036, 4.9222092 ], [ -74.2201611, 4.922187 ], [ -74.2201153, 4.9221807 ], [ -74.2201011, 4.9221855 ], [ -74.2200223, 4.9221997 ], [ -74.2199844, 4.9222219 ], [ -74.2199513, 4.9222424 ], [ -74.2199245, 4.9222488 ], [ -74.2198835, 4.9222266 ], [ -74.2198803, 4.9221887 ], [ -74.2199071, 4.9221365 ], [ -74.2199324, 4.9220985 ], [ -74.2199734, 4.9220589 ], [ -74.220049, 4.9219909 ], [ -74.2201405, 4.9219877 ], [ -74.2202257, 4.9219861 ], [ -74.2202698, 4.9219861 ], [ -74.2203408, 4.9219972 ], [ -74.2204102, 4.9220082 ], [ -74.2204828, 4.9220145 ], [ -74.2205648, 4.9219892 ], [ -74.2206058, 4.9219512 ], [ -74.2206499, 4.9218864 ], [ -74.2207004, 4.9218168 ], [ -74.2207713, 4.9217329 ], [ -74.220806, 4.9217044 ], [ -74.2208707, 4.9216775 ], [ -74.220959, 4.9217123 ], [ -74.2209874, 4.9217946 ], [ -74.2210095, 4.9219084 ], [ -74.2210269, 4.9219717 ], [ -74.2210821, 4.9220318 ], [ -74.2211625, 4.9220239 ], [ -74.2212382, 4.9219938 ], [ -74.221265, 4.9219464 ], [ -74.2213028, 4.9219147 ], [ -74.2213675, 4.9218831 ], [ -74.2214243, 4.921872 ], [ -74.2214937, 4.9218609 ], [ -74.2215867, 4.9218055 ], [ -74.2216466, 4.9217675 ], [ -74.221727, 4.9216932 ], [ -74.2218453, 4.9216678 ], [ -74.2219431, 4.9216694 ], [ -74.2220361, 4.9216583 ], [ -74.2221287, 4.9215759 ], [ -74.2221639, 4.9215222 ], [ -74.2222869, 4.9214399 ], [ -74.22232, 4.921421 ], [ -74.2224556, 4.9214051 ], [ -74.2225818, 4.9214019 ], [ -74.2227836, 4.9213702 ], [ -74.2229003, 4.9213449 ], [ -74.2229824, 4.9213259 ], [ -74.2230675, 4.9213037 ], [ -74.2231337, 4.9212563 ], [ -74.2232378, 4.9211518 ], [ -74.2232946, 4.9210253 ], [ -74.2232882, 4.9209082 ], [ -74.2232567, 4.9208102 ], [ -74.2232756, 4.9206963 ], [ -74.2232503, 4.9205539 ], [ -74.2232187, 4.9204242 ], [ -74.2231903, 4.9202787 ], [ -74.2231556, 4.9201237 ], [ -74.2230924, 4.9199339 ], [ -74.2230293, 4.9198437 ], [ -74.222982, 4.9197631 ], [ -74.2229568, 4.9197283 ], [ -74.2229284, 4.9196729 ], [ -74.222922, 4.9196096 ], [ -74.2229347, 4.9195622 ], [ -74.223004, 4.919453 ], [ -74.223168, 4.9193423 ], [ -74.2233226, 4.9192584 ], [ -74.2234109, 4.9192378 ], [ -74.2235008, 4.919233 ], [ -74.2235434, 4.919252 ], [ -74.2235812, 4.9192852 ], [ -74.2236128, 4.9193343 ], [ -74.2236475, 4.9194086 ], [ -74.2236601, 4.9194529 ], [ -74.2236885, 4.9195241 ], [ -74.2237138, 4.9195778 ], [ -74.2237469, 4.9196158 ], [ -74.223821, 4.9196458 ], [ -74.2238794, 4.919649 ], [ -74.2239488, 4.9196142 ], [ -74.2240371, 4.9195382 ], [ -74.2241033, 4.9194623 ], [ -74.2242294, 4.9194543 ], [ -74.2247972, 4.9194558 ], [ -74.2248729, 4.9194368 ], [ -74.2249076, 4.9193767 ], [ -74.2249328, 4.9193324 ], [ -74.224999, 4.9192849 ], [ -74.2250432, 4.9192659 ], [ -74.2251063, 4.9192533 ], [ -74.225223, 4.9192184 ], [ -74.2252797, 4.9191773 ], [ -74.2253302, 4.9191203 ], [ -74.225368, 4.9189874 ], [ -74.2253759, 4.9189495 ], [ -74.2254185, 4.9188767 ], [ -74.2254847, 4.9187723 ], [ -74.2255667, 4.91866 ], [ -74.225677, 4.9185255 ], [ -74.2257291, 4.9184416 ], [ -74.2258063, 4.9183878 ], [ -74.2258931, 4.9183641 ], [ -74.2259625, 4.9183752 ], [ -74.2260539, 4.9184147 ], [ -74.2261013, 4.918459 ], [ -74.2261817, 4.9184542 ], [ -74.2262337, 4.9184542 ], [ -74.2263047, 4.9184194 ], [ -74.226341, 4.9184004 ], [ -74.2264309, 4.9184178 ], [ -74.2265145, 4.9184937 ], [ -74.2265429, 4.9185126 ], [ -74.2265902, 4.9185237 ], [ -74.2266533, 4.9185427 ], [ -74.2267479, 4.9185458 ], [ -74.226822, 4.9185031 ], [ -74.226934, 4.9184082 ], [ -74.2269797, 4.9183512 ], [ -74.2270223, 4.9182974 ], [ -74.2270648, 4.9182531 ], [ -74.2271106, 4.9182135 ], [ -74.2271531, 4.9181993 ], [ -74.2272068, 4.9182373 ], [ -74.2272178, 4.9183005 ], [ -74.2271879, 4.9183685 ], [ -74.2271012, 4.918473 ], [ -74.2270129, 4.9185695 ], [ -74.226975, 4.9186154 ], [ -74.2269261, 4.9186581 ], [ -74.2268804, 4.9187071 ], [ -74.2268426, 4.9187878 ], [ -74.2268032, 4.9189191 ], [ -74.2267969, 4.9189919 ], [ -74.226789, 4.9190947 ], [ -74.2267906, 4.9191311 ], [ -74.2268317, 4.919275 ], [ -74.2268585, 4.9193272 ], [ -74.2268979, 4.9193683 ], [ -74.2269437, 4.9193984 ], [ -74.2269926, 4.9194142 ], [ -74.2271077, 4.9194331 ], [ -74.2271613, 4.9194521 ], [ -74.2271976, 4.9194901 ], [ -74.2272213, 4.9195454 ], [ -74.2272386, 4.9196134 ], [ -74.2272528, 4.9196435 ], [ -74.2272781, 4.9196862 ], [ -74.2272907, 4.9197036 ], [ -74.2273774, 4.9197336 ], [ -74.2274594, 4.9197304 ], [ -74.2275383, 4.9197083 ], [ -74.2276487, 4.919664 ], [ -74.2277496, 4.919569 ], [ -74.2278411, 4.9195152 ], [ -74.2279609, 4.9194329 ], [ -74.2281154, 4.9193538 ], [ -74.2281785, 4.9193095 ], [ -74.2283141, 4.9192272 ], [ -74.2285002, 4.9191259 ], [ -74.2286074, 4.919088 ], [ -74.2288598, 4.918974 ], [ -74.2289323, 4.9188917 ], [ -74.2292319, 4.9186069 ], [ -74.2293612, 4.918512 ], [ -74.229481, 4.9183949 ], [ -74.2296545, 4.9182272 ], [ -74.2297491, 4.9181133 ], [ -74.2298941, 4.9179962 ], [ -74.2300423, 4.9178633 ], [ -74.2301338, 4.9177367 ], [ -74.2302063, 4.9176133 ], [ -74.2303577, 4.917414 ], [ -74.2304617, 4.9172273 ], [ -74.2305216, 4.9171197 ], [ -74.2306824, 4.9169109 ], [ -74.2308117, 4.9166704 ], [ -74.2310924, 4.9164078 ], [ -74.2311933, 4.9163129 ], [ -74.2312658, 4.9161863 ], [ -74.2314834, 4.9159774 ], [ -74.2316253, 4.9158509 ], [ -74.2317262, 4.9157464 ], [ -74.231865, 4.9156641 ], [ -74.2320069, 4.9155439 ], [ -74.232193, 4.9154743 ], [ -74.232357, 4.9154679 ], [ -74.2325021, 4.9154647 ], [ -74.232644, 4.9153951 ], [ -74.232849, 4.9152969 ], [ -74.2329468, 4.9152178 ], [ -74.2331423, 4.9151165 ], [ -74.2332337, 4.9149204 ], [ -74.2333725, 4.9146293 ], [ -74.2334292, 4.9143635 ], [ -74.2334607, 4.9141294 ], [ -74.2334922, 4.9138953 ], [ -74.2335867, 4.9135726 ], [ -74.2340154, 4.9123956 ], [ -74.2341604, 4.911959 ], [ -74.2343306, 4.9114781 ], [ -74.2385013, 4.9085444 ], [ -74.2387489, 4.9083877 ], [ -74.2389366, 4.9082896 ], [ -74.239169, 4.9081426 ], [ -74.2392787, 4.908089 ], [ -74.2393232, 4.9080533 ], [ -74.2394151, 4.9079878 ], [ -74.2395693, 4.9078777 ], [ -74.2396725, 4.9077967 ], [ -74.239971, 4.9075562 ], [ -74.2400846, 4.9074591 ], [ -74.2407699, 4.906957 ], [ -74.2417707, 4.9061848 ], [ -74.242393, 4.9057797 ], [ -74.2432003, 4.9051299 ], [ -74.2436881, 4.9047839 ], [ -74.2439277, 4.9046109 ], [ -74.2441464, 4.9044801 ], [ -74.244344, 4.9043746 ], [ -74.2444912, 4.9043239 ], [ -74.2445711, 4.9043197 ], [ -74.2446426, 4.9042648 ], [ -74.2446552, 4.9041636 ], [ -74.2446804, 4.9041003 ], [ -74.2447225, 4.9040792 ], [ -74.2447982, 4.9040792 ], [ -74.2448318, 4.9041045 ], [ -74.2448865, 4.9041382 ], [ -74.2449243, 4.904134 ], [ -74.2449748, 4.9040665 ], [ -74.2449958, 4.9040117 ], [ -74.2450967, 4.9039526 ], [ -74.2451135, 4.9039484 ], [ -74.2451976, 4.9038893 ], [ -74.2452607, 4.903653 ], [ -74.2452817, 4.9035602 ], [ -74.2453574, 4.903497 ], [ -74.2454246, 4.9034801 ], [ -74.2454961, 4.9034674 ], [ -74.2455424, 4.9034632 ], [ -74.2456223, 4.9034674 ], [ -74.2456601, 4.9034463 ], [ -74.2456938, 4.9033492 ], [ -74.2457905, 4.9032817 ], [ -74.245883, 4.9032522 ], [ -74.2459671, 4.9032437 ], [ -74.2460912, 4.9032373 ], [ -74.2461374, 4.9032331 ], [ -74.2461774, 4.9032078 ], [ -74.2462173, 4.9031487 ], [ -74.2462509, 4.9030918 ], [ -74.2462951, 4.9030243 ], [ -74.2463182, 4.9029969 ], [ -74.246396, 4.9029568 ], [ -74.2464927, 4.9029272 ], [ -74.24656, 4.9029209 ], [ -74.2465915, 4.902923 ], [ -74.2466693, 4.9029293 ], [ -74.2467577, 4.902925 ], [ -74.2468081, 4.902866 ], [ -74.2468628, 4.9028364 ], [ -74.2469385, 4.902828 ], [ -74.2470016, 4.9028406 ], [ -74.2471193, 4.90279 ], [ -74.2472034, 4.9027309 ], [ -74.2473337, 4.9026085 ], [ -74.2484732, 4.9017688 ], [ -74.2485405, 4.9017308 ], [ -74.248591, 4.901676 ], [ -74.2486372, 4.901638 ], [ -74.2486709, 4.9016127 ], [ -74.248755, 4.9015747 ], [ -74.2487886, 4.9015747 ], [ -74.2488559, 4.9015494 ], [ -74.2489232, 4.9015367 ], [ -74.2489989, 4.9015114 ], [ -74.2490745, 4.9014607 ], [ -74.2491292, 4.9013806 ], [ -74.2491712, 4.9013342 ], [ -74.2492385, 4.9012709 ], [ -74.249289, 4.9012455 ], [ -74.2493773, 4.9011991 ], [ -74.2494025, 4.9011063 ], [ -74.2494529, 4.901043 ], [ -74.249495, 4.9010135 ], [ -74.2495635, 4.9009908 ], [ -74.2496127, 4.9009755 ], [ -74.2496842, 4.9009502 ], [ -74.2497473, 4.90087 ], [ -74.2498061, 4.9007688 ], [ -74.2498776, 4.9007097 ], [ -74.2499239, 4.9006759 ], [ -74.2500164, 4.9006464 ], [ -74.2500795, 4.9006379 ], [ -74.2501552, 4.9006253 ], [ -74.250194, 4.9005904 ], [ -74.2502245, 4.9005409 ], [ -74.2502518, 4.9004997 ], [ -74.2502676, 4.9004691 ], [ -74.2503202, 4.900428 ], [ -74.250398, 4.9004185 ], [ -74.2504842, 4.9004164 ], [ -74.2505294, 4.9004174 ], [ -74.2506082, 4.9004385 ], [ -74.2506419, 4.9004227 ], [ -74.2506944, 4.9003847 ], [ -74.2507218, 4.9003256 ], [ -74.2507638, 4.9003045 ], [ -74.2508584, 4.9003129 ], [ -74.2509005, 4.9003319 ], [ -74.2509321, 4.9003424 ], [ -74.2509573, 4.9003424 ], [ -74.2509404, 4.900199 ], [ -74.2508605, 4.900005 ], [ -74.25081, 4.8998911 ], [ -74.2507805, 4.8997519 ], [ -74.2507342, 4.8996338 ], [ -74.2507089, 4.8994989 ], [ -74.2507005, 4.8993597 ], [ -74.2507341, 4.899153 ], [ -74.2508392, 4.899039 ], [ -74.2511251, 4.8987184 ], [ -74.2512681, 4.8986466 ], [ -74.2513774, 4.8986129 ], [ -74.2515246, 4.8985917 ], [ -74.2515708, 4.8986128 ], [ -74.251697, 4.898714 ], [ -74.2517601, 4.8987941 ], [ -74.2518232, 4.8988616 ], [ -74.2518779, 4.8989671 ], [ -74.25192, 4.8990852 ], [ -74.2519663, 4.8992033 ], [ -74.2520336, 4.899334 ], [ -74.2520505, 4.8993635 ], [ -74.2521136, 4.8993762 ], [ -74.2521682, 4.8992665 ], [ -74.2522228, 4.8991694 ], [ -74.2524079, 4.8990513 ], [ -74.2525929, 4.8989964 ], [ -74.2528368, 4.8989499 ], [ -74.2530008, 4.8989161 ], [ -74.2532237, 4.8988613 ], [ -74.2535096, 4.8987304 ], [ -74.2536526, 4.8986376 ], [ -74.2537661, 4.8985827 ], [ -74.2539175, 4.8984603 ], [ -74.2541235, 4.8983464 ], [ -74.2542286, 4.8982662 ], [ -74.2543254, 4.8982578 ], [ -74.2544894, 4.8982577 ], [ -74.2545777, 4.8982577 ], [ -74.2547249, 4.8981691 ], [ -74.2547837, 4.8980931 ], [ -74.2549225, 4.8980087 ], [ -74.255137, 4.8979834 ], [ -74.2552253, 4.8979665 ], [ -74.2554019, 4.8979411 ], [ -74.2555322, 4.8978862 ], [ -74.255692, 4.8978145 ], [ -74.2557929, 4.8977343 ], [ -74.2558476, 4.8976457 ], [ -74.2558476, 4.8975867 ], [ -74.2558812, 4.8974348 ], [ -74.2559274, 4.8973293 ], [ -74.2559989, 4.8972323 ], [ -74.256083, 4.8971648 ], [ -74.2561587, 4.897131 ], [ -74.2562217, 4.8970635 ], [ -74.2562638, 4.896996 ], [ -74.2563016, 4.8969116 ], [ -74.256352, 4.896861 ], [ -74.2564866, 4.8967766 ], [ -74.2565496, 4.8965193 ], [ -74.2566127, 4.8963969 ], [ -74.2567766, 4.8961354 ], [ -74.2569322, 4.8960256 ], [ -74.257092, 4.8959497 ], [ -74.2572013, 4.8958779 ], [ -74.2573316, 4.8957176 ], [ -74.257382, 4.8955025 ], [ -74.2573736, 4.8954265 ], [ -74.2573568, 4.8953633 ], [ -74.2573189, 4.8952494 ], [ -74.2572894, 4.8951271 ], [ -74.2573188, 4.8950807 ], [ -74.2573861, 4.895068 ], [ -74.2574702, 4.8950806 ], [ -74.2575207, 4.8950722 ], [ -74.2575127, 4.8951057 ] ] ], [ [ [ -74.2476813, 4.9372558 ], [ -74.2476216, 4.9373578 ], [ -74.2475346, 4.9374976 ], [ -74.2475081, 4.9375373 ], [ -74.2474559, 4.9376093 ], [ -74.2474137, 4.9376621 ], [ -74.2473847, 4.9376951 ], [ -74.2473272, 4.9377543 ], [ -74.2472665, 4.9378109 ], [ -74.2472327, 4.9378399 ], [ -74.2471753, 4.937886 ], [ -74.2470678, 4.9379651 ], [ -74.2469783, 4.9380268 ], [ -74.2467909, 4.9381492 ], [ -74.2467638, 4.9381669 ], [ -74.246583, 4.9382794 ], [ -74.246458, 4.938355 ], [ -74.246206, 4.938506 ], [ -74.246022, 4.9386197 ], [ -74.2459171, 4.938688 ], [ -74.2458656, 4.9387231 ], [ -74.2457891, 4.9387781 ], [ -74.2457129, 4.9388371 ], [ -74.2456748, 4.9388684 ], [ -74.2455537, 4.9389998 ], [ -74.2455067, 4.9390594 ], [ -74.2454536, 4.9391429 ], [ -74.2454279, 4.9391785 ], [ -74.2453623, 4.9392674 ], [ -74.2453384, 4.9393901 ], [ -74.2453278, 4.9395359 ], [ -74.2452924, 4.9397315 ], [ -74.2452463, 4.9398418 ], [ -74.2452109, 4.9399805 ], [ -74.2451507, 4.9401263 ], [ -74.2450727, 4.9402685 ], [ -74.2449841, 4.9404037 ], [ -74.2448387, 4.9404322 ], [ -74.2447111, 4.9404784 ], [ -74.244587, 4.9405069 ], [ -74.2444346, 4.9405318 ], [ -74.2442431, 4.9406172 ], [ -74.2441368, 4.9407133 ], [ -74.2440754, 4.940976 ], [ -74.2440092, 4.94114 ], [ -74.2439242, 4.9413641 ], [ -74.2438852, 4.9414815 ], [ -74.2438108, 4.9416842 ], [ -74.2436903, 4.9418585 ], [ -74.2435911, 4.9420683 ], [ -74.2434848, 4.9423066 ], [ -74.2433714, 4.9425626 ], [ -74.243258, 4.9428045 ], [ -74.2430595, 4.9429895 ], [ -74.2428928, 4.9431246 ], [ -74.2427794, 4.9432242 ], [ -74.2426872, 4.9432812 ], [ -74.2425738, 4.9433416 ], [ -74.2424958, 4.943427 ], [ -74.2424497, 4.9435373 ], [ -74.2423435, 4.943617 ], [ -74.2423186, 4.9437862 ], [ -74.2422655, 4.9439071 ], [ -74.2422159, 4.9440707 ], [ -74.2421379, 4.9441739 ], [ -74.2420634, 4.9442415 ], [ -74.2419925, 4.9443233 ], [ -74.2418543, 4.944398 ], [ -74.2417231, 4.9444265 ], [ -74.24156, 4.9443838 ], [ -74.2413898, 4.9443732 ], [ -74.2412019, 4.9443875 ], [ -74.2410175, 4.9444337 ], [ -74.2408934, 4.9444516 ], [ -74.2408083, 4.9444836 ], [ -74.2406736, 4.9444978 ], [ -74.2405353, 4.9445014 ], [ -74.2404219, 4.9445299 ], [ -74.2403003, 4.9445695 ], [ -74.2402348, 4.9446079 ], [ -74.2401106, 4.9446831 ], [ -74.2400199, 4.9447415 ], [ -74.2399282, 4.9448052 ], [ -74.2398809, 4.9448399 ], [ -74.2398324, 4.944877 ], [ -74.2397483, 4.945003 ], [ -74.2394115, 4.9453303 ], [ -74.2392875, 4.9454725 ], [ -74.2391847, 4.9455721 ], [ -74.2390836, 4.945654 ], [ -74.2388562, 4.9454867 ], [ -74.2387173, 4.9454065 ], [ -74.2385617, 4.9452336 ], [ -74.2384985, 4.9450101 ], [ -74.2384985, 4.9447064 ], [ -74.2385279, 4.9445166 ], [ -74.2385741, 4.9442888 ], [ -74.2387002, 4.9439597 ], [ -74.2388011, 4.943791 ], [ -74.2388557, 4.9436475 ], [ -74.238944, 4.9434746 ], [ -74.2390281, 4.9432932 ], [ -74.2391374, 4.9430611 ], [ -74.239335, 4.9427742 ], [ -74.2394358, 4.9425802 ], [ -74.2395914, 4.9423355 ], [ -74.2397386, 4.942133 ], [ -74.2399067, 4.9419727 ], [ -74.2400749, 4.9418208 ], [ -74.2402642, 4.9416942 ], [ -74.2403861, 4.9415929 ], [ -74.2405585, 4.941441 ], [ -74.2406931, 4.9412722 ], [ -74.2407435, 4.9411752 ], [ -74.2408402, 4.9408799 ], [ -74.2408654, 4.9406985 ], [ -74.2409158, 4.9405171 ], [ -74.240962, 4.9403315 ], [ -74.2410503, 4.9401881 ], [ -74.241147, 4.9400446 ], [ -74.2412942, 4.9399349 ], [ -74.2413951, 4.9398505 ], [ -74.2415885, 4.9397239 ], [ -74.2419123, 4.9395804 ], [ -74.2420553, 4.939534 ], [ -74.2422782, 4.9394454 ], [ -74.2424044, 4.9394116 ], [ -74.2425095, 4.939361 ], [ -74.2427113, 4.9392976 ], [ -74.2427786, 4.9392765 ], [ -74.2429637, 4.9392259 ], [ -74.2431067, 4.9391879 ], [ -74.2433043, 4.9391161 ], [ -74.2434515, 4.9390654 ], [ -74.2436029, 4.9390232 ], [ -74.2436786, 4.9389895 ], [ -74.243809, 4.9389346 ], [ -74.2440024, 4.9388249 ], [ -74.2441159, 4.9387194 ], [ -74.2442631, 4.9385886 ], [ -74.2443808, 4.938462 ], [ -74.2444859, 4.9383565 ], [ -74.2445742, 4.9382637 ], [ -74.2446247, 4.9381329 ], [ -74.2447088, 4.9380275 ], [ -74.2447844, 4.9379009 ], [ -74.2448685, 4.9377785 ], [ -74.244982, 4.937614 ], [ -74.2450745, 4.9374368 ], [ -74.245188, 4.9372849 ], [ -74.2452932, 4.9371837 ], [ -74.2454151, 4.9370908 ], [ -74.2455328, 4.9370149 ], [ -74.2456632, 4.9369474 ], [ -74.2458651, 4.9368756 ], [ -74.2460754, 4.9368671 ], [ -74.2462688, 4.9368586 ], [ -74.246437, 4.9368586 ], [ -74.246681, 4.9368712 ], [ -74.2468324, 4.9368838 ], [ -74.2470385, 4.9369048 ], [ -74.2471562, 4.9369217 ], [ -74.2473497, 4.9369554 ], [ -74.2474296, 4.9369722 ], [ -74.247518, 4.9369891 ], [ -74.2476021, 4.9370186 ], [ -74.2476904, 4.9370523 ], [ -74.247787, 4.9370638 ], [ -74.2476813, 4.9372558 ] ] ] ] } },
{ "type": "Feature", "properties": { "MpNombre": "Area Prot Infraest SP", "Clas_CIAF": "3a" }, "geometry": { "type": "MultiPolygon", "coordinates": [ [ [ [ -74.2605191, 4.8250543 ], [ -74.2606154, 4.8250422 ], [ -74.260698, 4.825025 ], [ -74.2607341, 4.8250224 ], [ -74.2608625, 4.8250118 ], [ -74.2608891, 4.8250059 ], [ -74.2609076, 4.8249999 ], [ -74.2609272, 4.8249902 ], [ -74.2609461, 4.8249835 ], [ -74.2610214, 4.8249679 ], [ -74.261037, 4.824961 ], [ -74.2610489, 4.8249522 ], [ -74.2610527, 4.8249444 ], [ -74.2610768, 4.8249377 ], [ -74.2611115, 4.8249251 ], [ -74.2611399, 4.824914 ], [ -74.2611683, 4.8248981 ], [ -74.2612424, 4.8248412 ], [ -74.2613055, 4.8248791 ], [ -74.2614963, 4.8249819 ], [ -74.2616083, 4.8250372 ], [ -74.2617202, 4.82511 ], [ -74.2617912, 4.8251368 ], [ -74.2620004, 4.8253316 ], [ -74.2622092, 4.8255258 ], [ -74.2622124, 4.8255875 ], [ -74.2621533, 4.8257517 ], [ -74.2618825, 4.8257503 ], [ -74.2617638, 4.8257572 ], [ -74.2615953, 4.8257572 ], [ -74.2615213, 4.8257754 ], [ -74.2611188, 4.8257789 ], [ -74.2609726, 4.8257962 ], [ -74.2608685, 4.8258049 ], [ -74.2608031, 4.8258135 ], [ -74.2604462, 4.8258059 ], [ -74.2605191, 4.8250543 ] ] ], [ [ [ -74.2639575, 4.8591784 ], [ -74.2647427, 4.8587322 ], [ -74.2652353, 4.8595331 ], [ -74.2643943, 4.8600096 ], [ -74.2639575, 4.8591784 ] ] ] ] } },
{ "type": "Feature", "properties": { "MpNombre": "Area Zona Institucional", "Clas_CIAF": "1a" }, "geometry": { "type": "Polygon", "coordinates": [ [ [ -74.2652353, 4.8595331 ], [ -74.2647427, 4.8587322 ], [ -74.2639575, 4.8591784 ], [ -74.2616939, 4.8553121 ], [ -74.2656167, 4.8542429 ], [ -74.2643408, 4.8520115 ], [ -74.2663133, 4.8515922 ], [ -74.2675112, 4.8537224 ], [ -74.2695131, 4.8571092 ], [ -74.2652353, 4.8595331 ] ] ] } },
{ "type": "Feature", "properties": { "MpNombre": "Area expansion urbana", "Clas_CIAF": "1a" }, "geometry": { "type": "MultiPolygon", "coordinates": [ [ [ [ -74.2560111, 4.8350675 ], [ -74.255724, 4.8344498 ], [ -74.2560591, 4.8342438 ], [ -74.2559167, 4.8336465 ], [ -74.2559866, 4.8336569 ], [ -74.2562139, 4.8335608 ], [ -74.2565598, 4.8348001 ], [ -74.2560111, 4.8350675 ] ] ], [ [ [ -74.2621309, 4.8481629 ], [ -74.2617639, 4.8481032 ], [ -74.2604842, 4.8486834 ], [ -74.2603347, 4.8473282 ], [ -74.2607923, 4.8473155 ], [ -74.260845, 4.8471705 ], [ -74.2608358, 4.8470451 ], [ -74.260814, 4.8469669 ], [ -74.2606982, 4.8468841 ], [ -74.2605651, 4.8468519 ], [ -74.2604229, 4.8468773 ], [ -74.2600718, 4.8468135 ], [ -74.2599917, 4.8467738 ], [ -74.2597784, 4.8467808 ], [ -74.2596729, 4.8468498 ], [ -74.2596293, 4.8469281 ], [ -74.2596225, 4.84705 ], [ -74.2596271, 4.8472663 ], [ -74.259634, 4.8474251 ], [ -74.2596868, 4.8474895 ], [ -74.2597809, 4.847616 ], [ -74.2598314, 4.8477149 ], [ -74.2598612, 4.8478759 ], [ -74.2598521, 4.8479749 ], [ -74.2599003, 4.8479979 ], [ -74.2599049, 4.8480623 ], [ -74.2598132, 4.8482257 ], [ -74.2597834, 4.8483499 ], [ -74.258905, 4.8487666 ], [ -74.2583225, 4.8491625 ], [ -74.2577768, 4.8500738 ], [ -74.2569467, 4.8509184 ], [ -74.2566417, 4.851183 ], [ -74.255963, 4.8518827 ], [ -74.2551551, 4.851195 ], [ -74.2556073, 4.8502935 ], [ -74.2544571, 4.8491594 ], [ -74.2531287, 4.8478581 ], [ -74.2540012, 4.8457395 ], [ -74.2539968, 4.845484 ], [ -74.2546408, 4.843955 ], [ -74.2583697, 4.8422027 ], [ -74.2583437, 4.8430179 ], [ -74.2574525, 4.8439465 ], [ -74.2588445, 4.843798 ], [ -74.2589575, 4.8434513 ], [ -74.2590643, 4.8432936 ], [ -74.2591491, 4.8431738 ], [ -74.2592277, 4.8431108 ], [ -74.2593533, 4.8430288 ], [ -74.2594382, 4.8429153 ], [ -74.2595418, 4.8427072 ], [ -74.2595512, 4.8426032 ], [ -74.2595574, 4.8424708 ], [ -74.2595606, 4.8424015 ], [ -74.2595857, 4.8423195 ], [ -74.2596799, 4.8421997 ], [ -74.2597616, 4.842035 ], [ -74.2600193, 4.8422241 ], [ -74.2602912, 4.8425187 ], [ -74.2603464, 4.8434154 ], [ -74.2608192, 4.8430528 ], [ -74.2608821, 4.843011 ], [ -74.2609088, 4.8430284 ], [ -74.2610015, 4.8431134 ], [ -74.2610423, 4.8431402 ], [ -74.2613661, 4.8434534 ], [ -74.2615209, 4.8435944 ], [ -74.2616383, 4.8436917 ], [ -74.2618222, 4.8438776 ], [ -74.2618867, 4.8439469 ], [ -74.2619794, 4.8440383 ], [ -74.2620658, 4.8440903 ], [ -74.2621837, 4.8441864 ], [ -74.2622874, 4.8442573 ], [ -74.2624037, 4.8443439 ], [ -74.2625184, 4.844429 ], [ -74.2626457, 4.8445125 ], [ -74.2627431, 4.844585 ], [ -74.2628782, 4.8446621 ], [ -74.2630401, 4.8447819 ], [ -74.2631579, 4.8448559 ], [ -74.2633135, 4.8449772 ], [ -74.2634644, 4.8450717 ], [ -74.2636294, 4.8451993 ], [ -74.2637718, 4.8452918 ], [ -74.2640298, 4.8454788 ], [ -74.2640821, 4.8454997 ], [ -74.2641615, 4.8455927 ], [ -74.2642212, 4.8456061 ], [ -74.2642566, 4.8456526 ], [ -74.2643124, 4.8456644 ], [ -74.2643792, 4.8457116 ], [ -74.2644411, 4.845763 ], [ -74.2645025, 4.8457943 ], [ -74.2645434, 4.8458392 ], [ -74.2646353, 4.8458833 ], [ -74.2647319, 4.8459582 ], [ -74.2648034, 4.8460354 ], [ -74.2648663, 4.846048 ], [ -74.2648954, 4.8461354 ], [ -74.2652506, 4.8464663 ], [ -74.2653794, 4.8466743 ], [ -74.2654612, 4.8468697 ], [ -74.2655178, 4.847043 ], [ -74.2656656, 4.847478 ], [ -74.2658446, 4.8475693 ], [ -74.2659045, 4.847626 ], [ -74.2660239, 4.8478246 ], [ -74.2660994, 4.8480294 ], [ -74.2661943, 4.8483832 ], [ -74.2628742, 4.8487793 ], [ -74.2621309, 4.8481629 ] ] ], [ [ [ -74.27231, 4.8538471 ], [ -74.2722721, 4.8539062 ], [ -74.2722301, 4.8540243 ], [ -74.2721334, 4.8541382 ], [ -74.272062, 4.8541973 ], [ -74.2719527, 4.8543112 ], [ -74.2718518, 4.8546951 ], [ -74.2716837, 4.8548765 ], [ -74.2715155, 4.8550748 ], [ -74.2710951, 4.8554335 ], [ -74.27099, 4.8555517 ], [ -74.2709143, 4.8556698 ], [ -74.2708555, 4.8558174 ], [ -74.2706664, 4.8562688 ], [ -74.2705004, 4.8567044 ], [ -74.2704563, 4.8568848 ], [ -74.270387, 4.8571094 ], [ -74.270303, 4.8574089 ], [ -74.2702931, 4.8574863 ], [ -74.270018, 4.8580156 ], [ -74.2695131, 4.8571092 ], [ -74.2675112, 4.8537224 ], [ -74.2715667, 4.8525114 ], [ -74.2723898, 4.8536109 ], [ -74.2723478, 4.8537121 ], [ -74.27231, 4.8538471 ] ] ], [ [ [ -74.2593626, 4.8529562 ], [ -74.2593534, 4.8531587 ], [ -74.2593328, 4.8532576 ], [ -74.2592824, 4.8533474 ], [ -74.2592641, 4.8534578 ], [ -74.2592251, 4.8535522 ], [ -74.2589408, 4.8538444 ], [ -74.2588995, 4.8539365 ], [ -74.2588594, 4.8541206 ], [ -74.2588548, 4.854254 ], [ -74.2589099, 4.8543736 ], [ -74.2589627, 4.854415 ], [ -74.2589925, 4.8544541 ], [ -74.2590407, 4.8544932 ], [ -74.259121, 4.8545438 ], [ -74.2592059, 4.8546335 ], [ -74.259277, 4.8547555 ], [ -74.2593367, 4.8549625 ], [ -74.2593643, 4.8551719 ], [ -74.2593987, 4.8553329 ], [ -74.2594928, 4.8554617 ], [ -74.2595594, 4.8555399 ], [ -74.2596925, 4.855816 ], [ -74.2596879, 4.8559426 ], [ -74.2596765, 4.8562325 ], [ -74.2605296, 4.8556294 ], [ -74.2616939, 4.8553121 ], [ -74.2639575, 4.8591784 ], [ -74.2643943, 4.8600096 ], [ -74.2647356, 4.860594 ], [ -74.2612575, 4.8629693 ], [ -74.2611412, 4.8628274 ], [ -74.2610374, 4.8626919 ], [ -74.2609305, 4.8625155 ], [ -74.2608048, 4.8623327 ], [ -74.2607293, 4.8621625 ], [ -74.2606727, 4.8620333 ], [ -74.2605878, 4.8618284 ], [ -74.2604715, 4.8616582 ], [ -74.2604055, 4.8615637 ], [ -74.2602766, 4.8613715 ], [ -74.2601729, 4.8612139 ], [ -74.2601163, 4.8610689 ], [ -74.2600345, 4.8609239 ], [ -74.2599905, 4.8608609 ], [ -74.2599371, 4.8607884 ], [ -74.2598585, 4.8607191 ], [ -74.2596102, 4.8605395 ], [ -74.2594814, 4.8604828 ], [ -74.2593022, 4.8604135 ], [ -74.2592645, 4.8603284 ], [ -74.2591891, 4.8602307 ], [ -74.2590696, 4.8601646 ], [ -74.2589345, 4.8599377 ], [ -74.2588842, 4.8598211 ], [ -74.2588558, 4.8596918 ], [ -74.2588369, 4.8595626 ], [ -74.2588275, 4.8594712 ], [ -74.2586641, 4.8593515 ], [ -74.2581926, 4.8590616 ], [ -74.2553511, 4.855841 ], [ -74.2574245, 4.8535918 ], [ -74.2582661, 4.8527632 ], [ -74.2589083, 4.8525721 ], [ -74.2592111, 4.8525306 ], [ -74.2593762, 4.8524754 ], [ -74.2593831, 4.8527583 ], [ -74.2593626, 4.8529562 ] ] ] ] } }
]
}
