{
"type": "FeatureCollection",
"name": "tenjo",
"crs": { "type": "name", "properties": { "name": "urn:ogc:def:crs:OGC:1.3:CRS84" } },
"xy_coordinate_resolution": 1e-07,
"features": [
{ "type": "Feature", "properties": { "id": 0, "layer": "TENJO — ÁREA DE AMORTIGUACIÓN DE USO AGRÍCOLA", "clas_CIAF": "2b" }, "geometry": { "type": "Polygon", "coordinates": [ [ [ -74.2008584, 4.7986445 ], [ -74.2042104, 4.7953912 ], [ -74.2060491, 4.7970697 ], [ -74.2061467, 4.7972743 ], [ -74.2045391, 4.7987288 ], [ -74.2058717, 4.8000357 ], [ -74.2077174, 4.7985926 ], [ -74.208826, 4.7996046 ], [ -74.2086594, 4.7996168 ], [ -74.2072577, 4.800481 ], [ -74.2067434, 4.8008146 ], [ -74.2067434, 4.8008146 ], [ -74.2067434, 4.8008146 ], [ -74.2058837, 4.8009078 ], [ -74.2054348, 4.8010033 ], [ -74.2048294, 4.8011893 ], [ -74.2045318, 4.8012295 ], [ -74.2042947, 4.8012597 ], [ -74.2041636, 4.8014356 ], [ -74.2041335, 4.801483 ], [ -74.2008584, 4.7986445 ] ] ] } },
{ "type": "Feature", "properties": { "id": 0, "layer": "TENJO — ÁREA_DE_SERVICIOS_PARA_LA_ZONA_INDUSTRIAL", "clas_CIAF": "1a" }, "geometry": { "type": "Polygon", "coordinates": [ [ [ -74.2164696, 4.7769853 ], [ -74.2171465, 4.7780814 ], [ -74.2166811, 4.7787981 ], [ -74.2161734, 4.7805688 ], [ -74.2159619, 4.7833513 ], [ -74.2162157, 4.7844896 ], [ -74.2165965, 4.7856279 ], [ -74.2173157, 4.7888742 ], [ -74.2173123, 4.7889358 ], [ -74.21731, 4.7889974 ], [ -74.2173087, 4.7890591 ], [ -74.2173085, 4.7891208 ], [ -74.2173094, 4.7891825 ], [ -74.2173114, 4.7892441 ], [ -74.2173145, 4.7893057 ], [ -74.2173186, 4.7893673 ], [ -74.2173238, 4.7894288 ], [ -74.21733, 4.7894901 ], [ -74.2173374, 4.7895514 ], [ -74.2173457, 4.7896125 ], [ -74.2173552, 4.7896735 ], [ -74.2173657, 4.7897343 ], [ -74.2173773, 4.7897949 ], [ -74.2173899, 4.7898553 ], [ -74.2174036, 4.7899154 ], [ -74.2174183, 4.7899754 ], [ -74.2174341, 4.790035 ], [ -74.2174509, 4.7900944 ], [ -74.2174687, 4.7901535 ], [ -74.2174875, 4.7902122 ], [ -74.2175074, 4.7902706 ], [ -74.2175283, 4.7903287 ], [ -74.2175502, 4.7903864 ], [ -74.2175731, 4.7904437 ], [ -74.217597, 4.7905006 ], [ -74.2176219, 4.7905571 ], [ -74.2176477, 4.7906132 ], [ -74.2176745, 4.7906688 ], [ -74.2177023, 4.7907239 ], [ -74.2177311, 4.7907785 ], [ -74.2177608, 4.7908327 ], [ -74.2177914, 4.7908863 ], [ -74.217823, 4.7909393 ], [ -74.2178555, 4.7909918 ], [ -74.2178889, 4.7910438 ], [ -74.2179231, 4.7910951 ], [ -74.2179583, 4.7911459 ], [ -74.2179944, 4.7911961 ], [ -74.2180313, 4.7912456 ], [ -74.2180691, 4.7912944 ], [ -74.2181077, 4.7913426 ], [ -74.2181472, 4.7913902 ], [ -74.2181875, 4.791437 ], [ -74.2182286, 4.7914831 ], [ -74.2182704, 4.7915286 ], [ -74.2183131, 4.7915733 ], [ -74.2183566, 4.7916172 ], [ -74.2184008, 4.7916604 ], [ -74.2184457, 4.7917028 ], [ -74.2184914, 4.7917444 ], [ -74.2185378, 4.7917853 ], [ -74.2185849, 4.7918253 ], [ -74.2186061, 4.7918357 ], [ -74.2186271, 4.7918464 ], [ -74.218648, 4.7918575 ], [ -74.2186686, 4.791869 ], [ -74.218689, 4.7918808 ], [ -74.2187093, 4.791893 ], [ -74.2187293, 4.7919056 ], [ -74.2187491, 4.7919184 ], [ -74.2187686, 4.7919316 ], [ -74.2187879, 4.7919452 ], [ -74.218807, 4.7919591 ], [ -74.2188259, 4.7919733 ], [ -74.2188444, 4.7919879 ], [ -74.2188628, 4.7920027 ], [ -74.2188808, 4.7920179 ], [ -74.2188986, 4.7920334 ], [ -74.2189162, 4.7920492 ], [ -74.2189334, 4.7920653 ], [ -74.2189504, 4.7920817 ], [ -74.218967, 4.7920984 ], [ -74.2189834, 4.7921154 ], [ -74.2189995, 4.7921327 ], [ -74.2190152, 4.7921502 ], [ -74.2190307, 4.792168 ], [ -74.2190458, 4.7921861 ], [ -74.2190607, 4.7922044 ], [ -74.2190752, 4.792223 ], [ -74.2190893, 4.7922419 ], [ -74.2191032, 4.7922609 ], [ -74.2191167, 4.7922803 ], [ -74.2191299, 4.7922998 ], [ -74.2191427, 4.7923196 ], [ -74.2191551, 4.7923396 ], [ -74.2191673, 4.7923598 ], [ -74.219179, 4.7923802 ], [ -74.2191904, 4.7924009 ], [ -74.2192015, 4.7924217 ], [ -74.2192122, 4.7924427 ], [ -74.2192225, 4.7924639 ], [ -74.2192324, 4.7924853 ], [ -74.219242, 4.7925068 ], [ -74.2192511, 4.7925285 ], [ -74.2192599, 4.7925503 ], [ -74.2192683, 4.7925724 ], [ -74.2192764, 4.7925945 ], [ -74.219284, 4.7926168 ], [ -74.2192913, 4.7926392 ], [ -74.2192981, 4.7926617 ], [ -74.2193046, 4.7926844 ], [ -74.2193106, 4.7927072 ], [ -74.2193163, 4.79273 ], [ -74.2193216, 4.792753 ], [ -74.2193264, 4.792776 ], [ -74.2193309, 4.7927991 ], [ -74.2193349, 4.7928223 ], [ -74.2193386, 4.7928456 ], [ -74.2193418, 4.7928689 ], [ -74.2193446, 4.7928923 ], [ -74.219347, 4.7929157 ], [ -74.219349, 4.7929392 ], [ -74.2193506, 4.7929627 ], [ -74.2193518, 4.7929862 ], [ -74.2193526, 4.7930098 ], [ -74.2193529, 4.7930333 ], [ -74.2193529, 4.7930569 ], [ -74.2193524, 4.7930804 ], [ -74.2193515, 4.7931039 ], [ -74.2193502, 4.7931274 ], [ -74.2193485, 4.7931509 ], [ -74.2193464, 4.7931744 ], [ -74.2193328, 4.7931837 ], [ -74.2193189, 4.7931929 ], [ -74.2193049, 4.7932017 ], [ -74.2192908, 4.7932104 ], [ -74.2192765, 4.7932188 ], [ -74.2192621, 4.7932269 ], [ -74.2192476, 4.7932348 ], [ -74.2192329, 4.7932425 ], [ -74.219218, 4.7932498 ], [ -74.2192031, 4.793257 ], [ -74.219188, 4.7932638 ], [ -74.2191728, 4.7932704 ], [ -74.2191575, 4.7932768 ], [ -74.2191421, 4.7932829 ], [ -74.2191266, 4.7932887 ], [ -74.2191109, 4.7932942 ], [ -74.2190952, 4.7932995 ], [ -74.2190794, 4.7933045 ], [ -74.2190636, 4.7933092 ], [ -74.2190476, 4.7933137 ], [ -74.2190316, 4.7933179 ], [ -74.2190154, 4.7933218 ], [ -74.2189993, 4.7933254 ], [ -74.218983, 4.7933287 ], [ -74.2189667, 4.7933318 ], [ -74.2189504, 4.7933346 ], [ -74.218934, 4.7933371 ], [ -74.2189176, 4.7933393 ], [ -74.2189011, 4.7933412 ], [ -74.2188846, 4.7933429 ], [ -74.2188681, 4.7933442 ], [ -74.2188516, 4.7933453 ], [ -74.218835, 4.7933461 ], [ -74.2188184, 4.7933466 ], [ -74.2188019, 4.7933468 ], [ -74.2187853, 4.7933468 ], [ -74.2187687, 4.7933464 ], [ -74.2187521, 4.7933458 ], [ -74.2187356, 4.7933449 ], [ -74.2187191, 4.7933436 ], [ -74.2187025, 4.7933422 ], [ -74.2186861, 4.7933404 ], [ -74.2186696, 4.7933383 ], [ -74.2186532, 4.793336 ], [ -74.2186368, 4.7933333 ], [ -74.2186205, 4.7933304 ], [ -74.2186043, 4.7933272 ], [ -74.2185881, 4.7933237 ], [ -74.2185719, 4.79332 ], [ -74.2185558, 4.793316 ], [ -74.2185398, 4.7933117 ], [ -74.2185239, 4.7933071 ], [ -74.2185081, 4.7933022 ], [ -74.2184923, 4.7932971 ], [ -74.2184766, 4.7932917 ], [ -74.2184611, 4.793286 ], [ -74.2184456, 4.7932801 ], [ -74.2184302, 4.7932739 ], [ -74.218415, 4.7932674 ], [ -74.2183998, 4.7932607 ], [ -74.2183848, 4.7932537 ], [ -74.2183699, 4.7932464 ], [ -74.2183551, 4.7932389 ], [ -74.2183405, 4.7932312 ], [ -74.218326, 4.7932232 ], [ -74.2183117, 4.7932149 ], [ -74.2182974, 4.7932064 ], [ -74.2182834, 4.7931976 ], [ -74.2182695, 4.7931886 ], [ -74.2182557, 4.7931794 ], [ -74.2182421, 4.7931699 ], [ -74.2182287, 4.7931602 ], [ -74.2182155, 4.7931503 ], [ -74.2182024, 4.7931402 ], [ -74.2181895, 4.7931298 ], [ -74.2181768, 4.7931192 ], [ -74.2181643, 4.7931084 ], [ -74.2181519, 4.7930973 ], [ -74.2181398, 4.7930861 ], [ -74.2181278, 4.7930746 ], [ -74.2181161, 4.793063 ], [ -74.2181045, 4.7930511 ], [ -74.2180932, 4.7930391 ], [ -74.2180821, 4.7930268 ], [ -74.2180712, 4.7930144 ], [ -74.2180605, 4.7930017 ], [ -74.21805, 4.7929889 ], [ -74.2180398, 4.7929759 ], [ -74.2180298, 4.7929628 ], [ -74.21802, 4.7929494 ], [ -74.2180104, 4.7929359 ], [ -74.2180011, 4.7929223 ], [ -74.217992, 4.7929085 ], [ -74.2179832, 4.7928945 ], [ -74.2179746, 4.7928804 ], [ -74.2179662, 4.7928661 ], [ -74.2179581, 4.7928517 ], [ -74.2179503, 4.7928371 ], [ -74.2178835, 4.7927928 ], [ -74.2178175, 4.7927474 ], [ -74.2177523, 4.7927008 ], [ -74.217688, 4.7926531 ], [ -74.2176244, 4.7926043 ], [ -74.2175618, 4.7925544 ], [ -74.2175, 4.7925034 ], [ -74.2174391, 4.7924513 ], [ -74.2173791, 4.7923982 ], [ -74.2173201, 4.7923441 ], [ -74.217262, 4.792289 ], [ -74.2172049, 4.7922328 ], [ -74.2171488, 4.7921757 ], [ -74.2170937, 4.7921176 ], [ -74.2170396, 4.7920586 ], [ -74.2169866, 4.7919986 ], [ -74.2169346, 4.7919377 ], [ -74.2168837, 4.7918759 ], [ -74.2168338, 4.7918133 ], [ -74.2167851, 4.7917498 ], [ -74.2167375, 4.7916855 ], [ -74.216691, 4.7916203 ], [ -74.2166457, 4.7915544 ], [ -74.2166015, 4.7914877 ], [ -74.2165585, 4.7914202 ], [ -74.2165166, 4.791352 ], [ -74.216476, 4.791283 ], [ -74.2164366, 4.7912134 ], [ -74.2163984, 4.7911431 ], [ -74.2163614, 4.7910722 ], [ -74.2163257, 4.7910006 ], [ -74.2162912, 4.7909284 ], [ -74.216258, 4.7908557 ], [ -74.2161482, 4.7905942 ], [ -74.2160338, 4.7903347 ], [ -74.215915, 4.7900772 ], [ -74.2157917, 4.7898218 ], [ -74.215664, 4.7895686 ], [ -74.215532, 4.7893175 ], [ -74.2153956, 4.7890688 ], [ -74.215255, 4.7888225 ], [ -74.2151101, 4.7885786 ], [ -74.214961, 4.7883372 ], [ -74.2148077, 4.7880985 ], [ -74.2146504, 4.7878624 ], [ -74.2145672, 4.7877345 ], [ -74.2144862, 4.7876052 ], [ -74.2144074, 4.7874746 ], [ -74.2143308, 4.7873427 ], [ -74.2142565, 4.7872095 ], [ -74.2141844, 4.7870751 ], [ -74.2141147, 4.7869395 ], [ -74.2140472, 4.7868027 ], [ -74.2139821, 4.7866648 ], [ -74.2139194, 4.7865258 ], [ -74.213859, 4.7863858 ], [ -74.213801, 4.7862448 ], [ -74.2137454, 4.7861028 ], [ -74.2136922, 4.7859599 ], [ -74.2136415, 4.7858161 ], [ -74.2135932, 4.7856715 ], [ -74.2135473, 4.7855261 ], [ -74.213504, 4.78538 ], [ -74.2134631, 4.7852331 ], [ -74.2134248, 4.7850856 ], [ -74.2133889, 4.7849374 ], [ -74.2133556, 4.7847887 ], [ -74.2133248, 4.7846394 ], [ -74.2132966, 4.7844896 ], [ -74.2133085, 4.7834145 ], [ -74.2133054, 4.7823392 ], [ -74.2132873, 4.7812641 ], [ -74.2132543, 4.7801894 ], [ -74.2164696, 4.7769853 ] ] ] } },
{ "type": "Feature", "properties": { "id": 0, "layer": "TENJO — ÁREA_DE_SERVICIOS_PARA_LA_ZONA_INDUSTRIAL", "clas_CIAF": "1a" }, "geometry": { "type": "Polygon", "coordinates": [ [ [ -74.1913817, 4.7689749 ], [ -74.1915933, 4.7701554 ], [ -74.191974, 4.7709986 ], [ -74.192524, 4.7715888 ], [ -74.1929471, 4.7728114 ], [ -74.1931586, 4.7736125 ], [ -74.194597, 4.7740762 ], [ -74.1954432, 4.7743292 ], [ -74.1963316, 4.7745822 ], [ -74.196797, 4.775341 ], [ -74.1967547, 4.7763107 ], [ -74.1961201, 4.7771539 ], [ -74.1958239, 4.7774912 ], [ -74.1961624, 4.7791776 ], [ -74.1962047, 4.7802315 ], [ -74.1962893, 4.7809483 ], [ -74.1962893, 4.7825503 ], [ -74.1962893, 4.7837195 ], [ -74.1957816, 4.7839416 ], [ -74.1950624, 4.7830984 ], [ -74.195147, 4.7807796 ], [ -74.1948509, 4.7768588 ], [ -74.1948509, 4.7759734 ], [ -74.1939201, 4.7754675 ], [ -74.1927355, 4.7753832 ], [ -74.1921432, 4.77454 ], [ -74.1915509, 4.7729379 ], [ -74.1913394, 4.7717153 ], [ -74.1910433, 4.7709986 ], [ -74.1907471, 4.7699446 ], [ -74.189901, 4.7689749 ], [ -74.1898164, 4.7687641 ], [ -74.1905779, 4.7680473 ], [ -74.1907894, 4.767963 ], [ -74.1913817, 4.7689749 ] ] ] } },
{ "type": "Feature", "properties": { "id": 0, "layer": "TENJO — ÁREA_DE_SERVICIOS_PARA_LA_ZONA_INDUSTRIAL", "clas_CIAF": "1a" }, "geometry": { "type": "Polygon", "coordinates": [ [ [ -74.213635, 4.7957039 ], [ -74.2132119, 4.7945235 ], [ -74.2132119, 4.7939754 ], [ -74.2142696, 4.7934695 ], [ -74.2147773, 4.7935117 ], [ -74.2158773, 4.7945235 ], [ -74.2161399, 4.7947218 ], [ -74.215927, 4.7948708 ], [ -74.2158866, 4.795102 ], [ -74.2156949, 4.795283 ], [ -74.2157938, 4.7951896 ], [ -74.2155385, 4.7951824 ], [ -74.2151653, 4.7952428 ], [ -74.2147718, 4.7953332 ], [ -74.2144389, 4.7955645 ], [ -74.2140959, 4.795856 ], [ -74.2138345, 4.796025 ], [ -74.213635, 4.7957039 ] ] ] } },
{ "type": "Feature", "properties": { "id": 0, "layer": "TENJO — ÁREA_DE_SERVICIOS_PARA_LA_ZONA_INDUSTRIAL", "clas_CIAF": "1a" }, "geometry": { "type": "Polygon", "coordinates": [ [ [ -74.1957816, 4.7839416 ], [ -74.1962893, 4.7837195 ], [ -74.1964532, 4.7843948 ], [ -74.1948033, 4.785765 ], [ -74.1963686, 4.7884631 ], [ -74.1963973, 4.7886189 ], [ -74.1961042, 4.7885158 ], [ -74.193185, 4.7859863 ], [ -74.1813815, 4.7768377 ], [ -74.1764316, 4.7735492 ], [ -74.1802709, 4.773623 ], [ -74.1813921, 4.7761526 ], [ -74.1829574, 4.7739392 ], [ -74.1950624, 4.7830984 ], [ -74.1957816, 4.7839416 ] ] ] } },
{ "type": "Feature", "properties": { "id": 0, "layer": "TENJO — AREA_PARA_LOCALIZACIÓN_DE_INDUSTRIA", "clas_CIAF": "1a" }, "geometry": { "type": "Polygon", "coordinates": [ [ [ -74.2009853, 4.7924472 ], [ -74.2019408, 4.7914128 ], [ -74.2033122, 4.7899282 ], [ -74.204666, 4.7904341 ], [ -74.2060198, 4.7914459 ], [ -74.2072467, 4.792542 ], [ -74.2093197, 4.7938489 ], [ -74.2113505, 4.7957882 ], [ -74.2125419, 4.7972274 ], [ -74.2123404, 4.7973741 ], [ -74.2123505, 4.7975651 ], [ -74.2121366, 4.7974183 ], [ -74.2118175, 4.7977281 ], [ -74.2115339, 4.7983042 ], [ -74.2114466, 4.7986195 ], [ -74.2110757, 4.7989782 ], [ -74.2108178, 4.7991034 ], [ -74.209218, 4.7995757 ], [ -74.208826, 4.7996046 ], [ -74.2009853, 4.7924472 ] ] ] } },
{ "type": "Feature", "properties": { "id": 0, "layer": "TENJO — AREA_PARA_LOCALIZACIÓN_DE_INDUSTRIA", "clas_CIAF": "1a" }, "geometry": { "type": "Polygon", "coordinates": [ [ [ -74.1583772, 4.7551567 ], [ -74.1677059, 4.7620922 ], [ -74.1676424, 4.7629143 ], [ -74.1683405, 4.7658866 ], [ -74.171725, 4.7689854 ], [ -74.1736711, 4.7690276 ], [ -74.1727932, 4.7706824 ], [ -74.1716933, 4.7698813 ], [ -74.1667857, 4.7658339 ], [ -74.1565475, 4.7583293 ], [ -74.1583772, 4.7551567 ] ] ] } },
{ "type": "Feature", "properties": { "id": 0, "layer": "TENJO — AREA_PARA_LOCALIZACIÓN_DE_INDUSTRIA", "clas_CIAF": "1a" }, "geometry": { "type": "Polygon", "coordinates": [ [ [ -74.1998589, 4.7977381 ], [ -74.1978705, 4.796136 ], [ -74.1953109, 4.7940913 ], [ -74.1888803, 4.7894539 ], [ -74.1848612, 4.7861444 ], [ -74.1770345, 4.7798837 ], [ -74.1736711, 4.7774174 ], [ -74.1684039, 4.7733701 ], [ -74.1632637, 4.7691751 ], [ -74.1611483, 4.7679103 ], [ -74.1538081, 4.7622819 ], [ -74.1558283, 4.7592569 ], [ -74.1634858, 4.7651172 ], [ -74.1676318, 4.7681527 ], [ -74.1722856, 4.7716942 ], [ -74.1755009, 4.7741395 ], [ -74.1798161, 4.7772593 ], [ -74.1853583, 4.782192 ], [ -74.1909005, 4.7859441 ], [ -74.1977542, 4.7915513 ], [ -74.2009272, 4.7940386 ], [ -74.2035002, 4.7960805 ], [ -74.2035782, 4.7960048 ], [ -74.2035782, 4.7960048 ], [ -74.2008584, 4.7986445 ], [ -74.1998589, 4.7977381 ] ] ] } },
{ "type": "Feature", "properties": { "id": 0, "layer": "TENJO — AREAS_SUBURBANAS_EN_CONFLICTO", "clas_CIAF": "1a" }, "geometry": { "type": "Polygon", "coordinates": [ [ [ -74.1570963, 4.7862073 ], [ -74.1572694, 4.786516 ], [ -74.1573598, 4.7867043 ], [ -74.1574276, 4.786885 ], [ -74.1575179, 4.7871033 ], [ -74.1575179, 4.7881122 ], [ -74.15742, 4.7886091 ], [ -74.1573372, 4.7888049 ], [ -74.1572619, 4.7889404 ], [ -74.1571565, 4.7889479 ], [ -74.1570586, 4.7888651 ], [ -74.1568855, 4.7887446 ], [ -74.156637, 4.7886242 ], [ -74.1565165, 4.7885414 ], [ -74.1565165, 4.7883607 ], [ -74.1565768, 4.7881724 ], [ -74.1566445, 4.7880143 ], [ -74.1566897, 4.7878713 ], [ -74.1566897, 4.7876529 ], [ -74.1566521, 4.7874948 ], [ -74.1566144, 4.7873216 ], [ -74.1566144, 4.7864784 ], [ -74.1567048, 4.7862939 ], [ -74.156908, 4.7859438 ], [ -74.1570963, 4.7862073 ] ] ] } },
{ "type": "Feature", "properties": { "id": 0, "layer": "TENJO — RONDA_TECNICA", "clas_CIAF": "3a" }, "geometry": { "type": "Polygon", "coordinates": [ [ [ -74.183319, 4.8150247 ], [ -74.1832229, 4.8150247 ], [ -74.1831268, 4.8150247 ], [ -74.1830307, 4.8150247 ], [ -74.1829346, 4.8150247 ], [ -74.1828385, 4.8150247 ], [ -74.1827424, 4.8150247 ], [ -74.1826463, 4.8149766 ], [ -74.1825502, 4.8149766 ], [ -74.1824541, 4.8149766 ], [ -74.182358, 4.8149766 ], [ -74.1822619, 4.8149286 ], [ -74.1821657, 4.8149286 ], [ -74.1820696, 4.8149286 ], [ -74.1819735, 4.8149286 ], [ -74.1818774, 4.8149286 ], [ -74.1817813, 4.8149286 ], [ -74.1816852, 4.8149286 ], [ -74.1815891, 4.8149286 ], [ -74.181493, 4.8149286 ], [ -74.1813969, 4.8148805 ], [ -74.1813008, 4.8148805 ], [ -74.1812047, 4.8148805 ], [ -74.1811086, 4.8148805 ], [ -74.1810125, 4.8148805 ], [ -74.1809164, 4.8148805 ], [ -74.1808203, 4.8148805 ], [ -74.1807242, 4.8148805 ], [ -74.1806281, 4.8148805 ], [ -74.180532, 4.8148805 ], [ -74.1804359, 4.8148805 ], [ -74.1803398, 4.8148805 ], [ -74.1802437, 4.8148805 ], [ -74.1801476, 4.8148805 ], [ -74.1800515, 4.8148805 ], [ -74.1799554, 4.8148805 ], [ -74.1798593, 4.8149286 ], [ -74.1797632, 4.8149286 ], [ -74.1796671, 4.8149286 ], [ -74.179571, 4.8149286 ], [ -74.1794749, 4.8149766 ], [ -74.1793788, 4.8149766 ], [ -74.1792827, 4.8149766 ], [ -74.1791866, 4.8150247 ], [ -74.1790904, 4.8150727 ], [ -74.1790904, 4.8151688 ], [ -74.1790424, 4.8152649 ], [ -74.1790424, 4.815361 ], [ -74.1789943, 4.8154571 ], [ -74.1789463, 4.8155532 ], [ -74.1789463, 4.8156493 ], [ -74.1789463, 4.8157454 ], [ -74.1788982, 4.8158415 ], [ -74.1788502, 4.8159376 ], [ -74.1788502, 4.8160337 ], [ -74.1788021, 4.8161298 ], [ -74.1788021, 4.8162259 ], [ -74.1788021, 4.816322 ], [ -74.1788021, 4.8164181 ], [ -74.1788021, 4.8165143 ], [ -74.1788021, 4.8166104 ], [ -74.1788021, 4.8167065 ], [ -74.1788021, 4.8168026 ], [ -74.1788021, 4.8168987 ], [ -74.1788021, 4.8169948 ], [ -74.1788021, 4.8170909 ], [ -74.1788021, 4.817187 ], [ -74.1788021, 4.8172831 ], [ -74.1788021, 4.8173792 ], [ -74.1788502, 4.8174753 ], [ -74.1788502, 4.8175714 ], [ -74.1788982, 4.8176675 ], [ -74.1788982, 4.8177636 ], [ -74.1788982, 4.8178597 ], [ -74.1789463, 4.8179558 ], [ -74.1789463, 4.8180519 ], [ -74.1789943, 4.818148 ], [ -74.1790424, 4.8182441 ], [ -74.1790904, 4.8183402 ], [ -74.1790904, 4.8184363 ], [ -74.1790904, 4.8185324 ], [ -74.1791385, 4.8186285 ], [ -74.1791866, 4.8187246 ], [ -74.1792346, 4.8188207 ], [ -74.1792827, 4.8189168 ], [ -74.1792827, 4.8190129 ], [ -74.1792827, 4.819109 ], [ -74.1792827, 4.8192051 ], [ -74.1793307, 4.8193012 ], [ -74.1793307, 4.8193973 ], [ -74.1793307, 4.8194934 ], [ -74.1793788, 4.8195896 ], [ -74.1793788, 4.8196857 ], [ -74.1793788, 4.8197818 ], [ -74.1794268, 4.8198779 ], [ -74.1794268, 4.819974 ], [ -74.1794268, 4.8200701 ], [ -74.1794749, 4.8201662 ], [ -74.1794749, 4.8202623 ], [ -74.1794749, 4.8203584 ], [ -74.1794749, 4.8204545 ], [ -74.1794749, 4.8205506 ], [ -74.1794749, 4.8206467 ], [ -74.1794749, 4.8207428 ], [ -74.1794749, 4.8208389 ], [ -74.1794749, 4.820935 ], [ -74.1795229, 4.8210311 ], [ -74.1795229, 4.8211272 ], [ -74.179571, 4.8212233 ], [ -74.179571, 4.8213194 ], [ -74.179571, 4.8214155 ], [ -74.179571, 4.8215116 ], [ -74.179619, 4.8216077 ], [ -74.179619, 4.8217038 ], [ -74.179619, 4.8217999 ], [ -74.179619, 4.821896 ], [ -74.179619, 4.8219921 ], [ -74.179619, 4.8220882 ], [ -74.179619, 4.8221843 ], [ -74.179619, 4.8222804 ], [ -74.179619, 4.8223765 ], [ -74.179619, 4.8224726 ], [ -74.1796671, 4.8225687 ], [ -74.1797151, 4.8226649 ], [ -74.1797151, 4.822761 ], [ -74.1797632, 4.8228571 ], [ -74.1797632, 4.8229532 ], [ -74.1798593, 4.8230012 ], [ -74.1798593, 4.8230973 ], [ -74.1799073, 4.8231934 ], [ -74.1799073, 4.8232895 ], [ -74.1799554, 4.8233856 ], [ -74.1799554, 4.8234817 ], [ -74.1800034, 4.8235778 ], [ -74.1800034, 4.8236739 ], [ -74.1800515, 4.82377 ], [ -74.1800995, 4.8238661 ], [ -74.1801476, 4.8239622 ], [ -74.1801476, 4.8240583 ], [ -74.1801956, 4.8241544 ], [ -74.1802437, 4.8242506 ], [ -74.1802917, 4.8243467 ], [ -74.1803398, 4.8244428 ], [ -74.1803398, 4.8245389 ], [ -74.1803878, 4.824635 ], [ -74.1804359, 4.8247311 ], [ -74.1804839, 4.8248272 ], [ -74.180532, 4.8249233 ], [ -74.18058, 4.8250194 ], [ -74.1806281, 4.8251155 ], [ -74.1807242, 4.8251635 ], [ -74.1807242, 4.8252596 ], [ -74.1808203, 4.8253077 ], [ -74.1808684, 4.8254038 ], [ -74.1809164, 4.8254999 ], [ -74.1810125, 4.8255479 ], [ -74.1810125, 4.825644 ], [ -74.1811086, 4.8256921 ], [ -74.1811086, 4.8257882 ], [ -74.1811086, 4.8258843 ], [ -74.1811086, 4.8259804 ], [ -74.1810125, 4.8259804 ], [ -74.1810125, 4.8260765 ], [ -74.1809164, 4.8260765 ], [ -74.1808203, 4.8260765 ], [ -74.1807242, 4.8260765 ], [ -74.1806281, 4.8260285 ], [ -74.180532, 4.8260285 ], [ -74.1804839, 4.8259324 ], [ -74.1803878, 4.8259324 ], [ -74.1802917, 4.8258843 ], [ -74.1801956, 4.8258363 ], [ -74.1800995, 4.8258363 ], [ -74.1800515, 4.8257402 ], [ -74.1799554, 4.8256921 ], [ -74.1799073, 4.825596 ], [ -74.1799073, 4.8254999 ], [ -74.1798593, 4.8254038 ], [ -74.1798593, 4.8253077 ], [ -74.1798112, 4.8252116 ], [ -74.1798112, 4.8251155 ], [ -74.1797151, 4.8250674 ], [ -74.1796671, 4.8249713 ], [ -74.1796671, 4.8248752 ], [ -74.179571, 4.8248272 ], [ -74.1795229, 4.8247311 ], [ -74.1794749, 4.824635 ], [ -74.1794749, 4.8245389 ], [ -74.1794268, 4.8244428 ], [ -74.1794268, 4.8243467 ], [ -74.1793788, 4.8242506 ], [ -74.1793788, 4.8241544 ], [ -74.1793307, 4.8240583 ], [ -74.1793307, 4.8239622 ], [ -74.1793307, 4.8238661 ], [ -74.1793307, 4.82377 ], [ -74.1792827, 4.8236739 ], [ -74.1792827, 4.8235778 ], [ -74.1792827, 4.8234817 ], [ -74.1792827, 4.8233856 ], [ -74.1792827, 4.8232895 ], [ -74.1792827, 4.8231934 ], [ -74.1792346, 4.8230973 ], [ -74.1792346, 4.8230012 ], [ -74.1792346, 4.8229051 ], [ -74.1792346, 4.822809 ], [ -74.1791866, 4.8227129 ], [ -74.1791385, 4.8226168 ], [ -74.1790904, 4.8225207 ], [ -74.1790424, 4.8224246 ], [ -74.1790424, 4.8223285 ], [ -74.1789943, 4.8222324 ], [ -74.1789463, 4.8221363 ], [ -74.1789463, 4.8220402 ], [ -74.1789463, 4.8219441 ], [ -74.1789463, 4.821848 ], [ -74.1789463, 4.8217519 ], [ -74.1789463, 4.8216558 ], [ -74.1788982, 4.8215597 ], [ -74.1788982, 4.8214636 ], [ -74.1788502, 4.8213675 ], [ -74.1788502, 4.8212714 ], [ -74.1788502, 4.8211753 ], [ -74.1787541, 4.8211272 ], [ -74.1787541, 4.8210311 ], [ -74.1787541, 4.820935 ], [ -74.178706, 4.8208389 ], [ -74.178706, 4.8207428 ], [ -74.178706, 4.8206467 ], [ -74.178706, 4.8205506 ], [ -74.178706, 4.8204545 ], [ -74.178706, 4.8203584 ], [ -74.178706, 4.8202623 ], [ -74.178706, 4.8201662 ], [ -74.178706, 4.8200701 ], [ -74.178658, 4.819974 ], [ -74.1786099, 4.8198779 ], [ -74.1786099, 4.8197818 ], [ -74.1785138, 4.8197337 ], [ -74.1785138, 4.8196376 ], [ -74.1785138, 4.8195415 ], [ -74.1784658, 4.8194454 ], [ -74.1784658, 4.8193493 ], [ -74.1784177, 4.8192532 ], [ -74.1783697, 4.8191571 ], [ -74.1783697, 4.819061 ], [ -74.1783216, 4.8189649 ], [ -74.1782736, 4.8188688 ], [ -74.1782736, 4.8187727 ], [ -74.1782736, 4.8186766 ], [ -74.1782736, 4.8185805 ], [ -74.1782736, 4.8184844 ], [ -74.1782736, 4.8183883 ], [ -74.1782736, 4.8182922 ], [ -74.1782255, 4.8181961 ], [ -74.1782255, 4.8181 ], [ -74.1781294, 4.8180519 ], [ -74.1781294, 4.8179558 ], [ -74.1780333, 4.8179077 ], [ -74.1779853, 4.8178116 ], [ -74.1779372, 4.8177155 ], [ -74.1778411, 4.8176675 ], [ -74.1777931, 4.8175714 ], [ -74.177745, 4.8174753 ], [ -74.177745, 4.8173792 ], [ -74.177745, 4.8172831 ], [ -74.177697, 4.817187 ], [ -74.177697, 4.8170909 ], [ -74.1776489, 4.8169948 ], [ -74.1776009, 4.8168987 ], [ -74.1776009, 4.8168026 ], [ -74.1775047, 4.8167545 ], [ -74.1774567, 4.8166584 ], [ -74.1774086, 4.8165623 ], [ -74.1773125, 4.8165143 ], [ -74.1772645, 4.8164181 ], [ -74.1771684, 4.816322 ], [ -74.1770723, 4.816274 ], [ -74.1770242, 4.8161779 ], [ -74.1769281, 4.8161298 ], [ -74.1769281, 4.8160337 ], [ -74.176832, 4.8159857 ], [ -74.1767359, 4.8159376 ], [ -74.1766398, 4.8158896 ], [ -74.1765437, 4.8158896 ], [ -74.1764476, 4.8158415 ], [ -74.1763515, 4.8157935 ], [ -74.1762554, 4.8157935 ], [ -74.1761593, 4.8157454 ], [ -74.1760632, 4.8157454 ], [ -74.1759671, 4.8156974 ], [ -74.175871, 4.8156974 ], [ -74.1757749, 4.8156493 ], [ -74.1756788, 4.8156013 ], [ -74.1755827, 4.8156013 ], [ -74.1754866, 4.8155532 ], [ -74.1753905, 4.8155052 ], [ -74.1752944, 4.8155052 ], [ -74.1751983, 4.8155052 ], [ -74.1751022, 4.8154571 ], [ -74.1750061, 4.8154571 ], [ -74.17491, 4.8154091 ], [ -74.1748139, 4.8154091 ], [ -74.1747178, 4.815361 ], [ -74.1746217, 4.815361 ], [ -74.1745256, 4.815313 ], [ -74.1744294, 4.815313 ], [ -74.1743333, 4.815313 ], [ -74.1742372, 4.815313 ], [ -74.1741411, 4.8152649 ], [ -74.174045, 4.8152169 ], [ -74.1739489, 4.8152169 ], [ -74.1738528, 4.8151688 ], [ -74.1737567, 4.8151688 ], [ -74.1736606, 4.8151688 ], [ -74.1735645, 4.8151688 ], [ -74.1734684, 4.8151208 ], [ -74.1733723, 4.8151208 ], [ -74.1732762, 4.8151208 ], [ -74.1731801, 4.8151208 ], [ -74.173084, 4.8150727 ], [ -74.1729879, 4.8150727 ], [ -74.1728918, 4.8150247 ], [ -74.1727957, 4.8150247 ], [ -74.1726996, 4.8150247 ], [ -74.1726035, 4.8149766 ], [ -74.1725074, 4.8149766 ], [ -74.1724113, 4.8149766 ], [ -74.1723152, 4.8149766 ], [ -74.1722191, 4.8149286 ], [ -74.172123, 4.8149286 ], [ -74.1720269, 4.8148805 ], [ -74.1719308, 4.8148805 ], [ -74.1718347, 4.8148324 ], [ -74.1717386, 4.8147844 ], [ -74.1716425, 4.8147844 ], [ -74.1715464, 4.8147844 ], [ -74.1714503, 4.8147844 ], [ -74.1713541, 4.8147844 ], [ -74.171258, 4.8147844 ], [ -74.1711619, 4.8147844 ], [ -74.1710658, 4.8147844 ], [ -74.1709697, 4.8147844 ], [ -74.1708736, 4.8147844 ], [ -74.1708736, 4.8146883 ], [ -74.1707775, 4.8146402 ], [ -74.1706814, 4.8145922 ], [ -74.1705853, 4.8145441 ], [ -74.1704892, 4.8144961 ], [ -74.1704412, 4.8144 ], [ -74.1703451, 4.8143519 ], [ -74.170249, 4.8143519 ], [ -74.1701529, 4.8143519 ], [ -74.1700568, 4.8143519 ], [ -74.1699607, 4.8143519 ], [ -74.1698645, 4.8143519 ], [ -74.1697684, 4.8143519 ], [ -74.1696723, 4.8143519 ], [ -74.1695762, 4.8143519 ], [ -74.1694801, 4.8143519 ], [ -74.169384, 4.8144 ], [ -74.1692879, 4.814448 ], [ -74.1691918, 4.8144961 ], [ -74.1691438, 4.8145922 ], [ -74.1690957, 4.8146883 ], [ -74.1689996, 4.8147363 ], [ -74.1689996, 4.8148324 ], [ -74.1689996, 4.8149286 ], [ -74.1689996, 4.8150247 ], [ -74.1689996, 4.8151208 ], [ -74.1689996, 4.8152169 ], [ -74.1689516, 4.815313 ], [ -74.1689516, 4.8154091 ], [ -74.1689035, 4.8155052 ], [ -74.1689035, 4.8156013 ], [ -74.1689035, 4.8156974 ], [ -74.1689035, 4.8157935 ], [ -74.1688074, 4.8158415 ], [ -74.1687113, 4.8158896 ], [ -74.1686152, 4.8159376 ], [ -74.1685191, 4.8159857 ], [ -74.1685191, 4.8160818 ], [ -74.1685191, 4.8161779 ], [ -74.168423, 4.8162259 ], [ -74.168423, 4.816322 ], [ -74.1683269, 4.816322 ], [ -74.1682308, 4.816322 ], [ -74.1681347, 4.816322 ], [ -74.1680386, 4.8163701 ], [ -74.1679425, 4.8163701 ], [ -74.1678464, 4.8163701 ], [ -74.1677503, 4.8163701 ], [ -74.1676542, 4.8163701 ], [ -74.1676542, 4.8164662 ], [ -74.1676542, 4.8165623 ], [ -74.1676542, 4.8166584 ], [ -74.1676542, 4.8167545 ], [ -74.1676542, 4.8168506 ], [ -74.1677022, 4.8169467 ], [ -74.1677503, 4.8170428 ], [ -74.1677983, 4.8171389 ], [ -74.1678464, 4.817235 ], [ -74.1678464, 4.8173311 ], [ -74.1678944, 4.8174272 ], [ -74.1679905, 4.8174272 ], [ -74.1680386, 4.8175233 ], [ -74.1680866, 4.8176194 ], [ -74.1681347, 4.8177155 ], [ -74.1682308, 4.8177636 ], [ -74.1682788, 4.8178597 ], [ -74.168375, 4.8179077 ], [ -74.1684711, 4.8179558 ], [ -74.1685672, 4.8180038 ], [ -74.1686152, 4.8181 ], [ -74.1687113, 4.818148 ], [ -74.1688074, 4.818148 ], [ -74.1688555, 4.8182441 ], [ -74.1689516, 4.8182922 ], [ -74.1689996, 4.8183883 ], [ -74.1690957, 4.8184363 ], [ -74.1691438, 4.8185324 ], [ -74.1691918, 4.8186285 ], [ -74.1692399, 4.8187246 ], [ -74.1692399, 4.8188207 ], [ -74.1692399, 4.8189168 ], [ -74.1692399, 4.8190129 ], [ -74.1692399, 4.819109 ], [ -74.1692399, 4.8192051 ], [ -74.1692399, 4.8193012 ], [ -74.1691918, 4.8193973 ], [ -74.1691918, 4.8194934 ], [ -74.1691918, 4.8195896 ], [ -74.1691918, 4.8196857 ], [ -74.1691918, 4.8197818 ], [ -74.1691918, 4.8198779 ], [ -74.1691438, 4.819974 ], [ -74.1691438, 4.8200701 ], [ -74.1691438, 4.8201662 ], [ -74.1690957, 4.8202623 ], [ -74.1690477, 4.8203584 ], [ -74.1689996, 4.8204545 ], [ -74.1689996, 4.8205506 ], [ -74.1689516, 4.8206467 ], [ -74.1689035, 4.8207428 ], [ -74.1689035, 4.8208389 ], [ -74.1688555, 4.820935 ], [ -74.1688555, 4.8210311 ], [ -74.1688555, 4.8211272 ], [ -74.1689035, 4.8212233 ], [ -74.1689035, 4.8213194 ], [ -74.1689035, 4.8214155 ], [ -74.1689035, 4.8215116 ], [ -74.1689516, 4.8216077 ], [ -74.1689516, 4.8217038 ], [ -74.1689035, 4.8217999 ], [ -74.1688074, 4.821848 ], [ -74.1687594, 4.8219441 ], [ -74.1686633, 4.8219441 ], [ -74.1686152, 4.8220402 ], [ -74.1685672, 4.8221363 ], [ -74.1684711, 4.8221843 ], [ -74.168423, 4.8222804 ], [ -74.168423, 4.8223765 ], [ -74.168423, 4.8224726 ], [ -74.168423, 4.8225687 ], [ -74.1685191, 4.8226168 ], [ -74.1685191, 4.8227129 ], [ -74.1686152, 4.822761 ], [ -74.1686633, 4.8228571 ], [ -74.1687594, 4.8229051 ], [ -74.1688074, 4.8230012 ], [ -74.1689035, 4.8230493 ], [ -74.1689996, 4.8230973 ], [ -74.1690957, 4.8231454 ], [ -74.1691918, 4.8231454 ], [ -74.1692879, 4.8231934 ], [ -74.169384, 4.8232415 ], [ -74.1694801, 4.8232415 ], [ -74.1695762, 4.8232415 ], [ -74.1696723, 4.8232415 ], [ -74.1697684, 4.8232415 ], [ -74.1698645, 4.8232415 ], [ -74.1699607, 4.8232415 ], [ -74.1700568, 4.8231934 ], [ -74.1701529, 4.8231454 ], [ -74.1702009, 4.8230493 ], [ -74.170297, 4.8230012 ], [ -74.1703931, 4.8229532 ], [ -74.1704892, 4.8229051 ], [ -74.1705853, 4.8228571 ], [ -74.1706814, 4.8228571 ], [ -74.1707775, 4.8228571 ], [ -74.1708736, 4.8228571 ], [ -74.1709697, 4.8229051 ], [ -74.1710658, 4.8229051 ], [ -74.1711619, 4.8229051 ], [ -74.171258, 4.8229532 ], [ -74.1713541, 4.8230012 ], [ -74.1714503, 4.8230493 ], [ -74.1714983, 4.8231454 ], [ -74.1715944, 4.8231934 ], [ -74.1716425, 4.8232895 ], [ -74.1716425, 4.8233856 ], [ -74.1716425, 4.8234817 ], [ -74.1715944, 4.8235778 ], [ -74.1715464, 4.8236739 ], [ -74.1715464, 4.82377 ], [ -74.1715464, 4.8238661 ], [ -74.1714503, 4.8239142 ], [ -74.1713541, 4.8239142 ], [ -74.171258, 4.8239142 ], [ -74.1711619, 4.8239142 ], [ -74.1710658, 4.8238661 ], [ -74.1709697, 4.8238661 ], [ -74.1708736, 4.8238661 ], [ -74.1707775, 4.8238661 ], [ -74.1706814, 4.8238661 ], [ -74.1705853, 4.8238661 ], [ -74.1704892, 4.8238661 ], [ -74.1703931, 4.8238661 ], [ -74.170297, 4.8239142 ], [ -74.1702009, 4.8239142 ], [ -74.1701048, 4.8239142 ], [ -74.1700087, 4.8239142 ], [ -74.1699126, 4.8239622 ], [ -74.1698165, 4.8239622 ], [ -74.1697204, 4.8239622 ], [ -74.1696243, 4.8239142 ], [ -74.1695282, 4.8239142 ], [ -74.1694321, 4.8239142 ], [ -74.169336, 4.8238661 ], [ -74.1692399, 4.8238661 ], [ -74.1691438, 4.8238181 ], [ -74.1690477, 4.82377 ], [ -74.1689516, 4.823722 ], [ -74.1688555, 4.8236739 ], [ -74.1687594, 4.8236259 ], [ -74.1687594, 4.8235298 ], [ -74.1686633, 4.8234817 ], [ -74.1685672, 4.8234337 ], [ -74.1684711, 4.8233856 ], [ -74.168375, 4.8233856 ], [ -74.1682788, 4.8233856 ], [ -74.1681827, 4.8233856 ], [ -74.1680866, 4.8233856 ], [ -74.1679905, 4.8233856 ], [ -74.1678944, 4.8234337 ], [ -74.1678944, 4.8235298 ], [ -74.1678464, 4.8236259 ], [ -74.1677983, 4.823722 ], [ -74.1677983, 4.8238181 ], [ -74.1677503, 4.8239142 ], [ -74.1677503, 4.8240103 ], [ -74.1677022, 4.8241064 ], [ -74.1676542, 4.8242025 ], [ -74.1676061, 4.8242986 ], [ -74.1676061, 4.8243947 ], [ -74.1676061, 4.8244908 ], [ -74.1676061, 4.8245869 ], [ -74.1676061, 4.824683 ], [ -74.1676061, 4.8247791 ], [ -74.1676061, 4.8248752 ], [ -74.1676061, 4.8249713 ], [ -74.1676061, 4.8250674 ], [ -74.1676061, 4.8251635 ], [ -74.1676061, 4.8252596 ], [ -74.1676061, 4.8253557 ], [ -74.1676061, 4.8254518 ], [ -74.1676061, 4.8255479 ], [ -74.1676061, 4.825644 ], [ -74.1676061, 4.8257402 ], [ -74.1676542, 4.8258363 ], [ -74.1677022, 4.8259324 ], [ -74.1677983, 4.8259804 ], [ -74.1678464, 4.8260765 ], [ -74.1678944, 4.8261726 ], [ -74.1679905, 4.8262207 ], [ -74.1680386, 4.8263168 ], [ -74.1681347, 4.8263648 ], [ -74.1681827, 4.8264609 ], [ -74.1682308, 4.826557 ], [ -74.1683269, 4.826557 ], [ -74.168375, 4.8266531 ], [ -74.168423, 4.8267492 ], [ -74.1685191, 4.8267973 ], [ -74.1685191, 4.8268934 ], [ -74.1686152, 4.8269414 ], [ -74.1686152, 4.8270375 ], [ -74.1687113, 4.8270856 ], [ -74.1688074, 4.8271336 ], [ -74.1688555, 4.8272297 ], [ -74.1689035, 4.8273259 ], [ -74.1689996, 4.8273739 ], [ -74.1690477, 4.82747 ], [ -74.1691438, 4.8275181 ], [ -74.1691918, 4.8276142 ], [ -74.1692399, 4.8277103 ], [ -74.169336, 4.8277583 ], [ -74.169384, 4.8278544 ], [ -74.1694321, 4.8279505 ], [ -74.1694801, 4.8280466 ], [ -74.1695762, 4.8280947 ], [ -74.1696243, 4.8281908 ], [ -74.1696243, 4.8282869 ], [ -74.1697204, 4.8283349 ], [ -74.1697684, 4.828431 ], [ -74.1697684, 4.8285271 ], [ -74.1698165, 4.8286232 ], [ -74.1698165, 4.8287193 ], [ -74.1698165, 4.8288155 ], [ -74.1698645, 4.8289116 ], [ -74.1699126, 4.8290077 ], [ -74.1699126, 4.8291038 ], [ -74.1699126, 4.8291999 ], [ -74.1699126, 4.829296 ], [ -74.1699607, 4.8293921 ], [ -74.1699607, 4.8294882 ], [ -74.1700087, 4.8295843 ], [ -74.1700568, 4.8296804 ], [ -74.1701529, 4.8297284 ], [ -74.1702009, 4.8298245 ], [ -74.1702009, 4.8299206 ], [ -74.170297, 4.8299687 ], [ -74.1703451, 4.8300648 ], [ -74.1703451, 4.8301609 ], [ -74.1704412, 4.8302089 ], [ -74.1704892, 4.830305 ], [ -74.1705853, 4.8303531 ], [ -74.1705853, 4.8304492 ], [ -74.1706814, 4.8304973 ], [ -74.1707295, 4.8305934 ], [ -74.1707775, 4.8306895 ], [ -74.1708256, 4.8307856 ], [ -74.1709217, 4.8308817 ], [ -74.1710178, 4.8309297 ], [ -74.1710658, 4.8310258 ], [ -74.1711139, 4.8311219 ], [ -74.17121, 4.8311219 ], [ -74.17121, 4.831218 ], [ -74.1713061, 4.8312661 ], [ -74.1714022, 4.8313141 ], [ -74.1714503, 4.8314102 ], [ -74.1715464, 4.8314583 ], [ -74.1716425, 4.8315063 ], [ -74.1716905, 4.8316024 ], [ -74.1717866, 4.8316505 ], [ -74.1718827, 4.8316985 ], [ -74.1719788, 4.8316985 ], [ -74.1720269, 4.8317946 ], [ -74.172123, 4.8318427 ], [ -74.1722191, 4.8318907 ], [ -74.1723152, 4.8318907 ], [ -74.1723152, 4.8319869 ], [ -74.1724113, 4.8320349 ], [ -74.1725074, 4.832083 ], [ -74.1726035, 4.832083 ], [ -74.1726996, 4.832131 ], [ -74.1727957, 4.8321791 ], [ -74.1728918, 4.8321791 ], [ -74.1729879, 4.8322271 ], [ -74.173084, 4.8322271 ], [ -74.1731801, 4.8322271 ], [ -74.1732762, 4.8322752 ], [ -74.1733723, 4.8322752 ], [ -74.1734684, 4.8322752 ], [ -74.1735645, 4.8322752 ], [ -74.1736606, 4.8323232 ], [ -74.1737567, 4.8323232 ], [ -74.1738528, 4.8323232 ], [ -74.1739489, 4.8323713 ], [ -74.174045, 4.8323713 ], [ -74.1741411, 4.8323713 ], [ -74.1742372, 4.8323713 ], [ -74.1743333, 4.8323713 ], [ -74.1744294, 4.8323713 ], [ -74.1745256, 4.8323713 ], [ -74.1746217, 4.8323713 ], [ -74.1747178, 4.8324193 ], [ -74.1748139, 4.8324193 ], [ -74.17491, 4.8324193 ], [ -74.1750061, 4.8324674 ], [ -74.1751022, 4.8324674 ], [ -74.1751983, 4.8324674 ], [ -74.1752944, 4.8324674 ], [ -74.1753905, 4.8324674 ], [ -74.1754866, 4.8324674 ], [ -74.1755827, 4.8325154 ], [ -74.1756788, 4.8325635 ], [ -74.1757749, 4.8325635 ], [ -74.175871, 4.8325635 ], [ -74.1759671, 4.8326115 ], [ -74.1760632, 4.8326115 ], [ -74.1761593, 4.8326115 ], [ -74.1762554, 4.8326596 ], [ -74.1763515, 4.8327076 ], [ -74.1764476, 4.8327557 ], [ -74.1765437, 4.8328037 ], [ -74.1766398, 4.8328037 ], [ -74.1767359, 4.8328518 ], [ -74.176784, 4.8329479 ], [ -74.1768801, 4.8329959 ], [ -74.1769762, 4.833044 ], [ -74.1770723, 4.833092 ], [ -74.1771684, 4.8331401 ], [ -74.1772164, 4.8332362 ], [ -74.1773125, 4.8332362 ], [ -74.1773606, 4.8333323 ], [ -74.1774086, 4.8334284 ], [ -74.1775047, 4.8334284 ], [ -74.1775528, 4.8335245 ], [ -74.1776009, 4.8336206 ], [ -74.177697, 4.8336687 ], [ -74.177745, 4.8337648 ], [ -74.1777931, 4.8338609 ], [ -74.1778892, 4.833957 ], [ -74.1779372, 4.8340531 ], [ -74.1780333, 4.8341011 ], [ -74.1781294, 4.8341972 ], [ -74.1782255, 4.8342453 ], [ -74.1783216, 4.8342933 ], [ -74.1783697, 4.8343894 ], [ -74.1784658, 4.8344375 ], [ -74.1785138, 4.8345336 ], [ -74.1786099, 4.8345816 ], [ -74.178706, 4.8345816 ], [ -74.1788021, 4.8346297 ], [ -74.1788982, 4.8346297 ], [ -74.1789943, 4.8346297 ], [ -74.1790904, 4.8346777 ], [ -74.1791866, 4.8346777 ], [ -74.1792827, 4.8346777 ], [ -74.1793788, 4.8347258 ], [ -74.1794749, 4.8347738 ], [ -74.179571, 4.8347738 ], [ -74.1796671, 4.8348219 ], [ -74.1797632, 4.8348699 ], [ -74.1798593, 4.8348699 ], [ -74.1799554, 4.834918 ], [ -74.1800515, 4.8350141 ], [ -74.1801476, 4.8350141 ], [ -74.1801956, 4.8351102 ], [ -74.1802917, 4.8351583 ], [ -74.1803398, 4.8352544 ], [ -74.1804359, 4.8353024 ], [ -74.1804839, 4.8353985 ], [ -74.18058, 4.8354466 ], [ -74.1806281, 4.8355427 ], [ -74.1807242, 4.8355427 ], [ -74.1807723, 4.8356388 ], [ -74.1808684, 4.8356388 ], [ -74.1809164, 4.8357349 ], [ -74.1809645, 4.835831 ], [ -74.1810606, 4.835879 ], [ -74.1811086, 4.8359751 ], [ -74.1811567, 4.8360712 ], [ -74.1812528, 4.8360712 ], [ -74.1812528, 4.8361673 ], [ -74.1813489, 4.8361673 ], [ -74.181445, 4.8361673 ], [ -74.1815411, 4.8362154 ], [ -74.1816372, 4.8362154 ], [ -74.1817333, 4.8362154 ], [ -74.1818294, 4.8362634 ], [ -74.1819255, 4.8362634 ], [ -74.1820216, 4.8362634 ], [ -74.1821177, 4.8363115 ], [ -74.1822138, 4.8363115 ], [ -74.1823099, 4.8363595 ], [ -74.182406, 4.8363595 ], [ -74.1825021, 4.8363595 ], [ -74.1825982, 4.8364076 ], [ -74.1826943, 4.8364076 ], [ -74.1827904, 4.8364076 ], [ -74.1828865, 4.8364556 ], [ -74.1829826, 4.8364556 ], [ -74.1830787, 4.8364556 ], [ -74.1831748, 4.8365037 ], [ -74.1832709, 4.8365037 ], [ -74.183367, 4.8365037 ], [ -74.1834631, 4.8365037 ], [ -74.1835592, 4.8365037 ], [ -74.1836553, 4.8365037 ], [ -74.1837514, 4.8365037 ], [ -74.1838476, 4.8365037 ], [ -74.1839437, 4.8365037 ], [ -74.1840398, 4.8365037 ], [ -74.1841359, 4.8364556 ], [ -74.184232, 4.8364556 ], [ -74.1843281, 4.8364556 ], [ -74.1844242, 4.8364076 ], [ -74.1845203, 4.8364076 ], [ -74.1846164, 4.8363595 ], [ -74.1847125, 4.8363595 ], [ -74.1848086, 4.8363115 ], [ -74.1849035, 4.8363115 ], [ -74.1847858, 4.8368422 ], [ -74.1846697, 4.8377076 ], [ -74.1846644, 4.837705 ], [ -74.1846644, 4.8376089 ], [ -74.1845683, 4.8376089 ], [ -74.1844722, 4.8376089 ], [ -74.1843761, 4.8376089 ], [ -74.18428, 4.8376089 ], [ -74.1841839, 4.8376089 ], [ -74.1840878, 4.8376089 ], [ -74.1839917, 4.8376089 ], [ -74.1838956, 4.8376089 ], [ -74.1837995, 4.8376089 ], [ -74.1837034, 4.8376089 ], [ -74.1836073, 4.8376089 ], [ -74.1835112, 4.8376569 ], [ -74.1835112, 4.837753 ], [ -74.1835592, 4.8378491 ], [ -74.1835592, 4.8379452 ], [ -74.1835592, 4.8380413 ], [ -74.1836553, 4.8380413 ], [ -74.1836553, 4.8381375 ], [ -74.1837514, 4.8381855 ], [ -74.1837514, 4.8382816 ], [ -74.1838476, 4.8383297 ], [ -74.1838956, 4.8384258 ], [ -74.1838956, 4.8385219 ], [ -74.1839917, 4.8385699 ], [ -74.1840398, 4.838666 ], [ -74.1840878, 4.8387621 ], [ -74.1841839, 4.8388102 ], [ -74.1841889, 4.8388201 ], [ -74.1840039, 4.8391694 ], [ -74.1839655, 4.8392776 ], [ -74.1838956, 4.8392426 ], [ -74.1838476, 4.8391465 ], [ -74.1837514, 4.8390985 ], [ -74.1837034, 4.8390024 ], [ -74.1836073, 4.8389543 ], [ -74.1836073, 4.8388582 ], [ -74.1835112, 4.8388582 ], [ -74.1834631, 4.8387621 ], [ -74.1834151, 4.838666 ], [ -74.183319, 4.838618 ], [ -74.1832709, 4.8385219 ], [ -74.1831748, 4.8384738 ], [ -74.1830787, 4.8384738 ], [ -74.1830307, 4.8383777 ], [ -74.1829346, 4.8383777 ], [ -74.1828385, 4.8383297 ], [ -74.1827424, 4.8383297 ], [ -74.1826463, 4.8383297 ], [ -74.1825982, 4.8382336 ], [ -74.1825021, 4.8381855 ], [ -74.182406, 4.8381375 ], [ -74.1823099, 4.8381375 ], [ -74.1822619, 4.8380413 ], [ -74.1821657, 4.8379933 ], [ -74.1820696, 4.8379452 ], [ -74.1820216, 4.8378491 ], [ -74.1819735, 4.837753 ], [ -74.1819255, 4.8376569 ], [ -74.1818774, 4.8375608 ], [ -74.1817813, 4.8374647 ], [ -74.1816852, 4.8374647 ], [ -74.1816372, 4.8373686 ], [ -74.1815411, 4.8373206 ], [ -74.181445, 4.8372725 ], [ -74.1813489, 4.8371764 ], [ -74.1812528, 4.8371284 ], [ -74.1811567, 4.8370803 ], [ -74.1811086, 4.8369842 ], [ -74.1810125, 4.8369362 ], [ -74.1809164, 4.8369362 ], [ -74.1808203, 4.8368881 ], [ -74.1807723, 4.836792 ], [ -74.1806761, 4.836744 ], [ -74.1806281, 4.8366479 ], [ -74.180532, 4.8365998 ], [ -74.1804839, 4.8365037 ], [ -74.1804359, 4.8364076 ], [ -74.1803878, 4.8363115 ], [ -74.1802917, 4.8362634 ], [ -74.1801956, 4.8362634 ], [ -74.1800995, 4.8363115 ], [ -74.1800034, 4.8363595 ], [ -74.1799554, 4.8364556 ], [ -74.1798593, 4.8364556 ], [ -74.1798593, 4.8365518 ], [ -74.1797632, 4.8365518 ], [ -74.1796671, 4.8365518 ], [ -74.179571, 4.8365518 ], [ -74.1794749, 4.8365998 ], [ -74.1794749, 4.8366959 ], [ -74.1794268, 4.836792 ], [ -74.1793788, 4.8368881 ], [ -74.1793307, 4.8369842 ], [ -74.1793307, 4.8370803 ], [ -74.1792346, 4.8371284 ], [ -74.1792346, 4.8372245 ], [ -74.1791866, 4.8373206 ], [ -74.1791385, 4.8374167 ], [ -74.1791385, 4.8375128 ], [ -74.1790424, 4.8375608 ], [ -74.1790424, 4.8376569 ], [ -74.1790424, 4.837753 ], [ -74.1789463, 4.8378011 ], [ -74.1788502, 4.8378491 ], [ -74.1787541, 4.8378491 ], [ -74.178658, 4.8378972 ], [ -74.1785619, 4.8379452 ], [ -74.1784658, 4.8379933 ], [ -74.1783697, 4.8379933 ], [ -74.1782736, 4.8380413 ], [ -74.1781775, 4.8380894 ], [ -74.1780814, 4.8381375 ], [ -74.1779853, 4.8381375 ], [ -74.1778892, 4.8381855 ], [ -74.1777931, 4.8382336 ], [ -74.177697, 4.8382816 ], [ -74.1776489, 4.8383777 ], [ -74.1775528, 4.8383777 ], [ -74.1775047, 4.8384738 ], [ -74.1774567, 4.8385699 ], [ -74.1774086, 4.838666 ], [ -74.1773606, 4.8387621 ], [ -74.1773125, 4.8388582 ], [ -74.1772645, 4.8389543 ], [ -74.1772164, 4.8390504 ], [ -74.1772164, 4.8391465 ], [ -74.1772164, 4.8392426 ], [ -74.1772164, 4.8393387 ], [ -74.1772164, 4.8394348 ], [ -74.1772645, 4.8395309 ], [ -74.1773125, 4.8396271 ], [ -74.1773606, 4.8397232 ], [ -74.1774086, 4.8398193 ], [ -74.1774086, 4.8399154 ], [ -74.1774567, 4.8400115 ], [ -74.1775047, 4.8401076 ], [ -74.1775047, 4.8402037 ], [ -74.1775528, 4.8402998 ], [ -74.1776009, 4.8403959 ], [ -74.1776009, 4.840492 ], [ -74.177697, 4.84054 ], [ -74.177697, 4.8406361 ], [ -74.177697, 4.8407322 ], [ -74.177697, 4.8408283 ], [ -74.177697, 4.8409244 ], [ -74.177697, 4.8410205 ], [ -74.177697, 4.8411166 ], [ -74.1776489, 4.8412128 ], [ -74.1776489, 4.8413089 ], [ -74.1775528, 4.8413569 ], [ -74.1774567, 4.841405 ], [ -74.1774567, 4.8415011 ], [ -74.1773606, 4.8415491 ], [ -74.1772645, 4.8415491 ], [ -74.1772164, 4.8416452 ], [ -74.1771203, 4.8416933 ], [ -74.1770242, 4.8416933 ], [ -74.1769281, 4.8416933 ], [ -74.1768801, 4.8417894 ], [ -74.1768801, 4.8418855 ], [ -74.1768801, 4.8419816 ], [ -74.1768801, 4.8420777 ], [ -74.1768801, 4.8421738 ], [ -74.1768801, 4.8422699 ], [ -74.1768801, 4.842366 ], [ -74.1768801, 4.8424621 ], [ -74.1768801, 4.8425582 ], [ -74.1768801, 4.8426543 ], [ -74.1768801, 4.8427504 ], [ -74.1768801, 4.8428197 ], [ -74.176643, 4.8429219 ], [ -74.1762815, 4.8430714 ], [ -74.1759179, 4.8432156 ], [ -74.1758185, 4.8432387 ], [ -74.1757195, 4.8432634 ], [ -74.1756209, 4.8432898 ], [ -74.1755228, 4.8433179 ], [ -74.1754252, 4.8433477 ], [ -74.1753281, 4.8433792 ], [ -74.1752316, 4.8434123 ], [ -74.1751357, 4.8434471 ], [ -74.1750404, 4.8434835 ], [ -74.1749458, 4.8435215 ], [ -74.1748518, 4.8435611 ], [ -74.1747585, 4.8436024 ], [ -74.1746659, 4.8436452 ], [ -74.1745741, 4.8436897 ], [ -74.174483, 4.8437357 ], [ -74.1743928, 4.8437832 ], [ -74.1743034, 4.8438323 ], [ -74.1742149, 4.8438829 ], [ -74.1741272, 4.843935 ], [ -74.1740405, 4.8439886 ], [ -74.1739547, 4.8440437 ], [ -74.1738699, 4.8441003 ], [ -74.1733936, 4.8454196 ], [ -74.1731336, 4.8461651 ], [ -74.1731321, 4.8461621 ], [ -74.173084, 4.846066 ], [ -74.173084, 4.8459699 ], [ -74.1729879, 4.8459699 ], [ -74.1728918, 4.8459699 ], [ -74.1727957, 4.8460179 ], [ -74.1726996, 4.8460179 ], [ -74.1726035, 4.846066 ], [ -74.1725074, 4.846066 ], [ -74.1725074, 4.8461621 ], [ -74.1724113, 4.8462101 ], [ -74.1723632, 4.8463062 ], [ -74.1723152, 4.8464023 ], [ -74.1722671, 4.8464984 ], [ -74.1722191, 4.8465945 ], [ -74.172123, 4.8465945 ], [ -74.1720749, 4.8466906 ], [ -74.1719788, 4.8467387 ], [ -74.1719308, 4.8468348 ], [ -74.1719308, 4.8469309 ], [ -74.1719308, 4.847027 ], [ -74.1719308, 4.8471231 ], [ -74.1719308, 4.8472192 ], [ -74.1719308, 4.8473153 ], [ -74.1719788, 4.8474114 ], [ -74.1719788, 4.8475075 ], [ -74.1720749, 4.8476036 ], [ -74.172171, 4.8476517 ], [ -74.172171, 4.8477478 ], [ -74.1722671, 4.8477958 ], [ -74.1723632, 4.8478439 ], [ -74.1723632, 4.84794 ], [ -74.1724593, 4.84794 ], [ -74.1725074, 4.8480361 ], [ -74.1725554, 4.8481322 ], [ -74.1725554, 4.8482283 ], [ -74.1726035, 4.8483244 ], [ -74.1726104, 4.8483382 ], [ -74.1724272, 4.8492472 ], [ -74.1722191, 4.850148 ], [ -74.1722191, 4.8501023 ], [ -74.172171, 4.8500062 ], [ -74.172123, 4.8499101 ], [ -74.172123, 4.849814 ], [ -74.1720749, 4.8497179 ], [ -74.1720749, 4.8496218 ], [ -74.1720749, 4.8495257 ], [ -74.1720749, 4.8494296 ], [ -74.1720749, 4.8493335 ], [ -74.1720269, 4.8492374 ], [ -74.1720269, 4.8491413 ], [ -74.1720269, 4.8490452 ], [ -74.1720269, 4.8489491 ], [ -74.1720269, 4.8488529 ], [ -74.1720269, 4.8487568 ], [ -74.1720269, 4.8486607 ], [ -74.1719788, 4.8485646 ], [ -74.1719308, 4.8484685 ], [ -74.1719308, 4.8483724 ], [ -74.1718827, 4.8482763 ], [ -74.1718347, 4.8481802 ], [ -74.1717386, 4.8481322 ], [ -74.1716905, 4.8480361 ], [ -74.1716425, 4.84794 ], [ -74.1715464, 4.8478919 ], [ -74.1714983, 4.8477958 ], [ -74.1714503, 4.8476997 ], [ -74.1713541, 4.8476517 ], [ -74.171258, 4.8476036 ], [ -74.17121, 4.8475075 ], [ -74.1711139, 4.8475075 ], [ -74.1710178, 4.8475075 ], [ -74.1709217, 4.8475556 ], [ -74.1708256, 4.8475556 ], [ -74.1707295, 4.8476036 ], [ -74.1706334, 4.8476517 ], [ -74.1705373, 4.8476517 ], [ -74.1704892, 4.8477478 ], [ -74.1704892, 4.8478439 ], [ -74.1704892, 4.84794 ], [ -74.1704892, 4.8480361 ], [ -74.1704892, 4.8481322 ], [ -74.1704412, 4.8482283 ], [ -74.1703931, 4.8483244 ], [ -74.1703451, 4.8484205 ], [ -74.170297, 4.8485166 ], [ -74.170249, 4.8486127 ], [ -74.1702009, 4.8487088 ], [ -74.1701048, 4.8487088 ], [ -74.1700087, 4.8487088 ], [ -74.1699126, 4.8486607 ], [ -74.1698165, 4.8486607 ], [ -74.1697684, 4.8485646 ], [ -74.1696723, 4.8485166 ], [ -74.1695762, 4.8484685 ], [ -74.1695762, 4.8483724 ], [ -74.1696243, 4.8482763 ], [ -74.1696243, 4.8481802 ], [ -74.1696243, 4.8480841 ], [ -74.1696243, 4.847988 ], [ -74.1695282, 4.84794 ], [ -74.1694801, 4.8478439 ], [ -74.169384, 4.8478439 ], [ -74.1692879, 4.8478439 ], [ -74.1691918, 4.8478439 ], [ -74.1690957, 4.8478919 ], [ -74.1689996, 4.84794 ], [ -74.1689035, 4.847988 ], [ -74.1688074, 4.8480361 ], [ -74.1688074, 4.8481322 ], [ -74.1688074, 4.8482283 ], [ -74.1688074, 4.8483244 ], [ -74.1688074, 4.8484205 ], [ -74.1688074, 4.8485166 ], [ -74.1688074, 4.8486127 ], [ -74.1688074, 4.8487088 ], [ -74.1688555, 4.8488049 ], [ -74.1689035, 4.848901 ], [ -74.1689035, 4.8489971 ], [ -74.1689516, 4.8490932 ], [ -74.1689516, 4.8491893 ], [ -74.1689516, 4.8492854 ], [ -74.1689516, 4.8493815 ], [ -74.1689516, 4.8494776 ], [ -74.1689516, 4.8495737 ], [ -74.1689516, 4.8496698 ], [ -74.1689516, 4.8497659 ], [ -74.1689516, 4.849862 ], [ -74.1689516, 4.8499581 ], [ -74.1689516, 4.8500542 ], [ -74.1689516, 4.8501503 ], [ -74.1689516, 4.8502464 ], [ -74.1689516, 4.8503425 ], [ -74.1689516, 4.8504387 ], [ -74.1689516, 4.8505348 ], [ -74.1689516, 4.8506309 ], [ -74.1689516, 4.850727 ], [ -74.1689516, 4.8508231 ], [ -74.1689516, 4.8509192 ], [ -74.1689516, 4.8510153 ], [ -74.1689516, 4.8511114 ], [ -74.1689516, 4.8512075 ], [ -74.1689516, 4.8513036 ], [ -74.1689516, 4.8513997 ], [ -74.1689516, 4.8514958 ], [ -74.1689516, 4.8515919 ], [ -74.1689516, 4.851688 ], [ -74.1689516, 4.8517841 ], [ -74.1689516, 4.8518802 ], [ -74.1689516, 4.8519763 ], [ -74.1689516, 4.8520724 ], [ -74.1689516, 4.8521685 ], [ -74.1689516, 4.8522646 ], [ -74.1689516, 4.8523607 ], [ -74.1689516, 4.8524568 ], [ -74.1689516, 4.8525529 ], [ -74.1689516, 4.852649 ], [ -74.1689516, 4.8527451 ], [ -74.1689516, 4.8528412 ], [ -74.1689035, 4.8529373 ], [ -74.1689035, 4.8530334 ], [ -74.1688555, 4.8531295 ], [ -74.1687594, 4.8531776 ], [ -74.1686633, 4.8532256 ], [ -74.1685672, 4.8532256 ], [ -74.1684711, 4.8532256 ], [ -74.168375, 4.8532256 ], [ -74.1682788, 4.8532256 ], [ -74.1681827, 4.8532256 ], [ -74.1680866, 4.8532737 ], [ -74.1679905, 4.8533217 ], [ -74.1678944, 4.8533217 ], [ -74.1678464, 4.8534178 ], [ -74.1677503, 4.8534178 ], [ -74.1677022, 4.853514 ], [ -74.1676061, 4.853562 ], [ -74.16751, 4.853562 ], [ -74.167462, 4.8536581 ], [ -74.1673659, 4.8537542 ], [ -74.1672698, 4.8538023 ], [ -74.1672698, 4.8538984 ], [ -74.1671737, 4.8539464 ], [ -74.1671737, 4.8540425 ], [ -74.1671256, 4.8541386 ], [ -74.1670776, 4.8542347 ], [ -74.1670776, 4.8543308 ], [ -74.1670776, 4.8544269 ], [ -74.1670295, 4.854523 ], [ -74.1669815, 4.8546191 ], [ -74.1669815, 4.8547152 ], [ -74.1668854, 4.8547633 ], [ -74.1668373, 4.8548594 ], [ -74.1667892, 4.8549555 ], [ -74.1666931, 4.8550035 ], [ -74.1666931, 4.8550997 ], [ -74.166597, 4.8551477 ], [ -74.166549, 4.8552438 ], [ -74.1665009, 4.8553399 ], [ -74.1665009, 4.855436 ], [ -74.1664529, 4.8555321 ], [ -74.1664529, 4.8556282 ], [ -74.1664048, 4.8557243 ], [ -74.1663568, 4.8558204 ], [ -74.1663568, 4.8559165 ], [ -74.1663087, 4.8560126 ], [ -74.1663087, 4.8561087 ], [ -74.1663087, 4.8562048 ], [ -74.1663087, 4.8563009 ], [ -74.1663087, 4.856397 ], [ -74.1663087, 4.8564931 ], [ -74.1663087, 4.8565893 ], [ -74.1663087, 4.8566854 ], [ -74.1663087, 4.8567815 ], [ -74.1663087, 4.8568776 ], [ -74.1663087, 4.8569737 ], [ -74.1663087, 4.8570698 ], [ -74.1663568, 4.8571659 ], [ -74.1663568, 4.857262 ], [ -74.1664048, 4.8573581 ], [ -74.1664048, 4.8574542 ], [ -74.1664048, 4.8575503 ], [ -74.1664529, 4.8576464 ], [ -74.1665009, 4.8577425 ], [ -74.166549, 4.8578386 ], [ -74.166597, 4.8579347 ], [ -74.1666931, 4.8580308 ], [ -74.1667412, 4.8581269 ], [ -74.1667892, 4.858223 ], [ -74.1668373, 4.8583191 ], [ -74.1669334, 4.8583672 ], [ -74.1669334, 4.8584633 ], [ -74.1670295, 4.8585113 ], [ -74.1670776, 4.8586074 ], [ -74.1671256, 4.8587035 ], [ -74.1671737, 4.8587996 ], [ -74.1672217, 4.8588957 ], [ -74.1672698, 4.8589918 ], [ -74.1673659, 4.8590399 ], [ -74.1674139, 4.859136 ], [ -74.167462, 4.8592321 ], [ -74.1675581, 4.8592801 ], [ -74.1676542, 4.8593282 ], [ -74.1677503, 4.8593282 ], [ -74.1677983, 4.8594243 ], [ -74.1678944, 4.8594723 ], [ -74.1679905, 4.8594723 ], [ -74.1680866, 4.8595204 ], [ -74.1681827, 4.8595684 ], [ -74.1682788, 4.8596165 ], [ -74.168375, 4.8596646 ], [ -74.168423, 4.8597607 ], [ -74.1685191, 4.8598087 ], [ -74.1685672, 4.8599048 ], [ -74.1686633, 4.8599048 ], [ -74.1687594, 4.8599529 ], [ -74.1688074, 4.860049 ], [ -74.1689035, 4.860049 ], [ -74.1689996, 4.860097 ], [ -74.1690477, 4.8601931 ], [ -74.1691438, 4.8602412 ], [ -74.1691918, 4.8603373 ], [ -74.1692879, 4.8603373 ], [ -74.169384, 4.8604334 ], [ -74.1694801, 4.8604334 ], [ -74.1695282, 4.8605295 ], [ -74.1696243, 4.8605295 ], [ -74.1696723, 4.8606256 ], [ -74.1697684, 4.8606736 ], [ -74.1698645, 4.8607217 ], [ -74.1699607, 4.8607217 ], [ -74.1700087, 4.8608178 ], [ -74.1701048, 4.8608658 ], [ -74.1702009, 4.8609139 ], [ -74.170297, 4.8609619 ], [ -74.1703451, 4.861058 ], [ -74.1703451, 4.8611541 ], [ -74.170297, 4.8612503 ], [ -74.170249, 4.8613464 ], [ -74.1701529, 4.8613464 ], [ -74.1700568, 4.8613944 ], [ -74.1699607, 4.8614425 ], [ -74.1698645, 4.8614905 ], [ -74.1698645, 4.8615866 ], [ -74.1698165, 4.8616827 ], [ -74.1697684, 4.8617788 ], [ -74.1697204, 4.8618749 ], [ -74.1697204, 4.861971 ], [ -74.1696723, 4.8620671 ], [ -74.1696243, 4.8621632 ], [ -74.1695762, 4.8622593 ], [ -74.1695282, 4.8623554 ], [ -74.1694801, 4.8624515 ], [ -74.169384, 4.8624996 ], [ -74.169336, 4.8625957 ], [ -74.1692399, 4.8625957 ], [ -74.1691438, 4.8625957 ], [ -74.1690477, 4.8625957 ], [ -74.1689516, 4.8625957 ], [ -74.1688555, 4.8625957 ], [ -74.1687594, 4.8625476 ], [ -74.1686633, 4.8625476 ], [ -74.1686633, 4.8624515 ], [ -74.1686152, 4.8623554 ], [ -74.1686152, 4.8622593 ], [ -74.1686152, 4.8621632 ], [ -74.1686633, 4.8620671 ], [ -74.1686633, 4.861971 ], [ -74.1687113, 4.8618749 ], [ -74.1687113, 4.8617788 ], [ -74.1687594, 4.8616827 ], [ -74.1687594, 4.8615866 ], [ -74.1688074, 4.8614905 ], [ -74.1688555, 4.8613944 ], [ -74.1688555, 4.8612983 ], [ -74.1688555, 4.8612022 ], [ -74.1688555, 4.8611061 ], [ -74.1688555, 4.86101 ], [ -74.1687594, 4.8609619 ], [ -74.1687113, 4.8608658 ], [ -74.1686152, 4.8608178 ], [ -74.1685191, 4.8607697 ], [ -74.168423, 4.8607217 ], [ -74.1683269, 4.8606736 ], [ -74.1682308, 4.8606256 ], [ -74.1681347, 4.8605775 ], [ -74.1680386, 4.8605775 ], [ -74.1679905, 4.8604814 ], [ -74.1678944, 4.8604814 ], [ -74.1678464, 4.8603853 ], [ -74.1677503, 4.8603853 ], [ -74.1677503, 4.8602892 ], [ -74.1676542, 4.8602412 ], [ -74.1675581, 4.8601931 ], [ -74.16751, 4.860097 ], [ -74.1674139, 4.860049 ], [ -74.1673178, 4.8600009 ], [ -74.1673178, 4.8599048 ], [ -74.1672217, 4.8598568 ], [ -74.1671256, 4.8598087 ], [ -74.1670776, 4.8597126 ], [ -74.1669815, 4.8596646 ], [ -74.1668854, 4.8596165 ], [ -74.1668373, 4.8595204 ], [ -74.1667412, 4.8594723 ], [ -74.1666451, 4.8594723 ], [ -74.166549, 4.8594243 ], [ -74.1664529, 4.8594243 ], [ -74.1663568, 4.8594243 ], [ -74.1662607, 4.8594243 ], [ -74.1661646, 4.8594243 ], [ -74.1660685, 4.8594243 ], [ -74.1659724, 4.8594723 ], [ -74.1659724, 4.8595684 ], [ -74.1659724, 4.8596646 ], [ -74.1659724, 4.8597607 ], [ -74.1659724, 4.8598568 ], [ -74.1659724, 4.8599529 ], [ -74.1660204, 4.860049 ], [ -74.1660204, 4.8601451 ], [ -74.1661165, 4.8601451 ], [ -74.1661646, 4.8602412 ], [ -74.1662126, 4.8603373 ], [ -74.1662126, 4.8604334 ], [ -74.1663087, 4.8604814 ], [ -74.1663568, 4.8605775 ], [ -74.1664048, 4.8606736 ], [ -74.1664048, 4.8607697 ], [ -74.1664529, 4.8608658 ], [ -74.166549, 4.8609139 ], [ -74.166597, 4.86101 ], [ -74.166597, 4.8611061 ], [ -74.1666931, 4.8611061 ], [ -74.1666931, 4.8612022 ], [ -74.1667892, 4.8612503 ], [ -74.1667892, 4.8613464 ], [ -74.1668854, 4.8613464 ], [ -74.1668854, 4.8614425 ], [ -74.1669815, 4.8614905 ], [ -74.1670295, 4.8615866 ], [ -74.1671256, 4.8616347 ], [ -74.1671737, 4.8617308 ], [ -74.1672698, 4.8617788 ], [ -74.1673178, 4.8618749 ], [ -74.1674139, 4.861923 ], [ -74.1674139, 4.8620191 ], [ -74.16751, 4.8620671 ], [ -74.1675581, 4.8621632 ], [ -74.1675581, 4.8622593 ], [ -74.16751, 4.8623554 ], [ -74.16751, 4.8624515 ], [ -74.1674139, 4.8624996 ], [ -74.1673659, 4.8625957 ], [ -74.1672698, 4.8625957 ], [ -74.1671737, 4.8625957 ], [ -74.1670776, 4.8625957 ], [ -74.1669815, 4.8625957 ], [ -74.1669334, 4.8624996 ], [ -74.1668854, 4.8624035 ], [ -74.1667892, 4.8623554 ], [ -74.1667412, 4.8622593 ], [ -74.1666931, 4.8621632 ], [ -74.166597, 4.8621152 ], [ -74.166549, 4.8620191 ], [ -74.1664529, 4.8620191 ], [ -74.1664048, 4.861923 ], [ -74.1663087, 4.8618749 ], [ -74.1662607, 4.8617788 ], [ -74.1661646, 4.8617788 ], [ -74.1661165, 4.8616827 ], [ -74.1660685, 4.8615866 ], [ -74.1659724, 4.8615386 ], [ -74.1659243, 4.8614425 ], [ -74.1658763, 4.8613464 ], [ -74.1658763, 4.8612503 ], [ -74.1657802, 4.8612022 ], [ -74.1657321, 4.8611061 ], [ -74.1656841, 4.86101 ], [ -74.165588, 4.8609619 ], [ -74.1655399, 4.8608658 ], [ -74.1654919, 4.8607697 ], [ -74.1654438, 4.8606736 ], [ -74.1653477, 4.8606256 ], [ -74.1652997, 4.8605295 ], [ -74.1652516, 4.8604334 ], [ -74.1651555, 4.8603853 ], [ -74.1651074, 4.8602892 ], [ -74.1650594, 4.8601931 ], [ -74.1650113, 4.860097 ], [ -74.1649633, 4.8600009 ], [ -74.1649633, 4.8599048 ], [ -74.1649633, 4.8598087 ], [ -74.1649633, 4.8597126 ], [ -74.1649633, 4.8596165 ], [ -74.1649633, 4.8595204 ], [ -74.1649633, 4.8594243 ], [ -74.1649633, 4.8593282 ], [ -74.1649633, 4.8592321 ], [ -74.1649633, 4.859136 ], [ -74.1649633, 4.8590399 ], [ -74.1649633, 4.8589438 ], [ -74.1649633, 4.8588477 ], [ -74.1649633, 4.8587516 ], [ -74.1649633, 4.8586555 ], [ -74.1649633, 4.8585594 ], [ -74.1649633, 4.8584633 ], [ -74.1649633, 4.8583672 ], [ -74.1649633, 4.8582711 ], [ -74.1649633, 4.858175 ], [ -74.1649633, 4.8580788 ], [ -74.1650113, 4.8579827 ], [ -74.1650113, 4.8578866 ], [ -74.1650113, 4.8577905 ], [ -74.1650113, 4.8576944 ], [ -74.1650113, 4.8575983 ], [ -74.1650113, 4.8575022 ], [ -74.1650113, 4.8574061 ], [ -74.1650113, 4.85731 ], [ -74.1651074, 4.857262 ], [ -74.1651074, 4.8571659 ], [ -74.1651555, 4.8570698 ], [ -74.1652035, 4.8569737 ], [ -74.1652035, 4.8568776 ], [ -74.1652516, 4.8567815 ], [ -74.1652516, 4.8566854 ], [ -74.1652516, 4.8565893 ], [ -74.1652516, 4.8564931 ], [ -74.1652997, 4.856397 ], [ -74.1652997, 4.8563009 ], [ -74.1652997, 4.8562048 ], [ -74.1653477, 4.8561087 ], [ -74.1653958, 4.8560126 ], [ -74.1653958, 4.8559165 ], [ -74.1653958, 4.8558204 ], [ -74.1654919, 4.8557724 ], [ -74.1655399, 4.8556763 ], [ -74.165588, 4.8555802 ], [ -74.165588, 4.8554841 ], [ -74.165636, 4.855388 ], [ -74.1656841, 4.8552919 ], [ -74.1656841, 4.8551958 ], [ -74.1657321, 4.8550997 ], [ -74.1657802, 4.8550035 ], [ -74.1657802, 4.8549074 ], [ -74.1657802, 4.8548113 ], [ -74.1657802, 4.8547152 ], [ -74.1658763, 4.8546672 ], [ -74.1658763, 4.8545711 ], [ -74.1659243, 4.854475 ], [ -74.1659243, 4.8543789 ], [ -74.1659724, 4.8542828 ], [ -74.1660685, 4.8541867 ], [ -74.1661165, 4.8540906 ], [ -74.1661646, 4.8539945 ], [ -74.1662126, 4.8538984 ], [ -74.1663087, 4.8538503 ], [ -74.1663087, 4.8537542 ], [ -74.1664048, 4.8536581 ], [ -74.1664048, 4.853562 ], [ -74.1665009, 4.853514 ], [ -74.166549, 4.8534178 ], [ -74.166597, 4.8533217 ], [ -74.166597, 4.8532256 ], [ -74.1666931, 4.8531776 ], [ -74.1667412, 4.8530815 ], [ -74.1667892, 4.8529854 ], [ -74.1667892, 4.8528893 ], [ -74.1668854, 4.8528412 ], [ -74.1668854, 4.8527451 ], [ -74.1669334, 4.852649 ], [ -74.1669815, 4.8525529 ], [ -74.1669815, 4.8524568 ], [ -74.1670295, 4.8523607 ], [ -74.1670776, 4.8522646 ], [ -74.1670776, 4.8521685 ], [ -74.1671256, 4.8520724 ], [ -74.1671256, 4.8519763 ], [ -74.1671737, 4.8518802 ], [ -74.1671737, 4.8517841 ], [ -74.1671737, 4.851688 ], [ -74.1671737, 4.8515919 ], [ -74.1672217, 4.8514958 ], [ -74.1672217, 4.8513997 ], [ -74.1672217, 4.8513036 ], [ -74.1672217, 4.8512075 ], [ -74.1672698, 4.8511114 ], [ -74.1672698, 4.8510153 ], [ -74.1672698, 4.8509192 ], [ -74.1672698, 4.8508231 ], [ -74.1672698, 4.850727 ], [ -74.1672698, 4.8506309 ], [ -74.1672698, 4.8505348 ], [ -74.1673178, 4.8504387 ], [ -74.1673178, 4.8503425 ], [ -74.1673178, 4.8502464 ], [ -74.1673659, 4.8501503 ], [ -74.1673659, 4.8500542 ], [ -74.1673659, 4.8499581 ], [ -74.1673659, 4.849862 ], [ -74.1674139, 4.8497659 ], [ -74.1674139, 4.8496698 ], [ -74.167462, 4.8495737 ], [ -74.167462, 4.8494776 ], [ -74.167462, 4.8493815 ], [ -74.167462, 4.8492854 ], [ -74.167462, 4.8491893 ], [ -74.167462, 4.8490932 ], [ -74.167462, 4.8489971 ], [ -74.167462, 4.848901 ], [ -74.167462, 4.8488049 ], [ -74.167462, 4.8487088 ], [ -74.167462, 4.8486127 ], [ -74.167462, 4.8485166 ], [ -74.167462, 4.8484205 ], [ -74.167462, 4.8483244 ], [ -74.167462, 4.8482283 ], [ -74.167462, 4.8481322 ], [ -74.167462, 4.8480361 ], [ -74.167462, 4.84794 ], [ -74.167462, 4.8478439 ], [ -74.167462, 4.8477478 ], [ -74.167462, 4.8476517 ], [ -74.167462, 4.8475556 ], [ -74.1675581, 4.8475075 ], [ -74.1676542, 4.8474595 ], [ -74.1677503, 4.8474595 ], [ -74.1678464, 4.8474595 ], [ -74.1679425, 4.8474595 ], [ -74.1680386, 4.8474595 ], [ -74.1681347, 4.8474114 ], [ -74.1682308, 4.8474114 ], [ -74.1683269, 4.8473634 ], [ -74.168423, 4.8473634 ], [ -74.1685191, 4.8473634 ], [ -74.1686152, 4.8473634 ], [ -74.1687113, 4.8473153 ], [ -74.1688074, 4.8473153 ], [ -74.1689035, 4.8473153 ], [ -74.1689996, 4.8472672 ], [ -74.1690957, 4.8472192 ], [ -74.1691918, 4.8472192 ], [ -74.1692879, 4.8471711 ], [ -74.169384, 4.8471711 ], [ -74.1694801, 4.8471231 ], [ -74.1695762, 4.847075 ], [ -74.1696723, 4.847027 ], [ -74.1697204, 4.8469309 ], [ -74.1698165, 4.8469309 ], [ -74.1698645, 4.8468348 ], [ -74.1699607, 4.8468348 ], [ -74.1700568, 4.8467867 ], [ -74.1701529, 4.8467387 ], [ -74.170249, 4.8466906 ], [ -74.170297, 4.8465945 ], [ -74.1703451, 4.8464984 ], [ -74.1703451, 4.8464023 ], [ -74.1704412, 4.8463543 ], [ -74.1704892, 4.8462582 ], [ -74.1705373, 4.8461621 ], [ -74.1706334, 4.8461621 ], [ -74.1706334, 4.846066 ], [ -74.1707295, 4.8460179 ], [ -74.1708256, 4.8459699 ], [ -74.1709217, 4.8459699 ], [ -74.1709697, 4.8458738 ], [ -74.1710658, 4.8458257 ], [ -74.1711619, 4.8457776 ], [ -74.171258, 4.8457296 ], [ -74.1713541, 4.8456815 ], [ -74.1714503, 4.8456815 ], [ -74.1714983, 4.8455854 ], [ -74.1715944, 4.8455374 ], [ -74.1716905, 4.8455374 ], [ -74.1716905, 4.8454413 ], [ -74.1717866, 4.8453932 ], [ -74.1718827, 4.8453452 ], [ -74.1719308, 4.8452491 ], [ -74.1720269, 4.845201 ], [ -74.172123, 4.845153 ], [ -74.1722191, 4.8451049 ], [ -74.1723152, 4.8450088 ], [ -74.1724113, 4.8449608 ], [ -74.1725074, 4.8449127 ], [ -74.1726035, 4.8448647 ], [ -74.1726996, 4.8448166 ], [ -74.1727957, 4.8447686 ], [ -74.1728918, 4.8447686 ], [ -74.1729398, 4.8446725 ], [ -74.173036, 4.8446244 ], [ -74.1731321, 4.8445764 ], [ -74.1731801, 4.8444803 ], [ -74.1732762, 4.8444322 ], [ -74.1733723, 4.8443842 ], [ -74.1734204, 4.8442881 ], [ -74.1735165, 4.84424 ], [ -74.1736126, 4.8441919 ], [ -74.1737087, 4.8441439 ], [ -74.1737567, 4.8440478 ], [ -74.1738528, 4.8439997 ], [ -74.1739009, 4.8439036 ], [ -74.173997, 4.8438556 ], [ -74.174045, 4.8437595 ], [ -74.1741411, 4.8437595 ], [ -74.1741411, 4.8436634 ], [ -74.1742372, 4.8436634 ], [ -74.1742853, 4.8435673 ], [ -74.1743814, 4.8435192 ], [ -74.1744294, 4.8434231 ], [ -74.1745256, 4.8433751 ], [ -74.1745736, 4.843279 ], [ -74.1746697, 4.8432309 ], [ -74.1747178, 4.8431348 ], [ -74.1748139, 4.8430868 ], [ -74.1748619, 4.8429907 ], [ -74.17491, 4.8428946 ], [ -74.17491, 4.8427985 ], [ -74.1750061, 4.8427504 ], [ -74.1750541, 4.8426543 ], [ -74.1751022, 4.8425582 ], [ -74.1751022, 4.8424621 ], [ -74.1751983, 4.8424621 ], [ -74.1752463, 4.842366 ], [ -74.1752944, 4.8422699 ], [ -74.1753905, 4.8422218 ], [ -74.1754385, 4.8421257 ], [ -74.1754385, 4.8420296 ], [ -74.1755346, 4.8419816 ], [ -74.1755827, 4.8418855 ], [ -74.1756307, 4.8417894 ], [ -74.1756788, 4.8416933 ], [ -74.1757268, 4.8415972 ], [ -74.1757268, 4.8415011 ], [ -74.1758229, 4.841453 ], [ -74.1758229, 4.8413569 ], [ -74.175871, 4.8412608 ], [ -74.175919, 4.8411647 ], [ -74.175919, 4.8410686 ], [ -74.1759671, 4.8409725 ], [ -74.1759671, 4.8408764 ], [ -74.1760151, 4.8407803 ], [ -74.1760632, 4.8406842 ], [ -74.1760632, 4.8405881 ], [ -74.1761113, 4.840492 ], [ -74.1761113, 4.8403959 ], [ -74.1761593, 4.8402998 ], [ -74.1762074, 4.8402037 ], [ -74.1762554, 4.8401076 ], [ -74.1762554, 4.8400115 ], [ -74.1763035, 4.8399154 ], [ -74.1763035, 4.8398193 ], [ -74.1763515, 4.8397232 ], [ -74.1763996, 4.8396271 ], [ -74.1763996, 4.8395309 ], [ -74.1763996, 4.8394348 ], [ -74.1763996, 4.8393387 ], [ -74.1763996, 4.8392426 ], [ -74.1763996, 4.8391465 ], [ -74.1763996, 4.8390504 ], [ -74.1763996, 4.8389543 ], [ -74.1763996, 4.8388582 ], [ -74.1764476, 4.8387621 ], [ -74.1764476, 4.838666 ], [ -74.1764476, 4.8385699 ], [ -74.1764957, 4.8384738 ], [ -74.1764957, 4.8383777 ], [ -74.1764957, 4.8382816 ], [ -74.1765918, 4.8382336 ], [ -74.1765918, 4.8381375 ], [ -74.1766398, 4.8380413 ], [ -74.1766879, 4.8379452 ], [ -74.1766879, 4.8378491 ], [ -74.176784, 4.8378011 ], [ -74.176784, 4.837705 ], [ -74.176832, 4.8376089 ], [ -74.1768801, 4.8375128 ], [ -74.1768801, 4.8374167 ], [ -74.1769762, 4.8373686 ], [ -74.1770242, 4.8372725 ], [ -74.1771203, 4.8372245 ], [ -74.1772164, 4.8372245 ], [ -74.1772164, 4.8371284 ], [ -74.1773125, 4.8370803 ], [ -74.1774086, 4.8370323 ], [ -74.1774567, 4.8369362 ], [ -74.1775528, 4.8368881 ], [ -74.1776489, 4.8368401 ], [ -74.1776489, 4.836744 ], [ -74.177745, 4.836744 ], [ -74.1778411, 4.8366479 ], [ -74.1779372, 4.8365998 ], [ -74.1779853, 4.8365037 ], [ -74.1780814, 4.8365037 ], [ -74.1781294, 4.8364076 ], [ -74.1782255, 4.8364076 ], [ -74.1782736, 4.8363115 ], [ -74.1783216, 4.8362154 ], [ -74.1784177, 4.8361673 ], [ -74.1784658, 4.8360712 ], [ -74.1784658, 4.8359751 ], [ -74.1784658, 4.835879 ], [ -74.1784658, 4.8357829 ], [ -74.1784658, 4.8356868 ], [ -74.1784658, 4.8355907 ], [ -74.1784177, 4.8354946 ], [ -74.1783697, 4.8353985 ], [ -74.1783216, 4.8353024 ], [ -74.1782255, 4.8352544 ], [ -74.1781775, 4.8351583 ], [ -74.1780814, 4.8351102 ], [ -74.1779853, 4.8350622 ], [ -74.1778892, 4.8350622 ], [ -74.1777931, 4.8350141 ], [ -74.177697, 4.8350141 ], [ -74.1776489, 4.834918 ], [ -74.1775528, 4.834918 ], [ -74.1774567, 4.834918 ], [ -74.1773606, 4.8348699 ], [ -74.1772645, 4.8348699 ], [ -74.1771684, 4.8348219 ], [ -74.1770723, 4.8348219 ], [ -74.1770242, 4.8347258 ], [ -74.1769281, 4.8347258 ], [ -74.176832, 4.8346777 ], [ -74.1767359, 4.8346777 ], [ -74.1766398, 4.8346297 ], [ -74.1765437, 4.8346297 ], [ -74.1764476, 4.8345816 ], [ -74.1763515, 4.8345336 ], [ -74.1762554, 4.8345336 ], [ -74.1761593, 4.8345336 ], [ -74.1760632, 4.8344855 ], [ -74.1759671, 4.8344855 ], [ -74.175871, 4.8344375 ], [ -74.1757749, 4.8344375 ], [ -74.1756788, 4.8343894 ], [ -74.1755827, 4.8343414 ], [ -74.1754866, 4.8343414 ], [ -74.1753905, 4.8342933 ], [ -74.1752944, 4.8342933 ], [ -74.1751983, 4.8342933 ], [ -74.1751022, 4.8342933 ], [ -74.1750061, 4.8342933 ], [ -74.17491, 4.8342453 ], [ -74.1748139, 4.8342453 ], [ -74.1747178, 4.8342453 ], [ -74.1746217, 4.8341972 ], [ -74.1745256, 4.8341492 ], [ -74.1744294, 4.8341492 ], [ -74.1743333, 4.8341492 ], [ -74.1742372, 4.8341011 ], [ -74.1741411, 4.8341011 ], [ -74.174045, 4.8340531 ], [ -74.1739489, 4.8340531 ], [ -74.1738528, 4.8340531 ], [ -74.1737567, 4.8340531 ], [ -74.1736606, 4.834005 ], [ -74.1735645, 4.833957 ], [ -74.1734684, 4.8339089 ], [ -74.1733723, 4.8339089 ], [ -74.1732762, 4.8338609 ], [ -74.1732282, 4.8337648 ], [ -74.1731321, 4.8337648 ], [ -74.173084, 4.8336687 ], [ -74.1729879, 4.8336206 ], [ -74.1728918, 4.8336206 ], [ -74.1728437, 4.8335245 ], [ -74.1727476, 4.8334765 ], [ -74.1726515, 4.8334765 ], [ -74.1725554, 4.8334284 ], [ -74.1724593, 4.8333803 ], [ -74.1724113, 4.8332842 ], [ -74.1723152, 4.8332362 ], [ -74.1722191, 4.8332362 ], [ -74.172171, 4.8331401 ], [ -74.1720749, 4.833092 ], [ -74.1719788, 4.833044 ], [ -74.1719308, 4.8329479 ], [ -74.1718347, 4.8328998 ], [ -74.1717386, 4.8328518 ], [ -74.1716425, 4.8328518 ], [ -74.1715464, 4.8328037 ], [ -74.1714503, 4.8328037 ], [ -74.1713541, 4.8328037 ], [ -74.171258, 4.8328037 ], [ -74.1711619, 4.8328037 ], [ -74.1710658, 4.8328037 ], [ -74.1709697, 4.8328518 ], [ -74.1708736, 4.8328518 ], [ -74.1707775, 4.8328518 ], [ -74.1706814, 4.8328998 ], [ -74.1705853, 4.8328998 ], [ -74.1704892, 4.8328998 ], [ -74.1703931, 4.8328998 ], [ -74.170297, 4.8328998 ], [ -74.1702009, 4.8328998 ], [ -74.1701048, 4.8328998 ], [ -74.1700087, 4.8328998 ], [ -74.1699607, 4.8329959 ], [ -74.1698645, 4.833044 ], [ -74.1698165, 4.8331401 ], [ -74.1697204, 4.8331881 ], [ -74.1697204, 4.8332842 ], [ -74.1696243, 4.8333323 ], [ -74.1695762, 4.8334284 ], [ -74.1695282, 4.8335245 ], [ -74.1695282, 4.8336206 ], [ -74.1694801, 4.8337167 ], [ -74.1694321, 4.8338128 ], [ -74.1694321, 4.8339089 ], [ -74.1694801, 4.834005 ], [ -74.1694801, 4.8341011 ], [ -74.1695762, 4.8341492 ], [ -74.1696723, 4.8342453 ], [ -74.1697684, 4.8342933 ], [ -74.1698165, 4.8343894 ], [ -74.1699126, 4.8343894 ], [ -74.1699126, 4.8344855 ], [ -74.1700087, 4.8345336 ], [ -74.1701048, 4.8345816 ], [ -74.1702009, 4.8345816 ], [ -74.170249, 4.8346777 ], [ -74.1703451, 4.8346777 ], [ -74.1703451, 4.8347738 ], [ -74.1703451, 4.8348699 ], [ -74.170297, 4.834966 ], [ -74.170297, 4.8350622 ], [ -74.170249, 4.8351583 ], [ -74.1701529, 4.8352063 ], [ -74.1701529, 4.8353024 ], [ -74.1700568, 4.8353024 ], [ -74.1699607, 4.8353024 ], [ -74.1698645, 4.8352544 ], [ -74.1697684, 4.8352544 ], [ -74.1696723, 4.8352544 ], [ -74.1695762, 4.8352063 ], [ -74.1694801, 4.8351583 ], [ -74.169384, 4.8351583 ], [ -74.169336, 4.8350622 ], [ -74.1692879, 4.834966 ], [ -74.1692399, 4.8348699 ], [ -74.1691438, 4.8347738 ], [ -74.1691438, 4.8346777 ], [ -74.1690477, 4.8346297 ], [ -74.1689996, 4.8345336 ], [ -74.1689035, 4.8344375 ], [ -74.1688555, 4.8343414 ], [ -74.1687594, 4.8343414 ], [ -74.1686633, 4.8343414 ], [ -74.1685672, 4.8343414 ], [ -74.1684711, 4.8343894 ], [ -74.168423, 4.8344855 ], [ -74.168375, 4.8345816 ], [ -74.168375, 4.8346777 ], [ -74.168375, 4.8347738 ], [ -74.168423, 4.8348699 ], [ -74.168423, 4.834966 ], [ -74.1685191, 4.834966 ], [ -74.1685672, 4.8350622 ], [ -74.1686633, 4.8351102 ], [ -74.1687594, 4.8351102 ], [ -74.1688074, 4.8352063 ], [ -74.1689035, 4.8352063 ], [ -74.1689035, 4.8353024 ], [ -74.1689035, 4.8353985 ], [ -74.1689035, 4.8354946 ], [ -74.1689035, 4.8355907 ], [ -74.1688555, 4.8356868 ], [ -74.1688074, 4.8357829 ], [ -74.1687113, 4.835831 ], [ -74.1686152, 4.835831 ], [ -74.1685191, 4.835831 ], [ -74.168423, 4.8357829 ], [ -74.1683269, 4.8357829 ], [ -74.1682788, 4.8356868 ], [ -74.1681827, 4.8356388 ], [ -74.1681347, 4.8355427 ], [ -74.1680866, 4.8354466 ], [ -74.1680386, 4.8353505 ], [ -74.1679905, 4.8352544 ], [ -74.1679905, 4.8351583 ], [ -74.1678944, 4.8351102 ], [ -74.1677983, 4.8350622 ], [ -74.1677022, 4.8350622 ], [ -74.1676061, 4.8350622 ], [ -74.16751, 4.8350622 ], [ -74.1674139, 4.8350622 ], [ -74.1673178, 4.8350622 ], [ -74.1672698, 4.8351583 ], [ -74.1672698, 4.8352544 ], [ -74.1671737, 4.8353024 ], [ -74.1671737, 4.8353985 ], [ -74.1670776, 4.8354466 ], [ -74.1670295, 4.8355427 ], [ -74.1669334, 4.8355427 ], [ -74.1668373, 4.8355427 ], [ -74.1667412, 4.8355427 ], [ -74.1666451, 4.8355427 ], [ -74.166549, 4.8354946 ], [ -74.166549, 4.8353985 ], [ -74.166549, 4.8353024 ], [ -74.166549, 4.8352063 ], [ -74.166549, 4.8351102 ], [ -74.166549, 4.8350141 ], [ -74.166549, 4.834918 ], [ -74.166549, 4.8348219 ], [ -74.166549, 4.8347258 ], [ -74.1665009, 4.8346297 ], [ -74.1664529, 4.8345336 ], [ -74.1663568, 4.8345336 ], [ -74.1662607, 4.8345336 ], [ -74.1662126, 4.8346297 ], [ -74.1661165, 4.8346777 ], [ -74.1660204, 4.8347258 ], [ -74.1659243, 4.8347738 ], [ -74.1658763, 4.8348699 ], [ -74.1657802, 4.834918 ], [ -74.1656841, 4.834966 ], [ -74.165588, 4.8350141 ], [ -74.1655399, 4.8351102 ], [ -74.1654438, 4.8351583 ], [ -74.1653958, 4.8352544 ], [ -74.1653477, 4.8353505 ], [ -74.1652997, 4.8354466 ], [ -74.1652516, 4.8355427 ], [ -74.1652035, 4.8356388 ], [ -74.1651555, 4.8357349 ], [ -74.1651074, 4.835831 ], [ -74.1650594, 4.8359271 ], [ -74.1650113, 4.8360232 ], [ -74.1650113, 4.8361193 ], [ -74.1649152, 4.8361673 ], [ -74.1649152, 4.8362634 ], [ -74.1648191, 4.8362634 ], [ -74.1647711, 4.8363595 ], [ -74.164675, 4.8363595 ], [ -74.1646269, 4.8364556 ], [ -74.1645308, 4.8365037 ], [ -74.1644347, 4.8365518 ], [ -74.1643386, 4.8365518 ], [ -74.1642425, 4.8365518 ], [ -74.1641464, 4.8365518 ], [ -74.1640503, 4.8365518 ], [ -74.1639542, 4.8365998 ], [ -74.1638581, 4.8365998 ], [ -74.163762, 4.8366479 ], [ -74.163762, 4.836744 ], [ -74.163762, 4.8368401 ], [ -74.163762, 4.8369362 ], [ -74.163762, 4.8370323 ], [ -74.163762, 4.8371284 ], [ -74.163762, 4.8372245 ], [ -74.1637139, 4.8373206 ], [ -74.1637139, 4.8374167 ], [ -74.1636178, 4.8374647 ], [ -74.1635698, 4.8375608 ], [ -74.1634737, 4.8375608 ], [ -74.1634256, 4.8376569 ], [ -74.1633295, 4.837705 ], [ -74.1632334, 4.837705 ], [ -74.1631373, 4.837753 ], [ -74.1630412, 4.8378011 ], [ -74.1629451, 4.8378491 ], [ -74.162849, 4.8378972 ], [ -74.1627529, 4.8379452 ], [ -74.1627049, 4.8380413 ], [ -74.1626088, 4.8380413 ], [ -74.1625607, 4.8381375 ], [ -74.1624646, 4.8381855 ], [ -74.1624166, 4.8382816 ], [ -74.1623205, 4.8383297 ], [ -74.1622244, 4.8383777 ], [ -74.1621763, 4.8384738 ], [ -74.1620802, 4.8385219 ], [ -74.1619841, 4.8385699 ], [ -74.1619841, 4.838666 ], [ -74.161888, 4.8387141 ], [ -74.1618399, 4.8388102 ], [ -74.1617438, 4.8388582 ], [ -74.1616958, 4.8389543 ], [ -74.1615997, 4.8389543 ], [ -74.1615516, 4.8390504 ], [ -74.1615036, 4.8391465 ], [ -74.1614075, 4.8391465 ], [ -74.1613594, 4.8392426 ], [ -74.1612633, 4.8392907 ], [ -74.1611672, 4.8393387 ], [ -74.1611192, 4.8394348 ], [ -74.1610231, 4.8394829 ], [ -74.160927, 4.8395309 ], [ -74.1608309, 4.8395309 ], [ -74.1608309, 4.8396271 ], [ -74.1607348, 4.8396751 ], [ -74.1606387, 4.8396751 ], [ -74.1605906, 4.8397712 ], [ -74.1604945, 4.8398193 ], [ -74.1604464, 4.8399154 ], [ -74.1603503, 4.8399634 ], [ -74.1603023, 4.8400595 ], [ -74.1602062, 4.8401076 ], [ -74.1601101, 4.8401556 ], [ -74.1601101, 4.8402517 ], [ -74.160014, 4.8402517 ], [ -74.1599659, 4.8403478 ], [ -74.1598698, 4.8403478 ], [ -74.1598218, 4.8404439 ], [ -74.1597257, 4.840492 ], [ -74.1596296, 4.84054 ], [ -74.1595335, 4.84054 ], [ -74.1594854, 4.8406361 ], [ -74.1593893, 4.8406842 ], [ -74.1592932, 4.8407322 ], [ -74.1591971, 4.8407322 ], [ -74.1591971, 4.8408283 ], [ -74.159101, 4.8408764 ], [ -74.1590049, 4.8408764 ], [ -74.1589568, 4.8409725 ], [ -74.1588607, 4.8410205 ], [ -74.1587646, 4.8410686 ], [ -74.1586685, 4.8410686 ], [ -74.1585724, 4.8411166 ], [ -74.1584763, 4.8411166 ], [ -74.1583802, 4.8411647 ], [ -74.1582841, 4.8412128 ], [ -74.158188, 4.8412608 ], [ -74.1580919, 4.8412608 ], [ -74.1579958, 4.8413089 ], [ -74.1578997, 4.8413089 ], [ -74.1578036, 4.8413089 ], [ -74.1577075, 4.8413089 ], [ -74.1577075, 4.8412128 ], [ -74.1578036, 4.8411647 ], [ -74.1578036, 4.8410686 ], [ -74.1578997, 4.8410205 ], [ -74.1579478, 4.8409244 ], [ -74.1579958, 4.8408283 ], [ -74.1580439, 4.8407322 ], [ -74.1580919, 4.8406361 ], [ -74.1580919, 4.84054 ], [ -74.158188, 4.840492 ], [ -74.1582361, 4.8403959 ], [ -74.1582841, 4.8402998 ], [ -74.1583802, 4.8402037 ], [ -74.1584763, 4.8402037 ], [ -74.1584763, 4.8401076 ], [ -74.1585724, 4.8400595 ], [ -74.1586685, 4.8400115 ], [ -74.1587166, 4.8399154 ], [ -74.1588127, 4.8398673 ], [ -74.1588607, 4.8397712 ], [ -74.1588607, 4.8396751 ], [ -74.1589088, 4.839579 ], [ -74.1590049, 4.839579 ], [ -74.1590049, 4.8394829 ], [ -74.159101, 4.8394348 ], [ -74.1591491, 4.8393387 ], [ -74.1592452, 4.8392907 ], [ -74.1592932, 4.8391946 ], [ -74.1593893, 4.8391946 ], [ -74.1594374, 4.8390985 ], [ -74.1595335, 4.8390504 ], [ -74.1595815, 4.8389543 ], [ -74.1596776, 4.8389063 ], [ -74.1597257, 4.8388102 ], [ -74.1598218, 4.8388102 ], [ -74.1598698, 4.8387141 ], [ -74.1599659, 4.838618 ], [ -74.160062, 4.838618 ], [ -74.1601101, 4.8385219 ], [ -74.1602062, 4.8384738 ], [ -74.1603023, 4.8384258 ], [ -74.1603984, 4.8383777 ], [ -74.1604945, 4.8383297 ], [ -74.1605906, 4.8382816 ], [ -74.1606867, 4.8382336 ], [ -74.1607828, 4.8381855 ], [ -74.1608789, 4.8381855 ], [ -74.160975, 4.8381855 ], [ -74.1610231, 4.8380894 ], [ -74.1611192, 4.8380413 ], [ -74.1612153, 4.8379933 ], [ -74.1612633, 4.8378972 ], [ -74.1613594, 4.8378972 ], [ -74.1614075, 4.8378011 ], [ -74.1614555, 4.837705 ], [ -74.1615516, 4.8376569 ], [ -74.1615997, 4.8375608 ], [ -74.1615997, 4.8374647 ], [ -74.1616958, 4.8374167 ], [ -74.1617919, 4.8373686 ], [ -74.1618399, 4.8372725 ], [ -74.161936, 4.8372245 ], [ -74.1620321, 4.8372245 ], [ -74.1620802, 4.8371284 ], [ -74.1621763, 4.8370803 ], [ -74.1622724, 4.8370323 ], [ -74.1623685, 4.8370323 ], [ -74.1623685, 4.8369362 ], [ -74.1624646, 4.8368881 ], [ -74.1625607, 4.8368401 ], [ -74.1626568, 4.836792 ], [ -74.1627529, 4.836744 ], [ -74.162849, 4.8366959 ], [ -74.1629451, 4.8366959 ], [ -74.1630412, 4.8366479 ], [ -74.1631373, 4.8365998 ], [ -74.1632334, 4.8365998 ], [ -74.1633295, 4.8365518 ], [ -74.1634256, 4.8365037 ], [ -74.1634737, 4.8364076 ], [ -74.1635698, 4.8364076 ], [ -74.1636178, 4.8363115 ], [ -74.1636659, 4.8362154 ], [ -74.163762, 4.8361673 ], [ -74.1638101, 4.8360712 ], [ -74.1638581, 4.8359751 ], [ -74.1638581, 4.835879 ], [ -74.1639542, 4.835831 ], [ -74.1639542, 4.8357349 ], [ -74.1640023, 4.8356388 ], [ -74.1640503, 4.8355427 ], [ -74.1640503, 4.8354466 ], [ -74.1641464, 4.8353985 ], [ -74.1641464, 4.8353024 ], [ -74.1641945, 4.8352063 ], [ -74.1642425, 4.8351102 ], [ -74.1643386, 4.8350622 ], [ -74.1643867, 4.834966 ], [ -74.1644347, 4.8348699 ], [ -74.1645308, 4.8348219 ], [ -74.1645789, 4.8347258 ], [ -74.1646269, 4.8346297 ], [ -74.164723, 4.8346297 ], [ -74.164723, 4.8345336 ], [ -74.1648191, 4.8344855 ], [ -74.1648672, 4.8343894 ], [ -74.1649152, 4.8342933 ], [ -74.1650113, 4.8342453 ], [ -74.1650594, 4.8341492 ], [ -74.1651555, 4.8341492 ], [ -74.1652035, 4.8340531 ], [ -74.1652997, 4.834005 ], [ -74.1653958, 4.833957 ], [ -74.1654438, 4.8338609 ], [ -74.1655399, 4.8338609 ], [ -74.1655399, 4.8337648 ], [ -74.165636, 4.8337167 ], [ -74.1657321, 4.8337167 ], [ -74.1658282, 4.8336687 ], [ -74.1659243, 4.8336687 ], [ -74.1659724, 4.8335726 ], [ -74.1660685, 4.8335245 ], [ -74.1661646, 4.8334765 ], [ -74.1662607, 4.8334765 ], [ -74.1663568, 4.8334284 ], [ -74.1664529, 4.8333803 ], [ -74.166549, 4.8333803 ], [ -74.1666451, 4.8333323 ], [ -74.1667412, 4.8332842 ], [ -74.1668373, 4.8332842 ], [ -74.1669334, 4.8332362 ], [ -74.1670295, 4.8331881 ], [ -74.1671256, 4.8331401 ], [ -74.1672217, 4.8331401 ], [ -74.1673178, 4.8331401 ], [ -74.1674139, 4.833092 ], [ -74.16751, 4.833092 ], [ -74.1676061, 4.833044 ], [ -74.1677022, 4.833044 ], [ -74.1677503, 4.8329479 ], [ -74.1678464, 4.8329479 ], [ -74.1679425, 4.8329479 ], [ -74.1680386, 4.8329479 ], [ -74.1681347, 4.8328998 ], [ -74.1682308, 4.8328998 ], [ -74.1683269, 4.8328998 ], [ -74.168423, 4.8328998 ], [ -74.1685191, 4.8328998 ], [ -74.1686152, 4.8328518 ], [ -74.1687113, 4.8328518 ], [ -74.1688074, 4.8328037 ], [ -74.1689035, 4.8327557 ], [ -74.1689996, 4.8327076 ], [ -74.1690957, 4.8326596 ], [ -74.1691918, 4.8326596 ], [ -74.1692399, 4.8325635 ], [ -74.169336, 4.8325154 ], [ -74.1694321, 4.8324674 ], [ -74.1694321, 4.8323713 ], [ -74.1695282, 4.8323713 ], [ -74.1695762, 4.8322752 ], [ -74.1695762, 4.8321791 ], [ -74.1695762, 4.832083 ], [ -74.1695762, 4.8319869 ], [ -74.1695762, 4.8318907 ], [ -74.1695762, 4.8317946 ], [ -74.1695762, 4.8316985 ], [ -74.1695762, 4.8316024 ], [ -74.1695762, 4.8315063 ], [ -74.1695762, 4.8314102 ], [ -74.1695282, 4.8313141 ], [ -74.1695282, 4.831218 ], [ -74.1694801, 4.8311219 ], [ -74.1694801, 4.8310258 ], [ -74.1694321, 4.8309297 ], [ -74.169384, 4.8308336 ], [ -74.169384, 4.8307375 ], [ -74.169336, 4.8306414 ], [ -74.169336, 4.8305453 ], [ -74.1692879, 4.8304492 ], [ -74.1692879, 4.8303531 ], [ -74.1692399, 4.830257 ], [ -74.1692399, 4.8301609 ], [ -74.1691438, 4.8301128 ], [ -74.1691438, 4.8300167 ], [ -74.1690477, 4.8299687 ], [ -74.1690477, 4.8298726 ], [ -74.1689516, 4.8298726 ], [ -74.1689035, 4.8297765 ], [ -74.1688555, 4.8296804 ], [ -74.1687594, 4.8296323 ], [ -74.1687113, 4.8295362 ], [ -74.1686633, 4.8294401 ], [ -74.1686633, 4.829344 ], [ -74.1685672, 4.829344 ], [ -74.1685672, 4.8292479 ], [ -74.1684711, 4.8291999 ], [ -74.1684711, 4.8291038 ], [ -74.168375, 4.8290557 ], [ -74.168375, 4.8289596 ], [ -74.1682788, 4.8289116 ], [ -74.1682788, 4.8288155 ], [ -74.1681827, 4.8287674 ], [ -74.1681347, 4.8286713 ], [ -74.1680386, 4.8286232 ], [ -74.1679905, 4.8285271 ], [ -74.1678944, 4.8284791 ], [ -74.1678944, 4.828383 ], [ -74.1677983, 4.8283349 ], [ -74.1677503, 4.8282388 ], [ -74.1677022, 4.8281427 ], [ -74.1676542, 4.8280466 ], [ -74.1676542, 4.8279505 ], [ -74.1676061, 4.8278544 ], [ -74.1675581, 4.8277583 ], [ -74.16751, 4.8276622 ], [ -74.16751, 4.8275661 ], [ -74.167462, 4.82747 ], [ -74.167462, 4.8273739 ], [ -74.1673659, 4.8273259 ], [ -74.1673659, 4.8272297 ], [ -74.1673178, 4.8271336 ], [ -74.1672698, 4.8270375 ], [ -74.1672217, 4.8269414 ], [ -74.1671737, 4.8268453 ], [ -74.1671256, 4.8267492 ], [ -74.1670776, 4.8266531 ], [ -74.1670295, 4.826557 ], [ -74.1669334, 4.826509 ], [ -74.1669334, 4.8264129 ], [ -74.1668373, 4.8263648 ], [ -74.1667412, 4.8263168 ], [ -74.1666451, 4.8262207 ], [ -74.166549, 4.8261726 ], [ -74.1664529, 4.8261246 ], [ -74.1663568, 4.8260765 ], [ -74.1662607, 4.8260765 ], [ -74.1661646, 4.8260765 ], [ -74.1660685, 4.8260765 ], [ -74.1659724, 4.8260765 ], [ -74.1658763, 4.8261246 ], [ -74.1657802, 4.8261726 ], [ -74.1656841, 4.8261726 ], [ -74.165588, 4.8262207 ], [ -74.1654919, 4.8262207 ], [ -74.1653958, 4.8262687 ], [ -74.1652997, 4.8263168 ], [ -74.1652035, 4.8263648 ], [ -74.1651074, 4.8264129 ], [ -74.1650113, 4.8264609 ], [ -74.1649633, 4.826557 ], [ -74.1648672, 4.8266051 ], [ -74.1648191, 4.8267012 ], [ -74.164723, 4.8267492 ], [ -74.164675, 4.8268453 ], [ -74.1646269, 4.8269414 ], [ -74.1645308, 4.8269895 ], [ -74.1644347, 4.8270856 ], [ -74.1643386, 4.8271336 ], [ -74.1642906, 4.8272297 ], [ -74.1641945, 4.8272778 ], [ -74.1641464, 4.8273739 ], [ -74.1640984, 4.82747 ], [ -74.1640503, 4.8275661 ], [ -74.1639542, 4.8276142 ], [ -74.1639062, 4.8277103 ], [ -74.1638581, 4.8278064 ], [ -74.1638101, 4.8279025 ], [ -74.163762, 4.8279986 ], [ -74.1637139, 4.8280947 ], [ -74.1636659, 4.8281908 ], [ -74.1636178, 4.8282869 ], [ -74.1635698, 4.828383 ], [ -74.1635217, 4.8284791 ], [ -74.1634256, 4.8285752 ], [ -74.1633295, 4.8286232 ], [ -74.1633295, 4.8287193 ], [ -74.1632334, 4.8287674 ], [ -74.1631373, 4.8288155 ], [ -74.1630893, 4.8289116 ], [ -74.1629932, 4.8289116 ], [ -74.1629451, 4.8290077 ], [ -74.162849, 4.8290557 ], [ -74.1627529, 4.8290557 ], [ -74.1627049, 4.8291518 ], [ -74.1626088, 4.8291999 ], [ -74.1625607, 4.829296 ], [ -74.1624646, 4.8293921 ], [ -74.1623685, 4.8294401 ], [ -74.1623205, 4.8295362 ], [ -74.1622244, 4.8295362 ], [ -74.1621282, 4.8295362 ], [ -74.1620321, 4.8295362 ], [ -74.161936, 4.8294882 ], [ -74.1618399, 4.8294882 ], [ -74.1617919, 4.8293921 ], [ -74.1617438, 4.829296 ], [ -74.1617438, 4.8291999 ], [ -74.1617438, 4.8291038 ], [ -74.1617438, 4.8290077 ], [ -74.1617919, 4.8289116 ], [ -74.1617919, 4.8288155 ], [ -74.1618399, 4.8287193 ], [ -74.161888, 4.8286232 ], [ -74.161888, 4.8285271 ], [ -74.1619841, 4.8284791 ], [ -74.1619841, 4.828383 ], [ -74.1620802, 4.8283349 ], [ -74.1621282, 4.8282388 ], [ -74.1621763, 4.8281427 ], [ -74.1622724, 4.8280947 ], [ -74.1623205, 4.8279986 ], [ -74.1623685, 4.8279025 ], [ -74.1624646, 4.8279025 ], [ -74.1625127, 4.8278064 ], [ -74.1626088, 4.8277583 ], [ -74.1626568, 4.8276622 ], [ -74.1627049, 4.8275661 ], [ -74.162801, 4.8275181 ], [ -74.162849, 4.827422 ], [ -74.1628971, 4.8273259 ], [ -74.1629932, 4.8272778 ], [ -74.1629932, 4.8271817 ], [ -74.1630893, 4.8271336 ], [ -74.1631373, 4.8270375 ], [ -74.1631854, 4.8269414 ], [ -74.1632815, 4.8268934 ], [ -74.1633295, 4.8267973 ], [ -74.1634256, 4.8267492 ], [ -74.1634737, 4.8266531 ], [ -74.1635698, 4.8266051 ], [ -74.1636178, 4.826509 ], [ -74.1637139, 4.8264609 ], [ -74.1638101, 4.8263648 ], [ -74.1639062, 4.8263168 ], [ -74.1640023, 4.8262687 ], [ -74.1640503, 4.8261726 ], [ -74.1641464, 4.8261246 ], [ -74.1642425, 4.8261246 ], [ -74.1642906, 4.8260285 ], [ -74.1643867, 4.8259804 ], [ -74.1644828, 4.8258843 ], [ -74.1645789, 4.8258843 ], [ -74.1645789, 4.8257882 ], [ -74.164675, 4.8257402 ], [ -74.1647711, 4.8257402 ], [ -74.1648191, 4.825644 ], [ -74.1649152, 4.825596 ], [ -74.1649633, 4.8254999 ], [ -74.1650594, 4.8254999 ], [ -74.1651074, 4.8254038 ], [ -74.1652035, 4.8253557 ], [ -74.1652997, 4.8253557 ], [ -74.1653958, 4.8253077 ], [ -74.1654919, 4.8253077 ], [ -74.165588, 4.8252596 ], [ -74.165636, 4.8251635 ], [ -74.1657321, 4.8251635 ], [ -74.1658282, 4.8251155 ], [ -74.1659243, 4.8250674 ], [ -74.1659724, 4.8249713 ], [ -74.1660685, 4.8249713 ], [ -74.1661646, 4.8249233 ], [ -74.1662607, 4.8249233 ], [ -74.1662607, 4.8248272 ], [ -74.1662607, 4.8247311 ], [ -74.1662607, 4.824635 ], [ -74.1663087, 4.8245389 ], [ -74.1663568, 4.8244428 ], [ -74.1664048, 4.8243467 ], [ -74.1664529, 4.8242506 ], [ -74.1664529, 4.8241544 ], [ -74.1665009, 4.8240583 ], [ -74.1665009, 4.8239622 ], [ -74.166549, 4.8238661 ], [ -74.166597, 4.82377 ], [ -74.1666931, 4.823722 ], [ -74.1667412, 4.8236259 ], [ -74.1667892, 4.8235298 ], [ -74.1667892, 4.8234337 ], [ -74.1668854, 4.8233376 ], [ -74.1668854, 4.8232415 ], [ -74.1669334, 4.8231454 ], [ -74.1669334, 4.8230493 ], [ -74.1669334, 4.8229532 ], [ -74.1669334, 4.8228571 ], [ -74.1669334, 4.822761 ], [ -74.1669334, 4.8226649 ], [ -74.1669334, 4.8225687 ], [ -74.1669815, 4.8224726 ], [ -74.1670776, 4.8224726 ], [ -74.1670776, 4.8223765 ], [ -74.1671256, 4.8222804 ], [ -74.1671737, 4.8221843 ], [ -74.1671737, 4.8220882 ], [ -74.1672698, 4.8220402 ], [ -74.1672698, 4.8219441 ], [ -74.1673178, 4.821848 ], [ -74.1673178, 4.8217519 ], [ -74.1673659, 4.8216558 ], [ -74.1673659, 4.8215597 ], [ -74.1673659, 4.8214636 ], [ -74.1674139, 4.8213675 ], [ -74.167462, 4.8212714 ], [ -74.167462, 4.8211753 ], [ -74.167462, 4.8210791 ], [ -74.167462, 4.820983 ], [ -74.167462, 4.8208869 ], [ -74.167462, 4.8207908 ], [ -74.167462, 4.8206947 ], [ -74.167462, 4.8205986 ], [ -74.167462, 4.8205025 ], [ -74.167462, 4.8204064 ], [ -74.1674139, 4.8203103 ], [ -74.1674139, 4.8202142 ], [ -74.1674139, 4.8201181 ], [ -74.1674139, 4.820022 ], [ -74.1673659, 4.8199259 ], [ -74.1673659, 4.8198298 ], [ -74.1673659, 4.8197337 ], [ -74.1673659, 4.8196376 ], [ -74.1673178, 4.8195415 ], [ -74.1673178, 4.8194454 ], [ -74.1673178, 4.8193493 ], [ -74.1673178, 4.8192532 ], [ -74.1672698, 4.8191571 ], [ -74.1672698, 4.819061 ], [ -74.1672698, 4.8189649 ], [ -74.1672698, 4.8188688 ], [ -74.1672217, 4.8187727 ], [ -74.1672217, 4.8186766 ], [ -74.1671737, 4.8185805 ], [ -74.1671737, 4.8184844 ], [ -74.1671256, 4.8183883 ], [ -74.1671256, 4.8182922 ], [ -74.1670776, 4.8181961 ], [ -74.1670776, 4.8181 ], [ -74.1670295, 4.8180038 ], [ -74.1669815, 4.8179077 ], [ -74.1669334, 4.8178116 ], [ -74.1668373, 4.8177636 ], [ -74.1667412, 4.8177636 ], [ -74.1666931, 4.8176675 ], [ -74.166597, 4.8176194 ], [ -74.1665009, 4.8175714 ], [ -74.1664048, 4.8175714 ], [ -74.1663568, 4.8174753 ], [ -74.1662607, 4.8174753 ], [ -74.1662126, 4.8173792 ], [ -74.1661165, 4.8173311 ], [ -74.1660204, 4.817235 ], [ -74.1659243, 4.817235 ], [ -74.1658763, 4.8171389 ], [ -74.1657802, 4.8170428 ], [ -74.1656841, 4.8169948 ], [ -74.165636, 4.8168987 ], [ -74.165588, 4.8168026 ], [ -74.1655399, 4.8167065 ], [ -74.1655399, 4.8166104 ], [ -74.1655399, 4.8165143 ], [ -74.1654919, 4.8164181 ], [ -74.1654919, 4.816322 ], [ -74.1654919, 4.8162259 ], [ -74.1654919, 4.8161298 ], [ -74.1654919, 4.8160337 ], [ -74.1655399, 4.8159376 ], [ -74.1655399, 4.8158415 ], [ -74.1655399, 4.8157454 ], [ -74.1655399, 4.8156493 ], [ -74.1655399, 4.8155532 ], [ -74.1655399, 4.8154571 ], [ -74.1655399, 4.815361 ], [ -74.1654438, 4.815361 ], [ -74.1653958, 4.8152649 ], [ -74.1652997, 4.8152649 ], [ -74.1652516, 4.8151688 ], [ -74.1651555, 4.8151208 ], [ -74.1650594, 4.8150727 ], [ -74.1650113, 4.8149766 ], [ -74.1649152, 4.8149766 ], [ -74.1648672, 4.8148805 ], [ -74.1648672, 4.8147844 ], [ -74.1648672, 4.8146883 ], [ -74.1649152, 4.8145922 ], [ -74.1649633, 4.8144961 ], [ -74.1650594, 4.8144961 ], [ -74.1651555, 4.8145441 ], [ -74.1652516, 4.8145441 ], [ -74.1653477, 4.8145922 ], [ -74.1654438, 4.8146402 ], [ -74.1655399, 4.8146883 ], [ -74.165588, 4.8147844 ], [ -74.1656841, 4.8148324 ], [ -74.1657802, 4.8148805 ], [ -74.1658763, 4.8148805 ], [ -74.1659724, 4.8148805 ], [ -74.1660685, 4.8148805 ], [ -74.1661646, 4.8148805 ], [ -74.1662607, 4.8148805 ], [ -74.1663568, 4.8148805 ], [ -74.1664529, 4.8148324 ], [ -74.166549, 4.8148324 ], [ -74.166549, 4.8147363 ], [ -74.166549, 4.8146402 ], [ -74.166549, 4.8145441 ], [ -74.166549, 4.814448 ], [ -74.1665009, 4.8143519 ], [ -74.1665009, 4.8142558 ], [ -74.1665009, 4.8141597 ], [ -74.1665009, 4.8140636 ], [ -74.1665009, 4.8139675 ], [ -74.1665009, 4.8138714 ], [ -74.1665009, 4.8137753 ], [ -74.1665009, 4.8136792 ], [ -74.166597, 4.8136312 ], [ -74.1666451, 4.8135351 ], [ -74.1667412, 4.813487 ], [ -74.1667892, 4.8133909 ], [ -74.1668854, 4.8133909 ], [ -74.1669334, 4.8132948 ], [ -74.1669815, 4.8131987 ], [ -74.1670776, 4.8131987 ], [ -74.1671256, 4.8131026 ], [ -74.1671737, 4.8130065 ], [ -74.1671737, 4.8129104 ], [ -74.1671737, 4.8128143 ], [ -74.1671737, 4.8127182 ], [ -74.1671256, 4.8126221 ], [ -74.1671256, 4.812526 ], [ -74.1670776, 4.8124299 ], [ -74.1670776, 4.8123338 ], [ -74.1670295, 4.8122377 ], [ -74.1669815, 4.8121416 ], [ -74.1669334, 4.8120455 ], [ -74.1668854, 4.8119494 ], [ -74.1668373, 4.8118533 ], [ -74.1667892, 4.8117571 ], [ -74.1667412, 4.811661 ], [ -74.1666931, 4.8115649 ], [ -74.1666451, 4.8114688 ], [ -74.1666451, 4.8113727 ], [ -74.166597, 4.8112766 ], [ -74.166549, 4.8111805 ], [ -74.1665009, 4.8110844 ], [ -74.1664529, 4.8109883 ], [ -74.1664048, 4.8108922 ], [ -74.1664048, 4.8107961 ], [ -74.1663087, 4.8107481 ], [ -74.1663087, 4.810652 ], [ -74.1662126, 4.8106039 ], [ -74.1662126, 4.8105078 ], [ -74.1661165, 4.8104598 ], [ -74.1660204, 4.8104117 ], [ -74.1660204, 4.8103156 ], [ -74.1659243, 4.8102675 ], [ -74.1658282, 4.8102195 ], [ -74.1658282, 4.8101234 ], [ -74.1657321, 4.8101234 ], [ -74.1656841, 4.8100273 ], [ -74.165588, 4.8100273 ], [ -74.1655399, 4.8099312 ], [ -74.1654438, 4.8099312 ], [ -74.1653958, 4.8098351 ], [ -74.1652997, 4.8098351 ], [ -74.1652516, 4.809739 ], [ -74.1651555, 4.8096909 ], [ -74.1650594, 4.8096429 ], [ -74.1649633, 4.8095948 ], [ -74.1648672, 4.8095468 ], [ -74.1647711, 4.8094987 ], [ -74.164675, 4.8094507 ], [ -74.1645789, 4.8094026 ], [ -74.1645308, 4.8093065 ], [ -74.1644347, 4.8092585 ], [ -74.1643867, 4.8091624 ], [ -74.1642906, 4.8090663 ], [ -74.1642425, 4.8089702 ], [ -74.1641945, 4.8088741 ], [ -74.1640984, 4.808826 ], [ -74.1640984, 4.8087299 ], [ -74.1640023, 4.8086338 ], [ -74.1639542, 4.8085377 ], [ -74.1639062, 4.8084416 ], [ -74.1638581, 4.8083455 ], [ -74.163762, 4.8082974 ], [ -74.163762, 4.8082013 ], [ -74.1636659, 4.8081052 ], [ -74.1636178, 4.8080091 ], [ -74.1635698, 4.807913 ], [ -74.1635217, 4.8078169 ], [ -74.1634737, 4.8077208 ], [ -74.1634256, 4.8076247 ], [ -74.1633776, 4.8075286 ], [ -74.1633295, 4.8074325 ], [ -74.1632815, 4.8073364 ], [ -74.1632334, 4.8072403 ], [ -74.1631854, 4.8071442 ], [ -74.1631373, 4.8070481 ], [ -74.1630893, 4.806952 ], [ -74.1630893, 4.8068559 ], [ -74.1630893, 4.8067598 ], [ -74.1630412, 4.8066637 ], [ -74.1629451, 4.8066637 ], [ -74.1628971, 4.8065676 ], [ -74.162801, 4.8065195 ], [ -74.1627049, 4.8064715 ], [ -74.1626568, 4.8063754 ], [ -74.1625607, 4.8063273 ], [ -74.1624646, 4.8062793 ], [ -74.1623685, 4.8062793 ], [ -74.1623205, 4.8061832 ], [ -74.1622244, 4.8061351 ], [ -74.1622244, 4.806039 ], [ -74.1622244, 4.8059429 ], [ -74.1622244, 4.8058468 ], [ -74.1623205, 4.8057988 ], [ -74.1623205, 4.8057027 ], [ -74.1623205, 4.8056065 ], [ -74.1623205, 4.8055104 ], [ -74.1624166, 4.8054624 ], [ -74.1624646, 4.8053663 ], [ -74.1625607, 4.8053182 ], [ -74.1626088, 4.8052221 ], [ -74.1626088, 4.805126 ], [ -74.1626088, 4.8050299 ], [ -74.1626088, 4.8049338 ], [ -74.1626088, 4.8048377 ], [ -74.1625607, 4.8047416 ], [ -74.1625607, 4.8046455 ], [ -74.1625607, 4.8045494 ], [ -74.1625607, 4.8044533 ], [ -74.1625127, 4.8043572 ], [ -74.1625127, 4.8042611 ], [ -74.1624646, 4.804165 ], [ -74.1624646, 4.8040689 ], [ -74.1623685, 4.8040208 ], [ -74.1623685, 4.8039247 ], [ -74.1623205, 4.8038286 ], [ -74.1622724, 4.8037325 ], [ -74.1621763, 4.8036845 ], [ -74.1621282, 4.8035884 ], [ -74.1620802, 4.8034923 ], [ -74.1620321, 4.8033962 ], [ -74.1619841, 4.8033001 ], [ -74.161936, 4.803204 ], [ -74.161888, 4.8031079 ], [ -74.1618399, 4.8030118 ], [ -74.1617919, 4.8029157 ], [ -74.1617919, 4.8028196 ], [ -74.1617438, 4.8027235 ], [ -74.1617438, 4.8026274 ], [ -74.1616958, 4.8025312 ], [ -74.1616958, 4.8024351 ], [ -74.1616958, 4.802339 ], [ -74.1616477, 4.8022429 ], [ -74.1615997, 4.8021468 ], [ -74.1615516, 4.8020507 ], [ -74.1615036, 4.8019546 ], [ -74.1614555, 4.8018585 ], [ -74.1614075, 4.8017624 ], [ -74.1613594, 4.8016663 ], [ -74.1613114, 4.8015702 ], [ -74.1612633, 4.8014741 ], [ -74.1612153, 4.801378 ], [ -74.1611672, 4.8012819 ], [ -74.1611192, 4.8011858 ], [ -74.1611192, 4.8010897 ], [ -74.1611192, 4.8009936 ], [ -74.1611192, 4.8008975 ], [ -74.1611192, 4.8008014 ], [ -74.1611192, 4.8007053 ], [ -74.1610711, 4.8006092 ], [ -74.1610711, 4.8005131 ], [ -74.1610711, 4.800417 ], [ -74.160975, 4.8003689 ], [ -74.160975, 4.8002728 ], [ -74.160927, 4.8001767 ], [ -74.1608789, 4.8000806 ], [ -74.1608309, 4.7999845 ], [ -74.1607828, 4.7998884 ], [ -74.1607348, 4.7997923 ], [ -74.1606867, 4.7996962 ], [ -74.1606867, 4.7996001 ], [ -74.1605906, 4.7995521 ], [ -74.1605425, 4.7994559 ], [ -74.1605425, 4.7993598 ], [ -74.1604945, 4.7992637 ], [ -74.1604945, 4.7991676 ], [ -74.1604945, 4.7990715 ], [ -74.1604945, 4.7989754 ], [ -74.1604945, 4.7988793 ], [ -74.1604464, 4.7987832 ], [ -74.1604464, 4.7986871 ], [ -74.1603503, 4.7986391 ], [ -74.1603023, 4.798543 ], [ -74.1602062, 4.7984949 ], [ -74.1602062, 4.7983988 ], [ -74.1601581, 4.7983027 ], [ -74.160062, 4.7982547 ], [ -74.160062, 4.7981586 ], [ -74.1599659, 4.7981105 ], [ -74.1599179, 4.7980144 ], [ -74.1598698, 4.7979183 ], [ -74.1597737, 4.7978702 ], [ -74.1597257, 4.7977741 ], [ -74.1596296, 4.7977261 ], [ -74.1595815, 4.79763 ], [ -74.1595335, 4.7975339 ], [ -74.1594374, 4.7974858 ], [ -74.1593893, 4.7973897 ], [ -74.1592932, 4.7973417 ], [ -74.1592452, 4.7972456 ], [ -74.1591491, 4.7971975 ], [ -74.1590529, 4.7971495 ], [ -74.1590049, 4.7970534 ], [ -74.1589088, 4.7970053 ], [ -74.1588607, 4.7969092 ], [ -74.1588127, 4.7968131 ], [ -74.1588127, 4.796717 ], [ -74.1587166, 4.796669 ], [ -74.1587166, 4.7965729 ], [ -74.1586685, 4.7964768 ], [ -74.1586205, 4.7963806 ], [ -74.1585724, 4.7962845 ], [ -74.1584763, 4.7962365 ], [ -74.1583802, 4.7961404 ], [ -74.1582841, 4.7960923 ], [ -74.1582361, 4.7959962 ], [ -74.158188, 4.7959001 ], [ -74.15814, 4.795804 ], [ -74.1580439, 4.7957079 ], [ -74.1579958, 4.7956118 ], [ -74.1579478, 4.7955157 ], [ -74.1578517, 4.7954677 ], [ -74.1578036, 4.7953716 ], [ -74.1577556, 4.7952755 ], [ -74.1576595, 4.7952274 ], [ -74.1576114, 4.7951313 ], [ -74.1575153, 4.7950833 ], [ -74.1574672, 4.7949872 ], [ -74.1574192, 4.7948911 ], [ -74.1573231, 4.794843 ], [ -74.157275, 4.7947469 ], [ -74.157227, 4.7946508 ], [ -74.1571309, 4.7946027 ], [ -74.1571309, 4.7945066 ], [ -74.1570348, 4.7944586 ], [ -74.1569867, 4.7943625 ], [ -74.1568906, 4.7943144 ], [ -74.1568426, 4.7942183 ], [ -74.1568426, 4.7941222 ], [ -74.1567465, 4.7941222 ], [ -74.1567465, 4.7940261 ], [ -74.1566504, 4.79393 ], [ -74.1566023, 4.7938339 ], [ -74.1565543, 4.7937378 ], [ -74.1565062, 4.7936417 ], [ -74.1565062, 4.7935456 ], [ -74.1564101, 4.7934976 ], [ -74.1564101, 4.7934015 ], [ -74.156314, 4.7933534 ], [ -74.156266, 4.7932573 ], [ -74.1562179, 4.7931612 ], [ -74.1561218, 4.7931131 ], [ -74.1560738, 4.793017 ], [ -74.1559776, 4.792969 ], [ -74.1558815, 4.792969 ], [ -74.1557854, 4.792969 ], [ -74.1556893, 4.7929209 ], [ -74.1555932, 4.7929209 ], [ -74.1554971, 4.7929209 ], [ -74.155401, 4.7929209 ], [ -74.1553049, 4.7929209 ], [ -74.1552088, 4.7928248 ], [ -74.1551127, 4.7927768 ], [ -74.1550166, 4.7927287 ], [ -74.1549205, 4.7926807 ], [ -74.1548725, 4.7925846 ], [ -74.1548244, 4.7924885 ], [ -74.1547764, 4.7923924 ], [ -74.1547764, 4.7922963 ], [ -74.1547764, 4.7922002 ], [ -74.1547764, 4.7921041 ], [ -74.1547764, 4.792008 ], [ -74.1547764, 4.7919119 ], [ -74.1547764, 4.7918158 ], [ -74.1548244, 4.7917196 ], [ -74.1548244, 4.7916235 ], [ -74.1548725, 4.7915274 ], [ -74.1549205, 4.7914313 ], [ -74.1549205, 4.7913352 ], [ -74.1549686, 4.7912391 ], [ -74.1549686, 4.791143 ], [ -74.1550166, 4.7910469 ], [ -74.1550166, 4.7909508 ], [ -74.1550647, 4.7908547 ], [ -74.1551127, 4.7907586 ], [ -74.1551608, 4.7906625 ], [ -74.1552088, 4.7905664 ], [ -74.1552569, 4.7904703 ], [ -74.1553049, 4.7903742 ], [ -74.155353, 4.7902781 ], [ -74.155353, 4.790182 ], [ -74.155401, 4.7900859 ], [ -74.1554491, 4.7899898 ], [ -74.1554971, 4.7898937 ], [ -74.1554971, 4.7897976 ], [ -74.1555452, 4.7897015 ], [ -74.1555452, 4.7896054 ], [ -74.1555932, 4.7895093 ], [ -74.1555932, 4.7894132 ], [ -74.1556893, 4.7893651 ], [ -74.1557374, 4.789269 ], [ -74.1557854, 4.7891729 ], [ -74.1558335, 4.7890768 ], [ -74.1558815, 4.7889807 ], [ -74.1559296, 4.7888846 ], [ -74.1559776, 4.7887885 ], [ -74.1560738, 4.7887405 ], [ -74.1561218, 4.7886443 ], [ -74.1561699, 4.7885482 ], [ -74.1561699, 4.7884521 ], [ -74.1562179, 4.788356 ], [ -74.156266, 4.7882599 ], [ -74.156266, 4.7881638 ], [ -74.156266, 4.7880677 ], [ -74.156266, 4.7879716 ], [ -74.156266, 4.7878755 ], [ -74.156266, 4.7877794 ], [ -74.156266, 4.7876833 ], [ -74.1562179, 4.7875872 ], [ -74.1562179, 4.7874911 ], [ -74.1561699, 4.787395 ], [ -74.1561699, 4.7872989 ], [ -74.1561218, 4.7872028 ], [ -74.1561218, 4.7871067 ], [ -74.1560738, 4.7870106 ], [ -74.1560738, 4.7869145 ], [ -74.1560738, 4.7868184 ], [ -74.1560738, 4.7867223 ], [ -74.1561218, 4.7866262 ], [ -74.1561699, 4.7865301 ], [ -74.1562179, 4.786434 ], [ -74.1562179, 4.7863379 ], [ -74.156266, 4.7862418 ], [ -74.156266, 4.7861457 ], [ -74.156266, 4.7860496 ], [ -74.156266, 4.7859535 ], [ -74.156314, 4.7858574 ], [ -74.156314, 4.7857613 ], [ -74.1563621, 4.7856652 ], [ -74.1563621, 4.785569 ], [ -74.1564101, 4.7854729 ], [ -74.1564582, 4.7853768 ], [ -74.1564582, 4.7852807 ], [ -74.1565062, 4.7851846 ], [ -74.1565543, 4.7850885 ], [ -74.1566023, 4.7849924 ], [ -74.1566023, 4.7848963 ], [ -74.1566504, 4.7848002 ], [ -74.1566984, 4.7847041 ], [ -74.1566984, 4.784608 ], [ -74.1566984, 4.7845119 ], [ -74.1567465, 4.7844158 ], [ -74.1567465, 4.7843197 ], [ -74.1567465, 4.7842236 ], [ -74.1567465, 4.7841275 ], [ -74.1567465, 4.7840314 ], [ -74.1567945, 4.7839353 ], [ -74.1567945, 4.7838392 ], [ -74.1568426, 4.7837431 ], [ -74.1568906, 4.783647 ], [ -74.1569387, 4.7835509 ], [ -74.1569867, 4.7834548 ], [ -74.1569867, 4.7833587 ], [ -74.1570828, 4.7833106 ], [ -74.1571309, 4.7832145 ], [ -74.1571789, 4.7831184 ], [ -74.157227, 4.7830223 ], [ -74.157275, 4.7829262 ], [ -74.1573231, 4.7828301 ], [ -74.1573711, 4.782734 ], [ -74.1573711, 4.7826379 ], [ -74.1574672, 4.7826379 ], [ -74.1574672, 4.7825418 ], [ -74.1575634, 4.7824937 ], [ -74.1575634, 4.7823976 ], [ -74.1576595, 4.7823496 ], [ -74.1576595, 4.7822535 ], [ -74.1577075, 4.7821574 ], [ -74.1577075, 4.7820613 ], [ -74.1577556, 4.7819652 ], [ -74.1578036, 4.7818691 ], [ -74.158188, 4.782686 ], [ -74.1582841, 4.782734 ], [ -74.1583322, 4.7828301 ], [ -74.1583802, 4.7829262 ], [ -74.1583802, 4.7830223 ], [ -74.1584283, 4.7831184 ], [ -74.1584283, 4.7832145 ], [ -74.1585244, 4.7832626 ], [ -74.1585244, 4.7833587 ], [ -74.1585244, 4.7834548 ], [ -74.1585244, 4.7835509 ], [ -74.1585244, 4.783647 ], [ -74.1585244, 4.7837431 ], [ -74.1584283, 4.7837911 ], [ -74.1583322, 4.7838392 ], [ -74.1583322, 4.7839353 ], [ -74.1583322, 4.7840314 ], [ -74.1582841, 4.7841275 ], [ -74.1582841, 4.7842236 ], [ -74.1582361, 4.7843197 ], [ -74.1582361, 4.7844158 ], [ -74.1582841, 4.7845119 ], [ -74.1582841, 4.784608 ], [ -74.1583322, 4.7847041 ], [ -74.1583322, 4.7848002 ], [ -74.1583322, 4.7848963 ], [ -74.1583802, 4.7849924 ], [ -74.1584763, 4.7850405 ], [ -74.1585724, 4.7850885 ], [ -74.1586685, 4.7851366 ], [ -74.1587646, 4.7851846 ], [ -74.1588607, 4.7852327 ], [ -74.1589568, 4.7852327 ], [ -74.1590049, 4.7853288 ], [ -74.1590529, 4.7854249 ], [ -74.159101, 4.785521 ], [ -74.159101, 4.7856171 ], [ -74.159101, 4.7857132 ], [ -74.159101, 4.7858093 ], [ -74.1590529, 4.7859054 ], [ -74.1589568, 4.7859535 ], [ -74.1588607, 4.7859535 ], [ -74.1587646, 4.7860015 ], [ -74.1587166, 4.7860976 ], [ -74.1586685, 4.7861937 ], [ -74.1586685, 4.7862898 ], [ -74.1586685, 4.7863859 ], [ -74.1586685, 4.786482 ], [ -74.1586685, 4.7865781 ], [ -74.1586685, 4.7866742 ], [ -74.1586685, 4.7867703 ], [ -74.1586685, 4.7868664 ], [ -74.1586685, 4.7869625 ], [ -74.1586685, 4.7870586 ], [ -74.1586685, 4.7871547 ], [ -74.1586685, 4.7872509 ], [ -74.1586685, 4.787347 ], [ -74.1586685, 4.7874431 ], [ -74.1586685, 4.7875392 ], [ -74.1587166, 4.7876353 ], [ -74.1587166, 4.7877314 ], [ -74.1587646, 4.7878275 ], [ -74.1587646, 4.7879236 ], [ -74.1587646, 4.7880197 ], [ -74.1587646, 4.7881158 ], [ -74.1587646, 4.7882119 ], [ -74.1588127, 4.788308 ], [ -74.1588127, 4.7884041 ], [ -74.1588127, 4.7885002 ], [ -74.1588607, 4.7885963 ], [ -74.1588607, 4.7886924 ], [ -74.1588607, 4.7887885 ], [ -74.1588607, 4.7888846 ], [ -74.1589088, 4.7889807 ], [ -74.1589088, 4.7890768 ], [ -74.1589568, 4.7891729 ], [ -74.1589568, 4.789269 ], [ -74.1589568, 4.7893651 ], [ -74.1589568, 4.7894612 ], [ -74.1589568, 4.7895573 ], [ -74.1589568, 4.7896534 ], [ -74.1590049, 4.7897495 ], [ -74.1590049, 4.7898456 ], [ -74.1590049, 4.7899417 ], [ -74.1590529, 4.7900378 ], [ -74.159101, 4.7901339 ], [ -74.159101, 4.79023 ], [ -74.1591971, 4.79023 ], [ -74.1592452, 4.7903262 ], [ -74.1592932, 4.7904223 ], [ -74.1593893, 4.7904223 ], [ -74.1594374, 4.7905184 ], [ -74.1594854, 4.7906145 ], [ -74.1595815, 4.7906625 ], [ -74.1596776, 4.7907106 ], [ -74.1597257, 4.7908067 ], [ -74.1597737, 4.7909028 ], [ -74.1598218, 4.7909989 ], [ -74.1598698, 4.791095 ], [ -74.1598698, 4.7911911 ], [ -74.1598698, 4.7912872 ], [ -74.1599179, 4.7913833 ], [ -74.1599179, 4.7914794 ], [ -74.1599659, 4.7915755 ], [ -74.1599659, 4.7916716 ], [ -74.160014, 4.7917677 ], [ -74.160062, 4.7918638 ], [ -74.1601101, 4.7919599 ], [ -74.1601101, 4.792056 ], [ -74.1601581, 4.7921521 ], [ -74.1602062, 4.7922482 ], [ -74.1602542, 4.7923443 ], [ -74.1602542, 4.7924404 ], [ -74.1603023, 4.7925365 ], [ -74.1603503, 4.7926326 ], [ -74.1603984, 4.7927287 ], [ -74.1604464, 4.7928248 ], [ -74.1604945, 4.7929209 ], [ -74.1605425, 4.793017 ], [ -74.1606387, 4.7930651 ], [ -74.1606867, 4.7931612 ], [ -74.1607828, 4.7932573 ], [ -74.1608309, 4.7933534 ], [ -74.160927, 4.7934015 ], [ -74.1610231, 4.7934495 ], [ -74.1610711, 4.7935456 ], [ -74.1611672, 4.7935937 ], [ -74.1612633, 4.7936898 ], [ -74.1613114, 4.7937859 ], [ -74.1613594, 4.793882 ], [ -74.1614075, 4.7939781 ], [ -74.1614555, 4.7940742 ], [ -74.1615036, 4.7941703 ], [ -74.1615516, 4.7942664 ], [ -74.1616477, 4.7943625 ], [ -74.1616958, 4.7944586 ], [ -74.1617919, 4.7945547 ], [ -74.161888, 4.7946027 ], [ -74.161936, 4.7946988 ], [ -74.1619841, 4.7947949 ], [ -74.1620321, 4.7948911 ], [ -74.1621282, 4.7949872 ], [ -74.1621763, 4.7950833 ], [ -74.1622244, 4.7951794 ], [ -74.1622724, 4.7953235 ], [ -74.1623685, 4.7953716 ], [ -74.1623685, 4.7954677 ], [ -74.1624166, 4.7955638 ], [ -74.1624166, 4.7956599 ], [ -74.1624166, 4.795756 ], [ -74.1624166, 4.7958521 ], [ -74.1624166, 4.7959482 ], [ -74.1624166, 4.7960443 ], [ -74.1624166, 4.7961404 ], [ -74.1624166, 4.7962365 ], [ -74.1624166, 4.7963326 ], [ -74.1624166, 4.7964287 ], [ -74.1624166, 4.7965248 ], [ -74.1624166, 4.7966209 ], [ -74.1624166, 4.796717 ], [ -74.1624166, 4.7968131 ], [ -74.1624646, 4.7969092 ], [ -74.1624646, 4.7970053 ], [ -74.1625127, 4.7971014 ], [ -74.1625607, 4.7971975 ], [ -74.1626088, 4.7972936 ], [ -74.1626088, 4.7973897 ], [ -74.1626568, 4.7974858 ], [ -74.1626568, 4.7975819 ], [ -74.1627529, 4.79763 ], [ -74.1627529, 4.7977261 ], [ -74.162801, 4.7978222 ], [ -74.162801, 4.7979183 ], [ -74.162801, 4.7980144 ], [ -74.162849, 4.7981105 ], [ -74.1628971, 4.7982066 ], [ -74.1629932, 4.7982547 ], [ -74.1629932, 4.7983508 ], [ -74.1630412, 4.7984469 ], [ -74.1630893, 4.798543 ], [ -74.1631373, 4.7986391 ], [ -74.1631373, 4.7987352 ], [ -74.1631373, 4.7988313 ], [ -74.1631373, 4.7989274 ], [ -74.1631854, 4.7990235 ], [ -74.1631854, 4.7991196 ], [ -74.1631854, 4.7992157 ], [ -74.1631854, 4.7993118 ], [ -74.1632334, 4.7994079 ], [ -74.1632334, 4.799504 ], [ -74.1632815, 4.7996001 ], [ -74.1633295, 4.7996962 ], [ -74.1633776, 4.7997923 ], [ -74.1633776, 4.7998884 ], [ -74.1634256, 4.7999845 ], [ -74.1634256, 4.8000806 ], [ -74.1634737, 4.8001767 ], [ -74.1635217, 4.8002728 ], [ -74.1635217, 4.8003689 ], [ -74.1635698, 4.800465 ], [ -74.1636178, 4.8005611 ], [ -74.1636178, 4.8006572 ], [ -74.1636659, 4.8007533 ], [ -74.1637139, 4.8008494 ], [ -74.1637139, 4.8009455 ], [ -74.1637139, 4.8010416 ], [ -74.163762, 4.8011378 ], [ -74.163762, 4.8012339 ], [ -74.163762, 4.80133 ], [ -74.1638101, 4.8014261 ], [ -74.1638101, 4.8015222 ], [ -74.1638581, 4.8016183 ], [ -74.1638581, 4.8017144 ], [ -74.1639062, 4.8018105 ], [ -74.1639542, 4.8019066 ], [ -74.1640023, 4.8020027 ], [ -74.1640984, 4.8020507 ], [ -74.1641945, 4.8021468 ], [ -74.1642425, 4.8022429 ], [ -74.1643386, 4.8022429 ], [ -74.1643386, 4.802339 ], [ -74.1644347, 4.8023871 ], [ -74.1644347, 4.8024832 ], [ -74.1645308, 4.8025312 ], [ -74.1646269, 4.8025793 ], [ -74.164675, 4.8026754 ], [ -74.1647711, 4.8027235 ], [ -74.1648191, 4.8028196 ], [ -74.1649152, 4.8028676 ], [ -74.1649152, 4.8029637 ], [ -74.1650113, 4.8030118 ], [ -74.1650113, 4.8031079 ], [ -74.1651074, 4.8031559 ], [ -74.1652035, 4.803204 ], [ -74.1652516, 4.8033001 ], [ -74.1653477, 4.8033481 ], [ -74.1654438, 4.8033962 ], [ -74.1654919, 4.8034923 ], [ -74.165588, 4.8035403 ], [ -74.1656841, 4.8035403 ], [ -74.1657802, 4.8035884 ], [ -74.1658763, 4.8036364 ], [ -74.1659724, 4.8036845 ], [ -74.1660685, 4.8037325 ], [ -74.1661646, 4.8037806 ], [ -74.1662607, 4.8037806 ], [ -74.1663568, 4.8037806 ], [ -74.1664529, 4.8037806 ], [ -74.166549, 4.8037806 ], [ -74.1666451, 4.8037806 ], [ -74.1667412, 4.8037806 ], [ -74.1668373, 4.8037806 ], [ -74.1669334, 4.8037806 ], [ -74.1670295, 4.8037806 ], [ -74.1671256, 4.8037325 ], [ -74.1672217, 4.8036845 ], [ -74.1673178, 4.8036364 ], [ -74.1674139, 4.8035884 ], [ -74.16751, 4.8035403 ], [ -74.1676061, 4.8034923 ], [ -74.1677022, 4.8034442 ], [ -74.1677983, 4.8034442 ], [ -74.1678464, 4.8033481 ], [ -74.1679425, 4.8033481 ], [ -74.1680386, 4.8033481 ], [ -74.1681347, 4.8033001 ], [ -74.1682308, 4.8033001 ], [ -74.1683269, 4.803252 ], [ -74.168423, 4.803204 ], [ -74.1685191, 4.8031559 ], [ -74.1686152, 4.8031559 ], [ -74.1687113, 4.8031559 ], [ -74.1688074, 4.8031559 ], [ -74.1689035, 4.8031559 ], [ -74.1689996, 4.8031559 ], [ -74.1690957, 4.8031559 ], [ -74.1691918, 4.8031559 ], [ -74.1692879, 4.8031559 ], [ -74.169384, 4.8031559 ], [ -74.1694801, 4.8031559 ], [ -74.1695762, 4.8031559 ], [ -74.1696723, 4.8031559 ], [ -74.1697684, 4.8031559 ], [ -74.1698645, 4.8031559 ], [ -74.1699607, 4.8031079 ], [ -74.1700568, 4.8031079 ], [ -74.1701529, 4.8031079 ], [ -74.170249, 4.8031079 ], [ -74.1703451, 4.8030598 ], [ -74.1704412, 4.8030598 ], [ -74.1705373, 4.8030598 ], [ -74.1706334, 4.8029637 ], [ -74.1707295, 4.8029637 ], [ -74.1708256, 4.8029157 ], [ -74.1709217, 4.8029157 ], [ -74.1710178, 4.8028676 ], [ -74.1711139, 4.8028676 ], [ -74.17121, 4.8028196 ], [ -74.1713061, 4.8028196 ], [ -74.1714022, 4.8028196 ], [ -74.1714983, 4.8027715 ], [ -74.1715944, 4.8027235 ], [ -74.1716905, 4.8027235 ], [ -74.1717866, 4.8026754 ], [ -74.1718827, 4.8026754 ], [ -74.1719788, 4.8026754 ], [ -74.1720749, 4.8026274 ], [ -74.172171, 4.8025793 ], [ -74.1722671, 4.8025793 ], [ -74.1723632, 4.8025793 ], [ -74.1724593, 4.8025793 ], [ -74.1725554, 4.8025793 ], [ -74.1726515, 4.8025793 ], [ -74.1727476, 4.8026274 ], [ -74.1728437, 4.8026274 ], [ -74.1728437, 4.8027235 ], [ -74.1727957, 4.8028196 ], [ -74.1726996, 4.8028196 ], [ -74.1726515, 4.8029157 ], [ -74.1725554, 4.8029637 ], [ -74.1724593, 4.8030118 ], [ -74.1723632, 4.8030598 ], [ -74.1722671, 4.8031079 ], [ -74.172171, 4.8031079 ], [ -74.1720749, 4.8031559 ], [ -74.1719788, 4.803204 ], [ -74.1718827, 4.803252 ], [ -74.1717866, 4.8033001 ], [ -74.1716905, 4.8033481 ], [ -74.1715944, 4.8033962 ], [ -74.1714983, 4.8033962 ], [ -74.1714503, 4.8034923 ], [ -74.1713541, 4.8035403 ], [ -74.171258, 4.8035884 ], [ -74.1711619, 4.8036364 ], [ -74.1710658, 4.8036364 ], [ -74.1710178, 4.8037325 ], [ -74.1709217, 4.8037806 ], [ -74.1708256, 4.8037806 ], [ -74.1707295, 4.8038286 ], [ -74.1706334, 4.8038767 ], [ -74.1705373, 4.8039247 ], [ -74.1704412, 4.8039728 ], [ -74.1703451, 4.8040208 ], [ -74.170249, 4.8040689 ], [ -74.1701529, 4.8041169 ], [ -74.1700568, 4.804165 ], [ -74.1699607, 4.8042131 ], [ -74.1698645, 4.8042131 ], [ -74.1698165, 4.8043092 ], [ -74.1697204, 4.8043572 ], [ -74.1696243, 4.8044053 ], [ -74.1695762, 4.8045014 ], [ -74.1694801, 4.8045494 ], [ -74.1694321, 4.8046455 ], [ -74.169336, 4.8046936 ], [ -74.1692399, 4.8047416 ], [ -74.1691918, 4.8048377 ], [ -74.1690957, 4.8048858 ], [ -74.1690477, 4.8049819 ], [ -74.1689516, 4.8049819 ], [ -74.1688555, 4.8050299 ], [ -74.1687594, 4.805078 ], [ -74.1686633, 4.805126 ], [ -74.1685672, 4.8051741 ], [ -74.1684711, 4.8051741 ], [ -74.168375, 4.8052221 ], [ -74.1682788, 4.8052221 ], [ -74.1681827, 4.8052702 ], [ -74.1680866, 4.8053182 ], [ -74.1679905, 4.8053182 ], [ -74.1678944, 4.8053663 ], [ -74.1677983, 4.8053663 ], [ -74.1677022, 4.8054143 ], [ -74.1676061, 4.8054143 ], [ -74.16751, 4.8054624 ], [ -74.1674139, 4.8054624 ], [ -74.1673178, 4.8055104 ], [ -74.1672217, 4.8055104 ], [ -74.1671256, 4.8055585 ], [ -74.1670295, 4.8055585 ], [ -74.1669334, 4.8055585 ], [ -74.1668373, 4.8056065 ], [ -74.1667412, 4.8056065 ], [ -74.1666451, 4.8056065 ], [ -74.166549, 4.8056065 ], [ -74.1664529, 4.8056546 ], [ -74.1663568, 4.8056546 ], [ -74.1662607, 4.8057027 ], [ -74.1661646, 4.8057027 ], [ -74.1660685, 4.8057027 ], [ -74.1659724, 4.8057027 ], [ -74.1658763, 4.8057027 ], [ -74.1657802, 4.8057507 ], [ -74.1656841, 4.8057507 ], [ -74.165588, 4.8057507 ], [ -74.1654919, 4.8057988 ], [ -74.1653958, 4.8058468 ], [ -74.1653477, 4.8059429 ], [ -74.1653477, 4.806039 ], [ -74.1653477, 4.8061351 ], [ -74.1653477, 4.8062312 ], [ -74.1653477, 4.8063273 ], [ -74.1653477, 4.8064234 ], [ -74.1653477, 4.8065195 ], [ -74.1653477, 4.8066156 ], [ -74.1653477, 4.8067117 ], [ -74.1653477, 4.8068078 ], [ -74.1653477, 4.8069039 ], [ -74.1653958, 4.807 ], [ -74.1654438, 4.8070961 ], [ -74.1654919, 4.8071922 ], [ -74.165588, 4.8071922 ], [ -74.165588, 4.8072884 ], [ -74.1656841, 4.8072884 ], [ -74.1657802, 4.8073364 ], [ -74.1658763, 4.8073845 ], [ -74.1659724, 4.8073845 ], [ -74.1660204, 4.8074806 ], [ -74.1661165, 4.8074806 ], [ -74.1662126, 4.8075286 ], [ -74.1663087, 4.8075767 ], [ -74.1664048, 4.8076247 ], [ -74.1665009, 4.8076728 ], [ -74.166597, 4.8077208 ], [ -74.1666931, 4.8077689 ], [ -74.1667412, 4.807865 ], [ -74.1668373, 4.807913 ], [ -74.1669334, 4.8079611 ], [ -74.1669815, 4.8080572 ], [ -74.1670776, 4.8081052 ], [ -74.1671737, 4.8081533 ], [ -74.1671737, 4.8082494 ], [ -74.1672698, 4.8082974 ], [ -74.1673659, 4.8083455 ], [ -74.167462, 4.8083935 ], [ -74.16751, 4.8084896 ], [ -74.1675581, 4.8085857 ], [ -74.1676542, 4.8085857 ], [ -74.1676542, 4.8086818 ], [ -74.1677503, 4.8087299 ], [ -74.1678464, 4.808778 ], [ -74.1678944, 4.8088741 ], [ -74.1679425, 4.8089702 ], [ -74.1680386, 4.8089702 ], [ -74.1680866, 4.8090663 ], [ -74.1681347, 4.8091624 ], [ -74.1682308, 4.8092104 ], [ -74.1682788, 4.8093065 ], [ -74.168375, 4.8093546 ], [ -74.168375, 4.8094507 ], [ -74.1684711, 4.8094507 ], [ -74.1685191, 4.8095468 ], [ -74.1686152, 4.8095468 ], [ -74.1686633, 4.8096429 ], [ -74.1687594, 4.8096909 ], [ -74.1688555, 4.809739 ], [ -74.1689035, 4.8098351 ], [ -74.1689516, 4.8099312 ], [ -74.1690477, 4.8099792 ], [ -74.1690957, 4.8100753 ], [ -74.1691438, 4.8101714 ], [ -74.1691438, 4.8102675 ], [ -74.1691438, 4.8103637 ], [ -74.1691918, 4.8104598 ], [ -74.1692399, 4.8105559 ], [ -74.1692399, 4.810652 ], [ -74.1692399, 4.8107481 ], [ -74.1692399, 4.8108442 ], [ -74.1692879, 4.8109403 ], [ -74.1692879, 4.8110364 ], [ -74.169336, 4.8111325 ], [ -74.169336, 4.8112286 ], [ -74.1694321, 4.8112766 ], [ -74.1694801, 4.8113727 ], [ -74.1695282, 4.8114688 ], [ -74.1695282, 4.8115649 ], [ -74.1696243, 4.811613 ], [ -74.1697204, 4.811661 ], [ -74.1697684, 4.8117571 ], [ -74.1698645, 4.8118052 ], [ -74.1699607, 4.8118533 ], [ -74.1699607, 4.8119494 ], [ -74.1700568, 4.8119494 ], [ -74.1701048, 4.8120455 ], [ -74.1702009, 4.8120455 ], [ -74.170249, 4.8121416 ], [ -74.1703451, 4.8121416 ], [ -74.1704412, 4.8121896 ], [ -74.1705373, 4.8122377 ], [ -74.1706334, 4.8122377 ], [ -74.1706814, 4.8123338 ], [ -74.1707775, 4.8123818 ], [ -74.1708736, 4.8123818 ], [ -74.1709697, 4.8124299 ], [ -74.1710658, 4.8124299 ], [ -74.1711619, 4.8124779 ], [ -74.171258, 4.812526 ], [ -74.1713541, 4.812526 ], [ -74.1714503, 4.812526 ], [ -74.1715464, 4.812574 ], [ -74.1716425, 4.8126221 ], [ -74.1717386, 4.8126221 ], [ -74.1718347, 4.8126221 ], [ -74.1719308, 4.8126221 ], [ -74.1720269, 4.8126701 ], [ -74.172123, 4.8127182 ], [ -74.1722191, 4.8127182 ], [ -74.1723152, 4.8127182 ], [ -74.1724113, 4.8127182 ], [ -74.1725074, 4.8127182 ], [ -74.1726035, 4.8127182 ], [ -74.1726996, 4.8127662 ], [ -74.1727957, 4.8127662 ], [ -74.1728918, 4.8128143 ], [ -74.1729879, 4.8128143 ], [ -74.173084, 4.8128143 ], [ -74.1731801, 4.8128623 ], [ -74.1732762, 4.8129104 ], [ -74.1733723, 4.8129104 ], [ -74.1734684, 4.8129104 ], [ -74.1735645, 4.8129584 ], [ -74.1736606, 4.8129584 ], [ -74.1737567, 4.8129584 ], [ -74.1738528, 4.8129584 ], [ -74.1739489, 4.8129584 ], [ -74.174045, 4.8130065 ], [ -74.1741411, 4.8130545 ], [ -74.1742372, 4.8131026 ], [ -74.1743333, 4.8131026 ], [ -74.1744294, 4.8131506 ], [ -74.1745256, 4.8131506 ], [ -74.1746217, 4.8131987 ], [ -74.1747178, 4.8132467 ], [ -74.1748139, 4.8132948 ], [ -74.17491, 4.8133428 ], [ -74.1750061, 4.8133428 ], [ -74.1751022, 4.8133909 ], [ -74.1751983, 4.813439 ], [ -74.1752944, 4.813487 ], [ -74.1753905, 4.813487 ], [ -74.1754866, 4.813487 ], [ -74.1755827, 4.8135351 ], [ -74.1756788, 4.8135351 ], [ -74.1757749, 4.8135831 ], [ -74.175871, 4.8135831 ], [ -74.1759671, 4.8135831 ], [ -74.1760632, 4.8136312 ], [ -74.1761593, 4.8136312 ], [ -74.1762554, 4.8137273 ], [ -74.1763515, 4.8137273 ], [ -74.1764476, 4.8137273 ], [ -74.1765437, 4.8137273 ], [ -74.1766398, 4.8137753 ], [ -74.1767359, 4.8137753 ], [ -74.176832, 4.8138234 ], [ -74.1769281, 4.8138234 ], [ -74.1770242, 4.8138234 ], [ -74.1771203, 4.8138714 ], [ -74.1772164, 4.8138714 ], [ -74.1773125, 4.8138714 ], [ -74.1774086, 4.8138714 ], [ -74.1775047, 4.8138714 ], [ -74.1776009, 4.8138714 ], [ -74.177697, 4.8138234 ], [ -74.177745, 4.8137273 ], [ -74.1778411, 4.8136792 ], [ -74.1778892, 4.8135831 ], [ -74.1778892, 4.813487 ], [ -74.1779853, 4.813439 ], [ -74.1779853, 4.8133428 ], [ -74.1780333, 4.8132467 ], [ -74.1780333, 4.8131506 ], [ -74.1780814, 4.8130545 ], [ -74.1780814, 4.8129584 ], [ -74.1781775, 4.8128623 ], [ -74.1781775, 4.8127662 ], [ -74.1782736, 4.8127662 ], [ -74.1782736, 4.8126701 ], [ -74.1783697, 4.8126701 ], [ -74.1783697, 4.812574 ], [ -74.1784658, 4.812526 ], [ -74.1785619, 4.8124779 ], [ -74.178658, 4.8124779 ], [ -74.178706, 4.8123818 ], [ -74.1788021, 4.8123818 ], [ -74.1788982, 4.8123818 ], [ -74.1789943, 4.8123818 ], [ -74.1790904, 4.8123818 ], [ -74.1791866, 4.8123818 ], [ -74.1792827, 4.8123818 ], [ -74.1793788, 4.8123818 ], [ -74.1794749, 4.8124299 ], [ -74.179571, 4.8124299 ], [ -74.1796671, 4.8124299 ], [ -74.1798112, 4.8124299 ], [ -74.1799073, 4.8124779 ], [ -74.1800034, 4.8124779 ], [ -74.1800995, 4.8124779 ], [ -74.1801956, 4.812526 ], [ -74.1802917, 4.812526 ], [ -74.1803878, 4.812526 ], [ -74.1804839, 4.812526 ], [ -74.18058, 4.812526 ], [ -74.1806761, 4.812526 ], [ -74.1807723, 4.812526 ], [ -74.1808684, 4.812574 ], [ -74.1809645, 4.812574 ], [ -74.1810606, 4.812574 ], [ -74.1811567, 4.812574 ], [ -74.1812528, 4.812574 ], [ -74.1813489, 4.812574 ], [ -74.181445, 4.8126221 ], [ -74.1815411, 4.8126221 ], [ -74.1816372, 4.8126701 ], [ -74.1817333, 4.8127182 ], [ -74.1818294, 4.8127182 ], [ -74.1819255, 4.8127182 ], [ -74.1820216, 4.8127182 ], [ -74.1821177, 4.8127182 ], [ -74.1822138, 4.8127182 ], [ -74.1823099, 4.8127182 ], [ -74.182406, 4.8127182 ], [ -74.1825021, 4.8127182 ], [ -74.1825982, 4.8127182 ], [ -74.1826943, 4.8127182 ], [ -74.1827904, 4.8127182 ], [ -74.1828865, 4.8127182 ], [ -74.1829826, 4.8127182 ], [ -74.1830787, 4.8127182 ], [ -74.1831748, 4.8127182 ], [ -74.1832709, 4.8127182 ], [ -74.183367, 4.8127182 ], [ -74.1834631, 4.8126701 ], [ -74.1835592, 4.8126701 ], [ -74.1836553, 4.8126701 ], [ -74.1837514, 4.8126221 ], [ -74.1838476, 4.8126221 ], [ -74.1839437, 4.8126221 ], [ -74.1840398, 4.8126221 ], [ -74.1841359, 4.8126221 ], [ -74.184232, 4.812574 ], [ -74.1843281, 4.812574 ], [ -74.1844242, 4.812526 ], [ -74.1845203, 4.812526 ], [ -74.1846164, 4.8124779 ], [ -74.1847125, 4.8124299 ], [ -74.1848086, 4.8124299 ], [ -74.1849047, 4.8123818 ], [ -74.1850008, 4.8123338 ], [ -74.1850969, 4.8122857 ], [ -74.185193, 4.8122857 ], [ -74.185241, 4.8121896 ], [ -74.1853372, 4.8121896 ], [ -74.1854333, 4.8121896 ], [ -74.1855294, 4.8121896 ], [ -74.1856255, 4.8121896 ], [ -74.1857216, 4.8121416 ], [ -74.1858177, 4.8121416 ], [ -74.1859138, 4.8121416 ], [ -74.1860099, 4.8120935 ], [ -74.186106, 4.8120455 ], [ -74.1862021, 4.8119974 ], [ -74.1862501, 4.8119013 ], [ -74.1863462, 4.8118533 ], [ -74.1864423, 4.8118533 ], [ -74.1865384, 4.8118052 ], [ -74.1866345, 4.8117571 ], [ -74.1867306, 4.8117091 ], [ -74.1868267, 4.8117091 ], [ -74.1869229, 4.811661 ], [ -74.187019, 4.811661 ], [ -74.1871151, 4.811613 ], [ -74.1872112, 4.8115649 ], [ -74.1873073, 4.8115169 ], [ -74.1873553, 4.8114208 ], [ -74.1874514, 4.8113727 ], [ -74.1874995, 4.8112766 ], [ -74.1875956, 4.8112766 ], [ -74.1876917, 4.8112766 ], [ -74.1877878, 4.8112286 ], [ -74.1878839, 4.8112286 ], [ -74.18798, 4.8112286 ], [ -74.1880761, 4.8112286 ], [ -74.1881722, 4.8112766 ], [ -74.1881722, 4.8113727 ], [ -74.1882683, 4.8114208 ], [ -74.1883163, 4.8115169 ], [ -74.1883163, 4.811613 ], [ -74.1883163, 4.8117091 ], [ -74.1883163, 4.8118052 ], [ -74.1882683, 4.8119013 ], [ -74.1882202, 4.8119974 ], [ -74.1881241, 4.8120455 ], [ -74.188028, 4.8120935 ], [ -74.1879319, 4.8121416 ], [ -74.1878358, 4.8121896 ], [ -74.1877397, 4.8121896 ], [ -74.1876436, 4.8122377 ], [ -74.1875475, 4.8122377 ], [ -74.1874514, 4.8122857 ], [ -74.1873553, 4.8122857 ], [ -74.1872592, 4.8123338 ], [ -74.1871631, 4.8123338 ], [ -74.187067, 4.8123818 ], [ -74.1869709, 4.8124299 ], [ -74.1868748, 4.8124779 ], [ -74.1867787, 4.812526 ], [ -74.1866826, 4.812526 ], [ -74.1865865, 4.812574 ], [ -74.1864904, 4.812574 ], [ -74.1863943, 4.8126221 ], [ -74.1862982, 4.8126221 ], [ -74.1862021, 4.8126701 ], [ -74.186106, 4.8127182 ], [ -74.186106, 4.8128143 ], [ -74.1860579, 4.8129104 ], [ -74.1860099, 4.8130065 ], [ -74.1859618, 4.8131026 ], [ -74.1859138, 4.8131987 ], [ -74.1858657, 4.8132948 ], [ -74.1857696, 4.8133428 ], [ -74.1856735, 4.8133909 ], [ -74.1855774, 4.8133909 ], [ -74.1854813, 4.813439 ], [ -74.1853852, 4.813439 ], [ -74.1852891, 4.813487 ], [ -74.185193, 4.813487 ], [ -74.1850969, 4.8135351 ], [ -74.1850008, 4.8135351 ], [ -74.1849047, 4.8135351 ], [ -74.1848086, 4.8135831 ], [ -74.1847125, 4.8135831 ], [ -74.1846164, 4.8135831 ], [ -74.1845203, 4.8136312 ], [ -74.1844242, 4.8136312 ], [ -74.1843281, 4.8136312 ], [ -74.184232, 4.8136792 ], [ -74.1841359, 4.8136792 ], [ -74.1840878, 4.8137753 ], [ -74.1839917, 4.8137753 ], [ -74.1838956, 4.8138714 ], [ -74.1838476, 4.8139675 ], [ -74.1838476, 4.8140636 ], [ -74.1838956, 4.8141597 ], [ -74.1839437, 4.8142558 ], [ -74.1839917, 4.8143519 ], [ -74.1839917, 4.814448 ], [ -74.1840398, 4.8145441 ], [ -74.1840878, 4.8146402 ], [ -74.1841359, 4.8147363 ], [ -74.1841839, 4.8148324 ], [ -74.18428, 4.8148805 ], [ -74.1843281, 4.8149766 ], [ -74.1844242, 4.8150247 ], [ -74.1845203, 4.8150247 ], [ -74.1845683, 4.8151208 ], [ -74.1846644, 4.8151688 ], [ -74.1847605, 4.8152169 ], [ -74.1848566, 4.815313 ], [ -74.1849527, 4.815361 ], [ -74.1850488, 4.8154091 ], [ -74.1851449, 4.8154571 ], [ -74.185193, 4.8155532 ], [ -74.1852891, 4.8156013 ], [ -74.1853852, 4.8156493 ], [ -74.1854333, 4.8157454 ], [ -74.1855294, 4.8157935 ], [ -74.1856255, 4.8158415 ], [ -74.1856735, 4.8159376 ], [ -74.1857696, 4.8159857 ], [ -74.1858177, 4.8160818 ], [ -74.1858657, 4.8161779 ], [ -74.1859618, 4.8162259 ], [ -74.1860099, 4.816322 ], [ -74.186106, 4.8163701 ], [ -74.186154, 4.8164662 ], [ -74.1862501, 4.8165143 ], [ -74.1863462, 4.8165143 ], [ -74.1864423, 4.8165623 ], [ -74.1865384, 4.8166104 ], [ -74.1866345, 4.8166584 ], [ -74.1867306, 4.8167065 ], [ -74.1868267, 4.8167545 ], [ -74.1869229, 4.8168026 ], [ -74.187019, 4.8168026 ], [ -74.187067, 4.8168987 ], [ -74.1871631, 4.8168987 ], [ -74.1872112, 4.8169948 ], [ -74.1872592, 4.8170909 ], [ -74.1873553, 4.8171389 ], [ -74.1874514, 4.817187 ], [ -74.1874995, 4.8172831 ], [ -74.1875956, 4.8173792 ], [ -74.1875956, 4.8174753 ], [ -74.1876917, 4.8175233 ], [ -74.1877397, 4.8176194 ], [ -74.1877878, 4.8177155 ], [ -74.1878358, 4.8178116 ], [ -74.1878839, 4.8179077 ], [ -74.1879319, 4.8180038 ], [ -74.18798, 4.8181 ], [ -74.188028, 4.8181961 ], [ -74.1880761, 4.8182922 ], [ -74.1881241, 4.8183883 ], [ -74.1881722, 4.8184844 ], [ -74.1881722, 4.8185805 ], [ -74.1882202, 4.8186766 ], [ -74.1882683, 4.8187727 ], [ -74.1883163, 4.8188688 ], [ -74.1883644, 4.8189649 ], [ -74.1883644, 4.819061 ], [ -74.1884125, 4.8191571 ], [ -74.1884605, 4.8192532 ], [ -74.1885086, 4.8193493 ], [ -74.1885086, 4.8194454 ], [ -74.1885566, 4.8195415 ], [ -74.1886047, 4.8196376 ], [ -74.1886047, 4.8197337 ], [ -74.1887008, 4.8197818 ], [ -74.1887008, 4.8198779 ], [ -74.1887488, 4.819974 ], [ -74.1887488, 4.8200701 ], [ -74.1887488, 4.8201662 ], [ -74.1887488, 4.8202623 ], [ -74.1887969, 4.8203584 ], [ -74.1887969, 4.8204545 ], [ -74.188893, 4.8205506 ], [ -74.188893, 4.8206467 ], [ -74.188941, 4.8207428 ], [ -74.1889891, 4.8208389 ], [ -74.1889891, 4.820935 ], [ -74.1890852, 4.8210311 ], [ -74.1890852, 4.8211272 ], [ -74.1891813, 4.8211753 ], [ -74.1892293, 4.8212714 ], [ -74.1892774, 4.8213675 ], [ -74.1893254, 4.8214636 ], [ -74.1893254, 4.8215597 ], [ -74.1893735, 4.8216558 ], [ -74.1894215, 4.8217519 ], [ -74.1894215, 4.821848 ], [ -74.1894696, 4.8219441 ], [ -74.1895176, 4.8220402 ], [ -74.1895176, 4.8221363 ], [ -74.1895657, 4.8222324 ], [ -74.1896137, 4.8223285 ], [ -74.1896618, 4.8224246 ], [ -74.1896618, 4.8225207 ], [ -74.1896618, 4.8226168 ], [ -74.1896618, 4.8227129 ], [ -74.1896618, 4.822809 ], [ -74.1896137, 4.8229051 ], [ -74.1895657, 4.8230012 ], [ -74.1894696, 4.8230973 ], [ -74.1893735, 4.8230973 ], [ -74.1892774, 4.8230973 ], [ -74.1891813, 4.8230493 ], [ -74.1891332, 4.8229532 ], [ -74.1891332, 4.8228571 ], [ -74.1890852, 4.822761 ], [ -74.1890371, 4.8226649 ], [ -74.1890371, 4.8225687 ], [ -74.1889891, 4.8224726 ], [ -74.188941, 4.8223765 ], [ -74.188893, 4.8222804 ], [ -74.1888449, 4.8221843 ], [ -74.1888449, 4.8220882 ], [ -74.1887969, 4.8219921 ], [ -74.1887488, 4.821896 ], [ -74.1887008, 4.8217999 ], [ -74.1887008, 4.8217038 ], [ -74.1886527, 4.8216077 ], [ -74.1885566, 4.8215597 ], [ -74.1885086, 4.8214636 ], [ -74.1884605, 4.8213675 ], [ -74.1884125, 4.8212714 ], [ -74.1883163, 4.8212233 ], [ -74.1882683, 4.8211272 ], [ -74.1882202, 4.8210311 ], [ -74.1881722, 4.820935 ], [ -74.1881241, 4.8208389 ], [ -74.1881241, 4.8207428 ], [ -74.1881241, 4.8206467 ], [ -74.1881241, 4.8205506 ], [ -74.1881241, 4.8204545 ], [ -74.1881241, 4.8203584 ], [ -74.1880761, 4.8202623 ], [ -74.1880761, 4.8201662 ], [ -74.188028, 4.8200701 ], [ -74.18798, 4.819974 ], [ -74.1879319, 4.8198779 ], [ -74.1879319, 4.8197818 ], [ -74.1878839, 4.8196857 ], [ -74.1878839, 4.8195896 ], [ -74.1878839, 4.8194934 ], [ -74.1878839, 4.8193973 ], [ -74.1877878, 4.8193973 ], [ -74.1877397, 4.8193012 ], [ -74.1877397, 4.8192051 ], [ -74.1876436, 4.8191571 ], [ -74.1876436, 4.819061 ], [ -74.1875475, 4.8190129 ], [ -74.1874995, 4.8189168 ], [ -74.1874514, 4.8188207 ], [ -74.1874034, 4.8187246 ], [ -74.1873553, 4.8186285 ], [ -74.1873073, 4.8185324 ], [ -74.1872592, 4.8184363 ], [ -74.1871631, 4.8183883 ], [ -74.1871151, 4.8182922 ], [ -74.187019, 4.8182441 ], [ -74.1869229, 4.8181961 ], [ -74.1868748, 4.8181 ], [ -74.1867787, 4.8181 ], [ -74.1867306, 4.8180038 ], [ -74.1866345, 4.8180038 ], [ -74.1865865, 4.8179077 ], [ -74.1864904, 4.8178597 ], [ -74.1864423, 4.8177636 ], [ -74.1863943, 4.8176675 ], [ -74.1863462, 4.8175714 ], [ -74.1862982, 4.8174753 ], [ -74.1862021, 4.8174272 ], [ -74.186154, 4.8173311 ], [ -74.1860579, 4.8172831 ], [ -74.1859618, 4.817235 ], [ -74.1859618, 4.8171389 ], [ -74.1858657, 4.8170909 ], [ -74.1858657, 4.8169948 ], [ -74.1857696, 4.8169467 ], [ -74.1857216, 4.8168506 ], [ -74.1856735, 4.8167545 ], [ -74.1855774, 4.8167065 ], [ -74.1854813, 4.8166584 ], [ -74.1854813, 4.8165623 ], [ -74.1853852, 4.8165623 ], [ -74.1853372, 4.8164662 ], [ -74.185241, 4.8164181 ], [ -74.1851449, 4.8163701 ], [ -74.1850969, 4.816274 ], [ -74.1850008, 4.816274 ], [ -74.1849527, 4.8161779 ], [ -74.1848566, 4.8161298 ], [ -74.1847605, 4.8160818 ], [ -74.1847125, 4.8159857 ], [ -74.1846644, 4.8158896 ], [ -74.1845683, 4.8158415 ], [ -74.1845203, 4.8157454 ], [ -74.1845203, 4.8156493 ], [ -74.1844242, 4.8156013 ], [ -74.1843761, 4.8155052 ], [ -74.1843281, 4.8154091 ], [ -74.18428, 4.815313 ], [ -74.1841839, 4.8152649 ], [ -74.1841359, 4.8151688 ], [ -74.1840878, 4.8150727 ], [ -74.1839917, 4.8150247 ], [ -74.1838956, 4.8149766 ], [ -74.1837995, 4.8149286 ], [ -74.1837034, 4.8149286 ], [ -74.1836073, 4.8148805 ], [ -74.1835112, 4.8148324 ], [ -74.1834151, 4.8148324 ], [ -74.183319, 4.8148324 ], [ -74.1832229, 4.8148324 ], [ -74.1831268, 4.8148805 ], [ -74.1830307, 4.8148805 ], [ -74.1829346, 4.8149286 ], [ -74.1830307, 4.8149766 ], [ -74.1831748, 4.8149766 ], [ -74.1832709, 4.8149766 ], [ -74.1834151, 4.8150247 ], [ -74.183319, 4.8150247 ] ] ] } },
{ "type": "Feature", "properties": { "id": 0, "layer": "TENJO — RONDA_TECNICA", "clas_CIAF": "3a" }, "geometry": { "type": "Polygon", "coordinates": [ [ [ -74.1237831, 4.8942617 ], [ -74.1237351, 4.8943097 ], [ -74.1237351, 4.8943578 ], [ -74.123711, 4.8944058 ], [ -74.123663, 4.8944539 ], [ -74.123639, 4.8945019 ], [ -74.1236149, 4.89455 ], [ -74.1235909, 4.894598 ], [ -74.1235909, 4.8946461 ], [ -74.1235428, 4.8946941 ], [ -74.1235428, 4.8947422 ], [ -74.1235188, 4.8947902 ], [ -74.1234948, 4.8948383 ], [ -74.1234467, 4.8948863 ], [ -74.1234227, 4.8949344 ], [ -74.1233747, 4.8949824 ], [ -74.1233266, 4.8950065 ], [ -74.1233026, 4.8950545 ], [ -74.1232545, 4.8950545 ], [ -74.1232065, 4.8950785 ], [ -74.1231584, 4.8951026 ], [ -74.1231344, 4.8951506 ], [ -74.1230623, 4.8951747 ], [ -74.1229903, 4.8952227 ], [ -74.1229422, 4.8952467 ], [ -74.1228701, 4.8952708 ], [ -74.122798, 4.8953188 ], [ -74.12275, 4.8953428 ], [ -74.1227019, 4.8953669 ], [ -74.1226299, 4.8953909 ], [ -74.1225818, 4.8954149 ], [ -74.1225338, 4.8954149 ], [ -74.1224857, 4.8954389 ], [ -74.1224377, 4.8954389 ], [ -74.1223896, 4.895463 ], [ -74.1223416, 4.895487 ], [ -74.1222935, 4.895511 ], [ -74.1222455, 4.895511 ], [ -74.1221734, 4.895535 ], [ -74.1221253, 4.8955591 ], [ -74.1220773, 4.8955591 ], [ -74.1220292, 4.8955591 ], [ -74.1219812, 4.8955591 ], [ -74.1219331, 4.8955831 ], [ -74.1218851, 4.8955831 ], [ -74.121837, 4.8955831 ], [ -74.121789, 4.8956071 ], [ -74.1217409, 4.8956071 ], [ -74.1216929, 4.8956071 ], [ -74.1216448, 4.8956071 ], [ -74.1215968, 4.8956071 ], [ -74.1215487, 4.8956071 ], [ -74.1215439, 4.8955975 ], [ -74.1216208, 4.8955591 ], [ -74.1217169, 4.895511 ], [ -74.121813, 4.895463 ], [ -74.121861, 4.8953669 ], [ -74.1219571, 4.8953669 ], [ -74.1220532, 4.8953188 ], [ -74.1221494, 4.8953188 ], [ -74.1222455, 4.8953188 ], [ -74.1223416, 4.8952708 ], [ -74.1224377, 4.8952227 ], [ -74.1224377, 4.8951266 ], [ -74.1224857, 4.8950305 ], [ -74.1224857, 4.8949344 ], [ -74.1224857, 4.8948383 ], [ -74.1224857, 4.8947422 ], [ -74.1224857, 4.894598 ], [ -74.1224857, 4.8945019 ], [ -74.1224857, 4.8944058 ], [ -74.1224857, 4.8943097 ], [ -74.1224857, 4.8942136 ], [ -74.1224857, 4.8941175 ], [ -74.1224857, 4.8940214 ], [ -74.1224377, 4.8939253 ], [ -74.1224377, 4.8938292 ], [ -74.1224377, 4.8937331 ], [ -74.1224377, 4.893637 ], [ -74.1223896, 4.8935409 ], [ -74.1223416, 4.8934448 ], [ -74.1223416, 4.8933487 ], [ -74.1222935, 4.8932526 ], [ -74.1222455, 4.8931565 ], [ -74.1222455, 4.8930604 ], [ -74.1221974, 4.8929643 ], [ -74.1221494, 4.8928682 ], [ -74.1221494, 4.8927721 ], [ -74.1221013, 4.892676 ], [ -74.1221013, 4.8925799 ], [ -74.1220532, 4.8924838 ], [ -74.1220532, 4.8923877 ], [ -74.1220052, 4.8922916 ], [ -74.1220052, 4.8921955 ], [ -74.1219571, 4.8920994 ], [ -74.1219091, 4.8920032 ], [ -74.1219091, 4.8919071 ], [ -74.1219091, 4.891811 ], [ -74.121861, 4.8917149 ], [ -74.121861, 4.8916188 ], [ -74.121861, 4.8915227 ], [ -74.121813, 4.8914266 ], [ -74.1217169, 4.8913786 ], [ -74.1216688, 4.8912825 ], [ -74.1215727, 4.8912344 ], [ -74.1215247, 4.8911383 ], [ -74.1214286, 4.8910903 ], [ -74.1214286, 4.8909942 ], [ -74.1213325, 4.8909942 ], [ -74.1213325, 4.8908981 ], [ -74.1212844, 4.890802 ], [ -74.1211883, 4.8907059 ], [ -74.1211403, 4.8906098 ], [ -74.1210922, 4.8905137 ], [ -74.1210442, 4.8904175 ], [ -74.1209961, 4.8903214 ], [ -74.1209481, 4.8902253 ], [ -74.1209, 4.8901292 ], [ -74.120852, 4.8900331 ], [ -74.1208039, 4.889937 ], [ -74.1207559, 4.8898409 ], [ -74.1207078, 4.8896968 ], [ -74.1206598, 4.8896007 ], [ -74.1206598, 4.8895046 ], [ -74.1205637, 4.8894565 ], [ -74.1205637, 4.8893604 ], [ -74.1205156, 4.8892643 ], [ -74.1204675, 4.8891682 ], [ -74.1204195, 4.8890721 ], [ -74.1203714, 4.888976 ], [ -74.1203234, 4.8888799 ], [ -74.1203234, 4.8887838 ], [ -74.1202753, 4.8886877 ], [ -74.1202273, 4.8885916 ], [ -74.1202273, 4.8884955 ], [ -74.1201312, 4.8883994 ], [ -74.1201312, 4.8883033 ], [ -74.1200831, 4.8882072 ], [ -74.1200831, 4.8881111 ], [ -74.1200351, 4.888015 ], [ -74.119987, 4.8879189 ], [ -74.119939, 4.8878228 ], [ -74.119939, 4.8877267 ], [ -74.1198909, 4.8876306 ], [ -74.1198909, 4.8875345 ], [ -74.1198429, 4.8874384 ], [ -74.1197948, 4.8873422 ], [ -74.1197468, 4.8872461 ], [ -74.1197468, 4.88715 ], [ -74.1197468, 4.8870539 ], [ -74.1196987, 4.8869578 ], [ -74.1196987, 4.8868617 ], [ -74.1196987, 4.8867656 ], [ -74.1196507, 4.8866695 ], [ -74.1196026, 4.8865734 ], [ -74.1195546, 4.8864773 ], [ -74.1195065, 4.8863812 ], [ -74.1194585, 4.8862851 ], [ -74.1194104, 4.886189 ], [ -74.1193624, 4.8860929 ], [ -74.1193143, 4.8859968 ], [ -74.1192663, 4.8859007 ], [ -74.1192663, 4.8858046 ], [ -74.1192182, 4.8857085 ], [ -74.1191702, 4.8856124 ], [ -74.1191221, 4.8855163 ], [ -74.1191221, 4.8854202 ], [ -74.1191221, 4.8853241 ], [ -74.1190741, 4.885228 ], [ -74.119026, 4.8851319 ], [ -74.1189299, 4.8850838 ], [ -74.1188818, 4.8849877 ], [ -74.1187857, 4.8849397 ], [ -74.1186896, 4.8848916 ], [ -74.1185935, 4.8848436 ], [ -74.1185455, 4.8847475 ], [ -74.1184974, 4.8846514 ], [ -74.1184494, 4.8845553 ], [ -74.1183533, 4.8845072 ], [ -74.1183533, 4.8844111 ], [ -74.1183052, 4.884315 ], [ -74.1182572, 4.8842189 ], [ -74.1182091, 4.8841228 ], [ -74.1181611, 4.8840267 ], [ -74.118113, 4.8839306 ], [ -74.118065, 4.8838345 ], [ -74.1180169, 4.8837384 ], [ -74.1179689, 4.8836423 ], [ -74.1179689, 4.8835462 ], [ -74.1179689, 4.8834501 ], [ -74.1179689, 4.883354 ], [ -74.1179689, 4.8832579 ], [ -74.1179689, 4.8831618 ], [ -74.1180169, 4.8830657 ], [ -74.1180169, 4.8829696 ], [ -74.1180169, 4.8828735 ], [ -74.1180169, 4.8827773 ], [ -74.1180169, 4.8826812 ], [ -74.118065, 4.8825851 ], [ -74.118065, 4.882489 ], [ -74.118065, 4.8823929 ], [ -74.118065, 4.8822968 ], [ -74.118065, 4.8822007 ], [ -74.118113, 4.8821046 ], [ -74.1181611, 4.8820085 ], [ -74.1182091, 4.8819124 ], [ -74.1182091, 4.8818163 ], [ -74.1182572, 4.8817202 ], [ -74.1182572, 4.8816241 ], [ -74.1183052, 4.881528 ], [ -74.1183533, 4.8814319 ], [ -74.1184013, 4.8813358 ], [ -74.1184013, 4.8812397 ], [ -74.1184013, 4.8811436 ], [ -74.1184494, 4.8810475 ], [ -74.1184494, 4.8809514 ], [ -74.1184974, 4.8808553 ], [ -74.1184974, 4.8807592 ], [ -74.1184974, 4.8806631 ], [ -74.1185935, 4.880567 ], [ -74.1185935, 4.8804709 ], [ -74.1186416, 4.8803748 ], [ -74.1186416, 4.8802787 ], [ -74.1186416, 4.8801826 ], [ -74.1186416, 4.8800865 ], [ -74.1186416, 4.8799904 ], [ -74.1186416, 4.8798943 ], [ -74.1185935, 4.8797982 ], [ -74.1185935, 4.879702 ], [ -74.1185455, 4.8796059 ], [ -74.1185455, 4.8795098 ], [ -74.1185455, 4.8794137 ], [ -74.1185455, 4.8793176 ], [ -74.1185455, 4.8792215 ], [ -74.1185455, 4.8791254 ], [ -74.1185455, 4.8790293 ], [ -74.1185455, 4.8789332 ], [ -74.1184494, 4.8788852 ], [ -74.1184494, 4.8787891 ], [ -74.1183533, 4.878741 ], [ -74.1183533, 4.8786449 ], [ -74.1183052, 4.8785488 ], [ -74.1182091, 4.8785008 ], [ -74.118113, 4.8785008 ], [ -74.1180169, 4.8785008 ], [ -74.1179208, 4.8785008 ], [ -74.1179208, 4.8785969 ], [ -74.1178247, 4.8786449 ], [ -74.1177767, 4.878741 ], [ -74.1177286, 4.8788371 ], [ -74.1176806, 4.8789332 ], [ -74.1176806, 4.8790293 ], [ -74.1176806, 4.8791254 ], [ -74.1176806, 4.8792215 ], [ -74.1176806, 4.8793176 ], [ -74.1176806, 4.8794137 ], [ -74.1176806, 4.8795098 ], [ -74.1176806, 4.8796059 ], [ -74.1176806, 4.879702 ], [ -74.1176806, 4.8797982 ], [ -74.1176806, 4.8798943 ], [ -74.1176806, 4.8799904 ], [ -74.1176806, 4.8800865 ], [ -74.1176806, 4.8801826 ], [ -74.1176806, 4.8802787 ], [ -74.1176806, 4.8803748 ], [ -74.1176806, 4.8804709 ], [ -74.1175845, 4.8805189 ], [ -74.1175845, 4.880615 ], [ -74.1175364, 4.8807111 ], [ -74.1174884, 4.8808072 ], [ -74.1173922, 4.8808553 ], [ -74.1173442, 4.8809514 ], [ -74.1172961, 4.8810475 ], [ -74.1172, 4.8811436 ], [ -74.117152, 4.8812397 ], [ -74.1171039, 4.8813358 ], [ -74.1170559, 4.8814319 ], [ -74.1170559, 4.881528 ], [ -74.1170559, 4.8816241 ], [ -74.1170078, 4.8817202 ], [ -74.1169117, 4.8817683 ], [ -74.1169117, 4.8816722 ], [ -74.1168637, 4.8815761 ], [ -74.1168637, 4.88148 ], [ -74.1167676, 4.8813839 ], [ -74.1167676, 4.8812878 ], [ -74.1167195, 4.8811436 ], [ -74.1167195, 4.8810475 ], [ -74.1167195, 4.8809514 ], [ -74.1167195, 4.8808553 ], [ -74.1166715, 4.8807592 ], [ -74.1166715, 4.8806631 ], [ -74.1166715, 4.880567 ], [ -74.1166715, 4.8804709 ], [ -74.1166715, 4.8803267 ], [ -74.1166715, 4.8802306 ], [ -74.1166715, 4.8801345 ], [ -74.1166715, 4.8800384 ], [ -74.1166715, 4.8799423 ], [ -74.1167195, 4.8798462 ], [ -74.1167195, 4.8797501 ], [ -74.1168156, 4.879654 ], [ -74.1168156, 4.8795579 ], [ -74.1168637, 4.8794618 ], [ -74.1168637, 4.8793657 ], [ -74.1169117, 4.8792696 ], [ -74.1169117, 4.8791735 ], [ -74.1169598, 4.8790774 ], [ -74.1169598, 4.8789813 ], [ -74.1170078, 4.8788852 ], [ -74.1170078, 4.8787891 ], [ -74.1170559, 4.878693 ], [ -74.1170559, 4.8785969 ], [ -74.1170559, 4.8785008 ], [ -74.1170559, 4.8784047 ], [ -74.1170559, 4.8783086 ], [ -74.1170559, 4.8782125 ], [ -74.1170559, 4.8781163 ], [ -74.1170078, 4.8780202 ], [ -74.1170078, 4.8779241 ], [ -74.1169598, 4.877828 ], [ -74.1169598, 4.8777319 ], [ -74.1169117, 4.8776358 ], [ -74.1168156, 4.8775397 ], [ -74.1167195, 4.8774917 ], [ -74.1167195, 4.8773956 ], [ -74.1166234, 4.8773956 ], [ -74.1165273, 4.8773475 ], [ -74.1164793, 4.8772514 ], [ -74.1163832, 4.8772514 ], [ -74.1163351, 4.8771553 ], [ -74.116191, 4.8771073 ], [ -74.1160949, 4.8771073 ], [ -74.1159988, 4.8771073 ], [ -74.1159027, 4.8771073 ], [ -74.1158065, 4.8771073 ], [ -74.1157104, 4.8771073 ], [ -74.1156143, 4.8771073 ], [ -74.1155182, 4.8771073 ], [ -74.1155182, 4.8772034 ], [ -74.1154221, 4.8772034 ], [ -74.1153741, 4.8772995 ], [ -74.115278, 4.8773475 ], [ -74.1152299, 4.8774436 ], [ -74.1151338, 4.8774917 ], [ -74.1150858, 4.8775878 ], [ -74.1149897, 4.8776358 ], [ -74.1149416, 4.8777319 ], [ -74.1148455, 4.8777319 ], [ -74.1147975, 4.877828 ], [ -74.1147014, 4.8778761 ], [ -74.1146533, 4.8779722 ], [ -74.1145572, 4.8780202 ], [ -74.1145092, 4.8781163 ], [ -74.1144611, 4.8782125 ], [ -74.114365, 4.8782605 ], [ -74.114365, 4.8783566 ], [ -74.1143169, 4.8784527 ], [ -74.1142208, 4.8785488 ], [ -74.1141728, 4.8786449 ], [ -74.1141247, 4.878741 ], [ -74.1140767, 4.8788371 ], [ -74.1139806, 4.8788371 ], [ -74.1139325, 4.8789332 ], [ -74.1138845, 4.8790293 ], [ -74.1137884, 4.8790774 ], [ -74.1137403, 4.8791735 ], [ -74.1136442, 4.8792215 ], [ -74.1135962, 4.8793176 ], [ -74.1135001, 4.8793657 ], [ -74.113404, 4.8794137 ], [ -74.1133079, 4.8794618 ], [ -74.1132598, 4.8795579 ], [ -74.1131637, 4.8796059 ], [ -74.1130676, 4.879654 ], [ -74.1129715, 4.879702 ], [ -74.1129235, 4.8797982 ], [ -74.1128274, 4.8798462 ], [ -74.1127312, 4.8798943 ], [ -74.1126832, 4.8799904 ], [ -74.1125871, 4.8800384 ], [ -74.112539, 4.8801345 ], [ -74.112491, 4.8802306 ], [ -74.1124429, 4.8803267 ], [ -74.1123468, 4.8803748 ], [ -74.1123468, 4.8804709 ], [ -74.1122507, 4.8805189 ], [ -74.1122027, 4.880615 ], [ -74.1121546, 4.8807111 ], [ -74.1121546, 4.8808072 ], [ -74.1120585, 4.8808553 ], [ -74.1120105, 4.8809514 ], [ -74.1119624, 4.8810475 ], [ -74.1119624, 4.8811436 ], [ -74.1119144, 4.8812397 ], [ -74.1118663, 4.8813839 ], [ -74.1118183, 4.88148 ], [ -74.1117702, 4.8815761 ], [ -74.1117222, 4.8816722 ], [ -74.1116741, 4.8817683 ], [ -74.111578, 4.8818163 ], [ -74.111578, 4.8819124 ], [ -74.11153, 4.8820085 ], [ -74.11153, 4.8821046 ], [ -74.11153, 4.8822007 ], [ -74.11153, 4.8822968 ], [ -74.11153, 4.8823929 ], [ -74.1114819, 4.882489 ], [ -74.1114339, 4.8825851 ], [ -74.1114339, 4.8826812 ], [ -74.1113858, 4.8827773 ], [ -74.1113858, 4.8828735 ], [ -74.1113858, 4.8829696 ], [ -74.1113378, 4.8830657 ], [ -74.1113378, 4.8831618 ], [ -74.1113378, 4.8832579 ], [ -74.1112897, 4.883354 ], [ -74.1112897, 4.8834501 ], [ -74.1112897, 4.8835462 ], [ -74.1112897, 4.8836423 ], [ -74.1111936, 4.8836903 ], [ -74.1111936, 4.8837864 ], [ -74.1111936, 4.8838825 ], [ -74.1111455, 4.8839786 ], [ -74.1111455, 4.8840747 ], [ -74.1111455, 4.8841708 ], [ -74.1111455, 4.8842669 ], [ -74.1110975, 4.8843631 ], [ -74.1110975, 4.8844592 ], [ -74.1110494, 4.8845553 ], [ -74.1110014, 4.8846514 ], [ -74.1110014, 4.8847475 ], [ -74.1109533, 4.8848436 ], [ -74.1109053, 4.8849397 ], [ -74.1109053, 4.8850358 ], [ -74.1108092, 4.8850358 ], [ -74.1108092, 4.8851319 ], [ -74.1107611, 4.885228 ], [ -74.1107131, 4.8853241 ], [ -74.1107131, 4.8854202 ], [ -74.110617, 4.8855163 ], [ -74.110617, 4.8856124 ], [ -74.1105689, 4.8857085 ], [ -74.1105209, 4.8858046 ], [ -74.1105209, 4.8859007 ], [ -74.1104728, 4.8859968 ], [ -74.1104248, 4.8860929 ], [ -74.1104248, 4.886189 ], [ -74.1104248, 4.8862851 ], [ -74.1104248, 4.8863812 ], [ -74.1104248, 4.8864773 ], [ -74.1104248, 4.8865734 ], [ -74.1103767, 4.8866695 ], [ -74.1102806, 4.8867176 ], [ -74.1102806, 4.8868137 ], [ -74.1102806, 4.8869098 ], [ -74.1102806, 4.8870059 ], [ -74.1102806, 4.887102 ], [ -74.1102326, 4.8872461 ], [ -74.1102326, 4.8873422 ], [ -74.1101365, 4.8874384 ], [ -74.1101365, 4.8875345 ], [ -74.1100404, 4.8875825 ], [ -74.1100404, 4.8876786 ], [ -74.1099923, 4.8877747 ], [ -74.1099443, 4.8878708 ], [ -74.1098962, 4.8879669 ], [ -74.1098482, 4.888063 ], [ -74.1098001, 4.8881591 ], [ -74.1098001, 4.8882552 ], [ -74.1097521, 4.8883513 ], [ -74.1097521, 4.8884474 ], [ -74.1097521, 4.8885435 ], [ -74.1097521, 4.8886396 ], [ -74.1097521, 4.8887357 ], [ -74.1097521, 4.8888318 ], [ -74.1097521, 4.8889279 ], [ -74.1097521, 4.8890241 ], [ -74.1098001, 4.8891202 ], [ -74.1098962, 4.8891682 ], [ -74.1099443, 4.8893124 ], [ -74.1099923, 4.8894085 ], [ -74.1099923, 4.8895046 ], [ -74.1100404, 4.8896007 ], [ -74.1100884, 4.8896968 ], [ -74.1100884, 4.8897929 ], [ -74.1101365, 4.889889 ], [ -74.1101365, 4.8899851 ], [ -74.1101845, 4.8900812 ], [ -74.1102806, 4.8901773 ], [ -74.1103287, 4.8902734 ], [ -74.1103287, 4.8903695 ], [ -74.1103767, 4.8904656 ], [ -74.1104248, 4.8905617 ], [ -74.1104728, 4.8906578 ], [ -74.1105209, 4.8907539 ], [ -74.110617, 4.8907539 ], [ -74.1107131, 4.890802 ], [ -74.1108092, 4.890802 ], [ -74.1109053, 4.890802 ], [ -74.1110014, 4.890802 ], [ -74.1110975, 4.890802 ], [ -74.1111936, 4.89085 ], [ -74.1112897, 4.89085 ], [ -74.1113858, 4.8908981 ], [ -74.1114819, 4.8908981 ], [ -74.111578, 4.8909461 ], [ -74.1116741, 4.8909942 ], [ -74.1117702, 4.8909942 ], [ -74.1118663, 4.8910422 ], [ -74.1119624, 4.8910422 ], [ -74.1120585, 4.8910422 ], [ -74.1121546, 4.8910422 ], [ -74.1122507, 4.8910422 ], [ -74.1123468, 4.8910422 ], [ -74.1124429, 4.8910422 ], [ -74.112539, 4.8910422 ], [ -74.1126351, 4.8910422 ], [ -74.1127312, 4.8910422 ], [ -74.1128274, 4.8910903 ], [ -74.1129235, 4.8911383 ], [ -74.1129715, 4.8912344 ], [ -74.1130196, 4.8913305 ], [ -74.1130676, 4.8914266 ], [ -74.1130676, 4.8915227 ], [ -74.1130676, 4.8916188 ], [ -74.1130676, 4.8917149 ], [ -74.1130676, 4.891811 ], [ -74.1129715, 4.891811 ], [ -74.1128754, 4.8918591 ], [ -74.1127793, 4.8918591 ], [ -74.1126832, 4.8918591 ], [ -74.1125871, 4.8918591 ], [ -74.112491, 4.8918591 ], [ -74.1123949, 4.8918591 ], [ -74.1122988, 4.8918591 ], [ -74.1122027, 4.891811 ], [ -74.1121066, 4.891811 ], [ -74.1120105, 4.891811 ], [ -74.1119144, 4.891811 ], [ -74.1118183, 4.891763 ], [ -74.1117222, 4.891763 ], [ -74.1116261, 4.8917149 ], [ -74.11153, 4.8916669 ], [ -74.1114339, 4.8916188 ], [ -74.1113378, 4.8915708 ], [ -74.1112416, 4.8915708 ], [ -74.1111455, 4.8915708 ], [ -74.1110494, 4.8915708 ], [ -74.1109533, 4.8915708 ], [ -74.1108572, 4.8915708 ], [ -74.1107611, 4.8915227 ], [ -74.110665, 4.8914747 ], [ -74.110617, 4.8915708 ], [ -74.1105689, 4.8916669 ], [ -74.1105689, 4.891763 ], [ -74.1105689, 4.8918591 ], [ -74.1105689, 4.8919552 ], [ -74.1105689, 4.8920513 ], [ -74.110665, 4.8920994 ], [ -74.1107611, 4.8921474 ], [ -74.1107611, 4.8922435 ], [ -74.1108572, 4.8922916 ], [ -74.1109053, 4.8923877 ], [ -74.1109533, 4.8924838 ], [ -74.1110494, 4.8924838 ], [ -74.1111455, 4.8925318 ], [ -74.1112416, 4.8925799 ], [ -74.1113378, 4.8926279 ], [ -74.1113858, 4.892724 ], [ -74.1114819, 4.892724 ], [ -74.11153, 4.8928201 ], [ -74.1116261, 4.8928201 ], [ -74.1116741, 4.8929162 ], [ -74.1117702, 4.8929643 ], [ -74.1118663, 4.8930604 ], [ -74.1119624, 4.8931565 ], [ -74.1120585, 4.8932045 ], [ -74.1120585, 4.8933006 ], [ -74.1121066, 4.8933967 ], [ -74.1121546, 4.8934928 ], [ -74.1121546, 4.8935889 ], [ -74.1122507, 4.8936851 ], [ -74.1122507, 4.8937812 ], [ -74.1122988, 4.8938773 ], [ -74.1123468, 4.8939734 ], [ -74.1123468, 4.8940695 ], [ -74.1124429, 4.8941175 ], [ -74.1124429, 4.8942136 ], [ -74.112491, 4.8943097 ], [ -74.112539, 4.8944058 ], [ -74.112539, 4.8945019 ], [ -74.1125871, 4.894598 ], [ -74.1126351, 4.8946941 ], [ -74.1126351, 4.8947902 ], [ -74.1126351, 4.8948863 ], [ -74.1126832, 4.8949824 ], [ -74.1126832, 4.8950785 ], [ -74.1127312, 4.8951747 ], [ -74.1127312, 4.8952708 ], [ -74.1127793, 4.8953669 ], [ -74.1128274, 4.895463 ], [ -74.1128754, 4.8955591 ], [ -74.1129715, 4.8956071 ], [ -74.1129715, 4.8957032 ], [ -74.1130676, 4.8957993 ], [ -74.1130676, 4.8958954 ], [ -74.1131157, 4.8959915 ], [ -74.1131157, 4.8960876 ], [ -74.1131637, 4.8961837 ], [ -74.1131637, 4.8962798 ], [ -74.1131637, 4.8963759 ], [ -74.1131637, 4.896472 ], [ -74.1131637, 4.8965681 ], [ -74.1131637, 4.8966642 ], [ -74.1132598, 4.8967123 ], [ -74.1133079, 4.8968565 ], [ -74.113404, 4.8969045 ], [ -74.113452, 4.8970006 ], [ -74.1135001, 4.8970967 ], [ -74.1135481, 4.8971928 ], [ -74.1135962, 4.8972889 ], [ -74.1136442, 4.897385 ], [ -74.1136442, 4.8974811 ], [ -74.1136442, 4.8975772 ], [ -74.1136442, 4.8976733 ], [ -74.1136442, 4.8977694 ], [ -74.1136442, 4.8978655 ], [ -74.1136442, 4.8979616 ], [ -74.1136442, 4.8980577 ], [ -74.1135962, 4.8981538 ], [ -74.1135962, 4.89825 ], [ -74.1135962, 4.8983461 ], [ -74.1135962, 4.8984422 ], [ -74.1135962, 4.8985383 ], [ -74.1135481, 4.8986344 ], [ -74.1135481, 4.8987305 ], [ -74.1135481, 4.8988266 ], [ -74.1135481, 4.8989227 ], [ -74.1135481, 4.8990188 ], [ -74.1135481, 4.8991149 ], [ -74.1135481, 4.899211 ], [ -74.1135962, 4.8993071 ], [ -74.1135962, 4.8994032 ], [ -74.1136442, 4.8994993 ], [ -74.1136442, 4.8995954 ], [ -74.1136442, 4.8996915 ], [ -74.1136442, 4.8997876 ], [ -74.1136442, 4.8998837 ], [ -74.1136442, 4.8999798 ], [ -74.1136442, 4.9000759 ], [ -74.1136442, 4.900172 ], [ -74.1135962, 4.9002681 ], [ -74.1135962, 4.9003642 ], [ -74.1135481, 4.9004603 ], [ -74.1135001, 4.9005564 ], [ -74.113452, 4.9006525 ], [ -74.1133559, 4.9006525 ], [ -74.1132598, 4.9006045 ], [ -74.1131637, 4.9005564 ], [ -74.1131157, 4.9004603 ], [ -74.1130676, 4.9003642 ], [ -74.1130196, 4.9002681 ], [ -74.1129715, 4.900172 ], [ -74.1129715, 4.9000759 ], [ -74.1129235, 4.8999798 ], [ -74.1129235, 4.8998837 ], [ -74.1129235, 4.8997876 ], [ -74.1128754, 4.8996915 ], [ -74.1128274, 4.8995954 ], [ -74.1128274, 4.8994993 ], [ -74.1127793, 4.8994032 ], [ -74.1127793, 4.8993071 ], [ -74.1127312, 4.899211 ], [ -74.1126832, 4.8991149 ], [ -74.1126832, 4.8990188 ], [ -74.1126351, 4.8989227 ], [ -74.1125871, 4.8988266 ], [ -74.1125871, 4.8987305 ], [ -74.112539, 4.8986344 ], [ -74.112539, 4.8985383 ], [ -74.112539, 4.8984422 ], [ -74.112491, 4.8983461 ], [ -74.112491, 4.89825 ], [ -74.112491, 4.8981538 ], [ -74.1124429, 4.8980577 ], [ -74.1124429, 4.8979616 ], [ -74.1123949, 4.8978655 ], [ -74.1123949, 4.8977694 ], [ -74.1123468, 4.8976733 ], [ -74.1122988, 4.8975772 ], [ -74.1122507, 4.8974811 ], [ -74.1122507, 4.897385 ], [ -74.1122507, 4.8972889 ], [ -74.1122507, 4.8971928 ], [ -74.1122507, 4.8970967 ], [ -74.1122507, 4.8970006 ], [ -74.1122507, 4.8969045 ], [ -74.1122507, 4.8968084 ], [ -74.1122507, 4.8967123 ], [ -74.1122027, 4.8966162 ], [ -74.1122027, 4.8965201 ], [ -74.1122027, 4.896424 ], [ -74.1121546, 4.8963279 ], [ -74.1121546, 4.8962318 ], [ -74.1121066, 4.8961357 ], [ -74.1121066, 4.8960396 ], [ -74.1121066, 4.8959435 ], [ -74.1121066, 4.8958474 ], [ -74.1120585, 4.8957513 ], [ -74.1120585, 4.8956552 ], [ -74.1120105, 4.8955591 ], [ -74.1120105, 4.895463 ], [ -74.1119624, 4.8953669 ], [ -74.1119624, 4.8952708 ], [ -74.1119144, 4.8951747 ], [ -74.1119144, 4.8950785 ], [ -74.1118183, 4.8949824 ], [ -74.1118183, 4.8948863 ], [ -74.1117702, 4.8947902 ], [ -74.1117222, 4.8946941 ], [ -74.1117222, 4.894598 ], [ -74.1116261, 4.89455 ], [ -74.1116261, 4.8944539 ], [ -74.111578, 4.8943578 ], [ -74.11153, 4.8942617 ], [ -74.1114339, 4.8942136 ], [ -74.1114339, 4.8941175 ], [ -74.1113858, 4.8940214 ], [ -74.1112897, 4.8939253 ], [ -74.1112416, 4.8938292 ], [ -74.1111455, 4.8937812 ], [ -74.1111455, 4.8936851 ], [ -74.1110494, 4.893637 ], [ -74.1110014, 4.8935409 ], [ -74.1109533, 4.8934448 ], [ -74.1108572, 4.8934448 ], [ -74.1107611, 4.8933967 ], [ -74.1107131, 4.8933006 ], [ -74.110617, 4.8932526 ], [ -74.1105209, 4.8932045 ], [ -74.1104248, 4.8931084 ], [ -74.1103287, 4.8930604 ], [ -74.1102806, 4.8929643 ], [ -74.1101845, 4.8929643 ], [ -74.1101845, 4.8928682 ], [ -74.1100884, 4.8928201 ], [ -74.1100404, 4.892724 ], [ -74.1099923, 4.8926279 ], [ -74.1098962, 4.8926279 ], [ -74.1098001, 4.8925799 ], [ -74.109704, 4.8925799 ], [ -74.1096079, 4.8925799 ], [ -74.1095118, 4.8926279 ], [ -74.1094157, 4.892676 ], [ -74.1093676, 4.8927721 ], [ -74.1093196, 4.8928682 ], [ -74.1092235, 4.8929162 ], [ -74.1091274, 4.8929643 ], [ -74.1090313, 4.8929643 ], [ -74.1089832, 4.8930604 ], [ -74.1089352, 4.8931565 ], [ -74.1088391, 4.8932045 ], [ -74.1088391, 4.8933006 ], [ -74.108791, 4.8933967 ], [ -74.108791, 4.8934928 ], [ -74.108743, 4.8935889 ], [ -74.108743, 4.8936851 ], [ -74.108743, 4.8937812 ], [ -74.1086949, 4.8938773 ], [ -74.1086469, 4.8939734 ], [ -74.1086469, 4.8940695 ], [ -74.1085988, 4.8941656 ], [ -74.1085988, 4.8942617 ], [ -74.1085988, 4.8943578 ], [ -74.1085508, 4.8944539 ], [ -74.1085508, 4.89455 ], [ -74.1085027, 4.8946461 ], [ -74.1085027, 4.8947422 ], [ -74.1085027, 4.8948383 ], [ -74.1085027, 4.8949344 ], [ -74.1085027, 4.8950305 ], [ -74.1085027, 4.8951266 ], [ -74.1085027, 4.8952227 ], [ -74.1085027, 4.8953188 ], [ -74.1085027, 4.8954149 ], [ -74.1085027, 4.895511 ], [ -74.1085027, 4.8956071 ], [ -74.1085508, 4.8957032 ], [ -74.1085508, 4.8957993 ], [ -74.1085988, 4.8958954 ], [ -74.1085988, 4.8959915 ], [ -74.1086469, 4.8960876 ], [ -74.1086949, 4.8961837 ], [ -74.1086949, 4.8962798 ], [ -74.108743, 4.8963759 ], [ -74.108743, 4.896472 ], [ -74.108791, 4.8965681 ], [ -74.108791, 4.8966642 ], [ -74.1088391, 4.8967604 ], [ -74.1088871, 4.8968565 ], [ -74.1088871, 4.8969526 ], [ -74.1088871, 4.8970487 ], [ -74.1088871, 4.8971448 ], [ -74.1088871, 4.8972409 ], [ -74.1088871, 4.897337 ], [ -74.1088871, 4.8974331 ], [ -74.1088871, 4.8975292 ], [ -74.1088871, 4.8976253 ], [ -74.1089352, 4.8977214 ], [ -74.1089832, 4.8978175 ], [ -74.1090793, 4.8979136 ], [ -74.1091274, 4.8980097 ], [ -74.1091754, 4.8981058 ], [ -74.1092235, 4.8982019 ], [ -74.1092715, 4.898298 ], [ -74.1093676, 4.8983461 ], [ -74.1093676, 4.8984422 ], [ -74.1094637, 4.8984422 ], [ -74.1095118, 4.8985383 ], [ -74.1095598, 4.8986344 ], [ -74.1096559, 4.8986344 ], [ -74.1096559, 4.8987305 ], [ -74.1097521, 4.8987785 ], [ -74.1097521, 4.8988746 ], [ -74.1097521, 4.8989707 ], [ -74.1098001, 4.8990668 ], [ -74.1098001, 4.8991629 ], [ -74.1098001, 4.899259 ], [ -74.1098001, 4.8993551 ], [ -74.1098001, 4.8994512 ], [ -74.1098001, 4.8995473 ], [ -74.1098482, 4.8996434 ], [ -74.1097521, 4.8996915 ], [ -74.1096559, 4.8996915 ], [ -74.1095598, 4.8996434 ], [ -74.1094637, 4.8995954 ], [ -74.1093676, 4.8995473 ], [ -74.1093196, 4.8994512 ], [ -74.1092235, 4.8993551 ], [ -74.1091274, 4.8993071 ], [ -74.1090793, 4.899211 ], [ -74.1089832, 4.8991629 ], [ -74.1089352, 4.8990668 ], [ -74.1088391, 4.8990188 ], [ -74.108743, 4.8989707 ], [ -74.1086469, 4.8989227 ], [ -74.1085988, 4.8988266 ], [ -74.1085027, 4.8987785 ], [ -74.1084066, 4.8987305 ], [ -74.1083586, 4.8986344 ], [ -74.1082625, 4.8985863 ], [ -74.1082144, 4.8984902 ], [ -74.1081663, 4.8983941 ], [ -74.1081183, 4.898298 ], [ -74.1080222, 4.8982019 ], [ -74.1080222, 4.8981058 ], [ -74.1079741, 4.8980097 ], [ -74.1079261, 4.8979136 ], [ -74.107878, 4.8978175 ], [ -74.10783, 4.8977214 ], [ -74.10783, 4.8976253 ], [ -74.1077819, 4.8975292 ], [ -74.1077819, 4.8974331 ], [ -74.1077819, 4.897337 ], [ -74.1077819, 4.8972409 ], [ -74.1077819, 4.8971448 ], [ -74.1077819, 4.8970487 ], [ -74.1077339, 4.8969526 ], [ -74.1077339, 4.8968565 ], [ -74.1077339, 4.8967604 ], [ -74.1077339, 4.8966642 ], [ -74.1077339, 4.8965681 ], [ -74.1077339, 4.896472 ], [ -74.1077339, 4.8963759 ], [ -74.1077339, 4.8962798 ], [ -74.1077339, 4.8961837 ], [ -74.1076858, 4.8960876 ], [ -74.1076858, 4.8959915 ], [ -74.1076858, 4.8958954 ], [ -74.1076858, 4.8957993 ], [ -74.1076378, 4.8957032 ], [ -74.1076378, 4.8956071 ], [ -74.1076378, 4.895511 ], [ -74.1076378, 4.8954149 ], [ -74.1076378, 4.8953188 ], [ -74.1076378, 4.8952227 ], [ -74.1076378, 4.8951266 ], [ -74.1076858, 4.8950305 ], [ -74.1076858, 4.8949344 ], [ -74.1077339, 4.8948383 ], [ -74.1077819, 4.8947422 ], [ -74.1077819, 4.8946461 ], [ -74.107878, 4.894598 ], [ -74.107878, 4.8945019 ], [ -74.1079261, 4.8944058 ], [ -74.1079741, 4.8943097 ], [ -74.1079741, 4.8942136 ], [ -74.1080702, 4.8941656 ], [ -74.1080702, 4.8940695 ], [ -74.1080702, 4.8939734 ], [ -74.1081183, 4.8938773 ], [ -74.1081183, 4.8937812 ], [ -74.1081663, 4.8936851 ], [ -74.1082144, 4.8935889 ], [ -74.1082144, 4.8934928 ], [ -74.1082625, 4.8933967 ], [ -74.1083105, 4.8933006 ], [ -74.1083586, 4.8932045 ], [ -74.1084066, 4.8931084 ], [ -74.1084547, 4.8930123 ], [ -74.1085027, 4.8929162 ], [ -74.1085508, 4.8928201 ], [ -74.1085988, 4.892724 ], [ -74.1086949, 4.892676 ], [ -74.108743, 4.8925799 ], [ -74.1088391, 4.8925318 ], [ -74.1088871, 4.8924357 ], [ -74.1089832, 4.8923877 ], [ -74.1090313, 4.8922916 ], [ -74.1091274, 4.8921955 ], [ -74.1091754, 4.8920994 ], [ -74.1092235, 4.8920032 ], [ -74.1093196, 4.8918591 ], [ -74.1093196, 4.891763 ], [ -74.1093676, 4.8916669 ], [ -74.1094157, 4.8915708 ], [ -74.1094157, 4.8914747 ], [ -74.1094157, 4.8913786 ], [ -74.1094157, 4.8912825 ], [ -74.1094157, 4.8911864 ], [ -74.1094157, 4.8910903 ], [ -74.1094157, 4.8909942 ], [ -74.1094157, 4.8908981 ], [ -74.1094157, 4.890802 ], [ -74.1094157, 4.8907059 ], [ -74.1094157, 4.8906098 ], [ -74.1093196, 4.8905617 ], [ -74.1092235, 4.8905617 ], [ -74.1091274, 4.8906098 ], [ -74.1090313, 4.8906578 ], [ -74.1089352, 4.8907059 ], [ -74.1088391, 4.8907539 ], [ -74.108791, 4.89085 ], [ -74.1086949, 4.8908981 ], [ -74.1085988, 4.8909461 ], [ -74.1085508, 4.8910422 ], [ -74.1084547, 4.8911383 ], [ -74.1083586, 4.8911864 ], [ -74.1082625, 4.8912825 ], [ -74.1082144, 4.8913786 ], [ -74.1081183, 4.8914266 ], [ -74.1081183, 4.8915227 ], [ -74.1080222, 4.8915708 ], [ -74.1080222, 4.8916669 ], [ -74.1079741, 4.891763 ], [ -74.1079261, 4.8918591 ], [ -74.10783, 4.8919071 ], [ -74.10783, 4.8920032 ], [ -74.1077819, 4.8920994 ], [ -74.1077339, 4.8921955 ], [ -74.1076378, 4.8922916 ], [ -74.1075897, 4.8923877 ], [ -74.1074936, 4.8924838 ], [ -74.1074456, 4.8925799 ], [ -74.1073975, 4.892676 ], [ -74.1073495, 4.8927721 ], [ -74.1072534, 4.8928201 ], [ -74.1072053, 4.8929162 ], [ -74.1071573, 4.8930123 ], [ -74.1071573, 4.8929162 ], [ -74.1070612, 4.8929162 ], [ -74.1070131, 4.8930123 ], [ -74.1069651, 4.8931084 ], [ -74.106917, 4.8932045 ], [ -74.106869, 4.8933006 ], [ -74.1068209, 4.8933967 ], [ -74.1067729, 4.8934928 ], [ -74.1067248, 4.8935889 ], [ -74.1066287, 4.893637 ], [ -74.1066287, 4.8937331 ], [ -74.1065326, 4.8937812 ], [ -74.1065326, 4.8938773 ], [ -74.1064365, 4.8939734 ], [ -74.1063884, 4.8940695 ], [ -74.1063884, 4.8941656 ], [ -74.1063404, 4.8942617 ], [ -74.1062923, 4.8943578 ], [ -74.1062443, 4.8944539 ], [ -74.1062443, 4.89455 ], [ -74.1062443, 4.8946461 ], [ -74.1061962, 4.8947422 ], [ -74.1061962, 4.8948383 ], [ -74.1061962, 4.8949344 ], [ -74.1061962, 4.8950305 ], [ -74.1061482, 4.8951266 ], [ -74.1061482, 4.8952227 ], [ -74.1061482, 4.8953188 ], [ -74.1060521, 4.8953669 ], [ -74.1060521, 4.895463 ], [ -74.106004, 4.8955591 ], [ -74.105956, 4.8956552 ], [ -74.1058599, 4.8957513 ], [ -74.1058118, 4.8958474 ], [ -74.1057638, 4.8959435 ], [ -74.1056677, 4.8959435 ], [ -74.1056677, 4.8960396 ], [ -74.1055716, 4.8960876 ], [ -74.1055235, 4.8961837 ], [ -74.1054755, 4.8962798 ], [ -74.1053794, 4.8963279 ], [ -74.1053794, 4.896424 ], [ -74.1052833, 4.896472 ], [ -74.1052352, 4.8965681 ], [ -74.1052352, 4.8966642 ], [ -74.1051872, 4.8967604 ], [ -74.1051391, 4.8968565 ], [ -74.105091, 4.8969526 ], [ -74.1049949, 4.8970487 ], [ -74.1049469, 4.8971448 ], [ -74.1048508, 4.8971928 ], [ -74.1048027, 4.8972889 ], [ -74.1047066, 4.897385 ], [ -74.1046586, 4.8974811 ], [ -74.1045625, 4.8975772 ], [ -74.1044664, 4.8976733 ], [ -74.1043703, 4.8977694 ], [ -74.1042742, 4.8978175 ], [ -74.1042261, 4.8979136 ], [ -74.10413, 4.8980097 ], [ -74.1040339, 4.8980577 ], [ -74.1039859, 4.8981538 ], [ -74.1038898, 4.89825 ], [ -74.1037937, 4.8983461 ], [ -74.1036976, 4.8984422 ], [ -74.1036495, 4.8985383 ], [ -74.1036015, 4.8986344 ], [ -74.1035053, 4.8986824 ], [ -74.1034573, 4.8987785 ], [ -74.1034092, 4.8988746 ], [ -74.1033131, 4.8989227 ], [ -74.103217, 4.8989707 ], [ -74.103169, 4.8990668 ], [ -74.1030729, 4.8991149 ], [ -74.1029768, 4.899259 ], [ -74.1028807, 4.8993071 ], [ -74.1028326, 4.8994032 ], [ -74.1027365, 4.8994512 ], [ -74.1026885, 4.8995473 ], [ -74.1026404, 4.8996434 ], [ -74.1025443, 4.8996915 ], [ -74.1024482, 4.8997395 ], [ -74.1024482, 4.8998357 ], [ -74.1024002, 4.8999318 ], [ -74.1023041, 4.8999798 ], [ -74.1023041, 4.9000759 ], [ -74.102208, 4.900124 ], [ -74.1021119, 4.900172 ], [ -74.1021119, 4.9002681 ], [ -74.1020158, 4.9003162 ], [ -74.1019196, 4.9004123 ], [ -74.1018235, 4.9004603 ], [ -74.1017274, 4.9005564 ], [ -74.1016313, 4.9005564 ], [ -74.1015833, 4.9006525 ], [ -74.1014872, 4.9006525 ], [ -74.1013911, 4.9007006 ], [ -74.101295, 4.9007486 ], [ -74.1011989, 4.9007967 ], [ -74.1011028, 4.9008447 ], [ -74.1010067, 4.9008928 ], [ -74.1009106, 4.9009408 ], [ -74.1008145, 4.9009408 ], [ -74.1007184, 4.9009408 ], [ -74.1006223, 4.9009408 ], [ -74.1005262, 4.9009408 ], [ -74.10043, 4.9010369 ], [ -74.1003339, 4.9010369 ], [ -74.1002378, 4.901085 ], [ -74.1001417, 4.901133 ], [ -74.1000456, 4.901133 ], [ -74.0999976, 4.9012291 ], [ -74.0999015, 4.9012291 ], [ -74.0998054, 4.9012291 ], [ -74.0997093, 4.9012291 ], [ -74.0996132, 4.9011811 ], [ -74.0995171, 4.9011811 ], [ -74.099421, 4.9011811 ], [ -74.0993249, 4.901133 ], [ -74.0992288, 4.901133 ], [ -74.0991327, 4.901085 ], [ -74.0990366, 4.901085 ], [ -74.0990366, 4.9009889 ], [ -74.0989885, 4.9008928 ], [ -74.0989885, 4.9007967 ], [ -74.0989885, 4.9007006 ], [ -74.0989885, 4.9006045 ], [ -74.0989885, 4.9005084 ], [ -74.0990846, 4.9004603 ], [ -74.0991807, 4.9004123 ], [ -74.0992288, 4.9003162 ], [ -74.0993249, 4.9003162 ], [ -74.099421, 4.9002201 ], [ -74.0995651, 4.9002201 ], [ -74.0996612, 4.900172 ], [ -74.0997573, 4.900172 ], [ -74.0998534, 4.900124 ], [ -74.0999495, 4.9000759 ], [ -74.1000456, 4.9000279 ], [ -74.1001417, 4.8999798 ], [ -74.1002378, 4.8999318 ], [ -74.1003339, 4.8998837 ], [ -74.100382, 4.8997876 ], [ -74.1004781, 4.8997395 ], [ -74.1005742, 4.8996915 ], [ -74.1006223, 4.8995954 ], [ -74.1007184, 4.8995473 ], [ -74.1007664, 4.8994512 ], [ -74.1008625, 4.8994032 ], [ -74.1009586, 4.8993551 ], [ -74.1010067, 4.899259 ], [ -74.1010547, 4.8991629 ], [ -74.1011508, 4.8991629 ], [ -74.1011989, 4.8990668 ], [ -74.1012469, 4.8989707 ], [ -74.101343, 4.8989707 ], [ -74.1013911, 4.8988746 ], [ -74.1014872, 4.8987785 ], [ -74.1015833, 4.8987305 ], [ -74.1016794, 4.8985863 ], [ -74.1017755, 4.8985383 ], [ -74.1018235, 4.8984422 ], [ -74.1018716, 4.8983461 ], [ -74.1019677, 4.898298 ], [ -74.1019677, 4.8982019 ], [ -74.1020638, 4.8981538 ], [ -74.1021599, 4.8981058 ], [ -74.1021599, 4.8980097 ], [ -74.102256, 4.8979616 ], [ -74.1023041, 4.8978655 ], [ -74.1023521, 4.8977694 ], [ -74.1024482, 4.8977214 ], [ -74.1024963, 4.8976253 ], [ -74.1025924, 4.8975772 ], [ -74.1026404, 4.8974811 ], [ -74.1027365, 4.897385 ], [ -74.1027846, 4.8972889 ], [ -74.1028326, 4.8971928 ], [ -74.1029287, 4.8971928 ], [ -74.1029287, 4.8970967 ], [ -74.1029768, 4.8970006 ], [ -74.1030729, 4.8969526 ], [ -74.1031209, 4.8968565 ], [ -74.103169, 4.8967604 ], [ -74.103217, 4.8966642 ], [ -74.1033131, 4.8966162 ], [ -74.1033612, 4.8965201 ], [ -74.1034092, 4.896424 ], [ -74.1035053, 4.8963759 ], [ -74.1035534, 4.8962798 ], [ -74.1036015, 4.8961837 ], [ -74.1036976, 4.8961357 ], [ -74.1037456, 4.8960396 ], [ -74.1037937, 4.8959435 ], [ -74.1038417, 4.8958474 ], [ -74.1039378, 4.8958474 ], [ -74.1039378, 4.8957513 ], [ -74.1039859, 4.8956552 ], [ -74.1040339, 4.8955591 ], [ -74.10413, 4.895511 ], [ -74.1041781, 4.8954149 ], [ -74.1042261, 4.8953188 ], [ -74.1043222, 4.8952227 ], [ -74.1043703, 4.8951266 ], [ -74.1044183, 4.8950305 ], [ -74.1045144, 4.8949824 ], [ -74.1045625, 4.8948863 ], [ -74.1046586, 4.8948383 ], [ -74.1047066, 4.8947422 ], [ -74.1047547, 4.8946461 ], [ -74.1048508, 4.894598 ], [ -74.1048988, 4.8945019 ], [ -74.1049469, 4.8944058 ], [ -74.1049949, 4.8943097 ], [ -74.105091, 4.8942136 ], [ -74.1051391, 4.8941175 ], [ -74.1051872, 4.8940214 ], [ -74.1052352, 4.8939253 ], [ -74.1052833, 4.8938292 ], [ -74.1053313, 4.8937331 ], [ -74.1054274, 4.893637 ], [ -74.1055235, 4.8935409 ], [ -74.1055235, 4.8934448 ], [ -74.1055716, 4.8933487 ], [ -74.1056677, 4.8932526 ], [ -74.1057157, 4.8931565 ], [ -74.1057638, 4.8930604 ], [ -74.1058599, 4.8930123 ], [ -74.1059079, 4.8929162 ], [ -74.105956, 4.8928201 ], [ -74.106004, 4.892724 ], [ -74.1061001, 4.892676 ], [ -74.1061001, 4.8925799 ], [ -74.1061962, 4.8925318 ], [ -74.1061962, 4.8924357 ], [ -74.1062923, 4.8923877 ], [ -74.1063404, 4.8922916 ], [ -74.1063884, 4.8921955 ], [ -74.1064845, 4.8921474 ], [ -74.1065326, 4.8920513 ], [ -74.1065806, 4.8919552 ], [ -74.1066768, 4.8919071 ], [ -74.1067248, 4.891811 ], [ -74.1067729, 4.8917149 ], [ -74.106869, 4.8916188 ], [ -74.1069651, 4.8915708 ], [ -74.1069651, 4.8914747 ], [ -74.1070131, 4.8913786 ], [ -74.1071092, 4.8913786 ], [ -74.1071092, 4.8912825 ], [ -74.1071573, 4.8911864 ], [ -74.1072053, 4.8910903 ], [ -74.1073014, 4.8910422 ], [ -74.1073495, 4.8909461 ], [ -74.1073495, 4.89085 ], [ -74.1073975, 4.8907539 ], [ -74.1074936, 4.8906578 ], [ -74.1075417, 4.8905617 ], [ -74.1075897, 4.8904656 ], [ -74.1076858, 4.8904175 ], [ -74.1076858, 4.8903214 ], [ -74.1077819, 4.8902734 ], [ -74.10783, 4.8901773 ], [ -74.1079261, 4.8901292 ], [ -74.1079741, 4.8900331 ], [ -74.1080702, 4.8899851 ], [ -74.1081183, 4.889889 ], [ -74.1082144, 4.8898409 ], [ -74.1083105, 4.8897929 ], [ -74.1083105, 4.8896968 ], [ -74.1084066, 4.8896487 ], [ -74.1084547, 4.8895526 ], [ -74.1085508, 4.8895046 ], [ -74.1085988, 4.8894085 ], [ -74.1086949, 4.8893604 ], [ -74.1086949, 4.8892643 ], [ -74.108791, 4.8892163 ], [ -74.108791, 4.8891202 ], [ -74.1088871, 4.8890721 ], [ -74.1089352, 4.888976 ], [ -74.1089832, 4.8888799 ], [ -74.1090793, 4.8887838 ], [ -74.1091274, 4.8886877 ], [ -74.1091754, 4.8885916 ], [ -74.1092235, 4.8884955 ], [ -74.1092715, 4.8883994 ], [ -74.1093196, 4.8883033 ], [ -74.1093676, 4.8882072 ], [ -74.1094157, 4.8881111 ], [ -74.1094637, 4.888015 ], [ -74.1095118, 4.8879189 ], [ -74.1095598, 4.8878228 ], [ -74.1096079, 4.8877267 ], [ -74.1096559, 4.8876306 ], [ -74.109704, 4.8875345 ], [ -74.109704, 4.8874384 ], [ -74.1097521, 4.8873422 ], [ -74.1098001, 4.8872461 ], [ -74.1098001, 4.88715 ], [ -74.1098482, 4.8870539 ], [ -74.1098962, 4.8869098 ], [ -74.1099443, 4.8868137 ], [ -74.1099443, 4.8867176 ], [ -74.1099923, 4.8866215 ], [ -74.1099923, 4.8865254 ], [ -74.1099923, 4.8864293 ], [ -74.1099923, 4.8863332 ], [ -74.1099923, 4.8862371 ], [ -74.1099923, 4.886141 ], [ -74.1099923, 4.8860449 ], [ -74.1099923, 4.8859488 ], [ -74.1099923, 4.8858526 ], [ -74.1099923, 4.8857565 ], [ -74.1099443, 4.8856604 ], [ -74.1099443, 4.8855643 ], [ -74.1099443, 4.8854682 ], [ -74.1098962, 4.8853721 ], [ -74.1098482, 4.885276 ], [ -74.1098482, 4.8851799 ], [ -74.1098482, 4.8850838 ], [ -74.1098001, 4.8849877 ], [ -74.1098001, 4.8848916 ], [ -74.1098001, 4.8847955 ], [ -74.1098001, 4.8846994 ], [ -74.1098001, 4.8846033 ], [ -74.1098001, 4.8845072 ], [ -74.1098001, 4.8844111 ], [ -74.1098001, 4.884315 ], [ -74.1098001, 4.8842189 ], [ -74.1098001, 4.8841228 ], [ -74.1098482, 4.8840267 ], [ -74.1098962, 4.8839306 ], [ -74.1099443, 4.8838345 ], [ -74.1099443, 4.8837384 ], [ -74.1099443, 4.8836423 ], [ -74.1099923, 4.8835462 ], [ -74.1099923, 4.8834501 ], [ -74.1099923, 4.883354 ], [ -74.1099923, 4.8832579 ], [ -74.1100404, 4.8831618 ], [ -74.1100884, 4.8830657 ], [ -74.1101365, 4.8829696 ], [ -74.1101365, 4.8828735 ], [ -74.1101845, 4.8827773 ], [ -74.1101845, 4.8826812 ], [ -74.1102326, 4.8825851 ], [ -74.1102806, 4.882489 ], [ -74.1102806, 4.8823929 ], [ -74.1102806, 4.8822968 ], [ -74.1102806, 4.8822007 ], [ -74.1102806, 4.8821046 ], [ -74.1103287, 4.8820085 ], [ -74.1103287, 4.8819124 ], [ -74.1103767, 4.8818163 ], [ -74.1104248, 4.8817202 ], [ -74.1104728, 4.8816241 ], [ -74.1104728, 4.881528 ], [ -74.1105209, 4.8814319 ], [ -74.1105689, 4.8813358 ], [ -74.1105689, 4.8812397 ], [ -74.110665, 4.8811916 ], [ -74.110665, 4.8810955 ], [ -74.1107131, 4.8809994 ], [ -74.1107131, 4.8809033 ], [ -74.1107611, 4.8808072 ], [ -74.1108092, 4.8807111 ], [ -74.1108572, 4.880615 ], [ -74.1109053, 4.8805189 ], [ -74.1109053, 4.8804228 ], [ -74.1109533, 4.8803267 ], [ -74.1109533, 4.8802306 ], [ -74.1109533, 4.8801345 ], [ -74.1109533, 4.8800384 ], [ -74.1110014, 4.8799423 ], [ -74.1110494, 4.8798462 ], [ -74.1110975, 4.8797501 ], [ -74.1111455, 4.879654 ], [ -74.1112416, 4.879654 ], [ -74.1112416, 4.8795579 ], [ -74.1113378, 4.8795098 ], [ -74.1113378, 4.8794137 ], [ -74.1113378, 4.8793176 ], [ -74.1113378, 4.8792215 ], [ -74.1112416, 4.8791735 ], [ -74.1111455, 4.8791735 ], [ -74.1110494, 4.8791735 ], [ -74.1109533, 4.8791735 ], [ -74.1108572, 4.8791735 ], [ -74.1107611, 4.8791735 ], [ -74.110665, 4.8791735 ], [ -74.1105689, 4.8791735 ], [ -74.1104248, 4.8791735 ], [ -74.1103287, 4.8791735 ], [ -74.1102326, 4.8791735 ], [ -74.1101365, 4.8792215 ], [ -74.1100404, 4.8792696 ], [ -74.1099443, 4.8793176 ], [ -74.1098482, 4.8793657 ], [ -74.1098001, 4.8794618 ], [ -74.109704, 4.8794618 ], [ -74.1096079, 4.8795098 ], [ -74.1095598, 4.8796059 ], [ -74.1094637, 4.8796059 ], [ -74.1093676, 4.879654 ], [ -74.1092715, 4.879702 ], [ -74.1092235, 4.8797982 ], [ -74.1091274, 4.8797982 ], [ -74.1090313, 4.8798462 ], [ -74.1089352, 4.8799423 ], [ -74.1088391, 4.8799904 ], [ -74.108743, 4.8800384 ], [ -74.1086469, 4.8801345 ], [ -74.1085988, 4.8802306 ], [ -74.1084547, 4.8802787 ], [ -74.1083586, 4.8803748 ], [ -74.1083105, 4.8804709 ], [ -74.1082144, 4.8805189 ], [ -74.1081663, 4.880615 ], [ -74.1080702, 4.8806631 ], [ -74.1079741, 4.8807111 ], [ -74.1079741, 4.8808072 ], [ -74.107878, 4.8808553 ], [ -74.1077819, 4.8809033 ], [ -74.1077339, 4.8809994 ], [ -74.1076378, 4.8810475 ], [ -74.1075897, 4.8811436 ], [ -74.1074936, 4.8812397 ], [ -74.1073975, 4.8813358 ], [ -74.1073495, 4.8814319 ], [ -74.1072534, 4.88148 ], [ -74.1072534, 4.8815761 ], [ -74.1071573, 4.8816241 ], [ -74.1071092, 4.8817202 ], [ -74.1070131, 4.8817683 ], [ -74.1070131, 4.8818644 ], [ -74.106917, 4.8819124 ], [ -74.106869, 4.8820085 ], [ -74.1067729, 4.8821046 ], [ -74.1067248, 4.8822007 ], [ -74.1066287, 4.8822968 ], [ -74.1066287, 4.8823929 ], [ -74.1065326, 4.8825371 ], [ -74.1064365, 4.8826332 ], [ -74.1063884, 4.8827773 ], [ -74.1062923, 4.8828735 ], [ -74.1062443, 4.8829696 ], [ -74.1061962, 4.8830657 ], [ -74.1061962, 4.8831618 ], [ -74.1061482, 4.8832579 ], [ -74.1061001, 4.883354 ], [ -74.1060521, 4.8834501 ], [ -74.106004, 4.8835462 ], [ -74.105956, 4.8836903 ], [ -74.1058599, 4.8837864 ], [ -74.1058599, 4.8838825 ], [ -74.1058118, 4.8839786 ], [ -74.1057638, 4.8840747 ], [ -74.1056677, 4.8841228 ], [ -74.1056196, 4.8842189 ], [ -74.1055235, 4.884315 ], [ -74.1054274, 4.8844111 ], [ -74.1053313, 4.8845072 ], [ -74.1052352, 4.8846033 ], [ -74.1051872, 4.8847475 ], [ -74.1051391, 4.8848436 ], [ -74.105091, 4.8849397 ], [ -74.105043, 4.8850358 ], [ -74.1049949, 4.8851319 ], [ -74.1049949, 4.885228 ], [ -74.1048988, 4.885276 ], [ -74.1048508, 4.8853721 ], [ -74.1048027, 4.8854682 ], [ -74.1047547, 4.8855643 ], [ -74.1046586, 4.8856124 ], [ -74.1046105, 4.8857085 ], [ -74.1045144, 4.8857565 ], [ -74.1044664, 4.8858526 ], [ -74.1043703, 4.8859007 ], [ -74.1043222, 4.8859968 ], [ -74.1042261, 4.8860449 ], [ -74.1042261, 4.886141 ], [ -74.10413, 4.886189 ], [ -74.1040339, 4.8862851 ], [ -74.1039859, 4.8863812 ], [ -74.1038898, 4.8864293 ], [ -74.1038417, 4.8865254 ], [ -74.1037937, 4.8866215 ], [ -74.1036976, 4.8866695 ], [ -74.1036495, 4.8867656 ], [ -74.1035534, 4.8868137 ], [ -74.1034573, 4.8868617 ], [ -74.1034092, 4.8869578 ], [ -74.1033131, 4.8870539 ], [ -74.1032651, 4.88715 ], [ -74.103169, 4.8871981 ], [ -74.103169, 4.8872942 ], [ -74.1030729, 4.8873903 ], [ -74.1030248, 4.8874864 ], [ -74.1029768, 4.8875825 ], [ -74.1028807, 4.8876306 ], [ -74.1028326, 4.8877267 ], [ -74.1027846, 4.8878228 ], [ -74.1026885, 4.8879189 ], [ -74.1026404, 4.888015 ], [ -74.1025443, 4.888063 ], [ -74.1024963, 4.8881591 ], [ -74.1024482, 4.8882552 ], [ -74.1024002, 4.8883513 ], [ -74.1023041, 4.8884474 ], [ -74.1023041, 4.8885435 ], [ -74.102256, 4.8886396 ], [ -74.102256, 4.8887357 ], [ -74.1021599, 4.8887838 ], [ -74.1021119, 4.8888799 ], [ -74.1020638, 4.888976 ], [ -74.1020158, 4.8890721 ], [ -74.1019677, 4.8891682 ], [ -74.1019196, 4.8892643 ], [ -74.1019196, 4.8893604 ], [ -74.1018716, 4.8894565 ], [ -74.1018716, 4.8895526 ], [ -74.1018235, 4.8896487 ], [ -74.1017755, 4.8897448 ], [ -74.1017755, 4.8898409 ], [ -74.1016794, 4.889889 ], [ -74.1016794, 4.8899851 ], [ -74.1016313, 4.8900812 ], [ -74.1015352, 4.8901773 ], [ -74.1014872, 4.8902734 ], [ -74.1014391, 4.8903695 ], [ -74.1013911, 4.8904656 ], [ -74.101295, 4.8905137 ], [ -74.1012469, 4.8906098 ], [ -74.1011989, 4.8907059 ], [ -74.1011028, 4.8907539 ], [ -74.1011028, 4.89085 ], [ -74.1010547, 4.8909461 ], [ -74.1010547, 4.8910422 ], [ -74.1010547, 4.8911383 ], [ -74.1009586, 4.8911864 ], [ -74.1009106, 4.8912825 ], [ -74.1009106, 4.8913786 ], [ -74.1009106, 4.8914747 ], [ -74.1008625, 4.8915708 ], [ -74.1008145, 4.8916669 ], [ -74.1007664, 4.891763 ], [ -74.1006703, 4.891811 ], [ -74.1006703, 4.8919071 ], [ -74.1005742, 4.8919552 ], [ -74.1004781, 4.8920513 ], [ -74.100382, 4.8920994 ], [ -74.1002859, 4.8921474 ], [ -74.1001898, 4.8921955 ], [ -74.1000937, 4.8922435 ], [ -74.1000456, 4.8923396 ], [ -74.0999495, 4.8924357 ], [ -74.0999015, 4.8925318 ], [ -74.0998054, 4.8925799 ], [ -74.0998054, 4.892676 ], [ -74.0997573, 4.8927721 ], [ -74.0997093, 4.8929162 ], [ -74.0996612, 4.8930123 ], [ -74.0996612, 4.8931084 ], [ -74.0996612, 4.8932045 ], [ -74.0996132, 4.8933006 ], [ -74.0995171, 4.8933487 ], [ -74.099469, 4.8934448 ], [ -74.0993729, 4.8934928 ], [ -74.0992768, 4.8935409 ], [ -74.0991807, 4.893637 ], [ -74.0990846, 4.8937331 ], [ -74.0989885, 4.8937812 ], [ -74.0989885, 4.8938773 ], [ -74.0988924, 4.8938773 ], [ -74.0987963, 4.8939253 ], [ -74.0987002, 4.8939253 ], [ -74.0986041, 4.8939734 ], [ -74.098508, 4.8939734 ], [ -74.0984119, 4.8939734 ], [ -74.0984119, 4.8938773 ], [ -74.0984119, 4.8937812 ], [ -74.0983638, 4.8936851 ], [ -74.0983638, 4.8935889 ], [ -74.0983638, 4.8934928 ], [ -74.0983638, 4.8933967 ], [ -74.0984599, 4.8933006 ], [ -74.098508, 4.8932045 ], [ -74.098556, 4.8931084 ], [ -74.0986041, 4.8930123 ], [ -74.0987002, 4.8929643 ], [ -74.0987482, 4.8928682 ], [ -74.0988443, 4.8928201 ], [ -74.0988924, 4.892724 ], [ -74.0989885, 4.892676 ], [ -74.0990366, 4.8925799 ], [ -74.0990846, 4.8924838 ], [ -74.0991807, 4.8924357 ], [ -74.0992288, 4.8923396 ], [ -74.0993249, 4.8922916 ], [ -74.0993729, 4.8921955 ], [ -74.099469, 4.8920994 ], [ -74.0995651, 4.8920032 ], [ -74.0996132, 4.8919071 ], [ -74.0996612, 4.891811 ], [ -74.0997573, 4.891763 ], [ -74.0997573, 4.8916669 ], [ -74.0998534, 4.8915708 ], [ -74.0998534, 4.8914747 ], [ -74.0999495, 4.8914266 ], [ -74.0999495, 4.8913305 ], [ -74.0999976, 4.8912344 ], [ -74.1000456, 4.8911383 ], [ -74.1000937, 4.8910422 ], [ -74.1001417, 4.8909461 ], [ -74.1001898, 4.89085 ], [ -74.1002378, 4.8907539 ], [ -74.1003339, 4.8907059 ], [ -74.1003339, 4.8906098 ], [ -74.10043, 4.8905137 ], [ -74.1004781, 4.8904175 ], [ -74.1005262, 4.8903214 ], [ -74.1005742, 4.8902253 ], [ -74.1006703, 4.8901773 ], [ -74.1006703, 4.8900812 ], [ -74.1007664, 4.8899851 ], [ -74.1008145, 4.889889 ], [ -74.1008625, 4.8897929 ], [ -74.1009106, 4.8896968 ], [ -74.1009586, 4.8896007 ], [ -74.1010067, 4.8895046 ], [ -74.1010547, 4.8894085 ], [ -74.1011508, 4.8893124 ], [ -74.1011508, 4.8892163 ], [ -74.1011989, 4.8891202 ], [ -74.1012469, 4.8890241 ], [ -74.101343, 4.888976 ], [ -74.1013911, 4.8888318 ], [ -74.1014872, 4.8886877 ], [ -74.1015352, 4.8885916 ], [ -74.1015833, 4.8884955 ], [ -74.1016794, 4.8883513 ], [ -74.1017274, 4.8882552 ], [ -74.1018235, 4.8881111 ], [ -74.1019196, 4.888063 ], [ -74.1019677, 4.8879669 ], [ -74.1020158, 4.8878708 ], [ -74.1021119, 4.8878228 ], [ -74.1021599, 4.8877267 ], [ -74.102208, 4.8876306 ], [ -74.1023041, 4.8874864 ], [ -74.1023521, 4.8873903 ], [ -74.1024482, 4.8872942 ], [ -74.1024963, 4.8871981 ], [ -74.1025443, 4.887102 ], [ -74.1025924, 4.8870059 ], [ -74.1025924, 4.8869098 ], [ -74.1026404, 4.8868137 ], [ -74.1027365, 4.8867176 ], [ -74.1027846, 4.8866215 ], [ -74.1027846, 4.8865254 ], [ -74.1028807, 4.8864293 ], [ -74.1029287, 4.8863332 ], [ -74.1029768, 4.8862371 ], [ -74.1030248, 4.886141 ], [ -74.1030729, 4.8860449 ], [ -74.103169, 4.8859968 ], [ -74.103169, 4.8859007 ], [ -74.1032651, 4.8858526 ], [ -74.1033131, 4.8857565 ], [ -74.1033612, 4.8856604 ], [ -74.1034573, 4.8855643 ], [ -74.1035053, 4.8854682 ], [ -74.1036015, 4.8854202 ], [ -74.1036015, 4.8853241 ], [ -74.1036976, 4.885276 ], [ -74.1037456, 4.8851799 ], [ -74.1037937, 4.8850838 ], [ -74.1038898, 4.8850358 ], [ -74.1039378, 4.8849397 ], [ -74.1039859, 4.8848436 ], [ -74.104082, 4.8847955 ], [ -74.10413, 4.8846994 ], [ -74.1041781, 4.8846033 ], [ -74.1042742, 4.8845553 ], [ -74.1043222, 4.8844592 ], [ -74.1044183, 4.8844111 ], [ -74.1044183, 4.884315 ], [ -74.1045144, 4.8842669 ], [ -74.1045625, 4.8841708 ], [ -74.1046105, 4.8840747 ], [ -74.1047066, 4.8840267 ], [ -74.1047547, 4.8839306 ], [ -74.1048027, 4.8838345 ], [ -74.1048508, 4.8837384 ], [ -74.1048988, 4.8836423 ], [ -74.1049469, 4.8835462 ], [ -74.105043, 4.8834981 ], [ -74.105091, 4.883402 ], [ -74.1051391, 4.8833059 ], [ -74.1051872, 4.8832098 ], [ -74.1052352, 4.8831137 ], [ -74.1053313, 4.8830657 ], [ -74.1053794, 4.8829696 ], [ -74.1054274, 4.8828735 ], [ -74.1055235, 4.8828254 ], [ -74.1055235, 4.8827293 ], [ -74.1055716, 4.8826332 ], [ -74.1056196, 4.8825371 ], [ -74.1057157, 4.882489 ], [ -74.1057638, 4.8823929 ], [ -74.1058118, 4.8822968 ], [ -74.1059079, 4.8822488 ], [ -74.1059079, 4.8821527 ], [ -74.106004, 4.8821046 ], [ -74.1060521, 4.8820085 ], [ -74.1061001, 4.8819124 ], [ -74.1061962, 4.8818644 ], [ -74.1061962, 4.8817683 ], [ -74.1062923, 4.8817202 ], [ -74.1063404, 4.8816241 ], [ -74.1063884, 4.881528 ], [ -74.1064845, 4.88148 ], [ -74.1065326, 4.8813839 ], [ -74.1065806, 4.8812878 ], [ -74.1066768, 4.8812397 ], [ -74.1066768, 4.8811436 ], [ -74.1067729, 4.8810475 ], [ -74.1068209, 4.8809514 ], [ -74.106917, 4.8808553 ], [ -74.106917, 4.8807592 ], [ -74.1070131, 4.8806631 ], [ -74.1070612, 4.880567 ], [ -74.1071573, 4.8805189 ], [ -74.1072053, 4.8804228 ], [ -74.1073014, 4.8803748 ], [ -74.1073495, 4.8802787 ], [ -74.1074456, 4.8802306 ], [ -74.1074936, 4.8801345 ], [ -74.1075897, 4.8800865 ], [ -74.1076858, 4.8800384 ], [ -74.1076858, 4.8799423 ], [ -74.1077819, 4.8798943 ], [ -74.107878, 4.8798462 ], [ -74.107878, 4.8797501 ], [ -74.1079741, 4.879702 ], [ -74.1080222, 4.8796059 ], [ -74.1081183, 4.8795579 ], [ -74.1081663, 4.8794618 ], [ -74.1082625, 4.8794137 ], [ -74.1083586, 4.8793657 ], [ -74.1084066, 4.8792696 ], [ -74.1085027, 4.8792696 ], [ -74.1085027, 4.8791735 ], [ -74.1085988, 4.8791735 ], [ -74.1086469, 4.8790774 ], [ -74.1086949, 4.8789813 ], [ -74.108791, 4.8789813 ], [ -74.1088871, 4.8789813 ], [ -74.1089832, 4.8789332 ], [ -74.1090793, 4.8788852 ], [ -74.1091754, 4.8788371 ], [ -74.1092715, 4.8787891 ], [ -74.1093676, 4.878741 ], [ -74.1094637, 4.878693 ], [ -74.1095598, 4.878693 ], [ -74.1096559, 4.8786449 ], [ -74.1097521, 4.8785969 ], [ -74.1098482, 4.8785969 ], [ -74.1099443, 4.8785488 ], [ -74.1100404, 4.8785488 ], [ -74.1101365, 4.8785488 ], [ -74.1102326, 4.8785488 ], [ -74.1103287, 4.8785488 ], [ -74.1104248, 4.8785488 ], [ -74.1105209, 4.8785488 ], [ -74.110617, 4.8785488 ], [ -74.1107131, 4.8785488 ], [ -74.1108092, 4.8785008 ], [ -74.1109053, 4.8785008 ], [ -74.1110014, 4.8785008 ], [ -74.1110975, 4.8785008 ], [ -74.1111936, 4.8785008 ], [ -74.1112897, 4.8785008 ], [ -74.1113858, 4.8785008 ], [ -74.1114819, 4.8785008 ], [ -74.111578, 4.8785008 ], [ -74.1116741, 4.8785008 ], [ -74.1117702, 4.8785008 ], [ -74.1118663, 4.8785008 ], [ -74.1119624, 4.8784527 ], [ -74.1120585, 4.8784527 ], [ -74.1121546, 4.8784527 ], [ -74.1122507, 4.8784527 ], [ -74.1123468, 4.8784527 ], [ -74.1124429, 4.8784527 ], [ -74.112539, 4.8784527 ], [ -74.1126351, 4.8784047 ], [ -74.1127312, 4.8784047 ], [ -74.1128274, 4.8783566 ], [ -74.1129235, 4.8783566 ], [ -74.1130196, 4.8783086 ], [ -74.1131157, 4.8783086 ], [ -74.1132118, 4.8782605 ], [ -74.1133079, 4.8782125 ], [ -74.1133559, 4.8781163 ], [ -74.113452, 4.8780202 ], [ -74.1135001, 4.8779241 ], [ -74.1135481, 4.877828 ], [ -74.1136442, 4.87778 ], [ -74.1136923, 4.8776839 ], [ -74.1137884, 4.8775878 ], [ -74.1138845, 4.8775397 ], [ -74.1139325, 4.8774436 ], [ -74.1140286, 4.8773475 ], [ -74.1141247, 4.8772514 ], [ -74.1142208, 4.8771553 ], [ -74.1143169, 4.8771073 ], [ -74.1144131, 4.8770112 ], [ -74.1144611, 4.8769151 ], [ -74.1145572, 4.876867 ], [ -74.1146533, 4.8767709 ], [ -74.1147014, 4.8766748 ], [ -74.1147494, 4.8765787 ], [ -74.1148455, 4.8765787 ], [ -74.1148936, 4.8764826 ], [ -74.1149897, 4.8763865 ], [ -74.1150858, 4.8763384 ], [ -74.1151338, 4.8762423 ], [ -74.1152299, 4.8761943 ], [ -74.115278, 4.8760982 ], [ -74.1153741, 4.8760021 ], [ -74.1154702, 4.875954 ], [ -74.1155663, 4.8758579 ], [ -74.1156624, 4.8757618 ], [ -74.1157585, 4.8757138 ], [ -74.1158546, 4.8756657 ], [ -74.1159507, 4.8755696 ], [ -74.1160468, 4.8755216 ], [ -74.1160949, 4.8754255 ], [ -74.116191, 4.8753774 ], [ -74.1162871, 4.8753774 ], [ -74.1163832, 4.8753774 ], [ -74.1164793, 4.8753774 ], [ -74.1165754, 4.8753774 ], [ -74.1166715, 4.8753774 ], [ -74.1167676, 4.8753294 ], [ -74.1168637, 4.8752813 ], [ -74.1169598, 4.8752333 ], [ -74.1170559, 4.8751852 ], [ -74.117152, 4.8751852 ], [ -74.1172481, 4.8751372 ], [ -74.1173442, 4.8750891 ], [ -74.1173922, 4.874993 ], [ -74.1174403, 4.8748969 ], [ -74.1174403, 4.8748008 ], [ -74.1174884, 4.8747047 ], [ -74.1175364, 4.8746086 ], [ -74.1175845, 4.8745125 ], [ -74.1176325, 4.8744164 ], [ -74.1175364, 4.8743683 ], [ -74.1174403, 4.8743683 ], [ -74.1173442, 4.8743683 ], [ -74.1172481, 4.8743683 ], [ -74.117152, 4.8744164 ], [ -74.1170559, 4.8744644 ], [ -74.1169598, 4.8744644 ], [ -74.1168637, 4.8744644 ], [ -74.1167676, 4.8744644 ], [ -74.1166715, 4.8744644 ], [ -74.1165754, 4.8744164 ], [ -74.1164793, 4.8744164 ], [ -74.1163832, 4.8743683 ], [ -74.1162871, 4.8743683 ], [ -74.116191, 4.8743683 ], [ -74.116191, 4.8742722 ], [ -74.116191, 4.8741761 ], [ -74.116191, 4.87408 ], [ -74.116239, 4.8739839 ], [ -74.1163351, 4.8739359 ], [ -74.1164312, 4.8738878 ], [ -74.1165273, 4.8738398 ], [ -74.1166234, 4.8737917 ], [ -74.1167195, 4.8737917 ], [ -74.1168156, 4.8737917 ], [ -74.1169117, 4.8737437 ], [ -74.1170078, 4.8737437 ], [ -74.1171039, 4.8737437 ], [ -74.1172, 4.8736956 ], [ -74.1172961, 4.8736476 ], [ -74.1173922, 4.8736476 ], [ -74.1174884, 4.8736476 ], [ -74.1175364, 4.8735515 ], [ -74.1176325, 4.8735515 ], [ -74.1177286, 4.8735034 ], [ -74.1178247, 4.8734553 ], [ -74.1179208, 4.8734553 ], [ -74.1180169, 4.8734073 ], [ -74.118113, 4.8734073 ], [ -74.1182091, 4.8733592 ], [ -74.1182572, 4.8732631 ], [ -74.1183533, 4.8732631 ], [ -74.1184494, 4.873167 ], [ -74.1184974, 4.8730709 ], [ -74.1185455, 4.8729748 ], [ -74.1186416, 4.8729268 ], [ -74.1186896, 4.8728307 ], [ -74.1187857, 4.8727826 ], [ -74.1188818, 4.8727346 ], [ -74.1189779, 4.8726865 ], [ -74.1190741, 4.8726385 ], [ -74.1191221, 4.8725424 ], [ -74.1192182, 4.8724943 ], [ -74.1192663, 4.8723982 ], [ -74.1193143, 4.8723021 ], [ -74.1193624, 4.872206 ], [ -74.1194585, 4.872158 ], [ -74.1194585, 4.8720619 ], [ -74.1195065, 4.8719657 ], [ -74.1195546, 4.8718696 ], [ -74.1196507, 4.8718216 ], [ -74.1196507, 4.8717255 ], [ -74.1197468, 4.8716774 ], [ -74.1197948, 4.8715813 ], [ -74.1198429, 4.8714852 ], [ -74.119939, 4.8714372 ], [ -74.1200351, 4.8713411 ], [ -74.1200831, 4.871245 ], [ -74.1201312, 4.8711489 ], [ -74.1202273, 4.8711008 ], [ -74.1202753, 4.8710047 ], [ -74.1203714, 4.8709086 ], [ -74.1204675, 4.8708125 ], [ -74.1205156, 4.8707164 ], [ -74.1206117, 4.8706684 ], [ -74.1206598, 4.8705723 ], [ -74.1207078, 4.8704762 ], [ -74.1207078, 4.87038 ], [ -74.1207559, 4.8702839 ], [ -74.1208039, 4.8701878 ], [ -74.120852, 4.8700917 ], [ -74.1209, 4.8699956 ], [ -74.1209481, 4.8698995 ], [ -74.1209481, 4.8698034 ], [ -74.1209481, 4.8697073 ], [ -74.1209961, 4.8696112 ], [ -74.1210442, 4.8695151 ], [ -74.1210442, 4.869419 ], [ -74.1210922, 4.8693229 ], [ -74.1210922, 4.8692268 ], [ -74.1210922, 4.8691307 ], [ -74.1211403, 4.8690346 ], [ -74.1211403, 4.8689385 ], [ -74.1211403, 4.8688424 ], [ -74.1211403, 4.8687463 ], [ -74.1211403, 4.8686502 ], [ -74.1210442, 4.8686502 ], [ -74.1209961, 4.8685541 ], [ -74.1209, 4.868506 ], [ -74.1208039, 4.868458 ], [ -74.1207078, 4.8684099 ], [ -74.1206117, 4.8683619 ], [ -74.1205156, 4.8683138 ], [ -74.1204195, 4.8682658 ], [ -74.1203234, 4.8682177 ], [ -74.1202273, 4.8681697 ], [ -74.1201312, 4.8681216 ], [ -74.1200351, 4.8681216 ], [ -74.119939, 4.8680736 ], [ -74.1198429, 4.8680736 ], [ -74.1197468, 4.8680736 ], [ -74.1196507, 4.8680736 ], [ -74.1195546, 4.8680736 ], [ -74.1194585, 4.8680736 ], [ -74.1193624, 4.8680736 ], [ -74.1192663, 4.8680736 ], [ -74.1191702, 4.8680736 ], [ -74.1190741, 4.8680736 ], [ -74.1189779, 4.8680736 ], [ -74.1188818, 4.8680736 ], [ -74.1187857, 4.8681216 ], [ -74.1186896, 4.8681697 ], [ -74.1185935, 4.8682177 ], [ -74.1184974, 4.8682658 ], [ -74.1184013, 4.8683138 ], [ -74.1183052, 4.8683138 ], [ -74.1182091, 4.8683138 ], [ -74.118113, 4.8683138 ], [ -74.1180169, 4.8683138 ], [ -74.1179208, 4.8683138 ], [ -74.1178247, 4.8683138 ], [ -74.1177286, 4.8682658 ], [ -74.1176325, 4.8682177 ], [ -74.1175364, 4.8681697 ], [ -74.1174403, 4.8681216 ], [ -74.1173442, 4.8680736 ], [ -74.1172481, 4.8680736 ], [ -74.117152, 4.8680736 ], [ -74.1170559, 4.8680255 ], [ -74.1169598, 4.8680255 ], [ -74.1168637, 4.8680255 ], [ -74.1167676, 4.8680255 ], [ -74.1166715, 4.8680255 ], [ -74.1165754, 4.8679775 ], [ -74.1164793, 4.8679294 ], [ -74.1163832, 4.8679294 ], [ -74.1162871, 4.8678814 ], [ -74.116191, 4.8678333 ], [ -74.1161429, 4.8677372 ], [ -74.1160468, 4.8677372 ], [ -74.1159988, 4.8676411 ], [ -74.1159507, 4.867545 ], [ -74.1158546, 4.867497 ], [ -74.1158546, 4.8674009 ], [ -74.1158065, 4.8673047 ], [ -74.1158065, 4.8672086 ], [ -74.1159027, 4.8672086 ], [ -74.1159988, 4.8671606 ], [ -74.1160949, 4.8671606 ], [ -74.116191, 4.8671606 ], [ -74.1162871, 4.8671606 ], [ -74.1163832, 4.8671606 ], [ -74.1164793, 4.8671606 ], [ -74.1165754, 4.8671606 ], [ -74.1166715, 4.8671606 ], [ -74.1167676, 4.8671606 ], [ -74.1168637, 4.8672086 ], [ -74.1169117, 4.8673047 ], [ -74.1170078, 4.8673528 ], [ -74.1171039, 4.8674489 ], [ -74.1172, 4.867497 ], [ -74.1172961, 4.867545 ], [ -74.1173922, 4.8675931 ], [ -74.1174884, 4.8675931 ], [ -74.1175845, 4.867545 ], [ -74.1176806, 4.867497 ], [ -74.1177767, 4.8674489 ], [ -74.1178728, 4.8674489 ], [ -74.1179689, 4.8674009 ], [ -74.118065, 4.8674009 ], [ -74.1181611, 4.8674009 ], [ -74.1182572, 4.8674009 ], [ -74.1183533, 4.8674009 ], [ -74.1184494, 4.8674009 ], [ -74.1185455, 4.8674009 ], [ -74.1186416, 4.8674009 ], [ -74.1187377, 4.8673528 ], [ -74.1188818, 4.8673528 ], [ -74.1189779, 4.8673047 ], [ -74.1190741, 4.8673047 ], [ -74.1191702, 4.8673047 ], [ -74.1192663, 4.8673047 ], [ -74.1193624, 4.8672567 ], [ -74.1194585, 4.8672567 ], [ -74.1195546, 4.8672567 ], [ -74.1196507, 4.8672086 ], [ -74.1197468, 4.8672086 ], [ -74.1198429, 4.8672086 ], [ -74.119939, 4.8672086 ], [ -74.1200351, 4.8671606 ], [ -74.1201312, 4.8671606 ], [ -74.1202273, 4.8671606 ], [ -74.1203234, 4.8672086 ], [ -74.1204195, 4.8672086 ], [ -74.1205156, 4.8672567 ], [ -74.1206117, 4.8673047 ], [ -74.1207078, 4.8673528 ], [ -74.1208039, 4.8674009 ], [ -74.1209, 4.8674489 ], [ -74.1209961, 4.867545 ], [ -74.1210442, 4.8676411 ], [ -74.1211403, 4.8676411 ], [ -74.1212364, 4.8676892 ], [ -74.1212844, 4.8677853 ], [ -74.1213805, 4.8678333 ], [ -74.1214766, 4.8678333 ], [ -74.1215727, 4.8678814 ], [ -74.1216688, 4.8678814 ], [ -74.1217649, 4.8678333 ], [ -74.121861, 4.8678333 ], [ -74.1219091, 4.8677372 ], [ -74.1220052, 4.8676892 ], [ -74.1221013, 4.8676411 ], [ -74.1221494, 4.867545 ], [ -74.1222455, 4.867545 ], [ -74.1223416, 4.867497 ], [ -74.1224377, 4.867497 ], [ -74.1225338, 4.867497 ], [ -74.1226299, 4.867497 ], [ -74.122726, 4.867497 ], [ -74.1228221, 4.8674489 ], [ -74.1228701, 4.8673528 ], [ -74.1229182, 4.8672567 ], [ -74.1230143, 4.8672567 ], [ -74.1230143, 4.8671606 ], [ -74.1230623, 4.8670645 ], [ -74.1230623, 4.8669684 ], [ -74.1231104, 4.8668723 ], [ -74.1232065, 4.8668242 ], [ -74.1232065, 4.8667281 ], [ -74.1232545, 4.866632 ], [ -74.1233026, 4.8665359 ], [ -74.1233506, 4.8664398 ], [ -74.1233987, 4.8663437 ], [ -74.1234467, 4.8662476 ], [ -74.1234948, 4.8661515 ], [ -74.1235428, 4.8660554 ], [ -74.1235909, 4.8659593 ], [ -74.123639, 4.8658632 ], [ -74.123639, 4.8657671 ], [ -74.123687, 4.865671 ], [ -74.1237351, 4.8655749 ], [ -74.1238312, 4.8655268 ], [ -74.1238792, 4.8654307 ], [ -74.1239273, 4.8653346 ], [ -74.1240234, 4.8652866 ], [ -74.1240714, 4.8651905 ], [ -74.1241195, 4.8650944 ], [ -74.1241195, 4.8649502 ], [ -74.1242156, 4.8649022 ], [ -74.1242636, 4.8648061 ], [ -74.1243117, 4.86471 ], [ -74.1243597, 4.8646139 ], [ -74.1244078, 4.8645178 ], [ -74.1244558, 4.8644217 ], [ -74.1245039, 4.8643256 ], [ -74.1246, 4.8642294 ], [ -74.1246, 4.8641333 ], [ -74.124648, 4.8640372 ], [ -74.1246961, 4.8639411 ], [ -74.1247441, 4.863845 ], [ -74.1247922, 4.8637489 ], [ -74.1248402, 4.8636528 ], [ -74.1248402, 4.8635567 ], [ -74.1248883, 4.8634606 ], [ -74.1248883, 4.8633645 ], [ -74.1248883, 4.8632684 ], [ -74.1248883, 4.8631723 ], [ -74.1248402, 4.8630762 ], [ -74.1247441, 4.8630282 ], [ -74.124648, 4.8630282 ], [ -74.1245519, 4.8630282 ], [ -74.1244558, 4.8629801 ], [ -74.1243597, 4.8629801 ], [ -74.1242636, 4.8629801 ], [ -74.1241675, 4.8629801 ], [ -74.1240714, 4.8629801 ], [ -74.1239753, 4.8629321 ], [ -74.1238792, 4.8629321 ], [ -74.1237831, 4.8629321 ], [ -74.123687, 4.862884 ], [ -74.1235909, 4.862884 ], [ -74.1234948, 4.862884 ], [ -74.1233987, 4.862884 ], [ -74.1233026, 4.862836 ], [ -74.1233026, 4.8627398 ], [ -74.1232065, 4.8626918 ], [ -74.1231104, 4.8626437 ], [ -74.1231104, 4.8625476 ], [ -74.1230623, 4.8624515 ], [ -74.1229662, 4.8624515 ], [ -74.1229662, 4.8623554 ], [ -74.1228701, 4.8623074 ], [ -74.122774, 4.8622593 ], [ -74.1226779, 4.8622113 ], [ -74.1225818, 4.8621632 ], [ -74.1224857, 4.8621632 ], [ -74.1223896, 4.8621152 ], [ -74.1222935, 4.8621152 ], [ -74.1221974, 4.8621152 ], [ -74.1221013, 4.8621152 ], [ -74.1220052, 4.8621152 ], [ -74.1219091, 4.8621152 ], [ -74.121813, 4.8621152 ], [ -74.1217169, 4.8621152 ], [ -74.1216208, 4.8621152 ], [ -74.1215247, 4.8621152 ], [ -74.1214286, 4.8621152 ], [ -74.1213325, 4.8621152 ], [ -74.1212364, 4.8620671 ], [ -74.1211403, 4.8620671 ], [ -74.1210442, 4.8620671 ], [ -74.1209481, 4.8620191 ], [ -74.120852, 4.8620191 ], [ -74.1207559, 4.8620191 ], [ -74.1206598, 4.861971 ], [ -74.1205637, 4.861971 ], [ -74.1204675, 4.861971 ], [ -74.1203714, 4.861971 ], [ -74.1202753, 4.8620191 ], [ -74.1201792, 4.8620191 ], [ -74.1200831, 4.8621152 ], [ -74.119987, 4.8621152 ], [ -74.1198909, 4.8621632 ], [ -74.1197948, 4.8622113 ], [ -74.1196987, 4.8622593 ], [ -74.1196026, 4.8622593 ], [ -74.1195065, 4.8623074 ], [ -74.1194104, 4.8623074 ], [ -74.1193143, 4.8623074 ], [ -74.1192182, 4.8623074 ], [ -74.1191221, 4.8623074 ], [ -74.119026, 4.8623074 ], [ -74.1189299, 4.8623554 ], [ -74.1188338, 4.8624035 ], [ -74.1187377, 4.8624035 ], [ -74.1186416, 4.8624035 ], [ -74.1185455, 4.8624515 ], [ -74.1184494, 4.8624996 ], [ -74.1183533, 4.8625476 ], [ -74.1182572, 4.8625476 ], [ -74.1181611, 4.8625476 ], [ -74.118065, 4.8625957 ], [ -74.1179689, 4.8626437 ], [ -74.1178728, 4.8626437 ], [ -74.1177767, 4.8626437 ], [ -74.1176806, 4.8626437 ], [ -74.1175845, 4.8626437 ], [ -74.1174884, 4.8626437 ], [ -74.1173442, 4.8626437 ], [ -74.1172481, 4.8626437 ], [ -74.117152, 4.8626918 ], [ -74.1170559, 4.8626918 ], [ -74.1169598, 4.8627398 ], [ -74.1169117, 4.862836 ], [ -74.1168156, 4.862836 ], [ -74.1167195, 4.862884 ], [ -74.1166234, 4.8629321 ], [ -74.1165273, 4.8629801 ], [ -74.1164312, 4.8630282 ], [ -74.1163351, 4.8630762 ], [ -74.116239, 4.8631243 ], [ -74.1161429, 4.8631243 ], [ -74.1160468, 4.8632204 ], [ -74.1159507, 4.8632204 ], [ -74.1158546, 4.8632684 ], [ -74.1157585, 4.8633165 ], [ -74.1156624, 4.8633165 ], [ -74.1155182, 4.8634126 ], [ -74.1154221, 4.8634606 ], [ -74.115326, 4.8634606 ], [ -74.1152299, 4.8635087 ], [ -74.1151338, 4.8636048 ], [ -74.1150377, 4.8636528 ], [ -74.1149416, 4.8637009 ], [ -74.1148455, 4.863797 ], [ -74.1147494, 4.863845 ], [ -74.1146533, 4.8638931 ], [ -74.1145572, 4.8639411 ], [ -74.1145092, 4.8640372 ], [ -74.1144131, 4.8640853 ], [ -74.1143169, 4.8641333 ], [ -74.1143169, 4.8642294 ], [ -74.1142208, 4.8642775 ], [ -74.1141728, 4.8643736 ], [ -74.1141247, 4.8644697 ], [ -74.1140767, 4.8645658 ], [ -74.1140286, 4.8646619 ], [ -74.1139325, 4.86471 ], [ -74.1138845, 4.8648061 ], [ -74.1137884, 4.8648541 ], [ -74.1136923, 4.8649022 ], [ -74.1135962, 4.8649502 ], [ -74.1135001, 4.8649983 ], [ -74.113404, 4.8650463 ], [ -74.1133079, 4.8650944 ], [ -74.1132118, 4.8651424 ], [ -74.1131157, 4.8651905 ], [ -74.1130196, 4.8652385 ], [ -74.1129235, 4.8652866 ], [ -74.1128274, 4.8653346 ], [ -74.1127793, 4.8654307 ], [ -74.1126832, 4.8654788 ], [ -74.1125871, 4.8655268 ], [ -74.112539, 4.8656229 ], [ -74.1124429, 4.865671 ], [ -74.1123468, 4.865719 ], [ -74.1122507, 4.8658151 ], [ -74.1121546, 4.8658151 ], [ -74.1120585, 4.8658632 ], [ -74.1120105, 4.8659593 ], [ -74.1119144, 4.8660554 ], [ -74.1118663, 4.8661515 ], [ -74.1117702, 4.8661996 ], [ -74.1117222, 4.8662957 ], [ -74.1116261, 4.8663437 ], [ -74.11153, 4.8663918 ], [ -74.1114339, 4.8664398 ], [ -74.1113378, 4.8664879 ], [ -74.1112897, 4.866584 ], [ -74.1111936, 4.866584 ], [ -74.1110975, 4.8666801 ], [ -74.1110014, 4.8667281 ], [ -74.1109053, 4.8667762 ], [ -74.1108572, 4.8668723 ], [ -74.1107611, 4.8669203 ], [ -74.1107131, 4.8670164 ], [ -74.110665, 4.8671125 ], [ -74.1105689, 4.8671606 ], [ -74.1105209, 4.8672567 ], [ -74.1104248, 4.8673047 ], [ -74.1103287, 4.8673047 ], [ -74.1102806, 4.8674009 ], [ -74.1101845, 4.8674009 ], [ -74.1100884, 4.8674489 ], [ -74.1099923, 4.8674489 ], [ -74.1098962, 4.8674489 ], [ -74.1098001, 4.8674489 ], [ -74.1097521, 4.8673528 ], [ -74.109704, 4.8672567 ], [ -74.1096559, 4.8671606 ], [ -74.1096559, 4.8670645 ], [ -74.109704, 4.8669684 ], [ -74.1097521, 4.8668723 ], [ -74.1098482, 4.8668242 ], [ -74.1098962, 4.8667281 ], [ -74.1099923, 4.8666801 ], [ -74.1100884, 4.866632 ], [ -74.1101365, 4.8665359 ], [ -74.1102326, 4.8664879 ], [ -74.1103287, 4.8664398 ], [ -74.1103767, 4.8663437 ], [ -74.1104728, 4.8662957 ], [ -74.1105209, 4.8661996 ], [ -74.110617, 4.8661035 ], [ -74.1107131, 4.8660074 ], [ -74.1108092, 4.8659113 ], [ -74.1108572, 4.8658151 ], [ -74.1109533, 4.8657671 ], [ -74.1110014, 4.865671 ], [ -74.1110494, 4.8655749 ], [ -74.1111455, 4.8655268 ], [ -74.1112416, 4.8654788 ], [ -74.1112897, 4.8653827 ], [ -74.1113858, 4.8653346 ], [ -74.1114339, 4.8652385 ], [ -74.11153, 4.8651905 ], [ -74.1116261, 4.8650944 ], [ -74.1117222, 4.8650463 ], [ -74.1117702, 4.8649502 ], [ -74.1118663, 4.8649022 ], [ -74.1119624, 4.8648541 ], [ -74.1120585, 4.8648061 ], [ -74.1121066, 4.86471 ], [ -74.1122027, 4.86471 ], [ -74.1122988, 4.8646139 ], [ -74.1123949, 4.8645658 ], [ -74.112491, 4.8644697 ], [ -74.1126351, 4.8643736 ], [ -74.1127312, 4.8643256 ], [ -74.1128274, 4.8642775 ], [ -74.1129235, 4.8642294 ], [ -74.1130196, 4.8641814 ], [ -74.1131157, 4.8641333 ], [ -74.1132118, 4.8640853 ], [ -74.1133079, 4.8640372 ], [ -74.113404, 4.8639892 ], [ -74.1135001, 4.8639411 ], [ -74.1135962, 4.8639411 ], [ -74.1136923, 4.8638931 ], [ -74.1137884, 4.863845 ], [ -74.1138845, 4.863797 ], [ -74.1139806, 4.8637489 ], [ -74.1140286, 4.8636528 ], [ -74.1140767, 4.8635567 ], [ -74.1141728, 4.8634606 ], [ -74.1142689, 4.8634126 ], [ -74.114365, 4.8633645 ], [ -74.1144611, 4.8633165 ], [ -74.1145572, 4.8633165 ], [ -74.1146533, 4.8632684 ], [ -74.1147014, 4.8631723 ], [ -74.1147975, 4.8631723 ], [ -74.1148936, 4.8631243 ], [ -74.1149416, 4.8630282 ], [ -74.1150377, 4.8629321 ], [ -74.1150858, 4.862836 ], [ -74.1151819, 4.8627879 ], [ -74.115278, 4.8627398 ], [ -74.1153741, 4.8626918 ], [ -74.1154702, 4.8626437 ], [ -74.1155663, 4.8626437 ], [ -74.1156624, 4.8625957 ], [ -74.1157585, 4.8625476 ], [ -74.1158546, 4.8625476 ], [ -74.1159027, 4.8624515 ], [ -74.1159988, 4.8624035 ], [ -74.1160468, 4.8623074 ], [ -74.1161429, 4.8623074 ], [ -74.116191, 4.8622113 ], [ -74.1162871, 4.8621632 ], [ -74.1163832, 4.8621152 ], [ -74.1164793, 4.8620671 ], [ -74.1165754, 4.861971 ], [ -74.1166715, 4.861971 ], [ -74.1167676, 4.861923 ], [ -74.1168637, 4.8618749 ], [ -74.1169598, 4.8618749 ], [ -74.1170559, 4.8618269 ], [ -74.1172, 4.8617788 ], [ -74.1172961, 4.8617788 ], [ -74.1174403, 4.8617308 ], [ -74.1175364, 4.8617308 ], [ -74.1176325, 4.8616827 ], [ -74.1177286, 4.8616827 ], [ -74.1178247, 4.8616347 ], [ -74.1179208, 4.8616347 ], [ -74.1180169, 4.8616347 ], [ -74.118113, 4.8616347 ], [ -74.1182091, 4.8616347 ], [ -74.1183052, 4.8616347 ], [ -74.1184013, 4.8616347 ], [ -74.1184974, 4.8616347 ], [ -74.1185935, 4.8616347 ], [ -74.1186896, 4.8615866 ], [ -74.1187857, 4.8615866 ], [ -74.1188818, 4.8615866 ], [ -74.1189779, 4.8615866 ], [ -74.1190741, 4.8615866 ], [ -74.1191702, 4.8615866 ], [ -74.1192663, 4.8615386 ], [ -74.1193624, 4.8615386 ], [ -74.1194585, 4.8615386 ], [ -74.1195546, 4.8615386 ], [ -74.1196507, 4.8615386 ], [ -74.1197468, 4.8615386 ], [ -74.1198429, 4.8615386 ], [ -74.119939, 4.8615386 ], [ -74.1200351, 4.8615386 ], [ -74.1201312, 4.8615386 ], [ -74.1202273, 4.8615386 ], [ -74.1203714, 4.8614905 ], [ -74.1204675, 4.8614905 ], [ -74.1205637, 4.8614905 ], [ -74.1206117, 4.8613944 ], [ -74.1207078, 4.8613944 ], [ -74.1208039, 4.8613944 ], [ -74.1209, 4.8613944 ], [ -74.1209961, 4.8613464 ], [ -74.1210922, 4.8613464 ], [ -74.1211883, 4.8613464 ], [ -74.1212844, 4.8612983 ], [ -74.1213805, 4.8612983 ], [ -74.1214766, 4.8612983 ], [ -74.1215727, 4.8612983 ], [ -74.1216688, 4.8612503 ], [ -74.1217649, 4.8612022 ], [ -74.121861, 4.8612022 ], [ -74.1219571, 4.8612022 ], [ -74.1220532, 4.8612022 ], [ -74.1221494, 4.8612022 ], [ -74.1222455, 4.8612022 ], [ -74.1223416, 4.8612022 ], [ -74.1224377, 4.8612022 ], [ -74.1225338, 4.8612022 ], [ -74.1226299, 4.8612022 ], [ -74.122726, 4.8612022 ], [ -74.1228221, 4.8612022 ], [ -74.1229182, 4.8612022 ], [ -74.1230143, 4.8612022 ], [ -74.1231104, 4.8612022 ], [ -74.1232065, 4.8612503 ], [ -74.1233026, 4.8612503 ], [ -74.1233987, 4.8612983 ], [ -74.1234948, 4.8613464 ], [ -74.1235909, 4.8613464 ], [ -74.123639, 4.8614425 ], [ -74.1237351, 4.8614425 ], [ -74.1238312, 4.8614905 ], [ -74.1239273, 4.8615386 ], [ -74.1240234, 4.8615866 ], [ -74.1241195, 4.8616347 ], [ -74.1242156, 4.8616827 ], [ -74.1243117, 4.8617308 ], [ -74.1244078, 4.8617308 ], [ -74.1245039, 4.8617788 ], [ -74.1246, 4.8617788 ], [ -74.1246961, 4.8618269 ], [ -74.1247922, 4.8618269 ], [ -74.1248883, 4.8618269 ], [ -74.1249844, 4.8618269 ], [ -74.1250324, 4.8617308 ], [ -74.1250805, 4.8616347 ], [ -74.1251285, 4.8615386 ], [ -74.1251766, 4.8614425 ], [ -74.1251766, 4.8613464 ], [ -74.1251766, 4.8612503 ], [ -74.1252247, 4.8611541 ], [ -74.1252727, 4.861058 ], [ -74.1253688, 4.8609619 ], [ -74.1254649, 4.8609139 ], [ -74.125561, 4.8608658 ], [ -74.1256571, 4.8608178 ], [ -74.1257532, 4.8607217 ], [ -74.1258493, 4.8607217 ], [ -74.1258974, 4.8606256 ], [ -74.1259935, 4.8605775 ], [ -74.1260896, 4.8605295 ], [ -74.1261857, 4.8604334 ], [ -74.1262818, 4.8603373 ], [ -74.1263298, 4.8602412 ], [ -74.1264259, 4.8601931 ], [ -74.126474, 4.860097 ], [ -74.126522, 4.8600009 ], [ -74.1265701, 4.8599048 ], [ -74.1265701, 4.8598087 ], [ -74.1266181, 4.8597126 ], [ -74.1266662, 4.8596165 ], [ -74.1267623, 4.8595684 ], [ -74.1268104, 4.8594723 ], [ -74.1269065, 4.8594723 ], [ -74.1269545, 4.8593762 ], [ -74.1270506, 4.8593282 ], [ -74.1270987, 4.8592321 ], [ -74.1271948, 4.859184 ], [ -74.1272428, 4.8590879 ], [ -74.1272909, 4.8589918 ], [ -74.127387, 4.8589918 ], [ -74.127435, 4.8588957 ], [ -74.1274831, 4.8587996 ], [ -74.1275792, 4.8587996 ], [ -74.1276272, 4.8587035 ], [ -74.1276753, 4.8586074 ], [ -74.1277714, 4.8586074 ], [ -74.1278194, 4.8585113 ], [ -74.1279155, 4.8584152 ], [ -74.1280116, 4.8583191 ], [ -74.1280597, 4.858223 ], [ -74.1281558, 4.8581269 ], [ -74.1282038, 4.8580308 ], [ -74.1282519, 4.8579347 ], [ -74.1283, 4.8578386 ], [ -74.128348, 4.8577425 ], [ -74.1283961, 4.8576464 ], [ -74.1283961, 4.8575503 ], [ -74.1284441, 4.8574542 ], [ -74.1284441, 4.8573581 ], [ -74.1284922, 4.857262 ], [ -74.1284922, 4.8571659 ], [ -74.1285402, 4.8570698 ], [ -74.1285883, 4.8569737 ], [ -74.1285883, 4.8568776 ], [ -74.1286363, 4.8567815 ], [ -74.1286363, 4.8566854 ], [ -74.1286363, 4.8565893 ], [ -74.1286363, 4.8564931 ], [ -74.1286844, 4.856397 ], [ -74.1286844, 4.8563009 ], [ -74.1286844, 4.8562048 ], [ -74.1287805, 4.8561568 ], [ -74.1287805, 4.8560607 ], [ -74.1288285, 4.8559646 ], [ -74.1288766, 4.8558685 ], [ -74.1289246, 4.8557724 ], [ -74.1289727, 4.8556763 ], [ -74.1290688, 4.8556282 ], [ -74.1291168, 4.8555321 ], [ -74.1291649, 4.855436 ], [ -74.129261, 4.855388 ], [ -74.129261, 4.8552919 ], [ -74.1293571, 4.8552438 ], [ -74.1294051, 4.8551477 ], [ -74.1294532, 4.8550516 ], [ -74.1295493, 4.8550035 ], [ -74.1295973, 4.8549074 ], [ -74.1296454, 4.8548113 ], [ -74.1296934, 4.8547152 ], [ -74.1297896, 4.8546672 ], [ -74.1297896, 4.8545711 ], [ -74.1298376, 4.854475 ], [ -74.1298857, 4.8543789 ], [ -74.1299818, 4.8543789 ], [ -74.1299818, 4.8542828 ], [ -74.1300298, 4.8541867 ], [ -74.1300779, 4.8540906 ], [ -74.130174, 4.8540425 ], [ -74.130222, 4.8539464 ], [ -74.1302701, 4.8538503 ], [ -74.1303662, 4.8538503 ], [ -74.1304142, 4.8537542 ], [ -74.1305103, 4.8537062 ], [ -74.1306064, 4.8536581 ], [ -74.1306545, 4.853562 ], [ -74.1307506, 4.853514 ], [ -74.1308467, 4.8534178 ], [ -74.1309428, 4.8533217 ], [ -74.1310389, 4.8533217 ], [ -74.131135, 4.8532737 ], [ -74.1312311, 4.8532256 ], [ -74.1313272, 4.8532256 ], [ -74.1314233, 4.8531295 ], [ -74.1315194, 4.8530815 ], [ -74.1316155, 4.8530334 ], [ -74.1316636, 4.8529373 ], [ -74.1317597, 4.8528893 ], [ -74.1317597, 4.8527932 ], [ -74.1318558, 4.8526971 ], [ -74.1318558, 4.852601 ], [ -74.1319519, 4.8525529 ], [ -74.1319519, 4.8524568 ], [ -74.1319999, 4.8523607 ], [ -74.1319999, 4.8522646 ], [ -74.132048, 4.8521685 ], [ -74.132048, 4.8520724 ], [ -74.132048, 4.8519763 ], [ -74.132096, 4.8518802 ], [ -74.132096, 4.8517841 ], [ -74.1321441, 4.851688 ], [ -74.1321441, 4.8515919 ], [ -74.1321441, 4.8514958 ], [ -74.1321441, 4.8513997 ], [ -74.1321441, 4.8513036 ], [ -74.1321441, 4.8512075 ], [ -74.1321441, 4.8511114 ], [ -74.132096, 4.8510153 ], [ -74.132048, 4.8509192 ], [ -74.1319519, 4.8508711 ], [ -74.1319038, 4.850775 ], [ -74.1318077, 4.850727 ], [ -74.1317116, 4.8506789 ], [ -74.1316155, 4.8506309 ], [ -74.1315194, 4.8506309 ], [ -74.1314233, 4.8505828 ], [ -74.1313753, 4.8504867 ], [ -74.1313753, 4.8503906 ], [ -74.1313753, 4.8502945 ], [ -74.1313753, 4.8501984 ], [ -74.1314233, 4.8501023 ], [ -74.1314714, 4.8500062 ], [ -74.1315675, 4.8499581 ], [ -74.1316155, 4.849862 ], [ -74.1317116, 4.849862 ], [ -74.1318077, 4.849814 ], [ -74.1319038, 4.8497659 ], [ -74.1319999, 4.8497179 ], [ -74.132048, 4.8496218 ], [ -74.132096, 4.8495257 ], [ -74.1321441, 4.8494296 ], [ -74.1321921, 4.8493335 ], [ -74.1322882, 4.8492374 ], [ -74.1323363, 4.8491413 ], [ -74.1323843, 4.8490452 ], [ -74.1324804, 4.8489491 ], [ -74.1325285, 4.8488529 ], [ -74.1325765, 4.8487568 ], [ -74.1326246, 4.8486607 ], [ -74.1326726, 4.8485646 ], [ -74.1327207, 4.8484685 ], [ -74.1327687, 4.8483724 ], [ -74.1327687, 4.8482763 ], [ -74.1328168, 4.8481802 ], [ -74.1328168, 4.8480841 ], [ -74.1328649, 4.847988 ], [ -74.1329129, 4.8478919 ], [ -74.132961, 4.8477958 ], [ -74.132961, 4.8476997 ], [ -74.133009, 4.8476036 ], [ -74.1330571, 4.8475075 ], [ -74.1331051, 4.8474114 ], [ -74.1331532, 4.8473153 ], [ -74.1332012, 4.8472192 ], [ -74.1332973, 4.8471231 ], [ -74.1333454, 4.847027 ], [ -74.1333454, 4.8469309 ], [ -74.1334415, 4.8468828 ], [ -74.1334415, 4.8467867 ], [ -74.1334895, 4.8466906 ], [ -74.1335376, 4.8465945 ], [ -74.1335856, 4.8464984 ], [ -74.1336337, 4.8464023 ], [ -74.1336337, 4.8463062 ], [ -74.1337298, 4.8462582 ], [ -74.1337298, 4.8461621 ], [ -74.1337778, 4.846066 ], [ -74.1338259, 4.8459699 ], [ -74.133922, 4.8459218 ], [ -74.13397, 4.8458257 ], [ -74.1340181, 4.8457296 ], [ -74.1341142, 4.8456815 ], [ -74.1341622, 4.8455854 ], [ -74.1342103, 4.8454893 ], [ -74.1343064, 4.8454893 ], [ -74.1343544, 4.8453932 ], [ -74.1344025, 4.8452971 ], [ -74.1344986, 4.8452491 ], [ -74.1344986, 4.845153 ], [ -74.1345467, 4.8450569 ], [ -74.1345947, 4.8449608 ], [ -74.1346908, 4.8448647 ], [ -74.1347389, 4.8447686 ], [ -74.1347389, 4.8446725 ], [ -74.1347869, 4.8445764 ], [ -74.134883, 4.8444803 ], [ -74.134883, 4.8443842 ], [ -74.1349311, 4.8442881 ], [ -74.1350272, 4.84424 ], [ -74.1350752, 4.8441439 ], [ -74.1351713, 4.8440958 ], [ -74.1351713, 4.8439997 ], [ -74.1352194, 4.8439036 ], [ -74.1352194, 4.8438075 ], [ -74.1352674, 4.8437114 ], [ -74.1352674, 4.8436153 ], [ -74.1352674, 4.8435192 ], [ -74.1352674, 4.8434231 ], [ -74.1352674, 4.843327 ], [ -74.1352674, 4.8432309 ], [ -74.1352674, 4.8431348 ], [ -74.1352674, 4.8430387 ], [ -74.1352674, 4.8429426 ], [ -74.1352674, 4.8428465 ], [ -74.1352674, 4.8427504 ], [ -74.1353155, 4.8426543 ], [ -74.1353155, 4.8425582 ], [ -74.1353155, 4.8424621 ], [ -74.1352194, 4.842366 ], [ -74.1351233, 4.842366 ], [ -74.1350272, 4.842366 ], [ -74.1349311, 4.842366 ], [ -74.134835, 4.8423179 ], [ -74.134835, 4.8422218 ], [ -74.134835, 4.8421257 ], [ -74.134835, 4.8420296 ], [ -74.134835, 4.8419335 ], [ -74.134835, 4.8418374 ], [ -74.134883, 4.8417413 ], [ -74.1349791, 4.8416933 ], [ -74.1350272, 4.8415972 ], [ -74.1351233, 4.8415972 ], [ -74.1352194, 4.8415491 ], [ -74.1353155, 4.8415491 ], [ -74.1354116, 4.8415011 ], [ -74.1355077, 4.841405 ], [ -74.1356038, 4.8413569 ], [ -74.1356999, 4.8413089 ], [ -74.1356999, 4.8412128 ], [ -74.135796, 4.8411647 ], [ -74.1358921, 4.8411166 ], [ -74.1358921, 4.8410205 ], [ -74.1359882, 4.8409725 ], [ -74.1360363, 4.8408764 ], [ -74.1360843, 4.8407803 ], [ -74.1361324, 4.8406842 ], [ -74.1361804, 4.8405881 ], [ -74.1361804, 4.840492 ], [ -74.1361804, 4.8403959 ], [ -74.1362285, 4.8402998 ], [ -74.1362765, 4.8402037 ], [ -74.1362765, 4.8401076 ], [ -74.1363246, 4.8400115 ], [ -74.1363246, 4.8399154 ], [ -74.1363726, 4.8398193 ], [ -74.1363726, 4.8397232 ], [ -74.1363726, 4.8396271 ], [ -74.1364687, 4.839579 ], [ -74.1364687, 4.8394829 ], [ -74.1364687, 4.8393868 ], [ -74.1365168, 4.8392907 ], [ -74.1365648, 4.8391946 ], [ -74.1366129, 4.8390985 ], [ -74.136709, 4.8390024 ], [ -74.1368051, 4.8389543 ], [ -74.1368051, 4.8388582 ], [ -74.1369012, 4.8388102 ], [ -74.1369492, 4.8387141 ], [ -74.1369973, 4.838618 ], [ -74.1370934, 4.8385699 ], [ -74.1370934, 4.8384738 ], [ -74.1371414, 4.8383777 ], [ -74.1371414, 4.8382816 ], [ -74.1371895, 4.8381855 ], [ -74.1372375, 4.8380894 ], [ -74.1372375, 4.8379933 ], [ -74.1372856, 4.8378972 ], [ -74.1373336, 4.8378011 ], [ -74.1373336, 4.837705 ], [ -74.1373817, 4.8376089 ], [ -74.1373817, 4.8375128 ], [ -74.1373817, 4.8374167 ], [ -74.1374297, 4.8373206 ], [ -74.1374297, 4.8372245 ], [ -74.1374778, 4.8371284 ], [ -74.1374778, 4.8370323 ], [ -74.1374778, 4.8369362 ], [ -74.1375259, 4.8368401 ], [ -74.1375259, 4.836744 ], [ -74.1375259, 4.8366479 ], [ -74.1375259, 4.8365518 ], [ -74.1375259, 4.8364556 ], [ -74.1375739, 4.8363595 ], [ -74.1375739, 4.8362634 ], [ -74.1375739, 4.8361673 ], [ -74.1375739, 4.8360712 ], [ -74.1375739, 4.8359751 ], [ -74.1375739, 4.835879 ], [ -74.1375739, 4.8357829 ], [ -74.1375259, 4.8356868 ], [ -74.1374778, 4.8355907 ], [ -74.1374297, 4.8354946 ], [ -74.1374297, 4.8353985 ], [ -74.1373817, 4.8353024 ], [ -74.1373817, 4.8352063 ], [ -74.1373817, 4.8351102 ], [ -74.1373336, 4.8350141 ], [ -74.1373336, 4.834918 ], [ -74.1373336, 4.8348219 ], [ -74.1373336, 4.8347258 ], [ -74.1372856, 4.8346297 ], [ -74.1372856, 4.8345336 ], [ -74.1372856, 4.8344375 ], [ -74.1372856, 4.8343414 ], [ -74.1372856, 4.8342453 ], [ -74.1372856, 4.8341492 ], [ -74.1372856, 4.8340531 ], [ -74.1372856, 4.833957 ], [ -74.1372856, 4.8338609 ], [ -74.1372856, 4.8337648 ], [ -74.1372856, 4.8336687 ], [ -74.1372856, 4.8335726 ], [ -74.1372375, 4.8334765 ], [ -74.1372375, 4.8333803 ], [ -74.1372375, 4.8332842 ], [ -74.1372375, 4.8331881 ], [ -74.1372375, 4.833092 ], [ -74.1372375, 4.8329959 ], [ -74.1372375, 4.8328998 ], [ -74.1371895, 4.8328037 ], [ -74.1371414, 4.8327076 ], [ -74.1371414, 4.8326115 ], [ -74.1370934, 4.8325154 ], [ -74.1370453, 4.8324193 ], [ -74.1369492, 4.8323713 ], [ -74.1368531, 4.8323232 ], [ -74.136757, 4.8322752 ], [ -74.1366609, 4.8322752 ], [ -74.1365648, 4.8322752 ], [ -74.1364687, 4.8322752 ], [ -74.1363726, 4.8322752 ], [ -74.1362765, 4.8322752 ], [ -74.1361804, 4.8323232 ], [ -74.1360843, 4.8323713 ], [ -74.1359882, 4.8323713 ], [ -74.1358921, 4.8324193 ], [ -74.135796, 4.8324193 ], [ -74.1356999, 4.8324193 ], [ -74.1356038, 4.8324193 ], [ -74.1355077, 4.8324193 ], [ -74.1354116, 4.8324674 ], [ -74.1353155, 4.8324674 ], [ -74.1352194, 4.8324674 ], [ -74.1351233, 4.8324674 ], [ -74.1350272, 4.8324674 ], [ -74.1349311, 4.8324674 ], [ -74.134835, 4.8324674 ], [ -74.1347389, 4.8324674 ], [ -74.1346428, 4.8325154 ], [ -74.1345467, 4.8325635 ], [ -74.1344506, 4.8325635 ], [ -74.1343544, 4.8326115 ], [ -74.1342583, 4.8326115 ], [ -74.1342103, 4.8327076 ], [ -74.1341622, 4.8328037 ], [ -74.1340661, 4.8328037 ], [ -74.1340181, 4.8328998 ], [ -74.13397, 4.8329959 ], [ -74.1338739, 4.8329959 ], [ -74.1338259, 4.833092 ], [ -74.1337298, 4.8331401 ], [ -74.1336337, 4.8331881 ], [ -74.1335376, 4.8332362 ], [ -74.1334415, 4.8332842 ], [ -74.1333934, 4.8333803 ], [ -74.1332973, 4.8333803 ], [ -74.1332012, 4.8334765 ], [ -74.1331532, 4.8335726 ], [ -74.1330571, 4.8336206 ], [ -74.132961, 4.8336687 ], [ -74.1328649, 4.8337167 ], [ -74.1327687, 4.8337167 ], [ -74.1326726, 4.8337648 ], [ -74.1325765, 4.8337648 ], [ -74.1324804, 4.8337648 ], [ -74.1323843, 4.8337648 ], [ -74.1322882, 4.8337648 ], [ -74.1321921, 4.8337648 ], [ -74.132096, 4.8338128 ], [ -74.1319999, 4.8338128 ], [ -74.1319038, 4.8338128 ], [ -74.1318077, 4.8338128 ], [ -74.1317116, 4.8338128 ], [ -74.1316155, 4.8338128 ], [ -74.1315194, 4.8338128 ], [ -74.1314233, 4.8338128 ], [ -74.1312791, 4.8338128 ], [ -74.131183, 4.8338128 ], [ -74.1310869, 4.8338128 ], [ -74.1309908, 4.8338128 ], [ -74.1308947, 4.8338128 ], [ -74.1307986, 4.8338128 ], [ -74.1307025, 4.8338128 ], [ -74.1306064, 4.8338128 ], [ -74.1305103, 4.8338128 ], [ -74.1304142, 4.8338128 ], [ -74.1303181, 4.8338128 ], [ -74.130222, 4.8338128 ], [ -74.1301259, 4.8338128 ], [ -74.1300298, 4.8338128 ], [ -74.1299337, 4.8338128 ], [ -74.1298376, 4.8338128 ], [ -74.1297415, 4.8338128 ], [ -74.1296454, 4.8338128 ], [ -74.1295493, 4.8338609 ], [ -74.1294532, 4.8338609 ], [ -74.1293571, 4.8338609 ], [ -74.129261, 4.8339089 ], [ -74.1291649, 4.833957 ], [ -74.1290688, 4.833957 ], [ -74.1289727, 4.834005 ], [ -74.1288766, 4.834005 ], [ -74.1287805, 4.8340531 ], [ -74.1286844, 4.8340531 ], [ -74.1286363, 4.8341492 ], [ -74.1285402, 4.8341492 ], [ -74.1284441, 4.8341492 ], [ -74.128348, 4.8341972 ], [ -74.1282519, 4.8341972 ], [ -74.1281558, 4.8341972 ], [ -74.1280597, 4.8341972 ], [ -74.1279636, 4.8341972 ], [ -74.1278675, 4.8341972 ], [ -74.1277714, 4.8341972 ], [ -74.1276753, 4.8341972 ], [ -74.1276753, 4.8341011 ], [ -74.1276753, 4.834005 ], [ -74.1276753, 4.8339089 ], [ -74.1276753, 4.8338128 ], [ -74.1277714, 4.8337167 ], [ -74.1278675, 4.8336206 ], [ -74.1279636, 4.8336206 ], [ -74.1280116, 4.8335245 ], [ -74.1281077, 4.8335245 ], [ -74.1282038, 4.8335245 ], [ -74.1283, 4.8334765 ], [ -74.1283961, 4.8334765 ], [ -74.1284922, 4.8334284 ], [ -74.1285883, 4.8333803 ], [ -74.1286363, 4.8332842 ], [ -74.1287324, 4.8332842 ], [ -74.1288285, 4.8332362 ], [ -74.1288766, 4.8331401 ], [ -74.1288766, 4.833044 ], [ -74.1288766, 4.8329479 ], [ -74.1288766, 4.8328518 ], [ -74.1288285, 4.8327557 ], [ -74.1287324, 4.8327076 ], [ -74.1286844, 4.8326115 ], [ -74.1286363, 4.8325154 ], [ -74.1285883, 4.8324193 ], [ -74.1285883, 4.8323232 ], [ -74.1285402, 4.8322271 ], [ -74.1284922, 4.832131 ], [ -74.1284922, 4.8320349 ], [ -74.1284922, 4.8319388 ], [ -74.1284922, 4.8318427 ], [ -74.1284441, 4.8317466 ], [ -74.1284441, 4.8316505 ], [ -74.1284441, 4.8315544 ], [ -74.1284441, 4.8314583 ], [ -74.1284441, 4.8313622 ], [ -74.1285402, 4.8313141 ], [ -74.1286363, 4.8312661 ], [ -74.1287324, 4.8312661 ], [ -74.1288285, 4.8312661 ], [ -74.1288766, 4.8313622 ], [ -74.1289727, 4.8314102 ], [ -74.1290207, 4.8315063 ], [ -74.1291168, 4.8316024 ], [ -74.1292129, 4.8316505 ], [ -74.1292129, 4.8317466 ], [ -74.129261, 4.8318427 ], [ -74.1293571, 4.8318907 ], [ -74.1294051, 4.8319869 ], [ -74.1295012, 4.8320349 ], [ -74.1295973, 4.832083 ], [ -74.1296934, 4.8321791 ], [ -74.1297896, 4.8321791 ], [ -74.1298857, 4.8322271 ], [ -74.1299818, 4.8322752 ], [ -74.1300779, 4.8323232 ], [ -74.130174, 4.8323713 ], [ -74.130222, 4.8324674 ], [ -74.1303181, 4.8324674 ], [ -74.1303662, 4.8325635 ], [ -74.1304623, 4.8325635 ], [ -74.1305584, 4.8326115 ], [ -74.1306545, 4.8326596 ], [ -74.1307025, 4.8327557 ], [ -74.1307986, 4.8327557 ], [ -74.1308947, 4.8327557 ], [ -74.1309908, 4.8327557 ], [ -74.1310869, 4.8327557 ], [ -74.131183, 4.8327557 ], [ -74.1312791, 4.8327557 ], [ -74.1314233, 4.8327557 ], [ -74.1315194, 4.8327557 ], [ -74.1316155, 4.8327557 ], [ -74.1317597, 4.8327557 ], [ -74.1318558, 4.8327076 ], [ -74.1319519, 4.8327076 ], [ -74.132048, 4.8326596 ], [ -74.1321441, 4.8326596 ], [ -74.1322402, 4.8326115 ], [ -74.1323363, 4.8325635 ], [ -74.1324324, 4.8325154 ], [ -74.1325285, 4.8324674 ], [ -74.1326246, 4.8324193 ], [ -74.1327207, 4.8324193 ], [ -74.1327687, 4.8323232 ], [ -74.1328649, 4.8323232 ], [ -74.132961, 4.8322752 ], [ -74.1330571, 4.8322271 ], [ -74.1331532, 4.8322271 ], [ -74.1332493, 4.8321791 ], [ -74.1333454, 4.832131 ], [ -74.1334415, 4.832131 ], [ -74.1335376, 4.832083 ], [ -74.1336337, 4.832083 ], [ -74.1337298, 4.8320349 ], [ -74.1338259, 4.8320349 ], [ -74.133922, 4.8320349 ], [ -74.1340181, 4.8319869 ], [ -74.1341142, 4.8319869 ], [ -74.1342103, 4.8319388 ], [ -74.1343064, 4.8318907 ], [ -74.1344025, 4.8318907 ], [ -74.1344986, 4.8318427 ], [ -74.1345947, 4.8317946 ], [ -74.1346908, 4.8317946 ], [ -74.1347389, 4.8316985 ], [ -74.134835, 4.8316985 ], [ -74.1349311, 4.8316505 ], [ -74.1349791, 4.8315544 ], [ -74.1350272, 4.8314583 ], [ -74.1350752, 4.8313622 ], [ -74.1351233, 4.8312661 ], [ -74.1351713, 4.83117 ], [ -74.1351713, 4.8310739 ], [ -74.1351713, 4.8309778 ], [ -74.1351713, 4.8308817 ], [ -74.1351713, 4.8307856 ], [ -74.1351713, 4.8306895 ], [ -74.1351713, 4.8305934 ], [ -74.1351713, 4.8304973 ], [ -74.1351713, 4.8304012 ], [ -74.1351713, 4.830305 ], [ -74.1351713, 4.8302089 ], [ -74.1351713, 4.8301128 ], [ -74.1352194, 4.8300167 ], [ -74.1352194, 4.8299206 ], [ -74.1353155, 4.8298726 ], [ -74.1353155, 4.8297765 ], [ -74.1353155, 4.8296804 ], [ -74.1353635, 4.8295843 ], [ -74.1354116, 4.8294882 ], [ -74.1354116, 4.8293921 ], [ -74.1354596, 4.829296 ], [ -74.1355077, 4.8291999 ], [ -74.1355077, 4.8291038 ], [ -74.1355557, 4.8290077 ], [ -74.1355557, 4.8289116 ], [ -74.1355557, 4.8288155 ], [ -74.1356038, 4.8287193 ], [ -74.1356038, 4.8286232 ], [ -74.1356038, 4.8285271 ], [ -74.1356038, 4.828431 ], [ -74.1356038, 4.8283349 ], [ -74.1356518, 4.8282388 ], [ -74.1356518, 4.8281427 ], [ -74.1356999, 4.8280466 ], [ -74.1356999, 4.8279505 ], [ -74.1357479, 4.8278544 ], [ -74.1357479, 4.8277583 ], [ -74.1357479, 4.8276622 ], [ -74.1357479, 4.8275661 ], [ -74.1357479, 4.82747 ], [ -74.1357479, 4.8273739 ], [ -74.1356518, 4.8273259 ], [ -74.1355557, 4.8272778 ], [ -74.1354596, 4.8272778 ], [ -74.1353635, 4.8272778 ], [ -74.1352674, 4.8272778 ], [ -74.1351713, 4.8272297 ], [ -74.1350752, 4.8272297 ], [ -74.1350272, 4.8271336 ], [ -74.1349311, 4.8271336 ], [ -74.134835, 4.8270856 ], [ -74.1347389, 4.8270856 ], [ -74.1346428, 4.8270375 ], [ -74.1345467, 4.8270375 ], [ -74.1344506, 4.8270375 ], [ -74.1343544, 4.8270375 ], [ -74.1342583, 4.8270375 ], [ -74.1341622, 4.8270375 ], [ -74.1340661, 4.8269895 ], [ -74.13397, 4.8269895 ], [ -74.1338739, 4.8269414 ], [ -74.1337778, 4.8269414 ], [ -74.1336817, 4.8269414 ], [ -74.1335856, 4.8269414 ], [ -74.1334895, 4.8269414 ], [ -74.1333934, 4.8269414 ], [ -74.1332973, 4.8269414 ], [ -74.1332012, 4.8269414 ], [ -74.1331051, 4.8269414 ], [ -74.133009, 4.8269414 ], [ -74.1329129, 4.8269895 ], [ -74.1328168, 4.8270375 ], [ -74.1327687, 4.8271336 ], [ -74.1326726, 4.8271817 ], [ -74.1325765, 4.8272297 ], [ -74.1325765, 4.8273259 ], [ -74.1324804, 4.8273739 ], [ -74.1324324, 4.82747 ], [ -74.1323843, 4.8275661 ], [ -74.1323843, 4.8276622 ], [ -74.1322882, 4.8277103 ], [ -74.1322882, 4.8278064 ], [ -74.1321921, 4.8278544 ], [ -74.132096, 4.8279025 ], [ -74.132048, 4.8279986 ], [ -74.1319519, 4.8279986 ], [ -74.1318558, 4.8280466 ], [ -74.1317597, 4.8280947 ], [ -74.1316636, 4.8280947 ], [ -74.1315675, 4.8281427 ], [ -74.1314714, 4.8281908 ], [ -74.1313753, 4.8281908 ], [ -74.1312791, 4.8281908 ], [ -74.131183, 4.8281908 ], [ -74.1310869, 4.8282388 ], [ -74.1309908, 4.8282388 ], [ -74.1308947, 4.8282388 ], [ -74.1307986, 4.8282388 ], [ -74.1307025, 4.8282388 ], [ -74.1306064, 4.8282388 ], [ -74.1305103, 4.8282388 ], [ -74.1304142, 4.8282388 ], [ -74.1303181, 4.8282869 ], [ -74.130222, 4.8282869 ], [ -74.1301259, 4.8282869 ], [ -74.1300298, 4.8282869 ], [ -74.1299337, 4.8282869 ], [ -74.1298376, 4.8282869 ], [ -74.1297415, 4.8282869 ], [ -74.1296454, 4.8282869 ], [ -74.1295493, 4.8282869 ], [ -74.1294532, 4.8283349 ], [ -74.1293571, 4.8283349 ], [ -74.129261, 4.8283349 ], [ -74.1291649, 4.8283349 ], [ -74.1290688, 4.828383 ], [ -74.1289727, 4.828383 ], [ -74.1288766, 4.828383 ], [ -74.1287805, 4.828431 ], [ -74.1286844, 4.828431 ], [ -74.1285883, 4.828431 ], [ -74.1284922, 4.828431 ], [ -74.1283961, 4.828431 ], [ -74.1283, 4.8284791 ], [ -74.1282038, 4.8284791 ], [ -74.1281077, 4.8285271 ], [ -74.1280116, 4.8285752 ], [ -74.1279155, 4.8285752 ], [ -74.1278194, 4.8286232 ], [ -74.1277233, 4.8286232 ], [ -74.1276272, 4.8286232 ], [ -74.1275311, 4.8286713 ], [ -74.127435, 4.8286713 ], [ -74.1273389, 4.8287193 ], [ -74.1272428, 4.8287674 ], [ -74.1271467, 4.8288155 ], [ -74.1270506, 4.8288635 ], [ -74.1270026, 4.8289596 ], [ -74.1269065, 4.8290077 ], [ -74.1268104, 4.8290557 ], [ -74.1267623, 4.8291518 ], [ -74.1267143, 4.8292479 ], [ -74.1266181, 4.829296 ], [ -74.1265701, 4.8293921 ], [ -74.126474, 4.8294401 ], [ -74.126474, 4.8295362 ], [ -74.1264259, 4.8296323 ], [ -74.1263298, 4.8296804 ], [ -74.1263298, 4.8297765 ], [ -74.1262818, 4.8298726 ], [ -74.1262337, 4.8299687 ], [ -74.1261376, 4.8300167 ], [ -74.1261376, 4.8301128 ], [ -74.1260415, 4.8301609 ], [ -74.1259454, 4.8302089 ], [ -74.1258493, 4.830257 ], [ -74.1258013, 4.8303531 ], [ -74.1257052, 4.8303531 ], [ -74.1256571, 4.8304492 ], [ -74.125561, 4.8304492 ], [ -74.1254649, 4.8304973 ], [ -74.1254649, 4.8304012 ], [ -74.1254169, 4.830305 ], [ -74.1254169, 4.8302089 ], [ -74.1254169, 4.8301128 ], [ -74.1254169, 4.8300167 ], [ -74.1254169, 4.8299206 ], [ -74.1254169, 4.8298245 ], [ -74.1254169, 4.8297284 ], [ -74.1254649, 4.8296323 ], [ -74.125513, 4.8295362 ], [ -74.125561, 4.8294401 ], [ -74.1256571, 4.8293921 ], [ -74.1257052, 4.829296 ], [ -74.1258013, 4.8292479 ], [ -74.1258493, 4.8291518 ], [ -74.1259454, 4.8291038 ], [ -74.1260415, 4.8290077 ], [ -74.1261857, 4.8289596 ], [ -74.1262337, 4.8288635 ], [ -74.1263298, 4.8288155 ], [ -74.1264259, 4.8287674 ], [ -74.126474, 4.8286713 ], [ -74.1265701, 4.8286232 ], [ -74.1266181, 4.8285271 ], [ -74.1267143, 4.8284791 ], [ -74.1267623, 4.828383 ], [ -74.1268104, 4.8282869 ], [ -74.1269065, 4.8282388 ], [ -74.1269545, 4.8281427 ], [ -74.1270026, 4.8280466 ], [ -74.1270987, 4.8279505 ], [ -74.1271467, 4.8278544 ], [ -74.1272428, 4.8278064 ], [ -74.1273389, 4.8277583 ], [ -74.127435, 4.8277583 ], [ -74.1275311, 4.8277103 ], [ -74.1276272, 4.8277103 ], [ -74.1277233, 4.8276622 ], [ -74.1278194, 4.8276622 ], [ -74.1279155, 4.8276622 ], [ -74.1280116, 4.8276622 ], [ -74.1281077, 4.8276142 ], [ -74.1282038, 4.8276142 ], [ -74.1283, 4.8275661 ], [ -74.1283961, 4.8275661 ], [ -74.1284441, 4.82747 ], [ -74.1285402, 4.82747 ], [ -74.1285883, 4.8273739 ], [ -74.1286844, 4.8273259 ], [ -74.1286844, 4.8272297 ], [ -74.1286844, 4.8271336 ], [ -74.1286844, 4.8270375 ], [ -74.1286844, 4.8269414 ], [ -74.1286844, 4.8268453 ], [ -74.1285883, 4.8267973 ], [ -74.1284922, 4.8267492 ], [ -74.1284441, 4.8266531 ], [ -74.128348, 4.8266531 ], [ -74.1283, 4.826557 ], [ -74.1282038, 4.826557 ], [ -74.1281077, 4.826509 ], [ -74.1280116, 4.8264609 ], [ -74.1279155, 4.8264129 ], [ -74.1278194, 4.8263648 ], [ -74.1277233, 4.8263168 ], [ -74.1276272, 4.8262687 ], [ -74.1275311, 4.8262207 ], [ -74.1274831, 4.8261246 ], [ -74.127387, 4.8260765 ], [ -74.1273389, 4.8259804 ], [ -74.1272428, 4.8259324 ], [ -74.1271948, 4.8258363 ], [ -74.1271467, 4.8257402 ], [ -74.1270506, 4.8256921 ], [ -74.1270026, 4.825596 ], [ -74.1269545, 4.8254999 ], [ -74.1268584, 4.8254518 ], [ -74.1268584, 4.8253557 ], [ -74.1267623, 4.8253077 ], [ -74.1266662, 4.8252596 ], [ -74.1266662, 4.8251635 ], [ -74.1265701, 4.8251155 ], [ -74.126474, 4.8250674 ], [ -74.1263779, 4.8249713 ], [ -74.1262818, 4.8249233 ], [ -74.1261857, 4.8248752 ], [ -74.1260896, 4.8248272 ], [ -74.1260415, 4.8247311 ], [ -74.1259935, 4.824635 ], [ -74.1259454, 4.8245389 ], [ -74.1258974, 4.8244428 ], [ -74.1258493, 4.8243467 ], [ -74.1257532, 4.8242986 ], [ -74.1257052, 4.8242025 ], [ -74.1256091, 4.8241544 ], [ -74.125561, 4.8240583 ], [ -74.1254649, 4.8240583 ], [ -74.1254169, 4.8239622 ], [ -74.1253208, 4.8239142 ], [ -74.1252247, 4.8238661 ], [ -74.1251285, 4.8238181 ], [ -74.1250324, 4.82377 ], [ -74.1249363, 4.823722 ], [ -74.1248402, 4.8236739 ], [ -74.1247441, 4.8236739 ], [ -74.124648, 4.8236259 ], [ -74.1245519, 4.8235778 ], [ -74.1245519, 4.8234817 ], [ -74.1246, 4.8233856 ], [ -74.124648, 4.8232895 ], [ -74.1247441, 4.8232895 ], [ -74.1248402, 4.8232415 ], [ -74.1249363, 4.8231934 ], [ -74.1250324, 4.8231934 ], [ -74.1251285, 4.8231934 ], [ -74.1252247, 4.8231934 ], [ -74.1253208, 4.8232415 ], [ -74.1254169, 4.8232415 ], [ -74.125513, 4.8232415 ], [ -74.1256091, 4.8232415 ], [ -74.1257052, 4.8231934 ], [ -74.1258013, 4.8231454 ], [ -74.1258974, 4.8230973 ], [ -74.1259935, 4.8230493 ], [ -74.1260415, 4.8229532 ], [ -74.1261376, 4.8229532 ], [ -74.1262337, 4.8229051 ], [ -74.1262818, 4.822809 ], [ -74.1263779, 4.822761 ], [ -74.1264259, 4.8226649 ], [ -74.126522, 4.8226168 ], [ -74.1266181, 4.8225687 ], [ -74.1266662, 4.8224726 ], [ -74.1267623, 4.8224726 ], [ -74.1267623, 4.8223765 ], [ -74.1268584, 4.8223285 ], [ -74.1269065, 4.8222324 ], [ -74.1269545, 4.8221363 ], [ -74.1269545, 4.8220402 ], [ -74.1270026, 4.8219441 ], [ -74.1270026, 4.821848 ], [ -74.1270026, 4.8217519 ], [ -74.1270506, 4.8216558 ], [ -74.1271467, 4.8216558 ], [ -74.1272428, 4.8216558 ], [ -74.1273389, 4.8216558 ], [ -74.127435, 4.8217038 ], [ -74.1275311, 4.8217038 ], [ -74.1276272, 4.8217519 ], [ -74.1277233, 4.821848 ], [ -74.1278194, 4.821896 ], [ -74.1279155, 4.8219441 ], [ -74.1280116, 4.8219921 ], [ -74.1281077, 4.8220402 ], [ -74.1282038, 4.8221363 ], [ -74.1283, 4.8221843 ], [ -74.1283961, 4.8222804 ], [ -74.1284922, 4.8223285 ], [ -74.1285402, 4.8224246 ], [ -74.1286363, 4.8224726 ], [ -74.1286363, 4.8225687 ], [ -74.1286844, 4.8226649 ], [ -74.1286844, 4.822761 ], [ -74.1287324, 4.8228571 ], [ -74.1288285, 4.8229051 ], [ -74.1288766, 4.8230012 ], [ -74.1289727, 4.8230493 ], [ -74.1290207, 4.8231454 ], [ -74.1291168, 4.8232415 ], [ -74.1292129, 4.8232895 ], [ -74.1292129, 4.8233856 ], [ -74.129261, 4.8234817 ], [ -74.129261, 4.8235778 ], [ -74.129261, 4.8236739 ], [ -74.129261, 4.82377 ], [ -74.129261, 4.8238661 ], [ -74.129261, 4.8239622 ], [ -74.129261, 4.8240583 ], [ -74.129261, 4.8241544 ], [ -74.129261, 4.8242506 ], [ -74.129261, 4.8243467 ], [ -74.1292129, 4.8244428 ], [ -74.1292129, 4.8245389 ], [ -74.1292129, 4.824635 ], [ -74.1291168, 4.824683 ], [ -74.1291168, 4.8247791 ], [ -74.1291168, 4.8248752 ], [ -74.1290688, 4.8249713 ], [ -74.1290688, 4.8250674 ], [ -74.1290207, 4.8251635 ], [ -74.1290207, 4.8252596 ], [ -74.1289727, 4.8253557 ], [ -74.1289727, 4.8254518 ], [ -74.1289727, 4.8255479 ], [ -74.1289727, 4.825644 ], [ -74.1289727, 4.8257402 ], [ -74.1290207, 4.8258363 ], [ -74.1290688, 4.8259324 ], [ -74.1290688, 4.8260285 ], [ -74.1291649, 4.8260765 ], [ -74.1291649, 4.8261726 ], [ -74.1291649, 4.8262687 ], [ -74.1292129, 4.8263648 ], [ -74.129261, 4.8264609 ], [ -74.1293571, 4.826509 ], [ -74.1293571, 4.8266051 ], [ -74.1294051, 4.8267012 ], [ -74.1294532, 4.8267973 ], [ -74.1295493, 4.8267973 ], [ -74.1295493, 4.8268934 ], [ -74.1295973, 4.8269895 ], [ -74.1296934, 4.8270375 ], [ -74.1297896, 4.8270856 ], [ -74.1298376, 4.8271817 ], [ -74.1299337, 4.8271817 ], [ -74.1300298, 4.8272297 ], [ -74.1301259, 4.8272778 ], [ -74.130222, 4.8272778 ], [ -74.1303662, 4.8273259 ], [ -74.1304623, 4.8273739 ], [ -74.1305584, 4.8273739 ], [ -74.1306545, 4.827422 ], [ -74.1307506, 4.827422 ], [ -74.1308467, 4.827422 ], [ -74.1309428, 4.827422 ], [ -74.1310389, 4.827422 ], [ -74.131135, 4.8273739 ], [ -74.1312311, 4.8273259 ], [ -74.1313272, 4.8273259 ], [ -74.1314233, 4.8272778 ], [ -74.1315194, 4.8272297 ], [ -74.1315194, 4.8271336 ], [ -74.1315675, 4.8270375 ], [ -74.1316155, 4.8269414 ], [ -74.1316155, 4.8268453 ], [ -74.1316155, 4.8267492 ], [ -74.1316155, 4.8266531 ], [ -74.1316155, 4.826557 ], [ -74.1315675, 4.8264609 ], [ -74.1315194, 4.8263648 ], [ -74.1314714, 4.8262687 ], [ -74.1314714, 4.8261726 ], [ -74.1314714, 4.8260765 ], [ -74.1314233, 4.8259804 ], [ -74.1314233, 4.8258843 ], [ -74.1314233, 4.8257882 ], [ -74.1314233, 4.8256921 ], [ -74.1314233, 4.825596 ], [ -74.1315194, 4.8255479 ], [ -74.1316155, 4.8254999 ], [ -74.1317116, 4.8254999 ], [ -74.1318077, 4.8254999 ], [ -74.1319038, 4.8254999 ], [ -74.1319999, 4.8254999 ], [ -74.132096, 4.8254999 ], [ -74.1321921, 4.8254518 ], [ -74.1322882, 4.8254999 ], [ -74.1323363, 4.825596 ], [ -74.1323843, 4.8256921 ], [ -74.1324804, 4.8257882 ], [ -74.1325765, 4.8258363 ], [ -74.1326726, 4.8258843 ], [ -74.1327687, 4.8258843 ], [ -74.1328649, 4.8258843 ], [ -74.132961, 4.8258843 ], [ -74.1330571, 4.8258843 ], [ -74.1331532, 4.8258843 ], [ -74.1332493, 4.8258843 ], [ -74.1333454, 4.8258843 ], [ -74.1334415, 4.8258843 ], [ -74.1335376, 4.8258843 ], [ -74.1335856, 4.8257882 ], [ -74.1336817, 4.8257402 ], [ -74.1337778, 4.8257402 ], [ -74.1338739, 4.8256921 ], [ -74.133922, 4.825596 ], [ -74.1340181, 4.8255479 ], [ -74.1341142, 4.8255479 ], [ -74.1342103, 4.8255479 ], [ -74.1343064, 4.8255479 ], [ -74.1344025, 4.8255479 ], [ -74.1344986, 4.8255479 ], [ -74.1345947, 4.8254999 ], [ -74.1346908, 4.8254999 ], [ -74.1347869, 4.8255479 ], [ -74.134835, 4.825644 ], [ -74.1349311, 4.825644 ], [ -74.1350272, 4.8256921 ], [ -74.1350272, 4.8257882 ], [ -74.1351233, 4.8257882 ], [ -74.1352194, 4.8257882 ], [ -74.1353155, 4.8258363 ], [ -74.1354116, 4.8258363 ], [ -74.1355077, 4.8258363 ], [ -74.1356038, 4.8258363 ], [ -74.1356999, 4.8258363 ], [ -74.135796, 4.8258363 ], [ -74.135844, 4.8257402 ], [ -74.1358921, 4.825644 ], [ -74.1358921, 4.8255479 ], [ -74.135844, 4.8254518 ], [ -74.135796, 4.8253557 ], [ -74.1356999, 4.8253077 ], [ -74.1356518, 4.8252116 ], [ -74.1356038, 4.8251155 ], [ -74.1355077, 4.8250674 ], [ -74.1354596, 4.8249713 ], [ -74.1354116, 4.8248752 ], [ -74.1353155, 4.8247791 ], [ -74.1352194, 4.8247311 ], [ -74.1351713, 4.824635 ], [ -74.1350752, 4.8245869 ], [ -74.1350272, 4.8244908 ], [ -74.1349311, 4.8244428 ], [ -74.134835, 4.8243947 ], [ -74.134835, 4.8242986 ], [ -74.1347869, 4.8242025 ], [ -74.1347389, 4.8241064 ], [ -74.1346908, 4.8240103 ], [ -74.1346428, 4.8239142 ], [ -74.1346428, 4.8238181 ], [ -74.1346428, 4.823722 ], [ -74.1345947, 4.8236259 ], [ -74.1345467, 4.8235298 ], [ -74.1344506, 4.8234817 ], [ -74.1344506, 4.8233856 ], [ -74.1343544, 4.8233376 ], [ -74.1342583, 4.8232895 ], [ -74.1342583, 4.8231934 ], [ -74.1341622, 4.8231454 ], [ -74.1340661, 4.8230973 ], [ -74.1340661, 4.8230012 ], [ -74.13397, 4.8229532 ], [ -74.1338739, 4.8229051 ], [ -74.1338739, 4.822809 ], [ -74.1337778, 4.822761 ], [ -74.1336817, 4.8227129 ], [ -74.1335856, 4.8226649 ], [ -74.1335376, 4.8225687 ], [ -74.1334415, 4.8225687 ], [ -74.1333934, 4.8224726 ], [ -74.1332973, 4.8224726 ], [ -74.1332973, 4.8223765 ], [ -74.1332012, 4.8223285 ], [ -74.1331051, 4.8222804 ], [ -74.1330571, 4.8221843 ], [ -74.133009, 4.8220882 ], [ -74.1329129, 4.8220402 ], [ -74.1328649, 4.8219441 ], [ -74.1327687, 4.821896 ], [ -74.1327687, 4.8217999 ], [ -74.1326726, 4.8217999 ], [ -74.1326246, 4.8217038 ], [ -74.1325765, 4.8216077 ], [ -74.1324804, 4.8215597 ], [ -74.1324804, 4.8214636 ], [ -74.1324804, 4.8213675 ], [ -74.1324804, 4.8212714 ], [ -74.1324804, 4.8211753 ], [ -74.1325285, 4.8210791 ], [ -74.1325765, 4.820983 ], [ -74.1326726, 4.820983 ], [ -74.1327687, 4.820983 ], [ -74.1328649, 4.820983 ], [ -74.132961, 4.820983 ], [ -74.1330571, 4.820983 ], [ -74.1331532, 4.820983 ], [ -74.1332493, 4.8210311 ], [ -74.1333454, 4.8210311 ], [ -74.1334415, 4.8210791 ], [ -74.1335376, 4.8211272 ], [ -74.1335856, 4.8212233 ], [ -74.1336817, 4.8212714 ], [ -74.1337778, 4.8213194 ], [ -74.1338259, 4.8214155 ], [ -74.1338739, 4.8215116 ], [ -74.13397, 4.8215597 ], [ -74.13397, 4.8216558 ], [ -74.1340661, 4.8217038 ], [ -74.1341622, 4.8217519 ], [ -74.1341622, 4.821848 ], [ -74.1342583, 4.821896 ], [ -74.1343064, 4.8219921 ], [ -74.1344025, 4.8220882 ], [ -74.1344506, 4.8221843 ], [ -74.1344986, 4.8222804 ], [ -74.1345947, 4.8223765 ], [ -74.1346908, 4.8224726 ], [ -74.1347389, 4.8225687 ], [ -74.1347869, 4.8226649 ], [ -74.134883, 4.8227129 ], [ -74.1349311, 4.822809 ], [ -74.1349791, 4.8229051 ], [ -74.1350752, 4.8229532 ], [ -74.1351233, 4.8230493 ], [ -74.1352194, 4.8230973 ], [ -74.1353155, 4.8231454 ], [ -74.1353155, 4.8232415 ], [ -74.1354116, 4.8232895 ], [ -74.1354596, 4.8233856 ], [ -74.1355557, 4.8234337 ], [ -74.1356038, 4.8235298 ], [ -74.1356999, 4.8235298 ], [ -74.1356999, 4.8236259 ], [ -74.135796, 4.8236739 ], [ -74.1358921, 4.823722 ], [ -74.1359401, 4.8238181 ], [ -74.1360363, 4.8238661 ], [ -74.1361324, 4.8239142 ], [ -74.1361804, 4.8240103 ], [ -74.1362765, 4.8240583 ], [ -74.1363726, 4.8241064 ], [ -74.1364207, 4.8242025 ], [ -74.1365168, 4.8242025 ], [ -74.1366129, 4.8242025 ], [ -74.136709, 4.8242025 ], [ -74.1368051, 4.8242506 ], [ -74.1369012, 4.8242506 ], [ -74.1369973, 4.8242986 ], [ -74.1370934, 4.8243467 ], [ -74.1371895, 4.8242986 ], [ -74.1371895, 4.8242025 ], [ -74.1371895, 4.8241064 ], [ -74.1371895, 4.8240103 ], [ -74.1371895, 4.8239142 ], [ -74.1371895, 4.8238181 ], [ -74.1371895, 4.823722 ], [ -74.1371895, 4.8236259 ], [ -74.1371414, 4.8235298 ], [ -74.1371414, 4.8234337 ], [ -74.1370934, 4.8233376 ], [ -74.1370934, 4.8232415 ], [ -74.1370934, 4.8231454 ], [ -74.1370934, 4.8230493 ], [ -74.1370934, 4.8229532 ], [ -74.1370934, 4.8228571 ], [ -74.1370934, 4.822761 ], [ -74.1371414, 4.8226649 ], [ -74.1372375, 4.8226649 ], [ -74.1372856, 4.8225687 ], [ -74.1373336, 4.8224726 ], [ -74.1373817, 4.8223765 ], [ -74.1374778, 4.8223285 ], [ -74.1375259, 4.8222324 ], [ -74.1375259, 4.8221363 ], [ -74.1375739, 4.8220402 ], [ -74.1375739, 4.8219441 ], [ -74.13767, 4.821896 ], [ -74.13767, 4.8217999 ], [ -74.1377181, 4.8217038 ], [ -74.1378142, 4.8216558 ], [ -74.1379103, 4.8215597 ], [ -74.1380064, 4.8215116 ], [ -74.1380544, 4.8214155 ], [ -74.1381505, 4.8213675 ], [ -74.1381986, 4.8212714 ], [ -74.1382466, 4.8211753 ], [ -74.1382947, 4.8210791 ], [ -74.1383427, 4.820983 ], [ -74.1383427, 4.8208869 ], [ -74.1383908, 4.8207908 ], [ -74.1384388, 4.8206947 ], [ -74.1384869, 4.8205986 ], [ -74.1385349, 4.8205025 ], [ -74.138583, 4.8204064 ], [ -74.138583, 4.8203103 ], [ -74.138631, 4.8202142 ], [ -74.1386791, 4.8201181 ], [ -74.1387271, 4.820022 ], [ -74.1387752, 4.8199259 ], [ -74.1387752, 4.8198298 ], [ -74.1388232, 4.8197337 ], [ -74.1388713, 4.8196376 ], [ -74.1389193, 4.8195415 ], [ -74.1389674, 4.8194454 ], [ -74.1390154, 4.8193493 ], [ -74.1390635, 4.8192532 ], [ -74.1391116, 4.8191571 ], [ -74.1392077, 4.819109 ], [ -74.1393038, 4.819061 ], [ -74.1393999, 4.8190129 ], [ -74.139496, 4.8189649 ], [ -74.1395921, 4.8189649 ], [ -74.1396882, 4.8189649 ], [ -74.1397843, 4.8189649 ], [ -74.1398804, 4.8189168 ], [ -74.1399284, 4.8188207 ], [ -74.1399765, 4.8187246 ], [ -74.1399765, 4.8186285 ], [ -74.1399765, 4.8185324 ], [ -74.1399284, 4.8184363 ], [ -74.1398323, 4.8183883 ], [ -74.1397362, 4.8183883 ], [ -74.1396882, 4.8182922 ], [ -74.1395921, 4.8182441 ], [ -74.139544, 4.818148 ], [ -74.1394479, 4.8181 ], [ -74.1394479, 4.8180038 ], [ -74.1394479, 4.8179077 ], [ -74.1394479, 4.8178116 ], [ -74.139496, 4.8177155 ], [ -74.139496, 4.8176194 ], [ -74.139544, 4.8175233 ], [ -74.139544, 4.8174272 ], [ -74.139544, 4.8173311 ], [ -74.139544, 4.817235 ], [ -74.1395921, 4.8171389 ], [ -74.1395921, 4.8170428 ], [ -74.1395921, 4.8169467 ], [ -74.1395921, 4.8168506 ], [ -74.139496, 4.8168026 ], [ -74.1393999, 4.8168026 ], [ -74.1393038, 4.8168026 ], [ -74.1392077, 4.8168026 ], [ -74.1391116, 4.8168026 ], [ -74.1390154, 4.8168026 ], [ -74.1389193, 4.8168026 ], [ -74.1388232, 4.8168026 ], [ -74.1387271, 4.8168026 ], [ -74.138631, 4.8168026 ], [ -74.1385349, 4.8168026 ], [ -74.1384388, 4.8168026 ], [ -74.1383427, 4.8168026 ], [ -74.1382466, 4.8168026 ], [ -74.1381505, 4.8168026 ], [ -74.1380544, 4.8168026 ], [ -74.1379583, 4.8168506 ], [ -74.1378622, 4.8168506 ], [ -74.1377661, 4.8168506 ], [ -74.13767, 4.8168506 ], [ -74.1375739, 4.8168506 ], [ -74.1374778, 4.8168506 ], [ -74.1373817, 4.8168506 ], [ -74.1372856, 4.8168506 ], [ -74.1371895, 4.8168506 ], [ -74.1370934, 4.8168506 ], [ -74.1369973, 4.8168506 ], [ -74.1369012, 4.8168506 ], [ -74.1368051, 4.8168506 ], [ -74.136709, 4.8168506 ], [ -74.1366129, 4.8168506 ], [ -74.1365168, 4.8168987 ], [ -74.1364207, 4.8168987 ], [ -74.1363246, 4.8169467 ], [ -74.1362285, 4.8169467 ], [ -74.1361324, 4.8169467 ], [ -74.1360363, 4.8169467 ], [ -74.1359401, 4.8169948 ], [ -74.135844, 4.8169948 ], [ -74.1357479, 4.8169948 ], [ -74.1356518, 4.8169948 ], [ -74.1355557, 4.8169948 ], [ -74.1354596, 4.8170428 ], [ -74.1353635, 4.8170909 ], [ -74.1352674, 4.8170909 ], [ -74.1351713, 4.8170909 ], [ -74.1351233, 4.8169948 ], [ -74.1350272, 4.8169467 ], [ -74.1349791, 4.8168506 ], [ -74.1349311, 4.8167545 ], [ -74.134883, 4.8166584 ], [ -74.134883, 4.8165623 ], [ -74.134883, 4.8164662 ], [ -74.134883, 4.8163701 ], [ -74.1349311, 4.816274 ], [ -74.1350272, 4.8162259 ], [ -74.1350752, 4.8161298 ], [ -74.1351713, 4.8160818 ], [ -74.1352194, 4.8159857 ], [ -74.1351233, 4.8159376 ], [ -74.1350272, 4.8159376 ], [ -74.1349311, 4.8159376 ], [ -74.134835, 4.8159376 ], [ -74.1347389, 4.8159376 ], [ -74.1346428, 4.8159376 ], [ -74.1345467, 4.8159376 ], [ -74.1344506, 4.8159376 ], [ -74.1343544, 4.8159376 ], [ -74.1342583, 4.8158896 ], [ -74.1341622, 4.8158415 ], [ -74.1340661, 4.8157935 ], [ -74.13397, 4.8157454 ], [ -74.13397, 4.8156493 ], [ -74.1338739, 4.8156493 ], [ -74.1338259, 4.8155532 ], [ -74.1337298, 4.8155532 ], [ -74.1336337, 4.8155532 ], [ -74.1335856, 4.8154571 ], [ -74.1334895, 4.8154571 ], [ -74.1333934, 4.8154571 ], [ -74.1333454, 4.815361 ], [ -74.1332973, 4.8152649 ], [ -74.1332493, 4.8151688 ], [ -74.1332493, 4.8150727 ], [ -74.1332493, 4.8149766 ], [ -74.1332493, 4.8148805 ], [ -74.1332493, 4.8147844 ], [ -74.1332493, 4.8146883 ], [ -74.1332493, 4.8145922 ], [ -74.1332493, 4.8144961 ], [ -74.1332493, 4.8144 ], [ -74.1332973, 4.8143039 ], [ -74.1333454, 4.8142078 ], [ -74.1334415, 4.8141597 ], [ -74.1334415, 4.8140636 ], [ -74.1335376, 4.8140156 ], [ -74.1336337, 4.8139675 ], [ -74.1336337, 4.8138714 ], [ -74.1337298, 4.8138714 ], [ -74.1337778, 4.8137753 ], [ -74.1338739, 4.8137753 ], [ -74.13397, 4.8137273 ], [ -74.1340661, 4.8136312 ], [ -74.1341622, 4.8136312 ], [ -74.1342583, 4.8135831 ], [ -74.1343544, 4.8135351 ], [ -74.1344506, 4.813487 ], [ -74.1345467, 4.813439 ], [ -74.1346428, 4.8133909 ], [ -74.1347389, 4.8133428 ], [ -74.134835, 4.8133428 ], [ -74.1349311, 4.8133428 ], [ -74.1350272, 4.8133428 ], [ -74.1351233, 4.8133909 ], [ -74.1351233, 4.813487 ], [ -74.1352194, 4.8135351 ], [ -74.1353155, 4.8135831 ], [ -74.1353635, 4.8136792 ], [ -74.1354596, 4.8137753 ], [ -74.1355557, 4.8138714 ], [ -74.1356038, 4.8139675 ], [ -74.1356999, 4.8140156 ], [ -74.1357479, 4.8141117 ], [ -74.135844, 4.8141597 ], [ -74.1358921, 4.8142558 ], [ -74.1359882, 4.8143039 ], [ -74.1360843, 4.8143519 ], [ -74.1361324, 4.814448 ], [ -74.1362285, 4.8144961 ], [ -74.1363246, 4.8145441 ], [ -74.1364207, 4.8146402 ], [ -74.1365168, 4.8146883 ], [ -74.1366129, 4.8147363 ], [ -74.136709, 4.8147844 ], [ -74.1368051, 4.8148324 ], [ -74.1369012, 4.8148805 ], [ -74.1369973, 4.8149286 ], [ -74.1370934, 4.8149766 ], [ -74.1371895, 4.8149766 ], [ -74.1372856, 4.8150247 ], [ -74.1373817, 4.8150727 ], [ -74.1374778, 4.8150727 ], [ -74.1375739, 4.8151208 ], [ -74.13767, 4.8151208 ], [ -74.1377661, 4.8151208 ], [ -74.1378622, 4.8151688 ], [ -74.1379583, 4.8151688 ], [ -74.1380544, 4.8151688 ], [ -74.1381505, 4.8152169 ], [ -74.1382466, 4.8152169 ], [ -74.1383427, 4.8152169 ], [ -74.1384388, 4.8152169 ], [ -74.1385349, 4.8152169 ], [ -74.138631, 4.8152169 ], [ -74.1387271, 4.8152169 ], [ -74.1388232, 4.8152649 ], [ -74.1389193, 4.8152649 ], [ -74.1390154, 4.815313 ], [ -74.1391116, 4.815313 ], [ -74.1391596, 4.8152169 ], [ -74.1391596, 4.8151208 ], [ -74.1391596, 4.8150247 ], [ -74.1391596, 4.8149286 ], [ -74.1390635, 4.8149286 ], [ -74.1390154, 4.8148324 ], [ -74.1389193, 4.8147844 ], [ -74.1388232, 4.8147363 ], [ -74.1387271, 4.8147363 ], [ -74.1386791, 4.8146402 ], [ -74.138583, 4.8146402 ], [ -74.1384869, 4.8145922 ], [ -74.1383908, 4.8145441 ], [ -74.1383427, 4.814448 ], [ -74.1382466, 4.814448 ], [ -74.1381986, 4.8143519 ], [ -74.1381505, 4.8142558 ], [ -74.1380544, 4.8142558 ], [ -74.1380064, 4.8141597 ], [ -74.1379583, 4.8140636 ], [ -74.1378622, 4.8140156 ], [ -74.1378622, 4.8139195 ], [ -74.1378142, 4.8138234 ], [ -74.1377661, 4.8137273 ], [ -74.1377661, 4.8136312 ], [ -74.1377661, 4.8135351 ], [ -74.1377181, 4.813439 ], [ -74.13767, 4.8133428 ], [ -74.13767, 4.8132467 ], [ -74.1377661, 4.8131987 ], [ -74.1378622, 4.8131506 ], [ -74.1379583, 4.8131026 ], [ -74.1380544, 4.8130545 ], [ -74.1381505, 4.8130545 ], [ -74.1382466, 4.8130545 ], [ -74.1383427, 4.8130545 ], [ -74.1384388, 4.8130545 ], [ -74.1385349, 4.8131026 ], [ -74.138631, 4.8131506 ], [ -74.1387271, 4.8131987 ], [ -74.1387752, 4.8132948 ], [ -74.1388713, 4.8133428 ], [ -74.1389674, 4.8133909 ], [ -74.1390635, 4.813439 ], [ -74.1391116, 4.8135351 ], [ -74.1392077, 4.8135831 ], [ -74.1393038, 4.8136312 ], [ -74.1393038, 4.8137273 ], [ -74.1393518, 4.8138234 ], [ -74.1393518, 4.8139195 ], [ -74.1393518, 4.8140156 ], [ -74.1393999, 4.8141117 ], [ -74.139496, 4.8141597 ], [ -74.139544, 4.8142558 ], [ -74.1396401, 4.8143039 ], [ -74.1397362, 4.8143519 ], [ -74.1398323, 4.8144 ], [ -74.1399284, 4.814448 ], [ -74.1400245, 4.8144961 ], [ -74.1401206, 4.8145441 ], [ -74.1402167, 4.8145441 ], [ -74.1403128, 4.8145922 ], [ -74.1404089, 4.8145922 ], [ -74.140505, 4.8145922 ], [ -74.1406012, 4.8145922 ], [ -74.1406973, 4.8145922 ], [ -74.1407934, 4.8145922 ], [ -74.1408895, 4.8145922 ], [ -74.1410336, 4.8145922 ], [ -74.1411297, 4.8145922 ], [ -74.1412258, 4.8145922 ], [ -74.1413219, 4.8145922 ], [ -74.141418, 4.8145922 ], [ -74.1415141, 4.8145922 ], [ -74.1416102, 4.8145922 ], [ -74.1417063, 4.8145922 ], [ -74.1418024, 4.8145922 ], [ -74.1418985, 4.8145441 ], [ -74.1419946, 4.8145441 ], [ -74.1420907, 4.8145441 ], [ -74.1421869, 4.8145441 ], [ -74.142283, 4.8145441 ], [ -74.1423791, 4.8145441 ], [ -74.1424752, 4.8145441 ], [ -74.1425713, 4.8145441 ], [ -74.1426674, 4.8144961 ], [ -74.1427635, 4.8144961 ], [ -74.1428596, 4.814448 ], [ -74.1429557, 4.814448 ], [ -74.1430518, 4.814448 ], [ -74.1431479, 4.814448 ], [ -74.143244, 4.814448 ], [ -74.1433401, 4.814448 ], [ -74.1434362, 4.8144 ], [ -74.1435323, 4.8144 ], [ -74.1436284, 4.8143519 ], [ -74.1437245, 4.8143519 ], [ -74.1438206, 4.8143039 ], [ -74.1439167, 4.8143039 ], [ -74.1440128, 4.8143039 ], [ -74.1441089, 4.8143039 ], [ -74.144205, 4.8143039 ], [ -74.1443011, 4.8143039 ], [ -74.1443972, 4.8142558 ], [ -74.1444933, 4.8142558 ], [ -74.1445894, 4.8142078 ], [ -74.1446375, 4.8141117 ], [ -74.1447336, 4.8141117 ], [ -74.1447816, 4.8140156 ], [ -74.1448777, 4.8139675 ], [ -74.1449258, 4.8138714 ], [ -74.1450219, 4.8138234 ], [ -74.1450699, 4.8137273 ], [ -74.145166, 4.8136792 ], [ -74.1452141, 4.8135831 ], [ -74.1452622, 4.813487 ], [ -74.1453583, 4.813439 ], [ -74.1453583, 4.8133428 ], [ -74.1454544, 4.8132948 ], [ -74.1455024, 4.8131987 ], [ -74.1455505, 4.8131026 ], [ -74.1456466, 4.8130545 ], [ -74.1456946, 4.8129584 ], [ -74.1457427, 4.8128623 ], [ -74.1457907, 4.8127662 ], [ -74.1457907, 4.8126701 ], [ -74.1457907, 4.812574 ], [ -74.1458388, 4.8124779 ], [ -74.1458388, 4.8123818 ], [ -74.1458388, 4.8122857 ], [ -74.1458388, 4.8121896 ], [ -74.1458388, 4.8120935 ], [ -74.1458388, 4.8119974 ], [ -74.1458868, 4.8119013 ], [ -74.1459349, 4.8118052 ], [ -74.1459829, 4.8117091 ], [ -74.146031, 4.811613 ], [ -74.1461271, 4.8115649 ], [ -74.1461271, 4.8114688 ], [ -74.1461751, 4.8113727 ], [ -74.1462712, 4.8113247 ], [ -74.1463193, 4.8112286 ], [ -74.1464154, 4.8111805 ], [ -74.1464154, 4.8110844 ], [ -74.1464634, 4.8109883 ], [ -74.1465595, 4.8109403 ], [ -74.1465595, 4.8108442 ], [ -74.1465595, 4.8107481 ], [ -74.1466076, 4.810652 ], [ -74.1466076, 4.8105559 ], [ -74.1466076, 4.8104598 ], [ -74.1466076, 4.8103637 ], [ -74.1466556, 4.8102675 ], [ -74.1466556, 4.8101714 ], [ -74.1467518, 4.8101234 ], [ -74.1467518, 4.8100273 ], [ -74.1467998, 4.8099312 ], [ -74.1468479, 4.8098351 ], [ -74.1468479, 4.809739 ], [ -74.146944, 4.8096909 ], [ -74.146992, 4.8095948 ], [ -74.1470401, 4.8094987 ], [ -74.1470881, 4.8094026 ], [ -74.1471842, 4.8093546 ], [ -74.1471842, 4.8092585 ], [ -74.1472323, 4.8091624 ], [ -74.1473284, 4.8091624 ], [ -74.1473284, 4.8090663 ], [ -74.1473764, 4.8089702 ], [ -74.1474245, 4.8088741 ], [ -74.1475206, 4.808778 ], [ -74.1475686, 4.8086818 ], [ -74.1476167, 4.8085857 ], [ -74.1477128, 4.8085377 ], [ -74.1477608, 4.8084416 ], [ -74.1478089, 4.8083455 ], [ -74.147905, 4.8082974 ], [ -74.147953, 4.8082013 ], [ -74.1480491, 4.8081533 ], [ -74.1480972, 4.8080572 ], [ -74.1481933, 4.8080091 ], [ -74.1482894, 4.8079611 ], [ -74.1483375, 4.807865 ], [ -74.1483855, 4.8077689 ], [ -74.1483855, 4.8076728 ], [ -74.1484336, 4.8075767 ], [ -74.1484336, 4.8074806 ], [ -74.1484816, 4.8073845 ], [ -74.1485297, 4.8072884 ], [ -74.1485777, 4.8071922 ], [ -74.1486258, 4.8070961 ], [ -74.1486258, 4.807 ], [ -74.1486258, 4.8069039 ], [ -74.1486738, 4.8068078 ], [ -74.1487219, 4.8067117 ], [ -74.1487219, 4.8066156 ], [ -74.1487219, 4.8065195 ], [ -74.1487219, 4.8064234 ], [ -74.1487219, 4.8063273 ], [ -74.1487219, 4.8062312 ], [ -74.1487219, 4.8061351 ], [ -74.1487219, 4.806039 ], [ -74.1487219, 4.8059429 ], [ -74.1487219, 4.8058468 ], [ -74.1486738, 4.8057507 ], [ -74.1486738, 4.8056546 ], [ -74.1486738, 4.8055585 ], [ -74.1486258, 4.8054624 ], [ -74.1486258, 4.8053663 ], [ -74.1485777, 4.8052702 ], [ -74.1485777, 4.8051741 ], [ -74.1485297, 4.805078 ], [ -74.1484816, 4.8049819 ], [ -74.1484816, 4.8048858 ], [ -74.1484336, 4.8047897 ], [ -74.1484336, 4.8046936 ], [ -74.1483855, 4.8045975 ], [ -74.1483375, 4.8045014 ], [ -74.1482894, 4.8044053 ], [ -74.1482413, 4.8043092 ], [ -74.1481933, 4.8042131 ], [ -74.1480972, 4.804165 ], [ -74.1480491, 4.8040689 ], [ -74.1480011, 4.8039728 ], [ -74.147905, 4.8039247 ], [ -74.147905, 4.8038286 ], [ -74.1478089, 4.8037806 ], [ -74.1478089, 4.8036845 ], [ -74.1477128, 4.8036364 ], [ -74.1476647, 4.8035403 ], [ -74.1475686, 4.8035403 ], [ -74.1475206, 4.8034442 ], [ -74.1474245, 4.8033962 ], [ -74.1473284, 4.8033962 ], [ -74.1472323, 4.8033481 ], [ -74.1471362, 4.8033481 ], [ -74.1470401, 4.8033001 ], [ -74.146944, 4.8033001 ], [ -74.1468479, 4.8033001 ], [ -74.1467518, 4.803252 ], [ -74.1466556, 4.803252 ], [ -74.1465595, 4.803204 ], [ -74.1464634, 4.803204 ], [ -74.1463673, 4.803204 ], [ -74.1462712, 4.803204 ], [ -74.1462232, 4.8033001 ], [ -74.1461271, 4.8033001 ], [ -74.146031, 4.8033481 ], [ -74.1459349, 4.8033481 ], [ -74.1458388, 4.8033481 ], [ -74.1457427, 4.8033962 ], [ -74.1456466, 4.8034442 ], [ -74.1455505, 4.8034923 ], [ -74.1454544, 4.8035403 ], [ -74.1453583, 4.8035884 ], [ -74.1452622, 4.8035884 ], [ -74.1452622, 4.8034923 ], [ -74.1452622, 4.8033962 ], [ -74.1452622, 4.8033001 ], [ -74.1452622, 4.803204 ], [ -74.1453102, 4.8031079 ], [ -74.1453583, 4.8030118 ], [ -74.1454063, 4.8029157 ], [ -74.1454544, 4.8028196 ], [ -74.1455505, 4.8028196 ], [ -74.1455985, 4.8027235 ], [ -74.1456946, 4.8026754 ], [ -74.1457907, 4.8025793 ], [ -74.1458868, 4.8025312 ], [ -74.1459349, 4.8024351 ], [ -74.146031, 4.8023871 ], [ -74.1461271, 4.802339 ], [ -74.1461271, 4.8022429 ], [ -74.1462232, 4.8021949 ], [ -74.1462712, 4.8020988 ], [ -74.1463193, 4.8020027 ], [ -74.1463673, 4.8019066 ], [ -74.1464634, 4.8018585 ], [ -74.1465595, 4.8018105 ], [ -74.1466556, 4.8017624 ], [ -74.1467518, 4.8017144 ], [ -74.1468479, 4.8017144 ], [ -74.146944, 4.8017144 ], [ -74.1470401, 4.8017144 ], [ -74.1471362, 4.8017144 ], [ -74.1472323, 4.8016663 ], [ -74.1473284, 4.8016183 ], [ -74.1474245, 4.8015702 ], [ -74.1475206, 4.8015222 ], [ -74.1475686, 4.8014261 ], [ -74.1476647, 4.801378 ], [ -74.1477608, 4.80133 ], [ -74.1478089, 4.8012339 ], [ -74.147905, 4.8011858 ], [ -74.1480011, 4.8011378 ], [ -74.1480972, 4.8010897 ], [ -74.1481933, 4.8010416 ], [ -74.1482894, 4.8010416 ], [ -74.1483375, 4.8009455 ], [ -74.1483855, 4.8008494 ], [ -74.1483855, 4.8007533 ], [ -74.1484336, 4.8006572 ], [ -74.1484336, 4.8005611 ], [ -74.1490582, 4.7991676 ], [ -74.1490582, 4.7992637 ], [ -74.1490582, 4.7993598 ], [ -74.1490582, 4.7994559 ], [ -74.1491063, 4.7995521 ], [ -74.1491063, 4.7996482 ], [ -74.1491543, 4.7997443 ], [ -74.1492024, 4.7998404 ], [ -74.1492024, 4.7999365 ], [ -74.1492504, 4.8000326 ], [ -74.1492504, 4.8001287 ], [ -74.1492504, 4.8002248 ], [ -74.1492504, 4.8003209 ], [ -74.1492504, 4.800417 ], [ -74.1492504, 4.8005131 ], [ -74.1492985, 4.8006092 ], [ -74.1492985, 4.8007053 ], [ -74.1492985, 4.8008014 ], [ -74.1492985, 4.8008975 ], [ -74.1492985, 4.8009936 ], [ -74.1492985, 4.8010897 ], [ -74.1492985, 4.8011858 ], [ -74.1492504, 4.8012819 ], [ -74.1492504, 4.801378 ], [ -74.1492504, 4.8014741 ], [ -74.1492504, 4.8015702 ], [ -74.1492504, 4.8016663 ], [ -74.1492985, 4.8017624 ], [ -74.1493465, 4.8018585 ], [ -74.1493946, 4.8019546 ], [ -74.1494426, 4.8020507 ], [ -74.1494426, 4.8021468 ], [ -74.1494907, 4.8022429 ], [ -74.1495387, 4.802339 ], [ -74.1495868, 4.8024351 ], [ -74.1496348, 4.8025312 ], [ -74.1496829, 4.8026274 ], [ -74.149779, 4.8026754 ], [ -74.149827, 4.8027715 ], [ -74.1499232, 4.8028196 ], [ -74.1499232, 4.8029157 ], [ -74.1500193, 4.8029637 ], [ -74.1500673, 4.8030598 ], [ -74.1501634, 4.8031079 ], [ -74.1502595, 4.8031559 ], [ -74.1502595, 4.803252 ], [ -74.1503076, 4.8033481 ], [ -74.1504037, 4.8033481 ], [ -74.1504037, 4.8034442 ], [ -74.1504998, 4.8035403 ], [ -74.1505959, 4.8036364 ], [ -74.1506439, 4.8037325 ], [ -74.15074, 4.8037806 ], [ -74.1507881, 4.8038767 ], [ -74.1508842, 4.8039247 ], [ -74.1509803, 4.8039728 ], [ -74.1510283, 4.8040689 ], [ -74.1510764, 4.804165 ], [ -74.1511725, 4.804165 ], [ -74.1511725, 4.8042611 ], [ -74.1512205, 4.8043572 ], [ -74.1512205, 4.8044533 ], [ -74.1512686, 4.8045494 ], [ -74.1512686, 4.8046455 ], [ -74.1512686, 4.8047416 ], [ -74.1512686, 4.8048377 ], [ -74.1512686, 4.8049338 ], [ -74.1512686, 4.8050299 ], [ -74.1512686, 4.805126 ], [ -74.1512686, 4.8052221 ], [ -74.1512686, 4.8053182 ], [ -74.1512686, 4.8054143 ], [ -74.1512686, 4.8055104 ], [ -74.1512686, 4.8056065 ], [ -74.1512686, 4.8057027 ], [ -74.1512686, 4.8057988 ], [ -74.1512686, 4.8058949 ], [ -74.1512686, 4.805991 ], [ -74.1512686, 4.8060871 ], [ -74.1512686, 4.8061832 ], [ -74.1512686, 4.8062793 ], [ -74.1512686, 4.8063754 ], [ -74.1512686, 4.8064715 ], [ -74.1512686, 4.8065676 ], [ -74.1512686, 4.8066637 ], [ -74.1512686, 4.8067598 ], [ -74.1512686, 4.8068559 ], [ -74.1512686, 4.806952 ], [ -74.1512686, 4.8070481 ], [ -74.1512686, 4.8071442 ], [ -74.1512686, 4.8072403 ], [ -74.1512686, 4.8073364 ], [ -74.1512686, 4.8074325 ], [ -74.1512686, 4.8075286 ], [ -74.1512686, 4.8076247 ], [ -74.1513166, 4.8077208 ], [ -74.1513166, 4.8078169 ], [ -74.1513647, 4.807913 ], [ -74.1513647, 4.8080091 ], [ -74.1514128, 4.8081052 ], [ -74.1514128, 4.8082013 ], [ -74.1514608, 4.8082974 ], [ -74.1514608, 4.8083935 ], [ -74.1514608, 4.8084896 ], [ -74.1515089, 4.8085857 ], [ -74.1515569, 4.8086818 ], [ -74.151605, 4.808778 ], [ -74.151653, 4.8088741 ], [ -74.1517011, 4.8089702 ], [ -74.1517011, 4.8090663 ], [ -74.1517491, 4.8091624 ], [ -74.1517491, 4.8092585 ], [ -74.1517972, 4.8093546 ], [ -74.1517972, 4.8094507 ], [ -74.1518452, 4.8095468 ], [ -74.1518452, 4.8096429 ], [ -74.1518933, 4.809739 ], [ -74.1519413, 4.8098351 ], [ -74.1519413, 4.8099312 ], [ -74.1519894, 4.8100273 ], [ -74.1520374, 4.8101234 ], [ -74.1520374, 4.8102195 ], [ -74.1520855, 4.8103156 ], [ -74.1521816, 4.8103637 ], [ -74.1521816, 4.8104598 ], [ -74.1522296, 4.8105559 ], [ -74.1522296, 4.810652 ], [ -74.1523257, 4.8107 ], [ -74.1523738, 4.8107961 ], [ -74.1523738, 4.8108922 ], [ -74.1524699, 4.8109403 ], [ -74.1524699, 4.8110364 ], [ -74.152566, 4.8110844 ], [ -74.152566, 4.8111805 ], [ -74.152614, 4.8112766 ], [ -74.1526621, 4.8113727 ], [ -74.1527101, 4.8114688 ], [ -74.1527582, 4.8115649 ], [ -74.1528062, 4.811661 ], [ -74.1528543, 4.8117571 ], [ -74.1529504, 4.8118052 ], [ -74.1529985, 4.8119013 ], [ -74.1530465, 4.8119974 ], [ -74.1531426, 4.8120455 ], [ -74.1531907, 4.8121416 ], [ -74.1532868, 4.8121896 ], [ -74.1533348, 4.8122857 ], [ -74.1534309, 4.8123338 ], [ -74.153479, 4.8124299 ], [ -74.1535751, 4.8124779 ], [ -74.1536712, 4.812526 ], [ -74.1537192, 4.8126221 ], [ -74.1538153, 4.8126701 ], [ -74.1538634, 4.8127662 ], [ -74.1539595, 4.8128623 ], [ -74.1540075, 4.8129584 ], [ -74.1540556, 4.8130545 ], [ -74.1541517, 4.8131026 ], [ -74.1541517, 4.8131987 ], [ -74.1542478, 4.8132467 ], [ -74.1542958, 4.8133428 ], [ -74.1543919, 4.8133909 ], [ -74.15444, 4.813487 ], [ -74.1545361, 4.8135351 ], [ -74.1545842, 4.8136312 ], [ -74.1546803, 4.8136792 ], [ -74.1547764, 4.8137273 ], [ -74.1548244, 4.8138234 ], [ -74.1549205, 4.8138714 ], [ -74.1550166, 4.8139195 ], [ -74.1551127, 4.8140156 ], [ -74.1552088, 4.8140636 ], [ -74.1553049, 4.8141117 ], [ -74.155401, 4.8141117 ], [ -74.1554971, 4.8141597 ], [ -74.1555932, 4.8141597 ], [ -74.1556893, 4.8142078 ], [ -74.1557854, 4.8142558 ], [ -74.1558815, 4.8143039 ], [ -74.1559296, 4.8144 ], [ -74.1559776, 4.8144961 ], [ -74.1560738, 4.8145441 ], [ -74.1561699, 4.8145922 ], [ -74.1561699, 4.8146883 ], [ -74.156266, 4.8146883 ], [ -74.1563621, 4.8147844 ], [ -74.1564101, 4.8148805 ], [ -74.1565062, 4.8149286 ], [ -74.1566023, 4.8149766 ], [ -74.1566504, 4.8150727 ], [ -74.1566984, 4.8151688 ], [ -74.1567465, 4.8152649 ], [ -74.1567945, 4.815361 ], [ -74.1567945, 4.8154571 ], [ -74.1568426, 4.8155532 ], [ -74.1568426, 4.8156493 ], [ -74.1567945, 4.8157454 ], [ -74.1566984, 4.8157454 ], [ -74.1566023, 4.8157454 ], [ -74.1565062, 4.8157454 ], [ -74.1564101, 4.8157454 ], [ -74.156314, 4.8157454 ], [ -74.1562179, 4.8157454 ], [ -74.1561218, 4.8156974 ], [ -74.1560257, 4.8156493 ], [ -74.1559296, 4.8156013 ], [ -74.1558335, 4.8156013 ], [ -74.1557374, 4.8155532 ], [ -74.1556413, 4.8155052 ], [ -74.1555452, 4.8154571 ], [ -74.1554971, 4.815361 ], [ -74.155401, 4.815313 ], [ -74.155353, 4.8152169 ], [ -74.1553049, 4.8151208 ], [ -74.1552088, 4.8150727 ], [ -74.1552088, 4.8149766 ], [ -74.1551127, 4.8149766 ], [ -74.1550647, 4.8148805 ], [ -74.1550166, 4.8147844 ], [ -74.1549205, 4.8147363 ], [ -74.1548244, 4.8146883 ], [ -74.1547764, 4.8145922 ], [ -74.1546803, 4.8145922 ], [ -74.1545842, 4.8145441 ], [ -74.1544881, 4.8144961 ], [ -74.15444, 4.8144 ], [ -74.1543439, 4.8143519 ], [ -74.1542478, 4.8143039 ], [ -74.1541997, 4.8142078 ], [ -74.1541036, 4.8141597 ], [ -74.1540556, 4.8140636 ], [ -74.1539595, 4.8140156 ], [ -74.1539114, 4.8139195 ], [ -74.1538153, 4.8138714 ], [ -74.1537673, 4.8137753 ], [ -74.1536712, 4.8137273 ], [ -74.1536231, 4.8136312 ], [ -74.153527, 4.8135831 ], [ -74.153479, 4.813487 ], [ -74.1533829, 4.813439 ], [ -74.1533348, 4.8133428 ], [ -74.1532387, 4.8132948 ], [ -74.1531426, 4.8132948 ], [ -74.1530465, 4.8132467 ], [ -74.1529504, 4.8131987 ], [ -74.1528543, 4.8131506 ], [ -74.1527582, 4.8131026 ], [ -74.1527101, 4.8130065 ], [ -74.152614, 4.8129584 ], [ -74.1525179, 4.8129104 ], [ -74.1524699, 4.8128143 ], [ -74.1523738, 4.8127662 ], [ -74.1522777, 4.8127182 ], [ -74.1521816, 4.8126701 ], [ -74.1520855, 4.8126221 ], [ -74.1519894, 4.812574 ], [ -74.1518933, 4.812574 ], [ -74.1517972, 4.812526 ], [ -74.1517011, 4.8124779 ], [ -74.151605, 4.8124299 ], [ -74.1515089, 4.8123818 ], [ -74.1514128, 4.8123818 ], [ -74.1513166, 4.8123338 ], [ -74.1512686, 4.8122377 ], [ -74.1512205, 4.8121416 ], [ -74.1512205, 4.8120455 ], [ -74.1511725, 4.8119494 ], [ -74.1511244, 4.8118533 ], [ -74.1511244, 4.8117571 ], [ -74.1511244, 4.811661 ], [ -74.1510764, 4.8115649 ], [ -74.1510283, 4.8114688 ], [ -74.1510283, 4.8113727 ], [ -74.1509322, 4.8113247 ], [ -74.1509322, 4.8112286 ], [ -74.1508842, 4.8111325 ], [ -74.1508842, 4.8110364 ], [ -74.1508361, 4.8109403 ], [ -74.1508361, 4.8108442 ], [ -74.1507881, 4.8107481 ], [ -74.15074, 4.810652 ], [ -74.150692, 4.8105559 ], [ -74.1506439, 4.8104598 ], [ -74.1505959, 4.8103637 ], [ -74.1505959, 4.8102675 ], [ -74.1505959, 4.8101714 ], [ -74.1504998, 4.8101714 ], [ -74.1504517, 4.8100753 ], [ -74.1503556, 4.8100273 ], [ -74.1502595, 4.8101234 ], [ -74.1502595, 4.8102195 ], [ -74.1501634, 4.8102675 ], [ -74.1501154, 4.8103637 ], [ -74.1500673, 4.8104598 ], [ -74.1499712, 4.8105078 ], [ -74.1499232, 4.8106039 ], [ -74.1498751, 4.8107 ], [ -74.149779, 4.8107481 ], [ -74.1497309, 4.8108442 ], [ -74.1496348, 4.8108922 ], [ -74.1495868, 4.8109883 ], [ -74.1495387, 4.8110844 ], [ -74.1494426, 4.8111325 ], [ -74.1494426, 4.8112286 ], [ -74.1493465, 4.8112766 ], [ -74.1492985, 4.8113727 ], [ -74.1492985, 4.8114688 ], [ -74.1492504, 4.8115649 ], [ -74.1492504, 4.811661 ], [ -74.1492024, 4.8117571 ], [ -74.1491543, 4.8118533 ], [ -74.1491543, 4.8119494 ], [ -74.1491063, 4.8120455 ], [ -74.1490582, 4.8121416 ], [ -74.1490582, 4.8122377 ], [ -74.1489621, 4.8122857 ], [ -74.1489621, 4.8123818 ], [ -74.1489621, 4.8124779 ], [ -74.1489141, 4.812574 ], [ -74.148866, 4.8126701 ], [ -74.148866, 4.8127662 ], [ -74.148866, 4.8128623 ], [ -74.148818, 4.8129584 ], [ -74.148818, 4.8130545 ], [ -74.1487699, 4.8131506 ], [ -74.1487699, 4.8132467 ], [ -74.1486738, 4.8132948 ], [ -74.1486258, 4.8133909 ], [ -74.1485777, 4.813487 ], [ -74.1485297, 4.8135831 ], [ -74.1484816, 4.8136792 ], [ -74.1484336, 4.8137753 ], [ -74.1484336, 4.8138714 ], [ -74.1483375, 4.8139195 ], [ -74.1482413, 4.8139195 ], [ -74.1481452, 4.8139195 ], [ -74.1480972, 4.8140156 ], [ -74.1480011, 4.8140636 ], [ -74.147905, 4.8141117 ], [ -74.1478569, 4.8142078 ], [ -74.1477608, 4.8142558 ], [ -74.1476647, 4.8143039 ], [ -74.1476167, 4.8144 ], [ -74.1475686, 4.8144961 ], [ -74.1475206, 4.8145922 ], [ -74.1475206, 4.8146883 ], [ -74.1475206, 4.8147844 ], [ -74.1475206, 4.8148805 ], [ -74.1475686, 4.8149766 ], [ -74.1476167, 4.8150727 ], [ -74.1477128, 4.8151208 ], [ -74.1477608, 4.8152169 ], [ -74.1478569, 4.8152649 ], [ -74.1478569, 4.815361 ], [ -74.147953, 4.8154091 ], [ -74.1480011, 4.8155052 ], [ -74.1480491, 4.8156013 ], [ -74.1480972, 4.8156974 ], [ -74.1481933, 4.8157454 ], [ -74.1481933, 4.8158415 ], [ -74.1482413, 4.8159376 ], [ -74.1482894, 4.8160337 ], [ -74.1483855, 4.8160818 ], [ -74.1484336, 4.8161779 ], [ -74.1484816, 4.816274 ], [ -74.1485297, 4.8163701 ], [ -74.1485777, 4.8164662 ], [ -74.1486738, 4.8165143 ], [ -74.1486738, 4.8166104 ], [ -74.1487219, 4.8167065 ], [ -74.1487699, 4.8168026 ], [ -74.148866, 4.8168506 ], [ -74.1489141, 4.8169467 ], [ -74.1490102, 4.8169467 ], [ -74.1490582, 4.8170428 ], [ -74.1491543, 4.8170909 ], [ -74.1492024, 4.817187 ], [ -74.1492504, 4.8172831 ], [ -74.1493465, 4.8173311 ], [ -74.1493465, 4.8174272 ], [ -74.1494426, 4.8174753 ], [ -74.1494426, 4.8175714 ], [ -74.1494426, 4.8176675 ], [ -74.1494426, 4.8177636 ], [ -74.1494907, 4.8178597 ], [ -74.1494907, 4.8179558 ], [ -74.1494907, 4.8180519 ], [ -74.1495387, 4.818148 ], [ -74.1495868, 4.8182441 ], [ -74.1495868, 4.8183402 ], [ -74.1496348, 4.8184363 ], [ -74.1496348, 4.8185324 ], [ -74.1496348, 4.8186285 ], [ -74.1496348, 4.8187246 ], [ -74.1495387, 4.8187246 ], [ -74.1494426, 4.8187246 ], [ -74.1493465, 4.8187727 ], [ -74.1492504, 4.8188207 ], [ -74.1491543, 4.8188207 ], [ -74.1490582, 4.8187727 ], [ -74.1489621, 4.8187727 ], [ -74.1489141, 4.8186766 ], [ -74.148818, 4.8186285 ], [ -74.1487219, 4.8185805 ], [ -74.1486738, 4.8184844 ], [ -74.1485777, 4.8184363 ], [ -74.1485297, 4.8183402 ], [ -74.1484816, 4.8182441 ], [ -74.1484336, 4.818148 ], [ -74.1483855, 4.8180519 ], [ -74.1483375, 4.8179558 ], [ -74.1482894, 4.8178597 ], [ -74.1482413, 4.8177636 ], [ -74.1481452, 4.8177155 ], [ -74.1481452, 4.8176194 ], [ -74.1480972, 4.8175233 ], [ -74.1480972, 4.8174272 ], [ -74.1480491, 4.8173311 ], [ -74.1480011, 4.817235 ], [ -74.147953, 4.8171389 ], [ -74.147905, 4.8170428 ], [ -74.147905, 4.8169467 ], [ -74.1478569, 4.8168506 ], [ -74.1478569, 4.8167545 ], [ -74.1478089, 4.8166584 ], [ -74.1477608, 4.8165623 ], [ -74.1477608, 4.8164662 ], [ -74.1477128, 4.8163701 ], [ -74.1476647, 4.816274 ], [ -74.1475686, 4.8162259 ], [ -74.1475206, 4.8161298 ], [ -74.1474725, 4.8160337 ], [ -74.1473764, 4.8159857 ], [ -74.1473284, 4.8158896 ], [ -74.1472803, 4.8157935 ], [ -74.1471842, 4.8157935 ], [ -74.1470881, 4.8157454 ], [ -74.146992, 4.8157454 ], [ -74.1468959, 4.8157454 ], [ -74.1467998, 4.8157454 ], [ -74.1467037, 4.8157454 ], [ -74.1466076, 4.8157454 ], [ -74.1465115, 4.8157454 ], [ -74.1465115, 4.8158415 ], [ -74.1464154, 4.8158896 ], [ -74.1464154, 4.8159857 ], [ -74.1463673, 4.8160818 ], [ -74.1463193, 4.8161779 ], [ -74.1462232, 4.8162259 ], [ -74.1461751, 4.816322 ], [ -74.1461751, 4.8164181 ], [ -74.1461271, 4.8165143 ], [ -74.1461271, 4.8166104 ], [ -74.1461271, 4.8167065 ], [ -74.1461271, 4.8168026 ], [ -74.1461271, 4.8168987 ], [ -74.1461271, 4.8169948 ], [ -74.1461271, 4.8170909 ], [ -74.1461751, 4.817187 ], [ -74.1461751, 4.8172831 ], [ -74.1462232, 4.8173792 ], [ -74.1462232, 4.8174753 ], [ -74.1462712, 4.8175714 ], [ -74.1463193, 4.8176675 ], [ -74.1464154, 4.8177155 ], [ -74.1464634, 4.8178116 ], [ -74.1465595, 4.8179077 ], [ -74.1466076, 4.8180038 ], [ -74.1467037, 4.8180519 ], [ -74.1467998, 4.8181 ], [ -74.1467998, 4.8181961 ], [ -74.1468479, 4.8182922 ], [ -74.1468959, 4.8183883 ], [ -74.146944, 4.8184844 ], [ -74.1470401, 4.8184844 ], [ -74.1470401, 4.8185805 ], [ -74.1471362, 4.8186285 ], [ -74.1471842, 4.8187246 ], [ -74.1472323, 4.8188207 ], [ -74.1473284, 4.8188688 ], [ -74.1474245, 4.8189168 ], [ -74.1474245, 4.8190129 ], [ -74.1474725, 4.819109 ], [ -74.1475206, 4.8192051 ], [ -74.1475206, 4.8193012 ], [ -74.1475206, 4.8193973 ], [ -74.1474245, 4.8193973 ], [ -74.1473764, 4.8193012 ], [ -74.1472803, 4.8193012 ], [ -74.1471842, 4.8192532 ], [ -74.1470881, 4.8192051 ], [ -74.146992, 4.8191571 ], [ -74.1468959, 4.819109 ], [ -74.1467998, 4.819061 ], [ -74.1467037, 4.8190129 ], [ -74.1466556, 4.8189168 ], [ -74.1465595, 4.8188688 ], [ -74.1465115, 4.8187727 ], [ -74.1464634, 4.8186766 ], [ -74.1463673, 4.8186285 ], [ -74.1463193, 4.8185324 ], [ -74.1462232, 4.8184363 ], [ -74.1461751, 4.8183402 ], [ -74.146079, 4.8182922 ], [ -74.1459829, 4.8182441 ], [ -74.1459829, 4.8183402 ], [ -74.1459829, 4.8184363 ], [ -74.1459829, 4.8185324 ], [ -74.1459349, 4.8186285 ], [ -74.1459349, 4.8187246 ], [ -74.1458388, 4.8187727 ], [ -74.1457427, 4.8188207 ], [ -74.1456466, 4.8188688 ], [ -74.1455985, 4.8187727 ], [ -74.1455505, 4.8186766 ], [ -74.1454544, 4.8186285 ], [ -74.1454544, 4.8185324 ], [ -74.1454063, 4.8184363 ], [ -74.1453583, 4.8183402 ], [ -74.1453583, 4.8182441 ], [ -74.1453102, 4.818148 ], [ -74.1453102, 4.8180519 ], [ -74.1453102, 4.8179558 ], [ -74.1453102, 4.8178597 ], [ -74.1453102, 4.8177636 ], [ -74.1453102, 4.8176675 ], [ -74.1453102, 4.8175714 ], [ -74.1452622, 4.8174753 ], [ -74.1452622, 4.8173792 ], [ -74.1452141, 4.8172831 ], [ -74.145166, 4.817187 ], [ -74.145118, 4.8170909 ], [ -74.1450699, 4.8169948 ], [ -74.1450699, 4.8168987 ], [ -74.1450219, 4.8168026 ], [ -74.1449738, 4.8167065 ], [ -74.1448777, 4.8166584 ], [ -74.1447816, 4.8166584 ], [ -74.1446855, 4.8166584 ], [ -74.1445894, 4.8167065 ], [ -74.1444933, 4.8167545 ], [ -74.1443972, 4.8168026 ], [ -74.1443011, 4.8168026 ], [ -74.144205, 4.8168506 ], [ -74.144157, 4.8169467 ], [ -74.1440609, 4.8169948 ], [ -74.1439648, 4.8170428 ], [ -74.1438687, 4.8170428 ], [ -74.1437726, 4.8170909 ], [ -74.1436765, 4.8170909 ], [ -74.1435803, 4.8170909 ], [ -74.1434842, 4.8171389 ], [ -74.1433881, 4.8171389 ], [ -74.143292, 4.8171389 ], [ -74.1431959, 4.8171389 ], [ -74.1431959, 4.817235 ], [ -74.1430998, 4.817235 ], [ -74.1430037, 4.8172831 ], [ -74.1429076, 4.8172831 ], [ -74.1428115, 4.8172831 ], [ -74.1427154, 4.8173311 ], [ -74.1426193, 4.8173311 ], [ -74.1425232, 4.8173311 ], [ -74.1424271, 4.8173311 ], [ -74.142331, 4.8173792 ], [ -74.142331, 4.8174753 ], [ -74.142331, 4.8175714 ], [ -74.142331, 4.8176675 ], [ -74.142331, 4.8177636 ], [ -74.1423791, 4.8178597 ], [ -74.1423791, 4.8179558 ], [ -74.1423791, 4.8180519 ], [ -74.1424752, 4.8181 ], [ -74.1424752, 4.8181961 ], [ -74.1425232, 4.8182922 ], [ -74.1425713, 4.8183883 ], [ -74.1426193, 4.8184844 ], [ -74.1427154, 4.8184844 ], [ -74.1427635, 4.8185805 ], [ -74.1428596, 4.8185805 ], [ -74.1429076, 4.8186766 ], [ -74.1429557, 4.8187727 ], [ -74.1430037, 4.8188688 ], [ -74.1430518, 4.8189649 ], [ -74.1430998, 4.819061 ], [ -74.1430998, 4.8191571 ], [ -74.1431479, 4.8192532 ], [ -74.1431479, 4.8193493 ], [ -74.1431959, 4.8194454 ], [ -74.143244, 4.8195415 ], [ -74.143244, 4.8196376 ], [ -74.143244, 4.8197337 ], [ -74.143244, 4.8198298 ], [ -74.143244, 4.8199259 ], [ -74.143244, 4.820022 ], [ -74.1431479, 4.8200701 ], [ -74.1431479, 4.8201662 ], [ -74.1430518, 4.8202142 ], [ -74.1429557, 4.8202623 ], [ -74.1428596, 4.8203103 ], [ -74.1428115, 4.8204064 ], [ -74.1427154, 4.8204545 ], [ -74.1426193, 4.8205025 ], [ -74.1425713, 4.8205986 ], [ -74.1424752, 4.8205986 ], [ -74.1423791, 4.8206467 ], [ -74.142331, 4.8207428 ], [ -74.1422349, 4.8207908 ], [ -74.1421869, 4.8208869 ], [ -74.1420907, 4.820935 ], [ -74.1420427, 4.8210311 ], [ -74.1419466, 4.8210311 ], [ -74.1418505, 4.8210311 ], [ -74.1418024, 4.8211272 ], [ -74.1417544, 4.8212233 ], [ -74.1417544, 4.8213194 ], [ -74.1417544, 4.8214155 ], [ -74.1417063, 4.8215116 ], [ -74.1417063, 4.8216077 ], [ -74.1417063, 4.8217038 ], [ -74.1417063, 4.8217999 ], [ -74.1416583, 4.821896 ], [ -74.1416583, 4.8219921 ], [ -74.1416583, 4.8220882 ], [ -74.1416583, 4.8221843 ], [ -74.1416583, 4.8222804 ], [ -74.1416583, 4.8223765 ], [ -74.1416583, 4.8224726 ], [ -74.1416583, 4.8225687 ], [ -74.1416583, 4.8226649 ], [ -74.1416583, 4.822761 ], [ -74.1416102, 4.8228571 ], [ -74.1416102, 4.8229532 ], [ -74.1415141, 4.8230012 ], [ -74.1415141, 4.8230973 ], [ -74.141418, 4.8231454 ], [ -74.14137, 4.8232415 ], [ -74.1412739, 4.8232895 ], [ -74.1411778, 4.8232895 ], [ -74.1410817, 4.8232895 ], [ -74.1409856, 4.8232895 ], [ -74.1408895, 4.8232895 ], [ -74.1407934, 4.8232895 ], [ -74.1406973, 4.8232895 ], [ -74.1406012, 4.8232895 ], [ -74.140505, 4.8232895 ], [ -74.1404089, 4.8233376 ], [ -74.1403128, 4.8233376 ], [ -74.1402167, 4.8233856 ], [ -74.1401206, 4.8234337 ], [ -74.1400245, 4.8234817 ], [ -74.1400245, 4.8235778 ], [ -74.1400245, 4.8236739 ], [ -74.1400726, 4.82377 ], [ -74.1401687, 4.8238181 ], [ -74.1402648, 4.8239142 ], [ -74.1403128, 4.8240103 ], [ -74.1404089, 4.8240583 ], [ -74.140505, 4.8241064 ], [ -74.140505, 4.8242025 ], [ -74.1406012, 4.8242506 ], [ -74.1406012, 4.8243467 ], [ -74.1406492, 4.8244428 ], [ -74.1406492, 4.8245389 ], [ -74.1406012, 4.824635 ], [ -74.1405531, 4.8247311 ], [ -74.140457, 4.8247791 ], [ -74.1403609, 4.8248272 ], [ -74.1403128, 4.8249233 ], [ -74.1402167, 4.8249713 ], [ -74.1401206, 4.8250674 ], [ -74.1400245, 4.8251155 ], [ -74.1399765, 4.8252116 ], [ -74.1398804, 4.8252116 ], [ -74.1397843, 4.8252596 ], [ -74.1397843, 4.8253557 ], [ -74.1396882, 4.8253557 ], [ -74.1396401, 4.8254518 ], [ -74.139544, 4.8254999 ], [ -74.139496, 4.825596 ], [ -74.1393999, 4.825644 ], [ -74.1393999, 4.8257402 ], [ -74.1393518, 4.8258363 ], [ -74.1393038, 4.8259324 ], [ -74.1393038, 4.8260285 ], [ -74.1392557, 4.8261246 ], [ -74.1392557, 4.8262207 ], [ -74.1392557, 4.8263168 ], [ -74.1392557, 4.8264129 ], [ -74.1392077, 4.826509 ], [ -74.1392077, 4.8266051 ], [ -74.1392077, 4.8267012 ], [ -74.1392077, 4.8267973 ], [ -74.1392077, 4.8268934 ], [ -74.1391596, 4.8269895 ], [ -74.1391596, 4.8270856 ], [ -74.1391596, 4.8271817 ], [ -74.1391596, 4.8272778 ], [ -74.1391116, 4.8273739 ], [ -74.1390635, 4.82747 ], [ -74.1390154, 4.8275661 ], [ -74.1389674, 4.8276622 ], [ -74.1389674, 4.8277583 ], [ -74.1389193, 4.8278544 ], [ -74.1388713, 4.8279505 ], [ -74.1388232, 4.8280466 ], [ -74.1388232, 4.8281427 ], [ -74.1388232, 4.8282388 ], [ -74.1387752, 4.8283349 ], [ -74.1387752, 4.828431 ], [ -74.1387752, 4.8285271 ], [ -74.1387271, 4.8286232 ], [ -74.1387271, 4.8287193 ], [ -74.1387271, 4.8288155 ], [ -74.1387271, 4.8289116 ], [ -74.1386791, 4.8290077 ], [ -74.1386791, 4.8291038 ], [ -74.1386791, 4.8291999 ], [ -74.1386791, 4.829296 ], [ -74.1386791, 4.8293921 ], [ -74.138631, 4.8294882 ], [ -74.138631, 4.8295843 ], [ -74.1386791, 4.8296804 ], [ -74.1387271, 4.8297765 ], [ -74.1387752, 4.8298726 ], [ -74.1388713, 4.8299206 ], [ -74.1389674, 4.8299206 ], [ -74.1389674, 4.8300167 ], [ -74.1390635, 4.8300167 ], [ -74.1391596, 4.8300648 ], [ -74.1392077, 4.8301609 ], [ -74.1393038, 4.8301609 ], [ -74.1393518, 4.830257 ], [ -74.1394479, 4.830257 ], [ -74.139544, 4.830305 ], [ -74.1396401, 4.8303531 ], [ -74.1397362, 4.8304012 ], [ -74.1398323, 4.8304492 ], [ -74.1399284, 4.8304973 ], [ -74.1400245, 4.8304973 ], [ -74.1401206, 4.8305453 ], [ -74.1402167, 4.8305934 ], [ -74.1403128, 4.8306414 ], [ -74.1404089, 4.8306414 ], [ -74.140505, 4.8306895 ], [ -74.1406012, 4.8306895 ], [ -74.1406973, 4.8306895 ], [ -74.1407934, 4.8306895 ], [ -74.1408895, 4.8306895 ], [ -74.1409856, 4.8306414 ], [ -74.1410817, 4.8305934 ], [ -74.1411778, 4.8305453 ], [ -74.1412739, 4.8305453 ], [ -74.14137, 4.8304973 ], [ -74.1414661, 4.8304973 ], [ -74.1415622, 4.8304973 ], [ -74.1416583, 4.8304492 ], [ -74.1417544, 4.8304492 ], [ -74.1417544, 4.8303531 ], [ -74.1418024, 4.830257 ], [ -74.1418024, 4.8301609 ], [ -74.1418505, 4.8300648 ], [ -74.1418985, 4.8299687 ], [ -74.1419466, 4.8298726 ], [ -74.1419946, 4.8297765 ], [ -74.1420427, 4.8296804 ], [ -74.1421388, 4.8296804 ], [ -74.1421869, 4.8295843 ], [ -74.142283, 4.8295362 ], [ -74.1423791, 4.8294882 ], [ -74.1424752, 4.8294882 ], [ -74.1425713, 4.8294401 ], [ -74.1426674, 4.8294401 ], [ -74.1427635, 4.8293921 ], [ -74.1428596, 4.8293921 ], [ -74.1429557, 4.8293921 ], [ -74.1430518, 4.8293921 ], [ -74.1431479, 4.829344 ], [ -74.143244, 4.829344 ], [ -74.1433401, 4.829344 ], [ -74.1434362, 4.829344 ], [ -74.1435323, 4.829296 ], [ -74.1436284, 4.8292479 ], [ -74.1437245, 4.8291999 ], [ -74.1438206, 4.8291999 ], [ -74.1439167, 4.8291999 ], [ -74.1440128, 4.8291518 ], [ -74.1441089, 4.8291518 ], [ -74.144205, 4.8291038 ], [ -74.1443011, 4.8291038 ], [ -74.1443972, 4.8291038 ], [ -74.1444933, 4.8291038 ], [ -74.1445894, 4.8291038 ], [ -74.1446855, 4.8290557 ], [ -74.1447816, 4.8290557 ], [ -74.1448777, 4.8290557 ], [ -74.1449738, 4.8290557 ], [ -74.1450699, 4.8290557 ], [ -74.145166, 4.8290557 ], [ -74.145166, 4.8291518 ], [ -74.145166, 4.8292479 ], [ -74.1450699, 4.829296 ], [ -74.1450219, 4.8293921 ], [ -74.1449738, 4.8294882 ], [ -74.1448777, 4.8294882 ], [ -74.1448297, 4.8295843 ], [ -74.1447336, 4.8296323 ], [ -74.1446375, 4.8296804 ], [ -74.1445414, 4.8297284 ], [ -74.1444453, 4.8297284 ], [ -74.1443492, 4.8297765 ], [ -74.1442531, 4.8298245 ], [ -74.144157, 4.8298726 ], [ -74.1440609, 4.8298726 ], [ -74.1439648, 4.8298726 ], [ -74.1438687, 4.8299206 ], [ -74.1437726, 4.8299206 ], [ -74.1437245, 4.8300167 ], [ -74.1436284, 4.8300648 ], [ -74.1435803, 4.8301609 ], [ -74.1434842, 4.8301609 ], [ -74.1434842, 4.830257 ], [ -74.1433881, 4.830305 ], [ -74.1433881, 4.8304012 ], [ -74.1433881, 4.8304973 ], [ -74.1433881, 4.8305934 ], [ -74.1433881, 4.8306895 ], [ -74.1433881, 4.8307856 ], [ -74.1434362, 4.8308817 ], [ -74.1435323, 4.8309297 ], [ -74.1435323, 4.8310258 ], [ -74.1435323, 4.8311219 ], [ -74.1435323, 4.831218 ], [ -74.1434362, 4.8312661 ], [ -74.1433401, 4.8313141 ], [ -74.143244, 4.8313141 ], [ -74.1431479, 4.8313622 ], [ -74.1430518, 4.8314102 ], [ -74.1429557, 4.8314102 ], [ -74.1428596, 4.8314583 ], [ -74.1427635, 4.8314583 ], [ -74.1426674, 4.8315063 ], [ -74.1425713, 4.8315544 ], [ -74.1424752, 4.8316024 ], [ -74.1423791, 4.8316505 ], [ -74.142283, 4.8316505 ], [ -74.1421869, 4.8316985 ], [ -74.1420907, 4.8317466 ], [ -74.1419946, 4.8317466 ], [ -74.1418985, 4.8317946 ], [ -74.1418024, 4.8317946 ], [ -74.1417063, 4.8317946 ], [ -74.1416102, 4.8317946 ], [ -74.1415141, 4.8318427 ], [ -74.141418, 4.8318427 ], [ -74.1413219, 4.8318427 ], [ -74.1412258, 4.8318427 ], [ -74.1411297, 4.8318427 ], [ -74.1410336, 4.8318427 ], [ -74.1409375, 4.8318427 ], [ -74.1408414, 4.8318427 ], [ -74.1407453, 4.8318427 ], [ -74.1406492, 4.8318427 ], [ -74.1405531, 4.8318907 ], [ -74.140457, 4.8318907 ], [ -74.1403609, 4.8318907 ], [ -74.1402648, 4.8319388 ], [ -74.1401687, 4.8319869 ], [ -74.1401206, 4.832083 ], [ -74.1400726, 4.8321791 ], [ -74.1400726, 4.8322752 ], [ -74.1400726, 4.8323713 ], [ -74.1400726, 4.8324674 ], [ -74.1401206, 4.8325635 ], [ -74.1401687, 4.8326596 ], [ -74.1402167, 4.8327557 ], [ -74.1402648, 4.8328518 ], [ -74.1403128, 4.8329479 ], [ -74.1403609, 4.833044 ], [ -74.140457, 4.833092 ], [ -74.140457, 4.8331881 ], [ -74.140505, 4.8332842 ], [ -74.1405531, 4.8333803 ], [ -74.1405531, 4.8334765 ], [ -74.1405531, 4.8335726 ], [ -74.1405531, 4.8336687 ], [ -74.1405531, 4.8337648 ], [ -74.1406012, 4.8338609 ], [ -74.1406973, 4.8339089 ], [ -74.1407934, 4.833957 ], [ -74.1408414, 4.8340531 ], [ -74.1409375, 4.8341011 ], [ -74.1409856, 4.8341972 ], [ -74.1410336, 4.8342933 ], [ -74.1411297, 4.8342933 ], [ -74.1411297, 4.8343894 ], [ -74.1411778, 4.8344855 ], [ -74.1412258, 4.8345816 ], [ -74.1413219, 4.8346777 ], [ -74.14137, 4.8347738 ], [ -74.141418, 4.8348699 ], [ -74.1415141, 4.8348699 ], [ -74.1416102, 4.8348699 ], [ -74.1417063, 4.8348699 ], [ -74.1418024, 4.8348699 ], [ -74.1418985, 4.834918 ], [ -74.1419946, 4.834918 ], [ -74.1420907, 4.834918 ], [ -74.1421869, 4.834966 ], [ -74.142283, 4.8350141 ], [ -74.1423791, 4.8350622 ], [ -74.1424752, 4.8350622 ], [ -74.1425713, 4.8351102 ], [ -74.1426193, 4.8352063 ], [ -74.1427154, 4.8352544 ], [ -74.1427635, 4.8353505 ], [ -74.1428596, 4.8354466 ], [ -74.1429557, 4.8354946 ], [ -74.1429557, 4.8355907 ], [ -74.1430518, 4.8356388 ], [ -74.1431479, 4.8356868 ], [ -74.1431479, 4.8357829 ], [ -74.143244, 4.835831 ], [ -74.143244, 4.8359271 ], [ -74.1433401, 4.8359751 ], [ -74.1433881, 4.8360712 ], [ -74.1434362, 4.8361673 ], [ -74.1435323, 4.8361673 ], [ -74.1435803, 4.8362634 ], [ -74.1436765, 4.8363115 ], [ -74.1437245, 4.8364076 ], [ -74.1437726, 4.8365037 ], [ -74.1438206, 4.8365998 ], [ -74.1439167, 4.8366479 ], [ -74.1439167, 4.836744 ], [ -74.1439648, 4.8368401 ], [ -74.1439648, 4.8369362 ], [ -74.1439648, 4.8370323 ], [ -74.1440128, 4.8371284 ], [ -74.1440609, 4.8372245 ], [ -74.144157, 4.8372245 ], [ -74.1442531, 4.8372725 ], [ -74.1443492, 4.8373206 ], [ -74.1444453, 4.8373686 ], [ -74.1445414, 4.8374167 ], [ -74.1446375, 4.8374167 ], [ -74.1446855, 4.8375128 ], [ -74.1447816, 4.8375608 ], [ -74.1447816, 4.8376569 ], [ -74.1448297, 4.837753 ], [ -74.1448297, 4.8378491 ], [ -74.1448777, 4.8379452 ], [ -74.1449258, 4.8380413 ], [ -74.1449258, 4.8381375 ], [ -74.1449738, 4.8382336 ], [ -74.1449738, 4.8383297 ], [ -74.1449738, 4.8384258 ], [ -74.1449738, 4.8385219 ], [ -74.1448777, 4.8385699 ], [ -74.1447816, 4.8385699 ], [ -74.1446855, 4.8385219 ], [ -74.1445894, 4.8385219 ], [ -74.1444933, 4.8384738 ], [ -74.1443972, 4.8384738 ], [ -74.1443011, 4.8384258 ], [ -74.144205, 4.8383777 ], [ -74.144157, 4.8382816 ], [ -74.1440609, 4.8382816 ], [ -74.1440609, 4.8381855 ], [ -74.1439648, 4.8381375 ], [ -74.1438687, 4.8380894 ], [ -74.1437726, 4.8380413 ], [ -74.1437726, 4.8379452 ], [ -74.1436765, 4.8379452 ], [ -74.1436284, 4.8378491 ], [ -74.1435803, 4.837753 ], [ -74.1434842, 4.837705 ], [ -74.1434362, 4.8376089 ], [ -74.1433881, 4.8375128 ], [ -74.1433401, 4.8374167 ], [ -74.143292, 4.8373206 ], [ -74.143244, 4.8372245 ], [ -74.1431959, 4.8371284 ], [ -74.1430998, 4.8370803 ], [ -74.1430518, 4.8369842 ], [ -74.1430037, 4.8368881 ], [ -74.1429076, 4.8368401 ], [ -74.1429076, 4.836744 ], [ -74.1428115, 4.8366959 ], [ -74.1427635, 4.8365998 ], [ -74.1427154, 4.8365037 ], [ -74.1426193, 4.8364556 ], [ -74.1426193, 4.8363595 ], [ -74.1425713, 4.8362634 ], [ -74.1424752, 4.8362154 ], [ -74.1424752, 4.8361193 ], [ -74.1423791, 4.8360712 ], [ -74.142331, 4.8359751 ], [ -74.1422349, 4.8359271 ], [ -74.1421388, 4.835879 ], [ -74.1420427, 4.835831 ], [ -74.1419946, 4.8357349 ], [ -74.1418985, 4.8357349 ], [ -74.1418024, 4.8356868 ], [ -74.1417063, 4.8356388 ], [ -74.1416583, 4.8355427 ], [ -74.1415622, 4.8354946 ], [ -74.1414661, 4.8354946 ], [ -74.14137, 4.8354466 ], [ -74.1413219, 4.8353505 ], [ -74.1412258, 4.8353505 ], [ -74.1411297, 4.8353024 ], [ -74.1410336, 4.8353024 ], [ -74.1409375, 4.8352544 ], [ -74.1408414, 4.8352544 ], [ -74.1407453, 4.8352063 ], [ -74.1406492, 4.8351583 ], [ -74.1405531, 4.8351583 ], [ -74.140457, 4.8351583 ], [ -74.1403609, 4.8351102 ], [ -74.1402648, 4.8351102 ], [ -74.1401687, 4.8351583 ], [ -74.1401206, 4.8352544 ], [ -74.1400245, 4.8353024 ], [ -74.1399765, 4.8353985 ], [ -74.1398804, 4.8354466 ], [ -74.1398804, 4.8355427 ], [ -74.1398804, 4.8356388 ], [ -74.1398804, 4.8357349 ], [ -74.1398804, 4.835831 ], [ -74.1398804, 4.8359271 ], [ -74.1398804, 4.8360232 ], [ -74.1398804, 4.8361193 ], [ -74.1398804, 4.8362154 ], [ -74.1398804, 4.8363115 ], [ -74.1398804, 4.8364076 ], [ -74.1398804, 4.8365037 ], [ -74.1398804, 4.8365998 ], [ -74.1398804, 4.8366959 ], [ -74.1398804, 4.836792 ], [ -74.1398804, 4.8368881 ], [ -74.1398804, 4.8369842 ], [ -74.1398323, 4.8370803 ], [ -74.1397843, 4.8371764 ], [ -74.1397362, 4.8372725 ], [ -74.1396882, 4.8373686 ], [ -74.1396401, 4.8374647 ], [ -74.1395921, 4.8375608 ], [ -74.1395921, 4.8376569 ], [ -74.139496, 4.837705 ], [ -74.139496, 4.8378011 ], [ -74.139496, 4.8378972 ], [ -74.1394479, 4.8379933 ], [ -74.1393999, 4.8380894 ], [ -74.1393518, 4.8381855 ], [ -74.1393038, 4.8382816 ], [ -74.1392557, 4.8383777 ], [ -74.1392077, 4.8384738 ], [ -74.1392077, 4.8385699 ], [ -74.1391596, 4.838666 ], [ -74.1391116, 4.8387621 ], [ -74.1391116, 4.8388582 ], [ -74.1390635, 4.8389543 ], [ -74.1390635, 4.8390504 ], [ -74.1390635, 4.8391465 ], [ -74.1390635, 4.8392426 ], [ -74.1390635, 4.8393387 ], [ -74.1390635, 4.8394348 ], [ -74.1390635, 4.8395309 ], [ -74.1390635, 4.8396271 ], [ -74.1390635, 4.8397232 ], [ -74.1390635, 4.8398193 ], [ -74.1391596, 4.8399154 ], [ -74.1392557, 4.8399634 ], [ -74.1393518, 4.8399634 ], [ -74.1394479, 4.8399634 ], [ -74.139544, 4.8399634 ], [ -74.1395921, 4.8398673 ], [ -74.1396882, 4.8398193 ], [ -74.1397362, 4.8397232 ], [ -74.1398323, 4.8396751 ], [ -74.1399284, 4.8396271 ], [ -74.1399765, 4.8395309 ], [ -74.1400726, 4.8394829 ], [ -74.1401687, 4.8394348 ], [ -74.1402648, 4.8394348 ], [ -74.1403609, 4.8394348 ], [ -74.140457, 4.8394348 ], [ -74.1405531, 4.8394348 ], [ -74.1406492, 4.8394348 ], [ -74.1407453, 4.8394348 ], [ -74.1408414, 4.8394348 ], [ -74.1409375, 4.8394348 ], [ -74.1410336, 4.8394348 ], [ -74.1411297, 4.8394348 ], [ -74.1412258, 4.8394348 ], [ -74.1413219, 4.8394348 ], [ -74.141418, 4.8394829 ], [ -74.1415141, 4.8395309 ], [ -74.1416102, 4.839579 ], [ -74.1416583, 4.8396751 ], [ -74.1416583, 4.8397712 ], [ -74.1416583, 4.8398673 ], [ -74.1416583, 4.8399634 ], [ -74.1416583, 4.8400595 ], [ -74.1416583, 4.8401556 ], [ -74.1417063, 4.8402517 ], [ -74.1417544, 4.8403478 ], [ -74.1418024, 4.8404439 ], [ -74.1418505, 4.84054 ], [ -74.1418505, 4.8406361 ], [ -74.1419466, 4.8407322 ], [ -74.1419466, 4.8408283 ], [ -74.1419946, 4.8409244 ], [ -74.1420427, 4.8410205 ], [ -74.1420427, 4.8411166 ], [ -74.1420427, 4.8412128 ], [ -74.1420427, 4.8413089 ], [ -74.1420427, 4.841405 ], [ -74.1420427, 4.8415011 ], [ -74.1420427, 4.8415972 ], [ -74.1420427, 4.8416933 ], [ -74.1420907, 4.8417894 ], [ -74.1421388, 4.8418855 ], [ -74.1421869, 4.8419816 ], [ -74.142283, 4.8420296 ], [ -74.142331, 4.8421257 ], [ -74.1423791, 4.8422218 ], [ -74.1424752, 4.8422699 ], [ -74.1425232, 4.842366 ], [ -74.1425713, 4.8424621 ], [ -74.1426193, 4.8425582 ], [ -74.1426674, 4.8426543 ], [ -74.1427154, 4.8427504 ], [ -74.1427154, 4.8428465 ], [ -74.1427635, 4.8429426 ], [ -74.1427635, 4.8430387 ], [ -74.1427635, 4.8431348 ], [ -74.1427635, 4.8432309 ], [ -74.1427635, 4.843327 ], [ -74.1427635, 4.8434231 ], [ -74.1427154, 4.8435192 ], [ -74.1426674, 4.8436153 ], [ -74.1426193, 4.8437114 ], [ -74.1426193, 4.8438075 ], [ -74.1426193, 4.8439036 ], [ -74.1426193, 4.8439997 ], [ -74.1426193, 4.8440958 ], [ -74.1426193, 4.8441919 ], [ -74.1426193, 4.8442881 ], [ -74.1426193, 4.8443842 ], [ -74.1426193, 4.8444803 ], [ -74.1426674, 4.8445764 ], [ -74.1427635, 4.8446244 ], [ -74.1428115, 4.8447205 ], [ -74.1429076, 4.8447686 ], [ -74.1430037, 4.8448166 ], [ -74.1430037, 4.8449127 ], [ -74.1430037, 4.8450088 ], [ -74.1430037, 4.8451049 ], [ -74.1430037, 4.845201 ], [ -74.1430998, 4.845201 ], [ -74.1431959, 4.845201 ], [ -74.143292, 4.845201 ], [ -74.1433881, 4.845201 ], [ -74.1434842, 4.845201 ], [ -74.1435803, 4.845201 ], [ -74.1436765, 4.8452491 ], [ -74.1437726, 4.8452971 ], [ -74.1438206, 4.8453932 ], [ -74.1438687, 4.8454893 ], [ -74.1438687, 4.8455854 ], [ -74.1438687, 4.8456815 ], [ -74.1438687, 4.8457776 ], [ -74.1438206, 4.8458738 ], [ -74.1437726, 4.8459699 ], [ -74.1436765, 4.8459699 ], [ -74.1435803, 4.8460179 ], [ -74.1434842, 4.8460179 ], [ -74.1433881, 4.8460179 ], [ -74.143292, 4.8460179 ], [ -74.1431959, 4.8459699 ], [ -74.1430998, 4.8459699 ], [ -74.1430037, 4.8459218 ], [ -74.1429076, 4.8458738 ], [ -74.1428115, 4.8458257 ], [ -74.1427154, 4.8457776 ], [ -74.1426674, 4.8456815 ], [ -74.1426193, 4.8455854 ], [ -74.1425713, 4.8454893 ], [ -74.1424752, 4.8454893 ], [ -74.1424271, 4.8453932 ], [ -74.142331, 4.8453452 ], [ -74.142283, 4.8452491 ], [ -74.1422349, 4.845153 ], [ -74.1421869, 4.8450569 ], [ -74.1420907, 4.8450569 ], [ -74.1420907, 4.8449608 ], [ -74.1420427, 4.8448647 ], [ -74.1420427, 4.8447686 ], [ -74.1419946, 4.8446725 ], [ -74.1419946, 4.8445764 ], [ -74.1419466, 4.8444803 ], [ -74.1418985, 4.8443842 ], [ -74.1418985, 4.8442881 ], [ -74.1418985, 4.8441919 ], [ -74.1418505, 4.8440958 ], [ -74.1418505, 4.8439997 ], [ -74.1418505, 4.8439036 ], [ -74.1418505, 4.8438075 ], [ -74.1418024, 4.8437114 ], [ -74.1418024, 4.8436153 ], [ -74.1418024, 4.8435192 ], [ -74.1417544, 4.8434231 ], [ -74.1417063, 4.843327 ], [ -74.1417063, 4.8432309 ], [ -74.1416583, 4.8431348 ], [ -74.1416102, 4.8430387 ], [ -74.1415622, 4.8429426 ], [ -74.1415141, 4.8428465 ], [ -74.1414661, 4.8427504 ], [ -74.1414661, 4.8426543 ], [ -74.141418, 4.8425582 ], [ -74.14137, 4.8424621 ], [ -74.1412739, 4.842414 ], [ -74.1412739, 4.8423179 ], [ -74.1412739, 4.8422218 ], [ -74.1412258, 4.8421257 ], [ -74.1411778, 4.8420296 ], [ -74.1410817, 4.8420296 ], [ -74.1410336, 4.8419335 ], [ -74.1409856, 4.8418374 ], [ -74.1408895, 4.8418374 ], [ -74.1408414, 4.8417413 ], [ -74.1407934, 4.8416452 ], [ -74.1406973, 4.8415972 ], [ -74.1406973, 4.8415011 ], [ -74.1406012, 4.841453 ], [ -74.1405531, 4.8413569 ], [ -74.140457, 4.8413089 ], [ -74.1404089, 4.8412128 ], [ -74.1403128, 4.8412128 ], [ -74.1402648, 4.8411166 ], [ -74.1401687, 4.8410686 ], [ -74.1400726, 4.8410205 ], [ -74.1400245, 4.8409244 ], [ -74.1399284, 4.8409244 ], [ -74.1398804, 4.8408283 ], [ -74.1397843, 4.8407803 ], [ -74.1396882, 4.8407322 ], [ -74.1395921, 4.8406842 ], [ -74.139496, 4.8406361 ], [ -74.1393999, 4.8406361 ], [ -74.1393038, 4.8406361 ], [ -74.1392077, 4.8406361 ], [ -74.1391116, 4.8406361 ], [ -74.1390154, 4.8406361 ], [ -74.1389193, 4.8406361 ], [ -74.1388232, 4.8406842 ], [ -74.1387271, 4.8406842 ], [ -74.138631, 4.8407322 ], [ -74.1385349, 4.8407322 ], [ -74.1384388, 4.8407322 ], [ -74.1383427, 4.8407322 ], [ -74.1382466, 4.8407322 ], [ -74.1381505, 4.8407322 ], [ -74.1381025, 4.8408283 ], [ -74.1380544, 4.8409244 ], [ -74.1380064, 4.8410205 ], [ -74.1380064, 4.8411166 ], [ -74.1380064, 4.8412128 ], [ -74.1380064, 4.8413089 ], [ -74.1380064, 4.841405 ], [ -74.1380064, 4.8415011 ], [ -74.1380064, 4.8415972 ], [ -74.1380064, 4.8416933 ], [ -74.1380064, 4.8417894 ], [ -74.1380064, 4.8418855 ], [ -74.1380064, 4.8419816 ], [ -74.1380064, 4.8420777 ], [ -74.1380064, 4.8421738 ], [ -74.1380064, 4.8422699 ], [ -74.1380064, 4.842366 ], [ -74.1379583, 4.8424621 ], [ -74.1378622, 4.8425101 ], [ -74.1378622, 4.8426062 ], [ -74.1377661, 4.8426543 ], [ -74.1377661, 4.8427504 ], [ -74.13767, 4.8427985 ], [ -74.137622, 4.8428946 ], [ -74.1375739, 4.8429907 ], [ -74.1374778, 4.8430387 ], [ -74.1374297, 4.8431348 ], [ -74.1373817, 4.8432309 ], [ -74.1373336, 4.843327 ], [ -74.1372375, 4.8433751 ], [ -74.1372375, 4.8434712 ], [ -74.1371895, 4.8435673 ], [ -74.1371414, 4.8436634 ], [ -74.1370934, 4.8437595 ], [ -74.1370453, 4.8438556 ], [ -74.1369973, 4.8439517 ], [ -74.1369973, 4.8440478 ], [ -74.1369492, 4.8441439 ], [ -74.1369012, 4.84424 ], [ -74.1368531, 4.8443361 ], [ -74.1368051, 4.8444322 ], [ -74.136757, 4.8445283 ], [ -74.136709, 4.8446244 ], [ -74.136709, 4.8447205 ], [ -74.1366609, 4.8448166 ], [ -74.1366609, 4.8449127 ], [ -74.1366609, 4.8450088 ], [ -74.1366609, 4.8451049 ], [ -74.1366609, 4.845201 ], [ -74.1366129, 4.8452971 ], [ -74.1366129, 4.8453932 ], [ -74.1366129, 4.8454893 ], [ -74.1366129, 4.8455854 ], [ -74.1366129, 4.8456815 ], [ -74.1366129, 4.8457776 ], [ -74.1365648, 4.8458738 ], [ -74.1365648, 4.8459699 ], [ -74.1365648, 4.846066 ], [ -74.1365648, 4.8461621 ], [ -74.1365648, 4.8462582 ], [ -74.1365648, 4.8463543 ], [ -74.1365648, 4.8464504 ], [ -74.1365648, 4.8465465 ], [ -74.1365648, 4.8466426 ], [ -74.1365648, 4.8467387 ], [ -74.1366129, 4.8468348 ], [ -74.1366609, 4.8469309 ], [ -74.136709, 4.847027 ], [ -74.136709, 4.8471231 ], [ -74.136757, 4.8472192 ], [ -74.1368051, 4.8473153 ], [ -74.1369012, 4.8473634 ], [ -74.1369973, 4.8474595 ], [ -74.1370934, 4.8475075 ], [ -74.1371414, 4.8476036 ], [ -74.1372375, 4.8476517 ], [ -74.1372856, 4.8477478 ], [ -74.1373817, 4.8477958 ], [ -74.1374778, 4.8478439 ], [ -74.1375259, 4.84794 ], [ -74.137622, 4.84794 ], [ -74.1377181, 4.847988 ], [ -74.1378142, 4.8480361 ], [ -74.1379103, 4.8480841 ], [ -74.1380064, 4.8481322 ], [ -74.1381025, 4.8481802 ], [ -74.1381986, 4.8482283 ], [ -74.1382466, 4.8483244 ], [ -74.1383427, 4.8483244 ], [ -74.1384388, 4.8483724 ], [ -74.1385349, 4.8484205 ], [ -74.138631, 4.8484685 ], [ -74.1387271, 4.8485166 ], [ -74.1388232, 4.8485646 ], [ -74.1389193, 4.8486127 ], [ -74.1390154, 4.8486127 ], [ -74.1391116, 4.8486607 ], [ -74.1392077, 4.8487088 ], [ -74.1393038, 4.8487568 ], [ -74.1393999, 4.8488049 ], [ -74.139496, 4.8488529 ], [ -74.1395921, 4.848901 ], [ -74.1396882, 4.848901 ], [ -74.1397843, 4.848901 ], [ -74.1398804, 4.8489491 ], [ -74.1399765, 4.8489491 ], [ -74.1400726, 4.8489491 ], [ -74.1401687, 4.8489971 ], [ -74.1402648, 4.8489971 ], [ -74.1403128, 4.8490932 ], [ -74.1403609, 4.8491893 ], [ -74.1404089, 4.8492854 ], [ -74.140457, 4.8493815 ], [ -74.140505, 4.8494776 ], [ -74.140505, 4.8495737 ], [ -74.140505, 4.8496698 ], [ -74.1405531, 4.8497659 ], [ -74.1405531, 4.849862 ], [ -74.1405531, 4.8499581 ], [ -74.140457, 4.8499581 ], [ -74.1403609, 4.8499581 ], [ -74.1402648, 4.8499581 ], [ -74.1401687, 4.8499581 ], [ -74.1400726, 4.8499581 ], [ -74.1400245, 4.849862 ], [ -74.1399284, 4.849862 ], [ -74.1398323, 4.849814 ], [ -74.1397843, 4.8497179 ], [ -74.1396882, 4.8496698 ], [ -74.1395921, 4.8496218 ], [ -74.139496, 4.8495737 ], [ -74.1393999, 4.8495737 ], [ -74.1393518, 4.8494776 ], [ -74.1392557, 4.8494296 ], [ -74.1391596, 4.8493335 ], [ -74.1390635, 4.8492854 ], [ -74.1390154, 4.8491893 ], [ -74.1389193, 4.8491893 ], [ -74.1388713, 4.8490932 ], [ -74.1387752, 4.8490932 ], [ -74.1386791, 4.8490452 ], [ -74.138583, 4.8490452 ], [ -74.1384869, 4.8489971 ], [ -74.1383908, 4.8489491 ], [ -74.1382947, 4.848901 ], [ -74.1381986, 4.8488529 ], [ -74.1381025, 4.8488529 ], [ -74.1380064, 4.8488049 ], [ -74.1379103, 4.8488049 ], [ -74.1378142, 4.8488049 ], [ -74.1377181, 4.8487568 ], [ -74.137622, 4.8487568 ], [ -74.1375739, 4.8486607 ], [ -74.1374778, 4.8486607 ], [ -74.1373817, 4.8486127 ], [ -74.1372856, 4.8486127 ], [ -74.1371895, 4.8486127 ], [ -74.1370934, 4.8485646 ], [ -74.1369973, 4.8485646 ], [ -74.1369012, 4.8485166 ], [ -74.1368051, 4.8485166 ], [ -74.136709, 4.8484685 ], [ -74.1366129, 4.8484685 ], [ -74.1365168, 4.8484685 ], [ -74.1364207, 4.8484685 ], [ -74.1363246, 4.8484685 ], [ -74.1362285, 4.8484685 ], [ -74.1361324, 4.8484685 ], [ -74.1360363, 4.8485166 ], [ -74.1359401, 4.8485166 ], [ -74.135844, 4.8485166 ], [ -74.1357479, 4.8485166 ], [ -74.1356518, 4.8485166 ], [ -74.1355557, 4.8485646 ], [ -74.1354596, 4.8486127 ], [ -74.1353635, 4.8486127 ], [ -74.1352674, 4.8486607 ], [ -74.1351713, 4.8487088 ], [ -74.1350752, 4.8487088 ], [ -74.1349791, 4.8487088 ], [ -74.134883, 4.8487088 ], [ -74.1347869, 4.8487088 ], [ -74.1346908, 4.8487088 ], [ -74.1345947, 4.8487568 ], [ -74.1344986, 4.8488049 ], [ -74.1344025, 4.8488529 ], [ -74.1343064, 4.848901 ], [ -74.1342103, 4.8489491 ], [ -74.1341142, 4.8489971 ], [ -74.1340181, 4.8489971 ], [ -74.133922, 4.8489971 ], [ -74.1338259, 4.8489971 ], [ -74.1337778, 4.8490932 ], [ -74.1336817, 4.8491413 ], [ -74.1336817, 4.8492374 ], [ -74.1336817, 4.8493335 ], [ -74.1337778, 4.8493815 ], [ -74.1338259, 4.8494776 ], [ -74.133922, 4.8495257 ], [ -74.13397, 4.8496218 ], [ -74.1340661, 4.8496698 ], [ -74.1340661, 4.8497659 ], [ -74.1341142, 4.849862 ], [ -74.1341622, 4.8499581 ], [ -74.1341622, 4.8500542 ], [ -74.1342103, 4.8501503 ], [ -74.1342103, 4.8502464 ], [ -74.1342103, 4.8503425 ], [ -74.1342583, 4.8504387 ], [ -74.1343064, 4.8505348 ], [ -74.1343544, 4.8506309 ], [ -74.1344025, 4.850727 ], [ -74.1344506, 4.8508231 ], [ -74.1345467, 4.8508231 ], [ -74.1345467, 4.8509192 ], [ -74.1346428, 4.8509672 ], [ -74.1347389, 4.8510153 ], [ -74.1347869, 4.8511114 ], [ -74.134883, 4.8511114 ], [ -74.1349791, 4.8510633 ], [ -74.1350752, 4.8510153 ], [ -74.1351713, 4.8509672 ], [ -74.1352674, 4.8509192 ], [ -74.1353635, 4.8508711 ], [ -74.1354596, 4.8508231 ], [ -74.1355557, 4.850775 ], [ -74.1356518, 4.850775 ], [ -74.1357479, 4.850775 ], [ -74.135844, 4.850775 ], [ -74.1359401, 4.8508231 ], [ -74.1360363, 4.8508711 ], [ -74.1361324, 4.8509192 ], [ -74.1362285, 4.8509672 ], [ -74.1363246, 4.8509672 ], [ -74.1363246, 4.8510633 ], [ -74.1364207, 4.8511114 ], [ -74.1365168, 4.8511594 ], [ -74.1366129, 4.8512075 ], [ -74.136709, 4.8512555 ], [ -74.1368051, 4.8513036 ], [ -74.1369012, 4.8513036 ], [ -74.1369973, 4.8513516 ], [ -74.1370934, 4.8513997 ], [ -74.1371414, 4.8514958 ], [ -74.1372375, 4.8514958 ], [ -74.1372856, 4.8515919 ], [ -74.1373336, 4.851688 ], [ -74.1374297, 4.851736 ], [ -74.1374778, 4.8518321 ], [ -74.1375259, 4.8519282 ], [ -74.1375739, 4.8520244 ], [ -74.1375739, 4.8521205 ], [ -74.137622, 4.8522166 ], [ -74.137622, 4.8523127 ], [ -74.13767, 4.8524088 ], [ -74.13767, 4.8525049 ], [ -74.1377181, 4.852601 ], [ -74.1377181, 4.8526971 ], [ -74.1377661, 4.8527932 ], [ -74.1378142, 4.8528893 ], [ -74.1379103, 4.8529373 ], [ -74.1379103, 4.8530334 ], [ -74.1379583, 4.8531295 ], [ -74.1380064, 4.8532256 ], [ -74.1380544, 4.8533217 ], [ -74.1380544, 4.8534178 ], [ -74.1380544, 4.853514 ], [ -74.1380544, 4.8536101 ], [ -74.1380544, 4.8537062 ], [ -74.1380544, 4.8538023 ], [ -74.1380544, 4.8538984 ], [ -74.1380544, 4.8539945 ], [ -74.1380544, 4.8540906 ], [ -74.1380544, 4.8541867 ], [ -74.1380544, 4.8542828 ], [ -74.1380064, 4.8543789 ], [ -74.1380064, 4.854475 ], [ -74.1380064, 4.8545711 ], [ -74.1380064, 4.8546672 ], [ -74.1380064, 4.8547633 ], [ -74.1380064, 4.8548594 ], [ -74.1380064, 4.8549555 ], [ -74.1380544, 4.8550516 ], [ -74.1381505, 4.8550516 ], [ -74.1381986, 4.8551477 ], [ -74.1382947, 4.8551958 ], [ -74.1383908, 4.8552438 ], [ -74.1384869, 4.8552438 ], [ -74.138583, 4.8552919 ], [ -74.1386791, 4.8552919 ], [ -74.1387752, 4.8552919 ], [ -74.1388713, 4.8552919 ], [ -74.1389674, 4.8552919 ], [ -74.1390635, 4.8553399 ], [ -74.1391596, 4.8553399 ], [ -74.1392557, 4.8553399 ], [ -74.1393518, 4.8553399 ], [ -74.1394479, 4.8553399 ], [ -74.139544, 4.8553399 ], [ -74.1396401, 4.8553399 ], [ -74.1397362, 4.8553399 ], [ -74.1398323, 4.8553399 ], [ -74.1399284, 4.8553399 ], [ -74.1400245, 4.8553399 ], [ -74.1401206, 4.8553399 ], [ -74.1402167, 4.8553399 ], [ -74.1403128, 4.8553399 ], [ -74.1404089, 4.8553399 ], [ -74.140505, 4.8553399 ], [ -74.1406012, 4.8553399 ], [ -74.1406973, 4.8553399 ], [ -74.1407934, 4.8553399 ], [ -74.1408895, 4.8553399 ], [ -74.1409856, 4.855388 ], [ -74.1410817, 4.855436 ], [ -74.1411778, 4.855436 ], [ -74.1412739, 4.855436 ], [ -74.14137, 4.8554841 ], [ -74.1414661, 4.8554841 ], [ -74.1415622, 4.8554841 ], [ -74.1416583, 4.8555321 ], [ -74.1417544, 4.8555321 ], [ -74.1418505, 4.8555321 ], [ -74.1419466, 4.8555321 ], [ -74.1420427, 4.8555321 ], [ -74.1421388, 4.8555321 ], [ -74.1422349, 4.8555321 ], [ -74.142331, 4.8554841 ], [ -74.1424271, 4.8554841 ], [ -74.1424752, 4.855388 ], [ -74.1425713, 4.855388 ], [ -74.1426674, 4.8552919 ], [ -74.1427635, 4.8552438 ], [ -74.1428596, 4.8552438 ], [ -74.1429557, 4.8552438 ], [ -74.1430518, 4.8552438 ], [ -74.1431479, 4.8552438 ], [ -74.143244, 4.8551958 ], [ -74.1433401, 4.8551958 ], [ -74.1434362, 4.8551958 ], [ -74.1435323, 4.8551958 ], [ -74.1436284, 4.8552438 ], [ -74.1437245, 4.8552919 ], [ -74.1438206, 4.8553399 ], [ -74.1439167, 4.855388 ], [ -74.1440128, 4.855436 ], [ -74.1440609, 4.8555321 ], [ -74.144157, 4.8555802 ], [ -74.144205, 4.8556763 ], [ -74.1443011, 4.8557243 ], [ -74.1443011, 4.8558204 ], [ -74.1443972, 4.8558685 ], [ -74.1444453, 4.8559646 ], [ -74.1444933, 4.8560607 ], [ -74.1445894, 4.8561087 ], [ -74.1446375, 4.8562048 ], [ -74.1446855, 4.8563009 ], [ -74.1447816, 4.8563009 ], [ -74.1448297, 4.856397 ], [ -74.1449258, 4.8564451 ], [ -74.1449738, 4.8565412 ], [ -74.1450699, 4.8565893 ], [ -74.145118, 4.8566854 ], [ -74.1452141, 4.8566854 ], [ -74.1452622, 4.8567815 ], [ -74.1453102, 4.8568776 ], [ -74.1454063, 4.8568776 ], [ -74.1454544, 4.8569737 ], [ -74.1454544, 4.8570698 ], [ -74.1455024, 4.8571659 ], [ -74.1455024, 4.857262 ], [ -74.1455024, 4.8573581 ], [ -74.1455024, 4.8574542 ], [ -74.1454544, 4.8575503 ], [ -74.1453583, 4.8575983 ], [ -74.1453583, 4.8576944 ], [ -74.1453102, 4.8577905 ], [ -74.1453583, 4.8578866 ], [ -74.1454063, 4.8579827 ], [ -74.1454544, 4.8580788 ], [ -74.1454544, 4.858175 ], [ -74.1455505, 4.858175 ], [ -74.1455505, 4.8582711 ], [ -74.1455985, 4.8583672 ], [ -74.1456466, 4.8584633 ], [ -74.1456946, 4.8585594 ], [ -74.1457427, 4.8586555 ], [ -74.1457907, 4.8587516 ], [ -74.1457907, 4.8588477 ], [ -74.1458388, 4.8589438 ], [ -74.1458868, 4.8590399 ], [ -74.1459349, 4.859136 ], [ -74.1459829, 4.8592321 ], [ -74.1459829, 4.8593282 ], [ -74.1459829, 4.8594243 ], [ -74.146031, 4.8595204 ], [ -74.146031, 4.8596165 ], [ -74.146079, 4.8597126 ], [ -74.1461271, 4.8598087 ], [ -74.1461271, 4.8599048 ], [ -74.1461751, 4.8600009 ], [ -74.1461751, 4.860097 ], [ -74.1461751, 4.8601931 ], [ -74.1462232, 4.8602892 ], [ -74.1462232, 4.8603853 ], [ -74.1462712, 4.8604814 ], [ -74.1462712, 4.8605775 ], [ -74.1463193, 4.8606736 ], [ -74.1463193, 4.8607697 ], [ -74.1463193, 4.8608658 ], [ -74.1463673, 4.8609619 ], [ -74.1463673, 4.861058 ], [ -74.1464154, 4.8611541 ], [ -74.1464154, 4.8612503 ], [ -74.1464154, 4.8613464 ], [ -74.1464634, 4.8614425 ], [ -74.1465115, 4.8615386 ], [ -74.1465115, 4.8616347 ], [ -74.1465115, 4.8617308 ], [ -74.1465595, 4.8618269 ], [ -74.1465595, 4.861923 ], [ -74.1466076, 4.8620191 ], [ -74.1466076, 4.8621152 ], [ -74.1466556, 4.8622113 ], [ -74.1467037, 4.8623074 ], [ -74.1467037, 4.8624035 ], [ -74.1467037, 4.8624996 ], [ -74.1467518, 4.8625957 ], [ -74.1467518, 4.8626918 ], [ -74.1467518, 4.8627879 ], [ -74.1467518, 4.862884 ], [ -74.1467518, 4.8629801 ], [ -74.1467518, 4.8630762 ], [ -74.1467518, 4.8631723 ], [ -74.1467518, 4.8632684 ], [ -74.1467518, 4.8633645 ], [ -74.1467518, 4.8634606 ], [ -74.1467518, 4.8635567 ], [ -74.1467518, 4.8636528 ], [ -74.1467518, 4.8637489 ], [ -74.1467518, 4.863845 ], [ -74.1467998, 4.8639411 ], [ -74.1467998, 4.8640372 ], [ -74.1467998, 4.8641333 ], [ -74.1467998, 4.8642294 ], [ -74.1467998, 4.8643256 ], [ -74.1468479, 4.8644217 ], [ -74.1468479, 4.8645178 ], [ -74.1468479, 4.8646139 ], [ -74.1468479, 4.86471 ], [ -74.1468479, 4.8648061 ], [ -74.1468959, 4.8649022 ], [ -74.146944, 4.8649983 ], [ -74.146992, 4.8650944 ], [ -74.1470401, 4.8651905 ], [ -74.1470401, 4.8652866 ], [ -74.1471362, 4.8653346 ], [ -74.1471362, 4.8654307 ], [ -74.1471842, 4.8655268 ], [ -74.1472323, 4.8656229 ], [ -74.1472323, 4.865719 ], [ -74.1472323, 4.8658151 ], [ -74.1472323, 4.8659113 ], [ -74.1472803, 4.8660074 ], [ -74.1473764, 4.8660554 ], [ -74.1473764, 4.8661515 ], [ -74.1474725, 4.8662476 ], [ -74.1475206, 4.8663437 ], [ -74.1476167, 4.8664398 ], [ -74.1476647, 4.8665359 ], [ -74.1477608, 4.866584 ], [ -74.1477608, 4.8666801 ], [ -74.1478569, 4.8667281 ], [ -74.147905, 4.8668242 ], [ -74.1480011, 4.8668723 ], [ -74.1480491, 4.8669684 ], [ -74.1481452, 4.8670164 ], [ -74.1482413, 4.8670645 ], [ -74.1483375, 4.8671125 ], [ -74.1483855, 4.8672086 ], [ -74.1484816, 4.8672567 ], [ -74.1485777, 4.8673047 ], [ -74.1486258, 4.8674009 ], [ -74.1487219, 4.8674489 ], [ -74.148818, 4.867497 ], [ -74.1489141, 4.867545 ], [ -74.1490102, 4.8675931 ], [ -74.1491063, 4.8676411 ], [ -74.1492024, 4.8676892 ], [ -74.1492504, 4.8677853 ], [ -74.1493465, 4.8677853 ], [ -74.1494426, 4.8678333 ], [ -74.1495387, 4.8678814 ], [ -74.1496348, 4.8679294 ], [ -74.1497309, 4.8679775 ], [ -74.149827, 4.8680255 ], [ -74.1499232, 4.8680736 ], [ -74.1499712, 4.8681697 ], [ -74.1500673, 4.8682177 ], [ -74.1501634, 4.8682658 ], [ -74.1502595, 4.8683138 ], [ -74.1503556, 4.8683619 ], [ -74.1504517, 4.8684099 ], [ -74.1505478, 4.868458 ], [ -74.1506439, 4.868506 ], [ -74.15074, 4.8685541 ], [ -74.1508361, 4.8686021 ], [ -74.1509322, 4.8686502 ], [ -74.1510283, 4.8686982 ], [ -74.1511244, 4.8687463 ], [ -74.1511725, 4.8688424 ], [ -74.1512686, 4.8688424 ], [ -74.1513647, 4.8688904 ], [ -74.1514128, 4.8689866 ], [ -74.1515089, 4.8689866 ], [ -74.151605, 4.8689866 ], [ -74.1517011, 4.8690346 ], [ -74.1517972, 4.8690346 ], [ -74.1518933, 4.8690827 ], [ -74.1519894, 4.8690827 ], [ -74.1520855, 4.8691307 ], [ -74.1521816, 4.8691788 ], [ -74.1522777, 4.8691788 ], [ -74.1523738, 4.8691788 ], [ -74.1524699, 4.8691788 ], [ -74.152566, 4.8691788 ], [ -74.1526621, 4.8692268 ], [ -74.1527582, 4.8692268 ], [ -74.1528543, 4.8692268 ], [ -74.1529504, 4.8692749 ], [ -74.1529504, 4.869371 ], [ -74.1529985, 4.8694671 ], [ -74.1529985, 4.8695632 ], [ -74.1530465, 4.8696593 ], [ -74.1530946, 4.8697554 ], [ -74.1531426, 4.8698515 ], [ -74.1531907, 4.8699476 ], [ -74.1532868, 4.8700437 ], [ -74.1533348, 4.8701398 ], [ -74.1533348, 4.8702359 ], [ -74.1533829, 4.870332 ], [ -74.153479, 4.8704281 ], [ -74.153479, 4.8705242 ], [ -74.153527, 4.8706203 ], [ -74.1535751, 4.8707164 ], [ -74.1536231, 4.8708125 ], [ -74.1537192, 4.8708606 ], [ -74.1537192, 4.8709567 ], [ -74.1538153, 4.8710047 ], [ -74.1539114, 4.8710528 ], [ -74.1539114, 4.8711489 ], [ -74.1540075, 4.8711489 ], [ -74.1541036, 4.8711969 ], [ -74.1541997, 4.871245 ], [ -74.1542958, 4.871245 ], [ -74.1543919, 4.871245 ], [ -74.1544881, 4.871293 ], [ -74.1545842, 4.8713411 ], [ -74.1546803, 4.8713411 ], [ -74.1547764, 4.8713891 ], [ -74.1548725, 4.8713891 ], [ -74.1549686, 4.8713891 ], [ -74.1549686, 4.871293 ], [ -74.1550647, 4.871293 ], [ -74.1551608, 4.871245 ], [ -74.1552569, 4.8711969 ], [ -74.155353, 4.8711489 ], [ -74.1554491, 4.8711008 ], [ -74.1555452, 4.8711008 ], [ -74.1556413, 4.8710528 ], [ -74.1557374, 4.8710528 ], [ -74.1558335, 4.8710528 ], [ -74.1559296, 4.8710528 ], [ -74.1560257, 4.8710528 ], [ -74.1561218, 4.8710528 ], [ -74.1562179, 4.8710528 ], [ -74.156314, 4.8710528 ], [ -74.1564101, 4.8710528 ], [ -74.1565062, 4.8710528 ], [ -74.1566023, 4.8710528 ], [ -74.1566984, 4.8710528 ], [ -74.1567945, 4.8710528 ], [ -74.1568906, 4.8710528 ], [ -74.1569867, 4.8710528 ], [ -74.1570828, 4.8710528 ], [ -74.1571789, 4.8711008 ], [ -74.157275, 4.8711489 ], [ -74.1573711, 4.8711969 ], [ -74.1574672, 4.8711969 ], [ -74.1575634, 4.871245 ], [ -74.1576114, 4.8713411 ], [ -74.1576114, 4.8714372 ], [ -74.1575634, 4.8715333 ], [ -74.1575153, 4.8716294 ], [ -74.1574192, 4.8716294 ], [ -74.1574192, 4.8717255 ], [ -74.1573231, 4.8717735 ], [ -74.157275, 4.8718696 ], [ -74.1571789, 4.8718696 ], [ -74.1571309, 4.8719657 ], [ -74.1570348, 4.8719657 ], [ -74.1569387, 4.8720138 ], [ -74.1568426, 4.8720619 ], [ -74.1567465, 4.8720619 ], [ -74.1566504, 4.8720619 ], [ -74.1565543, 4.8720619 ], [ -74.1564582, 4.8721099 ], [ -74.1563621, 4.8721099 ], [ -74.156266, 4.8721099 ], [ -74.1561699, 4.8721099 ], [ -74.1560738, 4.8721099 ], [ -74.1559776, 4.8721099 ], [ -74.1558815, 4.8721099 ], [ -74.1557854, 4.8721099 ], [ -74.1556893, 4.8721099 ], [ -74.1555932, 4.8721099 ], [ -74.1554971, 4.872158 ], [ -74.155401, 4.872158 ], [ -74.1553049, 4.872158 ], [ -74.1552088, 4.872158 ], [ -74.1551127, 4.872158 ], [ -74.1550166, 4.872158 ], [ -74.1549205, 4.872158 ], [ -74.1548244, 4.872158 ], [ -74.1547283, 4.872158 ], [ -74.1546322, 4.8721099 ], [ -74.1545361, 4.8720619 ], [ -74.15444, 4.8720619 ], [ -74.1543439, 4.8720138 ], [ -74.1542958, 4.8719177 ], [ -74.1541997, 4.8718696 ], [ -74.1541036, 4.8718216 ], [ -74.1540075, 4.8717735 ], [ -74.1539114, 4.8717255 ], [ -74.1538153, 4.8716774 ], [ -74.1537192, 4.8716294 ], [ -74.1536231, 4.8716294 ], [ -74.153527, 4.8715813 ], [ -74.1534309, 4.8715333 ], [ -74.1533829, 4.8714372 ], [ -74.1532868, 4.8714372 ], [ -74.1531907, 4.8713891 ], [ -74.1531426, 4.871293 ], [ -74.1530465, 4.871245 ], [ -74.1529985, 4.8711489 ], [ -74.1529504, 4.8710528 ], [ -74.1528543, 4.8710528 ], [ -74.1528062, 4.8709567 ], [ -74.1527582, 4.8708606 ], [ -74.1526621, 4.8708125 ], [ -74.1526621, 4.8707164 ], [ -74.152566, 4.8706684 ], [ -74.1524699, 4.8706203 ], [ -74.1524218, 4.8705242 ], [ -74.1523257, 4.8704762 ], [ -74.1522296, 4.8704281 ], [ -74.1522296, 4.870332 ], [ -74.1521335, 4.8702839 ], [ -74.1520374, 4.8702359 ], [ -74.1520374, 4.8701398 ], [ -74.1519413, 4.8700917 ], [ -74.1518452, 4.8700437 ], [ -74.1517491, 4.8699956 ], [ -74.1517491, 4.8698995 ], [ -74.151653, 4.8698995 ], [ -74.151605, 4.8698034 ], [ -74.1515089, 4.8697554 ], [ -74.1514128, 4.8697073 ], [ -74.1513647, 4.8696112 ], [ -74.1512686, 4.8696112 ], [ -74.1512205, 4.8695151 ], [ -74.1511244, 4.8694671 ], [ -74.1510283, 4.869419 ], [ -74.1509322, 4.869371 ], [ -74.1508361, 4.8693229 ], [ -74.15074, 4.8692749 ], [ -74.1506439, 4.8692749 ], [ -74.1505478, 4.8692268 ], [ -74.1504517, 4.8692268 ], [ -74.1504037, 4.8691307 ], [ -74.1503076, 4.8690827 ], [ -74.1502115, 4.8690346 ], [ -74.1501634, 4.8689385 ], [ -74.1500673, 4.8689385 ], [ -74.1499712, 4.8688904 ], [ -74.1498751, 4.8688424 ], [ -74.149827, 4.8687463 ], [ -74.1497309, 4.8687463 ], [ -74.1496348, 4.8686982 ], [ -74.1495387, 4.8686502 ], [ -74.1494426, 4.8686021 ], [ -74.1493946, 4.868506 ], [ -74.1492985, 4.868506 ], [ -74.1492024, 4.868458 ], [ -74.1491063, 4.8684099 ], [ -74.1490102, 4.8684099 ], [ -74.1489141, 4.8684099 ], [ -74.148818, 4.8684099 ], [ -74.1487219, 4.8684099 ], [ -74.1486258, 4.868458 ], [ -74.1486258, 4.8685541 ], [ -74.1486258, 4.8686502 ], [ -74.1486258, 4.8687463 ], [ -74.1486258, 4.8688424 ], [ -74.1487219, 4.8688904 ], [ -74.1487219, 4.8689866 ], [ -74.1487219, 4.8690827 ], [ -74.1487699, 4.8691788 ], [ -74.148818, 4.8692749 ], [ -74.148818, 4.869371 ], [ -74.1489141, 4.869371 ], [ -74.1489141, 4.8694671 ], [ -74.1489621, 4.8695632 ], [ -74.1490582, 4.8696112 ], [ -74.1491063, 4.8697073 ], [ -74.1491543, 4.8698034 ], [ -74.1492504, 4.8698515 ], [ -74.1492504, 4.8699476 ], [ -74.1493465, 4.8699476 ], [ -74.1493946, 4.8700437 ], [ -74.1494907, 4.8700917 ], [ -74.1495868, 4.8701398 ], [ -74.1496348, 4.8702359 ], [ -74.1497309, 4.8702359 ], [ -74.149779, 4.870332 ], [ -74.1498751, 4.87038 ], [ -74.1499712, 4.8704281 ], [ -74.1500193, 4.8705242 ], [ -74.1501154, 4.8705723 ], [ -74.1502115, 4.8706203 ], [ -74.1502595, 4.8707164 ], [ -74.1503556, 4.8707645 ], [ -74.1504037, 4.8708606 ], [ -74.1504998, 4.8708606 ], [ -74.1505478, 4.8709567 ], [ -74.1506439, 4.8709567 ], [ -74.15074, 4.8710047 ], [ -74.1508361, 4.8710528 ], [ -74.1508361, 4.8711489 ], [ -74.1509322, 4.8711489 ], [ -74.1509803, 4.871245 ], [ -74.1510764, 4.871245 ], [ -74.1511244, 4.8713411 ], [ -74.1512205, 4.8713891 ], [ -74.1513166, 4.8714372 ], [ -74.1514128, 4.8715333 ], [ -74.1515089, 4.8715813 ], [ -74.151605, 4.8716294 ], [ -74.1517011, 4.8716774 ], [ -74.1517972, 4.8717255 ], [ -74.1518933, 4.8717735 ], [ -74.1519894, 4.8718216 ], [ -74.1520855, 4.8718696 ], [ -74.1521335, 4.8719657 ], [ -74.1522296, 4.8720138 ], [ -74.1523257, 4.8720619 ], [ -74.1524218, 4.8721099 ], [ -74.1525179, 4.872158 ], [ -74.152566, 4.8722541 ], [ -74.1526621, 4.8722541 ], [ -74.1527582, 4.8723502 ], [ -74.1528543, 4.8723982 ], [ -74.1529504, 4.8724463 ], [ -74.1529985, 4.8725424 ], [ -74.1530946, 4.8725424 ], [ -74.1531907, 4.8725904 ], [ -74.1532868, 4.8726385 ], [ -74.1533829, 4.8727346 ], [ -74.153479, 4.8727346 ], [ -74.1535751, 4.8727826 ], [ -74.1536231, 4.8728787 ], [ -74.1536712, 4.8729748 ], [ -74.1537192, 4.8730709 ], [ -74.1537192, 4.873167 ], [ -74.1537192, 4.8732631 ], [ -74.1537192, 4.8733592 ], [ -74.1536231, 4.8734073 ], [ -74.1535751, 4.8735034 ], [ -74.153479, 4.8735515 ], [ -74.1534309, 4.8736476 ], [ -74.1533348, 4.8736476 ], [ -74.1532387, 4.8736956 ], [ -74.1531426, 4.8737437 ], [ -74.1530465, 4.8737917 ], [ -74.1529504, 4.8737917 ], [ -74.1528543, 4.8737917 ], [ -74.1527582, 4.8737917 ], [ -74.1526621, 4.8737917 ], [ -74.152566, 4.8738398 ], [ -74.1524699, 4.8738398 ], [ -74.1523738, 4.8738398 ], [ -74.1522777, 4.8738398 ], [ -74.1521816, 4.8738398 ], [ -74.1520855, 4.8738398 ], [ -74.1519894, 4.8738398 ], [ -74.1518933, 4.8738398 ], [ -74.1517972, 4.8738398 ], [ -74.1517011, 4.8738398 ], [ -74.151605, 4.8738398 ], [ -74.1515089, 4.8738398 ], [ -74.1514128, 4.8738398 ], [ -74.1513166, 4.8738398 ], [ -74.1512205, 4.8738398 ], [ -74.1511244, 4.8738398 ], [ -74.1510283, 4.8738398 ], [ -74.1509322, 4.8738398 ], [ -74.1508361, 4.8737917 ], [ -74.1508361, 4.8736956 ], [ -74.1508361, 4.8735995 ], [ -74.1508361, 4.8735034 ], [ -74.1508361, 4.8734073 ], [ -74.1508361, 4.8733112 ], [ -74.1508842, 4.8732151 ], [ -74.1509803, 4.873167 ], [ -74.1509803, 4.8730709 ], [ -74.1510283, 4.8729748 ], [ -74.1510764, 4.8728787 ], [ -74.1511244, 4.8727826 ], [ -74.1511244, 4.8726865 ], [ -74.1511244, 4.8725904 ], [ -74.1511244, 4.8724943 ], [ -74.1510283, 4.8724463 ], [ -74.1509322, 4.8723982 ], [ -74.1508842, 4.8723021 ], [ -74.1507881, 4.8722541 ], [ -74.150692, 4.872206 ], [ -74.1506439, 4.8721099 ], [ -74.1505478, 4.8720619 ], [ -74.1504517, 4.8720138 ], [ -74.1503556, 4.8719657 ], [ -74.1502595, 4.8719177 ], [ -74.1501634, 4.8718696 ], [ -74.1500673, 4.8718696 ], [ -74.1499712, 4.8718216 ], [ -74.1498751, 4.8717735 ], [ -74.149779, 4.8717255 ], [ -74.1496829, 4.8717255 ], [ -74.1496348, 4.8716294 ], [ -74.1495387, 4.8715813 ], [ -74.1494907, 4.8714852 ], [ -74.1493946, 4.8714372 ], [ -74.1492985, 4.8713411 ], [ -74.1492504, 4.871245 ], [ -74.1491543, 4.8711969 ], [ -74.1491543, 4.8711008 ], [ -74.1490582, 4.8710528 ], [ -74.1490102, 4.8709567 ], [ -74.1489621, 4.8708606 ], [ -74.148866, 4.8708125 ], [ -74.148818, 4.8707164 ], [ -74.1487699, 4.8706203 ], [ -74.1486738, 4.8705723 ], [ -74.1486258, 4.8704762 ], [ -74.1485777, 4.87038 ], [ -74.1484816, 4.870332 ], [ -74.1484336, 4.8702359 ], [ -74.1483855, 4.8701398 ], [ -74.1482894, 4.8701398 ], [ -74.1482413, 4.8700437 ], [ -74.1481933, 4.8699476 ], [ -74.1480972, 4.8698995 ], [ -74.1480011, 4.8698515 ], [ -74.1480011, 4.8697554 ], [ -74.147953, 4.8698515 ], [ -74.147953, 4.8699476 ], [ -74.147953, 4.8700437 ], [ -74.1480011, 4.8701398 ], [ -74.1480011, 4.8702359 ], [ -74.1480491, 4.870332 ], [ -74.1480491, 4.8704281 ], [ -74.1481452, 4.8704762 ], [ -74.1481452, 4.8705723 ], [ -74.1481933, 4.8706684 ], [ -74.1481933, 4.8707645 ], [ -74.1482413, 4.8708606 ], [ -74.1483375, 4.8709567 ], [ -74.1483375, 4.8710528 ], [ -74.1483855, 4.8711489 ], [ -74.1484336, 4.871245 ], [ -74.1484816, 4.8713411 ], [ -74.1484816, 4.8714372 ], [ -74.1484816, 4.8715333 ], [ -74.1485297, 4.8716294 ], [ -74.1485297, 4.8717255 ], [ -74.1485297, 4.8718216 ], [ -74.1485777, 4.8719177 ], [ -74.1485777, 4.8720138 ], [ -74.1485777, 4.8721099 ], [ -74.1485777, 4.872206 ], [ -74.1486258, 4.8723021 ], [ -74.1486738, 4.8723982 ], [ -74.1487219, 4.8724943 ], [ -74.1487699, 4.8725904 ], [ -74.148866, 4.8726385 ], [ -74.1489621, 4.8726865 ], [ -74.1490582, 4.8727346 ], [ -74.1491543, 4.8727826 ], [ -74.1492504, 4.8728307 ], [ -74.1492985, 4.8729268 ], [ -74.1493946, 4.8729268 ], [ -74.1494907, 4.8729748 ], [ -74.1495387, 4.8730709 ], [ -74.1495868, 4.873167 ], [ -74.1496348, 4.8732631 ], [ -74.1496348, 4.8733592 ], [ -74.1496348, 4.8734553 ], [ -74.1496348, 4.8735515 ], [ -74.1496348, 4.8736476 ], [ -74.1495387, 4.8737437 ], [ -74.1494426, 4.8737917 ], [ -74.1493465, 4.8738398 ], [ -74.1492504, 4.8738878 ], [ -74.1491543, 4.8739359 ], [ -74.1490582, 4.8739839 ], [ -74.1490102, 4.87408 ], [ -74.1489141, 4.8741281 ], [ -74.148818, 4.8741761 ], [ -74.1487699, 4.8742722 ], [ -74.1487219, 4.8743683 ], [ -74.1486738, 4.8744644 ], [ -74.1485777, 4.8745125 ], [ -74.1484816, 4.8745605 ], [ -74.1484336, 4.8746566 ], [ -74.1483375, 4.8747047 ], [ -74.1482894, 4.8748008 ], [ -74.1482413, 4.8748969 ], [ -74.1481933, 4.874993 ], [ -74.1481452, 4.8750891 ], [ -74.1481452, 4.8751852 ], [ -74.1481452, 4.8752813 ], [ -74.1481452, 4.8753774 ], [ -74.1481452, 4.8754735 ], [ -74.1481452, 4.8755696 ], [ -74.1481933, 4.8756657 ], [ -74.1481933, 4.8757618 ], [ -74.1481933, 4.8758579 ], [ -74.1481933, 4.875954 ], [ -74.1481933, 4.8760501 ], [ -74.1482413, 4.8761462 ], [ -74.1482413, 4.8762423 ], [ -74.1482413, 4.8763384 ], [ -74.1482894, 4.8764345 ], [ -74.1482894, 4.8765306 ], [ -74.1482894, 4.8766267 ], [ -74.1483375, 4.8767229 ], [ -74.1483855, 4.876819 ], [ -74.1483855, 4.8769151 ], [ -74.1484336, 4.8770112 ], [ -74.1484336, 4.8771073 ], [ -74.1484336, 4.8772034 ], [ -74.1484816, 4.8772995 ], [ -74.1484816, 4.8773956 ], [ -74.1484816, 4.8774917 ], [ -74.1484816, 4.8775878 ], [ -74.1484336, 4.8776839 ], [ -74.1483375, 4.8776839 ], [ -74.1482413, 4.87778 ], [ -74.1481452, 4.877828 ], [ -74.1480491, 4.8778761 ], [ -74.147953, 4.8779241 ], [ -74.1478569, 4.8779241 ], [ -74.1478089, 4.8780202 ], [ -74.1477128, 4.8780202 ], [ -74.1476167, 4.8780683 ], [ -74.1475206, 4.8780683 ], [ -74.1474245, 4.8780683 ], [ -74.1473284, 4.8780683 ], [ -74.1472323, 4.8780202 ], [ -74.1471362, 4.8779722 ], [ -74.1471362, 4.8778761 ], [ -74.1470881, 4.87778 ], [ -74.1470881, 4.8776839 ], [ -74.1470881, 4.8775878 ], [ -74.1470881, 4.8774917 ], [ -74.1470881, 4.8773956 ], [ -74.1470881, 4.8772995 ], [ -74.1470881, 4.8772034 ], [ -74.1471362, 4.8771073 ], [ -74.1471842, 4.8770112 ], [ -74.1471842, 4.8769151 ], [ -74.1471842, 4.876819 ], [ -74.1472323, 4.8767229 ], [ -74.1472323, 4.8766267 ], [ -74.1472803, 4.8765306 ], [ -74.1472803, 4.8764345 ], [ -74.1472803, 4.8763384 ], [ -74.1472803, 4.8762423 ], [ -74.1473284, 4.8761462 ], [ -74.1473284, 4.8760501 ], [ -74.1473284, 4.875954 ], [ -74.1473764, 4.8758579 ], [ -74.1473764, 4.8757618 ], [ -74.1473764, 4.8756657 ], [ -74.1473764, 4.8755696 ], [ -74.1473764, 4.8754735 ], [ -74.1473764, 4.8753774 ], [ -74.1473764, 4.8752813 ], [ -74.1473764, 4.8751852 ], [ -74.1473764, 4.8750891 ], [ -74.1473764, 4.874993 ], [ -74.1473764, 4.8748969 ], [ -74.1473764, 4.8748008 ], [ -74.1474245, 4.8747047 ], [ -74.1474245, 4.8746086 ], [ -74.1474245, 4.8745125 ], [ -74.1474725, 4.8744164 ], [ -74.1474725, 4.8743203 ], [ -74.1475686, 4.8742722 ], [ -74.1475686, 4.8741761 ], [ -74.1475686, 4.87408 ], [ -74.1476167, 4.8739839 ], [ -74.1476167, 4.8738878 ], [ -74.1476647, 4.8737917 ], [ -74.1477128, 4.8736956 ], [ -74.1477128, 4.8735995 ], [ -74.1477608, 4.8735034 ], [ -74.1477608, 4.8734073 ], [ -74.1477608, 4.8733112 ], [ -74.1477608, 4.8732151 ], [ -74.1477608, 4.873119 ], [ -74.1477608, 4.8730229 ], [ -74.1477608, 4.8729268 ], [ -74.1477608, 4.8728307 ], [ -74.1477128, 4.8727346 ], [ -74.1476647, 4.8726385 ], [ -74.1476167, 4.8725424 ], [ -74.1475686, 4.8724463 ], [ -74.1475206, 4.8723502 ], [ -74.1474725, 4.8722541 ], [ -74.1474725, 4.872158 ], [ -74.1474245, 4.8720619 ], [ -74.1473284, 4.8720138 ], [ -74.1473284, 4.8719177 ], [ -74.1472803, 4.8718216 ], [ -74.1472323, 4.8717255 ], [ -74.1471842, 4.8716294 ], [ -74.1471362, 4.8715333 ], [ -74.1470881, 4.8714372 ], [ -74.1470881, 4.8713411 ], [ -74.1470401, 4.871245 ], [ -74.146992, 4.8711489 ], [ -74.146944, 4.8710528 ], [ -74.146944, 4.8709567 ], [ -74.1468959, 4.8708606 ], [ -74.1468479, 4.8707645 ], [ -74.1467518, 4.8707164 ], [ -74.1467518, 4.8706203 ], [ -74.1467037, 4.8705242 ], [ -74.1466556, 4.8704281 ], [ -74.1466076, 4.870332 ], [ -74.1465595, 4.8702359 ], [ -74.1465115, 4.8701398 ], [ -74.1464634, 4.8700437 ], [ -74.1464634, 4.8699476 ], [ -74.1464154, 4.8698515 ], [ -74.1463673, 4.8697554 ], [ -74.1463193, 4.8696593 ], [ -74.1463193, 4.8695632 ], [ -74.1462712, 4.8694671 ], [ -74.1462232, 4.869371 ], [ -74.1462232, 4.8692749 ], [ -74.1461751, 4.8691788 ], [ -74.1461751, 4.8690827 ], [ -74.1461751, 4.8689866 ], [ -74.1461751, 4.8688904 ], [ -74.1461751, 4.8687943 ], [ -74.1461751, 4.8686982 ], [ -74.1461751, 4.8686021 ], [ -74.1461751, 4.868506 ], [ -74.1461751, 4.8684099 ], [ -74.1461751, 4.8683138 ], [ -74.1461271, 4.8682177 ], [ -74.1461271, 4.8681216 ], [ -74.1461271, 4.8680255 ], [ -74.1461271, 4.8679294 ], [ -74.1461271, 4.8678333 ], [ -74.1461271, 4.8677372 ], [ -74.1461271, 4.8676411 ], [ -74.1461271, 4.867545 ], [ -74.1461271, 4.8674489 ], [ -74.1461271, 4.8673528 ], [ -74.1461751, 4.8672567 ], [ -74.1461751, 4.8671606 ], [ -74.1461751, 4.8670645 ], [ -74.1461751, 4.8669684 ], [ -74.1461751, 4.8668723 ], [ -74.1461751, 4.8667762 ], [ -74.1461751, 4.8666801 ], [ -74.1461751, 4.866584 ], [ -74.1461751, 4.8664879 ], [ -74.1461751, 4.8663918 ], [ -74.1461751, 4.8662957 ], [ -74.1461751, 4.8661996 ], [ -74.1461751, 4.8661035 ], [ -74.1461751, 4.8660074 ], [ -74.1461751, 4.8659113 ], [ -74.1461751, 4.8658151 ], [ -74.1461751, 4.865719 ], [ -74.1461271, 4.8656229 ], [ -74.146079, 4.8655268 ], [ -74.1459829, 4.8654788 ], [ -74.1458868, 4.8654307 ], [ -74.1457907, 4.8654307 ], [ -74.1456946, 4.8654307 ], [ -74.1456466, 4.8653346 ], [ -74.1455985, 4.8652385 ], [ -74.1455505, 4.8651424 ], [ -74.1455024, 4.8650463 ], [ -74.1454544, 4.8649502 ], [ -74.1454544, 4.8648541 ], [ -74.1454544, 4.864758 ], [ -74.1454544, 4.8646619 ], [ -74.1454544, 4.8645658 ], [ -74.1454063, 4.8644697 ], [ -74.1454063, 4.8643736 ], [ -74.1454063, 4.8642775 ], [ -74.1454063, 4.8641814 ], [ -74.1454063, 4.8640853 ], [ -74.1454063, 4.8639892 ], [ -74.1454063, 4.8638931 ], [ -74.1454063, 4.863797 ], [ -74.1454063, 4.8637009 ], [ -74.1454063, 4.8636048 ], [ -74.1454063, 4.8635087 ], [ -74.1454063, 4.8634126 ], [ -74.1454063, 4.8633165 ], [ -74.1454063, 4.8632204 ], [ -74.1454063, 4.8631243 ], [ -74.1454063, 4.8630282 ], [ -74.1453583, 4.8629321 ], [ -74.1453583, 4.862836 ], [ -74.1453583, 4.8627398 ], [ -74.1453583, 4.8626437 ], [ -74.1453102, 4.8625476 ], [ -74.1453102, 4.8624515 ], [ -74.1453102, 4.8623554 ], [ -74.1452622, 4.8622593 ], [ -74.1452622, 4.8621632 ], [ -74.1452141, 4.8620671 ], [ -74.145166, 4.861971 ], [ -74.145166, 4.8618749 ], [ -74.145118, 4.8617788 ], [ -74.145118, 4.8616827 ], [ -74.1450699, 4.8615866 ], [ -74.1450699, 4.8614905 ], [ -74.1450699, 4.8613944 ], [ -74.1450699, 4.8612983 ], [ -74.1450219, 4.8612022 ], [ -74.1450219, 4.8611061 ], [ -74.1450219, 4.86101 ], [ -74.1450219, 4.8609139 ], [ -74.1449738, 4.8608178 ], [ -74.1449258, 4.8607217 ], [ -74.1449258, 4.8606256 ], [ -74.1449258, 4.8605295 ], [ -74.1448777, 4.8604334 ], [ -74.1448777, 4.8603373 ], [ -74.1448777, 4.8602412 ], [ -74.1448777, 4.8601451 ], [ -74.1448297, 4.860049 ], [ -74.1448297, 4.8599529 ], [ -74.1448297, 4.8598568 ], [ -74.1448297, 4.8597607 ], [ -74.1448297, 4.8596646 ], [ -74.1448297, 4.8595684 ], [ -74.1448297, 4.8594723 ], [ -74.1447816, 4.8593762 ], [ -74.1447816, 4.8592801 ], [ -74.1447816, 4.859184 ], [ -74.1447816, 4.8590879 ], [ -74.1447336, 4.8589918 ], [ -74.1446855, 4.8588957 ], [ -74.1445894, 4.8588477 ], [ -74.1445414, 4.8587516 ], [ -74.1444933, 4.8586555 ], [ -74.1444453, 4.8585594 ], [ -74.1443492, 4.8585113 ], [ -74.1443492, 4.8584152 ], [ -74.1443011, 4.8583191 ], [ -74.1442531, 4.858223 ], [ -74.144205, 4.8581269 ], [ -74.144157, 4.8580308 ], [ -74.1441089, 4.8579347 ], [ -74.1440128, 4.8578866 ], [ -74.1439167, 4.8578386 ], [ -74.1438687, 4.8577425 ], [ -74.1437726, 4.8576944 ], [ -74.1436765, 4.8576464 ], [ -74.1435803, 4.8575983 ], [ -74.1435803, 4.8575022 ], [ -74.1434842, 4.8574542 ], [ -74.1434362, 4.8573581 ], [ -74.1433401, 4.85731 ], [ -74.143292, 4.8572139 ], [ -74.143244, 4.8571178 ], [ -74.1431479, 4.8571178 ], [ -74.1430998, 4.8570217 ], [ -74.1430037, 4.8569737 ], [ -74.1429076, 4.8569256 ], [ -74.1428115, 4.8568776 ], [ -74.1427154, 4.8568295 ], [ -74.1426193, 4.8567815 ], [ -74.1425232, 4.8567334 ], [ -74.1424271, 4.8566854 ], [ -74.142331, 4.8566854 ], [ -74.1422349, 4.8566373 ], [ -74.1421388, 4.8566373 ], [ -74.1420427, 4.8565893 ], [ -74.1419466, 4.8565412 ], [ -74.1418505, 4.8565412 ], [ -74.1417544, 4.8564931 ], [ -74.1416583, 4.8564931 ], [ -74.1415622, 4.8564451 ], [ -74.1414661, 4.8564451 ], [ -74.14137, 4.856397 ], [ -74.1412739, 4.856397 ], [ -74.1411778, 4.856397 ], [ -74.1410817, 4.856397 ], [ -74.1409856, 4.856397 ], [ -74.1408895, 4.856397 ], [ -74.1407934, 4.856397 ], [ -74.1406973, 4.856397 ], [ -74.1406012, 4.856397 ], [ -74.140505, 4.8564451 ], [ -74.1404089, 4.8564451 ], [ -74.1403128, 4.8564931 ], [ -74.1402167, 4.8565412 ], [ -74.1401206, 4.8565893 ], [ -74.1400245, 4.8566373 ], [ -74.1399284, 4.8566373 ], [ -74.1399284, 4.8567334 ], [ -74.1399765, 4.8568295 ], [ -74.1400726, 4.8568295 ], [ -74.1401687, 4.8568295 ], [ -74.1402648, 4.8568295 ], [ -74.1403609, 4.8568776 ], [ -74.1404089, 4.8569737 ], [ -74.140505, 4.8569737 ], [ -74.1405531, 4.8570698 ], [ -74.1406492, 4.8570698 ], [ -74.1406973, 4.8571659 ], [ -74.1407934, 4.8572139 ], [ -74.1408895, 4.857262 ], [ -74.1409375, 4.8573581 ], [ -74.1410336, 4.8573581 ], [ -74.1410817, 4.8574542 ], [ -74.1411297, 4.8575503 ], [ -74.1412258, 4.8575503 ], [ -74.1412258, 4.8576464 ], [ -74.1413219, 4.8576944 ], [ -74.1413219, 4.8577905 ], [ -74.14137, 4.8578866 ], [ -74.141418, 4.8579827 ], [ -74.141418, 4.8580788 ], [ -74.141418, 4.858175 ], [ -74.1413219, 4.858223 ], [ -74.1412739, 4.8583191 ], [ -74.1411778, 4.8583672 ], [ -74.1410817, 4.8583672 ], [ -74.1409856, 4.8583672 ], [ -74.1408895, 4.8583672 ], [ -74.1407934, 4.8583672 ], [ -74.1406973, 4.8583672 ], [ -74.1406012, 4.8583672 ], [ -74.140505, 4.8583672 ], [ -74.140457, 4.8582711 ], [ -74.1403609, 4.8582711 ], [ -74.1403128, 4.858175 ], [ -74.1402167, 4.8581269 ], [ -74.1401687, 4.8580308 ], [ -74.1400726, 4.8579347 ], [ -74.1399765, 4.8578866 ], [ -74.1399284, 4.8577905 ], [ -74.1398804, 4.8576944 ], [ -74.1397843, 4.8576464 ], [ -74.1396882, 4.8575983 ], [ -74.1396882, 4.8575022 ], [ -74.1395921, 4.8574542 ], [ -74.139544, 4.8573581 ], [ -74.139496, 4.857262 ], [ -74.1393999, 4.8572139 ], [ -74.1393518, 4.8571178 ], [ -74.1392557, 4.8570698 ], [ -74.1391596, 4.8570217 ], [ -74.1391596, 4.8569256 ], [ -74.1390635, 4.8568776 ], [ -74.1389674, 4.8568295 ], [ -74.1389193, 4.8567334 ], [ -74.1388232, 4.8567334 ], [ -74.1387271, 4.8566854 ], [ -74.138631, 4.8566854 ], [ -74.1385349, 4.8566854 ], [ -74.1384388, 4.8566373 ], [ -74.1383427, 4.8566373 ], [ -74.1382466, 4.8566373 ], [ -74.1381505, 4.8565893 ], [ -74.1380544, 4.8565412 ], [ -74.1379583, 4.8564931 ], [ -74.1378622, 4.8564931 ], [ -74.1377661, 4.8564451 ], [ -74.13767, 4.8564451 ], [ -74.1375739, 4.856397 ], [ -74.1374778, 4.856349 ], [ -74.1373817, 4.856349 ], [ -74.1372856, 4.856349 ], [ -74.1371895, 4.8563009 ], [ -74.1370934, 4.8563009 ], [ -74.1369973, 4.8563009 ], [ -74.1369492, 4.856397 ], [ -74.1368531, 4.856397 ], [ -74.136757, 4.856349 ], [ -74.136757, 4.8562529 ], [ -74.136709, 4.8561568 ], [ -74.136709, 4.8560607 ], [ -74.1366129, 4.8560126 ], [ -74.1366129, 4.8559165 ], [ -74.1366129, 4.8558204 ], [ -74.1366129, 4.8557243 ], [ -74.1366129, 4.8556282 ], [ -74.1366129, 4.8555321 ], [ -74.1366129, 4.855436 ], [ -74.1366129, 4.8553399 ], [ -74.1366129, 4.8552438 ], [ -74.1366129, 4.8551477 ], [ -74.1366129, 4.8550516 ], [ -74.1366129, 4.8549555 ], [ -74.1366129, 4.8548594 ], [ -74.1366129, 4.8547633 ], [ -74.1366129, 4.8546672 ], [ -74.1366129, 4.8545711 ], [ -74.1365648, 4.854475 ], [ -74.1365648, 4.8543789 ], [ -74.1365648, 4.8542828 ], [ -74.1365648, 4.8541867 ], [ -74.1365648, 4.8540906 ], [ -74.1365648, 4.8539945 ], [ -74.1365648, 4.8538984 ], [ -74.1365648, 4.8538023 ], [ -74.1365168, 4.8537062 ], [ -74.1364687, 4.8536101 ], [ -74.1364207, 4.853514 ], [ -74.1363726, 4.8534178 ], [ -74.1363246, 4.8533217 ], [ -74.1362285, 4.8532737 ], [ -74.1362285, 4.8531776 ], [ -74.1361324, 4.8531295 ], [ -74.1360843, 4.8530334 ], [ -74.1359882, 4.8529854 ], [ -74.1358921, 4.8529373 ], [ -74.135796, 4.8529373 ], [ -74.1356999, 4.8528893 ], [ -74.1356038, 4.8528893 ], [ -74.1355077, 4.8528412 ], [ -74.1354116, 4.8528412 ], [ -74.1353155, 4.8527932 ], [ -74.1352194, 4.8527451 ], [ -74.1351233, 4.8527451 ], [ -74.1350272, 4.8527451 ], [ -74.1349311, 4.8526971 ], [ -74.134835, 4.8526971 ], [ -74.1347389, 4.852649 ], [ -74.1346428, 4.852601 ], [ -74.1345947, 4.8525049 ], [ -74.1344986, 4.8524568 ], [ -74.1344025, 4.8524088 ], [ -74.1343544, 4.8523127 ], [ -74.1342583, 4.8523127 ], [ -74.1342103, 4.8522166 ], [ -74.1341142, 4.8521685 ], [ -74.1340181, 4.8521205 ], [ -74.133922, 4.8520724 ], [ -74.1338259, 4.8520244 ], [ -74.1337778, 4.8519282 ], [ -74.1336817, 4.8519282 ], [ -74.1335856, 4.8518802 ], [ -74.1335856, 4.8517841 ], [ -74.1334895, 4.851736 ], [ -74.1334415, 4.8516399 ], [ -74.1333934, 4.8515438 ], [ -74.1333454, 4.8514477 ], [ -74.1332973, 4.8513516 ], [ -74.1332493, 4.8512555 ], [ -74.1331532, 4.8512075 ], [ -74.1330571, 4.8511594 ], [ -74.132961, 4.8511594 ], [ -74.1328649, 4.8511594 ], [ -74.1328649, 4.8512555 ], [ -74.1328168, 4.8513516 ], [ -74.1328168, 4.8514477 ], [ -74.1328168, 4.8515438 ], [ -74.1328168, 4.8516399 ], [ -74.1328168, 4.851736 ], [ -74.1328649, 4.8518321 ], [ -74.1329129, 4.8519282 ], [ -74.1329129, 4.8520244 ], [ -74.132961, 4.8521205 ], [ -74.133009, 4.8522166 ], [ -74.133009, 4.8523127 ], [ -74.1330571, 4.8524088 ], [ -74.1331051, 4.8525049 ], [ -74.1331051, 4.852601 ], [ -74.1332012, 4.852601 ], [ -74.1332012, 4.8526971 ], [ -74.1331532, 4.8527932 ], [ -74.1330571, 4.8528893 ], [ -74.1330571, 4.8529854 ], [ -74.133009, 4.8530815 ], [ -74.133009, 4.8531776 ], [ -74.132961, 4.8532737 ], [ -74.1328649, 4.8532737 ], [ -74.1328649, 4.8533698 ], [ -74.1328168, 4.8534659 ], [ -74.1327207, 4.853514 ], [ -74.1326726, 4.8536101 ], [ -74.1325765, 4.8536581 ], [ -74.1325285, 4.8537542 ], [ -74.1324324, 4.8538023 ], [ -74.1323363, 4.8538503 ], [ -74.1322402, 4.8538984 ], [ -74.1322402, 4.8539945 ], [ -74.1321441, 4.8539945 ], [ -74.132048, 4.8540425 ], [ -74.1319519, 4.8540425 ], [ -74.1318558, 4.8540906 ], [ -74.1317597, 4.8540906 ], [ -74.1316636, 4.8541386 ], [ -74.1315675, 4.8541867 ], [ -74.1314714, 4.8542828 ], [ -74.1313753, 4.8543308 ], [ -74.1312791, 4.8543789 ], [ -74.1312311, 4.854475 ], [ -74.131135, 4.854523 ], [ -74.1310869, 4.8546191 ], [ -74.1310389, 4.8547152 ], [ -74.1309428, 4.8548113 ], [ -74.1308467, 4.8548594 ], [ -74.1308467, 4.8549555 ], [ -74.1307986, 4.8550516 ], [ -74.1307506, 4.8551477 ], [ -74.1307506, 4.8552438 ], [ -74.1307025, 4.8553399 ], [ -74.1306545, 4.855436 ], [ -74.1306545, 4.8555321 ], [ -74.1306545, 4.8556282 ], [ -74.1306064, 4.8557243 ], [ -74.1305584, 4.8558204 ], [ -74.1304623, 4.8558685 ], [ -74.1304623, 4.8559646 ], [ -74.1303662, 4.8560126 ], [ -74.1303181, 4.8561087 ], [ -74.1302701, 4.8562048 ], [ -74.130174, 4.8562529 ], [ -74.1300779, 4.8563009 ], [ -74.1300779, 4.856397 ], [ -74.1299818, 4.8564451 ], [ -74.1298857, 4.8564931 ], [ -74.1298857, 4.8565893 ], [ -74.1297896, 4.8566373 ], [ -74.1297896, 4.8567334 ], [ -74.1296934, 4.8567815 ], [ -74.1296454, 4.8568776 ], [ -74.1295973, 4.8569737 ], [ -74.1295012, 4.8570217 ], [ -74.1295012, 4.8571178 ], [ -74.1294532, 4.8572139 ], [ -74.1294532, 4.85731 ], [ -74.1294051, 4.8574061 ], [ -74.129309, 4.8574542 ], [ -74.129261, 4.8575503 ], [ -74.1291649, 4.8575983 ], [ -74.1291649, 4.8576944 ], [ -74.1291649, 4.8577905 ], [ -74.1291649, 4.8578866 ], [ -74.1291649, 4.8579827 ], [ -74.1291649, 4.8580788 ], [ -74.1291649, 4.858175 ], [ -74.1291649, 4.8582711 ], [ -74.1291168, 4.8583672 ], [ -74.1290688, 4.8584633 ], [ -74.1290688, 4.8585594 ], [ -74.1290207, 4.8586555 ], [ -74.1289727, 4.8587516 ], [ -74.1288766, 4.8587996 ], [ -74.1288766, 4.8588957 ], [ -74.1288285, 4.8589918 ], [ -74.1288285, 4.8590879 ], [ -74.1287805, 4.859184 ], [ -74.1287805, 4.8592801 ], [ -74.1287805, 4.8593762 ], [ -74.1288766, 4.8594243 ], [ -74.1289727, 4.8594243 ], [ -74.1290688, 4.8594723 ], [ -74.1291649, 4.8594723 ], [ -74.1292129, 4.8595684 ], [ -74.129309, 4.8596165 ], [ -74.1294051, 4.8596646 ], [ -74.1294051, 4.8597607 ], [ -74.1295012, 4.8597607 ], [ -74.1295493, 4.8598568 ], [ -74.1295973, 4.8599529 ], [ -74.1296934, 4.8599529 ], [ -74.1296934, 4.860049 ], [ -74.1297896, 4.860097 ], [ -74.1297896, 4.8601931 ], [ -74.1298857, 4.8602412 ], [ -74.1299818, 4.8602412 ], [ -74.1300298, 4.8603373 ], [ -74.1301259, 4.8603853 ], [ -74.130222, 4.8604334 ], [ -74.1303181, 4.8604814 ], [ -74.1303662, 4.8605775 ], [ -74.1304623, 4.8605775 ], [ -74.1305103, 4.8606736 ], [ -74.1306064, 4.8607217 ], [ -74.1307025, 4.8607697 ], [ -74.1307506, 4.8608658 ], [ -74.1307986, 4.8609619 ], [ -74.1308947, 4.8609619 ], [ -74.1309428, 4.861058 ], [ -74.1309908, 4.8611541 ], [ -74.1310869, 4.8612022 ], [ -74.131135, 4.8612983 ], [ -74.131183, 4.8613944 ], [ -74.1312791, 4.8614425 ], [ -74.1313272, 4.8615386 ], [ -74.1313753, 4.8616347 ], [ -74.1314233, 4.8617308 ], [ -74.1315194, 4.8617308 ], [ -74.1315194, 4.8618269 ], [ -74.1315675, 4.861923 ], [ -74.1316155, 4.8620191 ], [ -74.1316636, 4.8621152 ], [ -74.1317116, 4.8622113 ], [ -74.1317116, 4.8623074 ], [ -74.1317597, 4.8624035 ], [ -74.1317597, 4.8624996 ], [ -74.1318077, 4.8625957 ], [ -74.1318077, 4.8626918 ], [ -74.1319038, 4.8627879 ], [ -74.1319038, 4.862884 ], [ -74.1319519, 4.8629801 ], [ -74.1319999, 4.8630762 ], [ -74.1319999, 4.8631723 ], [ -74.132048, 4.8632684 ], [ -74.132096, 4.8633645 ], [ -74.1321441, 4.8634606 ], [ -74.1321441, 4.8635567 ], [ -74.1321921, 4.8636528 ], [ -74.1321921, 4.8637489 ], [ -74.1321921, 4.863845 ], [ -74.1322402, 4.8639411 ], [ -74.1322882, 4.8640372 ], [ -74.1323843, 4.8640853 ], [ -74.1324804, 4.8640853 ], [ -74.1325765, 4.8640853 ], [ -74.1326726, 4.8640853 ], [ -74.1326726, 4.8639892 ], [ -74.1327207, 4.8638931 ], [ -74.1328168, 4.863845 ], [ -74.1329129, 4.863797 ], [ -74.133009, 4.863797 ], [ -74.1331051, 4.863797 ], [ -74.1332012, 4.863797 ], [ -74.1332973, 4.863797 ], [ -74.1333934, 4.863845 ], [ -74.1334415, 4.8639411 ], [ -74.1334895, 4.8640372 ], [ -74.1334895, 4.8641333 ], [ -74.1334895, 4.8642294 ], [ -74.1334895, 4.8643256 ], [ -74.1334895, 4.8644217 ], [ -74.1333934, 4.8645178 ], [ -74.1332973, 4.8645658 ], [ -74.1332012, 4.8646139 ], [ -74.1331532, 4.86471 ], [ -74.1330571, 4.86471 ], [ -74.132961, 4.864758 ], [ -74.1328649, 4.8648061 ], [ -74.1328649, 4.8649022 ], [ -74.1327687, 4.8649022 ], [ -74.1326726, 4.8649502 ], [ -74.1326246, 4.8650463 ], [ -74.1325765, 4.8651424 ], [ -74.1325765, 4.8652385 ], [ -74.1325765, 4.8653346 ], [ -74.1325765, 4.8654307 ], [ -74.1325765, 4.8655268 ], [ -74.1325765, 4.8656229 ], [ -74.1325285, 4.865719 ], [ -74.1325285, 4.8658151 ], [ -74.1325765, 4.8659113 ], [ -74.1325765, 4.8660074 ], [ -74.1326246, 4.8661035 ], [ -74.1326726, 4.8661996 ], [ -74.1327207, 4.8662957 ], [ -74.1327687, 4.8663918 ], [ -74.1327687, 4.8664879 ], [ -74.1328649, 4.8665359 ], [ -74.1329129, 4.866632 ], [ -74.133009, 4.8666801 ], [ -74.1330571, 4.8667762 ], [ -74.1331532, 4.8668242 ], [ -74.1331532, 4.8669203 ], [ -74.1332493, 4.8669684 ], [ -74.1333454, 4.8670164 ], [ -74.1333454, 4.8671125 ], [ -74.1334415, 4.8671606 ], [ -74.1335376, 4.8672086 ], [ -74.1335376, 4.8673047 ], [ -74.1336337, 4.8673047 ], [ -74.1336817, 4.8674009 ], [ -74.1337778, 4.8674489 ], [ -74.1338739, 4.867545 ], [ -74.133922, 4.8676411 ], [ -74.1340181, 4.8676892 ], [ -74.1340661, 4.8677853 ], [ -74.1341142, 4.8678814 ], [ -74.1341622, 4.8679775 ], [ -74.1342583, 4.8680736 ], [ -74.1342583, 4.8681697 ], [ -74.1343064, 4.8682658 ], [ -74.1343544, 4.8683619 ], [ -74.1344025, 4.868458 ], [ -74.1344986, 4.868506 ], [ -74.1344986, 4.8686021 ], [ -74.1345467, 4.8686982 ], [ -74.1345947, 4.8687943 ], [ -74.1346908, 4.8688904 ], [ -74.1346908, 4.8689866 ], [ -74.1347389, 4.8690827 ], [ -74.1347389, 4.8691788 ], [ -74.1347389, 4.8692749 ], [ -74.1347869, 4.869371 ], [ -74.134835, 4.8694671 ], [ -74.134883, 4.8695632 ], [ -74.1349311, 4.8696593 ], [ -74.1349791, 4.8697554 ], [ -74.1350272, 4.8698515 ], [ -74.1350752, 4.8699476 ], [ -74.1350752, 4.8700437 ], [ -74.1351233, 4.8701398 ], [ -74.1351713, 4.8702359 ], [ -74.1352674, 4.8702839 ], [ -74.1352674, 4.87038 ], [ -74.1353155, 4.8704762 ], [ -74.1353635, 4.8705723 ], [ -74.1353635, 4.8706684 ], [ -74.1354596, 4.8707164 ], [ -74.1354596, 4.8708125 ], [ -74.1355077, 4.8709086 ], [ -74.1355557, 4.8710047 ], [ -74.1356518, 4.8710528 ], [ -74.1356518, 4.8711489 ], [ -74.1356999, 4.871245 ], [ -74.1357479, 4.8713411 ], [ -74.135796, 4.8714372 ], [ -74.135844, 4.8715333 ], [ -74.1358921, 4.8716294 ], [ -74.1359401, 4.8717255 ], [ -74.1359401, 4.8718216 ], [ -74.1359882, 4.8719177 ], [ -74.1360363, 4.8720138 ], [ -74.1360843, 4.8721099 ], [ -74.1361804, 4.872158 ], [ -74.1361804, 4.8722541 ], [ -74.1362765, 4.8723021 ], [ -74.1363246, 4.8723982 ], [ -74.1363726, 4.8724943 ], [ -74.1364687, 4.8725424 ], [ -74.1364687, 4.8726385 ], [ -74.1365648, 4.8726865 ], [ -74.1365648, 4.8727826 ], [ -74.1366609, 4.8728307 ], [ -74.136709, 4.8729268 ], [ -74.136757, 4.8730229 ], [ -74.1368051, 4.873119 ], [ -74.1368531, 4.8732151 ], [ -74.1369012, 4.8733112 ], [ -74.1369012, 4.8734073 ], [ -74.1369492, 4.8735034 ], [ -74.1370453, 4.8735515 ], [ -74.1370453, 4.8736476 ], [ -74.1371414, 4.8737437 ], [ -74.1372375, 4.8737917 ], [ -74.1372856, 4.8738878 ], [ -74.1373817, 4.8738878 ], [ -74.1374778, 4.8738878 ], [ -74.1375739, 4.8739359 ], [ -74.13767, 4.8739359 ], [ -74.1377661, 4.8739359 ], [ -74.1378622, 4.8739839 ], [ -74.1379583, 4.874032 ], [ -74.1380544, 4.87408 ], [ -74.1381505, 4.8741281 ], [ -74.1382466, 4.8741281 ], [ -74.1382947, 4.8742242 ], [ -74.1383908, 4.8742242 ], [ -74.1384869, 4.8742722 ], [ -74.138583, 4.8743203 ], [ -74.1386791, 4.8744164 ], [ -74.1387752, 4.8744644 ], [ -74.1388713, 4.8745125 ], [ -74.1389674, 4.8745125 ], [ -74.1390635, 4.8745125 ], [ -74.1391596, 4.8745125 ], [ -74.1392557, 4.8745125 ], [ -74.1393518, 4.8745125 ], [ -74.1394479, 4.8745125 ], [ -74.139544, 4.8745125 ], [ -74.1396401, 4.8745125 ], [ -74.1397362, 4.8745125 ], [ -74.1398323, 4.8745605 ], [ -74.1399284, 4.8745605 ], [ -74.1400245, 4.8746566 ], [ -74.1401206, 4.8747047 ], [ -74.1402167, 4.8747047 ], [ -74.1403128, 4.8747527 ], [ -74.1403609, 4.8748488 ], [ -74.140457, 4.8748488 ], [ -74.1405531, 4.8748969 ], [ -74.1406492, 4.8748969 ], [ -74.1407453, 4.8749449 ], [ -74.1408414, 4.8749449 ], [ -74.1408895, 4.875041 ], [ -74.1409856, 4.875041 ], [ -74.1410817, 4.8750891 ], [ -74.1411297, 4.8751852 ], [ -74.1412258, 4.8752333 ], [ -74.1413219, 4.8752813 ], [ -74.141418, 4.8753294 ], [ -74.1414661, 4.8754255 ], [ -74.1415622, 4.8754735 ], [ -74.1416583, 4.8754735 ], [ -74.1417063, 4.8755696 ], [ -74.1418024, 4.8755696 ], [ -74.1418505, 4.8756657 ], [ -74.1419466, 4.8757138 ], [ -74.1419946, 4.8758099 ], [ -74.1420907, 4.8758579 ], [ -74.1421388, 4.875954 ], [ -74.1421869, 4.8760501 ], [ -74.1422349, 4.8761462 ], [ -74.1422349, 4.8762423 ], [ -74.1422349, 4.8763384 ], [ -74.1422349, 4.8764345 ], [ -74.1422349, 4.8765306 ], [ -74.1422349, 4.8766267 ], [ -74.1422349, 4.8767229 ], [ -74.1422349, 4.876819 ], [ -74.1421869, 4.8769151 ], [ -74.1420907, 4.8769631 ], [ -74.1419946, 4.8770112 ], [ -74.1418985, 4.8770112 ], [ -74.1418024, 4.8770112 ], [ -74.1417063, 4.8770112 ], [ -74.1416102, 4.8769631 ], [ -74.1415141, 4.8769151 ], [ -74.141418, 4.8769151 ], [ -74.1413219, 4.8769151 ], [ -74.1412258, 4.876867 ], [ -74.1411297, 4.876867 ], [ -74.1410336, 4.876819 ], [ -74.1409375, 4.8767709 ], [ -74.1408414, 4.8767709 ], [ -74.1407453, 4.8767229 ], [ -74.1406492, 4.8766748 ], [ -74.1406012, 4.8765787 ], [ -74.140505, 4.8765306 ], [ -74.1404089, 4.8764826 ], [ -74.1403609, 4.8763865 ], [ -74.1402648, 4.8763384 ], [ -74.1402167, 4.8762423 ], [ -74.1401687, 4.8761462 ], [ -74.1400726, 4.8760982 ], [ -74.1400245, 4.8760021 ], [ -74.1399284, 4.875954 ], [ -74.1398804, 4.8758579 ], [ -74.1397843, 4.8758579 ], [ -74.1397362, 4.8757618 ], [ -74.1396401, 4.8757618 ], [ -74.139544, 4.8757138 ], [ -74.1394479, 4.8756657 ], [ -74.1393518, 4.8756177 ], [ -74.1392557, 4.8755696 ], [ -74.1391596, 4.8755216 ], [ -74.1390635, 4.8754735 ], [ -74.1389674, 4.8754255 ], [ -74.1388713, 4.8753774 ], [ -74.1388232, 4.8752813 ], [ -74.1387271, 4.8752333 ], [ -74.1387271, 4.8751372 ], [ -74.138631, 4.8750891 ], [ -74.1385349, 4.8750891 ], [ -74.1384388, 4.875041 ], [ -74.1383427, 4.875041 ], [ -74.1382466, 4.874993 ], [ -74.1381505, 4.874993 ], [ -74.1380544, 4.874993 ], [ -74.1379583, 4.874993 ], [ -74.1378622, 4.874993 ], [ -74.1377661, 4.875041 ], [ -74.13767, 4.875041 ], [ -74.1375739, 4.875041 ], [ -74.1374778, 4.875041 ], [ -74.1373817, 4.875041 ], [ -74.1373336, 4.8751372 ], [ -74.1373336, 4.8752333 ], [ -74.1373336, 4.8753294 ], [ -74.1373817, 4.8754255 ], [ -74.1374778, 4.8755216 ], [ -74.1375259, 4.8756177 ], [ -74.137622, 4.8756657 ], [ -74.13767, 4.8757618 ], [ -74.1377661, 4.8758099 ], [ -74.1377661, 4.875906 ], [ -74.1378622, 4.875906 ], [ -74.1379103, 4.8760021 ], [ -74.1380064, 4.8760501 ], [ -74.1380544, 4.8761462 ], [ -74.1381505, 4.8761943 ], [ -74.1382466, 4.8762423 ], [ -74.1382947, 4.8763384 ], [ -74.1383908, 4.8763865 ], [ -74.1384869, 4.8764345 ], [ -74.138583, 4.8764826 ], [ -74.1386791, 4.8765306 ], [ -74.1387271, 4.8766267 ], [ -74.1388232, 4.8766267 ], [ -74.1388713, 4.8767229 ], [ -74.1389674, 4.8767709 ], [ -74.1390635, 4.876819 ], [ -74.1390635, 4.8769151 ], [ -74.1391596, 4.8769631 ], [ -74.1392557, 4.8770112 ], [ -74.1393038, 4.8771073 ], [ -74.1393999, 4.8771553 ], [ -74.139496, 4.8772514 ], [ -74.139544, 4.8773475 ], [ -74.1396401, 4.8773475 ], [ -74.1396882, 4.8774436 ], [ -74.1397843, 4.8774917 ], [ -74.1398804, 4.8775397 ], [ -74.1399284, 4.8776358 ], [ -74.1400245, 4.8776358 ], [ -74.1400726, 4.8777319 ], [ -74.1401687, 4.87778 ], [ -74.1402648, 4.877828 ], [ -74.1403128, 4.8779241 ], [ -74.1404089, 4.8779241 ], [ -74.140505, 4.8779722 ], [ -74.1405531, 4.8780683 ], [ -74.1406492, 4.8781163 ], [ -74.1406973, 4.8782125 ], [ -74.1407934, 4.8782605 ], [ -74.1408895, 4.8783086 ], [ -74.1409375, 4.8784047 ], [ -74.1410336, 4.8784047 ], [ -74.1410817, 4.8785008 ], [ -74.1411778, 4.8785488 ], [ -74.1412258, 4.8786449 ], [ -74.1412739, 4.878741 ], [ -74.14137, 4.8787891 ], [ -74.141418, 4.8788852 ], [ -74.1414661, 4.8789813 ], [ -74.1415141, 4.8790774 ], [ -74.1416102, 4.8791254 ], [ -74.1416583, 4.8792215 ], [ -74.1416583, 4.8793176 ], [ -74.1417063, 4.8794137 ], [ -74.1418024, 4.8794618 ], [ -74.1418024, 4.8795579 ], [ -74.1418505, 4.879654 ], [ -74.1418505, 4.8797501 ], [ -74.1418505, 4.8798462 ], [ -74.1418985, 4.8799423 ], [ -74.1418985, 4.8800384 ], [ -74.1418985, 4.8801345 ], [ -74.1418985, 4.8802306 ], [ -74.1418024, 4.8802787 ], [ -74.1417063, 4.8802787 ], [ -74.1416102, 4.8803267 ], [ -74.1415141, 4.8803267 ], [ -74.141418, 4.8803267 ], [ -74.1413219, 4.8803267 ], [ -74.1412258, 4.8802306 ], [ -74.1411297, 4.8802306 ], [ -74.1410817, 4.8801345 ], [ -74.1409856, 4.8800865 ], [ -74.1409375, 4.8799904 ], [ -74.1408414, 4.8799423 ], [ -74.1407934, 4.8798462 ], [ -74.1407453, 4.8797501 ], [ -74.1406492, 4.879654 ], [ -74.1405531, 4.8796059 ], [ -74.1405531, 4.8795098 ], [ -74.140505, 4.8794137 ], [ -74.1404089, 4.8793176 ], [ -74.1403609, 4.8792215 ], [ -74.1403128, 4.8791254 ], [ -74.1403128, 4.8790293 ], [ -74.1402648, 4.8789332 ], [ -74.1402167, 4.8788371 ], [ -74.1401687, 4.878741 ], [ -74.1401206, 4.8786449 ], [ -74.1400726, 4.8785488 ], [ -74.1400245, 4.8784527 ], [ -74.1399765, 4.8783566 ], [ -74.1399284, 4.8782605 ], [ -74.1398323, 4.8781644 ], [ -74.1397362, 4.8781163 ], [ -74.1396882, 4.8780202 ], [ -74.1395921, 4.8779722 ], [ -74.139544, 4.8778761 ], [ -74.1394479, 4.877828 ], [ -74.1393518, 4.87778 ], [ -74.1393518, 4.8776839 ], [ -74.1392557, 4.8776358 ], [ -74.1391596, 4.8775878 ], [ -74.1391116, 4.8774917 ], [ -74.1390635, 4.8773956 ], [ -74.1389674, 4.8773956 ], [ -74.1388713, 4.8773475 ], [ -74.1387752, 4.8773475 ], [ -74.1386791, 4.8772995 ], [ -74.138583, 4.8772514 ], [ -74.1384869, 4.8772514 ], [ -74.1383908, 4.8772034 ], [ -74.1382947, 4.8772034 ], [ -74.1381986, 4.8772034 ], [ -74.1381025, 4.8772034 ], [ -74.1380064, 4.8772034 ], [ -74.1379583, 4.8772995 ], [ -74.1378622, 4.8772995 ], [ -74.1378142, 4.8773956 ], [ -74.1377661, 4.8774917 ], [ -74.1377181, 4.8775878 ], [ -74.13767, 4.8776839 ], [ -74.13767, 4.87778 ], [ -74.13767, 4.8778761 ], [ -74.13767, 4.8779722 ], [ -74.1377181, 4.8780683 ], [ -74.1377181, 4.8781644 ], [ -74.1378142, 4.8782605 ], [ -74.1378622, 4.8783566 ], [ -74.1379103, 4.8784527 ], [ -74.1379103, 4.8785488 ], [ -74.1379583, 4.8786449 ], [ -74.1380064, 4.878741 ], [ -74.1380544, 4.8788371 ], [ -74.1380544, 4.8789332 ], [ -74.1381505, 4.8789813 ], [ -74.1381505, 4.8790774 ], [ -74.1381986, 4.8791735 ], [ -74.1382466, 4.8792696 ], [ -74.1382947, 4.8793657 ], [ -74.1383427, 4.8794618 ], [ -74.1384388, 4.8795579 ], [ -74.1385349, 4.8796059 ], [ -74.1385349, 4.879702 ], [ -74.138631, 4.879702 ], [ -74.1387271, 4.8797501 ], [ -74.1388232, 4.8797501 ], [ -74.1389193, 4.8797501 ], [ -74.1390154, 4.8797501 ], [ -74.1391116, 4.8797501 ], [ -74.1392077, 4.8797501 ], [ -74.1393038, 4.8797501 ], [ -74.1393999, 4.8797982 ], [ -74.139496, 4.8797982 ], [ -74.1395921, 4.8798462 ], [ -74.1396882, 4.8798943 ], [ -74.1397843, 4.8799423 ], [ -74.1398804, 4.8799423 ], [ -74.1399765, 4.8799904 ], [ -74.1400726, 4.8799904 ], [ -74.1401687, 4.8800384 ], [ -74.1402648, 4.8800865 ], [ -74.1403128, 4.8801826 ], [ -74.1404089, 4.8801826 ], [ -74.1404089, 4.8802787 ], [ -74.140505, 4.8803267 ], [ -74.140505, 4.8804228 ], [ -74.140505, 4.8805189 ], [ -74.140505, 4.880615 ], [ -74.140505, 4.8807111 ], [ -74.140505, 4.8808072 ], [ -74.140457, 4.8809033 ], [ -74.1403609, 4.8809033 ], [ -74.1402648, 4.8809514 ], [ -74.1401687, 4.8809514 ], [ -74.1400726, 4.8809514 ], [ -74.1399765, 4.8809514 ], [ -74.1398804, 4.8809514 ], [ -74.1397843, 4.8809514 ], [ -74.1396882, 4.8809514 ], [ -74.1395921, 4.8809514 ], [ -74.139496, 4.8809514 ], [ -74.1393999, 4.8809514 ], [ -74.1393038, 4.8809514 ], [ -74.1392077, 4.8809514 ], [ -74.1391116, 4.8809514 ], [ -74.1390154, 4.8809514 ], [ -74.1389193, 4.8809514 ], [ -74.1388713, 4.8808553 ], [ -74.1387752, 4.8808553 ], [ -74.1386791, 4.8808553 ], [ -74.138583, 4.8808553 ], [ -74.1384869, 4.8809033 ], [ -74.1383908, 4.8809514 ], [ -74.1383427, 4.8810475 ], [ -74.1382947, 4.8811436 ], [ -74.1381986, 4.8811436 ], [ -74.1381505, 4.8812397 ], [ -74.1381025, 4.8813358 ], [ -74.1380064, 4.8813358 ], [ -74.1379103, 4.8812878 ], [ -74.1378622, 4.8811916 ], [ -74.1377661, 4.8811436 ], [ -74.1377181, 4.8810475 ], [ -74.13767, 4.8809514 ], [ -74.137622, 4.8808553 ], [ -74.1375259, 4.8808072 ], [ -74.1375259, 4.8807111 ], [ -74.1374778, 4.880615 ], [ -74.1373817, 4.880567 ], [ -74.1373336, 4.8804709 ], [ -74.1372856, 4.8803748 ], [ -74.1372375, 4.8802787 ], [ -74.1372375, 4.8801826 ], [ -74.1371895, 4.8800865 ], [ -74.1371414, 4.8799904 ], [ -74.1370934, 4.8798943 ], [ -74.1370934, 4.8797982 ], [ -74.1369973, 4.8797501 ], [ -74.1369973, 4.879654 ], [ -74.1369492, 4.8795579 ], [ -74.1369012, 4.8794618 ], [ -74.1368531, 4.8793657 ], [ -74.1368051, 4.8792696 ], [ -74.136709, 4.8791735 ], [ -74.1366609, 4.8790774 ], [ -74.1366129, 4.8789813 ], [ -74.1366129, 4.8788852 ], [ -74.1365648, 4.8787891 ], [ -74.1365168, 4.878693 ], [ -74.1365168, 4.8785969 ], [ -74.1364687, 4.8785008 ], [ -74.1364207, 4.8784047 ], [ -74.1364207, 4.8783086 ], [ -74.1363726, 4.8782125 ], [ -74.1363726, 4.8781163 ], [ -74.1363726, 4.8780202 ], [ -74.1363246, 4.8779241 ], [ -74.1363246, 4.877828 ], [ -74.1363246, 4.8777319 ], [ -74.1363246, 4.8776358 ], [ -74.1362765, 4.8775397 ], [ -74.1362765, 4.8774436 ], [ -74.1362285, 4.8773475 ], [ -74.1362285, 4.8772514 ], [ -74.1361804, 4.8771553 ], [ -74.1361804, 4.8770592 ], [ -74.1361804, 4.8769631 ], [ -74.1361804, 4.876867 ], [ -74.1361804, 4.8767709 ], [ -74.1361804, 4.8766748 ], [ -74.1361804, 4.8765787 ], [ -74.1361804, 4.8764826 ], [ -74.1361804, 4.8763865 ], [ -74.1361804, 4.8762904 ], [ -74.1361804, 4.8761943 ], [ -74.1361804, 4.8760982 ], [ -74.1361804, 4.8760021 ], [ -74.1361804, 4.875906 ], [ -74.1361804, 4.8758099 ], [ -74.1361324, 4.8757138 ], [ -74.1361324, 4.8756177 ], [ -74.1361324, 4.8755216 ], [ -74.1360843, 4.8754255 ], [ -74.1360843, 4.8753294 ], [ -74.1360363, 4.8752333 ], [ -74.1360363, 4.8751372 ], [ -74.1359882, 4.875041 ], [ -74.1359882, 4.8749449 ], [ -74.1359882, 4.8748488 ], [ -74.1359401, 4.8747527 ], [ -74.1358921, 4.8746566 ], [ -74.1358921, 4.8745605 ], [ -74.135844, 4.8744644 ], [ -74.135796, 4.8743683 ], [ -74.135796, 4.8742722 ], [ -74.1357479, 4.8741761 ], [ -74.1356999, 4.87408 ], [ -74.1356999, 4.8739839 ], [ -74.1356518, 4.8738878 ], [ -74.1356038, 4.8737917 ], [ -74.1356038, 4.8736956 ], [ -74.1356038, 4.8735995 ], [ -74.1355557, 4.8735034 ], [ -74.1355557, 4.8734073 ], [ -74.1355077, 4.8733112 ], [ -74.1355077, 4.8732151 ], [ -74.1354596, 4.873119 ], [ -74.1354116, 4.8730229 ], [ -74.1354116, 4.8729268 ], [ -74.1353635, 4.8728307 ], [ -74.1353635, 4.8727346 ], [ -74.1353155, 4.8726385 ], [ -74.1353155, 4.8725424 ], [ -74.1352194, 4.8724943 ], [ -74.1352194, 4.8723982 ], [ -74.1352194, 4.8723021 ], [ -74.1351713, 4.872206 ], [ -74.1351233, 4.8721099 ], [ -74.1351233, 4.8720138 ], [ -74.1350752, 4.8719177 ], [ -74.1350272, 4.8718216 ], [ -74.1350272, 4.8717255 ], [ -74.1349791, 4.8716294 ], [ -74.1349311, 4.8715333 ], [ -74.1349311, 4.8714372 ], [ -74.134883, 4.8713411 ], [ -74.134835, 4.871245 ], [ -74.1347869, 4.8711489 ], [ -74.1347869, 4.8710528 ], [ -74.1347389, 4.8709567 ], [ -74.1347389, 4.8708606 ], [ -74.1347389, 4.8707645 ], [ -74.1346908, 4.8706684 ], [ -74.1346428, 4.8705723 ], [ -74.1345947, 4.8704762 ], [ -74.1344986, 4.8704281 ], [ -74.1344025, 4.8704281 ], [ -74.1343064, 4.8704281 ], [ -74.1343064, 4.8705242 ], [ -74.1343064, 4.8706203 ], [ -74.1343064, 4.8707164 ], [ -74.1343064, 4.8708125 ], [ -74.1343064, 4.8709086 ], [ -74.1343064, 4.8710047 ], [ -74.1343064, 4.8711008 ], [ -74.1343064, 4.8711969 ], [ -74.1343064, 4.871293 ], [ -74.1343064, 4.8713891 ], [ -74.1343064, 4.8714852 ], [ -74.1343064, 4.8715813 ], [ -74.1343064, 4.8716774 ], [ -74.1343064, 4.8717735 ], [ -74.1343064, 4.8718696 ], [ -74.1343064, 4.8719657 ], [ -74.1343064, 4.8720619 ], [ -74.1343064, 4.872158 ], [ -74.1343064, 4.8722541 ], [ -74.1343064, 4.8723502 ], [ -74.1343064, 4.8724463 ], [ -74.1343064, 4.8725424 ], [ -74.1343064, 4.8726385 ], [ -74.1343544, 4.8727346 ], [ -74.1343544, 4.8728307 ], [ -74.1344025, 4.8729268 ], [ -74.1344025, 4.8730229 ], [ -74.1344506, 4.873119 ], [ -74.1344506, 4.8732151 ], [ -74.1344986, 4.8733112 ], [ -74.1344986, 4.8734073 ], [ -74.1345467, 4.8735034 ], [ -74.1345467, 4.8735995 ], [ -74.1345947, 4.8736956 ], [ -74.1346908, 4.8737437 ], [ -74.1347389, 4.8738398 ], [ -74.134835, 4.8738878 ], [ -74.134883, 4.8739839 ], [ -74.1349791, 4.8739839 ], [ -74.1350272, 4.87408 ], [ -74.1351233, 4.8741761 ], [ -74.1352194, 4.8742242 ], [ -74.1352674, 4.8743203 ], [ -74.1353635, 4.8743683 ], [ -74.1354596, 4.8744164 ], [ -74.1354596, 4.8745125 ], [ -74.1354596, 4.8746086 ], [ -74.1354116, 4.8747047 ], [ -74.1354116, 4.8748008 ], [ -74.1354116, 4.8748969 ], [ -74.1354116, 4.874993 ], [ -74.1354116, 4.8750891 ], [ -74.1354116, 4.8751852 ], [ -74.1354596, 4.8752813 ], [ -74.1354596, 4.8753774 ], [ -74.1354596, 4.8754735 ], [ -74.1354596, 4.8755696 ], [ -74.1355077, 4.8756657 ], [ -74.1355077, 4.8757618 ], [ -74.1355557, 4.8758579 ], [ -74.1355557, 4.875954 ], [ -74.1356038, 4.8760501 ], [ -74.1356518, 4.8761462 ], [ -74.1356518, 4.8762423 ], [ -74.1356518, 4.8763384 ], [ -74.1356999, 4.8764345 ], [ -74.1356999, 4.8765306 ], [ -74.1356999, 4.8766267 ], [ -74.1357479, 4.8767229 ], [ -74.1357479, 4.876819 ], [ -74.1357479, 4.8769151 ], [ -74.1357479, 4.8770112 ], [ -74.1357479, 4.8771073 ], [ -74.135796, 4.8772034 ], [ -74.135796, 4.8772995 ], [ -74.135844, 4.8773956 ], [ -74.135844, 4.8774917 ], [ -74.135844, 4.8775878 ], [ -74.135844, 4.8776839 ], [ -74.1358921, 4.87778 ], [ -74.1358921, 4.8778761 ], [ -74.1358921, 4.8779722 ], [ -74.1358921, 4.8780683 ], [ -74.1358921, 4.8781644 ], [ -74.1358921, 4.8782605 ], [ -74.1358921, 4.8783566 ], [ -74.1359401, 4.8784527 ], [ -74.1359401, 4.8785488 ], [ -74.1359882, 4.8786449 ], [ -74.1360363, 4.878741 ], [ -74.1360843, 4.8788371 ], [ -74.1360843, 4.8789332 ], [ -74.1361324, 4.8790293 ], [ -74.1362285, 4.8790774 ], [ -74.1363246, 4.8791254 ], [ -74.1363246, 4.8792215 ], [ -74.1363726, 4.8793176 ], [ -74.1364687, 4.8793657 ], [ -74.1364687, 4.8794618 ], [ -74.1365168, 4.8795579 ], [ -74.1365168, 4.879654 ], [ -74.1365168, 4.8797501 ], [ -74.1365168, 4.8798462 ], [ -74.1365168, 4.8799423 ], [ -74.1365168, 4.8800384 ], [ -74.1365168, 4.8801345 ], [ -74.1365168, 4.8802306 ], [ -74.1365168, 4.8803267 ], [ -74.1365168, 4.8804228 ], [ -74.1365168, 4.8805189 ], [ -74.1365168, 4.880615 ], [ -74.1365168, 4.8807111 ], [ -74.1365168, 4.8808072 ], [ -74.1365648, 4.8809033 ], [ -74.1365648, 4.8809994 ], [ -74.1365648, 4.8810955 ], [ -74.1365648, 4.8811916 ], [ -74.1365648, 4.8812878 ], [ -74.1365648, 4.8813839 ], [ -74.1365648, 4.88148 ], [ -74.1366129, 4.8815761 ], [ -74.1366129, 4.8816722 ], [ -74.1366609, 4.8817683 ], [ -74.1366609, 4.8818644 ], [ -74.136709, 4.8819605 ], [ -74.136757, 4.8820566 ], [ -74.136757, 4.8821527 ], [ -74.1368051, 4.8822488 ], [ -74.1368531, 4.8823449 ], [ -74.1369012, 4.882441 ], [ -74.1369012, 4.8825371 ], [ -74.1369492, 4.8826332 ], [ -74.1369492, 4.8827293 ], [ -74.1370453, 4.8827773 ], [ -74.1370453, 4.8828735 ], [ -74.1370934, 4.8829696 ], [ -74.1371414, 4.8830657 ], [ -74.1372375, 4.8831137 ], [ -74.1372375, 4.8832098 ], [ -74.1372856, 4.8833059 ], [ -74.1373817, 4.883354 ], [ -74.1374297, 4.8834501 ], [ -74.1374778, 4.8835462 ], [ -74.1375739, 4.8836423 ], [ -74.13767, 4.8836903 ], [ -74.1377181, 4.8837864 ], [ -74.1378142, 4.8837864 ], [ -74.1378622, 4.8838825 ], [ -74.1379583, 4.8838825 ], [ -74.1380544, 4.8839306 ], [ -74.1381025, 4.8840267 ], [ -74.1381505, 4.8841228 ], [ -74.1382466, 4.8841228 ], [ -74.1382466, 4.8842189 ], [ -74.1382947, 4.884315 ], [ -74.1382947, 4.8844111 ], [ -74.1382947, 4.8845072 ], [ -74.1381986, 4.8845072 ], [ -74.1381025, 4.8845553 ], [ -74.1380064, 4.8846514 ], [ -74.1379103, 4.8846514 ], [ -74.1378142, 4.8846514 ], [ -74.1377181, 4.8846994 ], [ -74.137622, 4.8846994 ], [ -74.1375259, 4.8846994 ], [ -74.1374297, 4.8846994 ], [ -74.1373336, 4.8846994 ], [ -74.1372375, 4.8846994 ], [ -74.1371414, 4.8846994 ], [ -74.1370453, 4.8846994 ], [ -74.1369492, 4.8846994 ], [ -74.1368531, 4.8846994 ], [ -74.136757, 4.8846514 ], [ -74.136709, 4.8845553 ], [ -74.1366129, 4.8845553 ], [ -74.1365168, 4.8845072 ], [ -74.1364687, 4.8844111 ], [ -74.1363726, 4.8843631 ], [ -74.1363246, 4.8842669 ], [ -74.1362285, 4.8842189 ], [ -74.1361804, 4.8841228 ], [ -74.1361324, 4.8840267 ], [ -74.1360363, 4.8839786 ], [ -74.1359882, 4.8838825 ], [ -74.1358921, 4.8838345 ], [ -74.135844, 4.8837384 ], [ -74.1357479, 4.8836903 ], [ -74.1357479, 4.8835942 ], [ -74.1356999, 4.8834981 ], [ -74.1356518, 4.883402 ], [ -74.1355557, 4.8833059 ], [ -74.1355557, 4.8832098 ], [ -74.1355077, 4.8831137 ], [ -74.1354596, 4.8830176 ], [ -74.1354116, 4.8829215 ], [ -74.1354116, 4.8828254 ], [ -74.1353635, 4.8827293 ], [ -74.1353635, 4.8826332 ], [ -74.1353155, 4.8825371 ], [ -74.1353155, 4.882441 ], [ -74.1352674, 4.8823449 ], [ -74.1352194, 4.8822488 ], [ -74.1351713, 4.8821527 ], [ -74.1351233, 4.8820566 ], [ -74.1351233, 4.8819605 ], [ -74.1350752, 4.8818644 ], [ -74.1350272, 4.8817683 ], [ -74.1350272, 4.8816722 ], [ -74.1350272, 4.8815761 ], [ -74.1349791, 4.88148 ], [ -74.1349791, 4.8813839 ], [ -74.1349791, 4.8812878 ], [ -74.1349791, 4.8811916 ], [ -74.1349791, 4.8810955 ], [ -74.1349311, 4.8809994 ], [ -74.1349311, 4.8809033 ], [ -74.1349311, 4.8808072 ], [ -74.1349311, 4.8807111 ], [ -74.1349311, 4.880615 ], [ -74.1349311, 4.8805189 ], [ -74.1349311, 4.8804228 ], [ -74.1349311, 4.8803267 ], [ -74.1349311, 4.8802306 ], [ -74.1349311, 4.8801345 ], [ -74.1349311, 4.8800384 ], [ -74.1349311, 4.8799423 ], [ -74.1349311, 4.8798462 ], [ -74.1349311, 4.8797501 ], [ -74.1349311, 4.879654 ], [ -74.1349311, 4.8795579 ], [ -74.1349311, 4.8794618 ], [ -74.1349311, 4.8793657 ], [ -74.1349311, 4.8792696 ], [ -74.1349311, 4.8791735 ], [ -74.1349311, 4.8790774 ], [ -74.1349311, 4.8789813 ], [ -74.1349311, 4.8788852 ], [ -74.1349311, 4.8787891 ], [ -74.1349311, 4.878693 ], [ -74.1349311, 4.8785969 ], [ -74.1349311, 4.8785008 ], [ -74.1349311, 4.8784047 ], [ -74.134883, 4.8783086 ], [ -74.134883, 4.8782125 ], [ -74.134883, 4.8781163 ], [ -74.134835, 4.8780202 ], [ -74.134835, 4.8779241 ], [ -74.134835, 4.877828 ], [ -74.134835, 4.8777319 ], [ -74.134835, 4.8776358 ], [ -74.134835, 4.8775397 ], [ -74.134835, 4.8774436 ], [ -74.134835, 4.8773475 ], [ -74.134835, 4.8772514 ], [ -74.134835, 4.8771553 ], [ -74.134835, 4.8770592 ], [ -74.134835, 4.8769631 ], [ -74.134835, 4.876867 ], [ -74.134835, 4.8767709 ], [ -74.134835, 4.8766748 ], [ -74.1347389, 4.8766267 ], [ -74.1346428, 4.8766267 ], [ -74.1345467, 4.8766748 ], [ -74.1344506, 4.8767229 ], [ -74.1344025, 4.876819 ], [ -74.1343064, 4.876867 ], [ -74.1342583, 4.8769631 ], [ -74.1341622, 4.8770112 ], [ -74.1341622, 4.8771073 ], [ -74.1340661, 4.8771553 ], [ -74.13397, 4.8772034 ], [ -74.1338739, 4.8772514 ], [ -74.1338259, 4.8773475 ], [ -74.1337778, 4.8774436 ], [ -74.1337298, 4.8775397 ], [ -74.1336817, 4.8776358 ], [ -74.1336337, 4.8777319 ], [ -74.1335856, 4.877828 ], [ -74.1335376, 4.8779241 ], [ -74.1334895, 4.8780202 ], [ -74.1334895, 4.8781163 ], [ -74.1334415, 4.8782125 ], [ -74.1334415, 4.8783086 ], [ -74.1334415, 4.8784047 ], [ -74.1333934, 4.8785008 ], [ -74.1333934, 4.8785969 ], [ -74.1333454, 4.878693 ], [ -74.1332493, 4.878693 ], [ -74.1332493, 4.8787891 ], [ -74.1331532, 4.8788371 ], [ -74.1331051, 4.8789332 ], [ -74.133009, 4.8789813 ], [ -74.133009, 4.8790774 ], [ -74.132961, 4.8791735 ], [ -74.1329129, 4.8792696 ], [ -74.1329129, 4.8793657 ], [ -74.1328649, 4.8794618 ], [ -74.1328649, 4.8795579 ], [ -74.1328649, 4.879654 ], [ -74.1328649, 4.8797501 ], [ -74.1328649, 4.8798462 ], [ -74.1328649, 4.8799423 ], [ -74.1328649, 4.8800384 ], [ -74.1328649, 4.8801345 ], [ -74.1328649, 4.8802306 ], [ -74.1328649, 4.8803267 ], [ -74.1328649, 4.8804228 ], [ -74.1328168, 4.8805189 ], [ -74.1328168, 4.880615 ], [ -74.1328168, 4.8807111 ], [ -74.1328168, 4.8808072 ], [ -74.1328649, 4.8809033 ], [ -74.1328649, 4.8809994 ], [ -74.1328649, 4.8810955 ], [ -74.1328649, 4.8811916 ], [ -74.1328649, 4.8812878 ], [ -74.1328649, 4.8813839 ], [ -74.1328649, 4.88148 ], [ -74.1328649, 4.8815761 ], [ -74.1328649, 4.8816722 ], [ -74.1328649, 4.8817683 ], [ -74.1328649, 4.8818644 ], [ -74.1328649, 4.8819605 ], [ -74.1328649, 4.8820566 ], [ -74.1328649, 4.8821527 ], [ -74.1328649, 4.8822488 ], [ -74.1328649, 4.8823449 ], [ -74.1328649, 4.882441 ], [ -74.1328649, 4.8825371 ], [ -74.1328649, 4.8826332 ], [ -74.1328649, 4.8827293 ], [ -74.1328649, 4.8828254 ], [ -74.1328649, 4.8829215 ], [ -74.1328168, 4.8830176 ], [ -74.1328168, 4.8831137 ], [ -74.1327687, 4.8832098 ], [ -74.1327207, 4.8833059 ], [ -74.1327207, 4.883402 ], [ -74.1326726, 4.8834981 ], [ -74.1326246, 4.8835942 ], [ -74.1326246, 4.8836903 ], [ -74.1325765, 4.8837864 ], [ -74.1325765, 4.8838825 ], [ -74.1325765, 4.8839786 ], [ -74.1325285, 4.8840747 ], [ -74.1325285, 4.8841708 ], [ -74.1325285, 4.8842669 ], [ -74.1325285, 4.8843631 ], [ -74.1325285, 4.8844592 ], [ -74.1325285, 4.8845553 ], [ -74.1325285, 4.8846514 ], [ -74.1325285, 4.8847475 ], [ -74.1325285, 4.8848436 ], [ -74.1325285, 4.8849397 ], [ -74.1325285, 4.8850358 ], [ -74.1325285, 4.8851319 ], [ -74.1325285, 4.885228 ], [ -74.1325285, 4.8853241 ], [ -74.1325765, 4.8854202 ], [ -74.1326246, 4.8855163 ], [ -74.1327207, 4.8855163 ], [ -74.1328168, 4.8855643 ], [ -74.1329129, 4.8856124 ], [ -74.133009, 4.8856604 ], [ -74.1331051, 4.8856604 ], [ -74.1332012, 4.8856604 ], [ -74.1332973, 4.8857085 ], [ -74.1333934, 4.8857565 ], [ -74.1334415, 4.8858526 ], [ -74.1335376, 4.8858526 ], [ -74.1335856, 4.8859488 ], [ -74.1336817, 4.8859488 ], [ -74.1337298, 4.8860449 ], [ -74.1338259, 4.8860929 ], [ -74.133922, 4.886141 ], [ -74.13397, 4.8862371 ], [ -74.1340661, 4.8862371 ], [ -74.1341142, 4.8863332 ], [ -74.1342103, 4.8863332 ], [ -74.1342583, 4.8864293 ], [ -74.1343544, 4.8864773 ], [ -74.1344506, 4.8865254 ], [ -74.1344986, 4.8866215 ], [ -74.1345947, 4.8866695 ], [ -74.1346908, 4.8867176 ], [ -74.1347389, 4.8868137 ], [ -74.1347869, 4.8869098 ], [ -74.134835, 4.8870059 ], [ -74.134883, 4.887102 ], [ -74.1349311, 4.8871981 ], [ -74.1349311, 4.8872942 ], [ -74.1349311, 4.8873903 ], [ -74.1349311, 4.8874864 ], [ -74.1349311, 4.8875825 ], [ -74.1349311, 4.8876786 ], [ -74.1349311, 4.8877747 ], [ -74.1349311, 4.8878708 ], [ -74.134883, 4.8879669 ], [ -74.1347869, 4.888015 ], [ -74.1346908, 4.888063 ], [ -74.1345947, 4.888063 ], [ -74.1344986, 4.8881111 ], [ -74.1344025, 4.8881111 ], [ -74.1343064, 4.8881111 ], [ -74.1342103, 4.8881111 ], [ -74.1341142, 4.8881111 ], [ -74.1340181, 4.8881111 ], [ -74.133922, 4.8881111 ], [ -74.1338259, 4.8881111 ], [ -74.1337298, 4.8881111 ], [ -74.1336337, 4.888063 ], [ -74.1335376, 4.8879669 ], [ -74.1334415, 4.8879669 ], [ -74.1333934, 4.8878708 ], [ -74.1332973, 4.8878708 ], [ -74.1332493, 4.8877747 ], [ -74.1331532, 4.8877267 ], [ -74.1330571, 4.8876786 ], [ -74.1330571, 4.8875825 ], [ -74.132961, 4.8875345 ], [ -74.1329129, 4.8874384 ], [ -74.1328168, 4.8873903 ], [ -74.1327687, 4.8872942 ], [ -74.1327207, 4.8871981 ], [ -74.1326726, 4.887102 ], [ -74.1326246, 4.8870059 ], [ -74.1325285, 4.8869578 ], [ -74.1325285, 4.8868617 ], [ -74.1324324, 4.8868137 ], [ -74.1324324, 4.8867176 ], [ -74.1323843, 4.8866215 ], [ -74.1323363, 4.8865254 ], [ -74.1322402, 4.8864773 ], [ -74.1322402, 4.8863812 ], [ -74.1321441, 4.8863332 ], [ -74.1321441, 4.8862371 ], [ -74.132048, 4.886189 ], [ -74.1319999, 4.8860929 ], [ -74.1319519, 4.8859968 ], [ -74.1319519, 4.8859007 ], [ -74.1318558, 4.8858046 ], [ -74.1318558, 4.8857085 ], [ -74.1318077, 4.8856124 ], [ -74.1318077, 4.8855163 ], [ -74.1318077, 4.8854202 ], [ -74.1318077, 4.8853241 ], [ -74.1317597, 4.885228 ], [ -74.1317597, 4.8851319 ], [ -74.1317597, 4.8850358 ], [ -74.1317597, 4.8849397 ], [ -74.1317597, 4.8848436 ], [ -74.1317597, 4.8847475 ], [ -74.1317597, 4.8846514 ], [ -74.1317597, 4.8845553 ], [ -74.1317597, 4.8844592 ], [ -74.1317597, 4.8843631 ], [ -74.1317597, 4.8842669 ], [ -74.1317597, 4.8841708 ], [ -74.1317597, 4.8840747 ], [ -74.1317597, 4.8839786 ], [ -74.1317597, 4.8838825 ], [ -74.1318077, 4.8837864 ], [ -74.1318077, 4.8836903 ], [ -74.1318077, 4.8835942 ], [ -74.1318077, 4.8834981 ], [ -74.1318077, 4.883402 ], [ -74.1318558, 4.8833059 ], [ -74.1318558, 4.8832098 ], [ -74.1318558, 4.8831137 ], [ -74.1319038, 4.8830176 ], [ -74.1319038, 4.8829215 ], [ -74.1319038, 4.8828254 ], [ -74.1319519, 4.8827293 ], [ -74.1319519, 4.8826332 ], [ -74.1319519, 4.8825371 ], [ -74.1319519, 4.882441 ], [ -74.1319999, 4.8823449 ], [ -74.1319999, 4.8822488 ], [ -74.1319999, 4.8821527 ], [ -74.1319999, 4.8820566 ], [ -74.1319999, 4.8819605 ], [ -74.1319999, 4.8818644 ], [ -74.1319999, 4.8817683 ], [ -74.1319999, 4.8816722 ], [ -74.1319999, 4.8815761 ], [ -74.1319999, 4.88148 ], [ -74.1319999, 4.8813839 ], [ -74.1319999, 4.8812878 ], [ -74.1319999, 4.8811916 ], [ -74.1319999, 4.8810955 ], [ -74.1319999, 4.8809994 ], [ -74.1319999, 4.8809033 ], [ -74.1319999, 4.8808072 ], [ -74.1319999, 4.8807111 ], [ -74.1319999, 4.880615 ], [ -74.132048, 4.8805189 ], [ -74.132048, 4.8804228 ], [ -74.132096, 4.8803267 ], [ -74.132096, 4.8802306 ], [ -74.132096, 4.8801345 ], [ -74.1321441, 4.8800384 ], [ -74.1321441, 4.8799423 ], [ -74.1321441, 4.8798462 ], [ -74.1321921, 4.8797501 ], [ -74.1321921, 4.879654 ], [ -74.1322402, 4.8795579 ], [ -74.1322402, 4.8794618 ], [ -74.1322882, 4.8793657 ], [ -74.1322882, 4.8792696 ], [ -74.1322882, 4.8791735 ], [ -74.1323363, 4.8790774 ], [ -74.1323363, 4.8789813 ], [ -74.1323363, 4.8788852 ], [ -74.1323843, 4.8787891 ], [ -74.1323843, 4.878693 ], [ -74.1324804, 4.8786449 ], [ -74.1324804, 4.8785488 ], [ -74.1325285, 4.8784527 ], [ -74.1325765, 4.8783566 ], [ -74.1325765, 4.8782605 ], [ -74.1326726, 4.8782125 ], [ -74.1326726, 4.8781163 ], [ -74.1327207, 4.8780202 ], [ -74.1327687, 4.8779241 ], [ -74.1328168, 4.877828 ], [ -74.1328649, 4.8777319 ], [ -74.1329129, 4.8776358 ], [ -74.1329129, 4.8775397 ], [ -74.132961, 4.8774436 ], [ -74.132961, 4.8773475 ], [ -74.133009, 4.8772514 ], [ -74.1330571, 4.8771553 ], [ -74.1331051, 4.8770592 ], [ -74.1331051, 4.8769631 ], [ -74.1331532, 4.876867 ], [ -74.1332012, 4.8767709 ], [ -74.1332493, 4.8766748 ], [ -74.1333454, 4.8766267 ], [ -74.1333454, 4.8765306 ], [ -74.1333934, 4.8764345 ], [ -74.1334895, 4.8763384 ], [ -74.1334895, 4.8762423 ], [ -74.1335856, 4.8761943 ], [ -74.1336817, 4.8761943 ], [ -74.1336817, 4.8760982 ], [ -74.1337778, 4.8760501 ], [ -74.1338259, 4.875954 ], [ -74.1338739, 4.8758579 ], [ -74.133922, 4.8757618 ], [ -74.13397, 4.8756657 ], [ -74.13397, 4.8755696 ], [ -74.1340181, 4.8754735 ], [ -74.1340181, 4.8753774 ], [ -74.1340661, 4.8752813 ], [ -74.1340661, 4.8751852 ], [ -74.1340661, 4.8750891 ], [ -74.1340661, 4.874993 ], [ -74.1340181, 4.8748969 ], [ -74.1340181, 4.8748008 ], [ -74.1340181, 4.8747047 ], [ -74.13397, 4.8746086 ], [ -74.13397, 4.8745125 ], [ -74.13397, 4.8744164 ], [ -74.133922, 4.8743203 ], [ -74.133922, 4.8742242 ], [ -74.133922, 4.8741281 ], [ -74.1338739, 4.874032 ], [ -74.1338259, 4.8739359 ], [ -74.1337778, 4.8738398 ], [ -74.1337778, 4.8737437 ], [ -74.1337778, 4.8736476 ], [ -74.1337298, 4.8735515 ], [ -74.1337298, 4.8734553 ], [ -74.1336817, 4.8733592 ], [ -74.1336337, 4.8732631 ], [ -74.1336337, 4.873167 ], [ -74.1335856, 4.8730709 ], [ -74.1335856, 4.8729748 ], [ -74.1335376, 4.8728787 ], [ -74.1335376, 4.8727826 ], [ -74.1334895, 4.8726865 ], [ -74.1334895, 4.8725904 ], [ -74.1334415, 4.8724943 ], [ -74.1334415, 4.8723982 ], [ -74.1334415, 4.8723021 ], [ -74.1333934, 4.872206 ], [ -74.1333934, 4.8721099 ], [ -74.1333454, 4.8720138 ], [ -74.1333454, 4.8719177 ], [ -74.1332973, 4.8718216 ], [ -74.1332493, 4.8717255 ], [ -74.1332493, 4.8716294 ], [ -74.1332493, 4.8715333 ], [ -74.1332493, 4.8714372 ], [ -74.1332493, 4.8713411 ], [ -74.1332493, 4.871245 ], [ -74.1332493, 4.8711489 ], [ -74.1332493, 4.8710528 ], [ -74.1332493, 4.8709567 ], [ -74.1332493, 4.8708606 ], [ -74.1332493, 4.8707645 ], [ -74.1332493, 4.8706684 ], [ -74.1332973, 4.8705723 ], [ -74.1332973, 4.8704762 ], [ -74.1332973, 4.87038 ], [ -74.1332973, 4.8702839 ], [ -74.1332973, 4.8701878 ], [ -74.1332973, 4.8700917 ], [ -74.1332973, 4.8699956 ], [ -74.1332973, 4.8698995 ], [ -74.1332973, 4.8698034 ], [ -74.1332973, 4.8697073 ], [ -74.1332973, 4.8696112 ], [ -74.1332973, 4.8695151 ], [ -74.1332973, 4.869419 ], [ -74.1332973, 4.8693229 ], [ -74.1332973, 4.8692268 ], [ -74.1332973, 4.8691307 ], [ -74.1332493, 4.8690346 ], [ -74.1332493, 4.8689385 ], [ -74.1332012, 4.8688424 ], [ -74.1332012, 4.8687463 ], [ -74.1331532, 4.8686502 ], [ -74.1331051, 4.8685541 ], [ -74.1330571, 4.868458 ], [ -74.132961, 4.8684099 ], [ -74.132961, 4.8683138 ], [ -74.1328649, 4.8682658 ], [ -74.1328168, 4.8681697 ], [ -74.1327207, 4.8681216 ], [ -74.1326726, 4.8680255 ], [ -74.1326246, 4.8679294 ], [ -74.1325765, 4.8678333 ], [ -74.1325285, 4.8677372 ], [ -74.1324324, 4.8677372 ], [ -74.1323843, 4.8676411 ], [ -74.1323363, 4.867545 ], [ -74.1322402, 4.867545 ], [ -74.1321921, 4.8674489 ], [ -74.1321441, 4.8673528 ], [ -74.132048, 4.8673047 ], [ -74.1319999, 4.8672086 ], [ -74.1319519, 4.8671125 ], [ -74.1318558, 4.8670645 ], [ -74.1318558, 4.8669684 ], [ -74.1318077, 4.8668723 ], [ -74.1317116, 4.8668242 ], [ -74.1317116, 4.8667281 ], [ -74.1316155, 4.8666801 ], [ -74.1316155, 4.866584 ], [ -74.1315675, 4.8664879 ], [ -74.1314714, 4.8664398 ], [ -74.1314233, 4.8663437 ], [ -74.1313272, 4.8662957 ], [ -74.1312311, 4.8662476 ], [ -74.1312311, 4.8661515 ], [ -74.131183, 4.8660554 ], [ -74.131135, 4.8659593 ], [ -74.1310389, 4.8659113 ], [ -74.1310389, 4.8658151 ], [ -74.1309908, 4.865719 ], [ -74.1309428, 4.8656229 ], [ -74.1309428, 4.8655268 ], [ -74.1308947, 4.8654307 ], [ -74.1308467, 4.8653346 ], [ -74.1308467, 4.8652385 ], [ -74.1307986, 4.8651424 ], [ -74.1307986, 4.8650463 ], [ -74.1307506, 4.8649502 ], [ -74.1307506, 4.8648541 ], [ -74.1307506, 4.864758 ], [ -74.1307025, 4.8646619 ], [ -74.1306545, 4.8645658 ], [ -74.1306545, 4.8644697 ], [ -74.1306064, 4.8643736 ], [ -74.1306064, 4.8642775 ], [ -74.1305584, 4.8641814 ], [ -74.1305103, 4.8640853 ], [ -74.1304623, 4.8639892 ], [ -74.1304142, 4.8638931 ], [ -74.1303662, 4.863797 ], [ -74.1303181, 4.8637009 ], [ -74.130222, 4.8636528 ], [ -74.130222, 4.8635567 ], [ -74.130174, 4.8634606 ], [ -74.1300779, 4.8634606 ], [ -74.1300779, 4.8633645 ], [ -74.1300298, 4.8632684 ], [ -74.1299818, 4.8631723 ], [ -74.1299337, 4.8630762 ], [ -74.1298376, 4.8630762 ], [ -74.1298376, 4.8629801 ], [ -74.1297896, 4.862884 ], [ -74.1296934, 4.862836 ], [ -74.1296454, 4.8627398 ], [ -74.1295973, 4.8626437 ], [ -74.1295493, 4.8625476 ], [ -74.1294532, 4.8624996 ], [ -74.1294532, 4.8624035 ], [ -74.1293571, 4.8623554 ], [ -74.1293571, 4.8622593 ], [ -74.129261, 4.8622593 ], [ -74.129261, 4.8621632 ], [ -74.1291649, 4.8621152 ], [ -74.1291168, 4.8620191 ], [ -74.1290207, 4.861971 ], [ -74.1289246, 4.8618749 ], [ -74.1288285, 4.8618269 ], [ -74.1287805, 4.8617308 ], [ -74.1286844, 4.8617308 ], [ -74.1286363, 4.8616347 ], [ -74.1285883, 4.8615386 ], [ -74.1284922, 4.8614425 ], [ -74.1284441, 4.8613464 ], [ -74.128348, 4.8612503 ], [ -74.1283, 4.8611541 ], [ -74.1282038, 4.8611061 ], [ -74.1281558, 4.86101 ], [ -74.1280597, 4.86101 ], [ -74.1280116, 4.8609139 ], [ -74.1279155, 4.8608658 ], [ -74.1278194, 4.8608178 ], [ -74.1277233, 4.8607217 ], [ -74.1276272, 4.8607217 ], [ -74.1275311, 4.8606736 ], [ -74.127435, 4.8607217 ], [ -74.127435, 4.8608178 ], [ -74.127435, 4.8609139 ], [ -74.127387, 4.86101 ], [ -74.127387, 4.8611061 ], [ -74.127387, 4.8612022 ], [ -74.1272909, 4.8612503 ], [ -74.1272909, 4.8613464 ], [ -74.1272909, 4.8614425 ], [ -74.1272428, 4.8615386 ], [ -74.1272428, 4.8616347 ], [ -74.1271948, 4.8617308 ], [ -74.1271948, 4.8618269 ], [ -74.1271467, 4.861923 ], [ -74.1270987, 4.8620191 ], [ -74.1270506, 4.8621152 ], [ -74.1270026, 4.8622113 ], [ -74.1269545, 4.8623074 ], [ -74.1269545, 4.8624035 ], [ -74.1269545, 4.8624996 ], [ -74.1269545, 4.8625957 ], [ -74.1269545, 4.8626918 ], [ -74.1269545, 4.8627879 ], [ -74.1269545, 4.862884 ], [ -74.1269545, 4.8629801 ], [ -74.1269545, 4.8630762 ], [ -74.1269545, 4.8631723 ], [ -74.1269545, 4.8632684 ], [ -74.1269545, 4.8633645 ], [ -74.1269545, 4.8634606 ], [ -74.1269545, 4.8635567 ], [ -74.1269545, 4.8636528 ], [ -74.1269545, 4.8637489 ], [ -74.1269545, 4.863845 ], [ -74.1269545, 4.8639411 ], [ -74.1269545, 4.8640372 ], [ -74.1269065, 4.8641333 ], [ -74.1268584, 4.8642294 ], [ -74.1268584, 4.8643256 ], [ -74.1268584, 4.8644217 ], [ -74.1268584, 4.8645178 ], [ -74.1268104, 4.8646139 ], [ -74.1268104, 4.86471 ], [ -74.1267623, 4.8648061 ], [ -74.1266662, 4.8648061 ], [ -74.1265701, 4.8648541 ], [ -74.126474, 4.8648541 ], [ -74.1264259, 4.8649502 ], [ -74.1263779, 4.8650463 ], [ -74.1262818, 4.8650944 ], [ -74.1262818, 4.8651905 ], [ -74.1262337, 4.8652866 ], [ -74.1262337, 4.8653827 ], [ -74.1262337, 4.8654788 ], [ -74.1262337, 4.8655749 ], [ -74.1262337, 4.865671 ], [ -74.1261857, 4.8657671 ], [ -74.1261857, 4.8658632 ], [ -74.1261857, 4.8659593 ], [ -74.1261857, 4.8660554 ], [ -74.1261857, 4.8661515 ], [ -74.1261376, 4.8662476 ], [ -74.1261376, 4.8663437 ], [ -74.1260896, 4.8664398 ], [ -74.1260415, 4.8665359 ], [ -74.1260415, 4.866632 ], [ -74.1259935, 4.8667281 ], [ -74.1259935, 4.8668242 ], [ -74.1259454, 4.8669203 ], [ -74.1258974, 4.8670164 ], [ -74.1258493, 4.8671125 ], [ -74.1257532, 4.8671125 ], [ -74.1256571, 4.8671125 ], [ -74.125561, 4.8671125 ], [ -74.1254649, 4.8671125 ], [ -74.1253688, 4.8671125 ], [ -74.1252727, 4.8670645 ], [ -74.1252247, 4.8669684 ], [ -74.1251285, 4.8669684 ], [ -74.1250805, 4.8668723 ], [ -74.1249844, 4.8668242 ], [ -74.1249844, 4.8667281 ], [ -74.1248883, 4.8667281 ], [ -74.1248883, 4.866632 ], [ -74.1247922, 4.866584 ], [ -74.1246961, 4.8665359 ], [ -74.1246, 4.8665359 ], [ -74.1246, 4.866632 ], [ -74.1245519, 4.8667281 ], [ -74.1245519, 4.8668242 ], [ -74.1245519, 4.8669203 ], [ -74.1245039, 4.8670164 ], [ -74.1244558, 4.8671125 ], [ -74.1243597, 4.8671606 ], [ -74.1242636, 4.8672086 ], [ -74.1242156, 4.8673047 ], [ -74.1241195, 4.8673047 ], [ -74.1241195, 4.8674009 ], [ -74.1240234, 4.8674009 ], [ -74.1239273, 4.867497 ], [ -74.1238792, 4.8675931 ], [ -74.1237831, 4.8676411 ], [ -74.1237351, 4.8677372 ], [ -74.1237351, 4.8678333 ], [ -74.1237351, 4.8679294 ], [ -74.1237351, 4.8680255 ], [ -74.123687, 4.8681216 ], [ -74.1235909, 4.8681697 ], [ -74.1235909, 4.8682658 ], [ -74.1235428, 4.8683619 ], [ -74.1234948, 4.868458 ], [ -74.1234948, 4.8685541 ], [ -74.1234467, 4.8686502 ], [ -74.1233987, 4.8687463 ], [ -74.1233506, 4.8688424 ], [ -74.1233506, 4.8689385 ], [ -74.1233506, 4.8690346 ], [ -74.1233506, 4.8691307 ], [ -74.1233506, 4.8692268 ], [ -74.1233506, 4.8693229 ], [ -74.1233506, 4.869419 ], [ -74.1233506, 4.8695151 ], [ -74.1233987, 4.8696112 ], [ -74.1234948, 4.8696593 ], [ -74.1235909, 4.8696593 ], [ -74.123639, 4.8697554 ], [ -74.1237351, 4.8698034 ], [ -74.1238312, 4.8698515 ], [ -74.1239273, 4.8698995 ], [ -74.1239753, 4.8699956 ], [ -74.1240714, 4.8700437 ], [ -74.1240714, 4.8701398 ], [ -74.1241675, 4.8701878 ], [ -74.1242156, 4.8702839 ], [ -74.1243117, 4.870332 ], [ -74.1244078, 4.87038 ], [ -74.1244558, 4.8704762 ], [ -74.1245519, 4.8704762 ], [ -74.1245519, 4.8705723 ], [ -74.124648, 4.8706203 ], [ -74.1247441, 4.8706684 ], [ -74.1247441, 4.8707645 ], [ -74.1247922, 4.8708606 ], [ -74.1248883, 4.8709567 ], [ -74.1249363, 4.8710528 ], [ -74.1250324, 4.8711008 ], [ -74.1250324, 4.8711969 ], [ -74.1251285, 4.871245 ], [ -74.1251766, 4.8713411 ], [ -74.1252247, 4.8714372 ], [ -74.1253208, 4.8714852 ], [ -74.1253208, 4.8715813 ], [ -74.1253688, 4.8716774 ], [ -74.1254169, 4.8717735 ], [ -74.1254169, 4.8718696 ], [ -74.1254649, 4.8719657 ], [ -74.125561, 4.8720138 ], [ -74.125561, 4.8721099 ], [ -74.1256091, 4.872206 ], [ -74.1256571, 4.8723021 ], [ -74.1257052, 4.8723982 ], [ -74.1257532, 4.8724943 ], [ -74.1257532, 4.8725904 ], [ -74.1258013, 4.8726865 ], [ -74.1258013, 4.8727826 ], [ -74.1258493, 4.8728787 ], [ -74.1258493, 4.8729748 ], [ -74.1258974, 4.8730709 ], [ -74.1259454, 4.873167 ], [ -74.1259454, 4.8732631 ], [ -74.1259454, 4.8733592 ], [ -74.1259935, 4.8734553 ], [ -74.1259935, 4.8735515 ], [ -74.1259935, 4.8736476 ], [ -74.1260415, 4.8737437 ], [ -74.1260415, 4.8738398 ], [ -74.1260415, 4.8739359 ], [ -74.1260415, 4.874032 ], [ -74.1260896, 4.8741281 ], [ -74.1260896, 4.8742242 ], [ -74.1260896, 4.8743203 ], [ -74.1260896, 4.8744164 ], [ -74.1260896, 4.8745125 ], [ -74.1260896, 4.8746086 ], [ -74.1260896, 4.8747047 ], [ -74.1260896, 4.8748008 ], [ -74.1260896, 4.8748969 ], [ -74.1260896, 4.874993 ], [ -74.1260896, 4.8750891 ], [ -74.1260896, 4.8751852 ], [ -74.1260896, 4.8752813 ], [ -74.1260896, 4.8753774 ], [ -74.1260896, 4.8754735 ], [ -74.1260896, 4.8755696 ], [ -74.1260896, 4.8756657 ], [ -74.1260415, 4.8757618 ], [ -74.1259935, 4.8758579 ], [ -74.1259935, 4.875954 ], [ -74.1258974, 4.875954 ], [ -74.1258493, 4.8760501 ], [ -74.1257532, 4.8760501 ], [ -74.1256571, 4.8760501 ], [ -74.1256091, 4.875954 ], [ -74.1256091, 4.8758579 ], [ -74.125513, 4.8758099 ], [ -74.125513, 4.8757138 ], [ -74.1254649, 4.8756177 ], [ -74.1254169, 4.8755216 ], [ -74.1254169, 4.8754255 ], [ -74.1253688, 4.8753294 ], [ -74.1253208, 4.8752333 ], [ -74.1252727, 4.8751372 ], [ -74.1252247, 4.875041 ], [ -74.1251766, 4.8749449 ], [ -74.1251766, 4.8748488 ], [ -74.1251285, 4.8747527 ], [ -74.1250805, 4.8746566 ], [ -74.1250324, 4.8745605 ], [ -74.1250324, 4.8744644 ], [ -74.1250324, 4.8743683 ], [ -74.1249844, 4.8742722 ], [ -74.1249844, 4.8741761 ], [ -74.1249844, 4.87408 ], [ -74.1249363, 4.8739839 ], [ -74.1249363, 4.8738878 ], [ -74.1248883, 4.8737917 ], [ -74.1248883, 4.8736956 ], [ -74.1248883, 4.8735995 ], [ -74.1248883, 4.8735034 ], [ -74.1248883, 4.8734073 ], [ -74.1248883, 4.8733112 ], [ -74.1248883, 4.8732151 ], [ -74.1248402, 4.873119 ], [ -74.1248402, 4.8730229 ], [ -74.1248402, 4.8729268 ], [ -74.1248402, 4.8728307 ], [ -74.1248402, 4.8727346 ], [ -74.1248402, 4.8726385 ], [ -74.1248402, 4.8725424 ], [ -74.1248402, 4.8724463 ], [ -74.1248402, 4.8723502 ], [ -74.1247922, 4.8722541 ], [ -74.1247922, 4.872158 ], [ -74.1247441, 4.8720619 ], [ -74.1246961, 4.8719657 ], [ -74.1246961, 4.8718696 ], [ -74.124648, 4.8717735 ], [ -74.124648, 4.8716774 ], [ -74.1246, 4.8715813 ], [ -74.1245519, 4.8714852 ], [ -74.1245039, 4.8713891 ], [ -74.1244558, 4.871293 ], [ -74.1243597, 4.8711969 ], [ -74.1243117, 4.8711008 ], [ -74.1242156, 4.8711008 ], [ -74.1241195, 4.8710528 ], [ -74.1240234, 4.8710047 ], [ -74.1240234, 4.8709086 ], [ -74.1239273, 4.8709086 ], [ -74.1238792, 4.8708125 ], [ -74.1238312, 4.8707164 ], [ -74.1237351, 4.8706684 ], [ -74.123639, 4.8706684 ], [ -74.1235428, 4.8706684 ], [ -74.1234467, 4.8706684 ], [ -74.1233506, 4.8706684 ], [ -74.1232545, 4.8706684 ], [ -74.1231584, 4.8706684 ], [ -74.1230623, 4.8707164 ], [ -74.1230143, 4.8708125 ], [ -74.1229662, 4.8709086 ], [ -74.1229662, 4.8710047 ], [ -74.1229662, 4.8711008 ], [ -74.1229662, 4.8711969 ], [ -74.1230143, 4.871293 ], [ -74.1230623, 4.8713891 ], [ -74.1231104, 4.8714852 ], [ -74.1231584, 4.8715813 ], [ -74.1231584, 4.8716774 ], [ -74.1231584, 4.8717735 ], [ -74.1231584, 4.8718696 ], [ -74.1232065, 4.8719657 ], [ -74.1232065, 4.8720619 ], [ -74.1232545, 4.872158 ], [ -74.1232545, 4.8722541 ], [ -74.1233026, 4.8723502 ], [ -74.1233026, 4.8724463 ], [ -74.1233506, 4.8725424 ], [ -74.1233506, 4.8726385 ], [ -74.1233506, 4.8727346 ], [ -74.1233506, 4.8728307 ], [ -74.1233026, 4.8729268 ], [ -74.1233026, 4.8730229 ], [ -74.1232545, 4.873119 ], [ -74.1232065, 4.8732151 ], [ -74.1231584, 4.8733112 ], [ -74.1231104, 4.8734073 ], [ -74.1230623, 4.8735034 ], [ -74.1230143, 4.8735995 ], [ -74.1229662, 4.8736956 ], [ -74.1229182, 4.8737917 ], [ -74.1229182, 4.8738878 ], [ -74.1229182, 4.8739839 ], [ -74.1229182, 4.87408 ], [ -74.1228701, 4.8741761 ], [ -74.1228221, 4.87408 ], [ -74.122726, 4.874032 ], [ -74.122726, 4.8739359 ], [ -74.1226779, 4.8738398 ], [ -74.1226779, 4.8737437 ], [ -74.1226299, 4.8736476 ], [ -74.1226299, 4.8735515 ], [ -74.1225818, 4.8734553 ], [ -74.1225338, 4.8733592 ], [ -74.1225338, 4.8732631 ], [ -74.1224857, 4.873167 ], [ -74.1224857, 4.8730709 ], [ -74.1224377, 4.8729748 ], [ -74.1224377, 4.8728787 ], [ -74.1223896, 4.8727826 ], [ -74.1223416, 4.8726865 ], [ -74.1223416, 4.8725904 ], [ -74.1222935, 4.8724943 ], [ -74.1222935, 4.8723982 ], [ -74.1222455, 4.8723021 ], [ -74.1222455, 4.872206 ], [ -74.1221974, 4.8721099 ], [ -74.1221494, 4.8720138 ], [ -74.1221013, 4.8719177 ], [ -74.1220532, 4.8718216 ], [ -74.1220052, 4.8717255 ], [ -74.1219091, 4.8716774 ], [ -74.121813, 4.8716294 ], [ -74.121813, 4.8715333 ], [ -74.1217169, 4.8715333 ], [ -74.1217169, 4.8714372 ], [ -74.1216208, 4.8713891 ], [ -74.1215247, 4.8713891 ], [ -74.1214286, 4.8713891 ], [ -74.1213325, 4.8713411 ], [ -74.1212364, 4.8713411 ], [ -74.1211403, 4.8713411 ], [ -74.1210442, 4.8713411 ], [ -74.1209481, 4.8713411 ], [ -74.120852, 4.8713411 ], [ -74.1208039, 4.8714372 ], [ -74.1207559, 4.8715333 ], [ -74.1207559, 4.8716294 ], [ -74.1207078, 4.8717255 ], [ -74.1206598, 4.8718216 ], [ -74.1206117, 4.8719177 ], [ -74.1205637, 4.8720138 ], [ -74.1204675, 4.8720138 ], [ -74.1204195, 4.8721099 ], [ -74.1203234, 4.872158 ], [ -74.1202753, 4.8722541 ], [ -74.1201792, 4.8723021 ], [ -74.1200831, 4.8723502 ], [ -74.1200351, 4.8724463 ], [ -74.119987, 4.8725424 ], [ -74.119939, 4.8726385 ], [ -74.1198909, 4.8727346 ], [ -74.1198429, 4.8728307 ], [ -74.1197948, 4.8729268 ], [ -74.1197468, 4.8730229 ], [ -74.1196987, 4.873119 ], [ -74.1196507, 4.8732151 ], [ -74.1195546, 4.8732631 ], [ -74.1195065, 4.8733592 ], [ -74.1194585, 4.8734553 ], [ -74.1194104, 4.8735515 ], [ -74.1193624, 4.8736476 ], [ -74.1194104, 4.8737437 ], [ -74.1194585, 4.8738398 ], [ -74.1195065, 4.8739359 ], [ -74.1196026, 4.8739839 ], [ -74.1196507, 4.87408 ], [ -74.1196987, 4.8741761 ], [ -74.1197948, 4.8742242 ], [ -74.1197948, 4.8743203 ], [ -74.1198909, 4.8743683 ], [ -74.119987, 4.8744644 ], [ -74.1200831, 4.8744644 ], [ -74.1201792, 4.8745125 ], [ -74.1202753, 4.8745605 ], [ -74.1203714, 4.8745605 ], [ -74.1204675, 4.8745605 ], [ -74.1205637, 4.8746086 ], [ -74.1206598, 4.8746086 ], [ -74.1207559, 4.8746086 ], [ -74.120852, 4.8746566 ], [ -74.1209481, 4.8747047 ], [ -74.1210442, 4.8747527 ], [ -74.1211403, 4.8748008 ], [ -74.1212364, 4.8748488 ], [ -74.1213325, 4.8748969 ], [ -74.1214286, 4.8749449 ], [ -74.1215247, 4.874993 ], [ -74.1216208, 4.874993 ], [ -74.1217169, 4.875041 ], [ -74.121813, 4.8750891 ], [ -74.1219091, 4.8751372 ], [ -74.1220052, 4.8751852 ], [ -74.1220532, 4.8752813 ], [ -74.1221494, 4.8753294 ], [ -74.1222455, 4.8753774 ], [ -74.1222935, 4.8754735 ], [ -74.1223896, 4.8755216 ], [ -74.1224377, 4.8756177 ], [ -74.1225338, 4.8756177 ], [ -74.1226299, 4.8756177 ], [ -74.122726, 4.8756657 ], [ -74.1228221, 4.8756657 ], [ -74.1228701, 4.8757618 ], [ -74.1229662, 4.8757618 ], [ -74.1230623, 4.8758099 ], [ -74.1231584, 4.8758579 ], [ -74.1232545, 4.875906 ], [ -74.1233506, 4.875954 ], [ -74.1234467, 4.8760021 ], [ -74.1235428, 4.8760501 ], [ -74.1235428, 4.8761462 ], [ -74.123639, 4.8761943 ], [ -74.123687, 4.8762904 ], [ -74.1237351, 4.8763865 ], [ -74.1238312, 4.8764345 ], [ -74.1238312, 4.8765306 ], [ -74.1239273, 4.8766267 ], [ -74.1239273, 4.8767229 ], [ -74.1239753, 4.876819 ], [ -74.1240714, 4.8769151 ], [ -74.1241195, 4.8770112 ], [ -74.1242156, 4.8770592 ], [ -74.1242156, 4.8771553 ], [ -74.1242636, 4.8772514 ], [ -74.1243117, 4.8773475 ], [ -74.1243597, 4.8774436 ], [ -74.1244078, 4.8775397 ], [ -74.1244558, 4.8776358 ], [ -74.1245519, 4.8777319 ], [ -74.1246, 4.877828 ], [ -74.124648, 4.8779241 ], [ -74.1247441, 4.8779722 ], [ -74.1247922, 4.8780683 ], [ -74.1248402, 4.8781644 ], [ -74.1249363, 4.8781644 ], [ -74.1250324, 4.8782125 ], [ -74.1251285, 4.8783086 ], [ -74.1252247, 4.8783566 ], [ -74.1253208, 4.8784047 ], [ -74.1253688, 4.8785008 ], [ -74.1254649, 4.8785488 ], [ -74.125561, 4.8785969 ], [ -74.1256571, 4.8786449 ], [ -74.1257532, 4.8786449 ], [ -74.1258493, 4.878693 ], [ -74.1259454, 4.878693 ], [ -74.1260415, 4.878741 ], [ -74.1261376, 4.878741 ], [ -74.1262337, 4.878741 ], [ -74.1263298, 4.878741 ], [ -74.1264259, 4.8787891 ], [ -74.126522, 4.8787891 ], [ -74.1266181, 4.8787891 ], [ -74.1267143, 4.8788371 ], [ -74.1268104, 4.8788371 ], [ -74.1269065, 4.8788371 ], [ -74.1270026, 4.8788371 ], [ -74.1270987, 4.8788371 ], [ -74.1271948, 4.8788852 ], [ -74.1272909, 4.8789332 ], [ -74.127387, 4.8789813 ], [ -74.1275311, 4.8790293 ], [ -74.1276272, 4.8790774 ], [ -74.1277233, 4.8791254 ], [ -74.1278194, 4.8791735 ], [ -74.1279155, 4.8791735 ], [ -74.1280116, 4.8792215 ], [ -74.1281077, 4.8792696 ], [ -74.1282038, 4.8793176 ], [ -74.1283, 4.8793657 ], [ -74.1283961, 4.8794137 ], [ -74.1284922, 4.8794137 ], [ -74.1285402, 4.8795098 ], [ -74.1286363, 4.8795098 ], [ -74.1287324, 4.8795579 ], [ -74.1288285, 4.8796059 ], [ -74.1288766, 4.879702 ], [ -74.1289727, 4.879702 ], [ -74.1290688, 4.8797501 ], [ -74.1291649, 4.8797982 ], [ -74.129261, 4.8798462 ], [ -74.1293571, 4.8798943 ], [ -74.1294532, 4.8799423 ], [ -74.1295493, 4.8799904 ], [ -74.1296454, 4.8800384 ], [ -74.1297415, 4.8800865 ], [ -74.1297896, 4.8801826 ], [ -74.1298857, 4.8801826 ], [ -74.1299337, 4.8802787 ], [ -74.1300298, 4.8803267 ], [ -74.1301259, 4.8803748 ], [ -74.130222, 4.8804228 ], [ -74.1303181, 4.8804709 ], [ -74.1304142, 4.8805189 ], [ -74.1305103, 4.880567 ], [ -74.1306064, 4.880615 ], [ -74.1306545, 4.8807111 ], [ -74.1307506, 4.8807111 ], [ -74.1307986, 4.8808072 ], [ -74.1308947, 4.8808072 ], [ -74.1308947, 4.8809033 ], [ -74.1309428, 4.8809994 ], [ -74.1309908, 4.8810955 ], [ -74.1310869, 4.8811436 ], [ -74.1310869, 4.8812397 ], [ -74.131135, 4.8813358 ], [ -74.131183, 4.8814319 ], [ -74.131183, 4.881528 ], [ -74.1312311, 4.8816241 ], [ -74.1312311, 4.8817202 ], [ -74.1312311, 4.8818163 ], [ -74.1312311, 4.8819124 ], [ -74.1312311, 4.8820085 ], [ -74.131135, 4.8820085 ], [ -74.1310389, 4.8820085 ], [ -74.1309428, 4.8820085 ], [ -74.1308467, 4.8820085 ], [ -74.1307506, 4.8819605 ], [ -74.1306545, 4.8819124 ], [ -74.1305584, 4.8818644 ], [ -74.1304623, 4.8817683 ], [ -74.1303662, 4.8817202 ], [ -74.1303181, 4.8816241 ], [ -74.130222, 4.8815761 ], [ -74.1301259, 4.88148 ], [ -74.1300298, 4.8814319 ], [ -74.1299818, 4.8813358 ], [ -74.1299337, 4.8812397 ], [ -74.1298376, 4.8812397 ], [ -74.1297896, 4.8811436 ], [ -74.1297415, 4.8810475 ], [ -74.1296454, 4.8810475 ], [ -74.1295973, 4.8809514 ], [ -74.1295493, 4.8808553 ], [ -74.1294532, 4.8808553 ], [ -74.1294051, 4.8807592 ], [ -74.129309, 4.8807111 ], [ -74.1292129, 4.880615 ], [ -74.1291168, 4.880567 ], [ -74.1290688, 4.8804709 ], [ -74.1289727, 4.8804228 ], [ -74.1288766, 4.8803748 ], [ -74.1288285, 4.8802787 ], [ -74.1287324, 4.8802306 ], [ -74.1286363, 4.8801826 ], [ -74.1285883, 4.8800865 ], [ -74.1284922, 4.8800865 ], [ -74.1283961, 4.8800384 ], [ -74.1283, 4.8799904 ], [ -74.1282038, 4.8799904 ], [ -74.1281077, 4.8799423 ], [ -74.1280116, 4.8799423 ], [ -74.1279155, 4.8798943 ], [ -74.1278194, 4.8798943 ], [ -74.1277233, 4.8798943 ], [ -74.1276272, 4.8798943 ], [ -74.1275311, 4.8798943 ], [ -74.127435, 4.8798943 ], [ -74.1273389, 4.8799423 ], [ -74.1272428, 4.8799423 ], [ -74.1271467, 4.8799423 ], [ -74.1271467, 4.8800384 ], [ -74.1270506, 4.8800384 ], [ -74.1270506, 4.8801345 ], [ -74.1270026, 4.8802306 ], [ -74.1270026, 4.8803267 ], [ -74.1270506, 4.8804228 ], [ -74.1270506, 4.8805189 ], [ -74.1270506, 4.880615 ], [ -74.1270506, 4.8807111 ], [ -74.1270506, 4.8808072 ], [ -74.1270987, 4.8809033 ], [ -74.1271467, 4.8809994 ], [ -74.1271948, 4.8810955 ], [ -74.1272428, 4.8811916 ], [ -74.1273389, 4.8811916 ], [ -74.1273389, 4.8812878 ], [ -74.127435, 4.8813358 ], [ -74.127435, 4.8814319 ], [ -74.1275311, 4.88148 ], [ -74.1275311, 4.8815761 ], [ -74.1275792, 4.8816722 ], [ -74.1276272, 4.8817683 ], [ -74.1276753, 4.8818644 ], [ -74.1277233, 4.8819605 ], [ -74.1277233, 4.8820566 ], [ -74.1277714, 4.8821527 ], [ -74.1277714, 4.8822488 ], [ -74.1277714, 4.8823449 ], [ -74.1277714, 4.882441 ], [ -74.1277714, 4.8825371 ], [ -74.1277714, 4.8826332 ], [ -74.1277714, 4.8827293 ], [ -74.1277714, 4.8828254 ], [ -74.1277714, 4.8829215 ], [ -74.1277714, 4.8830176 ], [ -74.1277714, 4.8831137 ], [ -74.1277714, 4.8832098 ], [ -74.1278194, 4.8833059 ], [ -74.1278194, 4.883402 ], [ -74.1278194, 4.8834981 ], [ -74.1278675, 4.8835942 ], [ -74.1278675, 4.8836903 ], [ -74.1279155, 4.8837864 ], [ -74.1279155, 4.8838825 ], [ -74.1279636, 4.8839786 ], [ -74.1279636, 4.8840747 ], [ -74.1279636, 4.8841708 ], [ -74.1279636, 4.8842669 ], [ -74.1279636, 4.8843631 ], [ -74.1279636, 4.8844592 ], [ -74.1280116, 4.8845553 ], [ -74.1280116, 4.8846514 ], [ -74.1280116, 4.8847475 ], [ -74.1280116, 4.8848436 ], [ -74.1280116, 4.8849397 ], [ -74.1279636, 4.8850358 ], [ -74.1279155, 4.8851319 ], [ -74.1278675, 4.885228 ], [ -74.1278194, 4.8853241 ], [ -74.1277714, 4.8854202 ], [ -74.1276753, 4.8854682 ], [ -74.1275792, 4.8855163 ], [ -74.1274831, 4.8854682 ], [ -74.127435, 4.8853721 ], [ -74.127387, 4.885276 ], [ -74.1272909, 4.8851799 ], [ -74.1272428, 4.8850358 ], [ -74.1271948, 4.8849397 ], [ -74.1271948, 4.8848436 ], [ -74.1271467, 4.8847475 ], [ -74.1270506, 4.8846994 ], [ -74.1270506, 4.8846033 ], [ -74.1270026, 4.8845072 ], [ -74.1270026, 4.8844111 ], [ -74.1269545, 4.884315 ], [ -74.1269545, 4.8842189 ], [ -74.1269065, 4.8841228 ], [ -74.1268584, 4.8840267 ], [ -74.1268584, 4.8839306 ], [ -74.1268584, 4.8838345 ], [ -74.1268104, 4.8837384 ], [ -74.1268104, 4.8836423 ], [ -74.1267623, 4.8835462 ], [ -74.1267623, 4.8834501 ], [ -74.1267143, 4.883354 ], [ -74.1267143, 4.8832579 ], [ -74.1266662, 4.8831618 ], [ -74.1266662, 4.8830657 ], [ -74.1266181, 4.8829696 ], [ -74.1266181, 4.8828735 ], [ -74.1266181, 4.8827773 ], [ -74.1266181, 4.8826812 ], [ -74.1266181, 4.8825851 ], [ -74.1266181, 4.882489 ], [ -74.1266181, 4.8823929 ], [ -74.1265701, 4.8822968 ], [ -74.1265701, 4.8822007 ], [ -74.1265701, 4.8821046 ], [ -74.1265701, 4.8820085 ], [ -74.1265701, 4.8819124 ], [ -74.126522, 4.8818163 ], [ -74.126474, 4.8817202 ], [ -74.126474, 4.8816241 ], [ -74.126474, 4.881528 ], [ -74.1264259, 4.8814319 ], [ -74.1264259, 4.8813358 ], [ -74.1264259, 4.8812397 ], [ -74.1263779, 4.8811436 ], [ -74.1263298, 4.8810475 ], [ -74.1262818, 4.8809514 ], [ -74.1262818, 4.8808553 ], [ -74.1262337, 4.8807592 ], [ -74.1261857, 4.8806631 ], [ -74.1261376, 4.880567 ], [ -74.1260896, 4.8804709 ], [ -74.1260415, 4.8803748 ], [ -74.1259935, 4.8802787 ], [ -74.1258974, 4.8802306 ], [ -74.1258493, 4.8801345 ], [ -74.1257532, 4.8800384 ], [ -74.1256571, 4.8800384 ], [ -74.1256091, 4.8799423 ], [ -74.125513, 4.8799423 ], [ -74.1254169, 4.8798943 ], [ -74.1253208, 4.8798462 ], [ -74.1252247, 4.8797982 ], [ -74.1251285, 4.8797982 ], [ -74.1250324, 4.8797501 ], [ -74.1249363, 4.8797501 ], [ -74.1248402, 4.879702 ], [ -74.1247441, 4.879654 ], [ -74.124648, 4.8796059 ], [ -74.1245519, 4.8796059 ], [ -74.1244558, 4.8795579 ], [ -74.1243597, 4.8795579 ], [ -74.1243117, 4.8794618 ], [ -74.1242636, 4.8793657 ], [ -74.1242636, 4.8792696 ], [ -74.1242156, 4.8791735 ], [ -74.1242156, 4.8790774 ], [ -74.1241195, 4.8790293 ], [ -74.1241195, 4.8789332 ], [ -74.1240714, 4.8788371 ], [ -74.1240234, 4.878741 ], [ -74.1240234, 4.8786449 ], [ -74.1239753, 4.8785488 ], [ -74.1239273, 4.8784527 ], [ -74.1238312, 4.8783566 ], [ -74.1237831, 4.8782605 ], [ -74.123687, 4.8782125 ], [ -74.123687, 4.8781163 ], [ -74.123639, 4.8780202 ], [ -74.1235909, 4.8779241 ], [ -74.1234948, 4.8778761 ], [ -74.1234467, 4.87778 ], [ -74.1233987, 4.8776839 ], [ -74.1233026, 4.8776358 ], [ -74.1232545, 4.8775397 ], [ -74.1231584, 4.8774917 ], [ -74.1230623, 4.8773956 ], [ -74.1230143, 4.8772995 ], [ -74.1229182, 4.8772514 ], [ -74.1228701, 4.8771553 ], [ -74.1228221, 4.8770592 ], [ -74.122726, 4.8770112 ], [ -74.122726, 4.8769151 ], [ -74.1226299, 4.876819 ], [ -74.1225818, 4.8767229 ], [ -74.1224857, 4.8766748 ], [ -74.1224857, 4.8765787 ], [ -74.1223896, 4.8765306 ], [ -74.1223896, 4.8764345 ], [ -74.1222935, 4.8764345 ], [ -74.1222455, 4.8763384 ], [ -74.1221013, 4.8762423 ], [ -74.1220052, 4.8761943 ], [ -74.1219091, 4.8761462 ], [ -74.121861, 4.8760501 ], [ -74.1217649, 4.8760021 ], [ -74.1216688, 4.875954 ], [ -74.1215727, 4.875906 ], [ -74.1215247, 4.8758099 ], [ -74.1214286, 4.8758099 ], [ -74.1213805, 4.8757138 ], [ -74.1212844, 4.8757138 ], [ -74.1212364, 4.8756177 ], [ -74.1211403, 4.8755696 ], [ -74.1210922, 4.8754735 ], [ -74.1209961, 4.8754735 ], [ -74.1209, 4.8754255 ], [ -74.1208039, 4.8753294 ], [ -74.1207078, 4.8752813 ], [ -74.1206117, 4.8752333 ], [ -74.1205156, 4.8752333 ], [ -74.1204195, 4.8751852 ], [ -74.1203234, 4.8751852 ], [ -74.1202273, 4.8751372 ], [ -74.1201312, 4.8750891 ], [ -74.1200351, 4.8750891 ], [ -74.119939, 4.875041 ], [ -74.1198429, 4.875041 ], [ -74.1197468, 4.875041 ], [ -74.1196507, 4.874993 ], [ -74.1195546, 4.8749449 ], [ -74.1194585, 4.8748969 ], [ -74.1193624, 4.8748488 ], [ -74.1192663, 4.8748488 ], [ -74.1192182, 4.8747527 ], [ -74.1191221, 4.8747047 ], [ -74.1190741, 4.8746086 ], [ -74.1189779, 4.8745605 ], [ -74.1188818, 4.8745125 ], [ -74.1187857, 4.8744644 ], [ -74.1186896, 4.8744644 ], [ -74.1185935, 4.8744644 ], [ -74.1184974, 4.8744644 ], [ -74.1184974, 4.8745605 ], [ -74.1184494, 4.8746566 ], [ -74.1184494, 4.8747527 ], [ -74.1183533, 4.8747527 ], [ -74.1183052, 4.8748488 ], [ -74.1182572, 4.8749449 ], [ -74.1181611, 4.8749449 ], [ -74.118113, 4.875041 ], [ -74.118113, 4.8751372 ], [ -74.118065, 4.8752333 ], [ -74.1180169, 4.8753294 ], [ -74.1180169, 4.8754255 ], [ -74.1180169, 4.8755216 ], [ -74.1180169, 4.8756177 ], [ -74.1180169, 4.8757138 ], [ -74.1180169, 4.8758099 ], [ -74.1180169, 4.875906 ], [ -74.1180169, 4.8760021 ], [ -74.1180169, 4.8760982 ], [ -74.118065, 4.8761943 ], [ -74.118113, 4.8762904 ], [ -74.1181611, 4.8763865 ], [ -74.1182572, 4.8764345 ], [ -74.1183052, 4.8765306 ], [ -74.1184013, 4.8765787 ], [ -74.1184494, 4.8766748 ], [ -74.1184974, 4.8767709 ], [ -74.1185935, 4.8767709 ], [ -74.1186416, 4.876867 ], [ -74.1187377, 4.8769151 ], [ -74.1188338, 4.8769631 ], [ -74.1189299, 4.8770112 ], [ -74.119026, 4.8771073 ], [ -74.1190741, 4.8772034 ], [ -74.1191702, 4.8772514 ], [ -74.1192182, 4.8773475 ], [ -74.1193143, 4.8773956 ], [ -74.1193624, 4.8774917 ], [ -74.1194104, 4.8775878 ], [ -74.1194585, 4.8776839 ], [ -74.1195065, 4.87778 ], [ -74.1195065, 4.8778761 ], [ -74.1196026, 4.8779722 ], [ -74.1196026, 4.8780683 ], [ -74.1196507, 4.8781644 ], [ -74.1196987, 4.8782605 ], [ -74.1197468, 4.8783566 ], [ -74.1197948, 4.8784527 ], [ -74.1198429, 4.8785488 ], [ -74.1198429, 4.8786449 ], [ -74.1198429, 4.878741 ], [ -74.1198429, 4.8788371 ], [ -74.1198909, 4.8789332 ], [ -74.1198909, 4.8790293 ], [ -74.1198909, 4.8791254 ], [ -74.1198909, 4.8792215 ], [ -74.1198909, 4.8793176 ], [ -74.1198909, 4.8794137 ], [ -74.1198909, 4.8795098 ], [ -74.1198909, 4.8796059 ], [ -74.1198909, 4.879702 ], [ -74.1198909, 4.8797982 ], [ -74.1198909, 4.8798943 ], [ -74.1198909, 4.8799904 ], [ -74.1198909, 4.8800865 ], [ -74.1198909, 4.8801826 ], [ -74.1198909, 4.8802787 ], [ -74.1198909, 4.8803748 ], [ -74.1198909, 4.8804709 ], [ -74.1198909, 4.880567 ], [ -74.1198909, 4.8806631 ], [ -74.1198909, 4.8807592 ], [ -74.119987, 4.8808072 ], [ -74.119987, 4.8809033 ], [ -74.1200351, 4.8809994 ], [ -74.1200351, 4.8810955 ], [ -74.1200351, 4.8811916 ], [ -74.1200831, 4.8812878 ], [ -74.1201312, 4.8813839 ], [ -74.1202273, 4.88148 ], [ -74.1202753, 4.8815761 ], [ -74.1203714, 4.8815761 ], [ -74.1204675, 4.8816241 ], [ -74.1205637, 4.8816241 ], [ -74.1206598, 4.8816241 ], [ -74.1207559, 4.8815761 ], [ -74.120852, 4.881528 ], [ -74.1209481, 4.881528 ], [ -74.1209961, 4.8814319 ], [ -74.1210922, 4.8814319 ], [ -74.1211403, 4.8813358 ], [ -74.1212364, 4.8813358 ], [ -74.1212844, 4.8812397 ], [ -74.1213805, 4.8812397 ], [ -74.1214766, 4.8811916 ], [ -74.1215727, 4.8811436 ], [ -74.1216688, 4.8810955 ], [ -74.1217649, 4.8810955 ], [ -74.121861, 4.8810475 ], [ -74.1219571, 4.8810475 ], [ -74.1220532, 4.8810475 ], [ -74.1221494, 4.8810475 ], [ -74.1221974, 4.8811436 ], [ -74.1221974, 4.8812397 ], [ -74.1221974, 4.8813358 ], [ -74.1221974, 4.8814319 ], [ -74.1221974, 4.881528 ], [ -74.1221494, 4.8816241 ], [ -74.1220532, 4.8816241 ], [ -74.1220052, 4.8817202 ], [ -74.1219091, 4.8817202 ], [ -74.121813, 4.8817683 ], [ -74.1217169, 4.8818163 ], [ -74.1216688, 4.8819124 ], [ -74.1215727, 4.8819124 ], [ -74.1215247, 4.8820085 ], [ -74.1214766, 4.8821046 ], [ -74.1213805, 4.8821046 ], [ -74.1212844, 4.8821527 ], [ -74.1212364, 4.8822488 ], [ -74.1211403, 4.8822968 ], [ -74.1210922, 4.8823929 ], [ -74.1210442, 4.882489 ], [ -74.1210442, 4.8825851 ], [ -74.1210442, 4.8826812 ], [ -74.1210442, 4.8827773 ], [ -74.1210442, 4.8828735 ], [ -74.1210442, 4.8829696 ], [ -74.1210442, 4.8830657 ], [ -74.1210442, 4.8831618 ], [ -74.1210442, 4.8832579 ], [ -74.1210442, 4.883354 ], [ -74.1210922, 4.8834501 ], [ -74.1210922, 4.8835462 ], [ -74.1210922, 4.8836423 ], [ -74.1211403, 4.8837384 ], [ -74.1211883, 4.8838345 ], [ -74.1211883, 4.8839306 ], [ -74.1211883, 4.8840267 ], [ -74.1211883, 4.8841228 ], [ -74.1211883, 4.8842189 ], [ -74.1211883, 4.884315 ], [ -74.1212364, 4.8844111 ], [ -74.1212844, 4.8845072 ], [ -74.1213325, 4.8846033 ], [ -74.1213805, 4.8846994 ], [ -74.1214766, 4.8847475 ], [ -74.1215247, 4.8848436 ], [ -74.1215727, 4.8849397 ], [ -74.1216688, 4.8849877 ], [ -74.1216688, 4.8850838 ], [ -74.1217649, 4.8850838 ], [ -74.121813, 4.8851799 ], [ -74.121861, 4.885276 ], [ -74.1219091, 4.8853721 ], [ -74.1219571, 4.8854682 ], [ -74.1220052, 4.8855643 ], [ -74.1220532, 4.8856604 ], [ -74.1221013, 4.8857565 ], [ -74.1221494, 4.8858526 ], [ -74.1221974, 4.8859488 ], [ -74.1221974, 4.8860449 ], [ -74.1222935, 4.8860929 ], [ -74.1223416, 4.886189 ], [ -74.1224377, 4.8862371 ], [ -74.1225338, 4.8862851 ], [ -74.1225818, 4.8863812 ], [ -74.1226779, 4.8864293 ], [ -74.122726, 4.8865254 ], [ -74.1228221, 4.8865734 ], [ -74.1228701, 4.8866695 ], [ -74.1229662, 4.8866695 ], [ -74.1230623, 4.8867176 ], [ -74.1231584, 4.8867656 ], [ -74.1231584, 4.8868617 ], [ -74.1232545, 4.8869098 ], [ -74.1233506, 4.8869578 ], [ -74.1233987, 4.8870539 ], [ -74.1234948, 4.8870539 ], [ -74.1235428, 4.88715 ], [ -74.1235909, 4.8872461 ], [ -74.123639, 4.8873422 ], [ -74.123687, 4.8874384 ], [ -74.1237351, 4.8875345 ], [ -74.1237351, 4.8876306 ], [ -74.123687, 4.8877267 ], [ -74.1235909, 4.8877747 ], [ -74.1234948, 4.8878228 ], [ -74.1233987, 4.8878708 ], [ -74.1233026, 4.8878708 ], [ -74.1232065, 4.8879189 ], [ -74.1231104, 4.8879669 ], [ -74.1230143, 4.8879669 ], [ -74.1229182, 4.8879189 ], [ -74.1228221, 4.8878708 ], [ -74.122774, 4.8877747 ], [ -74.1226779, 4.8877747 ], [ -74.1226299, 4.8876786 ], [ -74.1225338, 4.8876306 ], [ -74.1224857, 4.8875345 ], [ -74.1223896, 4.8874864 ], [ -74.1222935, 4.8873903 ], [ -74.1221974, 4.8872942 ], [ -74.1221013, 4.8871981 ], [ -74.1220532, 4.887102 ], [ -74.1219571, 4.8870539 ], [ -74.1219091, 4.8869578 ], [ -74.121861, 4.8868617 ], [ -74.121813, 4.8867656 ], [ -74.1217169, 4.8867656 ], [ -74.1217169, 4.8866695 ], [ -74.1216688, 4.8865734 ], [ -74.1215727, 4.8865254 ], [ -74.1215727, 4.8864293 ], [ -74.1214766, 4.8863812 ], [ -74.1214766, 4.8862851 ], [ -74.1214766, 4.886189 ], [ -74.1214286, 4.8860929 ], [ -74.1214286, 4.8859968 ], [ -74.1213325, 4.8859488 ], [ -74.1213325, 4.8858526 ], [ -74.1212844, 4.8857565 ], [ -74.1211883, 4.8857085 ], [ -74.1211403, 4.8856124 ], [ -74.1210442, 4.8855643 ], [ -74.1209961, 4.8854682 ], [ -74.1209481, 4.8853721 ], [ -74.120852, 4.8853241 ], [ -74.120852, 4.885228 ], [ -74.1208039, 4.8851319 ], [ -74.1207078, 4.8850838 ], [ -74.1207078, 4.8849877 ], [ -74.1206598, 4.8848916 ], [ -74.1206117, 4.8847955 ], [ -74.1205156, 4.8846994 ], [ -74.1205156, 4.8846033 ], [ -74.1204675, 4.8845072 ], [ -74.1204195, 4.8844111 ], [ -74.1203714, 4.884315 ], [ -74.1203714, 4.8842189 ], [ -74.1203234, 4.8841228 ], [ -74.1203234, 4.8840267 ], [ -74.1202753, 4.8839306 ], [ -74.1202273, 4.8838345 ], [ -74.1202273, 4.8837384 ], [ -74.1201792, 4.8836423 ], [ -74.1201792, 4.8835462 ], [ -74.1201792, 4.8834501 ], [ -74.1201792, 4.883354 ], [ -74.1201312, 4.8832579 ], [ -74.1200351, 4.8831618 ], [ -74.119939, 4.8831618 ], [ -74.1198429, 4.8831618 ], [ -74.1197468, 4.8832098 ], [ -74.1197468, 4.8833059 ], [ -74.1196507, 4.8833059 ], [ -74.1196026, 4.883402 ], [ -74.1195065, 4.883402 ], [ -74.1195065, 4.8834981 ], [ -74.1194104, 4.8835462 ], [ -74.1194104, 4.8836423 ], [ -74.1193143, 4.8836903 ], [ -74.1193143, 4.8837864 ], [ -74.1192663, 4.8838825 ], [ -74.1192182, 4.8839786 ], [ -74.1192182, 4.8840747 ], [ -74.1191702, 4.8841708 ], [ -74.1191221, 4.8842669 ], [ -74.1191221, 4.8843631 ], [ -74.1191221, 4.8844592 ], [ -74.1191702, 4.8845553 ], [ -74.1192182, 4.8846514 ], [ -74.1193143, 4.8846994 ], [ -74.1193624, 4.8847955 ], [ -74.1194104, 4.8848916 ], [ -74.1194585, 4.8849877 ], [ -74.1195546, 4.8850358 ], [ -74.1195546, 4.8851319 ], [ -74.1196026, 4.885228 ], [ -74.1196026, 4.8853241 ], [ -74.1196026, 4.8854202 ], [ -74.1196987, 4.8855163 ], [ -74.1197948, 4.8855643 ], [ -74.1197948, 4.8856604 ], [ -74.1198909, 4.8857085 ], [ -74.119939, 4.8858046 ], [ -74.1200351, 4.8858526 ], [ -74.1200831, 4.8859488 ], [ -74.1201792, 4.8859968 ], [ -74.1202273, 4.8860929 ], [ -74.1203234, 4.886141 ], [ -74.1203234, 4.8862371 ], [ -74.1204195, 4.8862851 ], [ -74.1204195, 4.8863812 ], [ -74.1205156, 4.8864293 ], [ -74.1205637, 4.8865254 ], [ -74.1206117, 4.8866215 ], [ -74.1207078, 4.8866695 ], [ -74.1207559, 4.8867656 ], [ -74.1208039, 4.8868617 ], [ -74.120852, 4.8869578 ], [ -74.1209, 4.8870539 ], [ -74.1209481, 4.88715 ], [ -74.1209961, 4.8872461 ], [ -74.1210442, 4.8873422 ], [ -74.1210922, 4.8874384 ], [ -74.1211403, 4.8875345 ], [ -74.1211883, 4.8876306 ], [ -74.1212364, 4.8877267 ], [ -74.1212364, 4.8878228 ], [ -74.1212844, 4.8879189 ], [ -74.1212844, 4.888015 ], [ -74.1212844, 4.8881111 ], [ -74.1212844, 4.8882072 ], [ -74.1213805, 4.8882552 ], [ -74.1214286, 4.8883513 ], [ -74.1215247, 4.8883994 ], [ -74.1215727, 4.8884955 ], [ -74.1216688, 4.8884955 ], [ -74.1217649, 4.8885435 ], [ -74.121861, 4.8885916 ], [ -74.1219571, 4.8886396 ], [ -74.1220532, 4.8886877 ], [ -74.1221013, 4.8887838 ], [ -74.1221494, 4.8888799 ], [ -74.1221974, 4.888976 ], [ -74.1222455, 4.8890721 ], [ -74.1223416, 4.8891202 ], [ -74.1223416, 4.8892163 ], [ -74.1223896, 4.8893124 ], [ -74.1224377, 4.8894085 ], [ -74.1224377, 4.8895046 ], [ -74.1224377, 4.8896007 ], [ -74.1224377, 4.8896968 ], [ -74.1224377, 4.8897929 ], [ -74.1224377, 4.889889 ], [ -74.1223896, 4.8899851 ], [ -74.1222935, 4.8899851 ], [ -74.1222455, 4.8900812 ], [ -74.1221494, 4.8901292 ], [ -74.1221494, 4.8902253 ], [ -74.1221494, 4.8903214 ], [ -74.1221494, 4.8904175 ], [ -74.1221974, 4.8905137 ], [ -74.1221974, 4.8906098 ], [ -74.1222455, 4.8907059 ], [ -74.1223416, 4.8907539 ], [ -74.1223416, 4.89085 ], [ -74.1223896, 4.8909461 ], [ -74.1224857, 4.8909942 ], [ -74.1225338, 4.8910903 ], [ -74.1226299, 4.8911383 ], [ -74.1226299, 4.8912344 ], [ -74.122726, 4.8912344 ], [ -74.122774, 4.8913305 ], [ -74.1228221, 4.8914266 ], [ -74.1229182, 4.8914747 ], [ -74.1229182, 4.8915708 ], [ -74.1229662, 4.8916669 ], [ -74.1229662, 4.891763 ], [ -74.1230143, 4.8918591 ], [ -74.1230143, 4.8919552 ], [ -74.1230623, 4.8920513 ], [ -74.1231104, 4.8921474 ], [ -74.1231104, 4.8922435 ], [ -74.1231584, 4.8923396 ], [ -74.1231584, 4.8924357 ], [ -74.1232545, 4.8925318 ], [ -74.1233026, 4.8926279 ], [ -74.1233026, 4.892724 ], [ -74.1233506, 4.8928201 ], [ -74.1233987, 4.8929162 ], [ -74.1233987, 4.8930123 ], [ -74.1234467, 4.8931084 ], [ -74.1234948, 4.8932045 ], [ -74.1235428, 4.8933006 ], [ -74.1235428, 4.8933967 ], [ -74.1235909, 4.8934928 ], [ -74.1235909, 4.8935889 ], [ -74.123639, 4.8936851 ], [ -74.123639, 4.8937812 ], [ -74.123639, 4.8938773 ], [ -74.123639, 4.8939734 ], [ -74.123687, 4.8940695 ], [ -74.1237351, 4.8941656 ], [ -74.1237831, 4.8942617 ], [ -74.1237831, 4.8942617 ] ] ] } },
{ "type": "Feature", "properties": { "id": 0, "layer": "TENJO — ZONA_DE_BOSQUE_PROTECTOR_PRODUCTOR_2000", "clas_CIAF": "5a" }, "geometry": { "type": "Polygon", "coordinates": [ [ [ -74.1268271, 4.8220525 ], [ -74.1250925, 4.8234015 ], [ -74.1245002, 4.8226427 ], [ -74.1241617, 4.8212093 ], [ -74.1245425, 4.8201554 ], [ -74.124754, 4.8199025 ], [ -74.1258963, 4.820324 ], [ -74.1271655, 4.8210829 ], [ -74.1276495, 4.8215992 ], [ -74.1268271, 4.8220525 ] ] ] } },
{ "type": "Feature", "properties": { "id": 0, "layer": "TENJO — ZONA_DE_BOSQUE_PROTECTOR_PRODUCTOR_2000", "clas_CIAF": "5a" }, "geometry": { "type": "GeometryCollection", "geometries": [ { "type": "Polygon", "coordinates": [ [ [ -74.0893539, 4.8804689 ], [ -74.0899039, 4.8808904 ], [ -74.090528, 4.8812593 ], [ -74.0901472, 4.8818073 ], [ -74.0904433, 4.8822709 ], [ -74.0903587, 4.8826925 ], [ -74.0899357, 4.8831983 ], [ -74.089428, 4.8833669 ], [ -74.088878, 4.8830297 ], [ -74.0884972, 4.8823974 ], [ -74.0884972, 4.8819337 ], [ -74.088328, 4.8812593 ], [ -74.087778, 4.8810064 ], [ -74.0880319, 4.8805427 ], [ -74.0887934, 4.8799525 ], [ -74.0893539, 4.8804689 ] ] ] }, { "type": "LineString", "coordinates": [ [ -74.090528, 4.8812593 ], [ -74.0908241, 4.88147 ] ] } ] } },
{ "type": "Feature", "properties": { "id": 0, "layer": "TENJO — ZONA_DE_BOSQUE_PROTECTOR_PRODUCTOR_2000", "clas_CIAF": "5a" }, "geometry": { "type": "Polygon", "coordinates": [ [ [ -74.0947094, 4.8604972 ], [ -74.0946423, 4.8609095 ], [ -74.0948961, 4.8614154 ], [ -74.0946423, 4.8618791 ], [ -74.0941346, 4.8618369 ], [ -74.0938141, 4.8621563 ], [ -74.0937221, 4.8619634 ], [ -74.0919664, 4.8608041 ], [ -74.0916933, 4.8605 ], [ -74.0918395, 4.8600875 ], [ -74.0928566, 4.8590365 ], [ -74.0947094, 4.8604972 ] ] ] } },
{ "type": "Feature", "properties": { "id": 0, "layer": "TENJO — ZONA_DE_BOSQUE_PROTECTOR_PRODUCTOR_2000", "clas_CIAF": "5a" }, "geometry": { "type": "GeometryCollection", "geometries": [ { "type": "MultiPolygon", "coordinates": [ [ [ [ -74.0850704, 4.8791832 ], [ -74.0843935, 4.8787617 ], [ -74.0839704, 4.8782137 ], [ -74.0846262, 4.8781926 ], [ -74.08543, 4.8782559 ], [ -74.0859165, 4.8781083 ], [ -74.0863184, 4.8777711 ], [ -74.0865723, 4.8772863 ], [ -74.0869953, 4.8769069 ], [ -74.087778, 4.8761903 ], [ -74.0878626, 4.8757056 ], [ -74.0875242, 4.8750522 ], [ -74.0874819, 4.8745253 ], [ -74.0871771, 4.8735635 ], [ -74.0874184, 4.8735557 ], [ -74.0887722, 4.8724387 ], [ -74.0889379, 4.8722306 ], [ -74.0891459, 4.8721911 ], [ -74.0895126, 4.8723543 ], [ -74.090126, 4.872797 ], [ -74.090401, 4.8733133 ], [ -74.0903587, 4.8733555 ], [ -74.0901049, 4.8739457 ], [ -74.0898087, 4.874578 ], [ -74.089978, 4.8752103 ], [ -74.0892588, 4.8758004 ], [ -74.0890472, 4.8765592 ], [ -74.0895126, 4.8768964 ], [ -74.0895972, 4.8774022 ], [ -74.088878, 4.8778449 ], [ -74.0879472, 4.8783085 ], [ -74.0874396, 4.8788565 ], [ -74.0864242, 4.8790251 ], [ -74.0861281, 4.8790251 ], [ -74.0857896, 4.8791095 ], [ -74.0850704, 4.8791832 ] ] ], [ [ [ -74.0891179, 4.8783501 ], [ -74.0889626, 4.8788144 ], [ -74.0889202, 4.8783287 ], [ -74.0891179, 4.8783501 ] ] ] ] }, { "type": "LineString", "coordinates": [ [ -74.088878, 4.8778449 ], [ -74.0889202, 4.8783287 ] ] } ] } },
{ "type": "Feature", "properties": { "id": 0, "layer": "TENJO — ZONA_DE_BOSQUE_PROTECTOR_PRODUCTOR_2000", "clas_CIAF": "5a" }, "geometry": { "type": "MultiPolygon", "coordinates": [ [ [ [ -74.1339346, 4.8959706 ], [ -74.1349922, 4.8949589 ], [ -74.1364307, 4.8950432 ], [ -74.1376999, 4.895254 ], [ -74.1385037, 4.8954648 ], [ -74.1387152, 4.895802 ], [ -74.1386306, 4.8970244 ], [ -74.1382499, 4.8982047 ], [ -74.1374883, 4.9000172 ], [ -74.1369807, 4.9012817 ], [ -74.1357961, 4.9027149 ], [ -74.134273, 4.9021248 ], [ -74.1324115, 4.9022091 ], [ -74.1322, 4.9041902 ], [ -74.1320731, 4.9058341 ], [ -74.1313539, 4.9065507 ], [ -74.1291116, 4.906635 ], [ -74.1268694, 4.9064243 ], [ -74.1236118, 4.9057498 ], [ -74.1224272, 4.9052862 ], [ -74.1203964, 4.9048647 ], [ -74.1176888, 4.9045696 ], [ -74.1160389, 4.9045696 ], [ -74.1156158, 4.9045696 ], [ -74.1154815, 4.9037669 ], [ -74.1155735, 4.9038109 ], [ -74.1160812, 4.9034315 ], [ -74.1177311, 4.9013661 ], [ -74.1174541, 4.9007279 ], [ -74.1179004, 4.9003544 ], [ -74.1185561, 4.8996589 ], [ -74.1190003, 4.8992795 ], [ -74.1199945, 4.8983522 ], [ -74.1202061, 4.8977199 ], [ -74.1202061, 4.8968979 ], [ -74.1206926, 4.8963289 ], [ -74.1214858, 4.8954858 ], [ -74.1218878, 4.8952961 ], [ -74.1223743, 4.8948957 ], [ -74.1229772, 4.894021 ], [ -74.1229397, 4.8939665 ], [ -74.1240771, 4.8935257 ], [ -74.1241617, 4.8933571 ], [ -74.1247963, 4.8925562 ], [ -74.1250502, 4.892219 ], [ -74.1269117, 4.8907858 ], [ -74.127377, 4.89028 ], [ -74.1285193, 4.8904486 ], [ -74.1289001, 4.8917553 ], [ -74.1291116, 4.8923033 ], [ -74.1293655, 4.8955912 ], [ -74.130677, 4.8962656 ], [ -74.1322846, 4.8964764 ], [ -74.1339346, 4.8959706 ] ] ] ] } },
{ "type": "Feature", "properties": { "id": 0, "layer": "TENJO — ZONA_DE_EXPLOTACION_BAJO_INVERNADERO_POT_2000", "clas_CIAF": "2c" }, "geometry": { "type": "Polygon", "coordinates": [ [ [ -74.2058717, 4.8000357 ], [ -74.2058717, 4.8000357 ], [ -74.2045391, 4.7987288 ], [ -74.2061467, 4.7972743 ], [ -74.2060491, 4.7970697 ], [ -74.2077174, 4.7985926 ], [ -74.2077174, 4.7985926 ], [ -74.2058717, 4.8000357 ] ] ] } },
{ "type": "Feature", "properties": { "id": 0, "layer": "TENJO — ZONA_DE_EXPLOTACION_BAJO_INVERNADERO_POT_2000", "clas_CIAF": "2c" }, "geometry": { "type": "Polygon", "coordinates": [ [ [ -74.1753739, 4.788948 ], [ -74.1735336, 4.7912035 ], [ -74.1730894, 4.7908662 ], [ -74.1721375, 4.7917094 ], [ -74.1713337, 4.7909084 ], [ -74.1743374, 4.7879151 ], [ -74.1753739, 4.788948 ] ] ] } },
{ "type": "Feature", "properties": { "id": 0, "layer": "TENJO — ZONA_DE_EXPLOTACION_BAJO_INVERNADERO_POT_2000", "clas_CIAF": "2c" }, "geometry": { "type": "Polygon", "coordinates": [ [ [ -74.1954061, 4.8082565 ], [ -74.1938619, 4.809205 ], [ -74.1909428, 4.8072447 ], [ -74.1927831, 4.8052211 ], [ -74.1988466, 4.8094705 ], [ -74.1987258, 4.8096742 ], [ -74.1985543, 4.8099758 ], [ -74.1983828, 4.8102171 ], [ -74.1982019, 4.8104153 ], [ -74.1954061, 4.8082565 ] ] ] } },
{ "type": "Feature", "properties": { "id": 0, "layer": "TENJO — ZONA_DE_EXPLOTACION_BAJO_INVERNADERO_POT_2000", "clas_CIAF": "2c" }, "geometry": { "type": "Polygon", "coordinates": [ [ [ -74.1913235, 4.817215 ], [ -74.190562, 4.8180581 ], [ -74.1883621, 4.8166248 ], [ -74.1893774, 4.8156762 ], [ -74.1913235, 4.817215 ] ] ] } },
{ "type": "Feature", "properties": { "id": 0, "layer": "TENJO — ZONA_DE_EXPLOTACION_BAJO_INVERNADERO_POT_2000", "clas_CIAF": "2c" }, "geometry": { "type": "Polygon", "coordinates": [ [ [ -74.1798796, 4.8096477 ], [ -74.1773835, 4.8123247 ], [ -74.1715663, 4.8050525 ], [ -74.1739778, 4.8034083 ], [ -74.1779123, 4.8070972 ], [ -74.1798796, 4.8096477 ] ] ] } },
{ "type": "Feature", "properties": { "id": 0, "layer": "TENJO — ZONA_DE_EXPLOTACION_BAJO_INVERNADERO_POT_2000", "clas_CIAF": "2c" }, "geometry": { "type": "Polygon", "coordinates": [ [ [ -74.1686049, 4.8297145 ], [ -74.1691972, 4.8323914 ], [ -74.1686472, 4.8330237 ], [ -74.167378, 4.8334031 ], [ -74.1658972, 4.8336772 ], [ -74.1648396, 4.8320963 ], [ -74.1686049, 4.8297145 ] ] ] } },
{ "type": "Feature", "properties": { "id": 0, "layer": "TENJO — ZONA_DE_EXPLOTACION_BAJO_INVERNADERO_POT_2000", "clas_CIAF": "2c" }, "geometry": { "type": "Polygon", "coordinates": [ [ [ -74.1698952, 4.8398952 ], [ -74.1729836, 4.8434362 ], [ -74.1731951, 4.8438367 ], [ -74.1700645, 4.8468508 ], [ -74.1687741, 4.8448906 ], [ -74.1695991, 4.8437103 ], [ -74.1681395, 4.8418765 ], [ -74.1698952, 4.8398952 ] ] ] } },
{ "type": "Feature", "properties": { "id": 0, "layer": "TENJO — ZONA_DE_EXPLOTACION_BAJO_INVERNADERO_POT_2000", "clas_CIAF": "2c" }, "geometry": { "type": "Polygon", "coordinates": [ [ [ -74.1526764, 4.84038 ], [ -74.1506245, 4.8427828 ], [ -74.1489534, 4.8415392 ], [ -74.1506457, 4.8389888 ], [ -74.1526764, 4.84038 ] ] ] } },
{ "type": "Feature", "properties": { "id": 0, "layer": "TENJO — ZONA_DE_EXPLOTACION_BAJO_INVERNADERO_POT_2000", "clas_CIAF": "2c" }, "geometry": { "type": "Polygon", "coordinates": [ [ [ -74.1475573, 4.8453122 ], [ -74.1471131, 4.8463028 ], [ -74.1448285, 4.8451435 ], [ -74.1431997, 4.8456494 ], [ -74.1414652, 4.8452279 ], [ -74.1375095, 4.842825 ], [ -74.1397729, 4.8397265 ], [ -74.142544, 4.8421083 ], [ -74.1475573, 4.8453122 ] ] ] } },
{ "type": "Feature", "properties": { "id": 0, "layer": "TENJO — ZONA_DE_EXPLOTACION_BAJO_INVERNADERO_POT_2000", "clas_CIAF": "2c" }, "geometry": { "type": "Polygon", "coordinates": [ [ [ -74.1624704, 4.8518462 ], [ -74.1582186, 4.8551554 ], [ -74.159107, 4.8561671 ], [ -74.1559129, 4.8588229 ], [ -74.1539456, 4.856399 ], [ -74.1511111, 4.8585278 ], [ -74.1488477, 4.8561671 ], [ -74.1599109, 4.8492958 ], [ -74.1624704, 4.8518462 ] ] ] } },
{ "type": "Feature", "properties": { "id": 0, "layer": "TENJO — ZONA_DE_EXPLOTACION_BAJO_INVERNADERO_POT_2000", "clas_CIAF": "2c" }, "geometry": { "type": "Polygon", "coordinates": [ [ [ -74.1673568, 4.86268 ], [ -74.1629146, 4.8580008 ], [ -74.1635915, 4.85642 ], [ -74.1637396, 4.8554083 ], [ -74.1640358, 4.8545652 ], [ -74.1642261, 4.8540383 ], [ -74.1647973, 4.8538907 ], [ -74.1655376, 4.8541858 ], [ -74.1668491, 4.8546706 ], [ -74.1681818, 4.8560828 ], [ -74.169276, 4.8572185 ], [ -74.1692764, 4.8572194 ], [ -74.1692795, 4.857227 ], [ -74.1692828, 4.8572345 ], [ -74.1692863, 4.857242 ], [ -74.1692899, 4.8572494 ], [ -74.1692936, 4.8572568 ], [ -74.1692974, 4.8572641 ], [ -74.1693013, 4.8572713 ], [ -74.1693054, 4.8572784 ], [ -74.1693096, 4.8572855 ], [ -74.1693139, 4.8572925 ], [ -74.1693184, 4.8572994 ], [ -74.169323, 4.8573063 ], [ -74.1693277, 4.8573131 ], [ -74.1693325, 4.8573197 ], [ -74.1693374, 4.8573263 ], [ -74.1693424, 4.8573329 ], [ -74.1693476, 4.8573393 ], [ -74.1693528, 4.8573456 ], [ -74.1693582, 4.8573519 ], [ -74.1693637, 4.857358 ], [ -74.1693693, 4.8573641 ], [ -74.1693749, 4.85737 ], [ -74.1693807, 4.8573759 ], [ -74.1693866, 4.8573816 ], [ -74.1693926, 4.8573873 ], [ -74.1693987, 4.8573928 ], [ -74.1694049, 4.8573983 ], [ -74.1694112, 4.8574036 ], [ -74.1694176, 4.8574088 ], [ -74.169424, 4.857414 ], [ -74.1694306, 4.857419 ], [ -74.1694372, 4.8574238 ], [ -74.1694439, 4.8574286 ], [ -74.1694507, 4.8574333 ], [ -74.1694576, 4.8574378 ], [ -74.1694646, 4.8574422 ], [ -74.1694716, 4.8574465 ], [ -74.1694787, 4.8574507 ], [ -74.1694859, 4.8574547 ], [ -74.1694932, 4.8574586 ], [ -74.1695005, 4.8574624 ], [ -74.1695079, 4.8574661 ], [ -74.1695153, 4.8574696 ], [ -74.16952, 4.8574718 ], [ -74.1712279, 4.8592444 ], [ -74.1712067, 4.8598135 ], [ -74.1673568, 4.86268 ] ] ] } },
{ "type": "Feature", "properties": { "id": 0, "layer": "TENJO — ZONA_DE_EXPLOTACION_BAJO_INVERNADERO_POT_2000", "clas_CIAF": "2c" }, "geometry": { "type": "Polygon", "coordinates": [ [ [ -74.1643742, 4.8642608 ], [ -74.1623646, 4.8652514 ], [ -74.1628935, 4.8666425 ], [ -74.1617724, 4.8672116 ], [ -74.158959, 4.8627221 ], [ -74.1618358, 4.8609306 ], [ -74.1632742, 4.8624481 ], [ -74.1637396, 4.8625746 ], [ -74.1643742, 4.8642608 ] ] ] } },
{ "type": "Feature", "properties": { "id": 0, "layer": "TENJO — ZONA_DE_EXPLOTACION_BAJO_INVERNADERO_POT_2000", "clas_CIAF": "2c" }, "geometry": { "type": "Polygon", "coordinates": [ [ [ -74.1401113, 4.8588229 ], [ -74.1390325, 4.8592022 ], [ -74.1379326, 4.8594973 ], [ -74.1358807, 4.8600243 ], [ -74.1353942, 4.859413 ], [ -74.1351403, 4.8586542 ], [ -74.1365364, 4.8581062 ], [ -74.1374883, 4.8571367 ], [ -74.1376153, 4.8564411 ], [ -74.1384402, 4.8568205 ], [ -74.1388633, 4.8570313 ], [ -74.1391171, 4.8571367 ], [ -74.1401113, 4.8588229 ] ] ] } },
{ "type": "Feature", "properties": { "id": 0, "layer": "TENJO — ZONA_DE_EXPLOTACION_BAJO_INVERNADERO_POT_2000", "clas_CIAF": "2c" }, "geometry": { "type": "Polygon", "coordinates": [ [ [ -74.137721, 4.8655359 ], [ -74.1370124, 4.8665266 ], [ -74.137097, 4.8671905 ], [ -74.1364201, 4.8675172 ], [ -74.1352672, 4.8680125 ], [ -74.1344528, 4.8682127 ], [ -74.1341884, 4.8682022 ], [ -74.1328346, 4.8661999 ], [ -74.1329404, 4.8661683 ], [ -74.1338288, 4.8659048 ], [ -74.1349605, 4.8654411 ], [ -74.1353518, 4.8649352 ], [ -74.1357009, 4.8641238 ], [ -74.137721, 4.8655359 ] ] ] } },
{ "type": "Feature", "properties": { "id": 0, "layer": "TENJO — ZONA_DE_EXPLOTACION_BAJO_INVERNADERO_POT_2000", "clas_CIAF": "2c" }, "geometry": { "type": "Polygon", "coordinates": [ [ [ -74.1980715, 4.79758 ], [ -74.1987941, 4.7968801 ], [ -74.1998589, 4.7977381 ], [ -74.2008584, 4.7986445 ], [ -74.2025471, 4.800108 ], [ -74.2018579, 4.8006786 ], [ -74.1980715, 4.79758 ] ] ] } },
{ "type": "Feature", "properties": { "id": 0, "layer": "TENJO — ZONA_DE_EXPLOTACION_BAJO_INVERNADERO_POT_2000", "clas_CIAF": "2c" }, "geometry": { "type": "Polygon", "coordinates": [ [ [ -74.1136129, 4.8705173 ], [ -74.1141351, 4.8702572 ], [ -74.114685, 4.8697935 ], [ -74.1150658, 4.8700043 ], [ -74.1154043, 4.8703837 ], [ -74.1159966, 4.8712267 ], [ -74.116335, 4.871859 ], [ -74.1165042, 4.87266 ], [ -74.1165465, 4.8732501 ], [ -74.1160106, 4.8736585 ], [ -74.1136129, 4.8705173 ] ] ] } },
{ "type": "Feature", "properties": { "id": 0, "layer": "TENJO — ZONA_DE_EXPLOTACION_BAJO_INVERNADERO_POT_2000", "clas_CIAF": "2c" }, "geometry": { "type": "Polygon", "coordinates": [ [ [ -74.0899039, 4.8808904 ], [ -74.0893539, 4.8804689 ], [ -74.0887934, 4.8799525 ], [ -74.0889626, 4.8788144 ], [ -74.0891179, 4.8783501 ], [ -74.0904856, 4.8784982 ], [ -74.0934048, 4.8790673 ], [ -74.0933625, 4.8794045 ], [ -74.0939125, 4.8797839 ], [ -74.0946317, 4.8801211 ], [ -74.0951817, 4.8802054 ], [ -74.0956894, 4.8802897 ], [ -74.0956894, 4.8803319 ], [ -74.0956047, 4.8810485 ], [ -74.0953932, 4.8813436 ], [ -74.095224, 4.8821445 ], [ -74.0950125, 4.8825239 ], [ -74.094124, 4.8825239 ], [ -74.0936163, 4.8820602 ], [ -74.0929394, 4.8821023 ], [ -74.0921779, 4.8819759 ], [ -74.0908241, 4.88147 ], [ -74.090528, 4.8812593 ], [ -74.0899039, 4.8808904 ] ] ] } },
{ "type": "Feature", "properties": { "id": 0, "layer": "TENJO — ZONA_DE_RESERVA_FORESTAL_POT_2000", "clas_CIAF": "5a" }, "geometry": { "type": "Polygon", "coordinates": [ [ [ -74.1731528, 4.8593182 ], [ -74.1740413, 4.859824 ], [ -74.1754374, 4.8597819 ], [ -74.1764105, 4.8596976 ], [ -74.1767066, 4.8599505 ], [ -74.1773412, 4.8610043 ], [ -74.1774681, 4.8619317 ], [ -74.1772143, 4.8624798 ], [ -74.1767489, 4.8634072 ], [ -74.1765374, 4.8640816 ], [ -74.1764528, 4.8646718 ], [ -74.1769604, 4.8656835 ], [ -74.1773835, 4.8659786 ], [ -74.1778912, 4.8666109 ], [ -74.1779758, 4.8672432 ], [ -74.1778912, 4.8677069 ], [ -74.1773412, 4.8679176 ], [ -74.1770027, 4.8679176 ], [ -74.1758182, 4.8683813 ], [ -74.1756912, 4.8685078 ], [ -74.1754797, 4.8688029 ], [ -74.1751413, 4.8694773 ], [ -74.1737451, 4.8707841 ], [ -74.1734067, 4.8709949 ], [ -74.1718413, 4.8717537 ], [ -74.1713971, 4.8720487 ], [ -74.1715663, 4.869646 ], [ -74.1729202, 4.8693298 ], [ -74.1729202, 4.8685921 ], [ -74.1706356, 4.8686343 ], [ -74.169726, 4.8695617 ], [ -74.1698952, 4.870763 ], [ -74.1701068, 4.8725124 ], [ -74.1689645, 4.8733555 ], [ -74.167653, 4.8741986 ], [ -74.1672722, 4.8750838 ], [ -74.1672299, 4.8755475 ], [ -74.1673568, 4.8761376 ], [ -74.1676953, 4.8767278 ], [ -74.1679068, 4.8768542 ], [ -74.1685837, 4.8777816 ], [ -74.168626, 4.8779081 ], [ -74.1687106, 4.878161 ], [ -74.1686683, 4.8783296 ], [ -74.1686683, 4.8789619 ], [ -74.1690068, 4.8794678 ], [ -74.1686683, 4.8805216 ], [ -74.1679914, 4.8809853 ], [ -74.166553, 4.881449 ], [ -74.1652415, 4.8820391 ], [ -74.1648184, 4.8822499 ], [ -74.1620685, 4.8845261 ], [ -74.1609685, 4.8854535 ], [ -74.1602493, 4.8860015 ], [ -74.1596993, 4.8864652 ], [ -74.1589801, 4.886971 ], [ -74.1567802, 4.8884885 ], [ -74.1565263, 4.888615 ], [ -74.1553417, 4.889163 ], [ -74.1546225, 4.8892473 ], [ -74.1533956, 4.8890365 ], [ -74.152888, 4.8892894 ], [ -74.1520841, 4.8898795 ], [ -74.1517457, 4.8903432 ], [ -74.1515764, 4.8908912 ], [ -74.151788, 4.8914813 ], [ -74.1519572, 4.8917764 ], [ -74.1519995, 4.8927038 ], [ -74.1516611, 4.8929988 ], [ -74.150138, 4.8925352 ], [ -74.1492496, 4.891945 ], [ -74.148065, 4.8918186 ], [ -74.1467535, 4.8917764 ], [ -74.1444689, 4.8932096 ], [ -74.1431151, 4.8936733 ], [ -74.1420998, 4.894432 ], [ -74.141719, 4.8950222 ], [ -74.1415498, 4.8956123 ], [ -74.1413382, 4.8964132 ], [ -74.1402383, 4.8970033 ], [ -74.1392652, 4.8974248 ], [ -74.1384677, 4.8975292 ], [ -74.1386306, 4.8970244 ], [ -74.1387152, 4.895802 ], [ -74.1385037, 4.8954648 ], [ -74.1376999, 4.895254 ], [ -74.1364307, 4.8950432 ], [ -74.1349922, 4.8949589 ], [ -74.1339346, 4.8959706 ], [ -74.1322846, 4.8964764 ], [ -74.130677, 4.8962656 ], [ -74.1293655, 4.8955912 ], [ -74.1291116, 4.8923033 ], [ -74.1295347, 4.8920504 ], [ -74.1303808, 4.8912917 ], [ -74.1307616, 4.8905329 ], [ -74.1312269, 4.8906172 ], [ -74.1316923, 4.8904065 ], [ -74.1319462, 4.8902378 ], [ -74.1338077, 4.8889311 ], [ -74.1346115, 4.888341 ], [ -74.1350345, 4.8876244 ], [ -74.1345692, 4.8868235 ], [ -74.1336807, 4.8864019 ], [ -74.1330884, 4.8854746 ], [ -74.1325808, 4.8850531 ], [ -74.1324538, 4.8846315 ], [ -74.1331307, 4.8843365 ], [ -74.1335115, 4.8840835 ], [ -74.1340615, 4.8834512 ], [ -74.1349076, 4.88421 ], [ -74.1355422, 4.8853903 ], [ -74.1357961, 4.8864441 ], [ -74.1359653, 4.887245 ], [ -74.1373614, 4.8864441 ], [ -74.1385883, 4.8855167 ], [ -74.1383345, 4.884758 ], [ -74.1377422, 4.8840414 ], [ -74.1366845, 4.8831983 ], [ -74.1363461, 4.8825239 ], [ -74.1366422, 4.882018 ], [ -74.1375306, 4.8819337 ], [ -74.1380806, 4.8816387 ], [ -74.1379537, 4.8813436 ], [ -74.1382075, 4.8811328 ], [ -74.1389268, 4.8813436 ], [ -74.1393498, 4.88147 ], [ -74.1394767, 4.8823553 ], [ -74.1398152, 4.8828189 ], [ -74.140196, 4.8821023 ], [ -74.1409152, 4.8816808 ], [ -74.1411267, 4.8813014 ], [ -74.1412113, 4.8804162 ], [ -74.1413382, 4.8799947 ], [ -74.1426497, 4.8796574 ], [ -74.1434536, 4.8792781 ], [ -74.1442574, 4.8782664 ], [ -74.1416767, 4.8781399 ], [ -74.1415921, 4.8779292 ], [ -74.1429459, 4.8761587 ], [ -74.1431166, 4.8757234 ], [ -74.1439189, 4.8765592 ], [ -74.1445959, 4.8770229 ], [ -74.1462881, 4.8771915 ], [ -74.1468381, 4.8768121 ], [ -74.1469121, 4.8766369 ], [ -74.1475996, 4.8771177 ], [ -74.1484458, 4.8767805 ], [ -74.1496515, 4.8756845 ], [ -74.1518514, 4.8737665 ], [ -74.1536911, 4.8709893 ], [ -74.1539668, 4.8710054 ], [ -74.1544956, 4.871153 ], [ -74.1555956, 4.871153 ], [ -74.1571821, 4.871701 ], [ -74.157859, 4.8716167 ], [ -74.1592551, 4.8706471 ], [ -74.1620473, 4.8682654 ], [ -74.1635704, 4.8671062 ], [ -74.1640781, 4.8657573 ], [ -74.1664472, 4.8640289 ], [ -74.1669746, 4.8622774 ], [ -74.1673568, 4.86268 ], [ -74.1700927, 4.860643 ], [ -74.1710164, 4.8613521 ], [ -74.1713548, 4.8616261 ], [ -74.171799, 4.8611835 ], [ -74.1722009, 4.8601718 ], [ -74.1720106, 4.859413 ], [ -74.1720529, 4.8592022 ], [ -74.1730048, 4.8581695 ], [ -74.1737794, 4.8573809 ], [ -74.1738926, 4.85744 ], [ -74.1738986, 4.8574431 ], [ -74.1737028, 4.8580957 ], [ -74.1731951, 4.8588966 ], [ -74.1731528, 4.8593182 ] ], [ [ -74.1681818, 4.8722173 ], [ -74.1684356, 4.8716061 ], [ -74.168626, 4.8709527 ], [ -74.1675049, 4.8706366 ], [ -74.1674203, 4.8711424 ], [ -74.1674837, 4.8721752 ], [ -74.1679491, 4.8728075 ], [ -74.1681818, 4.8722173 ] ], [ [ -74.1504553, 4.8772969 ], [ -74.1512168, 4.8776973 ], [ -74.1529514, 4.8775287 ], [ -74.1533745, 4.8759269 ], [ -74.1508995, 4.8755896 ], [ -74.1507303, 4.8758426 ], [ -74.1502438, 4.8768964 ], [ -74.1504553, 4.8772969 ] ] ] } },
{ "type": "Feature", "properties": { "id": 0, "layer": "TENJO — ZONA_DE_RESERVA_FORETAL_POT_2000", "clas_CIAF": "5a" }, "geometry": { "type": "MultiPolygon", "coordinates": [ [ [ [ -74.109915, 4.8446377 ], [ -74.1105919, 4.8445955 ], [ -74.1112688, 4.8449328 ], [ -74.111438, 4.8450171 ], [ -74.1116919, 4.8453965 ], [ -74.1105496, 4.8462396 ], [ -74.1099573, 4.8470405 ], [ -74.1091111, 4.8471248 ], [ -74.1087304, 4.8464504 ], [ -74.1083496, 4.8462817 ], [ -74.108889, 4.8456283 ], [ -74.109365, 4.8448063 ], [ -74.109915, 4.8446377 ] ] ], [ [ [ -74.0816647, 4.8891946 ], [ -74.0818339, 4.8846842 ], [ -74.0819609, 4.8836725 ], [ -74.0825531, 4.8817335 ], [ -74.0829339, 4.8808904 ], [ -74.0831031, 4.8804689 ], [ -74.0824262, 4.8792886 ], [ -74.0820455, 4.8785298 ], [ -74.0821301, 4.8770123 ], [ -74.0825955, 4.8740194 ], [ -74.0831877, 4.8715323 ], [ -74.0831454, 4.8700991 ], [ -74.0824685, 4.8685816 ], [ -74.0827647, 4.867064 ], [ -74.0837377, 4.8662209 ], [ -74.0850069, 4.8655465 ], [ -74.0856838, 4.8650406 ], [ -74.0864454, 4.8636074 ], [ -74.0868261, 4.862132 ], [ -74.0878415, 4.8603193 ], [ -74.0881376, 4.8593919 ], [ -74.088603, 4.8590547 ], [ -74.0899568, 4.8580008 ], [ -74.0908029, 4.8570313 ], [ -74.0913106, 4.8559353 ], [ -74.0920721, 4.8547971 ], [ -74.0926644, 4.8541226 ], [ -74.0930029, 4.8535746 ], [ -74.0933837, 4.8528158 ], [ -74.0935106, 4.8520148 ], [ -74.0935106, 4.8514247 ], [ -74.0935106, 4.8510453 ], [ -74.0937644, 4.8505394 ], [ -74.0943144, 4.8498228 ], [ -74.0949067, 4.8489797 ], [ -74.0952451, 4.8483052 ], [ -74.0957105, 4.8477993 ], [ -74.0961336, 4.8472935 ], [ -74.0969797, 4.8467454 ], [ -74.097572, 4.8462817 ], [ -74.0980374, 4.8458602 ], [ -74.0985451, 4.8448906 ], [ -74.098672, 4.8446798 ], [ -74.0994335, 4.8430779 ], [ -74.1000681, 4.8422348 ], [ -74.1009565, 4.8414338 ], [ -74.1016334, 4.8408015 ], [ -74.1027757, 4.8400427 ], [ -74.1031142, 4.8398319 ], [ -74.1038757, 4.8392839 ], [ -74.1047218, 4.8386516 ], [ -74.1050603, 4.8382722 ], [ -74.1055257, 4.8378506 ], [ -74.1064141, 4.8371761 ], [ -74.1071756, 4.8365438 ], [ -74.1078525, 4.8360801 ], [ -74.1082333, 4.8358271 ], [ -74.108614, 4.8356163 ], [ -74.1089102, 4.8348575 ], [ -74.1093756, 4.8344781 ], [ -74.1103063, 4.8334242 ], [ -74.1113217, 4.8324125 ], [ -74.1121678, 4.8316537 ], [ -74.1137331, 4.8300939 ], [ -74.1139024, 4.8299252 ], [ -74.1147062, 4.8290821 ], [ -74.1148331, 4.8289556 ], [ -74.1157216, 4.8276909 ], [ -74.1165677, 4.8268057 ], [ -74.1170331, 4.8254988 ], [ -74.11716, 4.8249086 ], [ -74.1180061, 4.8241076 ], [ -74.1183446, 4.8236861 ], [ -74.1188946, 4.8231802 ], [ -74.1195292, 4.8218312 ], [ -74.1205445, 4.8200184 ], [ -74.1209676, 4.8186272 ], [ -74.121306, 4.8177419 ], [ -74.1234214, 4.815887 ], [ -74.1248598, 4.8150017 ], [ -74.1257977, 4.8155131 ], [ -74.1256848, 4.8159819 ], [ -74.1256425, 4.8166985 ], [ -74.1244579, 4.817078 ], [ -74.1240771, 4.8173731 ], [ -74.1237387, 4.8180897 ], [ -74.1237387, 4.8191858 ], [ -74.1245845, 4.8201052 ], [ -74.1245425, 4.8201554 ], [ -74.1241617, 4.8212093 ], [ -74.1245002, 4.8226427 ], [ -74.1250925, 4.8234015 ], [ -74.1252745, 4.8232599 ], [ -74.1254956, 4.8234362 ], [ -74.1242569, 4.8251194 ], [ -74.1240031, 4.8262155 ], [ -74.1239185, 4.8272694 ], [ -74.1232416, 4.8286184 ], [ -74.1221416, 4.8294615 ], [ -74.1210839, 4.8302625 ], [ -74.1204493, 4.8311899 ], [ -74.1196878, 4.8321174 ], [ -74.1191378, 4.8329605 ], [ -74.1185878, 4.8337615 ], [ -74.1171071, 4.8360379 ], [ -74.1163033, 4.8377241 ], [ -74.115711, 4.8389467 ], [ -74.1141456, 4.8409701 ], [ -74.1138072, 4.8410966 ], [ -74.1129187, 4.8414338 ], [ -74.1116495, 4.8426142 ], [ -74.1109726, 4.8432044 ], [ -74.1094073, 4.8443426 ], [ -74.109365, 4.8448063 ], [ -74.1085506, 4.8436892 ], [ -74.107366, 4.8439843 ], [ -74.1069852, 4.844195 ], [ -74.105843, 4.8435206 ], [ -74.1057583, 4.8428039 ], [ -74.1044891, 4.8442794 ], [ -74.1041507, 4.8451225 ], [ -74.1035584, 4.8454175 ], [ -74.1019931, 4.8446588 ], [ -74.1013585, 4.8448695 ], [ -74.1005123, 4.8453754 ], [ -74.0995393, 4.8472302 ], [ -74.0986931, 4.8490429 ], [ -74.0986508, 4.8500968 ], [ -74.0992431, 4.8508977 ], [ -74.1000046, 4.8519095 ], [ -74.1006815, 4.8527947 ], [ -74.0989893, 4.8533849 ], [ -74.0977624, 4.85368 ], [ -74.0982278, 4.8543123 ], [ -74.0993806, 4.8545863 ], [ -74.0996768, 4.8550078 ], [ -74.0997799, 4.8551363 ], [ -74.0998345, 4.855391 ], [ -74.0998037, 4.8558509 ], [ -74.0996345, 4.8562303 ], [ -74.0994229, 4.8570313 ], [ -74.0978576, 4.8588018 ], [ -74.0973922, 4.8593498 ], [ -74.096673, 4.8584224 ], [ -74.0964932, 4.8577268 ], [ -74.0945048, 4.857769 ], [ -74.0940394, 4.8581062 ], [ -74.0932779, 4.8581062 ], [ -74.0931087, 4.8581062 ], [ -74.0929817, 4.8589072 ], [ -74.0918395, 4.8600875 ], [ -74.0915856, 4.8608041 ], [ -74.0910779, 4.8619001 ], [ -74.0912049, 4.8627011 ], [ -74.0917548, 4.8634177 ], [ -74.092051, 4.8637549 ], [ -74.0917125, 4.8641765 ], [ -74.0903164, 4.8643451 ], [ -74.0898087, 4.8643451 ], [ -74.0898087, 4.8658626 ], [ -74.0906231, 4.866516 ], [ -74.0906231, 4.866769 ], [ -74.0908347, 4.8668954 ], [ -74.0910885, 4.8668954 ], [ -74.0924, 4.8669376 ], [ -74.0926116, 4.867612 ], [ -74.0914693, 4.8679071 ], [ -74.0910885, 4.8682022 ], [ -74.091427, 4.8685394 ], [ -74.0905703, 4.8683076 ], [ -74.0893857, 4.868139 ], [ -74.0886242, 4.868434 ], [ -74.0880742, 4.8694879 ], [ -74.0876934, 4.8700359 ], [ -74.0871011, 4.8705839 ], [ -74.086678, 4.8704574 ], [ -74.0864665, 4.8696143 ], [ -74.0863819, 4.8685183 ], [ -74.0862127, 4.8680968 ], [ -74.0858319, 4.8679703 ], [ -74.0849858, 4.8682233 ], [ -74.084605, 4.8683919 ], [ -74.0839704, 4.8686027 ], [ -74.0837166, 4.8690663 ], [ -74.0838435, 4.8696987 ], [ -74.084605, 4.8696987 ], [ -74.0849012, 4.8696143 ], [ -74.0855358, 4.8696987 ], [ -74.0853665, 4.8699937 ], [ -74.0851127, 4.8704153 ], [ -74.0847319, 4.870626 ], [ -74.0851973, 4.8712583 ], [ -74.0860434, 4.8719328 ], [ -74.0857896, 4.8731553 ], [ -74.0854512, 4.8751786 ], [ -74.0850281, 4.8759796 ], [ -74.0843089, 4.8773285 ], [ -74.0839704, 4.8782137 ], [ -74.0843935, 4.8787617 ], [ -74.0850704, 4.8791832 ], [ -74.0857896, 4.8791095 ], [ -74.0858319, 4.8796574 ], [ -74.0865934, 4.8802476 ], [ -74.0872703, 4.8812171 ], [ -74.087355, 4.8817651 ], [ -74.087228, 4.8823131 ], [ -74.0870588, 4.8825239 ], [ -74.0866357, 4.8823974 ], [ -74.086255, 4.8816808 ], [ -74.0860434, 4.8815965 ], [ -74.0854088, 4.8823131 ], [ -74.0849435, 4.8827346 ], [ -74.084605, 4.8830297 ], [ -74.0850069, 4.8835461 ], [ -74.0852608, 4.8837358 ], [ -74.0858636, 4.8841573 ], [ -74.0860434, 4.8843681 ], [ -74.0861281, 4.8847158 ], [ -74.0861175, 4.885032 ], [ -74.085779, 4.8852849 ], [ -74.0850069, 4.8853903 ], [ -74.0848483, 4.8853376 ], [ -74.0852185, 4.8864336 ], [ -74.0849964, 4.8871185 ], [ -74.0848271, 4.8874031 ], [ -74.0847742, 4.8876876 ], [ -74.0842877, 4.888067 ], [ -74.0842031, 4.8890997 ], [ -74.0841185, 4.8898163 ], [ -74.084182, 4.8948535 ], [ -74.0821301, 4.8953488 ], [ -74.0817916, 4.8919766 ], [ -74.0816647, 4.8891946 ] ] ] ] } },
{ "type": "Feature", "properties": { "id": 0, "layer": "TENJO — ZONA_URBANA_TENJO_POT_2000", "clas_CIAF": "1a" }, "geometry": { "type": "Polygon", "coordinates": [ [ [ -74.1476419, 4.8736927 ], [ -74.1471766, 4.8760112 ], [ -74.1468381, 4.8768121 ], [ -74.1462881, 4.8771915 ], [ -74.1445959, 4.8770229 ], [ -74.1439189, 4.8765592 ], [ -74.1429882, 4.8755896 ], [ -74.1429036, 4.8754632 ], [ -74.1420534, 4.874616 ], [ -74.1423536, 4.8744936 ], [ -74.1421844, 4.8744515 ], [ -74.1423536, 4.8736927 ], [ -74.1424382, 4.8728918 ], [ -74.1429036, 4.872133 ], [ -74.1429036, 4.8712057 ], [ -74.142819, 4.8703626 ], [ -74.1424805, 4.8696038 ], [ -74.1420998, 4.8690137 ], [ -74.1415921, 4.8684657 ], [ -74.141169, 4.8683392 ], [ -74.1407883, 4.8677912 ], [ -74.1409152, 4.867201 ], [ -74.1413805, 4.866906 ], [ -74.1421844, 4.8664001 ], [ -74.1425228, 4.8663158 ], [ -74.1431151, 4.8663579 ], [ -74.143242, 4.8667373 ], [ -74.1429882, 4.867201 ], [ -74.142819, 4.8675383 ], [ -74.1433267, 4.8684235 ], [ -74.1435382, 4.868845 ], [ -74.1435382, 4.8693509 ], [ -74.1440459, 4.869393 ], [ -74.1446382, 4.8692666 ], [ -74.1451881, 4.869393 ], [ -74.1456535, 4.8701518 ], [ -74.1459074, 4.870742 ], [ -74.1461612, 4.871585 ], [ -74.146542, 4.8722173 ], [ -74.1467958, 4.8728075 ], [ -74.1477265, 4.8729761 ], [ -74.1478054, 4.8729761 ], [ -74.1476419, 4.8736927 ] ] ] } },
{ "type": "Feature", "properties": { "id": 0, "layer": "TENJO — ZONAS_AGROPECUARIA_EXTENSIVA_POT_2000", "clas_CIAF": "2b" }, "geometry": { "type": "Polygon", "coordinates": [ [ [ -74.1271655, 4.8210829 ], [ -74.130127, 4.8172044 ], [ -74.1325808, 4.818427 ], [ -74.1322635, 4.8189329 ], [ -74.1316289, 4.8201554 ], [ -74.1304443, 4.8218839 ], [ -74.1296828, 4.8230221 ], [ -74.1293351, 4.8233974 ], [ -74.1271655, 4.8210829 ] ] ] } },
{ "type": "Feature", "properties": { "id": 0, "layer": "TENJO — ZONAS_AGROPECUARIA_EXTENSIVA_POT_2000", "clas_CIAF": "2b" }, "geometry": { "type": "Polygon", "coordinates": [ [ [ -74.0889202, 4.8783287 ], [ -74.088878, 4.8778449 ], [ -74.0895972, 4.8774022 ], [ -74.0895126, 4.8768964 ], [ -74.0890472, 4.8765592 ], [ -74.0892588, 4.8758004 ], [ -74.089978, 4.8752103 ], [ -74.0898087, 4.874578 ], [ -74.0901049, 4.8739457 ], [ -74.0903587, 4.8733555 ], [ -74.090401, 4.8733133 ], [ -74.090126, 4.872797 ], [ -74.0895126, 4.8723543 ], [ -74.0890155, 4.872133 ], [ -74.0890578, 4.8714059 ], [ -74.0897347, 4.8708157 ], [ -74.0905808, 4.8701413 ], [ -74.0914693, 4.8693825 ], [ -74.0919346, 4.8690453 ], [ -74.091427, 4.8685394 ], [ -74.0910885, 4.8682022 ], [ -74.0914693, 4.8679071 ], [ -74.0926116, 4.867612 ], [ -74.0924, 4.8669376 ], [ -74.0910885, 4.8668954 ], [ -74.0908347, 4.8668954 ], [ -74.0906231, 4.866769 ], [ -74.0906231, 4.866516 ], [ -74.0907501, 4.8662209 ], [ -74.091427, 4.8661366 ], [ -74.0919346, 4.86542 ], [ -74.0923154, 4.8647034 ], [ -74.0923577, 4.8642397 ], [ -74.0926962, 4.8637338 ], [ -74.0927808, 4.8632701 ], [ -74.0932038, 4.8628486 ], [ -74.0933308, 4.8628486 ], [ -74.0935, 4.8624692 ], [ -74.0941346, 4.8618369 ], [ -74.0946423, 4.8618791 ], [ -74.0948961, 4.8614154 ], [ -74.0946423, 4.8609095 ], [ -74.0948961, 4.8593498 ], [ -74.0952346, 4.8592233 ], [ -74.0961653, 4.8584645 ], [ -74.0965461, 4.8582538 ], [ -74.096673, 4.8584224 ], [ -74.0973922, 4.8593498 ], [ -74.0978576, 4.8588018 ], [ -74.0994229, 4.8570313 ], [ -74.0996345, 4.8562303 ], [ -74.0998037, 4.8558509 ], [ -74.0998345, 4.855391 ], [ -74.0998345, 4.855391 ], [ -74.099846, 4.8552186 ], [ -74.0996768, 4.8550078 ], [ -74.0993806, 4.8545863 ], [ -74.0997614, 4.85505 ], [ -74.1007344, 4.8547128 ], [ -74.1015806, 4.8535746 ], [ -74.1023421, 4.8528579 ], [ -74.1029344, 4.8518462 ], [ -74.103019, 4.8517619 ], [ -74.1036959, 4.8510874 ], [ -74.1039497, 4.8506659 ], [ -74.1043305, 4.8502443 ], [ -74.1049228, 4.8499071 ], [ -74.1054305, 4.8494855 ], [ -74.1059381, 4.8488532 ], [ -74.1062343, 4.848516 ], [ -74.1071227, 4.8478836 ], [ -74.1075881, 4.8470405 ], [ -74.1080535, 4.8464504 ], [ -74.1083496, 4.8462817 ], [ -74.1087304, 4.8464504 ], [ -74.1091111, 4.8471248 ], [ -74.1099573, 4.8470405 ], [ -74.1105496, 4.8462396 ], [ -74.1116919, 4.8453965 ], [ -74.111438, 4.8450171 ], [ -74.1112688, 4.8449328 ], [ -74.1105919, 4.8445955 ], [ -74.109915, 4.8446377 ], [ -74.109365, 4.8448063 ], [ -74.1094073, 4.8443426 ], [ -74.1109726, 4.8432044 ], [ -74.1116495, 4.8426142 ], [ -74.1129187, 4.8414338 ], [ -74.1138072, 4.8410966 ], [ -74.1141456, 4.8409701 ], [ -74.115711, 4.8389467 ], [ -74.1163033, 4.8377241 ], [ -74.1171071, 4.8360379 ], [ -74.1185878, 4.8337615 ], [ -74.1191378, 4.8329605 ], [ -74.1196878, 4.8321174 ], [ -74.1204493, 4.8311899 ], [ -74.1210839, 4.8302625 ], [ -74.1221416, 4.8294615 ], [ -74.1232416, 4.8286184 ], [ -74.1239185, 4.8272694 ], [ -74.1240031, 4.8262155 ], [ -74.1242569, 4.8251194 ], [ -74.1254956, 4.8234362 ], [ -74.1277555, 4.8252377 ], [ -74.1275674, 4.825425 ], [ -74.1271444, 4.8258044 ], [ -74.1267636, 4.8266897 ], [ -74.1267636, 4.8277015 ], [ -74.1260867, 4.8292191 ], [ -74.1256213, 4.8298515 ], [ -74.1251983, 4.8306946 ], [ -74.1242675, 4.8319593 ], [ -74.1223637, 4.8341514 ], [ -74.1217714, 4.8349524 ], [ -74.1210522, 4.8357533 ], [ -74.1208407, 4.8363014 ], [ -74.1199945, 4.8374817 ], [ -74.1191484, 4.8382827 ], [ -74.118683, 4.8387043 ], [ -74.1175831, 4.8396317 ], [ -74.1167369, 4.8403483 ], [ -74.1155523, 4.8417395 ], [ -74.1181965, 4.8430252 ], [ -74.1201849, 4.8439948 ], [ -74.1212426, 4.8445007 ], [ -74.1223849, 4.8452595 ], [ -74.1231887, 4.8457232 ], [ -74.1245002, 4.8463134 ], [ -74.1254732, 4.8471143 ], [ -74.1266155, 4.8479574 ], [ -74.1278847, 4.8485476 ], [ -74.1287732, 4.8491378 ], [ -74.1298731, 4.8496858 ], [ -74.1311, 4.8502759 ], [ -74.1318615, 4.850571 ], [ -74.1322, 4.8506975 ], [ -74.1322423, 4.8517514 ], [ -74.1320731, 4.8526788 ], [ -74.1315654, 4.8529739 ], [ -74.1305077, 4.8536484 ], [ -74.1303385, 4.8536484 ], [ -74.1291962, 4.8558404 ], [ -74.1289001, 4.856262 ], [ -74.1287309, 4.8575266 ], [ -74.1286462, 4.8582432 ], [ -74.1286039, 4.8592128 ], [ -74.1285193, 4.8599294 ], [ -74.1270809, 4.8588755 ], [ -74.1258963, 4.8582011 ], [ -74.1250502, 4.8574844 ], [ -74.1234848, 4.8567257 ], [ -74.1225118, 4.8563463 ], [ -74.1215387, 4.8561355 ], [ -74.1212426, 4.8563884 ], [ -74.1211157, 4.8566835 ], [ -74.1210734, 4.8570207 ], [ -74.1206926, 4.8573158 ], [ -74.121031, 4.8577374 ], [ -74.1213695, 4.858454 ], [ -74.1212849, 4.8600137 ], [ -74.1212426, 4.8605617 ], [ -74.1204388, 4.860899 ], [ -74.1191696, 4.8598029 ], [ -74.1187042, 4.8592128 ], [ -74.1182388, 4.8586648 ], [ -74.1176042, 4.8583697 ], [ -74.1170542, 4.8584962 ], [ -74.1163773, 4.8583275 ], [ -74.1159119, 4.8576531 ], [ -74.1153196, 4.8569364 ], [ -74.1147697, 4.8561355 ], [ -74.114262, 4.8561776 ], [ -74.1136697, 4.8569786 ], [ -74.1134582, 4.8575266 ], [ -74.113162, 4.8583697 ], [ -74.113162, 4.8587912 ], [ -74.1129082, 4.85955 ], [ -74.1123582, 4.8601402 ], [ -74.1111736, 4.8612362 ], [ -74.1101159, 4.8621636 ], [ -74.1093121, 4.8627116 ], [ -74.108466, 4.8633861 ], [ -74.107916, 4.8642713 ], [ -74.1078737, 4.8644399 ], [ -74.1077891, 4.8653673 ], [ -74.1079583, 4.8661683 ], [ -74.1086775, 4.8666319 ], [ -74.1095659, 4.8672643 ], [ -74.1104967, 4.8677701 ], [ -74.111089, 4.8681495 ], [ -74.1114274, 4.868571 ], [ -74.1113851, 4.8689083 ], [ -74.1121043, 4.8701729 ], [ -74.1126966, 4.8707209 ], [ -74.1135428, 4.8705523 ], [ -74.1136129, 4.8705173 ], [ -74.1160106, 4.8736585 ], [ -74.1151081, 4.8743461 ], [ -74.1141774, 4.8754 ], [ -74.1135005, 4.8764538 ], [ -74.1129928, 4.8770018 ], [ -74.1128236, 4.8772126 ], [ -74.1125697, 4.877887 ], [ -74.1120197, 4.8787722 ], [ -74.1113428, 4.8792359 ], [ -74.1102852, 4.8798261 ], [ -74.1097352, 4.8802897 ], [ -74.1087621, 4.8808377 ], [ -74.1085929, 4.8809642 ], [ -74.1084237, 4.8813014 ], [ -74.1080852, 4.8822288 ], [ -74.1080852, 4.8829876 ], [ -74.1071968, 4.8828189 ], [ -74.1060122, 4.8821023 ], [ -74.1044468, 4.8812593 ], [ -74.103643, 4.8807956 ], [ -74.1031776, 4.8804584 ], [ -74.1025007, 4.8801211 ], [ -74.1019507, 4.8798682 ], [ -74.1012315, 4.8793624 ], [ -74.1007662, 4.8791516 ], [ -74.1004277, 4.878983 ], [ -74.1001316, 4.8791095 ], [ -74.0997931, 4.879531 ], [ -74.0994547, 4.8800368 ], [ -74.0994123, 4.8802054 ], [ -74.0987354, 4.8801633 ], [ -74.0981855, 4.8797418 ], [ -74.0970855, 4.8794045 ], [ -74.0959432, 4.8792359 ], [ -74.0949278, 4.8791938 ], [ -74.0943779, 4.8791938 ], [ -74.0938702, 4.8791095 ], [ -74.0934048, 4.8790673 ], [ -74.0904856, 4.8784982 ], [ -74.0889202, 4.8783287 ] ] ] } },
{ "type": "Feature", "properties": { "id": 0, "layer": "TENJO — ZONAS_AGROPECUARIA_EXTENSIVA_POT_2000", "clas_CIAF": "2b" }, "geometry": { "type": "MultiPolygon", "coordinates": [ [ [ [ -74.0947094, 4.8604972 ], [ -74.0928566, 4.8590365 ], [ -74.0929817, 4.8589072 ], [ -74.0931087, 4.8581062 ], [ -74.0932779, 4.8581062 ], [ -74.0940394, 4.8581062 ], [ -74.0945048, 4.857769 ], [ -74.0964932, 4.8577268 ], [ -74.0966114, 4.8581842 ], [ -74.0965461, 4.8582538 ], [ -74.0961653, 4.8584645 ], [ -74.0952346, 4.8592233 ], [ -74.0948961, 4.8593498 ], [ -74.0947094, 4.8604972 ] ] ], [ [ [ -74.0935, 4.8624692 ], [ -74.0933308, 4.8628486 ], [ -74.0932038, 4.8628486 ], [ -74.0927808, 4.8632701 ], [ -74.0926962, 4.8637338 ], [ -74.0923577, 4.8642397 ], [ -74.0923154, 4.8647034 ], [ -74.0919346, 4.86542 ], [ -74.091427, 4.8661366 ], [ -74.0907501, 4.8662209 ], [ -74.0906231, 4.866516 ], [ -74.0898087, 4.8658626 ], [ -74.0898087, 4.8643451 ], [ -74.0903164, 4.8643451 ], [ -74.0917125, 4.8641765 ], [ -74.092051, 4.8637549 ], [ -74.0917548, 4.8634177 ], [ -74.0912049, 4.8627011 ], [ -74.0910779, 4.8619001 ], [ -74.0915856, 4.8608041 ], [ -74.0916933, 4.8605 ], [ -74.0919664, 4.8608041 ], [ -74.0937221, 4.8619634 ], [ -74.0938141, 4.8621563 ], [ -74.0935, 4.8624692 ] ] ] ] } },
{ "type": "Feature", "properties": { "id": 0, "layer": "TENJO — ZONAS_AGROPECUARIA_EXTENSIVA_POT_2000", "clas_CIAF": "2b" }, "geometry": { "type": "Polygon", "coordinates": [ [ [ -74.0887722, 4.8724387 ], [ -74.0874184, 4.8735557 ], [ -74.0867627, 4.8735768 ], [ -74.086255, 4.872544 ], [ -74.0870377, 4.8717642 ], [ -74.0893645, 4.870078 ], [ -74.091427, 4.8685394 ], [ -74.0919346, 4.8690453 ], [ -74.0914693, 4.8693825 ], [ -74.0905808, 4.8701413 ], [ -74.0897347, 4.8708157 ], [ -74.0890578, 4.8714059 ], [ -74.0890155, 4.872133 ], [ -74.0887722, 4.8724387 ] ] ] } },
{ "type": "Feature", "properties": { "id": 0, "layer": "TENJO — ZONAS_AGROPECUARIA_EXTENSIVA_POT_2000", "clas_CIAF": "2b" }, "geometry": { "type": "MultiPolygon", "coordinates": [ [ [ [ -74.0860434, 4.8719328 ], [ -74.0851973, 4.8712583 ], [ -74.0847319, 4.870626 ], [ -74.0851127, 4.8704153 ], [ -74.0853665, 4.8699937 ], [ -74.0855358, 4.8696987 ], [ -74.0849012, 4.8696143 ], [ -74.084605, 4.8696987 ], [ -74.0838435, 4.8696987 ], [ -74.0837166, 4.8690663 ], [ -74.0839704, 4.8686027 ], [ -74.084605, 4.8683919 ], [ -74.0849858, 4.8682233 ], [ -74.0858319, 4.8679703 ], [ -74.0862127, 4.8680968 ], [ -74.0863819, 4.8685183 ], [ -74.0864665, 4.8696143 ], [ -74.086678, 4.8704574 ], [ -74.0871011, 4.8705839 ], [ -74.0876934, 4.8700359 ], [ -74.0880742, 4.8694879 ], [ -74.0886242, 4.868434 ], [ -74.0893857, 4.868139 ], [ -74.0905703, 4.8683076 ], [ -74.091427, 4.8685394 ], [ -74.0893645, 4.870078 ], [ -74.0870377, 4.8717642 ], [ -74.0862843, 4.8725149 ], [ -74.0859231, 4.8725122 ], [ -74.0860434, 4.8719328 ] ] ], [ [ [ -74.0890155, 4.872133 ], [ -74.0891459, 4.8721911 ], [ -74.0889379, 4.8722306 ], [ -74.0890155, 4.872133 ] ] ] ] } },
{ "type": "Feature", "properties": { "id": 0, "layer": "TENJO — ZONAS_AGROPECUARIA_EXTENSIVA_POT_2000", "clas_CIAF": "2b" }, "geometry": { "type": "MultiPolygon", "coordinates": [ [ [ [ -74.0867627, 4.8735768 ], [ -74.0871771, 4.8735635 ], [ -74.0874819, 4.8745253 ], [ -74.0875242, 4.8750522 ], [ -74.0878626, 4.8757056 ], [ -74.087778, 4.8761903 ], [ -74.0869953, 4.8769069 ], [ -74.0865723, 4.8772863 ], [ -74.0863184, 4.8777711 ], [ -74.0859165, 4.8781083 ], [ -74.08543, 4.8782559 ], [ -74.0846262, 4.8781926 ], [ -74.0839704, 4.8782137 ], [ -74.0843089, 4.8773285 ], [ -74.0850281, 4.8759796 ], [ -74.0854512, 4.8751786 ], [ -74.0857896, 4.8731553 ], [ -74.0859231, 4.8725122 ], [ -74.0862843, 4.8725149 ], [ -74.086255, 4.872544 ], [ -74.0867627, 4.8735768 ] ] ] ] } },
{ "type": "Feature", "properties": { "id": 0, "layer": "TENJO — ZONAS_AGROPECUARIA_EXTENSIVA_POT_2000", "clas_CIAF": "2b" }, "geometry": { "type": "Polygon", "coordinates": [ [ [ -74.1276495, 4.8215992 ], [ -74.1293351, 4.8233974 ], [ -74.1291751, 4.8235701 ], [ -74.1282443, 4.8247505 ], [ -74.1277555, 4.8252377 ], [ -74.1254956, 4.8234362 ], [ -74.1252745, 4.8232599 ], [ -74.1268271, 4.8220525 ], [ -74.1276495, 4.8215992 ] ] ] } },
{ "type": "Feature", "properties": { "id": 0, "layer": "TENJO — ZONAS_AGROPECUARIA_EXTENSIVA_POT_2000", "clas_CIAF": "2b" }, "geometry": { "type": "MultiPolygon", "coordinates": [ [ [ [ -74.2025983, 4.8018801 ], [ -74.2018156, 4.8025336 ], [ -74.2010118, 4.8049366 ], [ -74.2009667, 4.8060288 ], [ -74.2008192, 4.8060752 ], [ -74.2005872, 4.8062662 ], [ -74.2001332, 4.8066281 ], [ -74.1998305, 4.8068593 ], [ -74.1993059, 4.8073921 ], [ -74.1988368, 4.8079451 ], [ -74.1986854, 4.8082768 ], [ -74.1988368, 4.8088197 ], [ -74.1988469, 4.8090509 ], [ -74.1988771, 4.8092218 ], [ -74.198857, 4.809453 ], [ -74.1988466, 4.8094705 ], [ -74.1982105, 4.8090247 ], [ -74.1983465, 4.8084989 ], [ -74.1983888, 4.8077822 ], [ -74.1987484, 4.8069601 ], [ -74.1994041, 4.8049787 ], [ -74.2001022, 4.8030395 ], [ -74.2007791, 4.8015218 ], [ -74.2010118, 4.8009948 ], [ -74.2012233, 4.8005521 ], [ -74.2014104, 4.8003124 ], [ -74.2018579, 4.8006786 ], [ -74.2025471, 4.800108 ], [ -74.2041335, 4.801483 ], [ -74.2040677, 4.8015864 ], [ -74.2040526, 4.8019483 ], [ -74.2040471, 4.8021323 ], [ -74.2037617, 4.8018801 ], [ -74.2025983, 4.8018801 ] ] ], [ [ [ -74.1827776, 4.8384302 ], [ -74.1835391, 4.8377768 ], [ -74.1847694, 4.8369641 ], [ -74.1846597, 4.8377822 ], [ -74.1844882, 4.8382546 ], [ -74.1840039, 4.8391694 ], [ -74.1837797, 4.8398008 ], [ -74.1827776, 4.8384302 ] ] ], [ [ [ -74.1928466, 4.8180265 ], [ -74.192762, 4.8173941 ], [ -74.1931004, 4.8166985 ], [ -74.1937139, 4.8161716 ], [ -74.1945177, 4.8155181 ], [ -74.1959773, 4.8146328 ], [ -74.1963391, 4.8142096 ], [ -74.19636, 4.8143137 ], [ -74.1962894, 4.8145148 ], [ -74.1962188, 4.8147058 ], [ -74.1960977, 4.814947 ], [ -74.1960271, 4.8150375 ], [ -74.1959262, 4.8152486 ], [ -74.195785, 4.8155 ], [ -74.1957042, 4.8157312 ], [ -74.1956134, 4.8158719 ], [ -74.1954924, 4.8160227 ], [ -74.1953209, 4.816083 ], [ -74.1951796, 4.8161232 ], [ -74.194988, 4.8161333 ], [ -74.1947862, 4.8161132 ], [ -74.1945743, 4.8161433 ], [ -74.1942868, 4.8163746 ], [ -74.193974, 4.8166736 ], [ -74.1938126, 4.8168395 ], [ -74.1936335, 4.8170657 ], [ -74.1935453, 4.8172115 ], [ -74.1933763, 4.8176664 ], [ -74.1933864, 4.8180233 ], [ -74.1933309, 4.8182746 ], [ -74.1930888, 4.8187069 ], [ -74.1930325, 4.8188347 ], [ -74.1928466, 4.8180265 ] ] ], [ [ [ -74.1977753, 4.8108176 ], [ -74.1978176, 4.8105436 ], [ -74.1979092, 4.8101893 ], [ -74.1982019, 4.8104153 ], [ -74.198181, 4.8104382 ], [ -74.1979691, 4.8106393 ], [ -74.1978985, 4.8107298 ], [ -74.197838, 4.8108504 ], [ -74.1978077, 4.8109107 ], [ -74.1977971, 4.8110345 ], [ -74.1977753, 4.8108176 ] ] ] ] } },
{ "type": "Feature", "properties": { "id": 0, "layer": "TENJO — ZONAS_AGROPECUARIA_EXTENSIVA_POT_2000", "clas_CIAF": "2b" }, "geometry": { "type": "Polygon", "coordinates": [ [ [ -74.1237387, 4.8191858 ], [ -74.1237387, 4.8180897 ], [ -74.1240771, 4.8173731 ], [ -74.1244579, 4.817078 ], [ -74.1256425, 4.8166985 ], [ -74.1256848, 4.8159819 ], [ -74.1259386, 4.8149279 ], [ -74.1262771, 4.8149279 ], [ -74.128054, 4.8158554 ], [ -74.1292808, 4.8165299 ], [ -74.130127, 4.8172044 ], [ -74.1271655, 4.8210829 ], [ -74.1258963, 4.820324 ], [ -74.124754, 4.8199025 ], [ -74.1245845, 4.8201052 ], [ -74.1237387, 4.8191858 ] ] ] } },
{ "type": "Feature", "properties": { "id": 0, "layer": "TENJO — ZONAS_AGROPECUARIA_EXTENSIVA_POT_2000", "clas_CIAF": "2b" }, "geometry": { "type": "MultiPolygon", "coordinates": [ [ [ [ -74.1083496, 4.8462817 ], [ -74.1080535, 4.8464504 ], [ -74.1075881, 4.8470405 ], [ -74.1071227, 4.8478836 ], [ -74.1062343, 4.848516 ], [ -74.1059381, 4.8488532 ], [ -74.1054305, 4.8494855 ], [ -74.1049228, 4.8499071 ], [ -74.1043305, 4.8502443 ], [ -74.1039497, 4.8506659 ], [ -74.1036959, 4.8510874 ], [ -74.103019, 4.8517619 ], [ -74.1029344, 4.8518462 ], [ -74.1023421, 4.8528579 ], [ -74.1015806, 4.8535746 ], [ -74.1007344, 4.8547128 ], [ -74.0997614, 4.85505 ], [ -74.0993806, 4.8545863 ], [ -74.0982278, 4.8543123 ], [ -74.0977624, 4.85368 ], [ -74.0989893, 4.8533849 ], [ -74.1006815, 4.8527947 ], [ -74.1000046, 4.8519095 ], [ -74.0992431, 4.8508977 ], [ -74.0986508, 4.8500968 ], [ -74.0986931, 4.8490429 ], [ -74.0995393, 4.8472302 ], [ -74.1005123, 4.8453754 ], [ -74.1013585, 4.8448695 ], [ -74.1019931, 4.8446588 ], [ -74.1035584, 4.8454175 ], [ -74.1041507, 4.8451225 ], [ -74.1044891, 4.8442794 ], [ -74.1057583, 4.8428039 ], [ -74.105843, 4.8435206 ], [ -74.1069852, 4.844195 ], [ -74.107366, 4.8439843 ], [ -74.1085506, 4.8436892 ], [ -74.109365, 4.8448063 ], [ -74.108889, 4.8456283 ], [ -74.1083496, 4.8462817 ] ] ], [ [ [ -74.0998345, 4.855391 ], [ -74.0997799, 4.8551363 ], [ -74.099846, 4.8552186 ], [ -74.0998345, 4.855391 ] ] ] ] } },
{ "type": "Feature", "properties": { "id": 0, "layer": "TENJO — ZONAS_AGROPECUARIA_EXTENSIVA_POT_2000", "clas_CIAF": "2b" }, "geometry": { "type": "Polygon", "coordinates": [ [ [ -74.1730048, 4.8581695 ], [ -74.1720529, 4.8592022 ], [ -74.1720106, 4.859413 ], [ -74.1722009, 4.8601718 ], [ -74.171799, 4.8611835 ], [ -74.1713548, 4.8616261 ], [ -74.1710164, 4.8613521 ], [ -74.1700927, 4.860643 ], [ -74.1712067, 4.8598135 ], [ -74.1712279, 4.8592444 ], [ -74.1696286, 4.8575845 ], [ -74.1696789, 4.8575124 ], [ -74.1696822, 4.8575127 ], [ -74.1696904, 4.8575132 ], [ -74.1696987, 4.8575136 ], [ -74.1697069, 4.8575138 ], [ -74.1697152, 4.8575139 ], [ -74.1697234, 4.8575138 ], [ -74.1697317, 4.8575136 ], [ -74.1697399, 4.8575133 ], [ -74.1697482, 4.8575128 ], [ -74.1697564, 4.8575122 ], [ -74.1697646, 4.8575114 ], [ -74.1697728, 4.8575105 ], [ -74.169781, 4.8575094 ], [ -74.1697892, 4.8575082 ], [ -74.1697973, 4.8575069 ], [ -74.1698054, 4.8575054 ], [ -74.1698135, 4.8575037 ], [ -74.1698216, 4.857502 ], [ -74.1698296, 4.8575001 ], [ -74.1698376, 4.857498 ], [ -74.1698456, 4.8574958 ], [ -74.1698535, 4.8574935 ], [ -74.1698613, 4.8574911 ], [ -74.1698692, 4.8574885 ], [ -74.169877, 4.8574858 ], [ -74.1698847, 4.8574829 ], [ -74.1698924, 4.8574799 ], [ -74.1699, 4.8574768 ], [ -74.1699076, 4.8574735 ], [ -74.1699151, 4.8574701 ], [ -74.1699286, 4.8574603 ], [ -74.1699422, 4.8574507 ], [ -74.169956, 4.8574413 ], [ -74.16997, 4.8574322 ], [ -74.1699841, 4.8574233 ], [ -74.1699983, 4.8574147 ], [ -74.1700127, 4.8574063 ], [ -74.1700273, 4.8573982 ], [ -74.170042, 4.8573903 ], [ -74.1700568, 4.8573827 ], [ -74.1700718, 4.8573753 ], [ -74.1700869, 4.8573682 ], [ -74.1701021, 4.8573614 ], [ -74.1701174, 4.8573548 ], [ -74.1701329, 4.8573485 ], [ -74.1701484, 4.8573424 ], [ -74.1701641, 4.8573367 ], [ -74.1701798, 4.8573312 ], [ -74.1701957, 4.8573259 ], [ -74.1702116, 4.857321 ], [ -74.1702276, 4.8573163 ], [ -74.1702437, 4.8573119 ], [ -74.1702599, 4.8573078 ], [ -74.1702761, 4.857304 ], [ -74.1702924, 4.8573004 ], [ -74.1703088, 4.8572972 ], [ -74.1703252, 4.8572942 ], [ -74.1703417, 4.8572915 ], [ -74.1703582, 4.8572891 ], [ -74.1703747, 4.8572869 ], [ -74.1703913, 4.8572851 ], [ -74.1704079, 4.8572836 ], [ -74.1704246, 4.8572823 ], [ -74.1704412, 4.8572813 ], [ -74.1704579, 4.8572806 ], [ -74.1704746, 4.8572802 ], [ -74.1704913, 4.8572801 ], [ -74.170508, 4.8572803 ], [ -74.1705247, 4.8572808 ], [ -74.1705413, 4.8572816 ], [ -74.170558, 4.8572826 ], [ -74.1705746, 4.8572839 ], [ -74.1705912, 4.8572856 ], [ -74.1706078, 4.8572875 ], [ -74.1706243, 4.8572897 ], [ -74.1706408, 4.8572922 ], [ -74.1706573, 4.8572949 ], [ -74.1706737, 4.857298 ], [ -74.17069, 4.8573014 ], [ -74.1707063, 4.857305 ], [ -74.1707226, 4.8573089 ], [ -74.1707387, 4.8573131 ], [ -74.1707548, 4.8573175 ], [ -74.1707708, 4.8573223 ], [ -74.1707867, 4.8573273 ], [ -74.1708025, 4.8573326 ], [ -74.1708182, 4.8573382 ], [ -74.1708339, 4.857344 ], [ -74.1708494, 4.8573501 ], [ -74.1708648, 4.8573565 ], [ -74.1708801, 4.8573632 ], [ -74.1708953, 4.8573701 ], [ -74.1709103, 4.8573772 ], [ -74.1709253, 4.8573847 ], [ -74.17094, 4.8573924 ], [ -74.1709547, 4.8574003 ], [ -74.1709692, 4.8574085 ], [ -74.1709836, 4.857417 ], [ -74.1709978, 4.8574257 ], [ -74.1710119, 4.8574346 ], [ -74.1710258, 4.8574438 ], [ -74.1710396, 4.8574532 ], [ -74.1710531, 4.8574629 ], [ -74.1710666, 4.8574728 ], [ -74.1710798, 4.8574829 ], [ -74.1710929, 4.8574932 ], [ -74.1711057, 4.8575038 ], [ -74.1711184, 4.8575146 ], [ -74.1711309, 4.8575256 ], [ -74.1711432, 4.8575369 ], [ -74.1711553, 4.8575483 ], [ -74.1711672, 4.85756 ], [ -74.1711789, 4.8575718 ], [ -74.1711904, 4.8575839 ], [ -74.1712017, 4.8575962 ], [ -74.1712128, 4.8576086 ], [ -74.1712236, 4.8576212 ], [ -74.1712342, 4.8576341 ], [ -74.1712446, 4.8576471 ], [ -74.1712548, 4.8576603 ], [ -74.1712647, 4.8576736 ], [ -74.1712744, 4.8576872 ], [ -74.1712839, 4.8577009 ], [ -74.1712931, 4.8577147 ], [ -74.1713021, 4.8577287 ], [ -74.1713108, 4.8577429 ], [ -74.1713193, 4.8577572 ], [ -74.1713275, 4.8577717 ], [ -74.1714171, 4.8577401 ], [ -74.1715062, 4.8577069 ], [ -74.1715946, 4.8576722 ], [ -74.1716824, 4.857636 ], [ -74.1717696, 4.8575983 ], [ -74.1718561, 4.8575591 ], [ -74.171942, 4.8575185 ], [ -74.1720271, 4.8574763 ], [ -74.1721115, 4.8574327 ], [ -74.1721951, 4.8573877 ], [ -74.172278, 4.8573413 ], [ -74.17236, 4.8572934 ], [ -74.1724411, 4.8572442 ], [ -74.1725215, 4.8571935 ], [ -74.1726009, 4.8571415 ], [ -74.1726794, 4.8570881 ], [ -74.1726878, 4.857081 ], [ -74.1726964, 4.8570741 ], [ -74.1727051, 4.8570673 ], [ -74.1727138, 4.8570607 ], [ -74.1727227, 4.8570542 ], [ -74.1727317, 4.8570478 ], [ -74.1727409, 4.8570416 ], [ -74.1727501, 4.8570356 ], [ -74.1727594, 4.8570298 ], [ -74.1727689, 4.8570241 ], [ -74.1727784, 4.8570185 ], [ -74.172788, 4.8570132 ], [ -74.1727977, 4.857008 ], [ -74.1728075, 4.8570029 ], [ -74.1728174, 4.8569981 ], [ -74.1728274, 4.8569934 ], [ -74.1728374, 4.8569889 ], [ -74.1728476, 4.8569845 ], [ -74.1728578, 4.8569804 ], [ -74.1728681, 4.8569764 ], [ -74.1728784, 4.8569726 ], [ -74.1728888, 4.856969 ], [ -74.1728993, 4.8569655 ], [ -74.1729098, 4.8569623 ], [ -74.1729204, 4.8569592 ], [ -74.172931, 4.8569563 ], [ -74.1729417, 4.8569536 ], [ -74.1729525, 4.856951 ], [ -74.1729632, 4.8569487 ], [ -74.172974, 4.8569465 ], [ -74.1729849, 4.8569446 ], [ -74.1729958, 4.8569428 ], [ -74.1730067, 4.8569412 ], [ -74.1730176, 4.8569398 ], [ -74.1730286, 4.8569386 ], [ -74.1730396, 4.8569376 ], [ -74.1730506, 4.8569367 ], [ -74.1730616, 4.8569361 ], [ -74.1730726, 4.8569357 ], [ -74.1730836, 4.8569354 ], [ -74.1730946, 4.8569353 ], [ -74.1731057, 4.8569355 ], [ -74.1731167, 4.8569358 ], [ -74.1731277, 4.8569363 ], [ -74.1731387, 4.856937 ], [ -74.1731497, 4.8569379 ], [ -74.1731607, 4.8569389 ], [ -74.1731716, 4.8569402 ], [ -74.1731826, 4.8569417 ], [ -74.1731935, 4.8569433 ], [ -74.1732043, 4.8569451 ], [ -74.1732152, 4.8569472 ], [ -74.173226, 4.8569494 ], [ -74.1732368, 4.8569518 ], [ -74.1732475, 4.8569544 ], [ -74.1732581, 4.8569571 ], [ -74.1732688, 4.8569601 ], [ -74.1732793, 4.8569632 ], [ -74.1732898, 4.8569665 ], [ -74.1733003, 4.85697 ], [ -74.1733107, 4.8569737 ], [ -74.173321, 4.8569776 ], [ -74.1733313, 4.8569816 ], [ -74.1733415, 4.8569858 ], [ -74.1733516, 4.8569902 ], [ -74.1733616, 4.8569948 ], [ -74.1733716, 4.8569995 ], [ -74.1733814, 4.8570044 ], [ -74.1733912, 4.8570095 ], [ -74.1734009, 4.8570148 ], [ -74.1734105, 4.8570202 ], [ -74.17342, 4.8570258 ], [ -74.1734294, 4.8570315 ], [ -74.1734387, 4.8570374 ], [ -74.1734479, 4.8570435 ], [ -74.173457, 4.8570497 ], [ -74.1734659, 4.8570561 ], [ -74.1734748, 4.8570626 ], [ -74.1734836, 4.8570693 ], [ -74.1734922, 4.8570761 ], [ -74.1735007, 4.8570831 ], [ -74.1735091, 4.8570903 ], [ -74.1735173, 4.8570975 ], [ -74.1735255, 4.857105 ], [ -74.1735335, 4.8571125 ], [ -74.1735414, 4.8571202 ], [ -74.1735491, 4.8571281 ], [ -74.1735567, 4.857136 ], [ -74.1735641, 4.8571441 ], [ -74.1735715, 4.8571523 ], [ -74.1735786, 4.8571607 ], [ -74.1735856, 4.8571692 ], [ -74.1735925, 4.8571778 ], [ -74.1735992, 4.8571865 ], [ -74.1736058, 4.8571953 ], [ -74.1736122, 4.8572042 ], [ -74.1736185, 4.8572133 ], [ -74.1736246, 4.8572224 ], [ -74.1736305, 4.8572317 ], [ -74.1736363, 4.8572411 ], [ -74.1736419, 4.8572505 ], [ -74.1736474, 4.8572601 ], [ -74.1736526, 4.8572697 ], [ -74.1736577, 4.8572794 ], [ -74.1736627, 4.8572893 ], [ -74.1736665, 4.8572972 ], [ -74.1736908, 4.8573093 ], [ -74.1736807, 4.8573294 ], [ -74.1737794, 4.8573809 ], [ -74.1730048, 4.8581695 ] ] ] } },
{ "type": "Feature", "properties": { "id": 0, "layer": "TENJO — ZONAS_AGROPECUARIA_EXTENSIVA_POT_2000", "clas_CIAF": "2b" }, "geometry": { "type": "Polygon", "coordinates": [ [ [ -74.1664472, 4.8640289 ], [ -74.1640781, 4.8657573 ], [ -74.1635704, 4.8671062 ], [ -74.1620473, 4.8682654 ], [ -74.1592551, 4.8706471 ], [ -74.157859, 4.8716167 ], [ -74.1571821, 4.871701 ], [ -74.1555956, 4.871153 ], [ -74.1544956, 4.871153 ], [ -74.1539668, 4.8710054 ], [ -74.1532476, 4.8709633 ], [ -74.1528221, 4.8705556 ], [ -74.1531418, 4.8701097 ], [ -74.153861, 4.8693087 ], [ -74.1547494, 4.8689293 ], [ -74.1550879, 4.8688029 ], [ -74.1558917, 4.8684235 ], [ -74.1567802, 4.8678333 ], [ -74.1574148, 4.8675383 ], [ -74.1577955, 4.8671589 ], [ -74.1583032, 4.866653 ], [ -74.1592763, 4.8662315 ], [ -74.1596147, 4.8658943 ], [ -74.1599955, 4.8656835 ], [ -74.1601647, 4.8656413 ], [ -74.1606724, 4.8655992 ], [ -74.1607454, 4.8655728 ], [ -74.1617724, 4.8672116 ], [ -74.1628935, 4.8666425 ], [ -74.1623646, 4.8652514 ], [ -74.1643742, 4.8642608 ], [ -74.166003, 4.8624798 ], [ -74.1665953, 4.8619317 ], [ -74.166617, 4.8619007 ], [ -74.1669746, 4.8622774 ], [ -74.1664472, 4.8640289 ] ] ] } },
{ "type": "Feature", "properties": { "id": 0, "layer": "TENJO — ZONAS_AGROPECUARIA_EXTENSIVA_POT_2000", "clas_CIAF": "2b" }, "geometry": { "type": "Polygon", "coordinates": [ [ [ -74.1518514, 4.8737665 ], [ -74.1496515, 4.8756845 ], [ -74.1484458, 4.8767805 ], [ -74.1475996, 4.8771177 ], [ -74.1469121, 4.8766369 ], [ -74.1471766, 4.8760112 ], [ -74.1476419, 4.8736927 ], [ -74.1478054, 4.8729761 ], [ -74.1483611, 4.8729761 ], [ -74.1490804, 4.8726389 ], [ -74.1507303, 4.8717958 ], [ -74.1513649, 4.87129 ], [ -74.1513649, 4.871838 ], [ -74.1525072, 4.8709949 ], [ -74.1528221, 4.8705556 ], [ -74.1532476, 4.8709633 ], [ -74.1536911, 4.8709893 ], [ -74.1518514, 4.8737665 ] ] ] } },
{ "type": "Feature", "properties": { "id": 0, "layer": "TENJO — ZONAS_AGROPECUARIA_EXTENSIVA_POT_2000", "clas_CIAF": "2b" }, "geometry": { "type": "Polygon", "coordinates": [ [ [ -74.1442574, 4.8782664 ], [ -74.1434536, 4.8792781 ], [ -74.1426497, 4.8796574 ], [ -74.1413382, 4.8799947 ], [ -74.1412113, 4.8804162 ], [ -74.1411267, 4.8813014 ], [ -74.1409152, 4.8816808 ], [ -74.140196, 4.8821023 ], [ -74.1398152, 4.8828189 ], [ -74.1394767, 4.8823553 ], [ -74.1393498, 4.88147 ], [ -74.1389268, 4.8813436 ], [ -74.1382075, 4.8811328 ], [ -74.1379537, 4.8813436 ], [ -74.1380806, 4.8816387 ], [ -74.1375306, 4.8819337 ], [ -74.1366422, 4.882018 ], [ -74.1363461, 4.8825239 ], [ -74.1366845, 4.8831983 ], [ -74.1377422, 4.8840414 ], [ -74.1383345, 4.884758 ], [ -74.1385883, 4.8855167 ], [ -74.1373614, 4.8864441 ], [ -74.1359653, 4.887245 ], [ -74.1357961, 4.8864441 ], [ -74.1355422, 4.8853903 ], [ -74.1349076, 4.88421 ], [ -74.1340615, 4.8834512 ], [ -74.1335115, 4.8840835 ], [ -74.1331307, 4.8843365 ], [ -74.1324538, 4.8846315 ], [ -74.1325808, 4.8850531 ], [ -74.1330884, 4.8854746 ], [ -74.1336807, 4.8864019 ], [ -74.1345692, 4.8868235 ], [ -74.1350345, 4.8876244 ], [ -74.1346115, 4.888341 ], [ -74.1338077, 4.8889311 ], [ -74.1319462, 4.8902378 ], [ -74.1316923, 4.8904065 ], [ -74.1312269, 4.8906172 ], [ -74.1307616, 4.8905329 ], [ -74.1303808, 4.8912917 ], [ -74.1295347, 4.8920504 ], [ -74.1291116, 4.8923033 ], [ -74.1289001, 4.8917553 ], [ -74.1285193, 4.8904486 ], [ -74.127377, 4.89028 ], [ -74.1269117, 4.8907858 ], [ -74.1250502, 4.892219 ], [ -74.1247963, 4.8925562 ], [ -74.1241617, 4.8933571 ], [ -74.1240771, 4.8935257 ], [ -74.1229397, 4.8939665 ], [ -74.1222685, 4.8929883 ], [ -74.1213166, 4.8932728 ], [ -74.1205128, 4.8938208 ], [ -74.1198694, 4.8943438 ], [ -74.1197618, 4.8940843 ], [ -74.1197195, 4.893452 ], [ -74.1194869, 4.8922506 ], [ -74.1187888, 4.8920609 ], [ -74.1176677, 4.8914919 ], [ -74.1175831, 4.8917448 ], [ -74.1175196, 4.8925246 ], [ -74.1180907, 4.8929883 ], [ -74.117858, 4.8935574 ], [ -74.1181753, 4.8941053 ], [ -74.11661, 4.8946955 ], [ -74.11606, 4.8946955 ], [ -74.1152139, 4.8949905 ], [ -74.1144947, 4.8954542 ], [ -74.113437, 4.8968452 ], [ -74.113437, 4.8980255 ], [ -74.1136062, 4.8989107 ], [ -74.1136062, 4.8997537 ], [ -74.1136908, 4.9006389 ], [ -74.1140716, 4.9007759 ], [ -74.1145793, 4.9010921 ], [ -74.1151081, 4.9015347 ], [ -74.1158908, 4.9022723 ], [ -74.1160177, 4.9019773 ], [ -74.116335, 4.9014293 ], [ -74.1168427, 4.9011131 ], [ -74.1173715, 4.900797 ], [ -74.1174541, 4.9007279 ], [ -74.1177311, 4.9013661 ], [ -74.1160812, 4.9034315 ], [ -74.1155735, 4.9038109 ], [ -74.1145158, 4.903305 ], [ -74.1140081, 4.9025042 ], [ -74.1138812, 4.9022934 ], [ -74.1131832, 4.9018065 ], [ -74.1131832, 4.9015241 ], [ -74.1129716, 4.9010605 ], [ -74.1126755, 4.9002174 ], [ -74.1115755, 4.9005546 ], [ -74.1115755, 4.900386 ], [ -74.1114063, 4.899543 ], [ -74.111364, 4.8995008 ], [ -74.1092218, 4.9001549 ], [ -74.1078314, 4.9000593 ], [ -74.105716, 4.8994692 ], [ -74.1043834, 4.8983943 ], [ -74.1045949, 4.8983522 ], [ -74.1058641, 4.8976777 ], [ -74.1064141, 4.8969612 ], [ -74.1072179, 4.8962867 ], [ -74.1076833, 4.8961181 ], [ -74.1081064, 4.8956966 ], [ -74.108614, 4.8951486 ], [ -74.1089525, 4.8948535 ], [ -74.1100948, 4.8942213 ], [ -74.1102217, 4.8941791 ], [ -74.1112794, 4.8937997 ], [ -74.1124639, 4.8930831 ], [ -74.1127178, 4.8926195 ], [ -74.1128447, 4.8919029 ], [ -74.1133101, 4.8911863 ], [ -74.1138601, 4.8902589 ], [ -74.1138601, 4.8897109 ], [ -74.113987, 4.8894159 ], [ -74.1144524, 4.8887414 ], [ -74.1149177, 4.8877719 ], [ -74.1152562, 4.8872239 ], [ -74.1157216, 4.8863387 ], [ -74.1159754, 4.8858329 ], [ -74.1163562, 4.8854114 ], [ -74.1168638, 4.8851163 ], [ -74.1174138, 4.8849898 ], [ -74.1180484, 4.8845683 ], [ -74.1188946, 4.8840625 ], [ -74.1198253, 4.8835145 ], [ -74.1206714, 4.8830508 ], [ -74.1215176, 4.8824606 ], [ -74.1218983, 4.8820391 ], [ -74.1227868, 4.8812803 ], [ -74.1233368, 4.8812803 ], [ -74.123781, 4.8806059 ], [ -74.124204, 4.8799947 ], [ -74.1246271, 4.8797207 ], [ -74.1255367, 4.8797207 ], [ -74.1266578, 4.879805 ], [ -74.1276943, 4.8798682 ], [ -74.1287097, 4.8799525 ], [ -74.1295347, 4.8800368 ], [ -74.130402, 4.8801633 ], [ -74.1311, 4.8802476 ], [ -74.1319885, 4.8802476 ], [ -74.1327923, 4.8799736 ], [ -74.1335961, 4.8792781 ], [ -74.1339346, 4.8791305 ], [ -74.1356691, 4.8784139 ], [ -74.1371499, 4.8779081 ], [ -74.1378691, 4.8773601 ], [ -74.1386306, 4.8768542 ], [ -74.138546, 4.8766435 ], [ -74.1380806, 4.8763484 ], [ -74.1378691, 4.8761376 ], [ -74.1373614, 4.8756318 ], [ -74.1375306, 4.8752524 ], [ -74.1383768, 4.875126 ], [ -74.1396883, 4.875126 ], [ -74.1402806, 4.8752946 ], [ -74.1414229, 4.874873 ], [ -74.1420534, 4.874616 ], [ -74.1429036, 4.8754632 ], [ -74.1429882, 4.8755896 ], [ -74.1431166, 4.8757234 ], [ -74.1429459, 4.8761587 ], [ -74.1415921, 4.8779292 ], [ -74.1416767, 4.8781399 ], [ -74.1442574, 4.8782664 ] ], [ [ -74.1293866, 4.8855062 ], [ -74.1297251, 4.8847053 ], [ -74.1283289, 4.8848739 ], [ -74.1274828, 4.8853376 ], [ -74.1278213, 4.8859699 ], [ -74.1282443, 4.8866443 ], [ -74.1288789, 4.8863071 ], [ -74.1293866, 4.8855062 ] ], [ [ -74.1255367, 4.8859699 ], [ -74.124606, 4.884621 ], [ -74.1241829, 4.8855483 ], [ -74.1238867, 4.8862649 ], [ -74.1241406, 4.8867286 ], [ -74.1247329, 4.8884569 ], [ -74.1252406, 4.8890049 ], [ -74.1250713, 4.8895529 ], [ -74.1240137, 4.8898901 ], [ -74.1238444, 4.8898901 ], [ -74.1235906, 4.8898901 ], [ -74.1223214, 4.8900165 ], [ -74.122406, 4.8908174 ], [ -74.1226599, 4.8914076 ], [ -74.1233791, 4.8922085 ], [ -74.1239291, 4.8918713 ], [ -74.1243521, 4.8912811 ], [ -74.125029, 4.8905224 ], [ -74.1254098, 4.889595 ], [ -74.1257482, 4.8894686 ], [ -74.1262559, 4.8893 ], [ -74.1271444, 4.8884147 ], [ -74.1275251, 4.8876981 ], [ -74.127652, 4.8866443 ], [ -74.1271021, 4.8864757 ], [ -74.1262982, 4.8868972 ], [ -74.1261713, 4.8866022 ], [ -74.1255367, 4.8859699 ] ] ] } },
{ "type": "Feature", "properties": { "id": 0, "layer": "TENJO — ZONAS_AGROPECUARIA_EXTENSIVA_POT_2000", "clas_CIAF": "2b" }, "geometry": { "type": "Polygon", "coordinates": [ [ [ -74.1713971, 4.8720487 ], [ -74.1701068, 4.8725124 ], [ -74.1698952, 4.870763 ], [ -74.169726, 4.8695617 ], [ -74.1706356, 4.8686343 ], [ -74.1729202, 4.8685921 ], [ -74.1729202, 4.8693298 ], [ -74.1715663, 4.869646 ], [ -74.1713971, 4.8720487 ] ] ] } },
{ "type": "Feature", "properties": { "id": 0, "layer": "TENJO — ZONAS_AGROPECUARIA_EXTENSIVA_POT_2000", "clas_CIAF": "2b" }, "geometry": { "type": "Polygon", "coordinates": [ [ [ -74.168626, 4.8709527 ], [ -74.1684356, 4.8716061 ], [ -74.1681818, 4.8722173 ], [ -74.1679491, 4.8728075 ], [ -74.1674837, 4.8721752 ], [ -74.1674203, 4.8711424 ], [ -74.1675049, 4.8706366 ], [ -74.168626, 4.8709527 ] ] ] } },
{ "type": "Feature", "properties": { "id": 0, "layer": "TENJO — ZONAS_AGROPECUARIA_INTENSIVA_POT_2000", "clas_CIAF": "2b" }, "geometry": { "type": "MultiPolygon", "coordinates": [ [ [ [ -74.2192225, 4.7924639 ], [ -74.2192122, 4.7924427 ], [ -74.2192015, 4.7924217 ], [ -74.2191904, 4.7924009 ], [ -74.219179, 4.7923802 ], [ -74.2191673, 4.7923598 ], [ -74.2191551, 4.7923396 ], [ -74.2191427, 4.7923196 ], [ -74.2191299, 4.7922998 ], [ -74.2191167, 4.7922803 ], [ -74.2191032, 4.7922609 ], [ -74.2190893, 4.7922419 ], [ -74.2190752, 4.792223 ], [ -74.2190607, 4.7922044 ], [ -74.2190458, 4.7921861 ], [ -74.2190307, 4.792168 ], [ -74.2190152, 4.7921502 ], [ -74.2189995, 4.7921327 ], [ -74.2189834, 4.7921154 ], [ -74.218967, 4.7920984 ], [ -74.2189504, 4.7920817 ], [ -74.2189334, 4.7920653 ], [ -74.2189162, 4.7920492 ], [ -74.2188986, 4.7920334 ], [ -74.2188808, 4.7920179 ], [ -74.2188628, 4.7920027 ], [ -74.2188444, 4.7919879 ], [ -74.2188259, 4.7919733 ], [ -74.218807, 4.7919591 ], [ -74.2187879, 4.7919452 ], [ -74.2187686, 4.7919316 ], [ -74.2187491, 4.7919184 ], [ -74.2187293, 4.7919056 ], [ -74.2187093, 4.791893 ], [ -74.218689, 4.7918808 ], [ -74.2186686, 4.791869 ], [ -74.218648, 4.7918575 ], [ -74.2186271, 4.7918464 ], [ -74.2186061, 4.7918357 ], [ -74.2185849, 4.7918253 ], [ -74.2185378, 4.7917853 ], [ -74.2184914, 4.7917444 ], [ -74.2184457, 4.7917028 ], [ -74.2184008, 4.7916604 ], [ -74.2183566, 4.7916172 ], [ -74.2183131, 4.7915733 ], [ -74.2182704, 4.7915286 ], [ -74.2182286, 4.7914831 ], [ -74.2181875, 4.791437 ], [ -74.2181472, 4.7913902 ], [ -74.2181077, 4.7913426 ], [ -74.2180691, 4.7912944 ], [ -74.2180313, 4.7912456 ], [ -74.2179944, 4.7911961 ], [ -74.2179583, 4.7911459 ], [ -74.2179231, 4.7910951 ], [ -74.2178889, 4.7910438 ], [ -74.2178555, 4.7909918 ], [ -74.217823, 4.7909393 ], [ -74.2177914, 4.7908863 ], [ -74.2177608, 4.7908327 ], [ -74.2177311, 4.7907785 ], [ -74.2177023, 4.7907239 ], [ -74.2176745, 4.7906688 ], [ -74.2176477, 4.7906132 ], [ -74.2176219, 4.7905571 ], [ -74.217597, 4.7905006 ], [ -74.2175731, 4.7904437 ], [ -74.2175502, 4.7903864 ], [ -74.2175283, 4.7903287 ], [ -74.2175074, 4.7902706 ], [ -74.2174875, 4.7902122 ], [ -74.2174687, 4.7901535 ], [ -74.2174509, 4.7900944 ], [ -74.2174341, 4.790035 ], [ -74.2174183, 4.7899754 ], [ -74.2174036, 4.7899154 ], [ -74.2173899, 4.7898553 ], [ -74.2173773, 4.7897949 ], [ -74.2173657, 4.7897343 ], [ -74.2173552, 4.7896735 ], [ -74.2173457, 4.7896125 ], [ -74.2173374, 4.7895514 ], [ -74.21733, 4.7894901 ], [ -74.2173238, 4.7894288 ], [ -74.2173186, 4.7893673 ], [ -74.2173145, 4.7893057 ], [ -74.2173114, 4.7892441 ], [ -74.2173094, 4.7891825 ], [ -74.2173085, 4.7891208 ], [ -74.2173087, 4.7890591 ], [ -74.21731, 4.7889974 ], [ -74.2173123, 4.7889358 ], [ -74.2173157, 4.7888742 ], [ -74.2165965, 4.7856279 ], [ -74.2164967, 4.7853296 ], [ -74.2192325, 4.7924855 ], [ -74.2192324, 4.7924853 ], [ -74.2192225, 4.7924639 ] ] ], [ [ [ -74.2158773, 4.7945235 ], [ -74.2147773, 4.7935117 ], [ -74.2142696, 4.7934695 ], [ -74.2132119, 4.7939754 ], [ -74.2132119, 4.7945235 ], [ -74.213635, 4.7957039 ], [ -74.2138345, 4.796025 ], [ -74.2137226, 4.7960973 ], [ -74.213541, 4.7964592 ], [ -74.2132383, 4.7966904 ], [ -74.2127541, 4.7970222 ], [ -74.2126027, 4.7971831 ], [ -74.2125419, 4.7972274 ], [ -74.2113505, 4.7957882 ], [ -74.2093197, 4.7938489 ], [ -74.2072467, 4.792542 ], [ -74.2060198, 4.7914459 ], [ -74.204666, 4.7904341 ], [ -74.2033122, 4.7899282 ], [ -74.2132543, 4.7801894 ], [ -74.2132873, 4.7812641 ], [ -74.2133054, 4.7823392 ], [ -74.2133085, 4.7834145 ], [ -74.2132966, 4.7844896 ], [ -74.2133248, 4.7846394 ], [ -74.2133556, 4.7847887 ], [ -74.2133889, 4.7849374 ], [ -74.2134248, 4.7850856 ], [ -74.2134631, 4.7852331 ], [ -74.213504, 4.78538 ], [ -74.2135473, 4.7855261 ], [ -74.2135932, 4.7856715 ], [ -74.2136415, 4.7858161 ], [ -74.2136922, 4.7859599 ], [ -74.2137454, 4.7861028 ], [ -74.213801, 4.7862448 ], [ -74.213859, 4.7863858 ], [ -74.2139194, 4.7865258 ], [ -74.2139821, 4.7866648 ], [ -74.2140472, 4.7868027 ], [ -74.2141147, 4.7869395 ], [ -74.2141844, 4.7870751 ], [ -74.2142565, 4.7872095 ], [ -74.2143308, 4.7873427 ], [ -74.2144074, 4.7874746 ], [ -74.2144862, 4.7876052 ], [ -74.2145672, 4.7877345 ], [ -74.2146504, 4.7878624 ], [ -74.2148077, 4.7880985 ], [ -74.214961, 4.7883372 ], [ -74.2151101, 4.7885786 ], [ -74.215255, 4.7888225 ], [ -74.2153956, 4.7890688 ], [ -74.215532, 4.7893175 ], [ -74.215664, 4.7895686 ], [ -74.2157917, 4.7898218 ], [ -74.215915, 4.7900772 ], [ -74.2160338, 4.7903347 ], [ -74.2161482, 4.7905942 ], [ -74.216258, 4.7908557 ], [ -74.2162912, 4.7909284 ], [ -74.2163257, 4.7910006 ], [ -74.2163614, 4.7910722 ], [ -74.2163984, 4.7911431 ], [ -74.2164366, 4.7912134 ], [ -74.216476, 4.791283 ], [ -74.2165166, 4.791352 ], [ -74.2165585, 4.7914202 ], [ -74.2166015, 4.7914877 ], [ -74.2166457, 4.7915544 ], [ -74.216691, 4.7916203 ], [ -74.2167375, 4.7916855 ], [ -74.2167851, 4.7917498 ], [ -74.2168338, 4.7918133 ], [ -74.2168837, 4.7918759 ], [ -74.2169346, 4.7919377 ], [ -74.2169866, 4.7919986 ], [ -74.2170396, 4.7920586 ], [ -74.2170937, 4.7921176 ], [ -74.2171488, 4.7921757 ], [ -74.2172049, 4.7922328 ], [ -74.217262, 4.792289 ], [ -74.2173201, 4.7923441 ], [ -74.2173791, 4.7923982 ], [ -74.2174391, 4.7924513 ], [ -74.2175, 4.7925034 ], [ -74.2175618, 4.7925544 ], [ -74.2176244, 4.7926043 ], [ -74.217688, 4.7926531 ], [ -74.2177523, 4.7927008 ], [ -74.2178175, 4.7927474 ], [ -74.2178835, 4.7927928 ], [ -74.2179503, 4.7928371 ], [ -74.2179581, 4.7928517 ], [ -74.2179662, 4.7928661 ], [ -74.2179746, 4.7928804 ], [ -74.2179832, 4.7928945 ], [ -74.217992, 4.7929085 ], [ -74.2180011, 4.7929223 ], [ -74.2180104, 4.7929359 ], [ -74.21802, 4.7929494 ], [ -74.2180298, 4.7929628 ], [ -74.2180398, 4.7929759 ], [ -74.21805, 4.7929889 ], [ -74.2180605, 4.7930017 ], [ -74.2180712, 4.7930144 ], [ -74.2180821, 4.7930268 ], [ -74.2180932, 4.7930391 ], [ -74.2181045, 4.7930511 ], [ -74.2181161, 4.793063 ], [ -74.2181278, 4.7930746 ], [ -74.2181398, 4.7930861 ], [ -74.2181519, 4.7930973 ], [ -74.2181643, 4.7931084 ], [ -74.2181768, 4.7931192 ], [ -74.2181895, 4.7931298 ], [ -74.2182024, 4.7931402 ], [ -74.2182155, 4.7931503 ], [ -74.2182287, 4.7931602 ], [ -74.2182421, 4.7931699 ], [ -74.2182557, 4.7931794 ], [ -74.2182695, 4.7931886 ], [ -74.2182834, 4.7931976 ], [ -74.2182974, 4.7932064 ], [ -74.2183117, 4.7932149 ], [ -74.218326, 4.7932232 ], [ -74.2183405, 4.7932312 ], [ -74.2183551, 4.7932389 ], [ -74.2183699, 4.7932464 ], [ -74.2183848, 4.7932537 ], [ -74.2183998, 4.7932607 ], [ -74.218415, 4.7932674 ], [ -74.2184302, 4.7932739 ], [ -74.2184456, 4.7932801 ], [ -74.2184611, 4.793286 ], [ -74.2184766, 4.7932917 ], [ -74.2184923, 4.7932971 ], [ -74.2185081, 4.7933022 ], [ -74.2185239, 4.7933071 ], [ -74.2185398, 4.7933117 ], [ -74.2185558, 4.793316 ], [ -74.2185719, 4.79332 ], [ -74.2185881, 4.7933237 ], [ -74.2186043, 4.7933272 ], [ -74.2186205, 4.7933304 ], [ -74.2186368, 4.7933333 ], [ -74.2186532, 4.793336 ], [ -74.2186696, 4.7933383 ], [ -74.2186861, 4.7933404 ], [ -74.2187025, 4.7933422 ], [ -74.2187191, 4.7933436 ], [ -74.2187356, 4.7933449 ], [ -74.2187521, 4.7933458 ], [ -74.2187687, 4.7933464 ], [ -74.2187853, 4.7933468 ], [ -74.2188019, 4.7933468 ], [ -74.2188184, 4.7933466 ], [ -74.218835, 4.7933461 ], [ -74.2188516, 4.7933453 ], [ -74.2188681, 4.7933442 ], [ -74.2188846, 4.7933429 ], [ -74.2189011, 4.7933412 ], [ -74.2189176, 4.7933393 ], [ -74.218934, 4.7933371 ], [ -74.2189504, 4.7933346 ], [ -74.2189667, 4.7933318 ], [ -74.218983, 4.7933287 ], [ -74.2189993, 4.7933254 ], [ -74.2190154, 4.7933218 ], [ -74.2190316, 4.7933179 ], [ -74.2190476, 4.7933137 ], [ -74.2190636, 4.7933092 ], [ -74.2190794, 4.7933045 ], [ -74.2190952, 4.7932995 ], [ -74.2191109, 4.7932942 ], [ -74.2191266, 4.7932887 ], [ -74.2191421, 4.7932829 ], [ -74.2191575, 4.7932768 ], [ -74.2191728, 4.7932704 ], [ -74.219188, 4.7932638 ], [ -74.2192031, 4.793257 ], [ -74.219218, 4.7932498 ], [ -74.2192329, 4.7932425 ], [ -74.2192476, 4.7932348 ], [ -74.2192621, 4.7932269 ], [ -74.2192765, 4.7932188 ], [ -74.2192908, 4.7932104 ], [ -74.2193049, 4.7932017 ], [ -74.2193129, 4.7931967 ], [ -74.2193489, 4.7941263 ], [ -74.2197059, 4.7946005 ], [ -74.2178791, 4.7954567 ], [ -74.2173696, 4.7950417 ], [ -74.2173898, 4.7949412 ], [ -74.21741, 4.7946496 ], [ -74.2172385, 4.7944385 ], [ -74.2170972, 4.7944284 ], [ -74.2167946, 4.7944486 ], [ -74.2164011, 4.794539 ], [ -74.2161399, 4.7947218 ], [ -74.2158773, 4.7945235 ] ] ] ] } },
{ "type": "Feature", "properties": { "id": 0, "layer": "TENJO — ZONAS_AGROPECUARIA_INTENSIVA_POT_2000", "clas_CIAF": "2b" }, "geometry": { "type": "Polygon", "coordinates": [ [ [ -74.2009272, 4.7940386 ], [ -74.1977542, 4.7915513 ], [ -74.1909005, 4.7859441 ], [ -74.1853583, 4.782192 ], [ -74.1798161, 4.7772593 ], [ -74.1755009, 4.7741395 ], [ -74.1722856, 4.7716942 ], [ -74.1676318, 4.7681527 ], [ -74.1634858, 4.7651172 ], [ -74.1558283, 4.7592569 ], [ -74.1565475, 4.7583293 ], [ -74.1667857, 4.7658339 ], [ -74.1716933, 4.7698813 ], [ -74.1727932, 4.7706824 ], [ -74.1724548, 4.771104 ], [ -74.1754586, 4.7735071 ], [ -74.1764316, 4.7735492 ], [ -74.1813815, 4.7768377 ], [ -74.193185, 4.7859863 ], [ -74.1961042, 4.7885158 ], [ -74.1968234, 4.7887688 ], [ -74.1975003, 4.7899492 ], [ -74.1978811, 4.7907503 ], [ -74.199047, 4.7913876 ], [ -74.2009853, 4.7924472 ], [ -74.2042104, 4.7953912 ], [ -74.2035002, 4.7960805 ], [ -74.2009272, 4.7940386 ] ] ] } },
{ "type": "Feature", "properties": { "id": 0, "layer": "TENJO — ZONAS_AGROPECUARIA_INTENSIVA_POT_2000", "clas_CIAF": "2b" }, "geometry": { "type": "Polygon", "coordinates": [ [ [ -74.1871119, 4.7708046 ], [ -74.1898164, 4.7687641 ], [ -74.189901, 4.7689749 ], [ -74.1907471, 4.7699446 ], [ -74.1910433, 4.7709986 ], [ -74.1913394, 4.7717153 ], [ -74.1915509, 4.7729379 ], [ -74.1921432, 4.77454 ], [ -74.1927355, 4.7753832 ], [ -74.1939201, 4.7754675 ], [ -74.1948509, 4.7759734 ], [ -74.1948509, 4.7768588 ], [ -74.195147, 4.7807796 ], [ -74.1950624, 4.7830984 ], [ -74.1829574, 4.7739392 ], [ -74.1871119, 4.7708046 ] ] ] } },
{ "type": "Feature", "properties": { "id": 0, "layer": "TENJO — ZONAS_AGROPECUARIA_INTENSIVA_POT_2000", "clas_CIAF": "2b" }, "geometry": { "type": "Polygon", "coordinates": [ [ [ -74.162481, 4.7499498 ], [ -74.1639194, 4.7500763 ], [ -74.1643425, 4.750266 ], [ -74.1639406, 4.7510882 ], [ -74.1642579, 4.7516784 ], [ -74.164829, 4.7525427 ], [ -74.1652944, 4.7537654 ], [ -74.1663944, 4.7544822 ], [ -74.167029, 4.7557259 ], [ -74.1672405, 4.7576864 ], [ -74.1683193, 4.7581712 ], [ -74.1706039, 4.7603636 ], [ -74.1707731, 4.7612068 ], [ -74.1696308, 4.7615652 ], [ -74.1677059, 4.7620922 ], [ -74.1585836, 4.7553101 ], [ -74.162481, 4.7499498 ] ] ] } },
{ "type": "Feature", "properties": { "id": 0, "layer": "TENJO — ZONAS_AGROPECUARIA_INTENSIVA_POT_2000", "clas_CIAF": "2b" }, "geometry": { "type": "MultiPolygon", "coordinates": [ [ [ [ -74.1596147, 4.8658943 ], [ -74.1592763, 4.8662315 ], [ -74.1583032, 4.866653 ], [ -74.1577955, 4.8671589 ], [ -74.1574148, 4.8675383 ], [ -74.1567802, 4.8678333 ], [ -74.1558917, 4.8684235 ], [ -74.1550879, 4.8688029 ], [ -74.1547494, 4.8689293 ], [ -74.153861, 4.8693087 ], [ -74.1531418, 4.8701097 ], [ -74.1528221, 4.8705556 ], [ -74.1525072, 4.8709949 ], [ -74.1513649, 4.871838 ], [ -74.1513649, 4.87129 ], [ -74.1507303, 4.8717958 ], [ -74.1490804, 4.8726389 ], [ -74.1483611, 4.8729761 ], [ -74.1478054, 4.8729761 ], [ -74.1477265, 4.8729761 ], [ -74.1467958, 4.8728075 ], [ -74.146542, 4.8722173 ], [ -74.1461612, 4.871585 ], [ -74.1459074, 4.870742 ], [ -74.1456535, 4.8701518 ], [ -74.1451881, 4.869393 ], [ -74.1446382, 4.8692666 ], [ -74.1440459, 4.869393 ], [ -74.1435382, 4.8693509 ], [ -74.1435382, 4.868845 ], [ -74.1433267, 4.8684235 ], [ -74.142819, 4.8675383 ], [ -74.1429882, 4.867201 ], [ -74.143242, 4.8667373 ], [ -74.1431151, 4.8663579 ], [ -74.1425228, 4.8663158 ], [ -74.1421844, 4.8664001 ], [ -74.1413805, 4.866906 ], [ -74.1409152, 4.867201 ], [ -74.1407883, 4.8677912 ], [ -74.141169, 4.8683392 ], [ -74.1415921, 4.8684657 ], [ -74.1420998, 4.8690137 ], [ -74.1424805, 4.8696038 ], [ -74.142819, 4.8703626 ], [ -74.1429036, 4.8712057 ], [ -74.1429036, 4.872133 ], [ -74.1424382, 4.8728918 ], [ -74.1423536, 4.8736927 ], [ -74.1421844, 4.8744515 ], [ -74.1423536, 4.8744936 ], [ -74.1420534, 4.874616 ], [ -74.1414229, 4.874873 ], [ -74.1402806, 4.8752946 ], [ -74.1396883, 4.875126 ], [ -74.1383768, 4.875126 ], [ -74.1375306, 4.8752524 ], [ -74.1373614, 4.8756318 ], [ -74.1378691, 4.8761376 ], [ -74.1380806, 4.8763484 ], [ -74.138546, 4.8766435 ], [ -74.1386306, 4.8768542 ], [ -74.1378691, 4.8773601 ], [ -74.1371499, 4.8779081 ], [ -74.1356691, 4.8784139 ], [ -74.1339346, 4.8791305 ], [ -74.1335961, 4.8792781 ], [ -74.1327923, 4.8799736 ], [ -74.1319885, 4.8802476 ], [ -74.1311, 4.8802476 ], [ -74.130402, 4.8801633 ], [ -74.1295347, 4.8800368 ], [ -74.1287097, 4.8799525 ], [ -74.1276943, 4.8798682 ], [ -74.1266578, 4.879805 ], [ -74.1255367, 4.8797207 ], [ -74.1246271, 4.8797207 ], [ -74.124204, 4.8799947 ], [ -74.123781, 4.8806059 ], [ -74.1233368, 4.8812803 ], [ -74.1227868, 4.8812803 ], [ -74.1218983, 4.8820391 ], [ -74.1215176, 4.8824606 ], [ -74.1206714, 4.8830508 ], [ -74.1198253, 4.8835145 ], [ -74.1188946, 4.8840625 ], [ -74.1180484, 4.8845683 ], [ -74.1174138, 4.8849898 ], [ -74.1168638, 4.8851163 ], [ -74.1163562, 4.8854114 ], [ -74.1159754, 4.8858329 ], [ -74.1157216, 4.8863387 ], [ -74.1152562, 4.8872239 ], [ -74.1149177, 4.8877719 ], [ -74.1144524, 4.8887414 ], [ -74.113987, 4.8894159 ], [ -74.1138601, 4.8897109 ], [ -74.1138601, 4.8902589 ], [ -74.1133101, 4.8911863 ], [ -74.1128447, 4.8919029 ], [ -74.1127178, 4.8926195 ], [ -74.1124639, 4.8930831 ], [ -74.1112794, 4.8937997 ], [ -74.1102217, 4.8941791 ], [ -74.1100948, 4.8942213 ], [ -74.1089525, 4.8948535 ], [ -74.108614, 4.8951486 ], [ -74.1081064, 4.8956966 ], [ -74.1076833, 4.8961181 ], [ -74.1072179, 4.8962867 ], [ -74.1064141, 4.8969612 ], [ -74.1058641, 4.8976777 ], [ -74.1045949, 4.8983522 ], [ -74.1043834, 4.8983943 ], [ -74.1036219, 4.8982257 ], [ -74.1032834, 4.8985629 ], [ -74.1018027, 4.8999961 ], [ -74.1009988, 4.9012396 ], [ -74.0984604, 4.9009445 ], [ -74.0943144, 4.9011342 ], [ -74.0941663, 4.9005862 ], [ -74.0950125, 4.9001015 ], [ -74.095774, 4.8995535 ], [ -74.0965355, 4.8989634 ], [ -74.0977412, 4.8973405 ], [ -74.0917972, 4.8938208 ], [ -74.0913318, 4.8939262 ], [ -74.0907818, 4.8942634 ], [ -74.0881799, 4.8946849 ], [ -74.0851762, 4.8945374 ], [ -74.0850281, 4.8949379 ], [ -74.084182, 4.8948535 ], [ -74.0841185, 4.8898163 ], [ -74.0842031, 4.8890997 ], [ -74.0842877, 4.888067 ], [ -74.0847742, 4.8876876 ], [ -74.0848271, 4.8874031 ], [ -74.0849964, 4.8871185 ], [ -74.0852185, 4.8864336 ], [ -74.0848483, 4.8853376 ], [ -74.0850069, 4.8853903 ], [ -74.085779, 4.8852849 ], [ -74.0861175, 4.885032 ], [ -74.0861281, 4.8847158 ], [ -74.0860434, 4.8843681 ], [ -74.0858636, 4.8841573 ], [ -74.0852608, 4.8837358 ], [ -74.0850069, 4.8835461 ], [ -74.084605, 4.8830297 ], [ -74.0849435, 4.8827346 ], [ -74.0854088, 4.8823131 ], [ -74.0860434, 4.8815965 ], [ -74.086255, 4.8816808 ], [ -74.0866357, 4.8823974 ], [ -74.0870588, 4.8825239 ], [ -74.087228, 4.8823131 ], [ -74.087355, 4.8817651 ], [ -74.0872703, 4.8812171 ], [ -74.0865934, 4.8802476 ], [ -74.0858319, 4.8796574 ], [ -74.0857896, 4.8791095 ], [ -74.0861281, 4.8790251 ], [ -74.0864242, 4.8790251 ], [ -74.0874396, 4.8788565 ], [ -74.0879472, 4.8783085 ], [ -74.088878, 4.8778449 ], [ -74.0889202, 4.8783287 ], [ -74.0889626, 4.8788144 ], [ -74.0887934, 4.8799525 ], [ -74.0880319, 4.8805427 ], [ -74.087778, 4.8810064 ], [ -74.088328, 4.8812593 ], [ -74.0884972, 4.8819337 ], [ -74.0884972, 4.8823974 ], [ -74.088878, 4.8830297 ], [ -74.089428, 4.8833669 ], [ -74.0899357, 4.8831983 ], [ -74.0903587, 4.8826925 ], [ -74.0904433, 4.8822709 ], [ -74.0901472, 4.8818073 ], [ -74.090528, 4.8812593 ], [ -74.0908241, 4.88147 ], [ -74.0921779, 4.8819759 ], [ -74.0929394, 4.8821023 ], [ -74.0936163, 4.8820602 ], [ -74.094124, 4.8825239 ], [ -74.0950125, 4.8825239 ], [ -74.095224, 4.8821445 ], [ -74.0953932, 4.8813436 ], [ -74.0956047, 4.8810485 ], [ -74.0956894, 4.8803319 ], [ -74.0956894, 4.8802897 ], [ -74.0951817, 4.8802054 ], [ -74.0946317, 4.8801211 ], [ -74.0939125, 4.8797839 ], [ -74.0933625, 4.8794045 ], [ -74.0934048, 4.8790673 ], [ -74.0938702, 4.8791095 ], [ -74.0943779, 4.8791938 ], [ -74.0949278, 4.8791938 ], [ -74.0959432, 4.8792359 ], [ -74.0970855, 4.8794045 ], [ -74.0981855, 4.8797418 ], [ -74.0987354, 4.8801633 ], [ -74.0994123, 4.8802054 ], [ -74.0994547, 4.8800368 ], [ -74.0997931, 4.879531 ], [ -74.1001316, 4.8791095 ], [ -74.1004277, 4.878983 ], [ -74.1007662, 4.8791516 ], [ -74.1012315, 4.8793624 ], [ -74.1019507, 4.8798682 ], [ -74.1025007, 4.8801211 ], [ -74.1031776, 4.8804584 ], [ -74.103643, 4.8807956 ], [ -74.1044468, 4.8812593 ], [ -74.1060122, 4.8821023 ], [ -74.1071968, 4.8828189 ], [ -74.1080852, 4.8829876 ], [ -74.1080852, 4.8822288 ], [ -74.1084237, 4.8813014 ], [ -74.1085929, 4.8809642 ], [ -74.1087621, 4.8808377 ], [ -74.1097352, 4.8802897 ], [ -74.1102852, 4.8798261 ], [ -74.1113428, 4.8792359 ], [ -74.1120197, 4.8787722 ], [ -74.1125697, 4.877887 ], [ -74.1128236, 4.8772126 ], [ -74.1129928, 4.8770018 ], [ -74.1135005, 4.8764538 ], [ -74.1141774, 4.8754 ], [ -74.1151081, 4.8743461 ], [ -74.1160106, 4.8736585 ], [ -74.1165465, 4.8732501 ], [ -74.1165042, 4.87266 ], [ -74.116335, 4.871859 ], [ -74.1159966, 4.8712267 ], [ -74.1154043, 4.8703837 ], [ -74.1150658, 4.8700043 ], [ -74.114685, 4.8697935 ], [ -74.1141351, 4.8702572 ], [ -74.1136129, 4.8705173 ], [ -74.1135428, 4.8705523 ], [ -74.1126966, 4.8707209 ], [ -74.1121043, 4.8701729 ], [ -74.1113851, 4.8689083 ], [ -74.1114274, 4.868571 ], [ -74.111089, 4.8681495 ], [ -74.1104967, 4.8677701 ], [ -74.1095659, 4.8672643 ], [ -74.1086775, 4.8666319 ], [ -74.1079583, 4.8661683 ], [ -74.1077891, 4.8653673 ], [ -74.1078737, 4.8644399 ], [ -74.107916, 4.8642713 ], [ -74.108466, 4.8633861 ], [ -74.1093121, 4.8627116 ], [ -74.1101159, 4.8621636 ], [ -74.1111736, 4.8612362 ], [ -74.1123582, 4.8601402 ], [ -74.1129082, 4.85955 ], [ -74.113162, 4.8587912 ], [ -74.113162, 4.8583697 ], [ -74.1134582, 4.8575266 ], [ -74.1136697, 4.8569786 ], [ -74.114262, 4.8561776 ], [ -74.1147697, 4.8561355 ], [ -74.1153196, 4.8569364 ], [ -74.1159119, 4.8576531 ], [ -74.1163773, 4.8583275 ], [ -74.1170542, 4.8584962 ], [ -74.1176042, 4.8583697 ], [ -74.1182388, 4.8586648 ], [ -74.1187042, 4.8592128 ], [ -74.1191696, 4.8598029 ], [ -74.1204388, 4.860899 ], [ -74.1212426, 4.8605617 ], [ -74.1212849, 4.8600137 ], [ -74.1213695, 4.858454 ], [ -74.121031, 4.8577374 ], [ -74.1206926, 4.8573158 ], [ -74.1210734, 4.8570207 ], [ -74.1211157, 4.8566835 ], [ -74.1212426, 4.8563884 ], [ -74.1215387, 4.8561355 ], [ -74.1225118, 4.8563463 ], [ -74.1234848, 4.8567257 ], [ -74.1250502, 4.8574844 ], [ -74.1258963, 4.8582011 ], [ -74.1270809, 4.8588755 ], [ -74.1285193, 4.8599294 ], [ -74.1286039, 4.8592128 ], [ -74.1286462, 4.8582432 ], [ -74.1287309, 4.8575266 ], [ -74.1289001, 4.856262 ], [ -74.1291962, 4.8558404 ], [ -74.1303385, 4.8536484 ], [ -74.1305077, 4.8536484 ], [ -74.1315654, 4.8529739 ], [ -74.1320731, 4.8526788 ], [ -74.1322423, 4.8517514 ], [ -74.1322, 4.8506975 ], [ -74.1318615, 4.850571 ], [ -74.1311, 4.8502759 ], [ -74.1298731, 4.8496858 ], [ -74.1287732, 4.8491378 ], [ -74.1278847, 4.8485476 ], [ -74.1266155, 4.8479574 ], [ -74.1254732, 4.8471143 ], [ -74.1245002, 4.8463134 ], [ -74.1231887, 4.8457232 ], [ -74.1223849, 4.8452595 ], [ -74.1212426, 4.8445007 ], [ -74.1201849, 4.8439948 ], [ -74.1181965, 4.8430252 ], [ -74.1155523, 4.8417395 ], [ -74.1167369, 4.8403483 ], [ -74.1175831, 4.8396317 ], [ -74.118683, 4.8387043 ], [ -74.1191484, 4.8382827 ], [ -74.1199945, 4.8374817 ], [ -74.1208407, 4.8363014 ], [ -74.1210522, 4.8357533 ], [ -74.1217714, 4.8349524 ], [ -74.1223637, 4.8341514 ], [ -74.1242675, 4.8319593 ], [ -74.1251983, 4.8306946 ], [ -74.1256213, 4.8298515 ], [ -74.1260867, 4.8292191 ], [ -74.1267636, 4.8277015 ], [ -74.1267636, 4.8266897 ], [ -74.1271444, 4.8258044 ], [ -74.1275674, 4.825425 ], [ -74.1277555, 4.8252377 ], [ -74.1282443, 4.8247505 ], [ -74.1291751, 4.8235701 ], [ -74.1296828, 4.8230221 ], [ -74.1304443, 4.8218839 ], [ -74.1316289, 4.8201554 ], [ -74.1322635, 4.8189329 ], [ -74.1325808, 4.818427 ], [ -74.1325808, 4.818427 ], [ -74.1326865, 4.8182584 ], [ -74.1328981, 4.8165299 ], [ -74.1328558, 4.8153917 ], [ -74.1329404, 4.8148436 ], [ -74.133448, 4.8142956 ], [ -74.1340403, 4.8136211 ], [ -74.1359864, 4.8119769 ], [ -74.1369595, 4.8108808 ], [ -74.1386941, 4.8094053 ], [ -74.140471, 4.8074239 ], [ -74.1418248, 4.8062435 ], [ -74.1427555, 4.8052738 ], [ -74.1445747, 4.8040512 ], [ -74.1472823, 4.8015639 ], [ -74.1487207, 4.7998354 ], [ -74.1491861, 4.7989079 ], [ -74.1497784, 4.7975589 ], [ -74.1506245, 4.7953245 ], [ -74.1517668, 4.7934273 ], [ -74.1537552, 4.7903076 ], [ -74.1559129, 4.7868506 ], [ -74.1568436, 4.7845318 ], [ -74.1570552, 4.782719 ], [ -74.1577321, 4.7818336 ], [ -74.1595936, 4.7798521 ], [ -74.1605666, 4.7781657 ], [ -74.1612435, 4.776395 ], [ -74.1608628, 4.7756361 ], [ -74.1595089, 4.7735703 ], [ -74.1582821, 4.7716731 ], [ -74.1537129, 4.7642529 ], [ -74.1530783, 4.7631989 ], [ -74.1538081, 4.7622819 ], [ -74.1611483, 4.7679103 ], [ -74.1632637, 4.7691751 ], [ -74.1684039, 4.7733701 ], [ -74.1736711, 4.7774174 ], [ -74.1770345, 4.7798837 ], [ -74.1848612, 4.7861444 ], [ -74.1888803, 4.7894539 ], [ -74.1953109, 4.7940913 ], [ -74.1978705, 4.796136 ], [ -74.1987941, 4.7968801 ], [ -74.1980715, 4.79758 ], [ -74.2014104, 4.8003124 ], [ -74.2012233, 4.8005521 ], [ -74.2010118, 4.8009948 ], [ -74.2007791, 4.8015218 ], [ -74.2001022, 4.8030395 ], [ -74.1994041, 4.8049787 ], [ -74.1987484, 4.8069601 ], [ -74.1983888, 4.8077822 ], [ -74.1983465, 4.8084989 ], [ -74.1982105, 4.8090247 ], [ -74.1927831, 4.8052211 ], [ -74.1909428, 4.8072447 ], [ -74.1938619, 4.809205 ], [ -74.1954061, 4.8082565 ], [ -74.1979092, 4.8101893 ], [ -74.1978176, 4.8105436 ], [ -74.1977753, 4.8108176 ], [ -74.1977971, 4.8110345 ], [ -74.1977775, 4.8112626 ], [ -74.1977472, 4.8114033 ], [ -74.1976614, 4.8117049 ], [ -74.1974395, 4.8120467 ], [ -74.1971217, 4.8123282 ], [ -74.1968644, 4.8124539 ], [ -74.196703, 4.8126348 ], [ -74.1965416, 4.8129163 ], [ -74.1965012, 4.8130671 ], [ -74.1964811, 4.8131576 ], [ -74.1964205, 4.8134089 ], [ -74.1963802, 4.81362 ], [ -74.1963297, 4.8139518 ], [ -74.1963096, 4.8140624 ], [ -74.1963391, 4.8142096 ], [ -74.1959773, 4.8146328 ], [ -74.1945177, 4.8155181 ], [ -74.1937139, 4.8161716 ], [ -74.1931004, 4.8166985 ], [ -74.192762, 4.8173941 ], [ -74.1928466, 4.8180265 ], [ -74.1930325, 4.8188347 ], [ -74.1928719, 4.8191995 ], [ -74.1927003, 4.8195513 ], [ -74.1925541, 4.8198077 ], [ -74.1923422, 4.8201897 ], [ -74.1921303, 4.8205616 ], [ -74.1920042, 4.820813 ], [ -74.1918176, 4.8213508 ], [ -74.1917772, 4.8215921 ], [ -74.1917772, 4.8220897 ], [ -74.1914695, 4.8227582 ], [ -74.1912375, 4.8232357 ], [ -74.1907431, 4.82404 ], [ -74.1906978, 4.8247185 ], [ -74.190274, 4.8262365 ], [ -74.1897192, 4.8274127 ], [ -74.1894568, 4.8277243 ], [ -74.1893257, 4.8278751 ], [ -74.1889171, 4.8288955 ], [ -74.1883269, 4.8303431 ], [ -74.1880343, 4.8307251 ], [ -74.1877115, 4.8310066 ], [ -74.1873887, 4.8313987 ], [ -74.1871718, 4.8317304 ], [ -74.186743, 4.8319365 ], [ -74.1865614, 4.832042 ], [ -74.1864504, 4.8325145 ], [ -74.186289, 4.8330674 ], [ -74.1861881, 4.8337611 ], [ -74.1859258, 4.8346558 ], [ -74.1856332, 4.8351483 ], [ -74.18526, 4.8354499 ], [ -74.1851515, 4.8357766 ], [ -74.184985, 4.8359928 ], [ -74.1849296, 4.8361938 ], [ -74.1847858, 4.8368422 ], [ -74.1847694, 4.8369641 ], [ -74.1835391, 4.8377768 ], [ -74.1827776, 4.8384302 ], [ -74.1837797, 4.8398008 ], [ -74.1837719, 4.8398229 ], [ -74.1830657, 4.840044 ], [ -74.1826319, 4.839843 ], [ -74.1821274, 4.8399636 ], [ -74.1814313, 4.8401747 ], [ -74.1808361, 4.8403557 ], [ -74.1805032, 4.8407075 ], [ -74.1802005, 4.8409488 ], [ -74.1799281, 4.8411699 ], [ -74.1795145, 4.8415419 ], [ -74.1790807, 4.8420546 ], [ -74.1790298, 4.8420808 ], [ -74.1789786, 4.8421062 ], [ -74.1789269, 4.8421308 ], [ -74.1788748, 4.8421545 ], [ -74.1788223, 4.8421773 ], [ -74.1787694, 4.8421992 ], [ -74.1787162, 4.8422203 ], [ -74.1786626, 4.8422404 ], [ -74.1786087, 4.8422596 ], [ -74.1785545, 4.842278 ], [ -74.1784999, 4.8422954 ], [ -74.1784451, 4.8423119 ], [ -74.17839, 4.8423275 ], [ -74.1783347, 4.8423422 ], [ -74.1782791, 4.8423559 ], [ -74.1782233, 4.8423687 ], [ -74.1781673, 4.8423806 ], [ -74.1781111, 4.8423916 ], [ -74.1780547, 4.8424015 ], [ -74.1779982, 4.8424106 ], [ -74.1779415, 4.8424187 ], [ -74.1778847, 4.8424258 ], [ -74.1778278, 4.842432 ], [ -74.1777708, 4.8424373 ], [ -74.1777137, 4.8424416 ], [ -74.1773592, 4.8426069 ], [ -74.1770023, 4.8427671 ], [ -74.176643, 4.8429219 ], [ -74.1762815, 4.8430714 ], [ -74.1759179, 4.8432156 ], [ -74.1758185, 4.8432387 ], [ -74.1757195, 4.8432634 ], [ -74.1756209, 4.8432898 ], [ -74.1755228, 4.8433179 ], [ -74.1754252, 4.8433477 ], [ -74.1753281, 4.8433792 ], [ -74.1752316, 4.8434123 ], [ -74.1751357, 4.8434471 ], [ -74.1750404, 4.8434835 ], [ -74.1749458, 4.8435215 ], [ -74.1748518, 4.8435611 ], [ -74.1747585, 4.8436024 ], [ -74.1746659, 4.8436452 ], [ -74.1745741, 4.8436897 ], [ -74.174483, 4.8437357 ], [ -74.1743928, 4.8437832 ], [ -74.1743034, 4.8438323 ], [ -74.1742149, 4.8438829 ], [ -74.1741272, 4.843935 ], [ -74.1740405, 4.8439886 ], [ -74.1739547, 4.8440437 ], [ -74.1738699, 4.8441003 ], [ -74.1733936, 4.8454196 ], [ -74.1729316, 4.8467441 ], [ -74.1724272, 4.8492472 ], [ -74.1721044, 4.8506445 ], [ -74.171832, 4.8519714 ], [ -74.171832, 4.8519714 ], [ -74.1717008, 4.8526148 ], [ -74.1714688, 4.8540523 ], [ -74.171267, 4.8546956 ], [ -74.1707626, 4.8551178 ], [ -74.1703187, 4.8556506 ], [ -74.169441, 4.8566559 ], [ -74.1694343, 4.8566607 ], [ -74.1694277, 4.8566656 ], [ -74.1694212, 4.8566707 ], [ -74.1694147, 4.8566758 ], [ -74.1694084, 4.8566811 ], [ -74.1694022, 4.8566865 ], [ -74.169396, 4.856692 ], [ -74.16939, 4.8566976 ], [ -74.169384, 4.8567033 ], [ -74.1693782, 4.8567091 ], [ -74.1693724, 4.856715 ], [ -74.1693668, 4.856721 ], [ -74.1693612, 4.8567271 ], [ -74.1693558, 4.8567333 ], [ -74.1693505, 4.8567396 ], [ -74.1693453, 4.8567459 ], [ -74.1693402, 4.8567524 ], [ -74.1693352, 4.856759 ], [ -74.1693303, 4.8567656 ], [ -74.1693256, 4.8567723 ], [ -74.1693209, 4.8567791 ], [ -74.1693164, 4.856786 ], [ -74.169312, 4.856793 ], [ -74.1693077, 4.8568 ], [ -74.1693036, 4.8568071 ], [ -74.1692996, 4.8568143 ], [ -74.1692957, 4.8568215 ], [ -74.1692919, 4.8568289 ], [ -74.1692883, 4.8568362 ], [ -74.1692847, 4.8568437 ], [ -74.1692814, 4.8568512 ], [ -74.1692781, 4.8568587 ], [ -74.169275, 4.8568663 ], [ -74.169272, 4.856874 ], [ -74.1692692, 4.8568817 ], [ -74.1692664, 4.8568895 ], [ -74.1692639, 4.8568973 ], [ -74.1692614, 4.8569052 ], [ -74.1692591, 4.8569131 ], [ -74.1692569, 4.856921 ], [ -74.1692549, 4.856929 ], [ -74.169253, 4.856937 ], [ -74.1692513, 4.856945 ], [ -74.1692497, 4.8569531 ], [ -74.1692482, 4.8569612 ], [ -74.1692469, 4.8569693 ], [ -74.1692457, 4.8569774 ], [ -74.1692446, 4.8569856 ], [ -74.1692437, 4.8569938 ], [ -74.169243, 4.8570019 ], [ -74.1692424, 4.8570101 ], [ -74.1692419, 4.8570184 ], [ -74.1692416, 4.8570266 ], [ -74.1692414, 4.8570348 ], [ -74.1692413, 4.857043 ], [ -74.1692414, 4.8570512 ], [ -74.1692417, 4.8570595 ], [ -74.1692421, 4.8570677 ], [ -74.1692426, 4.8570759 ], [ -74.1692433, 4.8570841 ], [ -74.1692441, 4.8570923 ], [ -74.1692451, 4.8571004 ], [ -74.1692462, 4.8571086 ], [ -74.1692474, 4.8571167 ], [ -74.1692488, 4.8571248 ], [ -74.1692504, 4.8571329 ], [ -74.169252, 4.8571409 ], [ -74.1692538, 4.857149 ], [ -74.1692558, 4.857157 ], [ -74.1692579, 4.8571649 ], [ -74.1692601, 4.8571728 ], [ -74.1692625, 4.8571807 ], [ -74.169265, 4.8571885 ], [ -74.1692676, 4.8571963 ], [ -74.1692704, 4.8572041 ], [ -74.1692733, 4.8572118 ], [ -74.169276, 4.8572185 ], [ -74.1681818, 4.8560828 ], [ -74.1668491, 4.8546706 ], [ -74.1655376, 4.8541858 ], [ -74.1647973, 4.8538907 ], [ -74.1642261, 4.8540383 ], [ -74.1640358, 4.8545652 ], [ -74.1637396, 4.8554083 ], [ -74.1635915, 4.85642 ], [ -74.1629146, 4.8580008 ], [ -74.166617, 4.8619007 ], [ -74.1665953, 4.8619317 ], [ -74.166003, 4.8624798 ], [ -74.1643742, 4.8642608 ], [ -74.1637396, 4.8625746 ], [ -74.1632742, 4.8624481 ], [ -74.1618358, 4.8609306 ], [ -74.158959, 4.8627221 ], [ -74.1607454, 4.8655728 ], [ -74.1606724, 4.8655992 ], [ -74.1601647, 4.8656413 ], [ -74.1599955, 4.8656835 ], [ -74.1596147, 4.8658943 ] ], [ [ -74.1713337, 4.7909084 ], [ -74.1721375, 4.7917094 ], [ -74.1730894, 4.7908662 ], [ -74.1735336, 4.7912035 ], [ -74.1753739, 4.788948 ], [ -74.1743374, 4.7879151 ], [ -74.1713337, 4.7909084 ] ], [ [ -74.1779123, 4.8070972 ], [ -74.1739778, 4.8034083 ], [ -74.1715663, 4.8050525 ], [ -74.1773835, 4.8123247 ], [ -74.1798796, 4.8096477 ], [ -74.1779123, 4.8070972 ] ], [ [ -74.1913235, 4.817215 ], [ -74.1893774, 4.8156762 ], [ -74.1883621, 4.8166248 ], [ -74.190562, 4.8180581 ], [ -74.1913235, 4.817215 ] ], [ [ -74.1648396, 4.8320963 ], [ -74.1658972, 4.8336772 ], [ -74.167378, 4.8334031 ], [ -74.1686472, 4.8330237 ], [ -74.1691972, 4.8323914 ], [ -74.1686049, 4.8297145 ], [ -74.1648396, 4.8320963 ] ], [ [ -74.1506245, 4.8427828 ], [ -74.1526764, 4.84038 ], [ -74.1506457, 4.8389888 ], [ -74.1489534, 4.8415392 ], [ -74.1506245, 4.8427828 ] ], [ [ -74.1431997, 4.8456494 ], [ -74.1448285, 4.8451435 ], [ -74.1471131, 4.8463028 ], [ -74.1475573, 4.8453122 ], [ -74.142544, 4.8421083 ], [ -74.1397729, 4.8397265 ], [ -74.1375095, 4.842825 ], [ -74.1414652, 4.8452279 ], [ -74.1431997, 4.8456494 ] ], [ [ -74.1687741, 4.8448906 ], [ -74.1700645, 4.8468508 ], [ -74.1731951, 4.8438367 ], [ -74.1729836, 4.8434362 ], [ -74.1698952, 4.8398952 ], [ -74.1681395, 4.8418765 ], [ -74.1695991, 4.8437103 ], [ -74.1687741, 4.8448906 ] ], [ [ -74.1539456, 4.856399 ], [ -74.1559129, 4.8588229 ], [ -74.159107, 4.8561671 ], [ -74.1582186, 4.8551554 ], [ -74.1624704, 4.8518462 ], [ -74.1599109, 4.8492958 ], [ -74.1488477, 4.8561671 ], [ -74.1511111, 4.8585278 ], [ -74.1539456, 4.856399 ] ], [ [ -74.1351403, 4.8586542 ], [ -74.1353942, 4.859413 ], [ -74.1358807, 4.8600243 ], [ -74.1379326, 4.8594973 ], [ -74.1390325, 4.8592022 ], [ -74.1401113, 4.8588229 ], [ -74.1391171, 4.8571367 ], [ -74.1388633, 4.8570313 ], [ -74.1384402, 4.8568205 ], [ -74.1376153, 4.8564411 ], [ -74.1374883, 4.8571367 ], [ -74.1365364, 4.8581062 ], [ -74.1351403, 4.8586542 ] ], [ [ -74.1344528, 4.8682127 ], [ -74.1352672, 4.8680125 ], [ -74.1364201, 4.8675172 ], [ -74.137097, 4.8671905 ], [ -74.1370124, 4.8665266 ], [ -74.137721, 4.8655359 ], [ -74.1357009, 4.8641238 ], [ -74.1353518, 4.8649352 ], [ -74.1349605, 4.8654411 ], [ -74.1338288, 4.8659048 ], [ -74.1329404, 4.8661683 ], [ -74.1328346, 4.8661999 ], [ -74.1341884, 4.8682022 ], [ -74.1344528, 4.8682127 ] ] ], [ [ [ -74.1696286, 4.8575845 ], [ -74.16952, 4.8574718 ], [ -74.1695229, 4.8574731 ], [ -74.1695304, 4.8574763 ], [ -74.169538, 4.8574795 ], [ -74.1695457, 4.8574825 ], [ -74.1695535, 4.8574854 ], [ -74.1695612, 4.8574881 ], [ -74.1695691, 4.8574907 ], [ -74.1695769, 4.8574932 ], [ -74.1695848, 4.8574955 ], [ -74.1695928, 4.8574977 ], [ -74.1696008, 4.8574998 ], [ -74.1696088, 4.8575017 ], [ -74.1696169, 4.8575035 ], [ -74.169625, 4.8575052 ], [ -74.1696331, 4.8575067 ], [ -74.1696412, 4.857508 ], [ -74.1696494, 4.8575092 ], [ -74.1696576, 4.8575103 ], [ -74.1696658, 4.8575113 ], [ -74.169674, 4.8575121 ], [ -74.1696789, 4.8575124 ], [ -74.1696286, 4.8575845 ] ] ] ] } },
{ "type": "Feature", "properties": { "id": 0, "layer": "TENJO — ZONAS_AGROPECUARIA_INTENSIVA_POT_2000", "clas_CIAF": "2b" }, "geometry": { "type": "Polygon", "coordinates": [ [ [ -74.1283289, 4.8848739 ], [ -74.1297251, 4.8847053 ], [ -74.1293866, 4.8855062 ], [ -74.1288789, 4.8863071 ], [ -74.1282443, 4.8866443 ], [ -74.1278213, 4.8859699 ], [ -74.1274828, 4.8853376 ], [ -74.1283289, 4.8848739 ] ] ] } },
{ "type": "Feature", "properties": { "id": 0, "layer": "TENJO — ZONAS_AGROPECUARIA_INTENSIVA_POT_2000", "clas_CIAF": "2b" }, "geometry": { "type": "Polygon", "coordinates": [ [ [ -74.124606, 4.884621 ], [ -74.1255367, 4.8859699 ], [ -74.1261713, 4.8866022 ], [ -74.1262982, 4.8868972 ], [ -74.1271021, 4.8864757 ], [ -74.127652, 4.8866443 ], [ -74.1275251, 4.8876981 ], [ -74.1271444, 4.8884147 ], [ -74.1262559, 4.8893 ], [ -74.1257482, 4.8894686 ], [ -74.1254098, 4.889595 ], [ -74.125029, 4.8905224 ], [ -74.1243521, 4.8912811 ], [ -74.1239291, 4.8918713 ], [ -74.1233791, 4.8922085 ], [ -74.1226599, 4.8914076 ], [ -74.122406, 4.8908174 ], [ -74.1223214, 4.8900165 ], [ -74.1235906, 4.8898901 ], [ -74.1238444, 4.8898901 ], [ -74.1240137, 4.8898901 ], [ -74.1250713, 4.8895529 ], [ -74.1252406, 4.8890049 ], [ -74.1247329, 4.8884569 ], [ -74.1241406, 4.8867286 ], [ -74.1238867, 4.8862649 ], [ -74.1241829, 4.8855483 ], [ -74.124606, 4.884621 ] ] ] } },
{ "type": "Feature", "properties": { "id": 0, "layer": "TENJO — ZONAS_AGROPECUARIA_INTENSIVA_POT_2000", "clas_CIAF": "2b" }, "geometry": { "type": "Polygon", "coordinates": [ [ [ -74.1187888, 4.8920609 ], [ -74.1188523, 4.8929672 ], [ -74.1180907, 4.8929883 ], [ -74.1175196, 4.8925246 ], [ -74.1175831, 4.8917448 ], [ -74.1176677, 4.8914919 ], [ -74.1187888, 4.8920609 ] ] ] } },
{ "type": "Feature", "properties": { "id": 0, "layer": "TENJO — ZONAS_AGROPECUARIA_INTENSIVA_POT_2000", "clas_CIAF": "2b" }, "geometry": { "type": "Polygon", "coordinates": [ [ [ -74.1136062, 4.8997537 ], [ -74.1136062, 4.8989107 ], [ -74.113437, 4.8980255 ], [ -74.113437, 4.8968452 ], [ -74.1144947, 4.8954542 ], [ -74.1152139, 4.8949905 ], [ -74.11606, 4.8946955 ], [ -74.11661, 4.8946955 ], [ -74.1181753, 4.8941053 ], [ -74.1186619, 4.8943372 ], [ -74.1190003, 4.8950748 ], [ -74.1193176, 4.8953278 ], [ -74.1199311, 4.8960233 ], [ -74.1201849, 4.8956018 ], [ -74.1201638, 4.8950538 ], [ -74.1198694, 4.8943438 ], [ -74.1205128, 4.8938208 ], [ -74.1213166, 4.8932728 ], [ -74.1222685, 4.8929883 ], [ -74.1229772, 4.894021 ], [ -74.1223743, 4.8948957 ], [ -74.1218878, 4.8952961 ], [ -74.1214858, 4.8954858 ], [ -74.1206926, 4.8963289 ], [ -74.1202061, 4.8968979 ], [ -74.1202061, 4.8977199 ], [ -74.1199945, 4.8983522 ], [ -74.1190003, 4.8992795 ], [ -74.1185561, 4.8996589 ], [ -74.1179004, 4.9003544 ], [ -74.1173715, 4.900797 ], [ -74.1168427, 4.9011131 ], [ -74.116335, 4.9014293 ], [ -74.1160177, 4.9019773 ], [ -74.1158908, 4.9022723 ], [ -74.1151081, 4.9015347 ], [ -74.1145793, 4.9010921 ], [ -74.1140716, 4.9007759 ], [ -74.1136908, 4.9006389 ], [ -74.1136062, 4.8997537 ] ] ] } },
{ "type": "Feature", "properties": { "id": 0, "layer": "TENJO — ZONAS_AGROPECUARIA_INTENSIVA_POT_2000", "clas_CIAF": "2b" }, "geometry": { "type": "Polygon", "coordinates": [ [ [ -74.1533745, 4.8759269 ], [ -74.1529514, 4.8775287 ], [ -74.1512168, 4.8776973 ], [ -74.1504553, 4.8772969 ], [ -74.1502438, 4.8768964 ], [ -74.1507303, 4.8758426 ], [ -74.1508995, 4.8755896 ], [ -74.1533745, 4.8759269 ] ] ] } },
{ "type": "Feature", "properties": { "id": 0, "layer": "TENJO — ZONAS_DE_VIVIENDA_CAMPESTRE", "clas_CIAF": "1b" }, "geometry": { "type": "MultiPolygon", "coordinates": [ [ [ [ -74.1201849, 4.8439948 ], [ -74.1212426, 4.8445007 ], [ -74.1223849, 4.8452595 ], [ -74.1231887, 4.8457232 ], [ -74.1245002, 4.8463134 ], [ -74.1254732, 4.8471143 ], [ -74.1266155, 4.8479574 ], [ -74.1278847, 4.8485476 ], [ -74.1287732, 4.8491378 ], [ -74.1298731, 4.8496858 ], [ -74.1311, 4.8502759 ], [ -74.1318615, 4.850571 ], [ -74.1322, 4.8506975 ], [ -74.1322423, 4.8517514 ], [ -74.1320731, 4.8526788 ], [ -74.1315654, 4.8529739 ], [ -74.1305077, 4.8536484 ], [ -74.1303385, 4.8536484 ], [ -74.1291962, 4.8558404 ], [ -74.1289001, 4.856262 ], [ -74.1287309, 4.8575266 ], [ -74.1286462, 4.8582432 ], [ -74.1286039, 4.8592128 ], [ -74.1285193, 4.8599294 ], [ -74.1270809, 4.8588755 ], [ -74.1258963, 4.8582011 ], [ -74.1250502, 4.8574844 ], [ -74.1234848, 4.8567257 ], [ -74.1225118, 4.8563463 ], [ -74.1215387, 4.8561355 ], [ -74.1212426, 4.8563884 ], [ -74.1211157, 4.8566835 ], [ -74.1210734, 4.8570207 ], [ -74.1206926, 4.8573158 ], [ -74.121031, 4.8577374 ], [ -74.1213695, 4.858454 ], [ -74.1212849, 4.8600137 ], [ -74.1212426, 4.8605617 ], [ -74.1204388, 4.860899 ], [ -74.1191696, 4.8598029 ], [ -74.1187042, 4.8592128 ], [ -74.1182388, 4.8586648 ], [ -74.1176042, 4.8583697 ], [ -74.1170542, 4.8584962 ], [ -74.1163773, 4.8583275 ], [ -74.1159119, 4.8576531 ], [ -74.1153196, 4.8569364 ], [ -74.1147697, 4.8561355 ], [ -74.114262, 4.8561776 ], [ -74.1136697, 4.8569786 ], [ -74.1134582, 4.8575266 ], [ -74.113162, 4.8583697 ], [ -74.113162, 4.8587912 ], [ -74.1129082, 4.85955 ], [ -74.1123582, 4.8601402 ], [ -74.1111736, 4.8612362 ], [ -74.1101159, 4.8621636 ], [ -74.1093121, 4.8627116 ], [ -74.108466, 4.8633861 ], [ -74.107916, 4.8642713 ], [ -74.1078737, 4.8644399 ], [ -74.1077891, 4.8653673 ], [ -74.1079583, 4.8661683 ], [ -74.1086775, 4.8666319 ], [ -74.1095659, 4.8672643 ], [ -74.1104967, 4.8677701 ], [ -74.111089, 4.8681495 ], [ -74.1114274, 4.868571 ], [ -74.1113851, 4.8689083 ], [ -74.1121043, 4.8701729 ], [ -74.1126966, 4.8707209 ], [ -74.1135428, 4.8705523 ], [ -74.1136129, 4.8705173 ], [ -74.1160106, 4.8736585 ], [ -74.1151081, 4.8743461 ], [ -74.1141774, 4.8754 ], [ -74.1135005, 4.8764538 ], [ -74.1129928, 4.8770018 ], [ -74.1128236, 4.8772126 ], [ -74.1125697, 4.877887 ], [ -74.1120197, 4.8787722 ], [ -74.1113428, 4.8792359 ], [ -74.1102852, 4.8798261 ], [ -74.1097352, 4.8802897 ], [ -74.1087621, 4.8808377 ], [ -74.1085929, 4.8809642 ], [ -74.1084237, 4.8813014 ], [ -74.1080852, 4.8822288 ], [ -74.1080852, 4.8829876 ], [ -74.1071968, 4.8828189 ], [ -74.1060122, 4.8821023 ], [ -74.1044468, 4.8812593 ], [ -74.103643, 4.8807956 ], [ -74.1031776, 4.8804584 ], [ -74.1025007, 4.8801211 ], [ -74.1019507, 4.8798682 ], [ -74.1012315, 4.8793624 ], [ -74.1007662, 4.8791516 ], [ -74.1004277, 4.878983 ], [ -74.1001316, 4.8791095 ], [ -74.0997931, 4.879531 ], [ -74.0994547, 4.8800368 ], [ -74.0994123, 4.8802054 ], [ -74.0987354, 4.8801633 ], [ -74.0981855, 4.8797418 ], [ -74.0970855, 4.8794045 ], [ -74.0959432, 4.8792359 ], [ -74.0949278, 4.8791938 ], [ -74.0943779, 4.8791938 ], [ -74.0938702, 4.8791095 ], [ -74.0934048, 4.8790673 ], [ -74.0904856, 4.8784982 ], [ -74.0891179, 4.8783501 ], [ -74.0889202, 4.8783287 ], [ -74.088878, 4.8778449 ], [ -74.0895972, 4.8774022 ], [ -74.0895126, 4.8768964 ], [ -74.0890472, 4.8765592 ], [ -74.0892588, 4.8758004 ], [ -74.089978, 4.8752103 ], [ -74.0898087, 4.874578 ], [ -74.0901049, 4.8739457 ], [ -74.0903587, 4.8733555 ], [ -74.090401, 4.8733133 ], [ -74.090126, 4.872797 ], [ -74.0895126, 4.8723543 ], [ -74.0891459, 4.8721911 ], [ -74.0890155, 4.872133 ], [ -74.0890578, 4.8714059 ], [ -74.0897347, 4.8708157 ], [ -74.0905808, 4.8701413 ], [ -74.0914693, 4.8693825 ], [ -74.0919346, 4.8690453 ], [ -74.091427, 4.8685394 ], [ -74.0910885, 4.8682022 ], [ -74.0914693, 4.8679071 ], [ -74.0926116, 4.867612 ], [ -74.0924, 4.8669376 ], [ -74.0910885, 4.8668954 ], [ -74.0908347, 4.8668954 ], [ -74.0906231, 4.866769 ], [ -74.0906231, 4.866516 ], [ -74.0907501, 4.8662209 ], [ -74.091427, 4.8661366 ], [ -74.0919346, 4.86542 ], [ -74.0923154, 4.8647034 ], [ -74.0923577, 4.8642397 ], [ -74.0926962, 4.8637338 ], [ -74.0927808, 4.8632701 ], [ -74.0932038, 4.8628486 ], [ -74.0933308, 4.8628486 ], [ -74.0935, 4.8624692 ], [ -74.0941346, 4.8618369 ], [ -74.0946423, 4.8618791 ], [ -74.0948961, 4.8614154 ], [ -74.0946423, 4.8609095 ], [ -74.0948961, 4.8593498 ], [ -74.0952346, 4.8592233 ], [ -74.0961653, 4.8584645 ], [ -74.0965461, 4.8582538 ], [ -74.0966114, 4.8581842 ], [ -74.096673, 4.8584224 ], [ -74.0973922, 4.8593498 ], [ -74.0978576, 4.8588018 ], [ -74.0994229, 4.8570313 ], [ -74.0996345, 4.8562303 ], [ -74.0998037, 4.8558509 ], [ -74.0998345, 4.855391 ], [ -74.099846, 4.8552186 ], [ -74.0997799, 4.8551363 ], [ -74.0996768, 4.8550078 ], [ -74.0993806, 4.8545863 ], [ -74.0997614, 4.85505 ], [ -74.1007344, 4.8547128 ], [ -74.1015806, 4.8535746 ], [ -74.1023421, 4.8528579 ], [ -74.1029344, 4.8518462 ], [ -74.103019, 4.8517619 ], [ -74.1036959, 4.8510874 ], [ -74.1039497, 4.8506659 ], [ -74.1043305, 4.8502443 ], [ -74.1049228, 4.8499071 ], [ -74.1054305, 4.8494855 ], [ -74.1059381, 4.8488532 ], [ -74.1062343, 4.848516 ], [ -74.1071227, 4.8478836 ], [ -74.1075881, 4.8470405 ], [ -74.1080535, 4.8464504 ], [ -74.1083496, 4.8462817 ], [ -74.1087304, 4.8464504 ], [ -74.1091111, 4.8471248 ], [ -74.1099573, 4.8470405 ], [ -74.1105496, 4.8462396 ], [ -74.1116919, 4.8453965 ], [ -74.111438, 4.8450171 ], [ -74.1112688, 4.8449328 ], [ -74.1105919, 4.8445955 ], [ -74.109915, 4.8446377 ], [ -74.109365, 4.8448063 ], [ -74.1094073, 4.8443426 ], [ -74.1109726, 4.8432044 ], [ -74.1116495, 4.8426142 ], [ -74.1129187, 4.8414338 ], [ -74.1138072, 4.8410966 ], [ -74.1138848, 4.8410676 ], [ -74.1155523, 4.8417395 ], [ -74.1181965, 4.8430252 ], [ -74.1201849, 4.8439948 ] ] ] ] } }
]
}
